run,round,node_id,scheme,keygen_time,sign_time,verify_time,train_time,train_loss,payload_size,sig_size,pubkey_size,sig_valid,has_nan
1,1,4210776800822515157,Falcon-padded-512,0.0097942219581455,0.0004714361857622862,9.240582585334778e-05,11.238621081924066,2.0277708199373476,2482153.0,666.0,897.0,True,False
1,1,1834824952048584674,Falcon-padded-512,0.007443859940394759,0.0008923329878598452,5.808193236589432e-05,11.328455714974552,2.0093023594777297,2482153.0,666.0,897.0,True,False
1,1,2127748141961656475,Falcon-padded-512,0.007633874891325831,0.0004293760284781456,5.7236989960074425e-05,11.511228408897296,1.9586738105032855,2482153.0,666.0,897.0,True,False
1,1,8135458050705910465,Falcon-padded-512,0.007014029193669558,0.0004932039882987738,5.790707655251026e-05,11.504059948958457,2.058623083837473,2482153.0,666.0,897.0,True,False
1,1,15903883051046035244,Falcon-padded-512,0.011939597083255649,0.0005384960677474737,7.784715853631496e-05,11.285391482990235,2.092803584542244,2482153.0,666.0,897.0,True,False
1,1,4458864476935894716,Falcon-padded-512,0.01088605704717338,0.00048179784789681435,6.190501153469086e-05,11.273073695832863,2.069265321561485,2482153.0,666.0,897.0,True,False
1,1,5515126297566216804,Falcon-padded-512,0.007703749928623438,0.0004018191248178482,5.7369936257600784e-05,11.106081334874034,2.123507851248334,2482153.0,666.0,897.0,True,False
1,1,1968686568235824001,Falcon-padded-512,0.007541550090536475,0.00034579401835799217,6.7105982452631e-05,11.170238205930218,2.0010566605124502,2482153.0,666.0,897.0,True,False
1,1,17690085730522616671,Falcon-padded-512,0.005999139975756407,0.00035333517007529736,7.578381337225437e-05,6.462524792877957,2.0319199789861204,2482153.0,666.0,897.0,True,False
1,1,14888651365100826174,Falcon-padded-512,0.008005713112652302,0.00033868802711367607,5.549495108425617e-05,6.4199408541899174,2.0943100976336533,2482153.0,666.0,897.0,True,False
1,2,1834824952048584674,Falcon-padded-512,0.014641525922343135,0.0006347978487610817,7.906509563326836e-05,11.250087735941634,1.8285078098819514,2482153.0,666.0,897.0,True,False
1,2,8135458050705910465,Falcon-padded-512,0.006536907982081175,0.0005049640312790871,9.56379808485508e-05,11.448187409900129,1.8109020723658762,2482153.0,666.0,897.0,True,False
1,2,2127748141961656475,Falcon-padded-512,0.012239935109391809,0.00037511694245040417,5.670590326189995e-05,11.552798470016569,1.8065822337083757,2482153.0,666.0,897.0,True,False
1,2,4210776800822515157,Falcon-padded-512,0.006292809033766389,0.000496195163577795,5.66970556974411e-05,11.649533526040614,1.7987596624216455,2482153.0,666.0,897.0,True,False
1,2,1968686568235824001,Falcon-padded-512,0.009293318027630448,0.0005238039884716272,5.6277960538864136e-05,11.617591855116189,1.8245114748644982,2482153.0,666.0,897.0,True,False
1,2,5515126297566216804,Falcon-padded-512,0.012148237088695168,0.0006946618668735027,6.029615178704262e-05,11.667465439997613,1.8539471444050977,2482153.0,666.0,897.0,True,False
1,2,4458864476935894716,Falcon-padded-512,0.008940332103520632,0.0004813459236174822,7.608509622514248e-05,11.756416029063985,1.8146248979932944,2482153.0,666.0,897.0,True,False
1,2,15903883051046035244,Falcon-padded-512,0.008711772039532661,0.00034133391454815865,5.748705007135868e-05,12.06263995799236,1.8300631114631702,2482153.0,666.0,897.0,True,False
1,2,14888651365100826174,Falcon-padded-512,0.007274044910445809,0.00036446796730160713,5.875411443412304e-05,6.212699707131833,1.8122013746553165,2482153.0,666.0,897.0,True,False
1,2,17690085730522616671,Falcon-padded-512,0.006068414077162743,0.0003212739247828722,7.289089262485504e-05,6.471438289154321,1.7742966534985098,2482153.0,666.0,897.0,True,False
1,3,4210776800822515157,Falcon-padded-512,0.01152168307453394,0.0005789760034531355,8.269399404525757e-05,11.256155308103189,1.668272215849275,2482153.0,666.0,897.0,True,False
1,3,2127748141961656475,Falcon-padded-512,0.013282541884109378,0.0005026410799473524,6.007589399814606e-05,11.217147169169039,1.6397756429234887,2482153.0,666.0,897.0,True,False
1,3,1834824952048584674,Falcon-padded-512,0.006095868069678545,0.0003694109618663788,6.0437945649027824e-05,11.329259006073698,1.6622346206835121,2482153.0,666.0,897.0,True,False
1,3,8135458050705910465,Falcon-padded-512,0.011090375948697329,0.0005088679026812315,5.6821852922439575e-05,11.499815752031282,1.6894715477706521,2482153.0,666.0,897.0,True,False
1,3,4458864476935894716,Falcon-padded-512,0.011501125991344452,0.0004410659894347191,5.712010897696018e-05,11.117163304938003,1.6586450968578363,2482153.0,666.0,897.0,True,False
1,3,15903883051046035244,Falcon-padded-512,0.012305574957281351,0.0005363521631807089,5.859392695128918e-05,11.180034107062966,1.6907973593207681,2482153.0,666.0,897.0,True,False
1,3,5515126297566216804,Falcon-padded-512,0.009136420907452703,0.0005455140490084887,0.00011384207755327225,11.25833739200607,1.681656864797993,2482153.0,666.0,897.0,True,False
1,3,1968686568235824001,Falcon-padded-512,0.0061634068842977285,0.00039627705700695515,5.7030003517866135e-05,11.272867960156873,1.6447982522332745,2482153.0,666.0,897.0,True,False
1,3,17690085730522616671,Falcon-padded-512,0.008408494992181659,0.00041176495142281055,5.6871213018894196e-05,6.465709304902703,1.6166024701610493,2482153.0,666.0,897.0,True,False
1,3,14888651365100826174,Falcon-padded-512,0.007630410837009549,0.000344322994351387,5.693407729268074e-05,6.524611643049866,1.6439148385053988,2482153.0,666.0,897.0,True,False
1,4,1834824952048584674,Falcon-padded-512,0.008647163165733218,0.0005479429382830858,7.733097299933434e-05,11.509474961087108,1.5442765943563668,2482153.0,666.0,897.0,True,False
1,4,4210776800822515157,Falcon-padded-512,0.008555557811632752,0.0005212950054556131,5.641602911055088e-05,11.740643674042076,1.5443314093693046,2482153.0,666.0,897.0,True,False
1,4,8135458050705910465,Falcon-padded-512,0.008453499060124159,0.0005138968117535114,7.90259800851345e-05,11.81735402205959,1.5526514152053055,2482153.0,666.0,897.0,True,False
1,4,2127748141961656475,Falcon-padded-512,0.01943245786242187,0.0005235439166426659,5.687889643013477e-05,11.879893164150417,1.5372232069635088,2482153.0,666.0,897.0,True,False
1,4,15903883051046035244,Falcon-padded-512,0.010356149869039655,0.0006561540067195892,5.746097303926945e-05,11.103714509867132,1.551785809978558,2482153.0,666.0,897.0,True,False
1,4,4458864476935894716,Falcon-padded-512,0.008075993042439222,0.00042102509178221226,5.839811637997627e-05,11.280759389977902,1.5289768588011432,2482153.0,666.0,897.0,True,False
1,4,5515126297566216804,Falcon-padded-512,0.011644194833934307,0.00040129898115992546,8.327211253345013e-05,11.076596290105954,1.5315458402512179,2482153.0,666.0,897.0,True,False
1,4,1968686568235824001,Falcon-padded-512,0.006448646076023579,0.00033871992491185665,5.7070981711149216e-05,11.217976105865091,1.5549821284166567,2482153.0,666.0,897.0,True,False
1,4,17690085730522616671,Falcon-padded-512,0.006904201116412878,0.0003493230324238539,5.794316530227661e-05,6.209657189901918,1.4921851051840813,2482153.0,666.0,897.0,True,False
1,4,14888651365100826174,Falcon-padded-512,0.006606705952435732,0.0003899640869349241,5.723186768591404e-05,6.189179046079516,1.5280437332809351,2482153.0,666.0,897.0,True,False
1,5,2127748141961656475,Falcon-padded-512,0.010334525955840945,0.0005203189793974161,8.345814421772957e-05,10.865783147979528,1.4334304606079296,2482153.0,666.0,897.0,True,False
1,5,1834824952048584674,Falcon-padded-512,0.01049104891717434,0.0005290729459375143,5.838111974298954e-05,11.054834838956594,1.403670730484519,2482153.0,666.0,897.0,True,False
1,5,8135458050705910465,Falcon-padded-512,0.009003324899822474,0.0005817441269755363,5.708192475140095e-05,10.990280884085223,1.4347008907111587,2482153.0,666.0,897.0,True,False
1,5,4210776800822515157,Falcon-padded-512,0.009793061064556241,0.000346949091181159,5.66248781979084e-05,11.271010746015236,1.4373321464866589,2482153.0,666.0,897.0,True,False
1,5,15903883051046035244,Falcon-padded-512,0.011200802866369486,0.0005937730893492699,5.670893006026745e-05,11.260829394916072,1.4483269342950955,2482153.0,666.0,897.0,True,False
1,5,4458864476935894716,Falcon-padded-512,0.006780385971069336,0.0005337870679795742,5.88179100304842e-05,11.426609830930829,1.4099842792104005,2482153.0,666.0,897.0,True,False
1,5,1968686568235824001,Falcon-padded-512,0.019324543187394738,0.0004183338023722172,7.601105608046055e-05,11.101303910138085,1.4416166961572732,2482153.0,666.0,897.0,True,False
1,5,5515126297566216804,Falcon-padded-512,0.006612892961129546,0.0003540541511029005,5.705095827579498e-05,11.404288606951013,1.4238130435062821,2482153.0,666.0,897.0,True,False
1,5,17690085730522616671,Falcon-padded-512,0.0062992938328534365,0.0004051851574331522,5.5773183703422546e-05,6.5993243309203535,1.4153211834324393,2482153.0,666.0,897.0,True,False
1,5,14888651365100826174,Falcon-padded-512,0.007320848060771823,0.000317359808832407,5.6304968893527985e-05,6.854877660982311,1.412707271089979,2482153.0,666.0,897.0,True,False
1,6,4210776800822515157,Falcon-padded-512,0.01154733495786786,0.0005567818880081177,7.682200521230698e-05,11.31190169393085,1.3465398489289981,2482153.0,666.0,897.0,True,False
1,6,8135458050705910465,Falcon-padded-512,0.007281634956598282,0.0006445320323109627,5.80719206482172e-05,11.190384136047214,1.3496603438049366,2482153.0,666.0,897.0,True,False
1,6,2127748141961656475,Falcon-padded-512,0.008588573895394802,0.00045224418863654137,5.7402998208999634e-05,11.250566836912185,1.3138118541924058,2482153.0,666.0,897.0,True,False
1,6,1834824952048584674,Falcon-padded-512,0.006213979097083211,0.0004527890123426914,5.7511962950229645e-05,11.343914420809597,1.3260398218586187,2482153.0,666.0,897.0,True,False
1,6,4458864476935894716,Falcon-padded-512,0.012238501105457544,0.0005916338413953781,5.655200220644474e-05,11.10581564414315,1.31862926672978,2482153.0,666.0,897.0,True,False
1,6,1968686568235824001,Falcon-padded-512,0.00800237711519003,0.00034840311855077744,5.753594450652599e-05,11.08671720395796,1.357137272312383,2482153.0,666.0,897.0,True,False
1,6,5515126297566216804,Falcon-padded-512,0.008520148228853941,0.00041709281504154205,8.844304829835892e-05,11.078237957088277,1.3330727652379661,2482153.0,666.0,897.0,True,False
1,6,15903883051046035244,Falcon-padded-512,0.008652525953948498,0.0003389760386198759,6.220699287950993e-05,11.315796739188954,1.3495139756779762,2482153.0,666.0,897.0,True,False
1,6,17690085730522616671,Falcon-padded-512,0.008832287043333054,0.00041005294770002365,9.026285260915756e-05,6.32659304398112,1.3070012213318212,2482153.0,666.0,897.0,True,False
1,6,14888651365100826174,Falcon-padded-512,0.006614407990127802,0.0003654179163277149,5.718902684748173e-05,6.333808471914381,1.3381263632683238,2482153.0,666.0,897.0,True,False
1,7,4210776800822515157,Falcon-padded-512,0.012647639960050583,0.0006076330319046974,8.881301619112492e-05,11.19703929591924,1.2632791885904446,2482153.0,666.0,897.0,True,False
1,7,2127748141961656475,Falcon-padded-512,0.0063389879651367664,0.00036399601958692074,6.063678301870823e-05,11.266980760032311,1.2305827368596556,2482153.0,666.0,897.0,True,False
1,7,8135458050705910465,Falcon-padded-512,0.008011179976165295,0.0003968409728258848,6.295787170529366e-05,11.195610682014376,1.270874195797428,2482153.0,666.0,897.0,True,False
1,7,1834824952048584674,Falcon-padded-512,0.014053275110200047,0.0003654048778116703,6.204191595315933e-05,11.180953277973458,1.2475781512867874,2482153.0,666.0,897.0,True,False
1,7,5515126297566216804,Falcon-padded-512,0.01379837398417294,0.00048720790073275566,6.190384738147259e-05,11.517276277998462,1.243070720107692,2482153.0,666.0,897.0,True,False
1,7,4458864476935894716,Falcon-padded-512,0.009078436065465212,0.0005491939373314381,0.0001013211440294981,11.809904329944402,1.2305869114626744,2482153.0,666.0,897.0,True,False
1,7,15903883051046035244,Falcon-padded-512,0.00705453404225409,0.00037334393709897995,9.180186316370964e-05,11.968994837021455,1.2577450370332997,2482153.0,666.0,897.0,True,False
1,7,1968686568235824001,Falcon-padded-512,0.012757219839841127,0.0004158231895416975,6.274017505347729e-05,11.830853458028287,1.2657302431999498,2482153.0,666.0,897.0,True,False
1,7,17690085730522616671,Falcon-padded-512,0.006557089975103736,0.0003526348154991865,6.238394416868687e-05,6.287189104128629,1.2300292329423745,2482153.0,666.0,897.0,True,False
1,7,14888651365100826174,Falcon-padded-512,0.007511556148529053,0.0003785479348152876,5.879206582903862e-05,6.365832993993536,1.2367587943745266,2482153.0,666.0,897.0,True,False
1,8,4210776800822515157,Falcon-padded-512,0.006886023096740246,0.0006035310216248035,8.368119597434998e-05,11.156348844990134,1.1997359250761142,2482153.0,666.0,897.0,True,False
1,8,2127748141961656475,Falcon-padded-512,0.009664449840784073,0.0003543640486896038,6.155204027891159e-05,11.271683637052774,1.1403674919893787,2482153.0,666.0,897.0,True,False
1,8,8135458050705910465,Falcon-padded-512,0.01582351583056152,0.00041205622255802155,6.0283113270998e-05,11.208331723930314,1.1731189026194773,2482153.0,666.0,897.0,True,False
1,8,1834824952048584674,Falcon-padded-512,0.012682932196184993,0.0005142709705978632,6.035994738340378e-05,11.25350533099845,1.1763600767797726,2482153.0,666.0,897.0,True,False
1,8,15903883051046035244,Falcon-padded-512,0.008928072871640325,0.00056596496142447,6.047682836651802e-05,11.121022912906483,1.1848721382724252,2482153.0,666.0,897.0,True,False
1,8,1968686568235824001,Falcon-padded-512,0.012707307003438473,0.00034595420584082603,6.210501305758953e-05,11.018906265962869,1.188174285706441,2482153.0,666.0,897.0,True,False
1,8,5515126297566216804,Falcon-padded-512,0.01731740008108318,0.0007233500946313143,0.00013450789265334606,11.121496266918257,1.1698156181414416,2482153.0,666.0,897.0,True,False
1,8,4458864476935894716,Falcon-padded-512,0.005748741794377565,0.0003575300797820091,6.901705637574196e-05,11.383453699061647,1.1535737499309953,2482153.0,666.0,897.0,True,False
1,8,17690085730522616671,Falcon-padded-512,0.006344615016132593,0.00039152707904577255,6.0289166867733e-05,6.3400882529094815,1.1601001479823119,2482153.0,666.0,897.0,True,False
1,8,14888651365100826174,Falcon-padded-512,0.007646141108125448,0.0003361611161381006,5.817785859107971e-05,6.498215997125953,1.1578614373875271,2482153.0,666.0,897.0,True,False
1,9,2127748141961656475,Falcon-padded-512,0.010576640954241157,0.0005586689803749323,0.00011068303138017654,11.249964084010571,1.0791893134451216,2482153.0,666.0,897.0,True,False
1,9,4210776800822515157,Falcon-padded-512,0.006952713010832667,0.0003724189009517431,6.161793135106564e-05,11.365611296147108,1.11322591752763,2482153.0,666.0,897.0,True,False
1,9,8135458050705910465,Falcon-padded-512,0.009827067842707038,0.0003656528424471617,6.007496267557144e-05,11.5399318120908,1.1054722617386252,2482153.0,666.0,897.0,True,False
1,9,1834824952048584674,Falcon-padded-512,0.008744430961087346,0.0005109831690788269,7.394584827125072e-05,11.446720064850524,1.1102514084737012,2482153.0,666.0,897.0,True,False
1,9,15903883051046035244,Falcon-padded-512,0.011316946940496564,0.0005294359289109707,6.129918619990349e-05,10.970619575819,1.1119679459341012,2482153.0,666.0,897.0,True,False
1,9,1968686568235824001,Falcon-padded-512,0.006893743062391877,0.0004498108755797148,6.248895078897476e-05,10.941345014842227,1.1041615548407195,2482153.0,666.0,897.0,True,False
1,9,5515126297566216804,Falcon-padded-512,0.008478838950395584,0.00042838207446038723,9.164796210825443e-05,11.08543659397401,1.1208112581520324,2482153.0,666.0,897.0,True,False
1,9,4458864476935894716,Falcon-padded-512,0.006488220999017358,0.0003341969568282366,6.34451862424612e-05,11.400570319965482,1.0985104957963252,2482153.0,666.0,897.0,True,False
1,9,17690085730522616671,Falcon-padded-512,0.006461064098402858,0.00034658610820770264,6.296602077782154e-05,6.31685090996325,1.1016550420955489,2482153.0,666.0,897.0,True,False
1,9,14888651365100826174,Falcon-padded-512,0.008908414980396628,0.00034507294185459614,6.009405478835106e-05,6.378453346900642,1.0875519669739304,2482153.0,666.0,897.0,True,False
1,10,4210776800822515157,Falcon-padded-512,0.00911762285977602,0.0006298590451478958,0.00013608182780444622,11.17814034409821,1.0479256916957296,2482153.0,666.0,897.0,True,False
1,10,2127748141961656475,Falcon-padded-512,0.010956028942018747,0.0005221671890467405,5.924701690673828e-05,11.331491790013388,1.0164411462795961,2482153.0,666.0,897.0,True,False
1,10,8135458050705910465,Falcon-padded-512,0.009651912143453956,0.0005656739231199026,5.7196011766791344e-05,11.370564154116437,1.0322763502218162,2482153.0,666.0,897.0,True,False
1,10,1834824952048584674,Falcon-padded-512,0.01289642695337534,0.0004650740884244442,5.74551522731781e-05,11.400797815993428,1.0645009116002708,2482153.0,666.0,897.0,True,False
1,10,4458864476935894716,Falcon-padded-512,0.008229864994063973,0.000511077931150794,6.899004802107811e-05,11.464855561032891,1.006406573732947,2482153.0,666.0,897.0,True,False
1,10,15903883051046035244,Falcon-padded-512,0.008488613879308105,0.0005297940224409103,5.6451885029673576e-05,11.748134894063696,1.0580195921241857,2482153.0,666.0,897.0,True,False
1,10,1968686568235824001,Falcon-padded-512,0.009112029103562236,0.0009050408843904734,0.00012332294136285782,11.550679082982242,1.043473088057937,2482153.0,666.0,897.0,True,False
1,10,5515126297566216804,Falcon-padded-512,0.012979249004274607,0.0005234607961028814,5.8609992265701294e-05,11.71267199004069,1.0562673488240333,2482153.0,666.0,897.0,True,False
1,10,17690085730522616671,Falcon-padded-512,0.008783268043771386,0.0004454439040273428,5.8001140132546425e-05,6.509014143142849,1.0433495204160168,2482153.0,666.0,897.0,True,False
1,10,14888651365100826174,Falcon-padded-512,0.006214012857526541,0.00033902283757925034,5.657109431922436e-05,6.598871370078996,1.0367179569924714,2482153.0,666.0,897.0,True,False
1,11,2127748141961656475,Falcon-padded-512,0.006362648913636804,0.00040729809552431107,8.671707473695278e-05,11.009264933876693,0.9427792259082672,2482153.0,666.0,897.0,True,False
1,11,1834824952048584674,Falcon-padded-512,0.007693735184147954,0.0003686598502099514,6.404006853699684e-05,11.217283627018332,0.9865916576355126,2482153.0,666.0,897.0,True,False
1,11,4210776800822515157,Falcon-padded-512,0.010554036824032664,0.00036676088348031044,5.8415113016963005e-05,11.40459966706112,0.9986440816502662,2482153.0,666.0,897.0,True,False
1,11,8135458050705910465,Falcon-padded-512,0.01040547713637352,0.0005062271375209093,5.760090425610542e-05,11.504201499046758,0.9811812396262102,2482153.0,666.0,897.0,True,False
1,11,4458864476935894716,Falcon-padded-512,0.006292815087363124,0.0004377190489321947,5.8616045862436295e-05,11.112792005995288,0.9715199626175461,2482153.0,666.0,897.0,True,False
1,11,15903883051046035244,Falcon-padded-512,0.008253199979662895,0.0006053789984434843,6.250408478081226e-05,11.353777024894953,1.0004204767904463,2482153.0,666.0,897.0,True,False
1,11,5515126297566216804,Falcon-padded-512,0.008417400065809488,0.0005165149923413992,8.109700866043568e-05,11.166682716924697,0.9750955025101923,2482153.0,666.0,897.0,True,False
1,11,1968686568235824001,Falcon-padded-512,0.007722257170826197,0.00039320881478488445,5.7320110499858856e-05,11.204966622171924,0.9805008186276551,2482153.0,666.0,897.0,True,False
1,11,17690085730522616671,Falcon-padded-512,0.007457685889676213,0.00034887390211224556,5.959696136415005e-05,6.628746746107936,0.9959350423828052,2482153.0,666.0,897.0,True,False
1,11,14888651365100826174,Falcon-padded-512,0.0083639370277524,0.00035341596230864525,5.6870048865675926e-05,6.555987991858274,0.9790131480071196,2482153.0,666.0,897.0,True,False
1,12,2127748141961656475,Falcon-padded-512,0.009788288967683911,0.0005806870758533478,7.817219011485577e-05,11.510827735066414,0.9017517574273857,2482153.0,666.0,897.0,True,False
1,12,8135458050705910465,Falcon-padded-512,0.0069585819728672504,0.00043474510312080383,5.7105906307697296e-05,11.53125374414958,0.9278877969760044,2482153.0,666.0,897.0,True,False
1,12,1834824952048584674,Falcon-padded-512,0.012846213998273015,0.0003471081145107746,5.836412310600281e-05,11.690602899063379,0.9382581464044607,2482153.0,666.0,897.0,True,False
1,12,4210776800822515157,Falcon-padded-512,0.008642195025458932,0.00034524197690188885,5.761394277215004e-05,12.037394722923636,0.9261396650675755,2482153.0,666.0,897.0,True,False
1,12,4458864476935894716,Falcon-padded-512,0.008431231137365103,0.00035502901300787926,5.729193799197674e-05,11.085022338898852,0.9172349877797874,2482153.0,666.0,897.0,True,False
1,12,15903883051046035244,Falcon-padded-512,0.007387968944385648,0.00037240004166960716,5.9369951486587524e-05,11.269240412861109,0.9540130938314328,2482153.0,666.0,897.0,True,False
1,12,1968686568235824001,Falcon-padded-512,0.008304513990879059,0.0005723200738430023,8.264114148914814e-05,11.338548183906823,0.9341362551519066,2482153.0,666.0,897.0,True,False
1,12,5515126297566216804,Falcon-padded-512,0.0067733649630099535,0.00040617608465254307,5.69918192923069e-05,11.617398636881262,0.9281891126921222,2482153.0,666.0,897.0,True,False
1,12,17690085730522616671,Falcon-padded-512,0.006844582036137581,0.0003605000674724579,5.704001523554325e-05,6.631999375997111,0.9508396666141072,2482153.0,666.0,897.0,True,False
1,12,14888651365100826174,Falcon-padded-512,0.00828897999599576,0.0005527988541871309,5.690706893801689e-05,6.676790943834931,0.9198112933878686,2482153.0,666.0,897.0,True,False
1,13,2127748141961656475,Falcon-padded-512,0.009097587084397674,0.0005690918769687414,9.161606431007385e-05,10.769971242872998,0.8547479434377828,2482153.0,666.0,897.0,True,False
1,13,8135458050705910465,Falcon-padded-512,0.015202949987724423,0.0006690570153295994,6.0810940340161324e-05,11.125090120127425,0.8686922989833127,2482153.0,666.0,897.0,True,False
1,13,4210776800822515157,Falcon-padded-512,0.009059457806870341,0.00040440703742206097,6.519397720694542e-05,11.254473409848288,0.8776612629176704,2482153.0,666.0,897.0,True,False
1,13,1834824952048584674,Falcon-padded-512,0.007524437038227916,0.00037945504300296307,6.560701876878738e-05,11.519839147105813,0.904963984041457,2482153.0,666.0,897.0,True,False
1,13,15903883051046035244,Falcon-padded-512,0.00890446500852704,0.0006637228652834892,6.38091005384922e-05,11.239747897954658,0.8974864141196962,2482153.0,666.0,897.0,True,False
1,13,5515126297566216804,Falcon-padded-512,0.006485316902399063,0.00035405904054641724,6.213109008967876e-05,11.240449628094211,0.8696537712577043,2482153.0,666.0,897.0,True,False
1,13,4458864476935894716,Falcon-padded-512,0.009341374970972538,0.000517791137099266,8.3510996773839e-05,11.286613128846511,0.8572329381468949,2482153.0,666.0,897.0,True,False
1,13,1968686568235824001,Falcon-padded-512,0.009610034059733152,0.000339713878929615,7.144385017454624e-05,11.340520625934005,0.8987584178614768,2482153.0,666.0,897.0,True,False
1,13,17690085730522616671,Falcon-padded-512,0.007170404074713588,0.00039196712896227837,6.407219916582108e-05,6.436104729771614,0.8898766232523948,2482153.0,666.0,897.0,True,False
1,13,14888651365100826174,Falcon-padded-512,0.008763586170971394,0.0003368949983268976,6.110919639468193e-05,6.592745766974986,0.8752753015156765,2482153.0,666.0,897.0,True,False
1,14,2127748141961656475,Falcon-padded-512,0.007733860053122044,0.0006825430318713188,8.597900159657001e-05,11.165279261069372,0.8048262510709702,2482153.0,666.0,897.0,True,False
1,14,4210776800822515157,Falcon-padded-512,0.009478650987148285,0.0005070508923381567,6.102421320974827e-05,11.261624536011368,0.8408975229141818,2482153.0,666.0,897.0,True,False
1,14,8135458050705910465,Falcon-padded-512,0.006179338088259101,0.0005551958456635475,8.45759641379118e-05,11.39013229100965,0.8411468922332593,2482153.0,666.0,897.0,True,False
1,14,1834824952048584674,Falcon-padded-512,0.013463973067700863,0.0006014769896864891,8.482718840241432e-05,11.35258296597749,0.8547902133814089,2482153.0,666.0,897.0,True,False
1,14,15903883051046035244,Falcon-padded-512,0.022111877100542188,0.0005141100846230984,6.568711251020432e-05,11.0234373989515,0.8463946284761854,2482153.0,666.0,897.0,True,False
1,14,4458864476935894716,Falcon-padded-512,0.012378698913380504,0.0004717539995908737,6.318697705864906e-05,11.171372591052204,0.8238229278925877,2482153.0,666.0,897.0,True,False
1,14,1968686568235824001,Falcon-padded-512,0.0093860172200948,0.00034991512075066566,0.0001182409469038248,11.25915015512146,0.8453690975334993,2482153.0,666.0,897.0,True,False
1,14,5515126297566216804,Falcon-padded-512,0.010547077981755137,0.0004894670564681292,8.717202581465244e-05,11.395684793125838,0.8405438067427107,2482153.0,666.0,897.0,True,False
1,14,17690085730522616671,Falcon-padded-512,0.006945750908926129,0.00034472416155040264,6.0745980590581894e-05,6.583025794941932,0.8238546552172132,2482153.0,666.0,897.0,True,False
1,14,14888651365100826174,Falcon-padded-512,0.007856835843995214,0.00038680387660861015,7.845507934689522e-05,6.541059798095375,0.8485751973026118,2482153.0,666.0,897.0,True,False
1,15,4210776800822515157,Falcon-padded-512,0.00967505993321538,0.0005684900097548962,0.00010576401837170124,11.200964842922986,0.7949412672003363,2482153.0,666.0,897.0,True,False
1,15,1834824952048584674,Falcon-padded-512,0.007212992990389466,0.0003781788982450962,6.758910603821278e-05,11.242720114067197,0.8086520141097391,2482153.0,666.0,897.0,True,False
1,15,2127748141961656475,Falcon-padded-512,0.01209186390042305,0.0005063458811491728,6.694416515529156e-05,11.337209697812796,0.7744186266212706,2482153.0,666.0,897.0,True,False
1,15,8135458050705910465,Falcon-padded-512,0.006151522044092417,0.0003374961670488119,8.364301174879074e-05,11.506318000843748,0.813550735924654,2482153.0,666.0,897.0,True,False
1,15,4458864476935894716,Falcon-padded-512,0.006784381112083793,0.0005163820460438728,6.720703095197678e-05,11.684407325927168,0.7554178998158996,2482153.0,666.0,897.0,True,False
1,15,15903883051046035244,Falcon-padded-512,0.006651205010712147,0.00037881219759583473,6.72810710966587e-05,11.73575363191776,0.8106481460439172,2482153.0,666.0,897.0,True,False
1,15,5515126297566216804,Falcon-padded-512,0.008634594967588782,0.0005901341792196035,0.000126357888802886,11.720381607068703,0.7849860584280294,2482153.0,666.0,897.0,True,False
1,15,1968686568235824001,Falcon-padded-512,0.006715108174830675,0.0004296419210731983,6.703590042889118e-05,11.72157861595042,0.7909244995587951,2482153.0,666.0,897.0,True,False
1,15,14888651365100826174,Falcon-padded-512,0.006043141940608621,0.0003365210723131895,6.592483259737492e-05,6.560352002969012,0.8011860410878613,2482153.0,666.0,897.0,True,False
1,15,17690085730522616671,Falcon-padded-512,0.008533681044355035,0.00037087383680045605,6.039300933480263e-05,6.808172281133011,0.7909151277724346,2482153.0,666.0,897.0,True,False
1,16,8135458050705910465,Falcon-padded-512,0.006793242879211903,0.00034472206607460976,8.011795580387115e-05,11.286612041993067,0.7832458277416837,2482153.0,666.0,897.0,True,False
1,16,2127748141961656475,Falcon-padded-512,0.011843082960695028,0.0004912980366498232,6.56230840831995e-05,11.232943357899785,0.7492898927562556,2482153.0,666.0,897.0,True,False
1,16,1834824952048584674,Falcon-padded-512,0.009121714159846306,0.00036265794187784195,5.6650955229997635e-05,11.275210466003045,0.779164295667296,2482153.0,666.0,897.0,True,False
1,16,4210776800822515157,Falcon-padded-512,0.006639970000833273,0.0003930910024791956,5.8653997257351875e-05,11.250216091051698,0.7643045112965213,2482153.0,666.0,897.0,True,False
1,16,5515126297566216804,Falcon-padded-512,0.010084256064146757,0.0005062660202383995,7.744901813566685e-05,10.859890088904649,0.7503157637681171,2482153.0,666.0,897.0,True,False
1,16,1968686568235824001,Falcon-padded-512,0.008356200996786356,0.00045462301932275295,6.10589049756527e-05,11.222137309145182,0.7770517290967285,2482153.0,666.0,897.0,True,False
1,16,4458864476935894716,Falcon-padded-512,0.01017755689099431,0.0003699271474033594,8.943513967096806e-05,11.380482977023348,0.7397059903592821,2482153.0,666.0,897.0,True,False
1,16,15903883051046035244,Falcon-padded-512,0.007013753056526184,0.00033729500137269497,5.7613011449575424e-05,11.447384783998132,0.7767923480955659,2482153.0,666.0,897.0,True,False
1,16,17690085730522616671,Falcon-padded-512,0.007476767059415579,0.0003537519369274378,5.714595317840576e-05,6.495300665963441,0.7539534938942855,2482153.0,666.0,897.0,True,False
1,16,14888651365100826174,Falcon-padded-512,0.006310340948402882,0.0004331120289862156,5.66970556974411e-05,6.5642455520574,0.7617999512678498,2482153.0,666.0,897.0,True,False
1,17,2127748141961656475,Falcon-padded-512,0.012275469955056906,0.00047417799942195415,9.878305718302727e-05,11.628092946019024,0.7288182102570868,2482153.0,666.0,897.0,True,False
1,17,8135458050705910465,Falcon-padded-512,0.00944596715271473,0.000400288961827755,6.597302854061127e-05,11.738860935904086,0.7332219435910511,2482153.0,666.0,897.0,True,False
1,17,1834824952048584674,Falcon-padded-512,0.00928937690332532,0.0003559601027518511,5.8721983805298805e-05,11.877857583807781,0.727947877945414,2482153.0,666.0,897.0,True,False
1,17,4210776800822515157,Falcon-padded-512,0.006541653070598841,0.00041101500391960144,5.999789573252201e-05,12.014651018194854,0.7366438982593027,2482153.0,666.0,897.0,True,False
1,17,15903883051046035244,Falcon-padded-512,0.008389879018068314,0.00035369209945201874,5.866214632987976e-05,11.38321967702359,0.7526075744135364,2482153.0,666.0,897.0,True,False
1,17,4458864476935894716,Falcon-padded-512,0.011044202838093042,0.0003521579783409834,5.830894224345684e-05,11.228021702030674,0.6815998004690097,2482153.0,666.0,897.0,True,False
1,17,5515126297566216804,Falcon-padded-512,0.008052202174440026,0.0003828010521829128,9.616091847419739e-05,11.157913787057623,0.7204802712057806,2482153.0,666.0,897.0,True,False
1,17,1968686568235824001,Falcon-padded-512,0.006352072115987539,0.0003634910099208355,5.6406017392873764e-05,11.185502514010295,0.7316641059650737,2482153.0,666.0,897.0,True,False
1,17,17690085730522616671,Falcon-padded-512,0.007338307099416852,0.0003498957958072424,5.7348981499671936e-05,6.623606246896088,0.714457734375243,2482153.0,666.0,897.0,True,False
1,17,14888651365100826174,Falcon-padded-512,0.006848568096756935,0.0003324509598314762,5.691801197826862e-05,6.707577109104022,0.7292126449430065,2482153.0,666.0,897.0,True,False
1,18,2127748141961656475,Falcon-padded-512,0.016345205949619412,0.000487141078338027,8.682394400238991e-05,11.330532894004136,0.6980690310240552,2482153.0,666.0,897.0,True,False
1,18,8135458050705910465,Falcon-padded-512,0.015535199083387852,0.0005137270782142878,5.715806037187576e-05,11.354829306015745,0.6924269482208665,2482153.0,666.0,897.0,True,False
1,18,1834824952048584674,Falcon-padded-512,0.017172380117699504,0.0006485320627689362,5.825911648571491e-05,11.297438950976357,0.7121550798605961,2482153.0,666.0,897.0,True,False
1,18,4210776800822515157,Falcon-padded-512,0.007883572019636631,0.00041722599416971207,5.874992348253727e-05,11.48650911799632,0.680228119822824,2482153.0,666.0,897.0,True,False
1,18,15903883051046035244,Falcon-padded-512,0.014296683948487043,0.000687452033162117,5.813688039779663e-05,11.128451743163168,0.7178329641272307,2482153.0,666.0,897.0,True,False
1,18,1968686568235824001,Falcon-padded-512,0.012336062034592032,0.0005023851990699768,0.00010035396553575993,11.136858240002766,0.6874605584296452,2482153.0,666.0,897.0,True,False
1,18,5515126297566216804,Falcon-padded-512,0.011019764002412558,0.0004089679569005966,7.828697562217712e-05,11.395534844137728,0.6690241534998462,2482153.0,666.0,897.0,True,False
1,18,4458864476935894716,Falcon-padded-512,0.010213311994448304,0.0005117591936141253,5.727401003241539e-05,11.46121236588806,0.653119239695133,2482153.0,666.0,897.0,True,False
1,18,17690085730522616671,Falcon-padded-512,0.01024543703533709,0.00034975516609847546,5.735713057219982e-05,7.202615245943889,0.7180710413083908,2482153.0,666.0,897.0,True,False
1,18,14888651365100826174,Falcon-padded-512,0.008475015172734857,0.0003122079651802778,5.70099800825119e-05,7.377565826987848,0.6796961343687051,2482153.0,666.0,897.0,True,False
1,19,4210776800822515157,Falcon-padded-512,0.009756230982020497,0.0006312760524451733,7.630209438502789e-05,11.21751630003564,0.6644413405732744,2482153.0,666.0,897.0,True,False
1,19,2127748141961656475,Falcon-padded-512,0.006840621121227741,0.0003693050239235163,8.622603490948677e-05,11.140074850060046,0.6456850482874615,2482153.0,666.0,897.0,True,False
1,19,8135458050705910465,Falcon-padded-512,0.008867496158927679,0.00035698595456779003,7.50119797885418e-05,11.272435770137236,0.6644015462155555,2482153.0,666.0,897.0,True,False
1,19,1834824952048584674,Falcon-padded-512,0.007141172885894775,0.00038830703124403954,6.584380753338337e-05,11.375508862081915,0.670688375356091,2482153.0,666.0,897.0,True,False
1,19,4458864476935894716,Falcon-padded-512,0.0073280311189591885,0.0003471900708973408,6.682705134153366e-05,11.042636344907805,0.6446608816552314,2482153.0,666.0,897.0,True,False
1,19,15903883051046035244,Falcon-padded-512,0.008417739067226648,0.0003489989321678877,6.552995182573795e-05,11.22996803210117,0.6751031752224941,2482153.0,666.0,897.0,True,False
1,19,1968686568235824001,Falcon-padded-512,0.006736814975738525,0.0003646630793809891,8.305907249450684e-05,11.10334948496893,0.6647989757501396,2482153.0,666.0,897.0,True,False
1,19,5515126297566216804,Falcon-padded-512,0.005991889862343669,0.0004369029775261879,5.879811942577362e-05,11.25414562691003,0.6708097824245501,2482153.0,666.0,897.0,True,False
1,19,17690085730522616671,Falcon-padded-512,0.006653144955635071,0.000380899989977479,5.974201485514641e-05,6.537714058998972,0.6663508428035269,2482153.0,666.0,897.0,True,False
1,19,14888651365100826174,Falcon-padded-512,0.006312893936410546,0.0003770741168409586,5.753710865974426e-05,6.7691880750935525,0.6784820577521233,2482153.0,666.0,897.0,True,False
1,20,4210776800822515157,Falcon-padded-512,0.00966419093310833,0.0008086350280791521,7.603387348353863e-05,11.23503892403096,0.6492017356168692,2482153.0,666.0,897.0,True,False
1,20,8135458050705910465,Falcon-padded-512,0.006088964873924851,0.0003468128852546215,5.649914965033531e-05,11.387197757838294,0.6087756961299355,2482153.0,666.0,897.0,True,False
1,20,1834824952048584674,Falcon-padded-512,0.007843276020139456,0.00037344289012253284,7.83309806138277e-05,11.45267797796987,0.6300662602208982,2482153.0,666.0,897.0,True,False
1,20,2127748141961656475,Falcon-padded-512,0.006113964831456542,0.0003575468435883522,5.593709647655487e-05,11.499236501054838,0.614217281199185,2482153.0,666.0,897.0,True,False
1,20,15903883051046035244,Falcon-padded-512,0.01320779393427074,0.0006531460676342249,5.898694507777691e-05,11.50482534384355,0.667632456228232,2482153.0,666.0,897.0,True,False
1,20,4458864476935894716,Falcon-padded-512,0.006328115938231349,0.00038008904084563255,6.114691495895386e-05,11.529557762900367,0.5950130346664197,2482153.0,666.0,897.0,True,False
1,20,5515126297566216804,Falcon-padded-512,0.01071331393904984,0.0003677250351756811,9.110895916819572e-05,11.5283453988377,0.6044839281517609,2482153.0,666.0,897.0,True,False
1,20,1968686568235824001,Falcon-padded-512,0.007109253201633692,0.00046303216367959976,5.691894330084324e-05,11.584932869067416,0.6341248948577862,2482153.0,666.0,897.0,True,False
1,20,17690085730522616671,Falcon-padded-512,0.008935920894145966,0.0003403529990464449,5.638599395751953e-05,6.401399825932458,0.6480670301777542,2482153.0,666.0,897.0,True,False
1,20,14888651365100826174,Falcon-padded-512,0.0061112260445952415,0.00038860482163727283,5.6644901633262634e-05,6.910348299890757,0.6359409385236205,2482153.0,666.0,897.0,True,False
1,21,2127748141961656475,Falcon-padded-512,0.007746747927740216,0.0005173010285943747,8.100899867713451e-05,10.896884940797463,0.609103711950741,2482153.0,666.0,897.0,True,False
1,21,4210776800822515157,Falcon-padded-512,0.012673892080783844,0.0006865828763693571,5.828798748552799e-05,11.25879362015985,0.6079879515110307,2482153.0,666.0,897.0,True,False
1,21,8135458050705910465,Falcon-padded-512,0.011668895138427615,0.0005094180814921856,6.233016029000282e-05,11.365999147994444,0.5939372816852703,2482153.0,666.0,897.0,True,False
1,21,1834824952048584674,Falcon-padded-512,0.009191677905619144,0.0003459190484136343,7.891491986811161e-05,11.358466162113473,0.6190534169981434,2482153.0,666.0,897.0,True,False
1,21,15903883051046035244,Falcon-padded-512,0.010842981049790978,0.0005283509381115437,9.482097811996937e-05,11.38282830803655,0.6148654862906143,2482153.0,666.0,897.0,True,False
1,21,4458864476935894716,Falcon-padded-512,0.008925926173105836,0.00037937192246317863,6.079813465476036e-05,11.425710449926555,0.5940583246955826,2482153.0,666.0,897.0,True,False
1,21,5515126297566216804,Falcon-padded-512,0.0061806130688637495,0.0003931419923901558,8.627795614302158e-05,11.10791515186429,0.5928923525390731,2482153.0,666.0,897.0,True,False
1,21,1968686568235824001,Falcon-padded-512,0.006795268040150404,0.0003571959678083658,5.883793346583843e-05,11.30336468690075,0.6150733644890177,2482153.0,666.0,897.0,True,False
1,21,14888651365100826174,Falcon-padded-512,0.006574755068868399,0.0003817810211330652,5.6968070566654205e-05,6.481274394085631,0.5894170840549621,2482153.0,666.0,897.0,True,False
1,21,17690085730522616671,Falcon-padded-512,0.00625118101015687,0.0003480080049484968,5.934806540608406e-05,6.674343579914421,0.6189670035508787,2482153.0,666.0,897.0,True,False
1,22,2127748141961656475,Falcon-padded-512,0.008559363894164562,0.0003969380632042885,7.582805119454861e-05,11.156339538050815,0.5606295150129279,2482153.0,666.0,897.0,True,False
1,22,1834824952048584674,Falcon-padded-512,0.010824308032169938,0.00046507990919053555,5.70700503885746e-05,11.288204892072827,0.5955654090851735,2482153.0,666.0,897.0,True,False
1,22,8135458050705910465,Falcon-padded-512,0.0083563809748739,0.0004572549369186163,8.952710777521133e-05,11.440369045129046,0.5511184594338867,2482153.0,666.0,897.0,True,False
1,22,4210776800822515157,Falcon-padded-512,0.007034475915133953,0.00041942019015550613,5.821790546178818e-05,11.337622792925686,0.5969970296759894,2482153.0,666.0,897.0,True,False
1,22,15903883051046035244,Falcon-padded-512,0.011606371030211449,0.00040727085433900356,8.804607205092907e-05,11.152143848827109,0.5884366672557251,2482153.0,666.0,897.0,True,False
1,22,4458864476935894716,Falcon-padded-512,0.006358589977025986,0.00034969206899404526,5.949917249381542e-05,11.08784038783051,0.5697735814009882,2482153.0,666.0,897.0,True,False
1,22,1968686568235824001,Falcon-padded-512,0.009154055966064334,0.0003511430695652962,7.595098577439785e-05,11.151759414933622,0.5901547823172466,2482153.0,666.0,897.0,True,False
1,22,5515126297566216804,Falcon-padded-512,0.00665712496265769,0.000348459929227829,6.233598105609417e-05,11.41293435310945,0.5912619703182369,2482153.0,666.0,897.0,True,False
1,22,17690085730522616671,Falcon-padded-512,0.006516881054267287,0.0003490629605948925,6.0265883803367615e-05,6.387826685095206,0.5850481898731487,2482153.0,666.0,897.0,True,False
1,22,14888651365100826174,Falcon-padded-512,0.0072470661252737045,0.00039475387893617153,5.762581713497639e-05,6.7253159349784255,0.5985547382930282,2482153.0,666.0,897.0,True,False
1,23,8135458050705910465,Falcon-padded-512,0.007936289068311453,0.0005199490115046501,7.829093374311924e-05,11.160212797112763,0.5207727538884446,2482153.0,666.0,897.0,True,False
1,23,1834824952048584674,Falcon-padded-512,0.006914186058565974,0.0003440738655626774,5.7519180700182915e-05,11.272460584063083,0.5543402586678031,2482153.0,666.0,897.0,True,False
1,23,4210776800822515157,Falcon-padded-512,0.007533699041232467,0.00043610413558781147,5.629798397421837e-05,11.26197689701803,0.5637966032098433,2482153.0,666.0,897.0,True,False
1,23,2127748141961656475,Falcon-padded-512,0.009857038967311382,0.0005136479157954454,6.851484067738056e-05,11.29204591596499,0.5533914332438237,2482153.0,666.0,897.0,True,False
1,23,4458864476935894716,Falcon-padded-512,0.010869552846997976,0.0007311420049518347,5.643698386847973e-05,11.369432365056127,0.5203222211711346,2482153.0,666.0,897.0,True,False
1,23,15903883051046035244,Falcon-padded-512,0.00938571710139513,0.0006414139643311501,8.196313865482807e-05,11.699952572118491,0.5609371776745957,2482153.0,666.0,897.0,True,False
1,23,1968686568235824001,Falcon-padded-512,0.010993389878422022,0.0006066309288144112,7.563713006675243e-05,11.751951853977516,0.5604576803743839,2482153.0,666.0,897.0,True,False
1,23,5515126297566216804,Falcon-padded-512,0.008435488911345601,0.0003301070537418127,5.847308784723282e-05,11.942668255185708,0.5526899041691024,2482153.0,666.0,897.0,True,False
1,23,17690085730522616671,Falcon-padded-512,0.009028136963024735,0.0003537149168550968,5.630706436932087e-05,6.635410110000521,0.5496574753693714,2482153.0,666.0,897.0,True,False
1,23,14888651365100826174,Falcon-padded-512,0.006433052942156792,0.0003176990430802107,5.609006620943546e-05,6.893132694065571,0.5590581659251338,2482153.0,666.0,897.0,True,False
1,24,4210776800822515157,Falcon-padded-512,0.008313724072650075,0.0006262690294533968,7.698708213865757e-05,11.146424404112622,0.5374905538929117,2482153.0,666.0,897.0,True,False
1,24,1834824952048584674,Falcon-padded-512,0.00608148192986846,0.0003612227737903595,5.92540018260479e-05,11.273989425972104,0.5420266884337565,2482153.0,666.0,897.0,True,False
1,24,8135458050705910465,Falcon-padded-512,0.016158892074599862,0.0005773247685283422,5.675014108419418e-05,11.25696805701591,0.4993131461132104,2482153.0,666.0,897.0,True,False
1,24,2127748141961656475,Falcon-padded-512,0.007738674059510231,0.0005361540243029594,5.680089816451073e-05,11.359441781183705,0.546530008956695,2482153.0,666.0,897.0,True,False
1,24,15903883051046035244,Falcon-padded-512,0.010144394123926759,0.0006066057831048965,5.6613003835082054e-05,11.22339354804717,0.5586727968992511,2482153.0,666.0,897.0,True,False
1,24,1968686568235824001,Falcon-padded-512,0.006051516160368919,0.00040754699148237705,5.972106009721756e-05,11.183699912158772,0.5361440818828003,2482153.0,666.0,897.0,True,False
1,24,4458864476935894716,Falcon-padded-512,0.005922163836658001,0.00038274889811873436,7.597287185490131e-05,11.32552771596238,0.5017268442353056,2482153.0,666.0,897.0,True,False
1,24,5515126297566216804,Falcon-padded-512,0.006839965935796499,0.00041055120527744293,5.631893873214722e-05,11.258537022862583,0.5228109093988018,2482153.0,666.0,897.0,True,False
1,24,17690085730522616671,Falcon-padded-512,0.01729588909074664,0.0004805389326065779,5.822698585689068e-05,6.45019523287192,0.5475582562054798,2482153.0,666.0,897.0,True,False
1,24,14888651365100826174,Falcon-padded-512,0.006133357994258404,0.00037742103450000286,5.642487667500973e-05,6.566662397002801,0.5600257541770768,2482153.0,666.0,897.0,True,False
1,25,8135458050705910465,Falcon-padded-512,0.009570831898599863,0.0004062738735228777,7.58578535169363e-05,11.724593508988619,0.5138050990926611,2482153.0,666.0,897.0,True,False
1,25,4210776800822515157,Falcon-padded-512,0.009936366928741336,0.0005093140061944723,5.871988832950592e-05,11.697290261974558,0.5222967445708004,2482153.0,666.0,897.0,True,False
1,25,1834824952048584674,Falcon-padded-512,0.007600832963362336,0.00038095912896096706,5.6859804317355156e-05,11.822947898181155,0.5245429908821158,2482153.0,666.0,897.0,True,False
1,25,2127748141961656475,Falcon-padded-512,0.006790488958358765,0.00033664307557046413,5.696108564734459e-05,12.180021245032549,0.504573296933512,2482153.0,666.0,897.0,True,False
1,25,15903883051046035244,Falcon-padded-512,0.008986480999737978,0.00040425313636660576,5.648983642458916e-05,11.257529848022386,0.5417179702098962,2482153.0,666.0,897.0,True,False
1,25,4458864476935894716,Falcon-padded-512,0.008668513968586922,0.0003692398313432932,6.846501491963863e-05,11.379318231949583,0.49851139880432066,2482153.0,666.0,897.0,True,False
1,25,5515126297566216804,Falcon-padded-512,0.010827115969732404,0.00040734815411269665,8.048699237406254e-05,11.203970383154228,0.5137104540707389,2482153.0,666.0,897.0,True,False
1,25,1968686568235824001,Falcon-padded-512,0.016071512131020427,0.000420538941398263,5.78160397708416e-05,11.230825259815902,0.5379495202403539,2482153.0,666.0,897.0,True,False
1,25,14888651365100826174,Falcon-padded-512,0.009737620130181313,0.0004242782015353441,5.649682134389877e-05,6.442206137115136,0.5074255277705231,2482153.0,666.0,897.0,True,False
1,25,17690085730522616671,Falcon-padded-512,0.0062336542177945375,0.00032250210642814636,5.685887299478054e-05,6.831064441008493,0.5122975264764895,2482153.0,666.0,897.0,True,False
1,26,1834824952048584674,Falcon-padded-512,0.009524357039481401,0.00036710803396999836,8.570309728384018e-05,11.066929701017216,0.4858268709010949,2482153.0,666.0,897.0,True,False
1,26,2127748141961656475,Falcon-padded-512,0.008020123932510614,0.0004552421160042286,5.952012725174427e-05,11.048110822914168,0.48641303496043775,2482153.0,666.0,897.0,True,False
1,26,8135458050705910465,Falcon-padded-512,0.01169805508106947,0.0003507370129227638,5.8626988902688026e-05,11.358834354905412,0.4692897071978848,2482153.0,666.0,897.0,True,False
1,26,4210776800822515157,Falcon-padded-512,0.007133773993700743,0.00035134400241076946,5.960813723504543e-05,11.411103310063481,0.4969008149709671,2482153.0,666.0,897.0,True,False
1,26,15903883051046035244,Falcon-padded-512,0.01054744585417211,0.0008752569556236267,5.7557132095098495e-05,10.951268094824627,0.49995296465078737,2482153.0,666.0,897.0,True,False
1,26,4458864476935894716,Falcon-padded-512,0.011541137006133795,0.0006501029711216688,7.121195085346699e-05,11.129662524908781,0.4894715657303478,2482153.0,666.0,897.0,True,False
1,26,1968686568235824001,Falcon-padded-512,0.009264277061447501,0.0005108960904181004,8.397013880312443e-05,11.022131639998406,0.5003398617693953,2482153.0,666.0,897.0,True,False
1,26,5515126297566216804,Falcon-padded-512,0.009991246974095702,0.00033935089595615864,6.098090671002865e-05,11.212682724930346,0.49860081419491087,2482153.0,666.0,897.0,True,False
1,26,17690085730522616671,Falcon-padded-512,0.011027856962755322,0.0003708740696310997,6.243097595870495e-05,6.648457624018192,0.49326821632540907,2482153.0,666.0,897.0,True,False
1,26,14888651365100826174,Falcon-padded-512,0.007249006070196629,0.00034219794906675816,6.119906902313232e-05,6.6697580348700285,0.5008158206607506,2482153.0,666.0,897.0,True,False
1,27,4210776800822515157,Falcon-padded-512,0.00947329681366682,0.0005488221067935228,9.923684410750866e-05,11.146050584036857,0.46927590793959656,2482153.0,666.0,897.0,True,False
1,27,8135458050705910465,Falcon-padded-512,0.009398863185197115,0.0005487450398504734,6.440794095396996e-05,11.3598770450335,0.4613801732564428,2482153.0,666.0,897.0,True,False
1,27,2127748141961656475,Falcon-padded-512,0.009386633988469839,0.0004187959711998701,6.281305104494095e-05,11.450898305047303,0.481716169305383,2482153.0,666.0,897.0,True,False
1,27,1834824952048584674,Falcon-padded-512,0.016186093911528587,0.0006670700386166573,6.281398236751556e-05,11.449808100005612,0.4630247612786331,2482153.0,666.0,897.0,True,False
1,27,15903883051046035244,Falcon-padded-512,0.00939940195530653,0.0007009620312601328,6.525404751300812e-05,11.22846702602692,0.49470118090368,2482153.0,666.0,897.0,True,False
1,27,4458864476935894716,Falcon-padded-512,0.008973649004474282,0.0005317300092428923,6.585894152522087e-05,11.138069605920464,0.4486773860445068,2482153.0,666.0,897.0,True,False
1,27,1968686568235824001,Falcon-padded-512,0.016739516984671354,0.0003678710199892521,9.047100320458412e-05,11.126996810082346,0.479189083585219,2482153.0,666.0,897.0,True,False
1,27,5515126297566216804,Falcon-padded-512,0.006116599077358842,0.00033378112129867077,5.7827914133667946e-05,11.262225626036525,0.4728281153662569,2482153.0,666.0,897.0,True,False
1,27,17690085730522616671,Falcon-padded-512,0.006963665829971433,0.0003458119463175535,5.729007534682751e-05,6.72840008395724,0.47723659986902955,2482153.0,666.0,897.0,True,False
1,27,14888651365100826174,Falcon-padded-512,0.008122625993564725,0.0003658819478005171,5.936506204307079e-05,6.667170426808298,0.4822452201798653,2482153.0,666.0,897.0,True,False
1,28,2127748141961656475,Falcon-padded-512,0.010858008172363043,0.0007498369086533785,7.653702050447464e-05,11.008661961881444,0.4706413220543011,2482153.0,666.0,897.0,True,False
1,28,4210776800822515157,Falcon-padded-512,0.012668763985857368,0.0005253450945019722,5.88118564337492e-05,11.163051182869822,0.47341721829999783,2482153.0,666.0,897.0,True,False
1,28,8135458050705910465,Falcon-padded-512,0.012985148001462221,0.00034257397055625916,5.945493467152119e-05,11.17615483305417,0.44893988043924044,2482153.0,666.0,897.0,True,False
1,28,1834824952048584674,Falcon-padded-512,0.0063721248880028725,0.00039870990440249443,5.7379016652703285e-05,11.234472611220554,0.4557048949727397,2482153.0,666.0,897.0,True,False
1,28,5515126297566216804,Falcon-padded-512,0.009375913999974728,0.0006086009088903666,5.684094503521919e-05,11.721838232129812,0.44205423790937776,2482153.0,666.0,897.0,True,False
1,28,1968686568235824001,Falcon-padded-512,0.007831277092918754,0.0004473798908293247,5.9649115428328514e-05,11.7143187308684,0.4486778484550631,2482153.0,666.0,897.0,True,False
1,28,4458864476935894716,Falcon-padded-512,0.008563343901187181,0.00043106684461236,7.635517977178097e-05,11.94795277994126,0.4114898529354554,2482153.0,666.0,897.0,True,False
1,28,15903883051046035244,Falcon-padded-512,0.01282441709190607,0.0005821231752634048,5.7385070249438286e-05,12.156286045908928,0.4320456839528433,2482153.0,666.0,897.0,True,False
1,28,14888651365100826174,Falcon-padded-512,0.011009054025635123,0.0005997719708830118,5.684001371264458e-05,6.508777549024671,0.4324427051825603,2482153.0,666.0,897.0,True,False
1,28,17690085730522616671,Falcon-padded-512,0.007474048063158989,0.00044521293602883816,5.6684017181396484e-05,6.863016757881269,0.469697676421066,2482153.0,666.0,897.0,True,False
1,29,1834824952048584674,Falcon-padded-512,0.008901028893887997,0.0007223859429359436,7.843016646802425e-05,11.002754680113867,0.4249282490438337,2482153.0,666.0,897.0,True,False
1,29,2127748141961656475,Falcon-padded-512,0.015044617932289839,0.0005525960586965084,5.721510387957096e-05,11.211146909045056,0.44868486863412677,2482153.0,666.0,897.0,True,False
1,29,4210776800822515157,Falcon-padded-512,0.0064005921594798565,0.0005826689302921295,5.665607750415802e-05,11.260324319126084,0.4416772073051732,2482153.0,666.0,897.0,True,False
1,29,8135458050705910465,Falcon-padded-512,0.006720897043123841,0.0003697338979691267,5.7614874094724655e-05,11.401589741930366,0.3894694788903473,2482153.0,666.0,897.0,True,False
1,29,1968686568235824001,Falcon-padded-512,0.0098353479988873,0.0005302138160914183,0.00011228304356336594,10.906676328973845,0.4389911193020974,2482153.0,666.0,897.0,True,False
1,29,4458864476935894716,Falcon-padded-512,0.00832364708185196,0.0004196309018880129,5.955388769507408e-05,11.279648520983756,0.409420681447028,2482153.0,666.0,897.0,True,False
1,29,15903883051046035244,Falcon-padded-512,0.007138601969927549,0.00042720977216959,7.68178142607212e-05,11.42193785100244,0.42078601547582134,2482153.0,666.0,897.0,True,False
1,29,5515126297566216804,Falcon-padded-512,0.012404751032590866,0.00035144505091011524,6.917607970535755e-05,11.261468879878521,0.42787906066010334,2482153.0,666.0,897.0,True,False
1,29,17690085730522616671,Falcon-padded-512,0.006838727975264192,0.00041041593067348003,5.701184272766113e-05,6.522623871918768,0.44206822459485123,2482153.0,666.0,897.0,True,False
1,29,14888651365100826174,Falcon-padded-512,0.006262808805331588,0.0003655038308352232,5.576899275183678e-05,6.687165417009965,0.45925200291001683,2482153.0,666.0,897.0,True,False
1,30,2127748141961656475,Falcon-padded-512,0.014975159894675016,0.0004937280900776386,7.577100768685341e-05,11.504263709997758,0.4310118491126663,2482153.0,666.0,897.0,True,False
1,30,4210776800822515157,Falcon-padded-512,0.006366935092955828,0.0003528720699250698,5.8721983805298805e-05,11.876190820010379,0.45662444758756904,2482153.0,666.0,897.0,True,False
1,30,8135458050705910465,Falcon-padded-512,0.009545865003019571,0.0005050420295447111,5.5691925808787346e-05,12.015100602991879,0.37469908018792225,2482153.0,666.0,897.0,True,False
1,30,1834824952048584674,Falcon-padded-512,0.010900884866714478,0.000357871875166893,6.132503040134907e-05,12.124220139114186,0.4392299641303386,2482153.0,666.0,897.0,True,False
1,30,15903883051046035244,Falcon-padded-512,0.010823049116879702,0.0005321500357240438,5.652802065014839e-05,11.335944283986464,0.3923738163059494,2482153.0,666.0,897.0,True,False
1,30,5515126297566216804,Falcon-padded-512,0.009774189908057451,0.000629151938483119,5.751289427280426e-05,11.063900951994583,0.3841735058268354,2482153.0,666.0,897.0,True,False
1,30,4458864476935894716,Falcon-padded-512,0.006171670975163579,0.00035247509367763996,7.524900138378143e-05,11.342519310070202,0.4104278937551626,2482153.0,666.0,897.0,True,False
1,30,1968686568235824001,Falcon-padded-512,0.007439088076353073,0.00034555396996438503,5.627097561955452e-05,11.235492893029004,0.39138804284772677,2482153.0,666.0,897.0,True,False
1,30,14888651365100826174,Falcon-padded-512,0.00868455902673304,0.00047066016122698784,5.806400440633297e-05,6.3489126490894705,0.4097965963564481,2482153.0,666.0,897.0,True,False
1,30,17690085730522616671,Falcon-padded-512,0.005793440155684948,0.00036206096410751343,5.7214172556996346e-05,6.829348555067554,0.4366250367253829,2482153.0,666.0,897.0,True,False
2,1,10065783509691837098,Falcon-padded-512,0.007239734986796975,0.00042030494660139084,0.0001038240734487772,11.170944209909067,2.026430653918321,2482153.0,666.0,897.0,True,False
2,1,7638533469950735370,Falcon-padded-512,0.008069942006841302,0.0006144230719655752,6.016809493303299e-05,11.287643101997674,2.0042748489197653,2482153.0,666.0,897.0,True,False
2,1,16842138901579292409,Falcon-padded-512,0.008938631042838097,0.00044188695028424263,5.6996941566467285e-05,11.162621685070917,2.0439791504744513,2482153.0,666.0,897.0,True,False
2,1,734844040246406664,Falcon-padded-512,0.014947104034945369,0.0006931719835847616,5.953013896942139e-05,11.113235675962642,1.9917612827507554,2482153.0,666.0,897.0,True,False
2,1,4352461146192319136,Falcon-padded-512,0.009803096996620297,0.0004060647916048765,8.600903674960136e-05,11.50305039389059,2.045647426016012,2482153.0,666.0,897.0,True,False
2,1,5094323887781959546,Falcon-padded-512,0.010644091991707683,0.0005614960100501776,6.185495294630527e-05,11.494181731017306,2.0001350679215353,2482153.0,666.0,897.0,True,False
2,1,5016231818649286827,Falcon-padded-512,0.007130376063287258,0.00036693597212433815,6.731483153998852e-05,11.311045747017488,2.0484057619313525,2482153.0,666.0,897.0,True,False
2,1,6278148592045980423,Falcon-padded-512,0.005951758939772844,0.0003571209963411093,6.245891563594341e-05,11.199462895048782,2.066939537692222,2482153.0,666.0,897.0,True,False
2,1,11069439886275324315,Falcon-padded-512,0.007414474152028561,0.00036250497214496136,5.8650970458984375e-05,6.292508821934462,1.9819556869518984,2482153.0,666.0,897.0,True,False
2,1,3782559219096225205,Falcon-padded-512,0.01113288989290595,0.00033724308013916016,5.773291923105717e-05,6.43069445900619,2.056259067954531,2482153.0,666.0,897.0,True,False
2,2,16842138901579292409,Falcon-padded-512,0.009314351016655564,0.0004099300131201744,8.188607171177864e-05,11.090498318895698,1.759887563954493,2482153.0,666.0,897.0,True,False
2,2,7638533469950735370,Falcon-padded-512,0.009135843953117728,0.0005853190086781979,6.006588228046894e-05,11.088934286031872,1.7534257226688847,2482153.0,666.0,897.0,True,False
2,2,734844040246406664,Falcon-padded-512,0.013271213043481112,0.0005160900764167309,5.804002285003662e-05,11.294417449971661,1.7463960336272124,2482153.0,666.0,897.0,True,False
2,2,10065783509691837098,Falcon-padded-512,0.007428368087857962,0.0003588988911360502,5.796179175376892e-05,11.439734586980194,1.7468285446713685,2482153.0,666.0,897.0,True,False
2,2,5094323887781959546,Falcon-padded-512,0.007034006994217634,0.00041856500320136547,5.896715447306633e-05,11.254141372162849,1.7945305033094565,2482153.0,666.0,897.0,True,False
2,2,4352461146192319136,Falcon-padded-512,0.011506527196615934,0.0005181881133466959,8.842302486300468e-05,11.793447494972497,1.7506608902269107,2482153.0,666.0,897.0,True,False
2,2,6278148592045980423,Falcon-padded-512,0.0065445969812572,0.0005189578514546156,7.890118286013603e-05,11.543751012068242,1.7698782917800222,2482153.0,666.0,897.0,True,False
2,2,5016231818649286827,Falcon-padded-512,0.009504469111561775,0.0004381469916552305,5.923910066485405e-05,11.801218488952145,1.784523807513486,2482153.0,666.0,897.0,True,False
2,2,11069439886275324315,Falcon-padded-512,0.005972859915345907,0.0003539831377565861,5.876505747437477e-05,6.40144620812498,1.7533303203096815,2482153.0,666.0,897.0,True,False
2,2,3782559219096225205,Falcon-padded-512,0.00779877114109695,0.00032489700242877007,5.8347126469016075e-05,6.334182122955099,1.755364896385533,2482153.0,666.0,897.0,True,False
2,3,7638533469950735370,Falcon-padded-512,0.012364323018118739,0.0006364621222019196,7.613794878125191e-05,10.997427569003776,1.5998752185493519,2482153.0,666.0,897.0,True,False
2,3,10065783509691837098,Falcon-padded-512,0.00863386201672256,0.000390433007851243,5.745096132159233e-05,11.060179100139067,1.5749908526232288,2482153.0,666.0,897.0,True,False
2,3,734844040246406664,Falcon-padded-512,0.009928610874339938,0.0004984301049262285,8.312985301017761e-05,11.360350001137704,1.5668539499780934,2482153.0,666.0,897.0,True,False
2,3,16842138901579292409,Falcon-padded-512,0.01167306606657803,0.0005849669687449932,5.92479482293129e-05,11.385849387850612,1.5954165511829839,2482153.0,666.0,897.0,True,False
2,3,4352461146192319136,Falcon-padded-512,0.010436962125822902,0.0007454440928995609,5.9657031670212746e-05,11.078271721955389,1.5805130885664824,2482153.0,666.0,897.0,True,False
2,3,6278148592045980423,Falcon-padded-512,0.011668307008221745,0.0004284749738872051,6.173294968903065e-05,10.77703145518899,1.6273534715555276,2482153.0,666.0,897.0,True,False
2,3,5094323887781959546,Falcon-padded-512,0.00708906096406281,0.0003813470248132944,7.839594036340714e-05,11.377174326917157,1.5949104082812169,2482153.0,666.0,897.0,True,False
2,3,5016231818649286827,Falcon-padded-512,0.006384936161339283,0.0003585140220820904,5.822395905852318e-05,11.019473204854876,1.5984688541691774,2482153.0,666.0,897.0,True,False
2,3,11069439886275324315,Falcon-padded-512,0.0059828299563378096,0.0004301760345697403,5.777203477919102e-05,6.268210293957964,1.5845359882731347,2482153.0,666.0,897.0,True,False
2,3,3782559219096225205,Falcon-padded-512,0.00844186102040112,0.00032835500314831734,5.953991785645485e-05,6.411281465087086,1.5594742404427497,2482153.0,666.0,897.0,True,False
2,4,734844040246406664,Falcon-padded-512,0.009379211813211441,0.0005459869280457497,8.642999455332756e-05,11.71369358105585,1.473553359128867,2482153.0,666.0,897.0,True,False
2,4,7638533469950735370,Falcon-padded-512,0.006878607906401157,0.0004109209403395653,7.400708273053169e-05,11.80775169795379,1.472203452116365,2482153.0,666.0,897.0,True,False
2,4,16842138901579292409,Falcon-padded-512,0.009131873026490211,0.000586566049605608,6.330315954983234e-05,11.708384643075988,1.49449924754489,2482153.0,666.0,897.0,True,False
2,4,10065783509691837098,Falcon-padded-512,0.00736644584685564,0.0004219950642436743,9.789690375328064e-05,11.733543481910601,1.4661693497068564,2482153.0,666.0,897.0,True,False
2,4,4352461146192319136,Falcon-padded-512,0.011252713855355978,0.0003666419070214033,5.928194150328636e-05,11.673494946910068,1.462459736189265,2482153.0,666.0,897.0,True,False
2,4,6278148592045980423,Falcon-padded-512,0.011067037004977465,0.00048312684521079063,6.066286005079746e-05,11.596031959867105,1.4984097541517514,2482153.0,666.0,897.0,True,False
2,4,5016231818649286827,Falcon-padded-512,0.005830744979903102,0.000348484143614769,7.911911234259605e-05,11.689037695992738,1.4967221325370157,2482153.0,666.0,897.0,True,False
2,4,5094323887781959546,Falcon-padded-512,0.0112395528703928,0.00045638601295650005,5.8714067563414574e-05,11.645506480941549,1.4795276010112397,2482153.0,666.0,897.0,True,False
2,4,11069439886275324315,Falcon-padded-512,0.008456432027742267,0.0003821279387921095,5.869893357157707e-05,6.271928808884695,1.4764116808866998,2482153.0,666.0,897.0,True,False
2,4,3782559219096225205,Falcon-padded-512,0.00789619516581297,0.00034087616950273514,5.862908437848091e-05,6.279010256985202,1.4645101249597634,2482153.0,666.0,897.0,True,False
2,5,734844040246406664,Falcon-padded-512,0.010554308071732521,0.0005171401426196098,0.00010374700650572777,11.052143015898764,1.391954955401694,2482153.0,666.0,897.0,True,False
2,5,10065783509691837098,Falcon-padded-512,0.008838329929858446,0.0005343030206859112,7.070600986480713e-05,11.030823457986116,1.3575617287568986,2482153.0,666.0,897.0,True,False
2,5,7638533469950735370,Falcon-padded-512,0.008703723084181547,0.0006180540658533573,7.34871719032526e-05,11.073599328054115,1.3897871246003801,2482153.0,666.0,897.0,True,False
2,5,16842138901579292409,Falcon-padded-512,0.006123712053522468,0.000560342101380229,6.0987891629338264e-05,11.108838635962456,1.3965991982229196,2482153.0,666.0,897.0,True,False
2,5,5016231818649286827,Falcon-padded-512,0.007881559198722243,0.00038387905806303024,6.335997022688389e-05,10.838767579058185,1.3741398127215683,2482153.0,666.0,897.0,True,False
2,5,6278148592045980423,Falcon-padded-512,0.007693535182625055,0.0004995160270482302,6.134295836091042e-05,10.883908787975088,1.4109652258787946,2482153.0,666.0,897.0,True,False
2,5,4352461146192319136,Falcon-padded-512,0.006132270907983184,0.00040000700391829014,0.00016007805243134499,11.156042743008584,1.3720199723911892,2482153.0,666.0,897.0,True,False
2,5,5094323887781959546,Falcon-padded-512,0.009258168982341886,0.0005834149196743965,6.055994890630245e-05,11.097615944920108,1.3749723366111706,2482153.0,666.0,897.0,True,False
2,5,11069439886275324315,Falcon-padded-512,0.007220807950943708,0.0004794320557266474,6.969901733100414e-05,6.589992548106238,1.3792763063862066,2482153.0,666.0,897.0,True,False
2,5,3782559219096225205,Falcon-padded-512,0.008215932175517082,0.00036100693978369236,6.182584911584854e-05,6.585090998094529,1.3790636966182928,2482153.0,666.0,897.0,True,False
2,6,10065783509691837098,Falcon-padded-512,0.010038406122475863,0.0005477981176227331,8.176197297871113e-05,11.299388912972063,1.2723922501703737,2482153.0,666.0,897.0,True,False
2,6,16842138901579292409,Falcon-padded-512,0.015875778160989285,0.0006200710777193308,5.6538963690400124e-05,11.473123358096927,1.3023806590183524,2482153.0,666.0,897.0,True,False
2,6,7638533469950735370,Falcon-padded-512,0.007380863884463906,0.0008530579507350922,5.870591849088669e-05,11.48893402190879,1.285120966707825,2482153.0,666.0,897.0,True,False
2,6,734844040246406664,Falcon-padded-512,0.008749905042350292,0.0005591430235654116,6.553088314831257e-05,11.542615276994184,1.3123149473196383,2482153.0,666.0,897.0,True,False
2,6,5094323887781959546,Falcon-padded-512,0.007831460097804666,0.00040605198591947556,8.137407712638378e-05,11.08934370498173,1.284083179607513,2482153.0,666.0,897.0,True,False
2,6,5016231818649286827,Falcon-padded-512,0.0064110420644283295,0.00033995299600064754,7.80539121478796e-05,11.1179478620179,1.2946609281430579,2482153.0,666.0,897.0,True,False
2,6,4352461146192319136,Falcon-padded-512,0.015432209940627217,0.0004896300379186869,7.468904368579388e-05,11.391676518134773,1.2766162582263825,2482153.0,666.0,897.0,True,False
2,6,6278148592045980423,Falcon-padded-512,0.012096523074433208,0.00047561898827552795,5.994690582156181e-05,11.067301345989108,1.3133826024213415,2482153.0,666.0,897.0,True,False
2,6,3782559219096225205,Falcon-padded-512,0.007356783840805292,0.00033224187791347504,5.862792022526264e-05,6.218480906216428,1.2833451199683414,2482153.0,666.0,897.0,True,False
2,6,11069439886275324315,Falcon-padded-512,0.007914380170404911,0.0003615089226514101,6.0205115005373955e-05,6.228123737964779,1.3000326540060103,2482153.0,666.0,897.0,True,False
2,7,7638533469950735370,Falcon-padded-512,0.008798399940133095,0.0006676218472421169,7.585505954921246e-05,11.26604230911471,1.2017174883253257,2482153.0,666.0,897.0,True,False
2,7,734844040246406664,Falcon-padded-512,0.0066615380346775055,0.0005350459832698107,5.667307414114475e-05,11.280185719951987,1.2165402048712324,2482153.0,666.0,897.0,True,False
2,7,16842138901579292409,Falcon-padded-512,0.008893729886040092,0.00056873494759202,5.621393211185932e-05,11.194123964989558,1.2306923448659812,2482153.0,666.0,897.0,True,False
2,7,10065783509691837098,Falcon-padded-512,0.007045679958537221,0.0003959301393479109,5.678297020494938e-05,11.285717975115404,1.193555319385164,2482153.0,666.0,897.0,True,False
2,7,4352461146192319136,Falcon-padded-512,0.008548858109861612,0.0004941639490425587,5.7067954912781715e-05,11.261237461818382,1.1986106300050285,2482153.0,666.0,897.0,True,False
2,7,5094323887781959546,Falcon-padded-512,0.010705515975132585,0.0005296701565384865,6.0424208641052246e-05,11.450392065104097,1.1980802067525826,2482153.0,666.0,897.0,True,False
2,7,5016231818649286827,Falcon-padded-512,0.008475700858980417,0.00041611003689467907,7.471791468560696e-05,11.520822638878599,1.2007649453582279,2482153.0,666.0,897.0,True,False
2,7,6278148592045980423,Falcon-padded-512,0.005955734057351947,0.0003444119356572628,5.641602911055088e-05,11.541792168980464,1.2226309259985662,2482153.0,666.0,897.0,True,False
2,7,3782559219096225205,Falcon-padded-512,0.0084214280359447,0.0004527259152382612,5.943304859101772e-05,6.421565879136324,1.1969342941691161,2482153.0,666.0,897.0,True,False
2,7,11069439886275324315,Falcon-padded-512,0.007124659838154912,0.0003434161189943552,5.684304051101208e-05,6.689728810917586,1.2391621713425702,2482153.0,666.0,897.0,True,False
2,8,7638533469950735370,Falcon-padded-512,0.008757414063438773,0.0005025751888751984,7.535796612501144e-05,10.98987698694691,1.1451038365151471,2482153.0,666.0,897.0,True,False
2,8,16842138901579292409,Falcon-padded-512,0.011677121045067906,0.0005860980600118637,5.633896216750145e-05,11.079952538013458,1.1631141711192525,2482153.0,666.0,897.0,True,False
2,8,10065783509691837098,Falcon-padded-512,0.010010105092078447,0.0004587857984006405,5.66339585930109e-05,11.244204654823989,1.1243159061024903,2482153.0,666.0,897.0,True,False
2,8,734844040246406664,Falcon-padded-512,0.005893621128052473,0.00035400898195803165,5.698204040527344e-05,11.213958287844434,1.1642577006558703,2482153.0,666.0,897.0,True,False
2,8,5094323887781959546,Falcon-padded-512,0.0175060520414263,0.0003534378483891487,5.6555960327386856e-05,11.03529657702893,1.1295266815811207,2482153.0,666.0,897.0,True,False
2,8,4352461146192319136,Falcon-padded-512,0.009523601038381457,0.0005208929069340229,5.914899520576e-05,11.315721503924578,1.1274367062149533,2482153.0,666.0,897.0,True,False
2,8,5016231818649286827,Falcon-padded-512,0.006658108904957771,0.0004258011467754841,0.00010951701551675797,11.181570455199108,1.134024757488518,2482153.0,666.0,897.0,True,False
2,8,6278148592045980423,Falcon-padded-512,0.007654370041564107,0.0004688049666583538,5.640694871544838e-05,11.314279675949365,1.168531456191069,2482153.0,666.0,897.0,True,False
2,8,11069439886275324315,Falcon-padded-512,0.009035735158249736,0.00037121307104825974,5.663791671395302e-05,6.3841180289164186,1.1528110978709665,2482153.0,666.0,897.0,True,False
2,8,3782559219096225205,Falcon-padded-512,0.008011657977476716,0.0003225510008633137,5.652592517435551e-05,6.3989147648680955,1.128157869266097,2482153.0,666.0,897.0,True,False
2,9,734844040246406664,Falcon-padded-512,0.010269960854202509,0.0004982519894838333,7.503596134483814e-05,11.363133093109354,1.0969312004982286,2482153.0,666.0,897.0,True,False
2,9,16842138901579292409,Falcon-padded-512,0.009974433109164238,0.0006135811563581228,5.639204755425453e-05,11.47554326010868,1.0895950107058143,2482153.0,666.0,897.0,True,False
2,9,7638533469950735370,Falcon-padded-512,0.01647535595111549,0.0007996829226613045,5.5998098105192184e-05,11.688510122010484,1.0840648317792614,2482153.0,666.0,897.0,True,False
2,9,10065783509691837098,Falcon-padded-512,0.009528586873784661,0.0004961809609085321,5.71210402995348e-05,11.745684456080198,1.0621329610514794,2482153.0,666.0,897.0,True,False
2,9,5094323887781959546,Falcon-padded-512,0.013552352786064148,0.0005281001795083284,5.6232092902064323e-05,10.977689360966906,1.0807379051378578,2482153.0,666.0,897.0,True,False
2,9,4352461146192319136,Falcon-padded-512,0.012990913121029735,0.0005399100482463837,5.906890146434307e-05,11.323828891152516,1.06837295878465,2482153.0,666.0,897.0,True,False
2,9,5016231818649286827,Falcon-padded-512,0.009673079010099173,0.0005192640237510204,7.830304093658924e-05,11.145750056020916,1.0811074155910758,2482153.0,666.0,897.0,True,False
2,9,6278148592045980423,Falcon-padded-512,0.007330524967983365,0.0003545831423252821,5.5966898798942566e-05,11.326156403170899,1.1147457733275785,2482153.0,666.0,897.0,True,False
2,9,11069439886275324315,Falcon-padded-512,0.006042623892426491,0.000356889795511961,5.673803389072418e-05,6.276824378874153,1.086639173091597,2482153.0,666.0,897.0,True,False
2,9,3782559219096225205,Falcon-padded-512,0.006115844007581472,0.00036917603574693203,5.822186358273029e-05,6.244096527108923,1.0661374968328294,2482153.0,666.0,897.0,True,False
2,10,7638533469950735370,Falcon-padded-512,0.008522766875103116,0.0008934130892157555,7.566087879240513e-05,11.057112375972793,1.0379892564882898,2482153.0,666.0,897.0,True,False
2,10,734844040246406664,Falcon-padded-512,0.007353750057518482,0.0004049011040478945,7.980200462043285e-05,11.143246465129778,1.0298749162892626,2482153.0,666.0,897.0,True,False
2,10,16842138901579292409,Falcon-padded-512,0.006501327967271209,0.0003562441561371088,5.618901923298836e-05,11.164903352037072,1.0306941077208063,2482153.0,666.0,897.0,True,False
2,10,10065783509691837098,Falcon-padded-512,0.014614592073485255,0.0005033838097006083,5.8390898630023e-05,11.202867392916232,1.0013888187848838,2482153.0,666.0,897.0,True,False
2,10,4352461146192319136,Falcon-padded-512,0.008840002119541168,0.00035062292590737343,5.762791261076927e-05,11.075109218014404,1.0257233641329844,2482153.0,666.0,897.0,True,False
2,10,5016231818649286827,Falcon-padded-512,0.008821262046694756,0.0004263250157237053,5.9851910918951035e-05,10.954435416962951,1.0390092745708053,2482153.0,666.0,897.0,True,False
2,10,5094323887781959546,Falcon-padded-512,0.006620030151680112,0.0003567649982869625,7.415213622152805e-05,11.24369021714665,1.0234810318916467,2482153.0,666.0,897.0,True,False
2,10,6278148592045980423,Falcon-padded-512,0.006187632912769914,0.0003950770478695631,5.696713924407959e-05,11.274106378899887,1.0697327924382156,2482153.0,666.0,897.0,True,False
2,10,3782559219096225205,Falcon-padded-512,0.007635307963937521,0.00034555187448859215,5.6477030739188194e-05,6.750201885122806,1.0028317682682328,2482153.0,666.0,897.0,True,False
2,10,11069439886275324315,Falcon-padded-512,0.007858244003728032,0.00039900909177958965,5.649798549711704e-05,6.8287701811641455,1.0335567221520052,2482153.0,666.0,897.0,True,False
2,11,7638533469950735370,Falcon-padded-512,0.008840366965159774,0.0006828780751675367,7.800408639013767e-05,11.00862421700731,0.9918089505213841,2482153.0,666.0,897.0,True,False
2,11,10065783509691837098,Falcon-padded-512,0.006541698006913066,0.00034996517933905125,5.663209594786167e-05,11.093156296061352,0.9452285960221746,2482153.0,666.0,897.0,True,False
2,11,734844040246406664,Falcon-padded-512,0.011695254128426313,0.0005166239570826292,5.709100514650345e-05,11.268776366952807,0.985415398694907,2482153.0,666.0,897.0,True,False
2,11,16842138901579292409,Falcon-padded-512,0.010463336948305368,0.0005031728651374578,5.791289731860161e-05,11.443310985108837,0.9790718164413598,2482153.0,666.0,897.0,True,False
2,11,5094323887781959546,Falcon-padded-512,0.008845768868923187,0.0008404268883168697,5.647493526339531e-05,11.12661015195772,0.9745698351009636,2482153.0,666.0,897.0,True,False
2,11,4352461146192319136,Falcon-padded-512,0.006399397039785981,0.0003478799480944872,5.965796299278736e-05,11.219548655906692,0.9653775295254531,2482153.0,666.0,897.0,True,False
2,11,5016231818649286827,Falcon-padded-512,0.010209362022578716,0.0005130760837346315,7.88599718362093e-05,11.263275759993121,0.976028657642899,2482153.0,666.0,897.0,True,False
2,11,6278148592045980423,Falcon-padded-512,0.006299501052126288,0.0003671078011393547,5.74970617890358e-05,11.183328300016,1.0117872342182572,2482153.0,666.0,897.0,True,False
2,11,11069439886275324315,Falcon-padded-512,0.006355636985972524,0.00034850696101784706,5.6748976930975914e-05,6.370867507066578,0.9806996382725467,2482153.0,666.0,897.0,True,False
2,11,3782559219096225205,Falcon-padded-512,0.01156628504395485,0.00033551594242453575,5.625421181321144e-05,6.413584717083722,0.9716967640409044,2482153.0,666.0,897.0,True,False
2,12,10065783509691837098,Falcon-padded-512,0.00690687308087945,0.0004761710297316313,8.804700337350368e-05,10.98468633601442,0.8982425404202407,2482153.0,666.0,897.0,True,False
2,12,16842138901579292409,Falcon-padded-512,0.007664040196686983,0.0004711130168288946,6.305892020463943e-05,11.000620875973254,0.9209386419718433,2482153.0,666.0,897.0,True,False
2,12,7638533469950735370,Falcon-padded-512,0.011092002969235182,0.0005329048726707697,5.907891318202019e-05,11.05592427495867,0.9573062307136074,2482153.0,666.0,897.0,True,False
2,12,734844040246406664,Falcon-padded-512,0.006514865905046463,0.0004020279739052057,5.9887999668717384e-05,11.113164126873016,0.9420002323047371,2482153.0,666.0,897.0,True,False
2,12,5094323887781959546,Falcon-padded-512,0.007690150057896972,0.00046183611266314983,5.992921069264412e-05,11.478203385835513,0.915451666921567,2482153.0,666.0,897.0,True,False
2,12,6278148592045980423,Falcon-padded-512,0.009947869926691055,0.0006529211532324553,6.31650909781456e-05,11.515169163001701,0.938104888625965,2482153.0,666.0,897.0,True,False
2,12,4352461146192319136,Falcon-padded-512,0.014841549098491669,0.0005173049867153168,7.688300684094429e-05,11.719035970047116,0.9317540148640894,2482153.0,666.0,897.0,True,False
2,12,5016231818649286827,Falcon-padded-512,0.007700652116909623,0.00040436512790620327,5.872291512787342e-05,11.61266403296031,0.936342017096319,2482153.0,666.0,897.0,True,False
2,12,11069439886275324315,Falcon-padded-512,0.006168243940919638,0.00035900017246603966,5.6694960221648216e-05,6.454447413096204,0.9375388320464237,2482153.0,666.0,897.0,True,False
2,12,3782559219096225205,Falcon-padded-512,0.005864094011485577,0.0003503519110381603,5.615712143480778e-05,6.471649416023865,0.9238682294347483,2482153.0,666.0,897.0,True,False
2,13,16842138901579292409,Falcon-padded-512,0.009762032888829708,0.0006484950426965952,9.051105007529259e-05,11.271249312907457,0.8848697427351764,2482153.0,666.0,897.0,True,False
2,13,7638533469950735370,Falcon-padded-512,0.010020619025453925,0.00039703515358269215,5.6850025430321693e-05,11.217791246948764,0.9140245477864697,2482153.0,666.0,897.0,True,False
2,13,734844040246406664,Falcon-padded-512,0.012493208050727844,0.0005197590216994286,5.683605559170246e-05,11.392930685076863,0.885109570565497,2482153.0,666.0,897.0,True,False
2,13,10065783509691837098,Falcon-padded-512,0.006826090160757303,0.0003561070188879967,5.852896720170975e-05,11.450883907964453,0.8462965611819249,2482153.0,666.0,897.0,True,False
2,13,4352461146192319136,Falcon-padded-512,0.007200511870905757,0.0003600118216127157,5.701696500182152e-05,10.980221020057797,0.8727322646007416,2482153.0,666.0,897.0,True,False
2,13,5094323887781959546,Falcon-padded-512,0.012015549931675196,0.0005102031864225864,5.910196341574192e-05,11.00866822595708,0.8534563489400657,2482153.0,666.0,897.0,True,False
2,13,6278148592045980423,Falcon-padded-512,0.011210131924599409,0.0004354191478341818,8.720206096768379e-05,11.15380741097033,0.8933683102297935,2482153.0,666.0,897.0,True,False
2,13,5016231818649286827,Falcon-padded-512,0.012469951063394547,0.00035035121254622936,9.906687773764133e-05,11.267841678112745,0.882136806181282,2482153.0,666.0,897.0,True,False
2,13,11069439886275324315,Falcon-padded-512,0.00687940907664597,0.00041347090154886246,5.6906137615442276e-05,6.2846654548775405,0.8901517814511706,2482153.0,666.0,897.0,True,False
2,13,3782559219096225205,Falcon-padded-512,0.008327755844220519,0.0003323429264128208,5.670893006026745e-05,6.194011657964438,0.8658099142229481,2482153.0,666.0,897.0,True,False
2,14,7638533469950735370,Falcon-padded-512,0.009622544050216675,0.0008780849166214466,7.613492198288441e-05,11.122060565045103,0.8557907014515749,2482153.0,666.0,897.0,True,False
2,14,10065783509691837098,Falcon-padded-512,0.010299679124727845,0.0005078678950667381,5.74339646846056e-05,11.160780292004347,0.8134632940125314,2482153.0,666.0,897.0,True,False
2,14,734844040246406664,Falcon-padded-512,0.013566988054662943,0.0004975830670446157,5.873199552297592e-05,11.2968025628943,0.8385602190236378,2482153.0,666.0,897.0,True,False
2,14,16842138901579292409,Falcon-padded-512,0.0077321690041571856,0.0005045628640800714,5.7884957641363144e-05,11.563094954937696,0.8255473986552779,2482153.0,666.0,897.0,True,False
2,14,5094323887781959546,Falcon-padded-512,0.007019574986770749,0.00043178489431738853,5.825003609061241e-05,11.152691369177774,0.8182921200800853,2482153.0,666.0,897.0,True,False
2,14,4352461146192319136,Falcon-padded-512,0.006434110924601555,0.00042319693602621555,9.206589311361313e-05,11.34005246590823,0.8352092262476113,2482153.0,666.0,897.0,True,False
2,14,5016231818649286827,Falcon-padded-512,0.007166444091126323,0.00037233298644423485,9.117694571614265e-05,11.16743847890757,0.8433729051404698,2482153.0,666.0,897.0,True,False
2,14,6278148592045980423,Falcon-padded-512,0.00799243082292378,0.00035395589657127857,6.189313717186451e-05,11.01129971886985,0.8402427452005399,2482153.0,666.0,897.0,True,False
2,14,3782559219096225205,Falcon-padded-512,0.006722911959514022,0.000321617117151618,6.270897574722767e-05,6.443042543949559,0.8258167150293946,2482153.0,666.0,897.0,True,False
2,14,11069439886275324315,Falcon-padded-512,0.008819303009659052,0.0005874000489711761,9.081303142011166e-05,6.420605326071382,0.8302528516502138,2482153.0,666.0,897.0,True,False
2,15,7638533469950735370,Falcon-padded-512,0.01122572086751461,0.00034938519820570946,9.484193287789822e-05,10.955063621979207,0.805824618430654,2482153.0,666.0,897.0,True,False
2,15,16842138901579292409,Falcon-padded-512,0.008909669937565923,0.0005392259918153286,5.812104791402817e-05,11.11725113610737,0.8037992376051132,2482153.0,666.0,897.0,True,False
2,15,10065783509691837098,Falcon-padded-512,0.006680262042209506,0.0005571539513766766,5.6070974096655846e-05,11.120695309946314,0.7704859159554646,2482153.0,666.0,897.0,True,False
2,15,734844040246406664,Falcon-padded-512,0.009947390062734485,0.00035876408219337463,5.711382254958153e-05,11.392343242885545,0.7877548483146983,2482153.0,666.0,897.0,True,False
2,15,5094323887781959546,Falcon-padded-512,0.01009615883231163,0.0005031418986618519,5.8230943977832794e-05,11.167346965987235,0.7818480023912563,2482153.0,666.0,897.0,True,False
2,15,4352461146192319136,Falcon-padded-512,0.009241146966814995,0.0005334890447556973,6.054597906768322e-05,11.245054949074984,0.7950428294338239,2482153.0,666.0,897.0,True,False
2,15,6278148592045980423,Falcon-padded-512,0.010024258168414235,0.00045341113582253456,7.616612128913403e-05,11.26725980406627,0.8199624350875806,2482153.0,666.0,897.0,True,False
2,15,5016231818649286827,Falcon-padded-512,0.005968280136585236,0.0004715879913419485,6.049196235835552e-05,11.572715169982985,0.7966721278087349,2482153.0,666.0,897.0,True,False
2,15,11069439886275324315,Falcon-padded-512,0.009680354967713356,0.00041466602124273777,6.140908226370811e-05,6.44038196420297,0.7955927534657679,2482153.0,666.0,897.0,True,False
2,15,3782559219096225205,Falcon-padded-512,0.00636830204166472,0.00033097597770392895,6.079394370317459e-05,6.3991342659574,0.8008803355086381,2482153.0,666.0,897.0,True,False
2,16,16842138901579292409,Falcon-padded-512,0.01072764815762639,0.00043890695087611675,0.00012601213529706,11.103630549041554,0.7634272141631242,2482153.0,666.0,897.0,True,False
2,16,10065783509691837098,Falcon-padded-512,0.010560652939602733,0.0005198409780859947,5.6706834584474564e-05,11.216852530138567,0.7424606641007078,2482153.0,666.0,897.0,True,False
2,16,7638533469950735370,Falcon-padded-512,0.012715204153209925,0.000521946931257844,5.62428031116724e-05,11.365410133032128,0.7662688943610829,2482153.0,666.0,897.0,True,False
2,16,734844040246406664,Falcon-padded-512,0.0057866929564625025,0.000344105064868927,5.63901849091053e-05,11.558066464960575,0.7538585224349028,2482153.0,666.0,897.0,True,False
2,16,4352461146192319136,Falcon-padded-512,0.012221572920680046,0.00040360400453209877,5.684792995452881e-05,10.810358723858371,0.7667302625953771,2482153.0,666.0,897.0,True,False
2,16,6278148592045980423,Falcon-padded-512,0.007960499031469226,0.00045722397044301033,6.704614497721195e-05,11.029076036065817,0.783264723363196,2482153.0,666.0,897.0,True,False
2,16,5016231818649286827,Falcon-padded-512,0.015424264827743173,0.0006624269299209118,7.608695887029171e-05,11.037126314127818,0.7550336272473548,2482153.0,666.0,897.0,True,False
2,16,5094323887781959546,Falcon-padded-512,0.0067453631199896336,0.00038033793680369854,8.982792496681213e-05,11.31410840107128,0.7191840097972542,2482153.0,666.0,897.0,True,False
2,16,11069439886275324315,Falcon-padded-512,0.00605426006950438,0.0003561698831617832,8.606584742665291e-05,6.150819646893069,0.755071111070882,2482153.0,666.0,897.0,True,False
2,16,3782559219096225205,Falcon-padded-512,0.007520294981077313,0.00038191815838217735,5.639600567519665e-05,6.125169598031789,0.7402856769455466,2482153.0,666.0,897.0,True,False
2,17,7638533469950735370,Falcon-padded-512,0.013105887919664383,0.00042023113928735256,7.999502122402191e-05,11.54929708596319,0.7325316542273115,2482153.0,666.0,897.0,True,False
2,17,734844040246406664,Falcon-padded-512,0.010922783054411411,0.0007007259409874678,5.938904359936714e-05,11.537921543000266,0.714510695000363,2482153.0,666.0,897.0,True,False
2,17,16842138901579292409,Falcon-padded-512,0.009472908917814493,0.0005164679605513811,5.915295332670212e-05,11.610689217923209,0.7290422674387124,2482153.0,666.0,897.0,True,False
2,17,10065783509691837098,Falcon-padded-512,0.007344367913901806,0.0004373649135231972,5.953013896942139e-05,11.645670678000897,0.7038052819526879,2482153.0,666.0,897.0,True,False
2,17,5094323887781959546,Falcon-padded-512,0.010015742853283882,0.00034707109443843365,5.665188655257225e-05,10.889627160970122,0.719857150297256,2482153.0,666.0,897.0,True,False
2,17,4352461146192319136,Falcon-padded-512,0.006002146052196622,0.00034822081215679646,5.939509719610214e-05,10.922980817966163,0.7256584492079012,2482153.0,666.0,897.0,True,False
2,17,5016231818649286827,Falcon-padded-512,0.006904142908751965,0.000359260942786932,7.485412061214447e-05,11.216827805852517,0.714267212968723,2482153.0,666.0,897.0,True,False
2,17,6278148592045980423,Falcon-padded-512,0.007557042175903916,0.0003531391266733408,5.740090273320675e-05,11.17263283696957,0.7266014977625221,2482153.0,666.0,897.0,True,False
2,17,11069439886275324315,Falcon-padded-512,0.006551512982696295,0.0003533449489623308,5.63659705221653e-05,6.293160780798644,0.7023430757082192,2482153.0,666.0,897.0,True,False
2,17,3782559219096225205,Falcon-padded-512,0.005903984187170863,0.0003340968396514654,6.128591485321522e-05,6.3120823400095105,0.7078243539591503,2482153.0,666.0,897.0,True,False
2,18,7638533469950735370,Falcon-padded-512,0.009560368955135345,0.0007494739256799221,7.544993422925472e-05,10.949114083079621,0.6799439652140733,2482153.0,666.0,897.0,True,False
2,18,10065783509691837098,Falcon-padded-512,0.00754726305603981,0.0004053169395774603,5.622301250696182e-05,11.154794482979923,0.6944275452832508,2482153.0,666.0,897.0,True,False
2,18,734844040246406664,Falcon-padded-512,0.006216051988303661,0.0005281190387904644,5.716807208955288e-05,11.194647896103561,0.7008765813461535,2482153.0,666.0,897.0,True,False
2,18,16842138901579292409,Falcon-padded-512,0.006575135979801416,0.0004291119985282421,5.763489753007889e-05,11.296853343956172,0.7024425084044219,2482153.0,666.0,897.0,True,False
2,18,4352461146192319136,Falcon-padded-512,0.016700488980859518,0.0006364251021295786,5.676504224538803e-05,10.975483818911016,0.7109982142592691,2482153.0,666.0,897.0,True,False
2,18,5094323887781959546,Falcon-padded-512,0.00617589196190238,0.00038639805279672146,6.022816523909569e-05,10.95987745700404,0.685399531179173,2482153.0,666.0,897.0,True,False
2,18,5016231818649286827,Falcon-padded-512,0.00957668898627162,0.0006024250760674477,7.493211887776852e-05,10.999307824065909,0.6862140086236274,2482153.0,666.0,897.0,True,False
2,18,6278148592045980423,Falcon-padded-512,0.005798097001388669,0.0003384719602763653,6.043887697160244e-05,11.040524910902604,0.7071985889961765,2482153.0,666.0,897.0,True,False
2,18,11069439886275324315,Falcon-padded-512,0.011630363063886762,0.00034764502197504044,5.704397335648537e-05,6.254309405107051,0.670214204604079,2482153.0,666.0,897.0,True,False
2,18,3782559219096225205,Falcon-padded-512,0.008012642851099372,0.00033017899841070175,5.709100514650345e-05,6.333034719107673,0.6879234890079802,2482153.0,666.0,897.0,True,False
2,19,16842138901579292409,Falcon-padded-512,0.009323414182290435,0.0007168320007622242,0.0001224821899086237,11.031216592062265,0.651471517790275,2482153.0,666.0,897.0,True,False
2,19,10065783509691837098,Falcon-padded-512,0.009154214058071375,0.0004935259930789471,5.843816325068474e-05,11.017327627865598,0.6385435813646407,2482153.0,666.0,897.0,True,False
2,19,7638533469950735370,Falcon-padded-512,0.012238450814038515,0.0005942750722169876,5.729612894356251e-05,11.152221385156736,0.6384750836214442,2482153.0,666.0,897.0,True,False
2,19,734844040246406664,Falcon-padded-512,0.009002527920529246,0.0005243341438472271,5.7720113545656204e-05,11.168895637849346,0.6761358250288447,2482153.0,666.0,897.0,True,False
2,19,5016231818649286827,Falcon-padded-512,0.007960700895637274,0.0004313420504331589,5.729682743549347e-05,11.009813401848078,0.6491933272332903,2482153.0,666.0,897.0,True,False
2,19,4352461146192319136,Falcon-padded-512,0.00633778003975749,0.00038194702938199043,6.191711872816086e-05,11.022351377177984,0.6687750718111445,2482153.0,666.0,897.0,True,False
2,19,6278148592045980423,Falcon-padded-512,0.007734282873570919,0.00039533316157758236,8.283602073788643e-05,11.063928318908438,0.6738585935561521,2482153.0,666.0,897.0,True,False
2,19,5094323887781959546,Falcon-padded-512,0.011644063983112574,0.0003380109556019306,5.985400639474392e-05,11.273901796201244,0.6410144500576767,2482153.0,666.0,897.0,True,False
2,19,3782559219096225205,Falcon-padded-512,0.00793995801359415,0.00033161090686917305,5.8379024267196655e-05,6.210364974103868,0.6323828768388481,2482153.0,666.0,897.0,True,False
2,19,11069439886275324315,Falcon-padded-512,0.008128507994115353,0.0005112909711897373,5.84418885409832e-05,6.179665812058374,0.6371759334282511,2482153.0,666.0,897.0,True,False
2,20,734844040246406664,Falcon-padded-512,0.012193315895274282,0.0006080931052565575,7.841503247618675e-05,10.928051450988278,0.6600774255148165,2482153.0,666.0,897.0,True,False
2,20,10065783509691837098,Falcon-padded-512,0.008767348947003484,0.00037467596121132374,5.748984403908253e-05,11.097250557970256,0.6453896290652311,2482153.0,666.0,897.0,True,False
2,20,16842138901579292409,Falcon-padded-512,0.012398395221680403,0.000507621094584465,5.830707959830761e-05,11.104422048898414,0.6257807699738035,2482153.0,666.0,897.0,True,False
2,20,7638533469950735370,Falcon-padded-512,0.009532761992886662,0.000367562985047698,5.688285455107689e-05,11.11238959711045,0.6280508052771259,2482153.0,666.0,897.0,True,False
2,20,5094323887781959546,Falcon-padded-512,0.008632028009742498,0.0005210950039327145,5.866819992661476e-05,11.248778379987925,0.6108685878052074,2482153.0,666.0,897.0,True,False
2,20,4352461146192319136,Falcon-padded-512,0.008028750075027347,0.00050901691429317,6.066495552659035e-05,11.43042281200178,0.6303275062874624,2482153.0,666.0,897.0,True,False
2,20,6278148592045980423,Falcon-padded-512,0.008159552933648229,0.00034735514782369137,7.796497084200382e-05,11.676614433992654,0.653068733727856,2482153.0,666.0,897.0,True,False
2,20,5016231818649286827,Falcon-padded-512,0.005966688971966505,0.00035110488533973694,5.6657008826732635e-05,11.80712261912413,0.6122799318782084,2482153.0,666.0,897.0,True,False
2,20,11069439886275324315,Falcon-padded-512,0.010796491988003254,0.0004946170374751091,5.63119538128376e-05,6.28417006903328,0.6200993073878774,2482153.0,666.0,897.0,True,False
2,20,3782559219096225205,Falcon-padded-512,0.00682535907253623,0.0003295841161161661,5.656899884343147e-05,6.358672074973583,0.6106476775210374,2482153.0,666.0,897.0,True,False
2,21,7638533469950735370,Falcon-padded-512,0.006268568802624941,0.0004486069083213806,7.497891783714294e-05,11.09523208416067,0.5974496403222631,2482153.0,666.0,897.0,True,False
2,21,734844040246406664,Falcon-padded-512,0.010162163991481066,0.0004089078865945339,5.610194057226181e-05,11.182147932937369,0.6235346611897656,2482153.0,666.0,897.0,True,False
2,21,16842138901579292409,Falcon-padded-512,0.010529502062126994,0.00065253721550107,5.8345962315797806e-05,11.216956118121743,0.6159006267026731,2482153.0,666.0,897.0,True,False
2,21,10065783509691837098,Falcon-padded-512,0.010304189985617995,0.00058521400205791,5.6443968787789345e-05,11.239405652042478,0.5959113235496412,2482153.0,666.0,897.0,True,False
2,21,4352461146192319136,Falcon-padded-512,0.00699289795011282,0.0004409130197018385,5.661207251250744e-05,11.016002543037757,0.6216067140981271,2482153.0,666.0,897.0,True,False
2,21,5094323887781959546,Falcon-padded-512,0.006257581990212202,0.0004123810213059187,6.187008693814278e-05,11.108519909903407,0.5854664997073116,2482153.0,666.0,897.0,True,False
2,21,5016231818649286827,Falcon-padded-512,0.006554313935339451,0.0003960051108151674,8.152704685926437e-05,11.172610803041607,0.583606784700588,2482153.0,666.0,897.0,True,False
2,21,6278148592045980423,Falcon-padded-512,0.009481159970164299,0.0004980710800737143,6.001698784530163e-05,11.090053780004382,0.6394415969729044,2482153.0,666.0,897.0,True,False
2,21,11069439886275324315,Falcon-padded-512,0.006551055936142802,0.0004085451364517212,5.9581827372312546e-05,6.361396223073825,0.6170782919047745,2482153.0,666.0,897.0,True,False
2,21,3782559219096225205,Falcon-padded-512,0.006969404174014926,0.00033374596387147903,6.02018553763628e-05,6.2775744129903615,0.5909490994397243,2482153.0,666.0,897.0,True,False
2,22,7638533469950735370,Falcon-padded-512,0.008131841896101832,0.0005126111209392548,7.817591540515423e-05,11.396576480008662,0.5822723792616729,2482153.0,666.0,897.0,True,False
2,22,10065783509691837098,Falcon-padded-512,0.006543152034282684,0.0005161238368600607,5.745096132159233e-05,11.68235789006576,0.5805219413748213,2482153.0,666.0,897.0,True,False
2,22,734844040246406664,Falcon-padded-512,0.013700043084099889,0.0005490081384778023,5.759601481258869e-05,11.698656054912135,0.6075790056567283,2482153.0,666.0,897.0,True,False
2,22,16842138901579292409,Falcon-padded-512,0.019619648111984134,0.0005358268972486258,5.680578760802746e-05,11.974938751896843,0.5805318182820727,2482153.0,666.0,897.0,True,False
2,22,4352461146192319136,Falcon-padded-512,0.008684001164510846,0.0005673561245203018,5.6726159527897835e-05,11.1081882561557,0.5889094051234661,2482153.0,666.0,897.0,True,False
2,22,5094323887781959546,Falcon-padded-512,0.009223970118910074,0.0003989289980381727,6.7966990172863e-05,11.153466847958043,0.5777629529879351,2482153.0,666.0,897.0,True,False
2,22,5016231818649286827,Falcon-padded-512,0.00732856011018157,0.00043194321915507317,7.876916788518429e-05,11.226261019939557,0.5366651545854131,2482153.0,666.0,897.0,True,False
2,22,6278148592045980423,Falcon-padded-512,0.005991441896185279,0.00041311304084956646,5.7745957747101784e-05,10.940879535861313,0.6161979945601931,2482153.0,666.0,897.0,True,False
2,22,11069439886275324315,Falcon-padded-512,0.0068177408538758755,0.00041406089439988136,5.8110104873776436e-05,6.630382697796449,0.5703992727835467,2482153.0,666.0,897.0,True,False
2,22,3782559219096225205,Falcon-padded-512,0.006961843930184841,0.0003243149258196354,5.73829747736454e-05,6.597879043081775,0.5562708573119276,2482153.0,666.0,897.0,True,False
2,23,16842138901579292409,Falcon-padded-512,0.007549618138000369,0.0005602592136710882,7.529184222221375e-05,10.835038577904925,0.5604735936281408,2482153.0,666.0,897.0,True,False
2,23,10065783509691837098,Falcon-padded-512,0.0075013290625065565,0.0003933059051632881,5.6582968682050705e-05,11.019376473035663,0.5514180250703149,2482153.0,666.0,897.0,True,False
2,23,7638533469950735370,Falcon-padded-512,0.009232871001586318,0.0005165929906070232,5.632289685308933e-05,11.060482022818178,0.5405443630116001,2482153.0,666.0,897.0,True,False
2,23,734844040246406664,Falcon-padded-512,0.007322198944166303,0.00034731696359813213,5.6900084018707275e-05,11.069146319059655,0.5678630282117683,2482153.0,666.0,897.0,True,False
2,23,4352461146192319136,Falcon-padded-512,0.009515088051557541,0.0007412079721689224,5.649798549711704e-05,11.083205516915768,0.5728176352182391,2482153.0,666.0,897.0,True,False
2,23,5016231818649286827,Falcon-padded-512,0.006310241995379329,0.0004046829417347908,5.672406405210495e-05,10.991037589963526,0.5349614467875213,2482153.0,666.0,897.0,True,False
2,23,6278148592045980423,Falcon-padded-512,0.008140822872519493,0.0005138891283422709,8.609308861196041e-05,11.012379013001919,0.5758803152971587,2482153.0,666.0,897.0,True,False
2,23,5094323887781959546,Falcon-padded-512,0.010103557026013732,0.0005000999663025141,5.677388980984688e-05,11.080946421949193,0.5461922516678549,2482153.0,666.0,897.0,True,False
2,23,3782559219096225205,Falcon-padded-512,0.021808036137372255,0.0004203550051897764,5.822908133268356e-05,6.712715000147,0.5545642158123338,2482153.0,666.0,897.0,True,False
2,23,11069439886275324315,Falcon-padded-512,0.006275371182709932,0.0003268350847065449,5.987216718494892e-05,6.9944282590877265,0.5573832120888742,2482153.0,666.0,897.0,True,False
2,24,7638533469950735370,Falcon-padded-512,0.008782283868640661,0.0005435098428279161,7.719802670180798e-05,10.83693993394263,0.5229084564574585,2482153.0,666.0,897.0,True,False
2,24,10065783509691837098,Falcon-padded-512,0.01684479508548975,0.0004210858605802059,6.047217175364494e-05,11.009495398029685,0.49324337929297407,2482153.0,666.0,897.0,True,False
2,24,734844040246406664,Falcon-padded-512,0.007638145936653018,0.0003566180821508169,5.716201849281788e-05,11.122013540007174,0.5523751125831133,2482153.0,666.0,897.0,True,False
2,24,16842138901579292409,Falcon-padded-512,0.007090091006830335,0.00034081190824508667,5.735503509640694e-05,11.113985545933247,0.5153077692268001,2482153.0,666.0,897.0,True,False
2,24,4352461146192319136,Falcon-padded-512,0.007922369986772537,0.0003511130344122648,5.661509931087494e-05,11.210467820987105,0.5374311017477589,2482153.0,666.0,897.0,True,False
2,24,6278148592045980423,Falcon-padded-512,0.01640728279016912,0.0006722710095345974,6.028590723872185e-05,11.17691187094897,0.5366737224446361,2482153.0,666.0,897.0,True,False
2,24,5094323887781959546,Falcon-padded-512,0.011309578781947494,0.000634239986538887,9.803986176848412e-05,11.31339453207329,0.5083321283340074,2482153.0,666.0,897.0,True,False
2,24,5016231818649286827,Falcon-padded-512,0.006495732814073563,0.00034263101406395435,8.972012437880039e-05,11.458804382011294,0.49691288234891406,2482153.0,666.0,897.0,True,False
2,24,11069439886275324315,Falcon-padded-512,0.005981117021292448,0.0004167680162936449,6.948201917111874e-05,6.420135935069993,0.537446686108211,2482153.0,666.0,897.0,True,False
2,24,3782559219096225205,Falcon-padded-512,0.005885179154574871,0.0003254630137234926,5.8145029470324516e-05,6.4086830909363925,0.5235541046235213,2482153.0,666.0,897.0,True,False
2,25,10065783509691837098,Falcon-padded-512,0.008959786966443062,0.0005488498136401176,7.757986895740032e-05,10.986007733037695,0.5035515324135494,2482153.0,666.0,897.0,True,False
2,25,734844040246406664,Falcon-padded-512,0.007469893898814917,0.0005496540106832981,5.7838158681988716e-05,11.010826439131051,0.5280639672782391,2482153.0,666.0,897.0,True,False
2,25,7638533469950735370,Falcon-padded-512,0.006365434033796191,0.00035180896520614624,5.681510083377361e-05,11.129441055003554,0.49090365021471766,2482153.0,666.0,897.0,True,False
2,25,16842138901579292409,Falcon-padded-512,0.006474030204117298,0.0003482578322291374,5.719088949263096e-05,11.15093748900108,0.5227406854699751,2482153.0,666.0,897.0,True,False
2,25,5094323887781959546,Falcon-padded-512,0.008896376006305218,0.0006353959906846285,5.6274933740496635e-05,11.512785132974386,0.4997884857165775,2482153.0,666.0,897.0,True,False
2,25,4352461146192319136,Falcon-padded-512,0.010135330026969314,0.0003784808795899153,5.845888517796993e-05,11.760831222869456,0.5199784793813896,2482153.0,666.0,897.0,True,False
2,25,5016231818649286827,Falcon-padded-512,0.006425336003303528,0.0003884141333401203,7.613096386194229e-05,11.706195290200412,0.485139682675433,2482153.0,666.0,897.0,True,False
2,25,6278148592045980423,Falcon-padded-512,0.006646672962233424,0.0003930460661649704,5.70069532841444e-05,11.740928411018103,0.5319352369684323,2482153.0,666.0,897.0,True,False
2,25,11069439886275324315,Falcon-padded-512,0.006435449933633208,0.0004009990952908993,5.6491000577807426e-05,6.262179632205516,0.5140330414910605,2482153.0,666.0,897.0,True,False
2,25,3782559219096225205,Falcon-padded-512,0.010106753092259169,0.00038669793866574764,5.670287646353245e-05,6.256071869051084,0.5031368508697696,2482153.0,666.0,897.0,True,False
2,26,10065783509691837098,Falcon-padded-512,0.007337603019550443,0.0004100250080227852,7.45370052754879e-05,11.284384903032333,0.4981277214280169,2482153.0,666.0,897.0,True,False
2,26,7638533469950735370,Falcon-padded-512,0.009260698920115829,0.0005176151171326637,5.692197009921074e-05,11.258074017940089,0.47743919921244027,2482153.0,666.0,897.0,True,False
2,26,16842138901579292409,Falcon-padded-512,0.0063927320297807455,0.00034662289544939995,5.614990368485451e-05,11.379646465880796,0.4721370329190591,2482153.0,666.0,897.0,True,False
2,26,734844040246406664,Falcon-padded-512,0.01092987903393805,0.0003509779926389456,7.113395258784294e-05,11.410400026012212,0.5310392050535246,2482153.0,666.0,897.0,True,False
2,26,5094323887781959546,Falcon-padded-512,0.01254929811693728,0.0004011760465800762,5.6687043979763985e-05,11.020447222981602,0.45874007123338567,2482153.0,666.0,897.0,True,False
2,26,5016231818649286827,Falcon-padded-512,0.00919258315116167,0.0004857748281210661,5.7794153690338135e-05,11.047065688064322,0.43813473827377625,2482153.0,666.0,897.0,True,False
2,26,4352461146192319136,Falcon-padded-512,0.013019650941714644,0.0005577020347118378,9.056390263140202e-05,11.227100295946002,0.4928945976244226,2482153.0,666.0,897.0,True,False
2,26,6278148592045980423,Falcon-padded-512,0.008298683911561966,0.0003460890147835016,5.644187331199646e-05,11.118919414002448,0.5256303272026169,2482153.0,666.0,897.0,True,False
2,26,11069439886275324315,Falcon-padded-512,0.005841769045218825,0.00036082486622035503,5.657412111759186e-05,6.262409554794431,0.48214358898105136,2482153.0,666.0,897.0,True,False
2,26,3782559219096225205,Falcon-padded-512,0.007939998991787434,0.00037564802914857864,5.621789023280144e-05,6.452795856865123,0.46903103677805064,2482153.0,666.0,897.0,True,False
2,27,10065783509691837098,Falcon-padded-512,0.006488667102530599,0.0004363670013844967,9.19110607355833e-05,11.434246385935694,0.46646370149698035,2482153.0,666.0,897.0,True,False
2,27,16842138901579292409,Falcon-padded-512,0.013662541983649135,0.000646594911813736,6.049592047929764e-05,11.376941107911989,0.4621961850815328,2482153.0,666.0,897.0,True,False
2,27,734844040246406664,Falcon-padded-512,0.008901261957362294,0.0005717070307582617,9.101792238652706e-05,11.505540682934225,0.48507157198278006,2482153.0,666.0,897.0,True,False
2,27,7638533469950735370,Falcon-padded-512,0.012062874156981707,0.0005231110844761133,9.045004844665527e-05,11.65922945109196,0.46272085172830113,2482153.0,666.0,897.0,True,False
2,27,5094323887781959546,Falcon-padded-512,0.00903929490596056,0.0005293649155646563,9.35050193220377e-05,11.41208368819207,0.47049918706724597,2482153.0,666.0,897.0,True,False
2,27,6278148592045980423,Falcon-padded-512,0.013814809964969754,0.0005787720438092947,6.320211105048656e-05,11.111152491997927,0.4909613874806151,2482153.0,666.0,897.0,True,False
2,27,4352461146192319136,Falcon-padded-512,0.016583007061854005,0.0004031818825751543,8.867890574038029e-05,11.506170365959406,0.4898816449508356,2482153.0,666.0,897.0,True,False
2,27,5016231818649286827,Falcon-padded-512,0.011020283913239837,0.0003986039664596319,7.145782001316547e-05,11.4965864950791,0.46394056902759395,2482153.0,666.0,897.0,True,False
2,27,3782559219096225205,Falcon-padded-512,0.006233904976397753,0.00035155098885297775,6.121187470853329e-05,6.438711646012962,0.43239249774272653,2482153.0,666.0,897.0,True,False
2,27,11069439886275324315,Falcon-padded-512,0.006588818039745092,0.00034410180523991585,6.266497075557709e-05,6.520080998074263,0.48348287151307817,2482153.0,666.0,897.0,True,False
2,28,16842138901579292409,Falcon-padded-512,0.006982997991144657,0.0003573349677026272,8.079106919467449e-05,10.970032856799662,0.43664401258300445,2482153.0,666.0,897.0,True,False
2,28,734844040246406664,Falcon-padded-512,0.010688647860661149,0.000538805965334177,6.0264952480793e-05,11.163612265139818,0.43595289409302984,2482153.0,666.0,897.0,True,False
2,28,10065783509691837098,Falcon-padded-512,0.006573165999725461,0.0004904209636151791,5.96360769122839e-05,11.271301176864654,0.42096483858693745,2482153.0,666.0,897.0,True,False
2,28,7638533469950735370,Falcon-padded-512,0.0066682209726423025,0.00042628287337720394,5.904305726289749e-05,11.438477112911642,0.4685986232320974,2482153.0,666.0,897.0,True,False
2,28,4352461146192319136,Falcon-padded-512,0.00649716192856431,0.0005016929935663939,5.866587162017822e-05,11.20025251689367,0.448336471358587,2482153.0,666.0,897.0,True,False
2,28,5094323887781959546,Falcon-padded-512,0.007991623133420944,0.00035844906233251095,8.76390840858221e-05,11.182818915927783,0.44654791200070815,2482153.0,666.0,897.0,True,False
2,28,5016231818649286827,Falcon-padded-512,0.011883866973221302,0.00046691414900124073,7.59719405323267e-05,11.202551210997626,0.428075473767462,2482153.0,666.0,897.0,True,False
2,28,6278148592045980423,Falcon-padded-512,0.008255804888904095,0.0004921099171042442,5.76868187636137e-05,10.970227625919506,0.4559534247371422,2482153.0,666.0,897.0,True,False
2,28,3782559219096225205,Falcon-padded-512,0.007309171138331294,0.00039557903073728085,5.903700366616249e-05,6.976755109149963,0.4250781242706024,2482153.0,666.0,897.0,True,False
2,28,11069439886275324315,Falcon-padded-512,0.006053563905879855,0.00037170504219830036,6.042490713298321e-05,7.108492090832442,0.43920350506617006,2482153.0,666.0,897.0,True,False
2,29,16842138901579292409,Falcon-padded-512,0.010927872965112329,0.0003937219735234976,8.609192445874214e-05,10.867739766137674,0.40830622175649095,2482153.0,666.0,897.0,True,False
2,29,7638533469950735370,Falcon-padded-512,0.007537039928138256,0.00037410412915050983,6.127404049038887e-05,11.054560680873692,0.43298112483588375,2482153.0,666.0,897.0,True,False
2,29,734844040246406664,Falcon-padded-512,0.010628423886373639,0.0005087070167064667,0.00010149599984288216,10.937053207075223,0.43329134524153295,2482153.0,666.0,897.0,True,False
2,29,10065783509691837098,Falcon-padded-512,0.00929351500235498,0.0005081761628389359,6.13839365541935e-05,11.126965455012396,0.42474041899939063,2482153.0,666.0,897.0,True,False
2,29,4352461146192319136,Falcon-padded-512,0.013444436015561223,0.0005576289258897305,6.000278517603874e-05,10.953929295996204,0.4348148209143691,2482153.0,666.0,897.0,True,False
2,29,5016231818649286827,Falcon-padded-512,0.006486206781119108,0.0004560318775475025,6.254599429666996e-05,11.126670379890129,0.41733452525867776,2482153.0,666.0,897.0,True,False
2,29,5094323887781959546,Falcon-padded-512,0.007718828972429037,0.00044813286513090134,8.956692181527615e-05,11.268554770154878,0.43838013366315587,2482153.0,666.0,897.0,True,False
2,29,6278148592045980423,Falcon-padded-512,0.005921410163864493,0.00043154298327863216,6.046891212463379e-05,11.210963225923479,0.4572101005880981,2482153.0,666.0,897.0,True,False
2,29,11069439886275324315,Falcon-padded-512,0.018515530973672867,0.0005506400484591722,7.191207259893417e-05,6.4954312280751765,0.4368206258554747,2482153.0,666.0,897.0,True,False
2,29,3782559219096225205,Falcon-padded-512,0.006925030844286084,0.0003451709635555744,6.359000690281391e-05,6.506529469974339,0.4118575913131617,2482153.0,666.0,897.0,True,False
2,30,10065783509691837098,Falcon-padded-512,0.010834724176675081,0.0005750749260187149,8.939811959862709e-05,11.36174716311507,0.3912556279557431,2482153.0,666.0,897.0,True,False
2,30,16842138901579292409,Falcon-padded-512,0.00964506296440959,0.0007544569671154022,7.267901673913002e-05,11.405811969889328,0.41232622977773287,2482153.0,666.0,897.0,True,False
2,30,7638533469950735370,Falcon-padded-512,0.010249238926917315,0.0005244219209998846,6.794207729399204e-05,11.57022467488423,0.42510449994877453,2482153.0,666.0,897.0,True,False
2,30,734844040246406664,Falcon-padded-512,0.010090012103319168,0.0004889410920441151,9.169196709990501e-05,11.57499591796659,0.44810345547665265,2482153.0,666.0,897.0,True,False
2,30,4352461146192319136,Falcon-padded-512,0.007956865010783076,0.00035230908542871475,6.439397111535072e-05,11.423125282861292,0.41291500544946663,2482153.0,666.0,897.0,True,False
2,30,5094323887781959546,Falcon-padded-512,0.00892114220187068,0.00041016307659447193,6.104283966124058e-05,11.411874122917652,0.3910135284694991,2482153.0,666.0,897.0,True,False
2,30,5016231818649286827,Falcon-padded-512,0.006210235878825188,0.00035052397288382053,8.508004248142242e-05,11.292499399045482,0.3805726981443015,2482153.0,666.0,897.0,True,False
2,30,6278148592045980423,Falcon-padded-512,0.00599656393751502,0.0003445260226726532,7.411791011691093e-05,11.373554941965267,0.4260689966309412,2482153.0,666.0,897.0,True,False
2,30,11069439886275324315,Falcon-padded-512,0.009226043010130525,0.0003964479546993971,6.007007323205471e-05,6.35810227622278,0.4213635581397232,2482153.0,666.0,897.0,True,False
2,30,3782559219096225205,Falcon-padded-512,0.006067135138437152,0.0003327098675072193,5.8620935305953026e-05,6.387478732969612,0.3940495333699569,2482153.0,666.0,897.0,True,False
3,1,17157274698579051074,Falcon-padded-512,0.012584737967699766,0.0006084390915930271,9.327009320259094e-05,11.151067335857078,2.028732301323277,2482153.0,666.0,897.0,True,False
3,1,13606820088217623159,Falcon-padded-512,0.0072975249495357275,0.00043040281161665916,5.732686258852482e-05,11.158413221128285,2.029187817482432,2482153.0,666.0,897.0,True,False
3,1,15182740922674993508,Falcon-padded-512,0.00907101295888424,0.00040757516399025917,5.940813571214676e-05,11.191031822003424,2.0302099505807183,2482153.0,666.0,897.0,True,False
3,1,708058428816304813,Falcon-padded-512,0.007860371144488454,0.00041358591988682747,5.7650962844491005e-05,11.339534966042265,2.0194929154815187,2482153.0,666.0,897.0,True,False
3,1,15200325573549480104,Falcon-padded-512,0.009933104971423745,0.0005386879201978445,0.00011202297173440456,11.356115621048957,2.0077915313137566,2482153.0,666.0,897.0,True,False
3,1,9117220636645869646,Falcon-padded-512,0.00879358104430139,0.0005405659321695566,6.230594590306282e-05,11.574638404184952,1.992842533785826,2482153.0,666.0,897.0,True,False
3,1,14615935597847668507,Falcon-padded-512,0.008824285119771957,0.0005106388125568628,5.807005800306797e-05,12.109424537979066,1.9999765210850224,2482153.0,666.0,897.0,True,False
3,1,9677222530601013223,Falcon-padded-512,0.006287354975938797,0.00035195518285036087,6.392598152160645e-05,11.896013550926,1.9973087887855092,2482153.0,666.0,897.0,True,False
3,1,6337368794005760116,Falcon-padded-512,0.006455157184973359,0.0003501228056848049,5.7851895689964294e-05,6.228589900070801,1.97484892492841,2482153.0,666.0,897.0,True,False
3,1,2165490714335791499,Falcon-padded-512,0.005848954897373915,0.0003420640714466572,5.621090531349182e-05,6.368545654928312,2.0538858797899477,2482153.0,666.0,897.0,True,False
3,2,17157274698579051074,Falcon-padded-512,0.006288221105933189,0.0005511820781975985,7.894611917436123e-05,11.162816763157025,1.809064263750793,2482153.0,666.0,897.0,True,False
3,2,13606820088217623159,Falcon-padded-512,0.008294960018247366,0.00036922586150467396,5.639181472361088e-05,11.10158544802107,1.822454524647658,2482153.0,666.0,897.0,True,False
3,2,708058428816304813,Falcon-padded-512,0.012110687093809247,0.0004515198525041342,5.6338030844926834e-05,11.368445927044377,1.7822575212284257,2482153.0,666.0,897.0,True,False
3,2,15182740922674993508,Falcon-padded-512,0.006160610821098089,0.0003441600129008293,5.695014260709286e-05,11.511406268924475,1.8085791662240485,2482153.0,666.0,897.0,True,False
3,2,15200325573549480104,Falcon-padded-512,0.008013599086552858,0.0006025121547281742,5.749613046646118e-05,10.929016036912799,1.753674691649759,2482153.0,666.0,897.0,True,False
3,2,14615935597847668507,Falcon-padded-512,0.007536895805969834,0.00035318988375365734,5.625886842608452e-05,11.08624771097675,1.7357807037936654,2482153.0,666.0,897.0,True,False
3,2,9677222530601013223,Falcon-padded-512,0.007850507041439414,0.0003651960287243128,8.056499063968658e-05,10.90197972417809,1.805657139249668,2482153.0,666.0,897.0,True,False
3,2,9117220636645869646,Falcon-padded-512,0.005815722048282623,0.0004346100613474846,5.5921031162142754e-05,10.854128311155364,1.7446848799468606,2482153.0,666.0,897.0,True,False
3,2,6337368794005760116,Falcon-padded-512,0.014851514948531985,0.0003645520191639662,5.714409053325653e-05,6.115574061870575,1.7558427434058705,2482153.0,666.0,897.0,True,False
3,2,2165490714335791499,Falcon-padded-512,0.007271392969414592,0.0003276530187577009,5.663605406880379e-05,6.147743131965399,1.7808261320089838,2482153.0,666.0,897.0,True,False
3,3,17157274698579051074,Falcon-padded-512,0.006664243992418051,0.0003755791112780571,7.52441119402647e-05,11.604762580012903,1.6013072751889563,2482153.0,666.0,897.0,True,False
3,3,13606820088217623159,Falcon-padded-512,0.01066566095687449,0.0005260000471025705,5.691009573638439e-05,11.634699824033305,1.5929742740218047,2482153.0,666.0,897.0,True,False
3,3,15182740922674993508,Falcon-padded-512,0.01638058596290648,0.0005053840577602386,5.725491791963577e-05,11.830338876927271,1.5990318948296225,2482153.0,666.0,897.0,True,False
3,3,708058428816304813,Falcon-padded-512,0.006855797953903675,0.0004124531988054514,5.722302012145519e-05,11.843251754064113,1.597759391092191,2482153.0,666.0,897.0,True,False
3,3,15200325573549480104,Falcon-padded-512,0.012415994890034199,0.0006657268386334181,5.646003410220146e-05,11.058868744876236,1.6124558205817157,2482153.0,666.0,897.0,True,False
3,3,9677222530601013223,Falcon-padded-512,0.011108155129477382,0.0006197979673743248,5.653616972267628e-05,11.322908228030428,1.6354119899166617,2482153.0,666.0,897.0,True,False
3,3,14615935597847668507,Falcon-padded-512,0.009404749842360616,0.0004181009717285633,8.02020076662302e-05,11.501385763054714,1.583998521422125,2482153.0,666.0,897.0,True,False
3,3,9117220636645869646,Falcon-padded-512,0.009322080062702298,0.0003406819887459278,5.819695070385933e-05,11.356662092031911,1.5986929273909065,2482153.0,666.0,897.0,True,False
3,3,6337368794005760116,Falcon-padded-512,0.007611280074343085,0.0003585598897188902,6.019207648932934e-05,6.124660444911569,1.6327441042395914,2482153.0,666.0,897.0,True,False
3,3,2165490714335791499,Falcon-padded-512,0.009610648034140468,0.0003305289428681135,5.9240031987428665e-05,6.104607196059078,1.614350198940107,2482153.0,666.0,897.0,True,False
3,4,17157274698579051074,Falcon-padded-512,0.00820852816104889,0.00036325096152722836,7.542502135038376e-05,11.03656647913158,1.4751766517663458,2482153.0,666.0,897.0,True,False
3,4,13606820088217623159,Falcon-padded-512,0.010189432883635163,0.0005295320879667997,5.656387656927109e-05,11.330569946905598,1.4563211521525292,2482153.0,666.0,897.0,True,False
3,4,15182740922674993508,Falcon-padded-512,0.013252418022602797,0.0005534510128200054,5.610985681414604e-05,11.339686193037778,1.4686712064560812,2482153.0,666.0,897.0,True,False
3,4,708058428816304813,Falcon-padded-512,0.01111958990804851,0.0004624610301107168,5.6042103096842766e-05,11.39020040188916,1.473755875970148,2482153.0,666.0,897.0,True,False
3,4,15200325573549480104,Falcon-padded-512,0.008886193158105016,0.00040635792538523674,5.7138968259096146e-05,11.005458718165755,1.5025937997611465,2482153.0,666.0,897.0,True,False
3,4,9117220636645869646,Falcon-padded-512,0.006609301082789898,0.0005693561397492886,6.021815352141857e-05,10.980520687997341,1.4768691571654788,2482153.0,666.0,897.0,True,False
3,4,9677222530601013223,Falcon-padded-512,0.009021689184010029,0.0005494519136846066,7.54368957132101e-05,11.060877908021212,1.5001781533478171,2482153.0,666.0,897.0,True,False
3,4,14615935597847668507,Falcon-padded-512,0.006976129021495581,0.00034795794636011124,5.7235825806856155e-05,11.104729537852108,1.4810745412377035,2482153.0,666.0,897.0,True,False
3,4,6337368794005760116,Falcon-padded-512,0.006545733893290162,0.00035303784534335136,5.7453056797385216e-05,6.5606525528710335,1.4979939893552452,2482153.0,666.0,897.0,True,False
3,4,2165490714335791499,Falcon-padded-512,0.007667079102247953,0.00034365500323474407,5.7377154007554054e-05,6.700758318183944,1.4897010713625864,2482153.0,666.0,897.0,True,False
3,5,708058428816304813,Falcon-padded-512,0.009517807979136705,0.0006911710370332003,7.526902481913567e-05,11.090688294963911,1.3637460538536121,2482153.0,666.0,897.0,True,False
3,5,17157274698579051074,Falcon-padded-512,0.010456938995048404,0.0006078798323869705,5.588517524302006e-05,11.218507745070383,1.3803121637386881,2482153.0,666.0,897.0,True,False
3,5,15182740922674993508,Falcon-padded-512,0.007466468960046768,0.0004173868801444769,8.131610229611397e-05,11.248442301061004,1.3662546850313806,2482153.0,666.0,897.0,True,False
3,5,13606820088217623159,Falcon-padded-512,0.010792831890285015,0.0003506150096654892,5.622603930532932e-05,11.355435442179441,1.3675116103166227,2482153.0,666.0,897.0,True,False
3,5,15200325573549480104,Falcon-padded-512,0.009822062915191054,0.00037089409306645393,5.829986184835434e-05,11.246917064068839,1.3587302884478478,2482153.0,666.0,897.0,True,False
3,5,9677222530601013223,Falcon-padded-512,0.008566198172047734,0.0006421911530196667,5.920417606830597e-05,11.256962405052036,1.375872535310733,2482153.0,666.0,897.0,True,False
3,5,14615935597847668507,Falcon-padded-512,0.008596515050157905,0.0006571260746568441,8.045509457588196e-05,11.235937058925629,1.3728281498714616,2482153.0,666.0,897.0,True,False
3,5,9117220636645869646,Falcon-padded-512,0.007218214916065335,0.0003900928422808647,6.579607725143433e-05,11.382926230086014,1.3969420289537708,2482153.0,666.0,897.0,True,False
3,5,6337368794005760116,Falcon-padded-512,0.006264829076826572,0.0003480389714241028,5.734385922551155e-05,6.210561037994921,1.3941251104045067,2482153.0,666.0,897.0,True,False
3,5,2165490714335791499,Falcon-padded-512,0.006018077954649925,0.0003311100881546736,5.584489554166794e-05,6.161622245097533,1.3387120092750355,2482153.0,666.0,897.0,True,False
3,6,17157274698579051074,Falcon-padded-512,0.01011588890105486,0.001250961096957326,7.624085992574692e-05,11.081780174048617,1.2861847786387062,2482153.0,666.0,897.0,True,False
3,6,708058428816304813,Falcon-padded-512,0.007566369138658047,0.0005390869919210672,5.6815799325704575e-05,11.172208562027663,1.2690247885740487,2482153.0,666.0,897.0,True,False
3,6,13606820088217623159,Falcon-padded-512,0.008943830151110888,0.0005539311096072197,5.745398811995983e-05,11.309780675917864,1.2792994250917131,2482153.0,666.0,897.0,True,False
3,6,15182740922674993508,Falcon-padded-512,0.0065313049126416445,0.00034348107874393463,5.712895654141903e-05,11.370569396065548,1.2862885332411262,2482153.0,666.0,897.0,True,False
3,6,15200325573549480104,Falcon-padded-512,0.01482710987329483,0.0005124681629240513,5.7017896324396133e-05,11.550844351062551,1.2704284908665213,2482153.0,666.0,897.0,True,False
3,6,14615935597847668507,Falcon-padded-512,0.014589516911655664,0.000608488917350769,5.677691660821438e-05,11.401708882069215,1.2681335643598228,2482153.0,666.0,897.0,True,False
3,6,9117220636645869646,Falcon-padded-512,0.010431354865431786,0.0005129359196871519,8.892500773072243e-05,11.631979969097301,1.2910635987664485,2482153.0,666.0,897.0,True,False
3,6,9677222530601013223,Falcon-padded-512,0.009238354861736298,0.000573132885619998,6.025400944054127e-05,11.560009234119207,1.2793882196875894,2482153.0,666.0,897.0,True,False
3,6,2165490714335791499,Falcon-padded-512,0.006033828016370535,0.0003709150478243828,5.6446995586156845e-05,6.200248796027154,1.2499682121216111,2482153.0,666.0,897.0,True,False
3,6,6337368794005760116,Falcon-padded-512,0.005857835989445448,0.00039584399200975895,5.839182995259762e-05,6.241392385913059,1.3057229378420836,2482153.0,666.0,897.0,True,False
3,7,708058428816304813,Falcon-padded-512,0.006114225136116147,0.0003666358534246683,7.754005491733551e-05,11.020878477022052,1.1942588421189861,2482153.0,666.0,897.0,True,False
3,7,17157274698579051074,Falcon-padded-512,0.011705969925969839,0.0004326989874243736,5.7203928008675575e-05,11.138905308907852,1.2118935357233522,2482153.0,666.0,897.0,True,False
3,7,15182740922674993508,Falcon-padded-512,0.006742019904777408,0.0004896570462733507,0.00015353900380432606,11.119767965981737,1.2110750735945004,2482153.0,666.0,897.0,True,False
3,7,13606820088217623159,Falcon-padded-512,0.00705816806294024,0.0003565349616110325,5.701696500182152e-05,11.226242728997022,1.2019575872239034,2482153.0,666.0,897.0,True,False
3,7,14615935597847668507,Falcon-padded-512,0.010313967010006309,0.00035084900446236134,5.778716877102852e-05,10.88232415704988,1.1920802896949136,2482153.0,666.0,897.0,True,False
3,7,9117220636645869646,Falcon-padded-512,0.008107430068776011,0.0003845610190182924,5.884794518351555e-05,11.132020169170573,1.2082917306833207,2482153.0,666.0,897.0,True,False
3,7,15200325573549480104,Falcon-padded-512,0.013648491818457842,0.0004039672203361988,7.647299207746983e-05,11.364277822198346,1.1915149172400212,2482153.0,666.0,897.0,True,False
3,7,9677222530601013223,Falcon-padded-512,0.006869598990306258,0.0003471258096396923,5.773594602942467e-05,11.315941724926233,1.207122524452817,2482153.0,666.0,897.0,True,False
3,7,6337368794005760116,Falcon-padded-512,0.006164731923490763,0.0003477551508694887,5.804398097097874e-05,6.147983146831393,1.1978786435856181,2482153.0,666.0,897.0,True,False
3,7,2165490714335791499,Falcon-padded-512,0.0061234901659190655,0.00038090511225163937,5.739089101552963e-05,6.267291920958087,1.1717189774391756,2482153.0,666.0,897.0,True,False
3,8,708058428816304813,Falcon-padded-512,0.01003363891504705,0.0005650459788739681,9.882193990051746e-05,11.387504238868132,1.111764390377482,2482153.0,666.0,897.0,True,False
3,8,17157274698579051074,Falcon-padded-512,0.01024779793806374,0.0006331449840217829,6.017717532813549e-05,11.553466010140255,1.141599480893202,2482153.0,666.0,897.0,True,False
3,8,13606820088217623159,Falcon-padded-512,0.013488683151081204,0.00035451282747089863,5.87760005146265e-05,11.53552196198143,1.1415308770860078,2482153.0,666.0,897.0,True,False
3,8,15182740922674993508,Falcon-padded-512,0.008218459784984589,0.0005019840318709612,5.70549163967371e-05,11.4697621029336,1.1350037167026739,2482153.0,666.0,897.0,True,False
3,8,15200325573549480104,Falcon-padded-512,0.013963937060907483,0.0005020778626203537,5.647796206176281e-05,11.131494134897366,1.1287811451656804,2482153.0,666.0,897.0,True,False
3,8,9677222530601013223,Falcon-padded-512,0.006102032959461212,0.00037547782994806767,6.10831193625927e-05,11.005243028048426,1.1356992155882963,2482153.0,666.0,897.0,True,False
3,8,9117220636645869646,Falcon-padded-512,0.006053576013073325,0.00036586401984095573,8.127395994961262e-05,11.046610640129074,1.127824974287847,2482153.0,666.0,897.0,True,False
3,8,14615935597847668507,Falcon-padded-512,0.011819673934951425,0.0004101849626749754,5.610496737062931e-05,11.28863585810177,1.1045743156770231,2482153.0,666.0,897.0,True,False
3,8,2165490714335791499,Falcon-padded-512,0.005878919968381524,0.00035413517616689205,5.6060031056404114e-05,6.282360075041652,1.1201902088845612,2482153.0,666.0,897.0,True,False
3,8,6337368794005760116,Falcon-padded-512,0.005960916168987751,0.0003871330991387367,5.651894025504589e-05,6.596423675073311,1.1416298219352772,2482153.0,666.0,897.0,True,False
3,9,13606820088217623159,Falcon-padded-512,0.007770586991682649,0.0006218759808689356,7.474306039512157e-05,10.944913529790938,1.043201385220145,2482153.0,666.0,897.0,True,False
3,9,17157274698579051074,Falcon-padded-512,0.015108217019587755,0.0006134370341897011,5.761999636888504e-05,11.177865779027343,1.0892745068498477,2482153.0,666.0,897.0,True,False
3,9,708058428816304813,Falcon-padded-512,0.006203752942383289,0.0004145430866628885,5.649309605360031e-05,11.435584204038605,1.0655106511085657,2482153.0,666.0,897.0,True,False
3,9,15182740922674993508,Falcon-padded-512,0.009111594874411821,0.0005016999784857035,5.618296563625336e-05,11.373822692083195,1.0731870573797044,2482153.0,666.0,897.0,True,False
3,9,14615935597847668507,Falcon-padded-512,0.014227075036615133,0.0004910309799015522,5.652010440826416e-05,11.295148920966312,1.058100189372992,2482153.0,666.0,897.0,True,False
3,9,15200325573549480104,Falcon-padded-512,0.011189685901626945,0.0005346741527318954,5.903397686779499e-05,11.5753726051189,1.0741880118467246,2482153.0,666.0,897.0,True,False
3,9,9117220636645869646,Falcon-padded-512,0.0066002169623970985,0.0004273909144103527,7.887603715062141e-05,11.714703659992665,1.0708647567755099,2482153.0,666.0,897.0,True,False
3,9,9677222530601013223,Falcon-padded-512,0.007007947890087962,0.0003758480306714773,5.666492506861687e-05,11.885938104940578,1.0506679734606652,2482153.0,666.0,897.0,True,False
3,9,6337368794005760116,Falcon-padded-512,0.01724194106645882,0.0003483588807284832,5.6143151596188545e-05,6.280746275093406,1.0818903932146207,2482153.0,666.0,897.0,True,False
3,9,2165490714335791499,Falcon-padded-512,0.0067460250575095415,0.0003322940319776535,5.674990825355053e-05,6.256697278935462,1.0545288305373708,2482153.0,666.0,897.0,True,False
3,10,708058428816304813,Falcon-padded-512,0.00896622403524816,0.0006222880911082029,9.377207607030869e-05,11.041450335178524,0.991894558167002,2482153.0,666.0,897.0,True,False
3,10,17157274698579051074,Falcon-padded-512,0.012229725020006299,0.00043499795719981194,6.204703822731972e-05,11.220181492855772,1.0201304205663644,2482153.0,666.0,897.0,True,False
3,10,15182740922674993508,Falcon-padded-512,0.012487567029893398,0.0007434091530740261,5.664117634296417e-05,11.307992318179458,1.036378243546577,2482153.0,666.0,897.0,True,False
3,10,13606820088217623159,Falcon-padded-512,0.011306233005598187,0.0006052248645573854,5.656806752085686e-05,11.34530397807248,1.0046354171576772,2482153.0,666.0,897.0,True,False
3,10,14615935597847668507,Falcon-padded-512,0.009531156858429313,0.00047929189167916775,5.7036057114601135e-05,10.949914884055033,0.9963011153184684,2482153.0,666.0,897.0,True,False
3,10,15200325573549480104,Falcon-padded-512,0.014232204994186759,0.00039666611701250076,5.905609577894211e-05,11.229664131999016,1.015060267061185,2482153.0,666.0,897.0,True,False
3,10,9677222530601013223,Falcon-padded-512,0.010835787979885936,0.0005157310515642166,8.283997885882854e-05,11.022259109886363,1.0027615465935629,2482153.0,666.0,897.0,True,False
3,10,9117220636645869646,Falcon-padded-512,0.008276175009086728,0.00034010084345936775,5.7519879192113876e-05,11.480234094895422,1.0038119049588585,2482153.0,666.0,897.0,True,False
3,10,6337368794005760116,Falcon-padded-512,0.006853800034150481,0.000346445944160223,5.612289533019066e-05,6.158641887130216,1.0052877121670232,2482153.0,666.0,897.0,True,False
3,10,2165490714335791499,Falcon-padded-512,0.006543745053932071,0.0003552790731191635,5.785212852060795e-05,6.142375620082021,1.0013407423238085,2482153.0,666.0,897.0,True,False
3,11,13606820088217623159,Falcon-padded-512,0.019379088887944818,0.0005017600487917662,7.668486796319485e-05,11.598433444043621,0.9461626514887355,2482153.0,666.0,897.0,True,False
3,11,708058428816304813,Falcon-padded-512,0.008562688017264009,0.0006109490059316158,7.189298048615456e-05,11.723434410989285,0.961451926428801,2482153.0,666.0,897.0,True,False
3,11,17157274698579051074,Falcon-padded-512,0.007717212196439505,0.0005066629964858294,5.853991024196148e-05,11.918735424987972,0.9550368668167455,2482153.0,666.0,897.0,True,False
3,11,15182740922674993508,Falcon-padded-512,0.006269825156778097,0.00060477782972157,5.63811045140028e-05,11.79617344099097,0.9963693166993985,2482153.0,666.0,897.0,True,False
3,11,9117220636645869646,Falcon-padded-512,0.010289927013218403,0.0003561850171536207,5.6712888181209564e-05,10.846699031069875,0.9530060837982567,2482153.0,666.0,897.0,True,False
3,11,15200325573549480104,Falcon-padded-512,0.012397724902257323,0.0004415998701006174,5.981302820146084e-05,11.238459354965016,0.9717688942031496,2482153.0,666.0,897.0,True,False
3,11,14615935597847668507,Falcon-padded-512,0.006682293023914099,0.00035283202305436134,7.795705460011959e-05,11.018030661856756,0.9319486690175002,2482153.0,666.0,897.0,True,False
3,11,9677222530601013223,Falcon-padded-512,0.0066679599694907665,0.00040966994129121304,5.6616030633449554e-05,11.183151436969638,0.9582035587092114,2482153.0,666.0,897.0,True,False
3,11,6337368794005760116,Falcon-padded-512,0.010694966185837984,0.00032355496659874916,5.817716009914875e-05,6.216578418156132,0.9582289267497458,2482153.0,666.0,897.0,True,False
3,11,2165490714335791499,Falcon-padded-512,0.005881038960069418,0.0003444789908826351,6.342888809740543e-05,6.127799799898639,0.9503746220640316,2482153.0,666.0,897.0,True,False
3,12,708058428816304813,Falcon-padded-512,0.009882072918117046,0.0006535500288009644,9.443494491279125e-05,11.011709829093888,0.9250265122598903,2482153.0,666.0,897.0,True,False
3,12,17157274698579051074,Falcon-padded-512,0.00883887312375009,0.0006416731048375368,5.588401108980179e-05,11.148337415186688,0.9096203668481985,2482153.0,666.0,897.0,True,False
3,12,13606820088217623159,Falcon-padded-512,0.007711788872256875,0.0003419008571654558,8.295802399516106e-05,11.46700805099681,0.9189195389960222,2482153.0,666.0,897.0,True,False
3,12,15182740922674993508,Falcon-padded-512,0.01187513186596334,0.0005331269931048155,5.6764110922813416e-05,11.433860961114988,0.9406240618532631,2482153.0,666.0,897.0,True,False
3,12,15200325573549480104,Falcon-padded-512,0.006938438164070249,0.00034070108085870743,6.129615940153599e-05,11.256332369986922,0.9296267598297945,2482153.0,666.0,897.0,True,False
3,12,14615935597847668507,Falcon-padded-512,0.009012378053739667,0.0004979870282113552,6.758305244147778e-05,11.044817104004323,0.8942041852671629,2482153.0,666.0,897.0,True,False
3,12,9117220636645869646,Falcon-padded-512,0.008580256020650268,0.0005263150669634342,7.909699343144894e-05,11.111723328009248,0.9018115272187883,2482153.0,666.0,897.0,True,False
3,12,9677222530601013223,Falcon-padded-512,0.008962010964751244,0.00035000802017748356,5.643302574753761e-05,11.226675960002467,0.9111331807579964,2482153.0,666.0,897.0,True,False
3,12,2165490714335791499,Falcon-padded-512,0.006999077973887324,0.00039541698060929775,5.8598117902874947e-05,6.115511631127447,0.9114421911680015,2482153.0,666.0,897.0,True,False
3,12,6337368794005760116,Falcon-padded-512,0.00643438589759171,0.0003321531694382429,5.625118501484394e-05,6.189908486092463,0.910526101566424,2482153.0,666.0,897.0,True,False
3,13,17157274698579051074,Falcon-padded-512,0.014172419905662537,0.0006652099546045065,7.455679588019848e-05,11.092883641831577,0.8798484075221287,2482153.0,666.0,897.0,True,False
3,13,708058428816304813,Falcon-padded-512,0.028170598903670907,0.0007540611550211906,5.6246062740683556e-05,11.174010494956747,0.8659286428788665,2482153.0,666.0,897.0,True,False
3,13,15182740922674993508,Falcon-padded-512,0.009683897951617837,0.00042516086250543594,6.007892079651356e-05,11.377800974063575,0.8860157568743274,2482153.0,666.0,897.0,True,False
3,13,13606820088217623159,Falcon-padded-512,0.006255465094000101,0.00039416784420609474,5.6863995268940926e-05,11.490194098092616,0.8641142634449491,2482153.0,666.0,897.0,True,False
3,13,15200325573549480104,Falcon-padded-512,0.009745115181431174,0.0005595788825303316,5.639414303004742e-05,11.011572964023799,0.8920945946578007,2482153.0,666.0,897.0,True,False
3,13,9677222530601013223,Falcon-padded-512,0.007200781023129821,0.0003500839229673147,5.9031881392002106e-05,11.086007072823122,0.8524186187868665,2482153.0,666.0,897.0,True,False
3,13,14615935597847668507,Falcon-padded-512,0.009873028844594955,0.0005181950982660055,9.446102194488049e-05,11.097615862963721,0.8575686231540267,2482153.0,666.0,897.0,True,False
3,13,9117220636645869646,Falcon-padded-512,0.008521714014932513,0.00033339508809149265,5.708099342882633e-05,11.197782570961863,0.866330939873009,2482153.0,666.0,897.0,True,False
3,13,6337368794005760116,Falcon-padded-512,0.006376924924552441,0.0003641159273684025,5.906587466597557e-05,6.131269688019529,0.8689440703316099,2482153.0,666.0,897.0,True,False
3,13,2165490714335791499,Falcon-padded-512,0.0060739300679415464,0.0003393909428268671,5.666702054440975e-05,6.079022119985893,0.8887901676308577,2482153.0,666.0,897.0,True,False
3,14,17157274698579051074,Falcon-padded-512,0.012003973824903369,0.0008550770580768585,7.800408639013767e-05,11.146714868955314,0.8296952331142061,2482153.0,666.0,897.0,True,False
3,14,708058428816304813,Falcon-padded-512,0.009789109928533435,0.0004949779249727726,5.6617893278598785e-05,11.181297132978216,0.8260938220532836,2482153.0,666.0,897.0,True,False
3,14,15182740922674993508,Falcon-padded-512,0.012573488987982273,0.0005111559294164181,5.837087519466877e-05,11.313120417064056,0.8547832441937392,2482153.0,666.0,897.0,True,False
3,14,13606820088217623159,Falcon-padded-512,0.007399951107800007,0.0003509288653731346,5.7028140872716904e-05,11.332016455940902,0.815918251017856,2482153.0,666.0,897.0,True,False
3,14,9117220636645869646,Falcon-padded-512,0.011682684998959303,0.0005531418137252331,5.9611862525343895e-05,11.321981711080298,0.8156457801533353,2482153.0,666.0,897.0,True,False
3,14,15200325573549480104,Falcon-padded-512,0.011193979065865278,0.0005008138250559568,5.891290493309498e-05,11.550529531901702,0.8417835102719107,2482153.0,666.0,897.0,True,False
3,14,14615935597847668507,Falcon-padded-512,0.008771029999479651,0.0005576759576797485,8.171400986611843e-05,11.834980244981125,0.8034881427409543,2482153.0,666.0,897.0,True,False
3,14,9677222530601013223,Falcon-padded-512,0.009877579053863883,0.00044301291927695274,5.7277968153357506e-05,11.85843503009528,0.8093385888133079,2482153.0,666.0,897.0,True,False
3,14,6337368794005760116,Falcon-padded-512,0.00692195794545114,0.000350946094840765,5.74339646846056e-05,6.390306437155232,0.8162584073224645,2482153.0,666.0,897.0,True,False
3,14,2165490714335791499,Falcon-padded-512,0.006434862967580557,0.0003713478799909353,5.778903141617775e-05,6.330703437095508,0.8367512592464496,2482153.0,666.0,897.0,True,False
3,15,708058428816304813,Falcon-padded-512,0.008482424076646566,0.0006651580333709717,8.370517753064632e-05,10.983766528079286,0.7929257926098101,2482153.0,666.0,897.0,True,False
3,15,15182740922674993508,Falcon-padded-512,0.012600984890013933,0.0005235278513282537,5.574501119554043e-05,11.257041475037113,0.7851558048634013,2482153.0,666.0,897.0,True,False
3,15,17157274698579051074,Falcon-padded-512,0.008384424028918147,0.000418154988437891,5.646096542477608e-05,11.429387331008911,0.7860038268148519,2482153.0,666.0,897.0,True,False
3,15,13606820088217623159,Falcon-padded-512,0.0067831180058419704,0.00036219204775989056,5.787401460111141e-05,11.29295778204687,0.7787278840306459,2482153.0,666.0,897.0,True,False
3,15,15200325573549480104,Falcon-padded-512,0.010519121075049043,0.0004090159200131893,5.7052820920944214e-05,11.218854259001091,0.794227551312963,2482153.0,666.0,897.0,True,False
3,15,14615935597847668507,Falcon-padded-512,0.012020410969853401,0.0005126290488988161,6.017996929585934e-05,11.275824232958257,0.7738092338583272,2482153.0,666.0,897.0,True,False
3,15,9117220636645869646,Falcon-padded-512,0.006496116053313017,0.0004281948786228895,8.626491762697697e-05,11.166281667072326,0.7545275590412176,2482153.0,666.0,897.0,True,False
3,15,9677222530601013223,Falcon-padded-512,0.016799648059532046,0.0006189551204442978,5.736900493502617e-05,11.191450771177188,0.7773774979980128,2482153.0,666.0,897.0,True,False
3,15,6337368794005760116,Falcon-padded-512,0.00682354299351573,0.0003546280786395073,5.841115489602089e-05,6.19991981703788,0.7844018873515403,2482153.0,666.0,897.0,True,False
3,15,2165490714335791499,Falcon-padded-512,0.013488795142620802,0.0003323869314044714,5.9508951380848885e-05,6.426124694989994,0.7945071480646255,2482153.0,666.0,897.0,True,False
3,16,708058428816304813,Falcon-padded-512,0.006556520937010646,0.0004151060711592436,7.539684884250164e-05,11.346108921105042,0.7545261025713508,2482153.0,666.0,897.0,True,False
3,16,17157274698579051074,Falcon-padded-512,0.00620177504606545,0.0003525379579514265,5.6410906836390495e-05,11.550913185114041,0.7487336083012781,2482153.0,666.0,897.0,True,False
3,16,13606820088217623159,Falcon-padded-512,0.006462995894253254,0.0004006270319223404,5.85140660405159e-05,11.778796884929761,0.7445509854205854,2482153.0,666.0,897.0,True,False
3,16,15182740922674993508,Falcon-padded-512,0.01035722903907299,0.0005906878504902124,6.0986028984189034e-05,11.70786997815594,0.752386233893929,2482153.0,666.0,897.0,True,False
3,16,15200325573549480104,Falcon-padded-512,0.014644373906776309,0.0005216340068727732,5.7617900893092155e-05,11.289909952087328,0.7705784540647155,2482153.0,666.0,897.0,True,False
3,16,9677222530601013223,Falcon-padded-512,0.006000707158818841,0.00039861700497567654,5.933013744652271e-05,11.132783398963511,0.7371803457569924,2482153.0,666.0,897.0,True,False
3,16,14615935597847668507,Falcon-padded-512,0.007210307056084275,0.00043405615724623203,8.0527039244771e-05,11.22421387815848,0.7398983788718084,2482153.0,666.0,897.0,True,False
3,16,9117220636645869646,Falcon-padded-512,0.0072610280476510525,0.0003555859439074993,5.775108002126217e-05,11.272934464039281,0.7411816615587586,2482153.0,666.0,897.0,True,False
3,16,6337368794005760116,Falcon-padded-512,0.006280079949647188,0.00035192607901990414,5.6096119806170464e-05,6.241386770037934,0.7336909266983628,2482153.0,666.0,897.0,True,False
3,16,2165490714335791499,Falcon-padded-512,0.00574895110912621,0.0003390749916434288,6.049405783414841e-05,6.39395835599862,0.7761578588349045,2482153.0,666.0,897.0,True,False
3,17,13606820088217623159,Falcon-padded-512,0.013386873994022608,0.000686118146404624,8.103880099952221e-05,11.232647645985708,0.6996213040154451,2482153.0,666.0,897.0,True,False
3,17,15182740922674993508,Falcon-padded-512,0.00852755713276565,0.0003260259982198477,5.670893006026745e-05,11.294526896206662,0.7045478673687406,2482153.0,666.0,897.0,True,False
3,17,17157274698579051074,Falcon-padded-512,0.01560089411213994,0.0005085140001028776,5.5782031267881393e-05,11.283824709011242,0.7063205573399356,2482153.0,666.0,897.0,True,False
3,17,708058428816304813,Falcon-padded-512,0.006100853905081749,0.00034843781031668186,5.6382035836577415e-05,11.295083559118211,0.7039122340405822,2482153.0,666.0,897.0,True,False
3,17,9117220636645869646,Falcon-padded-512,0.007460498949512839,0.00040764384903013706,5.595083348453045e-05,11.125315173063427,0.69267320091937,2482153.0,666.0,897.0,True,False
3,17,14615935597847668507,Falcon-padded-512,0.01426525111310184,0.0006287628784775734,6.035901606082916e-05,11.20706672500819,0.6984389443306407,2482153.0,666.0,897.0,True,False
3,17,15200325573549480104,Falcon-padded-512,0.008681482868269086,0.0005299639888107777,7.461500354111195e-05,11.299111618893221,0.7396463052292538,2482153.0,666.0,897.0,True,False
3,17,9677222530601013223,Falcon-padded-512,0.007297144969925284,0.00040348898619413376,5.6853052228689194e-05,11.24216634593904,0.7189240094013275,2482153.0,666.0,897.0,True,False
3,17,2165490714335791499,Falcon-padded-512,0.008922671899199486,0.00033794413320720196,6.803381256759167e-05,6.75254287593998,0.7280922605163732,2482153.0,666.0,897.0,True,False
3,17,6337368794005760116,Falcon-padded-512,0.005650984821841121,0.0003366221208125353,9.230803698301315e-05,6.979088453808799,0.7263660992786383,2482153.0,666.0,897.0,True,False
3,18,17157274698579051074,Falcon-padded-512,0.00903765088878572,0.00046856794506311417,9.582308121025562e-05,11.264956706902012,0.6714133772121114,2482153.0,666.0,897.0,True,False
3,18,15182740922674993508,Falcon-padded-512,0.007753092097118497,0.00034817494451999664,5.6545017287135124e-05,11.304263368016109,0.6805038645768621,2482153.0,666.0,897.0,True,False
3,18,13606820088217623159,Falcon-padded-512,0.013814979000017047,0.0010894760489463806,5.711102858185768e-05,11.239682915154845,0.6669557699637049,2482153.0,666.0,897.0,True,False
3,18,708058428816304813,Falcon-padded-512,0.013169266050681472,0.0005603309255093336,5.613500252366066e-05,11.298807809129357,0.6880732512540498,2482153.0,666.0,897.0,True,False
3,18,9677222530601013223,Falcon-padded-512,0.01066816714592278,0.00042594410479068756,5.657318979501724e-05,10.869667452992871,0.6713407102284158,2482153.0,666.0,897.0,True,False
3,18,15200325573549480104,Falcon-padded-512,0.00785721093416214,0.0005168269854038954,6.746291182935238e-05,11.26842344389297,0.6838532429971512,2482153.0,666.0,897.0,True,False
3,18,14615935597847668507,Falcon-padded-512,0.010924512054771185,0.0006692649330943823,7.992913015186787e-05,11.227900461992249,0.6827099303341215,2482153.0,666.0,897.0,True,False
3,18,9117220636645869646,Falcon-padded-512,0.006746219005435705,0.0003970430698245764,5.870894528925419e-05,11.361222759122029,0.6672162638538203,2482153.0,666.0,897.0,True,False
3,18,6337368794005760116,Falcon-padded-512,0.006668254034593701,0.0004018030595034361,5.652685649693012e-05,6.168465591967106,0.6871849827136204,2482153.0,666.0,897.0,True,False
3,18,2165490714335791499,Falcon-padded-512,0.006123703205958009,0.00033232104033231735,5.666189827024937e-05,6.360524974996224,0.6745020347605845,2482153.0,666.0,897.0,True,False
3,19,17157274698579051074,Falcon-padded-512,0.006740066921338439,0.00036887102760374546,7.932097651064396e-05,10.900055644102395,0.6453638307892593,2482153.0,666.0,897.0,True,False
3,19,708058428816304813,Falcon-padded-512,0.01431206613779068,0.0006470808293670416,5.637691356241703e-05,11.109564130892977,0.6314638475561218,2482153.0,666.0,897.0,True,False
3,19,15182740922674993508,Falcon-padded-512,0.013380655786022544,0.00036812410689890385,5.67121896892786e-05,11.23677931400016,0.6536536015048149,2482153.0,666.0,897.0,True,False
3,19,13606820088217623159,Falcon-padded-512,0.006111535942181945,0.00034138793125748634,5.716201849281788e-05,11.293483152985573,0.6505276167373748,2482153.0,666.0,897.0,True,False
3,19,15200325573549480104,Falcon-padded-512,0.008218165021389723,0.0004768280778080225,5.677808076143265e-05,11.84233679715544,0.6596852519140122,2482153.0,666.0,897.0,True,False
3,19,9677222530601013223,Falcon-padded-512,0.014653470134362578,0.000500186113640666,0.00010279892012476921,11.540690166177228,0.6434393541495891,2482153.0,666.0,897.0,True,False
3,19,9117220636645869646,Falcon-padded-512,0.0061313018668442965,0.00034900102764368057,9.097903966903687e-05,11.772100757109001,0.611316094922412,2482153.0,666.0,897.0,True,False
3,19,14615935597847668507,Falcon-padded-512,0.011212622979655862,0.0005180130247026682,5.7066790759563446e-05,11.94250521203503,0.6492832798487062,2482153.0,666.0,897.0,True,False
3,19,6337368794005760116,Falcon-padded-512,0.007157861953601241,0.00041930400766432285,5.756202153861523e-05,6.243225164012983,0.6607426187604856,2482153.0,666.0,897.0,True,False
3,19,2165490714335791499,Falcon-padded-512,0.007354920031502843,0.00040188198909163475,5.733105354011059e-05,6.377212984021753,0.632908215425956,2482153.0,666.0,897.0,True,False
3,20,708058428816304813,Falcon-padded-512,0.01014803210273385,0.0005663989577442408,8.200411684811115e-05,11.016146074049175,0.600851954073663,2482153.0,666.0,897.0,True,False
3,20,13606820088217623159,Falcon-padded-512,0.008519656024873257,0.0004977018106728792,5.6881923228502274e-05,11.247432368109003,0.6180410905960639,2482153.0,666.0,897.0,True,False
3,20,15182740922674993508,Falcon-padded-512,0.0063124471344053745,0.0004288060590624809,5.77978789806366e-05,11.33562599401921,0.6049905937093838,2482153.0,666.0,897.0,True,False
3,20,17157274698579051074,Falcon-padded-512,0.010901904897764325,0.0005614249967038631,5.6077027693390846e-05,11.294228739105165,0.6279420843644506,2482153.0,666.0,897.0,True,False
3,20,15200325573549480104,Falcon-padded-512,0.009336106944829226,0.00034830207005143166,6.323098205029964e-05,11.314381739124656,0.624669522616514,2482153.0,666.0,897.0,True,False
3,20,9677222530601013223,Falcon-padded-512,0.006333799101412296,0.00039305398240685463,5.764421075582504e-05,11.037045967997983,0.6171350742506373,2482153.0,666.0,897.0,True,False
3,20,14615935597847668507,Falcon-padded-512,0.009428882040083408,0.0004335171543061733,7.927301339805126e-05,11.298439057078212,0.6370497962376874,2482153.0,666.0,897.0,True,False
3,20,9117220636645869646,Falcon-padded-512,0.008417390054091811,0.000340132974088192,5.653104744851589e-05,11.345856541069224,0.6385624688711895,2482153.0,666.0,897.0,True,False
3,20,2165490714335791499,Falcon-padded-512,0.007925153011456132,0.0004057609476149082,5.687517113983631e-05,6.208891973132268,0.6246960070577396,2482153.0,666.0,897.0,True,False
3,20,6337368794005760116,Falcon-padded-512,0.005918954964727163,0.000378649914637208,5.6129880249500275e-05,6.273046193877235,0.6416397322989573,2482153.0,666.0,897.0,True,False
3,21,13606820088217623159,Falcon-padded-512,0.011158411856740713,0.0004368429072201252,8.079595863819122e-05,11.757420911919326,0.5922091942114435,2482153.0,666.0,897.0,True,False
3,21,708058428816304813,Falcon-padded-512,0.015602800995111465,0.0005584410391747952,5.641789175570011e-05,11.770820001140237,0.5982041879539277,2482153.0,666.0,897.0,True,False
3,21,17157274698579051074,Falcon-padded-512,0.01092876703478396,0.0004774387925863266,5.818391218781471e-05,11.793104605050758,0.5808074553111556,2482153.0,666.0,897.0,True,False
3,21,15182740922674993508,Falcon-padded-512,0.006224751006811857,0.0003583771176636219,5.7456083595752716e-05,11.953622007975355,0.592191197096732,2482153.0,666.0,897.0,True,False
3,21,14615935597847668507,Falcon-padded-512,0.008354580029845238,0.0005184249021112919,5.59480395168066e-05,11.177735166857019,0.6078668646277137,2482153.0,666.0,897.0,True,False
3,21,9677222530601013223,Falcon-padded-512,0.00969919585622847,0.00035385810770094395,6.142701022326946e-05,11.08450409420766,0.6093526328587608,2482153.0,666.0,897.0,True,False
3,21,15200325573549480104,Falcon-padded-512,0.008003772934898734,0.0005007309373468161,7.516099140048027e-05,11.255935124820098,0.5918257354171412,2482153.0,666.0,897.0,True,False
3,21,9117220636645869646,Falcon-padded-512,0.007724263006821275,0.0003977061714977026,5.63270878046751e-05,11.262357208877802,0.594919366109523,2482153.0,666.0,897.0,True,False
3,21,2165490714335791499,Falcon-padded-512,0.005980239948257804,0.00036901491694152355,5.644606426358223e-05,6.306556273950264,0.5866626589351399,2482153.0,666.0,897.0,True,False
3,21,6337368794005760116,Falcon-padded-512,0.006420020945370197,0.00041229999624192715,5.677295848727226e-05,6.269715004134923,0.6152382445088618,2482153.0,666.0,897.0,True,False
3,22,17157274698579051074,Falcon-padded-512,0.0060145610477775335,0.0003512629773467779,9.146309457719326e-05,11.362646121066064,0.5550835690680583,2482153.0,666.0,897.0,True,False
3,22,13606820088217623159,Falcon-padded-512,0.009751890087500215,0.0006814158987253904,5.708308890461922e-05,11.299381582066417,0.5788226686655336,2482153.0,666.0,897.0,True,False
3,22,708058428816304813,Falcon-padded-512,0.008798744063824415,0.000503291143104434,5.789310671389103e-05,11.420990803977475,0.5470931186892425,2482153.0,666.0,897.0,True,False
3,22,15182740922674993508,Falcon-padded-512,0.010267554083839059,0.0004078540951013565,6.226100958883762e-05,11.304881070973352,0.5516352416223781,2482153.0,666.0,897.0,True,False
3,22,14615935597847668507,Falcon-padded-512,0.008581135887652636,0.00047230999916791916,6.315391510725021e-05,11.109096097992733,0.5755850744854872,2482153.0,666.0,897.0,True,False
3,22,9117220636645869646,Falcon-padded-512,0.013752878876402974,0.0005193680990487337,6.142398342490196e-05,11.277219054056332,0.567109470819212,2482153.0,666.0,897.0,True,False
3,22,9677222530601013223,Falcon-padded-512,0.008571570040658116,0.0005319849587976933,7.48590100556612e-05,11.312165804905817,0.5639160953129932,2482153.0,666.0,897.0,True,False
3,22,15200325573549480104,Falcon-padded-512,0.007784128189086914,0.0003699699882417917,5.656690336763859e-05,11.437144740950316,0.5597904166503317,2482153.0,666.0,897.0,True,False
3,22,6337368794005760116,Falcon-padded-512,0.006432487862184644,0.0004049590788781643,6.524496711790562e-05,6.737387265078723,0.5800771362557533,2482153.0,666.0,897.0,True,False
3,22,2165490714335791499,Falcon-padded-512,0.005941412877291441,0.000384720042347908,5.6842807680368423e-05,6.6724135430995375,0.5711734670267743,2482153.0,666.0,897.0,True,False
3,23,13606820088217623159,Falcon-padded-512,0.012724201893433928,0.0007391739636659622,7.856404408812523e-05,11.089559020008892,0.5518773891814764,2482153.0,666.0,897.0,True,False
3,23,17157274698579051074,Falcon-padded-512,0.00634992984123528,0.0003541980404406786,5.720788612961769e-05,11.269882787019014,0.51622720513564,2482153.0,666.0,897.0,True,False
3,23,708058428816304813,Falcon-padded-512,0.0061700919177383184,0.00035186903551220894,5.655782297253609e-05,11.487360805040225,0.5634352763533402,2482153.0,666.0,897.0,True,False
3,23,15182740922674993508,Falcon-padded-512,0.006332057062536478,0.00043235206976532936,5.7385070249438286e-05,11.406024167081341,0.5661197177306482,2482153.0,666.0,897.0,True,False
3,23,15200325573549480104,Falcon-padded-512,0.011382502038031816,0.0005590419750660658,5.8094970881938934e-05,11.197522949893028,0.5462823894800274,2482153.0,666.0,897.0,True,False
3,23,14615935597847668507,Falcon-padded-512,0.011861381120979786,0.0005167028866708279,6.080791354179382e-05,11.120985706103966,0.5580589182817253,2482153.0,666.0,897.0,True,False
3,23,9117220636645869646,Falcon-padded-512,0.006569068878889084,0.00046312413178384304,8.100690320134163e-05,11.07115795998834,0.5674517423531432,2482153.0,666.0,897.0,True,False
3,23,9677222530601013223,Falcon-padded-512,0.005929077975451946,0.00041856314055621624,5.649286322295666e-05,11.330912976060063,0.5619266283265345,2482153.0,666.0,897.0,True,False
3,23,6337368794005760116,Falcon-padded-512,0.006613331148400903,0.0003535761497914791,5.669891834259033e-05,6.250343240099028,0.5657590457303509,2482153.0,666.0,897.0,True,False
3,23,2165490714335791499,Falcon-padded-512,0.006097635021433234,0.00037737214006483555,5.694897845387459e-05,6.498610447859392,0.529133145596571,2482153.0,666.0,897.0,True,False
3,24,15182740922674993508,Falcon-padded-512,0.010263687931001186,0.00046390388160943985,9.667710401117802e-05,11.560743588022888,0.5133114548364452,2482153.0,666.0,897.0,True,False
3,24,17157274698579051074,Falcon-padded-512,0.010275017935782671,0.0009803827852010727,6.13450538367033e-05,11.53453448601067,0.5098596500458231,2482153.0,666.0,897.0,True,False
3,24,708058428816304813,Falcon-padded-512,0.010010888101533055,0.00034482311457395554,5.9993937611579895e-05,11.6488308950793,0.5251491288802806,2482153.0,666.0,897.0,True,False
3,24,13606820088217623159,Falcon-padded-512,0.008450479013845325,0.000580579973757267,6.623193621635437e-05,11.708804697031155,0.5461146911831608,2482153.0,666.0,897.0,True,False
3,24,15200325573549480104,Falcon-padded-512,0.006756068905815482,0.00045489403419196606,6.091105751693249e-05,11.079587860032916,0.5070230091097438,2482153.0,666.0,897.0,True,False
3,24,9677222530601013223,Falcon-padded-512,0.013194647151976824,0.0005036131478846073,6.146403029561043e-05,11.179222060134634,0.5285041485764798,2482153.0,666.0,897.0,True,False
3,24,9117220636645869646,Falcon-padded-512,0.009093896020203829,0.0005280161276459694,0.0001086709089577198,11.335866458015516,0.553555784426677,2482153.0,666.0,897.0,True,False
3,24,14615935597847668507,Falcon-padded-512,0.0076252128928899765,0.000346943037584424,6.201001815497875e-05,11.503483440959826,0.526659053839316,2482153.0,666.0,897.0,True,False
3,24,6337368794005760116,Falcon-padded-512,0.007761714980006218,0.0003525339998304844,8.251797407865524e-05,6.25578464102,0.537425719082925,2482153.0,666.0,897.0,True,False
3,24,2165490714335791499,Falcon-padded-512,0.006973579991608858,0.00035605509765446186,8.783792145550251e-05,6.38802728196606,0.5039614197934509,2482153.0,666.0,897.0,True,False
3,25,15182740922674993508,Falcon-padded-512,0.006490194937214255,0.0005709889810532331,7.70939514040947e-05,11.104471408994868,0.4942121797235339,2482153.0,666.0,897.0,True,False
3,25,17157274698579051074,Falcon-padded-512,0.010943134082481265,0.0005702790804207325,5.658809095621109e-05,11.096061127027497,0.49636900849687826,2482153.0,666.0,897.0,True,False
3,25,13606820088217623159,Falcon-padded-512,0.006341404048725963,0.0004016440361738205,6.050011143088341e-05,11.283572774846107,0.4981649189677303,2482153.0,666.0,897.0,True,False
3,25,708058428816304813,Falcon-padded-512,0.007660356117412448,0.0003475088160485029,6.152596324682236e-05,11.315698541002348,0.5020361949754938,2482153.0,666.0,897.0,True,False
3,25,15200325573549480104,Falcon-padded-512,0.008019977947697043,0.0006051498930901289,6.20759092271328e-05,11.03473945800215,0.48422475071374776,2482153.0,666.0,897.0,True,False
3,25,9677222530601013223,Falcon-padded-512,0.011503601912409067,0.0005926780868321657,6.245099939405918e-05,11.281085012014955,0.5060796433952963,2482153.0,666.0,897.0,True,False
3,25,9117220636645869646,Falcon-padded-512,0.006611196091398597,0.00033025513403117657,8.723000064492226e-05,11.365479179890826,0.5359476097165399,2482153.0,666.0,897.0,True,False
3,25,14615935597847668507,Falcon-padded-512,0.0065271309576928616,0.00035101105459034443,9.109685197472572e-05,11.570356179960072,0.48647397400657083,2482153.0,666.0,897.0,True,False
3,25,6337368794005760116,Falcon-padded-512,0.009686828823760152,0.00037352414801716805,8.84179025888443e-05,6.195477546891198,0.5195123858892234,2482153.0,666.0,897.0,True,False
3,25,2165490714335791499,Falcon-padded-512,0.006647693924605846,0.0003251759335398674,8.91578383743763e-05,6.189774078084156,0.49869013634646775,2482153.0,666.0,897.0,True,False
3,26,17157274698579051074,Falcon-padded-512,0.008990864967927337,0.0005510500632226467,9.887805208563805e-05,11.03969277208671,0.4643121711482668,2482153.0,666.0,897.0,True,False
3,26,13606820088217623159,Falcon-padded-512,0.009119858033955097,0.0003474671393632889,6.029498763382435e-05,11.332210064865649,0.4937964032172777,2482153.0,666.0,897.0,True,False
3,26,708058428816304813,Falcon-padded-512,0.013742338167503476,0.0005126411560922861,6.631296128034592e-05,11.368998543126509,0.47030050143196134,2482153.0,666.0,897.0,True,False
3,26,15182740922674993508,Falcon-padded-512,0.008885776856914163,0.0005892501212656498,6.463914178311825e-05,11.506823739036918,0.48867321201855207,2482153.0,666.0,897.0,True,False
3,26,15200325573549480104,Falcon-padded-512,0.006185520906001329,0.00040023610927164555,6.090803071856499e-05,10.95783392386511,0.47286191859110527,2482153.0,666.0,897.0,True,False
3,26,9677222530601013223,Falcon-padded-512,0.006412382936105132,0.0004159519448876381,6.222911179065704e-05,11.19237335305661,0.4765187600378398,2482153.0,666.0,897.0,True,False
3,26,14615935597847668507,Falcon-padded-512,0.006355151999741793,0.0004107970744371414,8.107395842671394e-05,11.196182871004567,0.4708250042549364,2482153.0,666.0,897.0,True,False
3,26,9117220636645869646,Falcon-padded-512,0.006572366924956441,0.0003488978836685419,5.997088737785816e-05,11.19624948198907,0.4835653647804146,2482153.0,666.0,897.0,True,False
3,26,6337368794005760116,Falcon-padded-512,0.01618348085321486,0.0005669710226356983,6.008706986904144e-05,6.323878915049136,0.5162680036607822,2482153.0,666.0,897.0,True,False
3,26,2165490714335791499,Falcon-padded-512,0.007127790944650769,0.0003777120728045702,5.804398097097874e-05,6.3194834808819,0.46450211893126464,2482153.0,666.0,897.0,True,False
3,27,13606820088217623159,Falcon-padded-512,0.010766349034383893,0.00035909609869122505,7.75300431996584e-05,11.332695487886667,0.4930049961634502,2482153.0,666.0,897.0,True,False
3,27,708058428816304813,Falcon-padded-512,0.011515024118125439,0.00034847483038902283,5.688099190592766e-05,11.289511572103947,0.47551349285918815,2482153.0,666.0,897.0,True,False
3,27,17157274698579051074,Falcon-padded-512,0.009617449948564172,0.0005901111289858818,5.697901360690594e-05,11.418077047914267,0.4388440336296513,2482153.0,666.0,897.0,True,False
3,27,15182740922674993508,Falcon-padded-512,0.009150589117780328,0.0003423688467592001,0.00010100984945893288,11.820966045139357,0.4760259050804718,2482153.0,666.0,897.0,True,False
3,27,14615935597847668507,Falcon-padded-512,0.006756706861779094,0.0004559839144349098,6.623310036957264e-05,11.336993439123034,0.45650237314640335,2482153.0,666.0,897.0,True,False
3,27,9677222530601013223,Falcon-padded-512,0.0098299290984869,0.000496990978717804,6.341515108942986e-05,11.8485901390668,0.46279550013340015,2482153.0,666.0,897.0,True,False
3,27,15200325573549480104,Falcon-padded-512,0.008694863179698586,0.0005982129368931055,0.00010033906437456608,11.962295067030936,0.4360958185331647,2482153.0,666.0,897.0,True,False
3,27,9117220636645869646,Falcon-padded-512,0.006783631164580584,0.00042790803126990795,6.3758110627532e-05,11.649959590984508,0.4434266971530998,2482153.0,666.0,897.0,True,False
3,27,6337368794005760116,Falcon-padded-512,0.007206825073808432,0.00039601512253284454,6.307498551905155e-05,6.307550442870706,0.46459128458503707,2482153.0,666.0,897.0,True,False
3,27,2165490714335791499,Falcon-padded-512,0.005714091006666422,0.000333898002281785,6.394507363438606e-05,6.523414351046085,0.44285532749691014,2482153.0,666.0,897.0,True,False
3,28,13606820088217623159,Falcon-padded-512,0.009969170903787017,0.000635197851806879,7.9762889072299e-05,10.922141392016783,0.46568922460031736,2482153.0,666.0,897.0,True,False
3,28,17157274698579051074,Falcon-padded-512,0.016281564021483064,0.0003609349951148033,6.799516268074512e-05,11.26776622212492,0.4328633417393182,2482153.0,666.0,897.0,True,False
3,28,708058428816304813,Falcon-padded-512,0.006855670129880309,0.0004279708955436945,5.725398659706116e-05,11.320751145016402,0.4448885048122685,2482153.0,666.0,897.0,True,False
3,28,15182740922674993508,Falcon-padded-512,0.010375183075666428,0.0005022080149501562,5.986192263662815e-05,11.295949171064422,0.45919090556277403,2482153.0,666.0,897.0,True,False
3,28,15200325573549480104,Falcon-padded-512,0.0064108248334378,0.0004248828627169132,0.00011700205504894257,11.149236134020612,0.4318763390658008,2482153.0,666.0,897.0,True,False
3,28,14615935597847668507,Falcon-padded-512,0.016587200108915567,0.0006994470022618771,5.666096694767475e-05,11.064500769134611,0.4143390659551332,2482153.0,666.0,897.0,True,False
3,28,9117220636645869646,Falcon-padded-512,0.013520226813852787,0.0005076800007373095,8.491287007927895e-05,11.190876326989383,0.42747130961554825,2482153.0,666.0,897.0,True,False
3,28,9677222530601013223,Falcon-padded-512,0.006048806011676788,0.00039536086842417717,5.937693640589714e-05,11.363362500909716,0.44262789556412563,2482153.0,666.0,897.0,True,False
3,28,6337368794005760116,Falcon-padded-512,0.009512952994555235,0.0003495218697935343,5.946704186499119e-05,6.452163512120023,0.4547462947310726,2482153.0,666.0,897.0,True,False
3,28,2165490714335791499,Falcon-padded-512,0.006497070891782641,0.00036959489807486534,5.70609699934721e-05,6.415188959101215,0.4250039281145592,2482153.0,666.0,897.0,True,False
3,29,15182740922674993508,Falcon-padded-512,0.010266436962410808,0.0005349470302462578,9.756907820701599e-05,11.625337533885613,0.3955882055222229,2482153.0,666.0,897.0,True,False
3,29,13606820088217623159,Falcon-padded-512,0.011621551122516394,0.0006364488508552313,6.184400990605354e-05,11.88661004183814,0.4466685963747133,2482153.0,666.0,897.0,True,False
3,29,17157274698579051074,Falcon-padded-512,0.022786132991313934,0.0005049880128353834,6.467895582318306e-05,11.940617908956483,0.41057313077009405,2482153.0,666.0,897.0,True,False
3,29,708058428816304813,Falcon-padded-512,0.007703261915594339,0.0003363857977092266,6.445590406656265e-05,11.99129515979439,0.4158242416277433,2482153.0,666.0,897.0,True,False
3,29,9677222530601013223,Falcon-padded-512,0.01325884903781116,0.0007689420599490404,7.197912782430649e-05,10.987570320954546,0.4182863125613161,2482153.0,666.0,897.0,True,False
3,29,14615935597847668507,Falcon-padded-512,0.014582264004275203,0.00035379501059651375,6.277789361774921e-05,11.220195855014026,0.4135145462669764,2482153.0,666.0,897.0,True,False
3,29,15200325573549480104,Falcon-padded-512,0.015704302117228508,0.0005285812076181173,9.803008288145065e-05,11.527190316002816,0.41310193166611303,2482153.0,666.0,897.0,True,False
3,29,9117220636645869646,Falcon-padded-512,0.009668894112110138,0.0004036261234432459,6.28551933914423e-05,11.259246797068045,0.40154914814195813,2482153.0,666.0,897.0,True,False
3,29,6337368794005760116,Falcon-padded-512,0.006572087062522769,0.00039776903577148914,6.451387889683247e-05,6.5811322319787,0.42186930130241784,2482153.0,666.0,897.0,True,False
3,29,2165490714335791499,Falcon-padded-512,0.008334198035299778,0.0003194978926330805,6.22051302343607e-05,6.549936479888856,0.38964526392638116,2482153.0,666.0,897.0,True,False
3,30,17157274698579051074,Falcon-padded-512,0.01451625395566225,0.0005064818542450666,7.606204599142075e-05,11.17719648196362,0.407413769234565,2482153.0,666.0,897.0,True,False
3,30,15182740922674993508,Falcon-padded-512,0.01905686897225678,0.0006074209231883287,5.704793147742748e-05,11.298998004989699,0.44051704396772534,2482153.0,666.0,897.0,True,False
3,30,13606820088217623159,Falcon-padded-512,0.011713186977431178,0.0005785119719803333,5.9990910813212395e-05,11.416315088048577,0.4325113559177347,2482153.0,666.0,897.0,True,False
3,30,708058428816304813,Falcon-padded-512,0.0061826929450035095,0.00047662295401096344,5.811289884150028e-05,11.57547269295901,0.4094634509176775,2482153.0,666.0,897.0,True,False
3,30,15200325573549480104,Falcon-padded-512,0.009273483883589506,0.00042099691927433014,5.7789962738752365e-05,11.214265535818413,0.4159066219025167,2482153.0,666.0,897.0,True,False
3,30,14615935597847668507,Falcon-padded-512,0.0134074199013412,0.0003466969355940819,6.094505079090595e-05,11.075619619805366,0.40126069291097344,2482153.0,666.0,897.0,True,False
3,30,9117220636645869646,Falcon-padded-512,0.009596209973096848,0.0005082420539110899,8.196895942091942e-05,11.010844225995243,0.3754877522231857,2482153.0,666.0,897.0,True,False
3,30,9677222530601013223,Falcon-padded-512,0.006336834980174899,0.0003435090184211731,5.6833960115909576e-05,11.331271469127387,0.39645685582380197,2482153.0,666.0,897.0,True,False
3,30,6337368794005760116,Falcon-padded-512,0.006027698051184416,0.00043313601054251194,6.799399852752686e-05,7.272595282876864,0.4032476396732934,2482153.0,666.0,897.0,True,False
3,30,2165490714335791499,Falcon-padded-512,0.008727157954126596,0.0003753418568521738,5.8143166825175285e-05,7.213142053922638,0.3623168780616704,2482153.0,666.0,897.0,True,False
4,1,13720014741161780005,Falcon-padded-512,0.007868198910728097,0.0005978171247988939,9.097997099161148e-05,11.128979452187195,2.0586845821635738,2482153.0,666.0,897.0,True,False
4,1,3485666071991455665,Falcon-padded-512,0.009546996792778373,0.0005998688284307718,5.703512579202652e-05,11.082030527060851,2.0103479806025315,2482153.0,666.0,897.0,True,False
4,1,11846679691234712704,Falcon-padded-512,0.013236507074907422,0.0006318760570138693,0.00010685506276786327,11.334606754826382,2.01197532863374,2482153.0,666.0,897.0,True,False
4,1,2936561738138612120,Falcon-padded-512,0.0070002509746700525,0.00041538989171385765,6.531295366585255e-05,11.39887564512901,2.0269732270271157,2482153.0,666.0,897.0,True,False
4,1,6891543454965131185,Falcon-padded-512,0.009386071003973484,0.0006365790031850338,7.720105350017548e-05,11.33900884585455,2.053998394376913,2482153.0,666.0,897.0,True,False
4,1,7619615245315223547,Falcon-padded-512,0.011573362862691283,0.0005901448894292116,6.298813968896866e-05,11.096130294026807,2.1093741693314474,2482153.0,666.0,897.0,True,False
4,1,12923699221358044871,Falcon-padded-512,0.00685699307359755,0.0003565920051187277,6.45879190415144e-05,11.281680342042819,2.0356734634205034,2482153.0,666.0,897.0,True,False
4,1,14598237725517375750,Falcon-padded-512,0.00685925199650228,0.0003367089666426182,5.9919897466897964e-05,11.286061113933101,2.062829959164759,2482153.0,666.0,897.0,True,False
4,1,991291808020457373,Falcon-padded-512,0.010354144964367151,0.00034792092628777027,5.8960169553756714e-05,6.651456056162715,2.0670334442405944,2482153.0,666.0,897.0,True,False
4,1,15553227492194552552,Falcon-padded-512,0.005681549897417426,0.00033518485724925995,5.611893720924854e-05,6.988695465028286,2.0366489613891408,2482153.0,666.0,897.0,True,False
4,2,11846679691234712704,Falcon-padded-512,0.010142431128770113,0.0004963940009474754,7.591512985527515e-05,11.291565469931811,1.768627054372411,2482153.0,666.0,897.0,True,False
4,2,13720014741161780005,Falcon-padded-512,0.009127287892624736,0.00036898907274007797,5.7347118854522705e-05,11.296778036979958,1.8043127439583941,2482153.0,666.0,897.0,True,False
4,2,3485666071991455665,Falcon-padded-512,0.00594356982037425,0.0003788808826357126,5.6020915508270264e-05,11.394812552956864,1.7690490947407522,2482153.0,666.0,897.0,True,False
4,2,2936561738138612120,Falcon-padded-512,0.00680014188401401,0.00041428999975323677,5.945400334894657e-05,11.352289779111743,1.769099043433074,2482153.0,666.0,897.0,True,False
4,2,12923699221358044871,Falcon-padded-512,0.021084225038066506,0.0008654980920255184,5.898205563426018e-05,10.950784301152453,1.8072232144653417,2482153.0,666.0,897.0,True,False
4,2,7619615245315223547,Falcon-padded-512,0.00802997499704361,0.0005538640543818474,6.277905777096748e-05,11.021695512114093,1.8220357545621835,2482153.0,666.0,897.0,True,False
4,2,14598237725517375750,Falcon-padded-512,0.00984276202507317,0.00039803911931812763,8.881092071533203e-05,11.025771606946364,1.8106019694334383,2482153.0,666.0,897.0,True,False
4,2,6891543454965131185,Falcon-padded-512,0.00619299104437232,0.0003441879525780678,5.912617780268192e-05,11.261030310066417,1.7802354211260558,2482153.0,666.0,897.0,True,False
4,2,15553227492194552552,Falcon-padded-512,0.007602968020364642,0.00034646899439394474,5.9206970036029816e-05,6.447397161042318,1.7529440358945518,2482153.0,666.0,897.0,True,False
4,2,991291808020457373,Falcon-padded-512,0.01046488294377923,0.00033097900450229645,5.950802005827427e-05,6.513872847892344,1.7732756676947234,2482153.0,666.0,897.0,True,False
4,3,13720014741161780005,Falcon-padded-512,0.015143416123464704,0.0005690781399607658,8.665001951158047e-05,11.329686336917803,1.6348952191650488,2482153.0,666.0,897.0,True,False
4,3,2936561738138612120,Falcon-padded-512,0.011348818894475698,0.0006496149580925703,5.610310472548008e-05,11.459245869191363,1.602999472314385,2482153.0,666.0,897.0,True,False
4,3,11846679691234712704,Falcon-padded-512,0.007942605996504426,0.0003603678196668625,5.974504165351391e-05,11.53829946811311,1.6224943718333154,2482153.0,666.0,897.0,True,False
4,3,3485666071991455665,Falcon-padded-512,0.005812868010252714,0.0003462661989033222,6.040581502020359e-05,11.608455122914165,1.5846219677833995,2482153.0,666.0,897.0,True,False
4,3,12923699221358044871,Falcon-padded-512,0.010013350052759051,0.0005658699665218592,5.9057027101516724e-05,11.417251707054675,1.6281666915128186,2482153.0,666.0,897.0,True,False
4,3,6891543454965131185,Falcon-padded-512,0.008816465036943555,0.0005760679487138987,6.354786455631256e-05,11.693450866034254,1.6221945718595177,2482153.0,666.0,897.0,True,False
4,3,14598237725517375750,Falcon-padded-512,0.009786923183128238,0.0003555910661816597,7.752305828034878e-05,11.351143142906949,1.627916960199927,2482153.0,666.0,897.0,True,False
4,3,7619615245315223547,Falcon-padded-512,0.006699069170281291,0.0004270910285413265,5.979696288704872e-05,11.644653753144667,1.6522761590921196,2482153.0,666.0,897.0,True,False
4,3,991291808020457373,Falcon-padded-512,0.006973593961447477,0.00037716422230005264,5.8765988796949387e-05,6.302755828015506,1.6033171073646302,2482153.0,666.0,897.0,True,False
4,3,15553227492194552552,Falcon-padded-512,0.007838571909815073,0.00034459587186574936,5.81440981477499e-05,6.371076272102073,1.595417697718189,2482153.0,666.0,897.0,True,False
4,4,11846679691234712704,Falcon-padded-512,0.010608866112306714,0.0005007309373468161,7.498892955482006e-05,11.063534227199852,1.5009514207293273,2482153.0,666.0,897.0,True,False
4,4,3485666071991455665,Falcon-padded-512,0.009803947992622852,0.0007630868349224329,7.322197780013084e-05,10.9788124661427,1.4752380164565555,2482153.0,666.0,897.0,True,False
4,4,13720014741161780005,Falcon-padded-512,0.00784323294647038,0.0003941010218113661,5.825702100992203e-05,11.219138163141906,1.5047122718422277,2482153.0,666.0,897.0,True,False
4,4,2936561738138612120,Falcon-padded-512,0.0058058558497577906,0.0003521509934216738,5.81829808652401e-05,11.511008754139766,1.4843479998552116,2482153.0,666.0,897.0,True,False
4,4,12923699221358044871,Falcon-padded-512,0.008896433049812913,0.0005390879232436419,5.736597813665867e-05,11.081106269033626,1.5011469892635467,2482153.0,666.0,897.0,True,False
4,4,6891543454965131185,Falcon-padded-512,0.00955853215418756,0.0005225851200520992,5.863280966877937e-05,11.15479702106677,1.5029470130896112,2482153.0,666.0,897.0,True,False
4,4,7619615245315223547,Falcon-padded-512,0.006558258086442947,0.00045051099732518196,7.660896517336369e-05,11.282121595926583,1.499503989887845,2482153.0,666.0,897.0,True,False
4,4,14598237725517375750,Falcon-padded-512,0.009351890999823809,0.0004104110412299633,5.819415673613548e-05,11.026253174990416,1.503027506694672,2482153.0,666.0,897.0,True,False
4,4,15553227492194552552,Falcon-padded-512,0.009036282077431679,0.000353905837982893,5.649798549711704e-05,6.436736961826682,1.460710030452461,2482153.0,666.0,897.0,True,False
4,4,991291808020457373,Falcon-padded-512,0.0060586531180888414,0.00032883905805647373,5.6609977036714554e-05,6.6022960629779845,1.4880473522623634,2482153.0,666.0,897.0,True,False
4,5,11846679691234712704,Falcon-padded-512,0.00996031891554594,0.0005630850791931152,9.311106987297535e-05,11.277802441036329,1.4207236937656524,2482153.0,666.0,897.0,True,False
4,5,2936561738138612120,Falcon-padded-512,0.00861890590749681,0.0008020410314202309,6.556115113198757e-05,11.404303518123925,1.3808062923182347,2482153.0,666.0,897.0,True,False
4,5,3485666071991455665,Falcon-padded-512,0.009158797096461058,0.0005789250135421753,5.734991282224655e-05,11.446545569924638,1.39027640166556,2482153.0,666.0,897.0,True,False
4,5,13720014741161780005,Falcon-padded-512,0.011126920813694596,0.0005192370153963566,5.80749474465847e-05,11.610305930953473,1.4201930070378979,2482153.0,666.0,897.0,True,False
4,5,12923699221358044871,Falcon-padded-512,0.007586351130157709,0.00043929298408329487,5.73950819671154e-05,10.934833612060174,1.4097407004635805,2482153.0,666.0,897.0,True,False
4,5,7619615245315223547,Falcon-padded-512,0.00783571507781744,0.00038238405250012875,6.653484888374805e-05,10.998277314938605,1.3960276785170196,2482153.0,666.0,897.0,True,False
4,5,6891543454965131185,Falcon-padded-512,0.009882896905764937,0.0005349169950932264,8.010212332010269e-05,11.03340219380334,1.405806768851675,2482153.0,666.0,897.0,True,False
4,5,14598237725517375750,Falcon-padded-512,0.008703215047717094,0.00035710795782506466,5.8169011026620865e-05,11.00178043008782,1.4081903460678782,2482153.0,666.0,897.0,True,False
4,5,15553227492194552552,Falcon-padded-512,0.0075667910277843475,0.00034434394910931587,5.723116919398308e-05,6.369453174062073,1.3880865444802934,2482153.0,666.0,897.0,True,False
4,5,991291808020457373,Falcon-padded-512,0.006206170888617635,0.0003282311372458935,5.704304203391075e-05,6.3798304598312825,1.374187318382749,2482153.0,666.0,897.0,True,False
4,6,2936561738138612120,Falcon-padded-512,0.006441999925300479,0.0004342328757047653,7.616309449076653e-05,11.075671523110941,1.2938785378340703,2482153.0,666.0,897.0,True,False
4,6,3485666071991455665,Falcon-padded-512,0.008536565117537975,0.0005687049124389887,5.733291618525982e-05,11.046740939840674,1.2873246738105824,2482153.0,666.0,897.0,True,False
4,6,13720014741161780005,Falcon-padded-512,0.006065210094675422,0.00040799519047141075,5.767401307821274e-05,11.204962919931859,1.324980640107659,2482153.0,666.0,897.0,True,False
4,6,11846679691234712704,Falcon-padded-512,0.009724413976073265,0.0004221030976623297,6.005610339343548e-05,11.140739381080493,1.3221497543298515,2482153.0,666.0,897.0,True,False
4,6,14598237725517375750,Falcon-padded-512,0.0089207598939538,0.0005150900688022375,5.947193130850792e-05,11.680441015865654,1.3397826768790082,2482153.0,666.0,897.0,True,False
4,6,7619615245315223547,Falcon-padded-512,0.00980693707242608,0.0005322122015058994,5.952781066298485e-05,11.693375583039597,1.304856553199185,2482153.0,666.0,897.0,True,False
4,6,6891543454965131185,Falcon-padded-512,0.008571360958740115,0.0005844691768288612,0.00012271897867321968,11.933613624889404,1.3215969022671887,2482153.0,666.0,897.0,True,False
4,6,12923699221358044871,Falcon-padded-512,0.011361049022525549,0.00035406509414315224,5.8864010497927666e-05,12.053007619222626,1.3308983065520124,2482153.0,666.0,897.0,True,False
4,6,15553227492194552552,Falcon-padded-512,0.012236935086548328,0.0003573389258235693,5.931896157562733e-05,6.459517449140549,1.3006572298183563,2482153.0,666.0,897.0,True,False
4,6,991291808020457373,Falcon-padded-512,0.006245797965675592,0.0003322111442685127,6.931996904313564e-05,6.463020303053781,1.2872942697470355,2482153.0,666.0,897.0,True,False
4,7,3485666071991455665,Falcon-padded-512,0.009370306972414255,0.0005404641851782799,0.00011200807057321072,10.934307088144124,1.2168946357289696,2482153.0,666.0,897.0,True,False
4,7,2936561738138612120,Falcon-padded-512,0.007504123030230403,0.000555667094886303,5.773501470685005e-05,11.219964652089402,1.2086291848474247,2482153.0,666.0,897.0,True,False
4,7,11846679691234712704,Falcon-padded-512,0.0097167759668082,0.000610648188740015,5.719694308936596e-05,11.293851383961737,1.2223476718185813,2482153.0,666.0,897.0,True,False
4,7,13720014741161780005,Falcon-padded-512,0.010824089869856834,0.0005640771705657244,5.7304976508021355e-05,11.41972946189344,1.2725457849016615,2482153.0,666.0,897.0,True,False
4,7,6891543454965131185,Falcon-padded-512,0.006741893012076616,0.00036292988806962967,5.7824887335300446e-05,11.052445179084316,1.2555699431972138,2482153.0,666.0,897.0,True,False
4,7,12923699221358044871,Falcon-padded-512,0.011167439166456461,0.000517750158905983,6.0830963775515556e-05,11.122831569984555,1.2356038363116562,2482153.0,666.0,897.0,True,False
4,7,7619615245315223547,Falcon-padded-512,0.009403032949194312,0.0005131310317665339,7.502501830458641e-05,11.101799090858549,1.2407517125652094,2482153.0,666.0,897.0,True,False
4,7,14598237725517375750,Falcon-padded-512,0.006544372998178005,0.00041380105540156364,7.906393148005009e-05,11.09931783308275,1.2626490604345966,2482153.0,666.0,897.0,True,False
4,7,15553227492194552552,Falcon-padded-512,0.008056102087721229,0.00042426399886608124,6.035901606082916e-05,6.478419607039541,1.2275407295318166,2482153.0,666.0,897.0,True,False
4,7,991291808020457373,Falcon-padded-512,0.0065136069897562265,0.00033049099147319794,5.850312300026417e-05,6.4277395298704505,1.2169122582028626,2482153.0,666.0,897.0,True,False
4,8,11846679691234712704,Falcon-padded-512,0.006596156861633062,0.000538448803126812,7.493002340197563e-05,11.616797257913277,1.1749204875557286,2482153.0,666.0,897.0,True,False
4,8,3485666071991455665,Falcon-padded-512,0.008390497183427215,0.0003482310567051172,5.713081918656826e-05,11.673310127807781,1.1539130472833183,2482153.0,666.0,897.0,True,False
4,8,13720014741161780005,Falcon-padded-512,0.007001096149906516,0.0004609150346368551,5.8609992265701294e-05,11.640095668146387,1.2020452888148605,2482153.0,666.0,897.0,True,False
4,8,2936561738138612120,Falcon-padded-512,0.005872061010450125,0.00040218490175902843,6.055482663214207e-05,11.954580267891288,1.1621409586280773,2482153.0,666.0,897.0,True,False
4,8,12923699221358044871,Falcon-padded-512,0.006522621028125286,0.00044450792483985424,5.868007428944111e-05,10.955296511063352,1.175015012929394,2482153.0,666.0,897.0,True,False
4,8,7619615245315223547,Falcon-padded-512,0.009872469119727612,0.0005747091490775347,5.981209687888622e-05,10.976628827862442,1.1598271625057148,2482153.0,666.0,897.0,True,False
4,8,6891543454965131185,Falcon-padded-512,0.007356816902756691,0.0003695921041071415,7.70010519772768e-05,11.236292931018397,1.1770591044881542,2482153.0,666.0,897.0,True,False
4,8,14598237725517375750,Falcon-padded-512,0.00662424205802381,0.00034224800765514374,7.660803385078907e-05,11.071744888089597,1.2013760512801492,2482153.0,666.0,897.0,True,False
4,8,991291808020457373,Falcon-padded-512,0.006108317989856005,0.0004203419666737318,5.846214480698109e-05,6.224524275865406,1.1538495634012162,2482153.0,666.0,897.0,True,False
4,8,15553227492194552552,Falcon-padded-512,0.00653157290071249,0.00032660295255482197,7.493491284549236e-05,6.4588956909719855,1.153003524063499,2482153.0,666.0,897.0,True,False
4,9,13720014741161780005,Falcon-padded-512,0.011998733971267939,0.0005402339156717062,8.411402814090252e-05,10.813579637091607,1.1470416465382667,2482153.0,666.0,897.0,True,False
4,9,2936561738138612120,Falcon-padded-512,0.010621428024023771,0.0005598070565611124,5.8107078075408936e-05,10.958618721924722,1.0889116669916044,2482153.0,666.0,897.0,True,False
4,9,11846679691234712704,Falcon-padded-512,0.006477131973952055,0.0003409991040825844,5.698599852621555e-05,11.070477932924405,1.1124467352393326,2482153.0,666.0,897.0,True,False
4,9,3485666071991455665,Falcon-padded-512,0.011801474960520864,0.0005984480958431959,5.77080063521862e-05,11.023860655957833,1.0918007527187372,2482153.0,666.0,897.0,True,False
4,9,6891543454965131185,Falcon-padded-512,0.014181888196617365,0.0006185180973261595,5.960208363831043e-05,11.029462842037901,1.1365778298135016,2482153.0,666.0,897.0,True,False
4,9,12923699221358044871,Falcon-padded-512,0.01154959318228066,0.0006084849592298269,6.1744824051857e-05,10.954294667113572,1.1045819293161867,2482153.0,666.0,897.0,True,False
4,9,7619615245315223547,Falcon-padded-512,0.012530632084235549,0.00034293485805392265,7.568998262286186e-05,11.149786137975752,1.0999124156441658,2482153.0,666.0,897.0,True,False
4,9,14598237725517375750,Falcon-padded-512,0.015624850988388062,0.0005284971557557583,5.734805017709732e-05,11.100469576194882,1.1264189724709577,2482153.0,666.0,897.0,True,False
4,9,991291808020457373,Falcon-padded-512,0.009409967111423612,0.0005214130505919456,5.875900387763977e-05,6.94538832292892,1.0761590319074643,2482153.0,666.0,897.0,True,False
4,9,15553227492194552552,Falcon-padded-512,0.009917780058458447,0.0003262660466134548,5.833618342876434e-05,7.154341733083129,1.0978702690191329,2482153.0,666.0,897.0,True,False
4,10,13720014741161780005,Falcon-padded-512,0.00822597905062139,0.00034833699464797974,8.125207386910915e-05,11.178635377902538,1.099095021843151,2482153.0,666.0,897.0,True,False
4,10,11846679691234712704,Falcon-padded-512,0.006753835128620267,0.0003523780032992363,5.843699909746647e-05,11.193200754001737,1.048525537275205,2482153.0,666.0,897.0,True,False
4,10,2936561738138612120,Falcon-padded-512,0.007874871138483286,0.00038915500044822693,5.94588927924633e-05,11.285543926991522,1.0381163286555344,2482153.0,666.0,897.0,True,False
4,10,3485666071991455665,Falcon-padded-512,0.009180527878925204,0.0005703859496861696,5.9377867728471756e-05,11.459714074153453,1.032523452666155,2482153.0,666.0,897.0,True,False
4,10,6891543454965131185,Falcon-padded-512,0.007426973897963762,0.0006553330458700657,5.7745957747101784e-05,11.280376900918782,1.0597569745057707,2482153.0,666.0,897.0,True,False
4,10,14598237725517375750,Falcon-padded-512,0.009108113823458552,0.00034350412897765636,6.157392635941505e-05,11.236588736996055,1.066131067124142,2482153.0,666.0,897.0,True,False
4,10,12923699221358044871,Falcon-padded-512,0.012380440020933747,0.00042389193549752235,7.897918112576008e-05,11.464954293100163,1.0424114215146205,2482153.0,666.0,897.0,True,False
4,10,7619615245315223547,Falcon-padded-512,0.008495481917634606,0.0007029080297797918,5.940394476056099e-05,11.391575511079282,1.0338595293130084,2482153.0,666.0,897.0,True,False
4,10,15553227492194552552,Falcon-padded-512,0.006960110040381551,0.00035424111410975456,5.877809599041939e-05,6.534163432894275,1.0405021495879836,2482153.0,666.0,897.0,True,False
4,10,991291808020457373,Falcon-padded-512,0.005722577916458249,0.00032694614492356777,5.866796709597111e-05,6.497021864866838,1.0404774715566332,2482153.0,666.0,897.0,True,False
4,11,11846679691234712704,Falcon-padded-512,0.007868168177083135,0.0003567999228835106,7.590185850858688e-05,11.153636038769037,0.9920911661758545,2482153.0,666.0,897.0,True,False
4,11,13720014741161780005,Falcon-padded-512,0.015393628971651196,0.0005584461614489555,5.681510083377361e-05,11.259347819024697,1.0416310917419993,2482153.0,666.0,897.0,True,False
4,11,3485666071991455665,Falcon-padded-512,0.0066592509392648935,0.00033534178510308266,5.6891003623604774e-05,11.294170557986945,0.9671174223255959,2482153.0,666.0,897.0,True,False
4,11,2936561738138612120,Falcon-padded-512,0.00734011922031641,0.00034594000317156315,5.9069134294986725e-05,11.417214808985591,1.0075846456798019,2482153.0,666.0,897.0,True,False
4,11,6891543454965131185,Falcon-padded-512,0.006848664954304695,0.0004923599772155285,5.6267017498612404e-05,11.428872312884778,0.9915862863610505,2482153.0,666.0,897.0,True,False
4,11,14598237725517375750,Falcon-padded-512,0.00687133613973856,0.0004903699737042189,6.063096225261688e-05,11.285217346157879,1.015886736903221,2482153.0,666.0,897.0,True,False
4,11,12923699221358044871,Falcon-padded-512,0.00965321809053421,0.0004351378884166479,8.567702025175095e-05,11.74658127897419,0.9935500542069696,2482153.0,666.0,897.0,True,False
4,11,7619615245315223547,Falcon-padded-512,0.005968608893454075,0.0003384759183973074,6.607198156416416e-05,11.71575435390696,0.9806276214350561,2482153.0,666.0,897.0,True,False
4,11,15553227492194552552,Falcon-padded-512,0.007998290937393904,0.0004186991136521101,6.276112981140614e-05,6.37295946595259,0.982376937843432,2482153.0,666.0,897.0,True,False
4,11,991291808020457373,Falcon-padded-512,0.007299909135326743,0.000330192968249321,6.471504457294941e-05,6.336810878012329,0.963323419640778,2482153.0,666.0,897.0,True,False
4,12,3485666071991455665,Falcon-padded-512,0.007544942200183868,0.0005098450928926468,9.292201139032841e-05,10.856785380048677,0.9152817448992638,2482153.0,666.0,897.0,True,False
4,12,11846679691234712704,Falcon-padded-512,0.006624497007578611,0.0004841908812522888,5.694804713129997e-05,11.030536459060386,0.9368494916114078,2482153.0,666.0,897.0,True,False
4,12,13720014741161780005,Falcon-padded-512,0.008688089903444052,0.00039499602280557156,6.76929485052824e-05,11.057662334991619,0.9770071422977812,2482153.0,666.0,897.0,True,False
4,12,2936561738138612120,Falcon-padded-512,0.008028783136978745,0.00035715685226023197,5.9098005294799805e-05,11.006809122860432,0.9506408953742617,2482153.0,666.0,897.0,True,False
4,12,7619615245315223547,Falcon-padded-512,0.009549590991809964,0.0006340520922094584,5.7903118431568146e-05,10.900517606874928,0.9385274622091062,2482153.0,666.0,897.0,True,False
4,12,6891543454965131185,Falcon-padded-512,0.006964439991861582,0.00038827001117169857,6.275507621467113e-05,11.118037063162774,0.9345286526497761,2482153.0,666.0,897.0,True,False
4,12,12923699221358044871,Falcon-padded-512,0.006622080923989415,0.0004005341324955225,9.328010492026806e-05,11.205980334896594,0.9309334660031993,2482153.0,666.0,897.0,True,False
4,12,14598237725517375750,Falcon-padded-512,0.009522255044430494,0.0005022708792239428,6.105704233050346e-05,11.189117704052478,0.9720557563623805,2482153.0,666.0,897.0,True,False
4,12,991291808020457373,Falcon-padded-512,0.007355144014582038,0.0004023460205644369,7.087201811373234e-05,6.361447292147204,0.9202482199213308,2482153.0,666.0,897.0,True,False
4,12,15553227492194552552,Falcon-padded-512,0.013334278017282486,0.00033211614936590195,6.015598773956299e-05,6.421003632014617,0.9518939736922076,2482153.0,666.0,897.0,True,False
4,13,13720014741161780005,Falcon-padded-512,0.007365186931565404,0.0005444691050797701,8.974014781415462e-05,11.771485239034519,0.9494125328625843,2482153.0,666.0,897.0,True,False
4,13,11846679691234712704,Falcon-padded-512,0.006338706007227302,0.00036958116106688976,6.037391722202301e-05,11.871505799004808,0.927359657682431,2482153.0,666.0,897.0,True,False
4,13,2936561738138612120,Falcon-padded-512,0.010514016030356288,0.0005603327881544828,6.885500624775887e-05,12.00021095899865,0.8939526872650073,2482153.0,666.0,897.0,True,False
4,13,3485666071991455665,Falcon-padded-512,0.007877979893237352,0.00034195021726191044,5.946401506662369e-05,12.187245015986264,0.8679794978563953,2482153.0,666.0,897.0,True,False
4,13,6891543454965131185,Falcon-padded-512,0.011574513046070933,0.000351959140971303,5.9728045016527176e-05,11.172801188891754,0.8861423134803772,2482153.0,666.0,897.0,True,False
4,13,12923699221358044871,Falcon-padded-512,0.012045962968841195,0.0005163608584553003,6.0857972130179405e-05,11.374774180119857,0.8946077445889734,2482153.0,666.0,897.0,True,False
4,13,7619615245315223547,Falcon-padded-512,0.010390470968559384,0.0006344050634652376,0.00011589005589485168,11.147124550072476,0.8948403651926927,2482153.0,666.0,897.0,True,False
4,13,14598237725517375750,Falcon-padded-512,0.017762577859684825,0.0003883950412273407,8.937297388911247e-05,11.154633127851412,0.9261469148146878,2482153.0,666.0,897.0,True,False
4,13,15553227492194552552,Falcon-padded-512,0.008950738003477454,0.000419646967202425,5.965610034763813e-05,6.343481716001406,0.8932061000804233,2482153.0,666.0,897.0,True,False
4,13,991291808020457373,Falcon-padded-512,0.006287364987656474,0.0003367147874087095,6.029801443219185e-05,6.28344790590927,0.8772185980134709,2482153.0,666.0,897.0,True,False
4,14,2936561738138612120,Falcon-padded-512,0.00690854899585247,0.00044953986071050167,7.886206731200218e-05,11.019602346932516,0.8450230251831613,2482153.0,666.0,897.0,True,False
4,14,13720014741161780005,Falcon-padded-512,0.00831743492744863,0.0005290661938488483,5.718017928302288e-05,11.263724324991927,0.8953586363109054,2482153.0,666.0,897.0,True,False
4,14,11846679691234712704,Falcon-padded-512,0.026732892962172627,0.00047545204870402813,5.658506415784359e-05,11.201105508953333,0.8707025588318041,2482153.0,666.0,897.0,True,False
4,14,3485666071991455665,Falcon-padded-512,0.008529531070962548,0.0004351949319243431,5.897902883589268e-05,11.296314951963723,0.8631994635056538,2482153.0,666.0,897.0,True,False
4,14,6891543454965131185,Falcon-padded-512,0.008908117888495326,0.0005731489509344101,5.8609992265701294e-05,11.244643148034811,0.8579056082637446,2482153.0,666.0,897.0,True,False
4,14,14598237725517375750,Falcon-padded-512,0.011685153935104609,0.0005123058799654245,6.175599992275238e-05,11.048661238979548,0.8830616238770211,2482153.0,666.0,897.0,True,False
4,14,12923699221358044871,Falcon-padded-512,0.007199043873697519,0.0006610690616071224,8.10620840638876e-05,11.144234119914472,0.850054696961573,2482153.0,666.0,897.0,True,False
4,14,7619615245315223547,Falcon-padded-512,0.006183956051245332,0.000358151039108634,5.924399010837078e-05,11.097343605943024,0.8419488434009491,2482153.0,666.0,897.0,True,False
4,14,15553227492194552552,Falcon-padded-512,0.008543134899809957,0.0003637080080807209,6.013992242515087e-05,6.634206298971549,0.8639275104187096,2482153.0,666.0,897.0,True,False
4,14,991291808020457373,Falcon-padded-512,0.009376680012792349,0.00032161292620003223,9.406497702002525e-05,6.725934647023678,0.8390463869662801,2482153.0,666.0,897.0,True,False
4,15,3485666071991455665,Falcon-padded-512,0.00704223895445466,0.0006875090766698122,7.510394789278507e-05,10.959311705781147,0.8149071256066583,2482153.0,666.0,897.0,True,False
4,15,13720014741161780005,Falcon-padded-512,0.00863267807289958,0.00041337194852530956,7.670000195503235e-05,11.103238818002865,0.8640253663442696,2482153.0,666.0,897.0,True,False
4,15,11846679691234712704,Falcon-padded-512,0.005922770127654076,0.0003600760828703642,5.7576922699809074e-05,11.24839831981808,0.8197395391524978,2482153.0,666.0,897.0,True,False
4,15,2936561738138612120,Falcon-padded-512,0.00661276513710618,0.00039487285539507866,5.983700975775719e-05,11.268699005013332,0.8092131447640194,2482153.0,666.0,897.0,True,False
4,15,6891543454965131185,Falcon-padded-512,0.009842506842687726,0.0004640610422939062,6.038299761712551e-05,11.269959972938523,0.8502981998738209,2482153.0,666.0,897.0,True,False
4,15,12923699221358044871,Falcon-padded-512,0.007009692024439573,0.0003590821288526058,7.454096339643002e-05,11.079610340995714,0.8090859393405306,2482153.0,666.0,897.0,True,False
4,15,14598237725517375750,Falcon-padded-512,0.010481559904292226,0.00036182114854454994,8.07370524853468e-05,11.047327642096207,0.8461887044891431,2482153.0,666.0,897.0,True,False
4,15,7619615245315223547,Falcon-padded-512,0.007161635905504227,0.0004437610041350126,5.880300886929035e-05,11.015956116840243,0.8004610075312815,2482153.0,666.0,897.0,True,False
4,15,15553227492194552552,Falcon-padded-512,0.006257114000618458,0.0003682409878820181,5.864398553967476e-05,6.115470485994592,0.8075614508929526,2482153.0,666.0,897.0,True,False
4,15,991291808020457373,Falcon-padded-512,0.00639210594817996,0.0003208308480679989,5.856691859662533e-05,6.447416765149683,0.8023388921075566,2482153.0,666.0,897.0,True,False
4,16,11846679691234712704,Falcon-padded-512,0.00858567887917161,0.001643287017941475,8.55899415910244e-05,11.42772244894877,0.7853431733930187,2482153.0,666.0,897.0,True,False
4,16,13720014741161780005,Falcon-padded-512,0.009583280887454748,0.00072065694257617,5.638692528009415e-05,11.608114689122885,0.7911388091980271,2482153.0,666.0,897.0,True,False
4,16,2936561738138612120,Falcon-padded-512,0.008816475979983807,0.0005649072118103504,6.0006044805049896e-05,11.761309737805277,0.7505932264267259,2482153.0,666.0,897.0,True,False
4,16,3485666071991455665,Falcon-padded-512,0.01186978304758668,0.0005514861550182104,6.029685027897358e-05,11.733380991965532,0.7887103422811836,2482153.0,666.0,897.0,True,False
4,16,6891543454965131185,Falcon-padded-512,0.009357687085866928,0.0004891972057521343,7.968000136315823e-05,11.53717972501181,0.8036791114670456,2482153.0,666.0,897.0,True,False
4,16,14598237725517375750,Falcon-padded-512,0.007337190909311175,0.00043019489385187626,6.171013228595257e-05,11.267801344860345,0.782508049800897,2482153.0,666.0,897.0,True,False
4,16,12923699221358044871,Falcon-padded-512,0.012660385807976127,0.0005629411898553371,0.00011223414912819862,11.315477128140628,0.7659800672417234,2482153.0,666.0,897.0,True,False
4,16,7619615245315223547,Falcon-padded-512,0.00919723603874445,0.0005410101730376482,5.8785080909729004e-05,11.186733677051961,0.7696830405361333,2482153.0,666.0,897.0,True,False
4,16,15553227492194552552,Falcon-padded-512,0.00921801500953734,0.0003762987907975912,5.832407623529434e-05,6.3222808060236275,0.7817885237894241,2482153.0,666.0,897.0,True,False
4,16,991291808020457373,Falcon-padded-512,0.00896879518404603,0.00032770889811217785,5.868612788617611e-05,6.266117208870128,0.7911861028261246,2482153.0,666.0,897.0,True,False
4,17,2936561738138612120,Falcon-padded-512,0.012292427942156792,0.0006745171267539263,7.564807310700417e-05,11.271021482069045,0.7034659019321393,2482153.0,666.0,897.0,True,False
4,17,3485666071991455665,Falcon-padded-512,0.006414173869416118,0.00042035290971398354,5.790800787508488e-05,11.374242605874315,0.7600965325240117,2482153.0,666.0,897.0,True,False
4,17,13720014741161780005,Falcon-padded-512,0.007443887181580067,0.0004156229551881552,5.900207906961441e-05,11.323265710147098,0.7784721345468691,2482153.0,666.0,897.0,True,False
4,17,11846679691234712704,Falcon-padded-512,0.007798359030857682,0.00040507689118385315,8.36770050227642e-05,11.568529817042872,0.7368087604357179,2482153.0,666.0,897.0,True,False
4,17,12923699221358044871,Falcon-padded-512,0.006353961070999503,0.00042114686220884323,5.601998418569565e-05,10.811417957069352,0.7487959129984971,2482153.0,666.0,897.0,True,False
4,17,6891543454965131185,Falcon-padded-512,0.009812848176807165,0.0003419781569391489,5.649193190038204e-05,10.945211010053754,0.7658175594487767,2482153.0,666.0,897.0,True,False
4,17,7619615245315223547,Falcon-padded-512,0.008780579082667828,0.00043194997124373913,7.545901462435722e-05,11.233565015019849,0.7298751313025784,2482153.0,666.0,897.0,True,False
4,17,14598237725517375750,Falcon-padded-512,0.008170366054400802,0.0003592639695852995,5.95820602029562e-05,10.979477086104453,0.7529526147872779,2482153.0,666.0,897.0,True,False
4,17,15553227492194552552,Falcon-padded-512,0.006203068885952234,0.00040621799416840076,5.7418132200837135e-05,6.373788880882785,0.7460744338240594,2482153.0,666.0,897.0,True,False
4,17,991291808020457373,Falcon-padded-512,0.012049649143591523,0.0003300600219517946,5.641905590891838e-05,6.404834626009688,0.7406730742021731,2482153.0,666.0,897.0,True,False
4,18,13720014741161780005,Falcon-padded-512,0.00899187009781599,0.0004672990180552006,0.00011412892490625381,11.059463567100465,0.7411938886733571,2482153.0,666.0,897.0,True,False
4,18,2936561738138612120,Falcon-padded-512,0.009078870061784983,0.00043876003473997116,6.412900984287262e-05,11.164875461021438,0.6975820262910454,2482153.0,666.0,897.0,True,False
4,18,3485666071991455665,Falcon-padded-512,0.00861736387014389,0.0006909589283168316,5.892803892493248e-05,11.09748691180721,0.7272780894473859,2482153.0,666.0,897.0,True,False
4,18,11846679691234712704,Falcon-padded-512,0.00722525198943913,0.00034917215816676617,5.967100150883198e-05,11.405977895949036,0.7098087410258639,2482153.0,666.0,897.0,True,False
4,18,7619615245315223547,Falcon-padded-512,0.01165787409991026,0.000353560084477067,5.850382149219513e-05,10.88175985799171,0.7161600695104356,2482153.0,666.0,897.0,True,False
4,18,12923699221358044871,Falcon-padded-512,0.006389116169884801,0.00042555597610771656,7.331091910600662e-05,10.858750110957772,0.705919901087026,2482153.0,666.0,897.0,True,False
4,18,6891543454965131185,Falcon-padded-512,0.009622412035241723,0.0005832959432154894,7.712002843618393e-05,11.214800304966047,0.723755883183449,2482153.0,666.0,897.0,True,False
4,18,14598237725517375750,Falcon-padded-512,0.005963569041341543,0.0003465129993855953,6.007892079651356e-05,11.077943078940734,0.715274536780491,2482153.0,666.0,897.0,True,False
4,18,991291808020457373,Falcon-padded-512,0.006331840064376593,0.0003282791003584862,5.786679685115814e-05,6.376340829068795,0.7109015690767841,2482153.0,666.0,897.0,True,False
4,18,15553227492194552552,Falcon-padded-512,0.010690126102417707,0.00042289821431040764,6.211409345269203e-05,6.394007169874385,0.7063194961779437,2482153.0,666.0,897.0,True,False
4,19,13720014741161780005,Falcon-padded-512,0.01067419908940792,0.0006433029193431139,7.45491124689579e-05,11.323391184210777,0.7182722174248118,2482153.0,666.0,897.0,True,False
4,19,11846679691234712704,Falcon-padded-512,0.008307492127642035,0.0004205899313092232,6.232201121747494e-05,11.425644122995436,0.6716935059447198,2482153.0,666.0,897.0,True,False
4,19,3485666071991455665,Falcon-padded-512,0.007447807118296623,0.0003559892065823078,6.335088983178139e-05,11.40140248904936,0.709540701548385,2482153.0,666.0,897.0,True,False
4,19,2936561738138612120,Falcon-padded-512,0.009156131884083152,0.0005300510674715042,7.39898532629013e-05,11.534565499052405,0.6684049622268434,2482153.0,666.0,897.0,True,False
4,19,6891543454965131185,Falcon-padded-512,0.008032315876334906,0.0005140639841556549,6.914814002811909e-05,11.77226335904561,0.6966534187649466,2482153.0,666.0,897.0,True,False
4,19,7619615245315223547,Falcon-padded-512,0.007901282049715519,0.0003522629849612713,6.158207543194294e-05,11.673514646012336,0.6792859470198869,2482153.0,666.0,897.0,True,False
4,19,12923699221358044871,Falcon-padded-512,0.0076927070040255785,0.0003439229913055897,8.412310853600502e-05,11.940722858067602,0.6807247333845515,2482153.0,666.0,897.0,True,False
4,19,14598237725517375750,Falcon-padded-512,0.0073174729477614164,0.00038648396730422974,5.8830948546528816e-05,11.84270847006701,0.6865326682948003,2482153.0,666.0,897.0,True,False
4,19,15553227492194552552,Falcon-padded-512,0.006770242936909199,0.00034487200900912285,5.886191502213478e-05,6.435752889839932,0.6593450109717572,2482153.0,666.0,897.0,True,False
4,19,991291808020457373,Falcon-padded-512,0.006123417988419533,0.0003817540127784014,5.9270067140460014e-05,6.579738593893126,0.6726751040880847,2482153.0,666.0,897.0,True,False
4,20,11846679691234712704,Falcon-padded-512,0.007591754896566272,0.0004422580823302269,7.629301398992538e-05,10.972687759203836,0.6466002450057655,2482153.0,666.0,897.0,True,False
4,20,2936561738138612120,Falcon-padded-512,0.008576073916628957,0.00035754102282226086,9.123282507061958e-05,11.20534151000902,0.6377958535768424,2482153.0,666.0,897.0,True,False
4,20,13720014741161780005,Falcon-padded-512,0.010902778944000602,0.0006378660909831524,5.931919440627098e-05,11.12763746920973,0.6851056947070322,2482153.0,666.0,897.0,True,False
4,20,3485666071991455665,Falcon-padded-512,0.00693601812236011,0.0003622830845415592,5.883700214326382e-05,11.30093203112483,0.6677357402576762,2482153.0,666.0,897.0,True,False
4,20,6891543454965131185,Falcon-padded-512,0.012617321219295263,0.000717921881005168,5.918997339904308e-05,11.432321861153468,0.6603832588453961,2482153.0,666.0,897.0,True,False
4,20,14598237725517375750,Falcon-padded-512,0.009744842071086168,0.0005627181380987167,5.852989852428436e-05,11.292334591969848,0.6636500901951912,2482153.0,666.0,897.0,True,False
4,20,7619615245315223547,Falcon-padded-512,0.008392866002395749,0.0005087940953671932,8.169910870492458e-05,11.41737775807269,0.6425615366382204,2482153.0,666.0,897.0,True,False
4,20,12923699221358044871,Falcon-padded-512,0.01086376910097897,0.0003375608939677477,5.835411138832569e-05,11.616557897999883,0.6535230303171334,2482153.0,666.0,897.0,True,False
4,20,15553227492194552552,Falcon-padded-512,0.00785770290531218,0.0003571959678083658,6.396905519068241e-05,6.683007281972095,0.6263810873363808,2482153.0,666.0,897.0,True,False
4,20,991291808020457373,Falcon-padded-512,0.00861850893124938,0.0003363650757819414,5.847192369401455e-05,6.677696360042319,0.6360268554395172,2482153.0,666.0,897.0,True,False
4,21,11846679691234712704,Falcon-padded-512,0.014873167965561152,0.000645205844193697,9.253202006220818e-05,11.68511831201613,0.62598217639384,2482153.0,666.0,897.0,True,False
4,21,3485666071991455665,Falcon-padded-512,0.006714684888720512,0.0004134359769523144,5.9339916333556175e-05,11.95690572494641,0.6481679300688634,2482153.0,666.0,897.0,True,False
4,21,13720014741161780005,Falcon-padded-512,0.010489345993846655,0.0006008411291986704,5.914107896387577e-05,11.940746787935495,0.6528442792926624,2482153.0,666.0,897.0,True,False
4,21,2936561738138612120,Falcon-padded-512,0.010858199093490839,0.0005206780042499304,6.0098012909293175e-05,12.116285131080076,0.6183902930207313,2482153.0,666.0,897.0,True,False
4,21,6891543454965131185,Falcon-padded-512,0.008732798043638468,0.0006707571446895599,5.8453064411878586e-05,11.390138425165787,0.6373762574260402,2482153.0,666.0,897.0,True,False
4,21,12923699221358044871,Falcon-padded-512,0.006697359029203653,0.0003558010794222355,6.18568155914545e-05,11.39576773904264,0.6361211584347068,2482153.0,666.0,897.0,True,False
4,21,7619615245315223547,Falcon-padded-512,0.009310418972745538,0.0003657429479062557,7.804716005921364e-05,11.466715516056865,0.6082412466691558,2482153.0,666.0,897.0,True,False
4,21,14598237725517375750,Falcon-padded-512,0.0064339470118284225,0.0003995730075985193,6.306800059974194e-05,11.244764054892585,0.643835734552259,2482153.0,666.0,897.0,True,False
4,21,15553227492194552552,Falcon-padded-512,0.01980087091214955,0.0003527191001921892,5.9070996940135956e-05,6.6210308889858425,0.6002115211004664,2482153.0,666.0,897.0,True,False
4,21,991291808020457373,Falcon-padded-512,0.006109477952122688,0.0003293838817626238,5.907309241592884e-05,6.712840678170323,0.6157517187819359,2482153.0,666.0,897.0,True,False
4,22,11846679691234712704,Falcon-padded-512,0.010189589112997055,0.0006185639649629593,7.552606984972954e-05,10.96165492781438,0.597773603525511,2482153.0,666.0,897.0,True,False
4,22,3485666071991455665,Falcon-padded-512,0.016171053051948547,0.0005008790176361799,6.194808520376682e-05,11.144801951013505,0.6200527112195446,2482153.0,666.0,897.0,True,False
4,22,2936561738138612120,Falcon-padded-512,0.010175544070079923,0.0006475290283560753,6.0165999457240105e-05,11.149712871061638,0.593723833988047,2482153.0,666.0,897.0,True,False
4,22,13720014741161780005,Falcon-padded-512,0.009287902154028416,0.00035235797986388206,6.0268910601735115e-05,11.153773562982678,0.6181993582256281,2482153.0,666.0,897.0,True,False
4,22,6891543454965131185,Falcon-padded-512,0.011425560805946589,0.0004694920498877764,5.9098005294799805e-05,10.940677917096764,0.5930129241696589,2482153.0,666.0,897.0,True,False
4,22,7619615245315223547,Falcon-padded-512,0.007477317005395889,0.0003561119083315134,6.270199082791805e-05,11.050897006178275,0.5723448466675677,2482153.0,666.0,897.0,True,False
4,22,12923699221358044871,Falcon-padded-512,0.009951398009434342,0.0004304288886487484,8.620088919997215e-05,11.127517281100154,0.5981009001042813,2482153.0,666.0,897.0,True,False
4,22,14598237725517375750,Falcon-padded-512,0.005812153918668628,0.00034302216954529285,5.8363890275359154e-05,11.22492157202214,0.6040406417410085,2482153.0,666.0,897.0,True,False
4,22,15553227492194552552,Falcon-padded-512,0.010504056001082063,0.0004928240086883307,5.972897633910179e-05,6.671807457925752,0.5944502297670219,2482153.0,666.0,897.0,True,False
4,22,991291808020457373,Falcon-padded-512,0.010479971067979932,0.0003735409118235111,6.410595960915089e-05,6.935013245092705,0.5925158924974834,2482153.0,666.0,897.0,True,False
4,23,13720014741161780005,Falcon-padded-512,0.008913157042115927,0.00047226203605532646,8.653500117361546e-05,11.140669781016186,0.5955866916923765,2482153.0,666.0,897.0,True,False
4,23,3485666071991455665,Falcon-padded-512,0.008833659114316106,0.0004270910285413265,6.0193007811903954e-05,11.341769450111315,0.6170750808943609,2482153.0,666.0,897.0,True,False
4,23,11846679691234712704,Falcon-padded-512,0.0067436539102345705,0.00044920784421265125,6.03310763835907e-05,11.359617767157033,0.5786314254780863,2482153.0,666.0,897.0,True,False
4,23,2936561738138612120,Falcon-padded-512,0.00853131408803165,0.00036660884507000446,6.382097490131855e-05,11.407244767993689,0.5686156477091039,2482153.0,666.0,897.0,True,False
4,23,6891543454965131185,Falcon-padded-512,0.010722489794716239,0.0005669659003615379,6.151199340820312e-05,11.320187016157433,0.5902566026397951,2482153.0,666.0,897.0,True,False
4,23,12923699221358044871,Falcon-padded-512,0.00898217991925776,0.0005269509274512529,6.304099224507809e-05,10.969589142827317,0.5766755667082064,2482153.0,666.0,897.0,True,False
4,23,7619615245315223547,Falcon-padded-512,0.006475358037278056,0.00033918791450560093,8.312496356666088e-05,11.143432633019984,0.5563447043347131,2482153.0,666.0,897.0,True,False
4,23,14598237725517375750,Falcon-padded-512,0.011667483020573854,0.0005071768537163734,5.956902168691158e-05,11.030260527972132,0.5981834063864058,2482153.0,666.0,897.0,True,False
4,23,15553227492194552552,Falcon-padded-512,0.006800913019105792,0.0003532709088176489,7.454189471900463e-05,6.312912428053096,0.5833006727799868,2482153.0,666.0,897.0,True,False
4,23,991291808020457373,Falcon-padded-512,0.005863612052053213,0.00032981415279209614,6.241817027330399e-05,6.482311704894528,0.5954647365791402,2482153.0,666.0,897.0,True,False
4,24,3485666071991455665,Falcon-padded-512,0.010563988937065005,0.0005727829411625862,8.151587098836899e-05,11.133045250084251,0.5638620968741975,2482153.0,666.0,897.0,True,False
4,24,13720014741161780005,Falcon-padded-512,0.008986796019598842,0.00041602598503232,5.9677986428141594e-05,11.06941997911781,0.5852507330524693,2482153.0,666.0,897.0,True,False
4,24,2936561738138612120,Falcon-padded-512,0.008343233028426766,0.0003636591136455536,5.938112735748291e-05,11.348004033090547,0.5357883217133534,2482153.0,666.0,897.0,True,False
4,24,11846679691234712704,Falcon-padded-512,0.00585190299898386,0.00038959202356636524,6.19350466877222e-05,11.4635064532049,0.5506349579211632,2482153.0,666.0,897.0,True,False
4,24,12923699221358044871,Falcon-padded-512,0.007927562110126019,0.00038720108568668365,6.893393583595753e-05,11.896634165896103,0.5762841518564968,2482153.0,666.0,897.0,True,False
4,24,6891543454965131185,Falcon-padded-512,0.009344152873381972,0.0007514709141105413,6.197299808263779e-05,12.129804481985047,0.5478252609301905,2482153.0,666.0,897.0,True,False
4,24,7619615245315223547,Falcon-padded-512,0.007295450195670128,0.0004415609873831272,7.851002737879753e-05,12.060555408941582,0.5550626856601162,2482153.0,666.0,897.0,True,False
4,24,14598237725517375750,Falcon-padded-512,0.007688647834584117,0.0003394070081412792,6.166589446365833e-05,11.970603422960266,0.5793954453365818,2482153.0,666.0,897.0,True,False
4,24,15553227492194552552,Falcon-padded-512,0.016680887900292873,0.00034449389204382896,5.9125013649463654e-05,6.694465189008042,0.5335413450671799,2482153.0,666.0,897.0,True,False
4,24,991291808020457373,Falcon-padded-512,0.007840465055778623,0.0003334588836878538,5.942303687334061e-05,6.6956638330593705,0.5553442742319623,2482153.0,666.0,897.0,True,False
4,25,11846679691234712704,Falcon-padded-512,0.006920620100572705,0.0005438050720840693,0.00014722207561135292,11.246856849174947,0.5322438702936385,2482153.0,666.0,897.0,True,False
4,25,13720014741161780005,Falcon-padded-512,0.01095361402258277,0.0005198130384087563,5.850009620189667e-05,11.274585535982624,0.5586607082491848,2482153.0,666.0,897.0,True,False
4,25,2936561738138612120,Falcon-padded-512,0.00901211192831397,0.0005879919044673443,5.946122109889984e-05,11.18127682292834,0.5099695752357032,2482153.0,666.0,897.0,True,False
4,25,3485666071991455665,Falcon-padded-512,0.01347438688389957,0.00036560208536684513,6.11341092735529e-05,11.305320917163044,0.551691584906001,2482153.0,666.0,897.0,True,False
4,25,7619615245315223547,Falcon-padded-512,0.01551162893883884,0.0008517911192029715,6.015622057020664e-05,11.103625376941636,0.5546240169009206,2482153.0,666.0,897.0,True,False
4,25,14598237725517375750,Falcon-padded-512,0.008291637990623713,0.0005763289518654346,6.395694799721241e-05,11.04190477100201,0.555017178961236,2482153.0,666.0,897.0,True,False
4,25,12923699221358044871,Falcon-padded-512,0.006731048924848437,0.0003686770796775818,8.288281969726086e-05,11.295703957090154,0.5314494072204563,2482153.0,666.0,897.0,True,False
4,25,6891543454965131185,Falcon-padded-512,0.011468197917565703,0.000359133118763566,9.172619320452213e-05,11.460749508813024,0.5450747067666357,2482153.0,666.0,897.0,True,False
4,25,15553227492194552552,Falcon-padded-512,0.006280913017690182,0.00039048981852829456,5.935481749475002e-05,6.546642616856843,0.5131786713602057,2482153.0,666.0,897.0,True,False
4,25,991291808020457373,Falcon-padded-512,0.006420667981728911,0.00034982082433998585,6.146891973912716e-05,6.447776964865625,0.515054926869406,2482153.0,666.0,897.0,True,False
4,26,3485666071991455665,Falcon-padded-512,0.017005467088893056,0.000547521049156785,9.059300646185875e-05,11.71052942587994,0.5443684547237909,2482153.0,666.0,897.0,True,False
4,26,2936561738138612120,Falcon-padded-512,0.006125814979895949,0.0004810111131519079,6.112596020102501e-05,11.79730894509703,0.4913516826334463,2482153.0,666.0,897.0,True,False
4,26,11846679691234712704,Falcon-padded-512,0.008130952017381787,0.0005800188519060612,6.109196692705154e-05,11.778340998105705,0.5146688374981379,2482153.0,666.0,897.0,True,False
4,26,13720014741161780005,Falcon-padded-512,0.00935364793986082,0.0005512898787856102,6.309803575277328e-05,11.89267693599686,0.5368361970184335,2482153.0,666.0,897.0,True,False
4,26,6891543454965131185,Falcon-padded-512,0.025186457904055715,0.0004640459083020687,6.445706821978092e-05,10.876822357997298,0.5275688697198394,2482153.0,666.0,897.0,True,False
4,26,12923699221358044871,Falcon-padded-512,0.006470358930528164,0.00046236999332904816,6.501399911940098e-05,11.046676797093824,0.493983078617484,2482153.0,666.0,897.0,True,False
4,26,7619615245315223547,Falcon-padded-512,0.0059748010244220495,0.00037281308323144913,8.867192082107067e-05,11.203311973949894,0.5085201412439346,2482153.0,666.0,897.0,True,False
4,26,14598237725517375750,Falcon-padded-512,0.008076071972027421,0.00043573486618697643,6.220699287950993e-05,11.289038907038048,0.5263736487194232,2482153.0,666.0,897.0,True,False
4,26,15553227492194552552,Falcon-padded-512,0.0072717019356787205,0.00034844898618757725,7.118401117622852e-05,6.301862109918147,0.5123773365026447,2482153.0,666.0,897.0,True,False
4,26,991291808020457373,Falcon-padded-512,0.00829469715245068,0.00037735397927463055,6.775511428713799e-05,6.276305214967579,0.5207825734452077,2482153.0,666.0,897.0,True,False
4,27,11846679691234712704,Falcon-padded-512,0.007450387813150883,0.00034453789703547955,8.080713450908661e-05,11.049006978981197,0.48324644005602335,2482153.0,666.0,897.0,True,False
4,27,13720014741161780005,Falcon-padded-512,0.007448724936693907,0.00051728799007833,7.056118920445442e-05,11.036850311094895,0.5229208398088339,2482153.0,666.0,897.0,True,False
4,27,3485666071991455665,Falcon-padded-512,0.007758705876767635,0.00041121384128928185,9.35171265155077e-05,11.016441615996882,0.5240003960859624,2482153.0,666.0,897.0,True,False
4,27,2936561738138612120,Falcon-padded-512,0.005867271916940808,0.0004988829605281353,6.037019193172455e-05,11.039733335142955,0.4688960829880207,2482153.0,666.0,897.0,True,False
4,27,14598237725517375750,Falcon-padded-512,0.01002963213250041,0.0005172458477318287,5.966890603303909e-05,11.121943302219734,0.5307945406811821,2482153.0,666.0,897.0,True,False
4,27,7619615245315223547,Falcon-padded-512,0.008282342925667763,0.000549867982044816,8.490192703902721e-05,11.253786094021052,0.4747591860663549,2482153.0,666.0,897.0,True,False
4,27,12923699221358044871,Falcon-padded-512,0.009853857103735209,0.0006100588943809271,7.790420204401016e-05,11.277708402834833,0.4908273502662303,2482153.0,666.0,897.0,True,False
4,27,6891543454965131185,Falcon-padded-512,0.00814962387084961,0.00034572300501167774,7.041101343929768e-05,11.468978503951803,0.4967380494686069,2482153.0,666.0,897.0,True,False
4,27,15553227492194552552,Falcon-padded-512,0.009285763138905168,0.0004919150378555059,5.902489647269249e-05,7.022732562152669,0.4886504027897575,2482153.0,666.0,897.0,True,False
4,27,991291808020457373,Falcon-padded-512,0.013229597825556993,0.0003267920110374689,7.696985267102718e-05,6.988016020972282,0.4794268129737514,2482153.0,666.0,897.0,True,False
4,28,2936561738138612120,Falcon-padded-512,0.009115024004131556,0.00037571508437395096,8.42781737446785e-05,11.093713908921927,0.47626926044037765,2482153.0,666.0,897.0,True,False
4,28,3485666071991455665,Falcon-padded-512,0.008922892156988382,0.0005919549148529768,6.198487244546413e-05,11.059275299077854,0.47837092022702193,2482153.0,666.0,897.0,True,False
4,28,11846679691234712704,Falcon-padded-512,0.013014161959290504,0.0005142050795257092,6.057205609977245e-05,11.192051792982966,0.4696426693183981,2482153.0,666.0,897.0,True,False
4,28,13720014741161780005,Falcon-padded-512,0.010226670885458589,0.0006406309548765421,6.325310096144676e-05,11.305559486150742,0.4840590532655549,2482153.0,666.0,897.0,True,False
4,28,6891543454965131185,Falcon-padded-512,0.0066618951968848705,0.0004862609785050154,6.032292731106281e-05,11.133824909105897,0.4852519419673047,2482153.0,666.0,897.0,True,False
4,28,12923699221358044871,Falcon-padded-512,0.011230316013097763,0.0005885411519557238,6.15101307630539e-05,11.113329024985433,0.4509734293196801,2482153.0,666.0,897.0,True,False
4,28,14598237725517375750,Falcon-padded-512,0.007621109019964933,0.00035749305970966816,9.149080142378807e-05,11.104925455991179,0.49172428467423673,2482153.0,666.0,897.0,True,False
4,28,7619615245315223547,Falcon-padded-512,0.007043641991913319,0.0004047511611133814,6.093387492001057e-05,11.330001075053588,0.44488686486888845,2482153.0,666.0,897.0,True,False
4,28,15553227492194552552,Falcon-padded-512,0.009788127848878503,0.0003438780549913645,6.081489846110344e-05,6.473137196851894,0.45856928717416184,2482153.0,666.0,897.0,True,False
4,28,991291808020457373,Falcon-padded-512,0.012304951902478933,0.00034553813748061657,6.029009819030762e-05,6.417687636101618,0.4845311773976513,2482153.0,666.0,897.0,True,False
4,29,13720014741161780005,Falcon-padded-512,0.012786998879164457,0.00044990889728069305,9.292713366448879e-05,11.365960606839508,0.45400195193898146,2482153.0,666.0,897.0,True,False
4,29,2936561738138612120,Falcon-padded-512,0.00789785711094737,0.00036138901486992836,7.130391895771027e-05,11.633929787902161,0.43475863003545695,2482153.0,666.0,897.0,True,False
4,29,3485666071991455665,Falcon-padded-512,0.010596466017886996,0.0005195429548621178,6.163306534290314e-05,11.647629781858996,0.44955167009429947,2482153.0,666.0,897.0,True,False
4,29,11846679691234712704,Falcon-padded-512,0.008700350997969508,0.0006098980084061623,8.13689548522234e-05,11.593498054891825,0.4439621080353761,2482153.0,666.0,897.0,True,False
4,29,7619615245315223547,Falcon-padded-512,0.015199152054265141,0.0006517530418932438,6.266706623136997e-05,10.942977387923747,0.4766251358150202,2482153.0,666.0,897.0,True,False
4,29,6891543454965131185,Falcon-padded-512,0.007653131149709225,0.0005198249127715826,8.285208605229855e-05,11.206790569005534,0.42085325470562,2482153.0,666.0,897.0,True,False
4,29,14598237725517375750,Falcon-padded-512,0.006139057921245694,0.00044180103577673435,9.127194061875343e-05,10.991428656037897,0.48688403844453726,2482153.0,666.0,897.0,True,False
4,29,12923699221358044871,Falcon-padded-512,0.010041503002867103,0.0003944369964301586,6.34749885648489e-05,11.254474378889427,0.43592508188241225,2482153.0,666.0,897.0,True,False
4,29,991291808020457373,Falcon-padded-512,0.007830345071852207,0.0003531880211085081,6.323400884866714e-05,6.35821715509519,0.44412097614851725,2482153.0,666.0,897.0,True,False
4,29,15553227492194552552,Falcon-padded-512,0.007364582037553191,0.00036804797127842903,6.453297100961208e-05,6.561611945973709,0.4571338496141278,2482153.0,666.0,897.0,True,False
4,30,11846679691234712704,Falcon-padded-512,0.009866527980193496,0.00046460889279842377,0.0001278191339224577,11.120127994101495,0.44767290910195773,2482153.0,666.0,897.0,True,False
4,30,2936561738138612120,Falcon-padded-512,0.007245283108204603,0.00035237008705735207,8.940603584051132e-05,11.241673120064661,0.42934160577548536,2482153.0,666.0,897.0,True,False
4,30,3485666071991455665,Falcon-padded-512,0.006389962043613195,0.00037741893902421,8.164183236658573e-05,11.2097462201491,0.4467129546223552,2482153.0,666.0,897.0,True,False
4,30,13720014741161780005,Falcon-padded-512,0.005765547975897789,0.00034745014272630215,7.257005199790001e-05,11.293545064050704,0.46509735944686803,2482153.0,666.0,897.0,True,False
4,30,7619615245315223547,Falcon-padded-512,0.009713906096294522,0.0003686300478875637,6.221001967787743e-05,11.005852912785485,0.452595041394471,2482153.0,666.0,897.0,True,False
4,30,12923699221358044871,Falcon-padded-512,0.00805449509061873,0.00037809694185853004,5.95699530094862e-05,11.112570099998266,0.4351546772797206,2482153.0,666.0,897.0,True,False
4,30,6891543454965131185,Falcon-padded-512,0.007337040966376662,0.00042965193279087543,8.629891090095043e-05,11.284928677137941,0.44006284796721806,2482153.0,666.0,897.0,True,False
4,30,14598237725517375750,Falcon-padded-512,0.008072444936260581,0.00035985512658953667,8.72479286044836e-05,11.288885283982381,0.475146856645395,2482153.0,666.0,897.0,True,False
4,30,15553227492194552552,Falcon-padded-512,0.006662141066044569,0.00041011092253029346,5.844002589583397e-05,6.421456444077194,0.4421040949998957,2482153.0,666.0,897.0,True,False
4,30,991291808020457373,Falcon-padded-512,0.005945798009634018,0.0003767788875848055,6.266497075557709e-05,6.385232466971502,0.4315108103903046,2482153.0,666.0,897.0,True,False
5,1,11084560972049736226,Falcon-padded-512,0.009768067859113216,0.0006399918347597122,0.0001613518688827753,11.004465353209525,2.0421899671007875,2482153.0,666.0,897.0,True,False
5,1,17857859100382382041,Falcon-padded-512,0.011246976209804416,0.0004905778914690018,5.965912714600563e-05,11.001227559056133,2.0293760641365295,2482153.0,666.0,897.0,True,False
5,1,18325649875757763560,Falcon-padded-512,0.010276301065459847,0.0006504489574581385,5.7782046496868134e-05,11.437376416055486,2.0762501134993925,2482153.0,666.0,897.0,True,False
5,1,11503720875088096988,Falcon-padded-512,0.014103014022111893,0.000647521810606122,5.8169011026620865e-05,11.27219604793936,2.091441419473879,2482153.0,666.0,897.0,True,False
5,1,13353147635483826523,Falcon-padded-512,0.02106955205090344,0.0004948598798364401,7.627392187714577e-05,11.273648247821257,2.090674721511306,2482153.0,666.0,897.0,True,False
5,1,4824675587914049920,Falcon-padded-512,0.008850758895277977,0.0005205799825489521,6.275414489209652e-05,11.43149282806553,2.0771764562388135,2482153.0,666.0,897.0,True,False
5,1,7837372347094604202,Falcon-padded-512,0.010740007972344756,0.0005029728636145592,6.015202961862087e-05,11.13538515707478,2.0672998443530624,2482153.0,666.0,897.0,True,False
5,1,11431805396577836004,Falcon-padded-512,0.005927569931373,0.00034622312523424625,8.037895895540714e-05,11.46046390896663,2.089235333880042,2482153.0,666.0,897.0,True,False
5,1,4432203869848644461,Falcon-padded-512,0.007708062883466482,0.0003731457982212305,7.733399979770184e-05,6.56558263883926,2.07591166769623,2482153.0,666.0,897.0,True,False
5,1,8445149175370259659,Falcon-padded-512,0.005858142860233784,0.000331927090883255,5.7552941143512726e-05,6.828812720021233,2.0601365004375483,2482153.0,666.0,897.0,True,False
5,2,11084560972049736226,Falcon-padded-512,0.00833475193940103,0.0004844539798796177,8.917693048715591e-05,11.062597080832347,1.7976831478677737,2482153.0,666.0,897.0,True,False
5,2,17857859100382382041,Falcon-padded-512,0.007183299865573645,0.00034700590185821056,5.859998054802418e-05,11.21935975807719,1.7635811719165486,2482153.0,666.0,897.0,True,False
5,2,18325649875757763560,Falcon-padded-512,0.010554363951086998,0.0007938179187476635,5.608797073364258e-05,11.169471194967628,1.8220476496751141,2482153.0,666.0,897.0,True,False
5,2,11503720875088096988,Falcon-padded-512,0.007988363970071077,0.00042689102701842785,6.011896766722202e-05,11.323041345924139,1.8199395632288258,2482153.0,666.0,897.0,True,False
5,2,4824675587914049920,Falcon-padded-512,0.009180843131616712,0.0004342738538980484,5.628005601465702e-05,11.403806717833504,1.7927891748725988,2482153.0,666.0,897.0,True,False
5,2,11431805396577836004,Falcon-padded-512,0.010886676143854856,0.0008497200906276703,6.168009713292122e-05,11.233459145994857,1.790537620046336,2482153.0,666.0,897.0,True,False
5,2,13353147635483826523,Falcon-padded-512,0.0064398800022900105,0.0003993031568825245,9.562820196151733e-05,11.321652417071164,1.8197208073488467,2482153.0,666.0,897.0,True,False
5,2,7837372347094604202,Falcon-padded-512,0.006711218040436506,0.00035099685192108154,6.634299643337727e-05,11.320815385086462,1.8370460545181468,2482153.0,666.0,897.0,True,False
5,2,4432203869848644461,Falcon-padded-512,0.0070738960057497025,0.00032162899151444435,5.70488628000021e-05,6.3372461691033095,1.8175701039611913,2482153.0,666.0,897.0,True,False
5,2,8445149175370259659,Falcon-padded-512,0.005911952117457986,0.00036523398011922836,5.604885518550873e-05,6.293222364038229,1.8602269409568446,2482153.0,666.0,897.0,True,False
5,3,17857859100382382041,Falcon-padded-512,0.009029192849993706,0.0005416669882833958,7.632607594132423e-05,11.130971618928015,1.5898266749776853,2482153.0,666.0,897.0,True,False
5,3,11084560972049736226,Falcon-padded-512,0.00687872595153749,0.0005434548947960138,9.737815707921982e-05,11.272127130068839,1.5996996316180867,2482153.0,666.0,897.0,True,False
5,3,11503720875088096988,Falcon-padded-512,0.007313422858715057,0.00044372212141752243,6.060907617211342e-05,11.654248738195747,1.6347356123529422,2482153.0,666.0,897.0,True,False
5,3,18325649875757763560,Falcon-padded-512,0.008397059980779886,0.0005741850472986698,5.850102752447128e-05,11.651392258005217,1.6142977415376407,2482153.0,666.0,897.0,True,False
5,3,13353147635483826523,Falcon-padded-512,0.009661433985456824,0.0006054861005395651,5.795084871351719e-05,11.014349159086123,1.608009162222504,2482153.0,666.0,897.0,True,False
5,3,4824675587914049920,Falcon-padded-512,0.008157308911904693,0.000522661954164505,6.689201109111309e-05,11.406408802140504,1.6088516852658266,2482153.0,666.0,897.0,True,False
5,3,11431805396577836004,Falcon-padded-512,0.006556917913258076,0.000516178086400032,7.637101225554943e-05,11.313473132206127,1.6177700609917853,2482153.0,666.0,897.0,True,False
5,3,7837372347094604202,Falcon-padded-512,0.01123427296988666,0.0004458760377019644,6.104097701609135e-05,11.417126263026148,1.6435837457134466,2482153.0,666.0,897.0,True,False
5,3,4432203869848644461,Falcon-padded-512,0.006180661963298917,0.00035483180545270443,5.7552941143512726e-05,6.237366496119648,1.5996201790062485,2482153.0,666.0,897.0,True,False
5,3,8445149175370259659,Falcon-padded-512,0.00613858294673264,0.0003861458972096443,5.867402069270611e-05,6.273210100829601,1.6396513144681408,2482153.0,666.0,897.0,True,False
5,4,11084560972049736226,Falcon-padded-512,0.008396757999435067,0.0004299620632082224,7.613212801516056e-05,11.439795506186783,1.5174950809235785,2482153.0,666.0,897.0,True,False
5,4,17857859100382382041,Falcon-padded-512,0.006217690883204341,0.00040103099308907986,5.8230943977832794e-05,11.612592024030164,1.4881126102368543,2482153.0,666.0,897.0,True,False
5,4,11503720875088096988,Falcon-padded-512,0.011481564026325941,0.0006239640060812235,5.9589045122265816e-05,11.523386717075482,1.5007270604941496,2482153.0,666.0,897.0,True,False
5,4,18325649875757763560,Falcon-padded-512,0.006151197012513876,0.0004896679893136024,5.7742930948734283e-05,11.845321649918333,1.499566074389561,2482153.0,666.0,897.0,True,False
5,4,4824675587914049920,Falcon-padded-512,0.008493359200656414,0.0003484340850263834,5.674990825355053e-05,11.084840130992234,1.5060895400442136,2482153.0,666.0,897.0,True,False
5,4,11431805396577836004,Falcon-padded-512,0.00856283982284367,0.0003591740969568491,6.031198427081108e-05,11.047834479948506,1.4920451033646893,2482153.0,666.0,897.0,True,False
5,4,13353147635483826523,Falcon-padded-512,0.009988419013097882,0.0005306650418788195,7.820501923561096e-05,11.227148897945881,1.487246078290757,2482153.0,666.0,897.0,True,False
5,4,7837372347094604202,Falcon-padded-512,0.009009209927171469,0.0004920121282339096,6.001186557114124e-05,11.27875797287561,1.509619006305743,2482153.0,666.0,897.0,True,False
5,4,4432203869848644461,Falcon-padded-512,0.009006408974528313,0.0003514019772410393,5.678785964846611e-05,6.219267382053658,1.4930331046414222,2482153.0,666.0,897.0,True,False
5,4,8445149175370259659,Falcon-padded-512,0.005883170058950782,0.00037622801028192043,5.923607386648655e-05,6.246048324042931,1.470860188554047,2482153.0,666.0,897.0,True,False
5,5,11084560972049736226,Falcon-padded-512,0.00634604599326849,0.00043147290125489235,7.643410935997963e-05,11.092332215048373,1.4075387450540142,2482153.0,666.0,897.0,True,False
5,5,11503720875088096988,Falcon-padded-512,0.009134782943874598,0.0007921261712908745,5.783303640782833e-05,10.968291572062299,1.4070060283515105,2482153.0,666.0,897.0,True,False
5,5,18325649875757763560,Falcon-padded-512,0.007150150137022138,0.0005413328763097525,5.7762954384088516e-05,11.11068872991018,1.3833764506753083,2482153.0,666.0,897.0,True,False
5,5,17857859100382382041,Falcon-padded-512,0.010040779132395983,0.0005846009589731693,5.874200724065304e-05,11.1912588221021,1.3605713422890682,2482153.0,666.0,897.0,True,False
5,5,4824675587914049920,Falcon-padded-512,0.01224055583588779,0.0005317789036780596,5.851592868566513e-05,10.916121957823634,1.3874297787429422,2482153.0,666.0,897.0,True,False
5,5,11431805396577836004,Falcon-padded-512,0.006440339144319296,0.0003894791007041931,5.994085222482681e-05,10.949797509936616,1.3918932888917863,2482153.0,666.0,897.0,True,False
5,5,13353147635483826523,Falcon-padded-512,0.010538678849115968,0.0005453671328723431,8.739996701478958e-05,10.982493857853115,1.3906110335307516,2482153.0,666.0,897.0,True,False
5,5,7837372347094604202,Falcon-padded-512,0.00821100384928286,0.0003568271640688181,5.6957127526402473e-05,11.03617094294168,1.4195085228628415,2482153.0,666.0,897.0,True,False
5,5,4432203869848644461,Falcon-padded-512,0.008217617869377136,0.00039649498648941517,5.801906809210777e-05,6.373841396998614,1.38387084766558,2482153.0,666.0,897.0,True,False
5,5,8445149175370259659,Falcon-padded-512,0.007713628932833672,0.0003338318783789873,5.801604129374027e-05,6.282431144965813,1.3755873612537506,2482153.0,666.0,897.0,True,False
5,6,11503720875088096988,Falcon-padded-512,0.0064794321078807116,0.0004138299264013767,8.037895895540714e-05,10.982509818160906,1.3000867833757097,2482153.0,666.0,897.0,True,False
5,6,18325649875757763560,Falcon-padded-512,0.009775731014087796,0.000517694978043437,5.89471310377121e-05,10.970425009028986,1.295957481785185,2482153.0,666.0,897.0,True,False
5,6,11084560972049736226,Falcon-padded-512,0.009094473905861378,0.0006531998515129089,5.879695527255535e-05,10.976153891999274,1.2997285321259955,2482153.0,666.0,897.0,True,False
5,6,17857859100382382041,Falcon-padded-512,0.009952702093869448,0.0005459110252559185,5.898694507777691e-05,10.947007266804576,1.3095363841694632,2482153.0,666.0,897.0,True,False
5,6,4824675587914049920,Falcon-padded-512,0.01132637681439519,0.0006220920477062464,5.8366917073726654e-05,11.503403107170016,1.3096852716366956,2482153.0,666.0,897.0,True,False
5,6,11431805396577836004,Falcon-padded-512,0.00967039680108428,0.0006061019375920296,5.897018127143383e-05,11.412240552017465,1.2907799133069955,2482153.0,666.0,897.0,True,False
5,6,13353147635483826523,Falcon-padded-512,0.017648454988375306,0.000535883940756321,7.643387652933598e-05,11.569597624009475,1.3134851653105135,2482153.0,666.0,897.0,True,False
5,6,7837372347094604202,Falcon-padded-512,0.010342849884182215,0.0004150418099015951,5.689193494617939e-05,11.595651363953948,1.333881370960527,2482153.0,666.0,897.0,True,False
5,6,4432203869848644461,Falcon-padded-512,0.010999239981174469,0.0003488061483949423,5.6132907047867775e-05,6.3364473229739815,1.3003950927667558,2482153.0,666.0,897.0,True,False
5,6,8445149175370259659,Falcon-padded-512,0.008109594928100705,0.0003434121608734131,5.6684017181396484e-05,6.403972622007132,1.2817475423691378,2482153.0,666.0,897.0,True,False
5,7,11084560972049736226,Falcon-padded-512,0.009500436019152403,0.0007910388521850109,7.697800174355507e-05,10.923831519903615,1.2426502860275803,2482153.0,666.0,897.0,True,False
5,7,17857859100382382041,Falcon-padded-512,0.009222680935636163,0.0006784291472285986,5.6617893278598785e-05,11.106782646849751,1.2309620517074682,2482153.0,666.0,897.0,True,False
5,7,11503720875088096988,Falcon-padded-512,0.010586780030280352,0.0004118620418012142,5.6728022173047066e-05,11.17573382309638,1.22184725286095,2482153.0,666.0,897.0,True,False
5,7,18325649875757763560,Falcon-padded-512,0.010517130140215158,0.0003659771755337715,5.696294829249382e-05,11.347016106825322,1.237204495129312,2482153.0,666.0,897.0,True,False
5,7,4824675587914049920,Falcon-padded-512,0.01736191799864173,0.0007476231548935175,5.94588927924633e-05,11.195784468902275,1.2237853954552085,2482153.0,666.0,897.0,True,False
5,7,11431805396577836004,Falcon-padded-512,0.013734458945691586,0.00043257116340100765,5.953316576778889e-05,11.181271726964042,1.2292363104546906,2482153.0,666.0,897.0,True,False
5,7,7837372347094604202,Falcon-padded-512,0.013487891992554069,0.0005364019889384508,7.637892849743366e-05,11.215543273137882,1.2474890210825926,2482153.0,666.0,897.0,True,False
5,7,13353147635483826523,Falcon-padded-512,0.006127750966697931,0.00036519719287753105,5.7274941354990005e-05,11.681807605084032,1.2500603088907376,2482153.0,666.0,897.0,True,False
5,7,4432203869848644461,Falcon-padded-512,0.0067910749930888414,0.00035004597157239914,5.664094351232052e-05,6.227115008048713,1.2380735323687269,2482153.0,666.0,897.0,True,False
5,7,8445149175370259659,Falcon-padded-512,0.006363704102113843,0.0003332579508423805,8.855899795889854e-05,6.431217855075374,1.2068996960949745,2482153.0,666.0,897.0,True,False
5,8,11084560972049736226,Falcon-padded-512,0.01045070681720972,0.0008387661073356867,7.705297321081161e-05,11.236792988842353,1.1692388558843334,2482153.0,666.0,897.0,True,False
5,8,11503720875088096988,Falcon-padded-512,0.009659121977165341,0.0005389421712607145,5.7541998103260994e-05,11.496919743949547,1.1648075094648227,2482153.0,666.0,897.0,True,False
5,8,18325649875757763560,Falcon-padded-512,0.009671651991084218,0.00034405593760311604,5.698204040527344e-05,11.635886711999774,1.16149225432402,2482153.0,666.0,897.0,True,False
5,8,17857859100382382041,Falcon-padded-512,0.006021326873451471,0.0004328479990363121,5.723419599235058e-05,11.613132603932172,1.1549177632969656,2482153.0,666.0,897.0,True,False
5,8,4824675587914049920,Falcon-padded-512,0.008168387925252318,0.0004975700285285711,5.691102705895901e-05,11.107906646095216,1.147802511218247,2482153.0,666.0,897.0,True,False
5,8,13353147635483826523,Falcon-padded-512,0.00931280106306076,0.0006785369478166103,5.987589247524738e-05,10.978939261985943,1.1664288491959784,2482153.0,666.0,897.0,True,False
5,8,11431805396577836004,Falcon-padded-512,0.01391809294000268,0.0005345360841602087,7.794704288244247e-05,11.246004791930318,1.16078648009118,2482153.0,666.0,897.0,True,False
5,8,7837372347094604202,Falcon-padded-512,0.007080242037773132,0.0004513319581747055,5.692010745406151e-05,11.228467480977997,1.161917915389796,2482153.0,666.0,897.0,True,False
5,8,4432203869848644461,Falcon-padded-512,0.015875232871621847,0.00036625703796744347,5.638599395751953e-05,6.183074427070096,1.1734526992603471,2482153.0,666.0,897.0,True,False
5,8,8445149175370259659,Falcon-padded-512,0.016749256057664752,0.0003424000460654497,7.926602847874165e-05,6.211190894013271,1.15327262726559,2482153.0,666.0,897.0,True,False
5,9,11084560972049736226,Falcon-padded-512,0.0065243958961218596,0.0005091088823974133,9.145098738372326e-05,11.163639581995085,1.1166149370229927,2482153.0,666.0,897.0,True,False
5,9,17857859100382382041,Falcon-padded-512,0.009328878950327635,0.00048683793283998966,8.416199125349522e-05,11.137279135873541,1.0958139926764616,2482153.0,666.0,897.0,True,False
5,9,11503720875088096988,Falcon-padded-512,0.012543302029371262,0.0005280389450490475,6.430386565625668e-05,11.192775102099404,1.1110076387976384,2482153.0,666.0,897.0,True,False
5,9,18325649875757763560,Falcon-padded-512,0.014245702885091305,0.0005617321003228426,6.566592492163181e-05,11.510007319971919,1.0913521134929292,2482153.0,666.0,897.0,True,False
5,9,4824675587914049920,Falcon-padded-512,0.008562811184674501,0.0005977749824523926,6.0620950534939766e-05,10.482243462931365,1.0922521641299983,2482153.0,666.0,897.0,True,False
5,9,11431805396577836004,Falcon-padded-512,0.010479109827429056,0.0008749209810048342,6.0312915593385696e-05,10.741299858083948,1.1027164106156415,2482153.0,666.0,897.0,True,False
5,9,13353147635483826523,Falcon-padded-512,0.012499090982601047,0.0005365358665585518,7.686205208301544e-05,10.903553100069985,1.1078433208404832,2482153.0,666.0,897.0,True,False
5,9,7837372347094604202,Falcon-padded-512,0.01096498197875917,0.00041894707828760147,5.74279110878706e-05,10.83935887995176,1.1110943897514587,2482153.0,666.0,897.0,True,False
5,9,4432203869848644461,Falcon-padded-512,0.010945213958621025,0.0004992631729692221,6.080395542085171e-05,6.753664433024824,1.102665189724819,2482153.0,666.0,897.0,True,False
5,9,8445149175370259659,Falcon-padded-512,0.006266443058848381,0.0003320390824228525,6.16700854152441e-05,6.518088222015649,1.0683074403720296,2482153.0,666.0,897.0,True,False
5,10,17857859100382382041,Falcon-padded-512,0.03239596006460488,0.0005694550927728415,7.672980427742004e-05,10.985222148010507,1.0212215156691848,2482153.0,666.0,897.0,True,False
5,10,11084560972049736226,Falcon-padded-512,0.007363807875663042,0.0006049270741641521,6.084307096898556e-05,11.065342140151188,1.081103646831148,2482153.0,666.0,897.0,True,False
5,10,11503720875088096988,Falcon-padded-512,0.011010387912392616,0.0005157408304512501,5.714292638003826e-05,11.188601167174056,1.0450467702689443,2482153.0,666.0,897.0,True,False
5,10,18325649875757763560,Falcon-padded-512,0.010248414939269423,0.0005061081610620022,5.750195123255253e-05,11.267815998988226,1.0437390671414175,2482153.0,666.0,897.0,True,False
5,10,13353147635483826523,Falcon-padded-512,0.011977590154856443,0.0006259488873183727,5.737808533012867e-05,11.233817006926984,1.0459511245891546,2482153.0,666.0,897.0,True,False
5,10,7837372347094604202,Falcon-padded-512,0.008587109856307507,0.0004794679116457701,0.00010528299026191235,11.082178954035044,1.060616793526206,2482153.0,666.0,897.0,True,False
5,10,4824675587914049920,Falcon-padded-512,0.009175649844110012,0.000345802865922451,0.000140791991725564,11.451752196997404,1.0313048503201478,2482153.0,666.0,897.0,True,False
5,10,11431805396577836004,Falcon-padded-512,0.006748667918145657,0.0004152508918195963,6.204214878380299e-05,11.154668387025595,1.0215879065595614,2482153.0,666.0,897.0,True,False
5,10,4432203869848644461,Falcon-padded-512,0.011128854006528854,0.00033759488724172115,6.016693077981472e-05,6.4430338479578495,1.0425473276976567,2482153.0,666.0,897.0,True,False
5,10,8445149175370259659,Falcon-padded-512,0.006189845036715269,0.0004127540159970522,6.169895641505718e-05,6.350066382903606,1.0211629480313344,2482153.0,666.0,897.0,True,False
5,11,18325649875757763560,Falcon-padded-512,0.01721540791913867,0.0005825210828334093,7.660198025405407e-05,10.944677553838119,0.983961826486952,2482153.0,666.0,897.0,True,False
5,11,17857859100382382041,Falcon-padded-512,0.009650744963437319,0.0005201101303100586,5.6989025324583054e-05,10.918076136149466,0.9914697509282714,2482153.0,666.0,897.0,True,False
5,11,11084560972049736226,Falcon-padded-512,0.008847730001434684,0.0005598980933427811,5.746004171669483e-05,10.975626376923174,1.0120649761075426,2482153.0,666.0,897.0,True,False
5,11,11503720875088096988,Falcon-padded-512,0.008780455915257335,0.00042859092354774475,7.011904381215572e-05,11.008055024081841,0.995973397402247,2482153.0,666.0,897.0,True,False
5,11,4824675587914049920,Falcon-padded-512,0.009139406029134989,0.0005522239953279495,5.691498517990112e-05,11.412324188975617,0.9874541687357957,2482153.0,666.0,897.0,True,False
5,11,11431805396577836004,Falcon-padded-512,0.00837959791533649,0.0003540909383445978,5.7277968153357506e-05,11.42321068700403,0.9689476385617711,2482153.0,666.0,897.0,True,False
5,11,7837372347094604202,Falcon-padded-512,0.01100534899160266,0.00042680511251091957,0.00013227714225649834,11.825900005176663,1.0107192258546307,2482153.0,666.0,897.0,True,False
5,11,13353147635483826523,Falcon-padded-512,0.008027737028896809,0.0005255190189927816,5.76297752559185e-05,11.88506113900803,0.9963611580763653,2482153.0,666.0,897.0,True,False
5,11,4432203869848644461,Falcon-padded-512,0.007325952872633934,0.0004586221184581518,5.862908437848091e-05,6.3332231340464205,0.990591151699139,2482153.0,666.0,897.0,True,False
5,11,8445149175370259659,Falcon-padded-512,0.005762201035395265,0.00036828406155109406,7.753400132060051e-05,6.4510414828546345,0.9777527030106563,2482153.0,666.0,897.0,True,False
5,12,17857859100382382041,Falcon-padded-512,0.008666855981573462,0.0005056019872426987,7.747998461127281e-05,11.305087961023673,0.931715498874142,2482153.0,666.0,897.0,True,False
5,12,11084560972049736226,Falcon-padded-512,0.009933737106621265,0.0005350089631974697,5.702604539692402e-05,11.510080642998219,0.9704490220470793,2482153.0,666.0,897.0,True,False
5,12,18325649875757763560,Falcon-padded-512,0.009967902908101678,0.0005100469570606947,6.1750877648592e-05,11.60597194195725,0.9339690312838099,2482153.0,666.0,897.0,True,False
5,12,11503720875088096988,Falcon-padded-512,0.011851153103634715,0.00045968499034643173,5.723792128264904e-05,11.536434695124626,0.9328255687549616,2482153.0,666.0,897.0,True,False
5,12,4824675587914049920,Falcon-padded-512,0.010596439009532332,0.0006654451135545969,5.66400121897459e-05,11.072331425035372,0.9493124693821949,2482153.0,666.0,897.0,True,False
5,12,11431805396577836004,Falcon-padded-512,0.010815218091011047,0.0005153119564056396,6.326218135654926e-05,10.841849596938118,0.9240716021911354,2482153.0,666.0,897.0,True,False
5,12,7837372347094604202,Falcon-padded-512,0.009245828026905656,0.0004921930376440287,7.614516653120518e-05,10.96024901792407,0.963522364379494,2482153.0,666.0,897.0,True,False
5,12,13353147635483826523,Falcon-padded-512,0.007966609904542565,0.00035840109921991825,5.7613011449575424e-05,11.087817503837869,0.9387648206227904,2482153.0,666.0,897.0,True,False
5,12,4432203869848644461,Falcon-padded-512,0.008382548810914159,0.0003718400839716196,5.7227909564971924e-05,6.183916012989357,0.9620531723377811,2482153.0,666.0,897.0,True,False
5,12,8445149175370259659,Falcon-padded-512,0.006283196154981852,0.0003720929380506277,5.879788659512997e-05,6.191162232076749,0.9168040906168093,2482153.0,666.0,897.0,True,False
5,13,18325649875757763560,Falcon-padded-512,0.010607908945530653,0.0006423192098736763,8.511613123118877e-05,11.500933189876378,0.8819663203825616,2482153.0,666.0,897.0,True,False
5,13,17857859100382382041,Falcon-padded-512,0.012011541053652763,0.0006058679427951574,5.721487104892731e-05,11.731202004943043,0.8714623322152788,2482153.0,666.0,897.0,True,False
5,13,11503720875088096988,Falcon-padded-512,0.006133279064670205,0.0003692170139402151,5.689007230103016e-05,12.088256685994565,0.8858073547387578,2482153.0,666.0,897.0,True,False
5,13,11084560972049736226,Falcon-padded-512,0.0161837509367615,0.0005489690229296684,5.643093027174473e-05,12.005744932917878,0.9137335427247795,2482153.0,666.0,897.0,True,False
5,13,4824675587914049920,Falcon-padded-512,0.008877574000507593,0.0005069940816611052,5.660904571413994e-05,10.930355748161674,0.8966195461856332,2482153.0,666.0,897.0,True,False
5,13,13353147635483826523,Falcon-padded-512,0.006664989981800318,0.00035703997127711773,9.200791828334332e-05,11.142826257040724,0.9127941554898669,2482153.0,666.0,897.0,True,False
5,13,11431805396577836004,Falcon-padded-512,0.008084415923804045,0.00045408611185848713,8.846307173371315e-05,11.1318970231805,0.8817814408214228,2482153.0,666.0,897.0,True,False
5,13,7837372347094604202,Falcon-padded-512,0.008784921141341329,0.0003695359919220209,5.889800377190113e-05,11.138595842057839,0.9172992617081684,2482153.0,666.0,897.0,True,False
5,13,4432203869848644461,Falcon-padded-512,0.007381114875897765,0.00038408604450523853,5.8635836467146873e-05,6.3629398921038955,0.9038397415428404,2482153.0,666.0,897.0,True,False
5,13,8445149175370259659,Falcon-padded-512,0.008338430896401405,0.00033717998303472996,5.868682637810707e-05,6.439332770882174,0.8774882972620095,2482153.0,666.0,897.0,True,False
5,14,11503720875088096988,Falcon-padded-512,0.015391041059046984,0.0006573610007762909,8.29158816486597e-05,11.119835786987096,0.8445956657646568,2482153.0,666.0,897.0,True,False
5,14,18325649875757763560,Falcon-padded-512,0.010462007019668818,0.0003801770508289337,7.843691855669022e-05,11.307058254024014,0.8531784542426941,2482153.0,666.0,897.0,True,False
5,14,17857859100382382041,Falcon-padded-512,0.01298342295922339,0.0008678538724780083,7.110205478966236e-05,11.28736053686589,0.8457417023030056,2482153.0,666.0,897.0,True,False
5,14,11084560972049736226,Falcon-padded-512,0.007894566981121898,0.00040520704351365566,5.74309378862381e-05,11.29321335395798,0.8594148862323944,2482153.0,666.0,897.0,True,False
5,14,4824675587914049920,Falcon-padded-512,0.006544105941429734,0.00035434402525424957,5.75061421841383e-05,11.069483298808336,0.8468109164268348,2482153.0,666.0,897.0,True,False
5,14,7837372347094604202,Falcon-padded-512,0.008948202012106776,0.00047722109593451023,8.029886521399021e-05,10.99236939381808,0.8676736451637973,2482153.0,666.0,897.0,True,False
5,14,13353147635483826523,Falcon-padded-512,0.008847675053402781,0.0005120341666042805,7.546599954366684e-05,11.086121949134395,0.8481455659790403,2482153.0,666.0,897.0,True,False
5,14,11431805396577836004,Falcon-padded-512,0.006013219011947513,0.00034269317984580994,5.763000808656216e-05,11.113885476021096,0.8278036419373409,2482153.0,666.0,897.0,True,False
5,14,8445149175370259659,Falcon-padded-512,0.008398382924497128,0.0005021551623940468,5.9276819229125977e-05,6.729241413995624,0.834439089343806,2482153.0,666.0,897.0,True,False
5,14,4432203869848644461,Falcon-padded-512,0.008840302936732769,0.0003305950667709112,5.6782038882374763e-05,6.954992856131867,0.8540398571521614,2482153.0,666.0,897.0,True,False
5,15,11084560972049736226,Falcon-padded-512,0.013842171989381313,0.0005209348164498806,7.662316784262657e-05,11.1198653599713,0.813636777981831,2482153.0,666.0,897.0,True,False
5,15,17857859100382382041,Falcon-padded-512,0.009150903904810548,0.0007482089567929506,9.029312059283257e-05,11.286828702082857,0.7937820222537229,2482153.0,666.0,897.0,True,False
5,15,11503720875088096988,Falcon-padded-512,0.006300629815086722,0.0004025490488857031,5.8292876929044724e-05,11.348236539866775,0.8148263993726415,2482153.0,666.0,897.0,True,False
5,15,18325649875757763560,Falcon-padded-512,0.009405003162100911,0.00034609180875122547,7.796287536621094e-05,11.366879740962759,0.8218060346545687,2482153.0,666.0,897.0,True,False
5,15,7837372347094604202,Falcon-padded-512,0.00850136112421751,0.0005742460489273071,5.704490467905998e-05,10.959015047177672,0.8148576019296221,2482153.0,666.0,897.0,True,False
5,15,4824675587914049920,Falcon-padded-512,0.009120292961597443,0.0005972539074718952,5.996297113597393e-05,11.328420110046864,0.7948295017526408,2482153.0,666.0,897.0,True,False
5,15,13353147635483826523,Falcon-padded-512,0.008776333881542087,0.0005089410115033388,7.674191147089005e-05,11.20097951986827,0.8103852012924327,2482153.0,666.0,897.0,True,False
5,15,11431805396577836004,Falcon-padded-512,0.009792570024728775,0.0005012750625610352,5.720299668610096e-05,11.11004080506973,0.7974473458186836,2482153.0,666.0,897.0,True,False
5,15,4432203869848644461,Falcon-padded-512,0.0059570008888840675,0.00034958100877702236,5.719298496842384e-05,6.2879288219846785,0.8025994540020159,2482153.0,666.0,897.0,True,False
5,15,8445149175370259659,Falcon-padded-512,0.006838927045464516,0.0003294041380286217,5.71180135011673e-05,6.226807255996391,0.8128697000871039,2482153.0,666.0,897.0,True,False
5,16,18325649875757763560,Falcon-padded-512,0.009842859813943505,0.0004831890109926462,7.679895497858524e-05,11.489069930044934,0.7770342035278394,2482153.0,666.0,897.0,True,False
5,16,11503720875088096988,Falcon-padded-512,0.010667225113138556,0.000804106006398797,5.7931989431381226e-05,11.447930424008518,0.7558049186589612,2482153.0,666.0,897.0,True,False
5,16,11084560972049736226,Falcon-padded-512,0.009299315046519041,0.00057002785615623,6.038113497197628e-05,11.457690124865621,0.7762941723796213,2482153.0,666.0,897.0,True,False
5,16,17857859100382382041,Falcon-padded-512,0.011609378969296813,0.000514577841386199,5.80628402531147e-05,11.563197246054187,0.7359247234216921,2482153.0,666.0,897.0,True,False
5,16,4824675587914049920,Falcon-padded-512,0.013273122953251004,0.0005324590019881725,5.6783901527523994e-05,11.456849505892023,0.7592943001324963,2482153.0,666.0,897.0,True,False
5,16,11431805396577836004,Falcon-padded-512,0.008785747922956944,0.0008359928615391254,5.8138975873589516e-05,11.422364787198603,0.7611956540376518,2482153.0,666.0,897.0,True,False
5,16,7837372347094604202,Falcon-padded-512,0.007992046186700463,0.0004110420122742653,7.649604231119156e-05,11.400730712106451,0.781537545524585,2482153.0,666.0,897.0,True,False
5,16,13353147635483826523,Falcon-padded-512,0.013879960170015693,0.0006227868143469095,5.6176912039518356e-05,11.528998255031183,0.7775950113394458,2482153.0,666.0,897.0,True,False
5,16,8445149175370259659,Falcon-padded-512,0.01247471198439598,0.00035176705569028854,5.670194514095783e-05,6.171492380090058,0.7465965939555198,2482153.0,666.0,897.0,True,False
5,16,4432203869848644461,Falcon-padded-512,0.006928578019142151,0.00033354596234858036,9.053992107510567e-05,6.247188577894121,0.7549418161629112,2482153.0,666.0,897.0,True,False
5,17,17857859100382382041,Falcon-padded-512,0.006528079975396395,0.0005518649704754353,7.658195681869984e-05,10.970021364977583,0.6965876535815039,2482153.0,666.0,897.0,True,False
5,17,11503720875088096988,Falcon-padded-512,0.01357564702630043,0.0005983258597552776,5.720718763768673e-05,11.046289575984702,0.7219281348927765,2482153.0,666.0,897.0,True,False
5,17,11084560972049736226,Falcon-padded-512,0.008661734871566296,0.0007084519602358341,5.7674944400787354e-05,11.05748872202821,0.7356145612563297,2482153.0,666.0,897.0,True,False
5,17,18325649875757763560,Falcon-padded-512,0.006599016021937132,0.0003474398981779814,5.784817039966583e-05,11.141979601001367,0.7432011861330384,2482153.0,666.0,897.0,True,False
5,17,7837372347094604202,Falcon-padded-512,0.011124341050162911,0.0005578980781137943,5.718087777495384e-05,11.081875739153475,0.7361173880328039,2482153.0,666.0,897.0,True,False
5,17,4824675587914049920,Falcon-padded-512,0.007917363895103335,0.0005366019904613495,6.029685027897358e-05,11.174087865976617,0.7400612083210307,2482153.0,666.0,897.0,True,False
5,17,13353147635483826523,Falcon-padded-512,0.00818839599378407,0.0003495430573821068,7.648998871445656e-05,11.2592816920951,0.7281456214322406,2482153.0,666.0,897.0,True,False
5,17,11431805396577836004,Falcon-padded-512,0.00637087388895452,0.00041579105891287327,5.715200677514076e-05,11.231562355998904,0.7167169674281861,2482153.0,666.0,897.0,True,False
5,17,4432203869848644461,Falcon-padded-512,0.008226366015151143,0.0004021360073238611,5.815899930894375e-05,6.412050541955978,0.7230569290317548,2482153.0,666.0,897.0,True,False
5,17,8445149175370259659,Falcon-padded-512,0.0063458390068262815,0.0003804911393672228,6.139394827187061e-05,6.516599260037765,0.733227991374435,2482153.0,666.0,897.0,True,False
5,18,17857859100382382041,Falcon-padded-512,0.011062831152230501,0.0006100339815020561,7.957988418638706e-05,11.298608295852318,0.6574417297152957,2482153.0,666.0,897.0,True,False
5,18,11084560972049736226,Falcon-padded-512,0.008002719841897488,0.0004490800201892853,6.0368794947862625e-05,11.34394507179968,0.6998644543776087,2482153.0,666.0,897.0,True,False
5,18,11503720875088096988,Falcon-padded-512,0.0077422731555998325,0.000361837912350893,6.17331825196743e-05,11.36657676496543,0.7006681662551157,2482153.0,666.0,897.0,True,False
5,18,18325649875757763560,Falcon-padded-512,0.007528409827500582,0.0003420058637857437,6.666197441518307e-05,11.662771492963657,0.698940822937686,2482153.0,666.0,897.0,True,False
5,18,4824675587914049920,Falcon-padded-512,0.009590307949110866,0.0006275821942836046,5.6448858231306076e-05,10.845335172023624,0.6901144232529743,2482153.0,666.0,897.0,True,False
5,18,11431805396577836004,Falcon-padded-512,0.009759803069755435,0.0005582019221037626,6.0867052525281906e-05,10.854596809949726,0.6940807848694218,2482153.0,666.0,897.0,True,False
5,18,13353147635483826523,Falcon-padded-512,0.008427397813647985,0.0004508278798311949,8.212891407310963e-05,11.137502305908129,0.7075515198669616,2482153.0,666.0,897.0,True,False
5,18,7837372347094604202,Falcon-padded-512,0.009434774052351713,0.0004125400446355343,6.480817683041096e-05,10.966493161860853,0.7006860173242108,2482153.0,666.0,897.0,True,False
5,18,4432203869848644461,Falcon-padded-512,0.007628933992236853,0.00040737888775765896,5.825399421155453e-05,6.163621915969998,0.6976464140187403,2482153.0,666.0,897.0,True,False
5,18,8445149175370259659,Falcon-padded-512,0.0073481351137161255,0.0003745490685105324,5.8857956901192665e-05,6.213314464082941,0.7050806426318588,2482153.0,666.0,897.0,True,False
5,19,11084560972049736226,Falcon-padded-512,0.014715536963194609,0.0005205851048231125,7.722713053226471e-05,10.946744113927707,0.6705646178430054,2482153.0,666.0,897.0,True,False
5,19,18325649875757763560,Falcon-padded-512,0.009918098105117679,0.0007444149814546108,5.7657016441226006e-05,10.891040951944888,0.6730641010840228,2482153.0,666.0,897.0,True,False
5,19,11503720875088096988,Falcon-padded-512,0.00852819113060832,0.00034941290505230427,5.753594450652599e-05,11.013059840071946,0.6864371248016692,2482153.0,666.0,897.0,True,False
5,19,17857859100382382041,Falcon-padded-512,0.00822100299410522,0.00040023308247327805,6.743893027305603e-05,11.020102795911953,0.6229035183550067,2482153.0,666.0,897.0,True,False
5,19,4824675587914049920,Falcon-padded-512,0.0104255978949368,0.0005282638594508171,5.8440957218408585e-05,11.3662310030777,0.6758938789557499,2482153.0,666.0,897.0,True,False
5,19,13353147635483826523,Falcon-padded-512,0.008100747829303145,0.000543250935152173,5.941302515566349e-05,11.271607890957966,0.6518296059576949,2482153.0,666.0,897.0,True,False
5,19,11431805396577836004,Falcon-padded-512,0.011478828033432364,0.0005267451051622629,8.195405825972557e-05,11.409037044970319,0.6950347686459304,2482153.0,666.0,897.0,True,False
5,19,7837372347094604202,Falcon-padded-512,0.009243344189599156,0.0003456519916653633,5.699414759874344e-05,11.712304648011923,0.6713253699100701,2482153.0,666.0,897.0,True,False
5,19,4432203869848644461,Falcon-padded-512,0.006639475002884865,0.0003814969677478075,5.7230936363339424e-05,6.4431985770352185,0.6760684210024063,2482153.0,666.0,897.0,True,False
5,19,8445149175370259659,Falcon-padded-512,0.006617927923798561,0.0004277720581740141,5.7088909670710564e-05,6.393851114902645,0.6609391738085231,2482153.0,666.0,897.0,True,False
5,20,11503720875088096988,Falcon-padded-512,0.008783160941675305,0.0005128828343003988,7.63630960136652e-05,10.880196212092414,0.6141178580178956,2482153.0,666.0,897.0,True,False
5,20,18325649875757763560,Falcon-padded-512,0.012464034836739302,0.0005178621504455805,5.779322236776352e-05,10.931101348949596,0.6563772827766503,2482153.0,666.0,897.0,True,False
5,20,11084560972049736226,Falcon-padded-512,0.016198054887354374,0.0005373209714889526,5.680299364030361e-05,11.051742787938565,0.6195343712902373,2482153.0,666.0,897.0,True,False
5,20,17857859100382382041,Falcon-padded-512,0.007602558005601168,0.0004031688440591097,5.746399983763695e-05,11.114665315952152,0.5951554808694466,2482153.0,666.0,897.0,True,False
5,20,4824675587914049920,Falcon-padded-512,0.010068251052871346,0.00035400385968387127,5.794293247163296e-05,11.16120752110146,0.6465184300378629,2482153.0,666.0,897.0,True,False
5,20,11431805396577836004,Falcon-padded-512,0.006538440939038992,0.000365955987945199,8.125300519168377e-05,11.143846449907869,0.6544549531855022,2482153.0,666.0,897.0,True,False
5,20,13353147635483826523,Falcon-padded-512,0.014228682033717632,0.0006002020090818405,7.605901919305325e-05,11.262876148102805,0.6409998645733117,2482153.0,666.0,897.0,True,False
5,20,7837372347094604202,Falcon-padded-512,0.013224819907918572,0.0003489560913294554,5.77711034566164e-05,11.27509973407723,0.6485763858458039,2482153.0,666.0,897.0,True,False
5,20,4432203869848644461,Falcon-padded-512,0.009113345993682742,0.0004185750149190426,7.015606388449669e-05,6.356175365159288,0.6304239429960585,2482153.0,666.0,897.0,True,False
5,20,8445149175370259659,Falcon-padded-512,0.0071866929065436125,0.00037398794665932655,5.9851910918951035e-05,6.2661081838887185,0.6458136878765313,2482153.0,666.0,897.0,True,False
5,21,11084560972049736226,Falcon-padded-512,0.008748412132263184,0.00035065505653619766,7.734890095889568e-05,11.606421918142587,0.5988877634428869,2482153.0,666.0,897.0,True,False
5,21,18325649875757763560,Falcon-padded-512,0.01292917993851006,0.00034801592119038105,5.88840339332819e-05,11.549438596935943,0.6364164608679,2482153.0,666.0,897.0,True,False
5,21,17857859100382382041,Falcon-padded-512,0.013837955193594098,0.0005211369134485722,5.7977158576250076e-05,11.516936839092523,0.5934327739486649,2482153.0,666.0,897.0,True,False
5,21,11503720875088096988,Falcon-padded-512,0.01635230891406536,0.0005321179050952196,5.703396163880825e-05,11.60543806804344,0.6032448914969802,2482153.0,666.0,897.0,True,False
5,21,4824675587914049920,Falcon-padded-512,0.007364640012383461,0.00034202379174530506,5.656713619828224e-05,11.02205115603283,0.6164999137258833,2482153.0,666.0,897.0,True,False
5,21,11431805396577836004,Falcon-padded-512,0.010855508036911488,0.0005813648458570242,6.077205762267113e-05,11.089482277166098,0.6276107021150695,2482153.0,666.0,897.0,True,False
5,21,7837372347094604202,Falcon-padded-512,0.012433643219992518,0.00048721907660365105,7.818290032446384e-05,11.031903204973787,0.6180324846297313,2482153.0,666.0,897.0,True,False
5,21,13353147635483826523,Falcon-padded-512,0.012275526067242026,0.0004993530455976725,5.785096436738968e-05,11.167304858798161,0.6199710216302021,2482153.0,666.0,897.0,True,False
5,21,8445149175370259659,Falcon-padded-512,0.0104158038739115,0.0003937601577490568,5.879509262740612e-05,6.284548496827483,0.6052286826121579,2482153.0,666.0,897.0,True,False
5,21,4432203869848644461,Falcon-padded-512,0.01333374297246337,0.00037511694245040417,5.699903704226017e-05,6.437019536038861,0.6259000398171176,2482153.0,666.0,897.0,True,False
5,22,11084560972049736226,Falcon-padded-512,0.011032366892322898,0.0005532619543373585,0.00010202010162174702,10.786302699008957,0.5960172499725773,2482153.0,666.0,897.0,True,False
5,22,17857859100382382041,Falcon-padded-512,0.00900008506141603,0.0005465550348162651,6.0143182054162025e-05,11.064284970983863,0.5535551769196227,2482153.0,666.0,897.0,True,False
5,22,11503720875088096988,Falcon-padded-512,0.00962900510057807,0.0005430928431451321,6.276578642427921e-05,11.15522336307913,0.6050625770429897,2482153.0,666.0,897.0,True,False
5,22,18325649875757763560,Falcon-padded-512,0.009077768074348569,0.0005411149468272924,5.98980113863945e-05,11.263427776051685,0.5920642712598394,2482153.0,666.0,897.0,True,False
5,22,4824675587914049920,Falcon-padded-512,0.010833063861355186,0.0005999158602207899,8.202483877539635e-05,10.722578515997157,0.5908879852930832,2482153.0,666.0,897.0,True,False
5,22,13353147635483826523,Falcon-padded-512,0.008935197023674846,0.000514729879796505,6.081117317080498e-05,10.899847856955603,0.5478593934161268,2482153.0,666.0,897.0,True,False
5,22,11431805396577836004,Falcon-padded-512,0.005979890935122967,0.0004462669603526592,0.00010044802911579609,11.039340123999864,0.6090338869601678,2482153.0,666.0,897.0,True,False
5,22,7837372347094604202,Falcon-padded-512,0.008905956055969,0.0003555167932063341,6.138905882835388e-05,10.914805954089388,0.5939770505117004,2482153.0,666.0,897.0,True,False
5,22,4432203869848644461,Falcon-padded-512,0.010354678146541119,0.0006019289139658213,5.786796100437641e-05,6.419337317813188,0.5942257256929282,2482153.0,666.0,897.0,True,False
5,22,8445149175370259659,Falcon-padded-512,0.006115633994340897,0.0003762149717658758,5.923421122133732e-05,6.489785671932623,0.5866972708683105,2482153.0,666.0,897.0,True,False
5,23,17857859100382382041,Falcon-padded-512,0.008659566985443234,0.0003415269311517477,7.8174052760005e-05,10.94767503417097,0.5320076714892676,2482153.0,666.0,897.0,True,False
5,23,18325649875757763560,Falcon-padded-512,0.014759256038814783,0.0005883749108761549,5.905213765799999e-05,11.115301853977144,0.5749954192122076,2482153.0,666.0,897.0,True,False
5,23,11084560972049736226,Falcon-padded-512,0.010241427924484015,0.0004014340229332447,5.787285044789314e-05,11.068119365023449,0.5746222679639698,2482153.0,666.0,897.0,True,False
5,23,11503720875088096988,Falcon-padded-512,0.008213018998503685,0.00046985293738543987,5.6489137932658195e-05,11.224429795984179,0.548067627201794,2482153.0,666.0,897.0,True,False
5,23,4824675587914049920,Falcon-padded-512,0.007638945942744613,0.0004297338891774416,5.7274941354990005e-05,11.156622302019969,0.5908264385144801,2482153.0,666.0,897.0,True,False
5,23,11431805396577836004,Falcon-padded-512,0.009584174025803804,0.0005784761160612106,0.00010081497021019459,11.112283785128966,0.5709645098466782,2482153.0,666.0,897.0,True,False
5,23,13353147635483826523,Falcon-padded-512,0.013248874107375741,0.0006109860260039568,7.992004975676537e-05,11.283860333031043,0.5452525003866595,2482153.0,666.0,897.0,True,False
5,23,7837372347094604202,Falcon-padded-512,0.007063274038955569,0.0003647799603641033,5.98470214754343e-05,11.256753708934411,0.5772751360467285,2482153.0,666.0,897.0,True,False
5,23,4432203869848644461,Falcon-padded-512,0.00734768295660615,0.00036795996129512787,6.171385757625103e-05,6.377708140993491,0.5567572400875532,2482153.0,666.0,897.0,True,False
5,23,8445149175370259659,Falcon-padded-512,0.00642098905518651,0.00033142208121716976,6.079091690480709e-05,6.242298671975732,0.5418058540078865,2482153.0,666.0,897.0,True,False
5,24,18325649875757763560,Falcon-padded-512,0.008665374014526606,0.0004945781547576189,7.579312659800053e-05,11.183920969022438,0.536749273230126,2482153.0,666.0,897.0,True,False
5,24,11084560972049736226,Falcon-padded-512,0.006125432904809713,0.0003660928923636675,5.736295133829117e-05,11.262324512004852,0.5515169190231023,2482153.0,666.0,897.0,True,False
5,24,11503720875088096988,Falcon-padded-512,0.007376434979960322,0.0004627290181815624,5.6694960221648216e-05,11.230079801054671,0.5256915967792842,2482153.0,666.0,897.0,True,False
5,24,17857859100382382041,Falcon-padded-512,0.01510958094149828,0.0004165640566498041,6.99940137565136e-05,11.317353839986026,0.49235271654168894,2482153.0,666.0,897.0,True,False
5,24,11431805396577836004,Falcon-padded-512,0.009456845000386238,0.0006491569802165031,5.914107896387577e-05,11.589432104956359,0.547189484522411,2482153.0,666.0,897.0,True,False
5,24,7837372347094604202,Falcon-padded-512,0.008494813926517963,0.0005384539254009724,5.9342943131923676e-05,11.693807792151347,0.5498051578594241,2482153.0,666.0,897.0,True,False
5,24,4824675587914049920,Falcon-padded-512,0.012752678943797946,0.0005171769298613071,7.782992906868458e-05,11.877765971934423,0.570760966723512,2482153.0,666.0,897.0,True,False
5,24,13353147635483826523,Falcon-padded-512,0.006479113129898906,0.0003430149517953396,6.002001464366913e-05,11.960973152890801,0.5124438490457596,2482153.0,666.0,897.0,True,False
5,24,4432203869848644461,Falcon-padded-512,0.00602476391941309,0.0004416010342538357,5.8006029576063156e-05,6.251283731078729,0.5309504254181294,2482153.0,666.0,897.0,True,False
5,24,8445149175370259659,Falcon-padded-512,0.007519216043874621,0.00033336784690618515,5.842605605721474e-05,6.213476836914197,0.5091022805186214,2482153.0,666.0,897.0,True,False
5,25,11084560972049736226,Falcon-padded-512,0.013783082831650972,0.0004630270414054394,7.726391777396202e-05,10.909582193009555,0.5062389335339996,2482153.0,666.0,897.0,True,False
5,25,18325649875757763560,Falcon-padded-512,0.010772577952593565,0.0005809210706502199,5.701580084860325e-05,11.01950563909486,0.5090176814775558,2482153.0,666.0,897.0,True,False
5,25,11503720875088096988,Falcon-padded-512,0.011741671012714505,0.0008371220901608467,8.626701310276985e-05,11.050608318997547,0.5269679613055507,2482153.0,666.0,897.0,True,False
5,25,17857859100382382041,Falcon-padded-512,0.00580722582526505,0.0003425690811127424,5.674385465681553e-05,11.134937222115695,0.4854869079200705,2482153.0,666.0,897.0,True,False
5,25,11431805396577836004,Falcon-padded-512,0.01781268185004592,0.0005058669485151768,5.905190482735634e-05,10.982564923120663,0.5307806235305064,2482153.0,666.0,897.0,True,False
5,25,4824675587914049920,Falcon-padded-512,0.007390422048047185,0.0005130001809448004,6.698910146951675e-05,11.318902359111235,0.5290585356604331,2482153.0,666.0,897.0,True,False
5,25,13353147635483826523,Falcon-padded-512,0.009137816028669477,0.0005902380216866732,7.70550686866045e-05,11.242582003818825,0.48281815050134236,2482153.0,666.0,897.0,True,False
5,25,7837372347094604202,Falcon-padded-512,0.010473391972482204,0.0007231170311570168,5.704397335648537e-05,11.299186625983566,0.5496371493312964,2482153.0,666.0,897.0,True,False
5,25,4432203869848644461,Falcon-padded-512,0.007665217155590653,0.00034102704375982285,6.009289063513279e-05,6.241068562027067,0.4982837728183171,2482153.0,666.0,897.0,True,False
5,25,8445149175370259659,Falcon-padded-512,0.006578485015779734,0.00032784207724034786,5.696294829249382e-05,6.2793605390470475,0.48522091831323827,2482153.0,666.0,897.0,True,False
5,26,18325649875757763560,Falcon-padded-512,0.014713159063830972,0.0006923680193722248,7.80660193413496e-05,11.467344901990145,0.49362901538895193,2482153.0,666.0,897.0,True,False
5,26,11084560972049736226,Falcon-padded-512,0.009462484158575535,0.0006898900028318167,5.7511962950229645e-05,11.688727420987561,0.4992615912987548,2482153.0,666.0,897.0,True,False
5,26,11503720875088096988,Falcon-padded-512,0.007443134905770421,0.00035881600342690945,9.338394738733768e-05,11.752977825934067,0.4957776342156776,2482153.0,666.0,897.0,True,False
5,26,17857859100382382041,Falcon-padded-512,0.010855532018467784,0.000506347045302391,5.938904359936714e-05,11.88278021896258,0.47497312374602835,2482153.0,666.0,897.0,True,False
5,26,4824675587914049920,Falcon-padded-512,0.012714646058157086,0.0006475721020251513,5.761208012700081e-05,10.94614799018018,0.5332142358562749,2482153.0,666.0,897.0,True,False
5,26,13353147635483826523,Falcon-padded-512,0.006951319985091686,0.0004158841911703348,6.427615880966187e-05,10.912410273915157,0.47644262516479585,2482153.0,666.0,897.0,True,False
5,26,7837372347094604202,Falcon-padded-512,0.008756155846640468,0.0004734338726848364,8.034682832658291e-05,11.042286907089874,0.5139267653416676,2482153.0,666.0,897.0,True,False
5,26,11431805396577836004,Falcon-padded-512,0.007470599142834544,0.00039835087954998016,5.824887193739414e-05,11.199552938109264,0.5151444013663538,2482153.0,666.0,897.0,True,False
5,26,4432203869848644461,Falcon-padded-512,0.006675950950011611,0.00040822592563927174,5.9249112382531166e-05,6.323549560038373,0.4913192026934047,2482153.0,666.0,897.0,True,False
5,26,8445149175370259659,Falcon-padded-512,0.005904724821448326,0.000325328903272748,6.109103560447693e-05,6.302797204116359,0.4756937363262104,2482153.0,666.0,897.0,True,False
5,27,18325649875757763560,Falcon-padded-512,0.006396190030500293,0.0007042661309242249,7.766089402139187e-05,10.920270244823769,0.4787960555878984,2482153.0,666.0,897.0,True,False
5,27,17857859100382382041,Falcon-padded-512,0.00796736404299736,0.0005365330725908279,6.202701479196548e-05,11.038107909960672,0.45576632899605923,2482153.0,666.0,897.0,True,False
5,27,11503720875088096988,Falcon-padded-512,0.011078329989686608,0.0006378188263624907,5.754898302257061e-05,11.183341273106635,0.4936580285311315,2482153.0,666.0,897.0,True,False
5,27,11084560972049736226,Falcon-padded-512,0.010125267086550593,0.0005268759559839964,5.764001980423927e-05,11.301485971082002,0.4843126575515908,2482153.0,666.0,897.0,True,False
5,27,4824675587914049920,Falcon-padded-512,0.017281865002587438,0.0006142349448055029,5.7238154113292694e-05,11.128255784045905,0.5050179807670937,2482153.0,666.0,897.0,True,False
5,27,13353147635483826523,Falcon-padded-512,0.014013502979651093,0.0006979841273277998,8.333800360560417e-05,10.964182174997404,0.44744960839154235,2482153.0,666.0,897.0,True,False
5,27,11431805396577836004,Falcon-padded-512,0.006792556028813124,0.00041791098192334175,8.09989869594574e-05,10.912916545988992,0.48939752878894094,2482153.0,666.0,897.0,True,False
5,27,7837372347094604202,Falcon-padded-512,0.006107750814408064,0.0003454030957072973,5.9860991314053535e-05,10.93817720306106,0.5025869468998188,2482153.0,666.0,897.0,True,False
5,27,4432203869848644461,Falcon-padded-512,0.006893845042213798,0.00040226103737950325,0.00010193092748522758,6.805232886923477,0.4359389444884316,2482153.0,666.0,897.0,True,False
5,27,8445149175370259659,Falcon-padded-512,0.010234381072223186,0.00034584803506731987,5.8507081121206284e-05,6.8453213579487056,0.4691443435052872,2482153.0,666.0,897.0,True,False
5,28,18325649875757763560,Falcon-padded-512,0.009644326986745,0.0006453588139265776,0.00014003203250467777,10.713886904995888,0.4627948359936286,2482153.0,666.0,897.0,True,False
5,28,17857859100382382041,Falcon-padded-512,0.009122448973357677,0.00047974311746656895,5.870498716831207e-05,10.824798250105232,0.4306475339326889,2482153.0,666.0,897.0,True,False
5,28,11084560972049736226,Falcon-padded-512,0.007748730015009642,0.00039803911931812763,5.727401003241539e-05,11.190303180133924,0.44865739300467405,2482153.0,666.0,897.0,True,False
5,28,11503720875088096988,Falcon-padded-512,0.01953602209687233,0.0005764849483966827,5.885702557861805e-05,11.11108092404902,0.4253497705172012,2482153.0,666.0,897.0,True,False
5,28,4824675587914049920,Falcon-padded-512,0.008560719899833202,0.00040060980245471,5.8826059103012085e-05,10.73266448895447,0.49473770259387173,2482153.0,666.0,897.0,True,False
5,28,13353147635483826523,Falcon-padded-512,0.009149590041488409,0.000923690851777792,6.0820020735263824e-05,11.027790745953098,0.43597551388962635,2482153.0,666.0,897.0,True,False
5,28,11431805396577836004,Falcon-padded-512,0.008621658198535442,0.0006085999775677919,9.134295396506786e-05,10.796802591066808,0.4630491895257098,2482153.0,666.0,897.0,True,False
5,28,7837372347094604202,Falcon-padded-512,0.0061145739164203405,0.0003978530876338482,5.81380445510149e-05,10.976747293956578,0.4704807533342747,2482153.0,666.0,897.0,True,False
5,28,4432203869848644461,Falcon-padded-512,0.010415994096547365,0.00035411096177995205,5.809892900288105e-05,6.349462499842048,0.41021385270461536,2482153.0,666.0,897.0,True,False
5,28,8445149175370259659,Falcon-padded-512,0.005693949991837144,0.00032959412783384323,5.9145037084817886e-05,6.290950691094622,0.4442198812653115,2482153.0,666.0,897.0,True,False
5,29,11503720875088096988,Falcon-padded-512,0.012321420013904572,0.0004809799138456583,8.574710227549076e-05,10.77158162696287,0.43369910163674386,2482153.0,666.0,897.0,True,False
5,29,18325649875757763560,Falcon-padded-512,0.0063968750182539225,0.00039716693572700024,5.944608710706234e-05,11.005370282102376,0.4266237259670428,2482153.0,666.0,897.0,True,False
5,29,17857859100382382041,Falcon-padded-512,0.011446443852037191,0.00051353988237679,0.00010120798833668232,11.053720992058516,0.4215510685803594,2482153.0,666.0,897.0,True,False
5,29,11084560972049736226,Falcon-padded-512,0.008731741923838854,0.0005897399969398975,5.6487973779439926e-05,11.13990355306305,0.4524796923302161,2482153.0,666.0,897.0,True,False
5,29,4824675587914049920,Falcon-padded-512,0.014035454951226711,0.0005891469772905111,5.75031153857708e-05,11.490065888967365,0.47771588394975967,2482153.0,666.0,897.0,True,False
5,29,13353147635483826523,Falcon-padded-512,0.006874693091958761,0.00042258319444954395,6.353715434670448e-05,11.345464539015666,0.41250312451130833,2482153.0,666.0,897.0,True,False
5,29,7837372347094604202,Falcon-padded-512,0.008590352954342961,0.0003449060022830963,7.686601020395756e-05,11.368164215935394,0.42598830486179157,2482153.0,666.0,897.0,True,False
5,29,11431805396577836004,Falcon-padded-512,0.009571422124281526,0.0005794360768049955,5.8233970776200294e-05,11.533185189822689,0.43142629267090254,2482153.0,666.0,897.0,True,False
5,29,8445149175370259659,Falcon-padded-512,0.008780150208622217,0.0003341620322316885,5.944306030869484e-05,6.379300807137042,0.4260481080265751,2482153.0,666.0,897.0,True,False
5,29,4432203869848644461,Falcon-padded-512,0.011405358090996742,0.000365853076800704,5.8949925005435944e-05,6.365613973001018,0.4069712768919813,2482153.0,666.0,897.0,True,False
5,30,17857859100382382041,Falcon-padded-512,0.007483404129743576,0.00036071217618882656,7.665297016501427e-05,11.261911571025848,0.40820444212146817,2482153.0,666.0,897.0,True,False
5,30,18325649875757763560,Falcon-padded-512,0.009297496173530817,0.00039151101373136044,5.7680997997522354e-05,11.278984474018216,0.4144734763688627,2482153.0,666.0,897.0,True,False
5,30,11084560972049736226,Falcon-padded-512,0.013893822208046913,0.00046243914403021336,6.434298120439053e-05,11.203562653856352,0.455576203739757,2482153.0,666.0,897.0,True,False
5,30,11503720875088096988,Falcon-padded-512,0.014426541049033403,0.0006143099162727594,6.643100641667843e-05,11.188447673106566,0.39487037463647545,2482153.0,666.0,897.0,True,False
5,30,11431805396577836004,Falcon-padded-512,0.008077918086200953,0.0005412120372056961,5.988217890262604e-05,10.843888292089105,0.4118643808623503,2482153.0,666.0,897.0,True,False
5,30,4824675587914049920,Falcon-padded-512,0.012894404120743275,0.0005697018932551146,6.0742953792214394e-05,11.058281058911234,0.45510677381116116,2482153.0,666.0,897.0,True,False
5,30,13353147635483826523,Falcon-padded-512,0.005951040890067816,0.00034453882835805416,8.65589827299118e-05,10.980171778937802,0.3915093386201722,2482153.0,666.0,897.0,True,False
5,30,7837372347094604202,Falcon-padded-512,0.006968002067878842,0.00040113693103194237,5.914899520576e-05,11.084409867180511,0.4161902296054325,2482153.0,666.0,897.0,True,False
5,30,8445149175370259659,Falcon-padded-512,0.009179048938676715,0.00037473090924322605,5.865609273314476e-05,6.305455238092691,0.4048266265612499,2482153.0,666.0,897.0,True,False
5,30,4432203869848644461,Falcon-padded-512,0.009373369859531522,0.0003848928026854992,6.0867052525281906e-05,6.321687242947519,0.392157704771087,2482153.0,666.0,897.0,True,False
