run,round,node_id,scheme,keygen_time,sign_time,verify_time,train_time,train_loss,payload_size,sig_size,pubkey_size,sig_valid,has_nan
1,1,6758426393416003490,ML-DSA-44,0.0018184459768235683,0.00025875610299408436,9.324797429144382e-05,10.797102952143177,2.058623083837473,2482153.0,2420.0,1312.0,True,False
1,1,11891766473410342717,ML-DSA-44,0.0012756900396198034,0.00021351617760956287,4.272395744919777e-05,11.10960146295838,2.0277708199373476,2482153.0,2420.0,1312.0,True,False
1,1,599147490498029051,ML-DSA-44,0.0012531359679996967,0.0002401089295744896,4.375702701508999e-05,11.549573171883821,2.0093023594777297,2482153.0,2420.0,1312.0,True,False
1,1,17624381401751739877,ML-DSA-44,0.0009347300510853529,0.0002750740386545658,4.3038977310061455e-05,11.067864008946344,1.9586738105032855,2482153.0,2420.0,1312.0,True,False
1,1,4141700436683539609,ML-DSA-44,0.000205532880499959,0.0003071280661970377,6.097997538745403e-05,10.961099908920005,2.069265321561485,2482153.0,2420.0,1312.0,True,False
1,1,15894809424141287976,ML-DSA-44,0.00019969209097325802,0.00020816689357161522,4.294188693165779e-05,11.082615273073316,2.092803584542244,2482153.0,2420.0,1312.0,True,False
1,1,6400356222358645159,ML-DSA-44,0.00016646110452711582,0.00016530510038137436,4.298100247979164e-05,10.909519230946898,2.123507851248334,2482153.0,2420.0,1312.0,True,False
1,1,14182424302877588247,ML-DSA-44,0.000164510915055871,0.0001515829935669899,4.448206163942814e-05,11.158547930186614,2.0010566605124502,2482153.0,2420.0,1312.0,True,False
1,1,18016270165621697043,ML-DSA-44,0.00013443618081510067,0.00024243607185781002,4.1136983782052994e-05,6.437726964941248,2.0943100976336533,2482153.0,2420.0,1312.0,True,False
1,1,1817602695758643733,ML-DSA-44,0.00012941891327500343,0.00014578807167708874,5.2097951993346214e-05,7.049054972128943,2.0319199789861204,2482153.0,2420.0,1312.0,True,False
1,2,17624381401751739877,ML-DSA-44,0.00017571286298334599,0.0002557921689003706,5.559693090617657e-05,11.01754643698223,1.8046182416806555,2482153.0,2420.0,1312.0,True,False
1,2,599147490498029051,ML-DSA-44,0.00027572805993258953,0.00021743495017290115,4.110205918550491e-05,11.121957822935656,1.8339778336749715,2482153.0,2420.0,1312.0,True,False
1,2,6758426393416003490,ML-DSA-44,0.0001928021665662527,0.00042286794632673264,4.135514609515667e-05,11.127183238044381,1.8201243087744257,2482153.0,2420.0,1312.0,True,False
1,2,11891766473410342717,ML-DSA-44,0.0002961680293083191,0.00028680707328021526,4.127505235373974e-05,11.244200069922954,1.8072565277670598,2482153.0,2420.0,1312.0,True,False
1,2,15894809424141287976,ML-DSA-44,0.00028089992702007294,0.0004191119223833084,4.154699854552746e-05,10.98286233912222,1.836881708946957,2482153.0,2420.0,1312.0,True,False
1,2,6400356222358645159,ML-DSA-44,0.00017577712424099445,0.0002448130398988724,4.7072069719433784e-05,11.109441901091486,1.841825308313795,2482153.0,2420.0,1312.0,True,False
1,2,4141700436683539609,ML-DSA-44,0.00023490702733397484,0.00022487901151180267,5.9110112488269806e-05,11.14567785919644,1.82421258984098,2482153.0,2420.0,1312.0,True,False
1,2,14182424302877588247,ML-DSA-44,0.00013510091230273247,0.0001543210819363594,4.057702608406544e-05,11.168584467144683,1.8250390541781285,2482153.0,2420.0,1312.0,True,False
1,2,1817602695758643733,ML-DSA-44,0.00012697000056505203,0.00017084693536162376,4.088482819497585e-05,6.540152149042115,1.7661076533566615,2482153.0,2420.0,1312.0,True,False
1,2,18016270165621697043,ML-DSA-44,0.00012839585542678833,0.00011147023178637028,4.5964960008859634e-05,6.4808346619829535,1.7975059261747226,2482153.0,2420.0,1312.0,True,False
1,3,6758426393416003490,ML-DSA-44,0.00018569501116871834,0.00043490808457136154,5.800998769700527e-05,10.960924205137417,1.685186888761581,2482153.0,2420.0,1312.0,True,False
1,3,599147490498029051,ML-DSA-44,0.0004211349878460169,0.00042898301035165787,4.115584306418896e-05,11.05942766694352,1.664396511521309,2482153.0,2420.0,1312.0,True,False
1,3,11891766473410342717,ML-DSA-44,0.00014235801063477993,0.0002123229205608368,4.2375875636935234e-05,11.160876482026652,1.6731592234532544,2482153.0,2420.0,1312.0,True,False
1,3,17624381401751739877,ML-DSA-44,0.00015611201524734497,0.0002924930304288864,4.267296753823757e-05,11.490906840888783,1.626275789206195,2482153.0,2420.0,1312.0,True,False
1,3,15894809424141287976,ML-DSA-44,0.00019965996034443378,0.0003267189022153616,4.233606159687042e-05,11.189782605040818,1.6761089700042822,2482153.0,2420.0,1312.0,True,False
1,3,6400356222358645159,ML-DSA-44,0.00030880002304911613,0.00028178002685308456,4.2978907003998756e-05,11.504530746024102,1.6863228371188899,2482153.0,2420.0,1312.0,True,False
1,3,14182424302877588247,ML-DSA-44,0.00022353604435920715,0.00029859202913939953,5.801091901957989e-05,11.281636581989005,1.6375599818624509,2482153.0,2420.0,1312.0,True,False
1,3,4141700436683539609,ML-DSA-44,0.00020398502238094807,0.000138075090944767,4.615192301571369e-05,11.775877874810249,1.6511602895275044,2482153.0,2420.0,1312.0,True,False
1,3,1817602695758643733,ML-DSA-44,0.000190765131264925,0.00016767694614827633,4.132091999053955e-05,6.3936088650953025,1.601585962969786,2482153.0,2420.0,1312.0,True,False
1,3,18016270165621697043,ML-DSA-44,0.00013672304339706898,0.00016932189464569092,5.715200677514076e-05,6.293341234093532,1.6380807814324738,2482153.0,2420.0,1312.0,True,False
1,4,6758426393416003490,ML-DSA-44,0.00032617500983178616,0.0001584149431437254,6.080814637243748e-05,11.010072032921016,1.5552605736027858,2482153.0,2420.0,1312.0,True,False
1,4,599147490498029051,ML-DSA-44,0.0003988558892160654,0.00012943311594426632,4.229997284710407e-05,11.160436168080196,1.5255747259042824,2482153.0,2420.0,1312.0,True,False
1,4,17624381401751739877,ML-DSA-44,0.0002755899913609028,0.00025912397541105747,4.131300374865532e-05,11.289407029980794,1.5345706324668447,2482153.0,2420.0,1312.0,True,False
1,4,11891766473410342717,ML-DSA-44,0.0001679491251707077,0.00012055505067110062,4.3165870010852814e-05,11.321324684889987,1.5391696235936159,2482153.0,2420.0,1312.0,True,False
1,4,4141700436683539609,ML-DSA-44,0.00040057417936623096,0.0006279321387410164,4.358519800007343e-05,10.927343047922477,1.516128968281351,2482153.0,2420.0,1312.0,True,False
1,4,6400356222358645159,ML-DSA-44,0.00020124809816479683,0.00040551391430199146,4.24159225076437e-05,10.967676213942468,1.5444012599386228,2482153.0,2420.0,1312.0,True,False
1,4,15894809424141287976,ML-DSA-44,0.0004189398605376482,0.0003714549820870161,6.008404307067394e-05,11.24821162596345,1.5627413836254436,2482153.0,2420.0,1312.0,True,False
1,4,14182424302877588247,ML-DSA-44,0.00021754112094640732,0.0001766309142112732,4.130508750677109e-05,11.175423251930624,1.5252775523313291,2482153.0,2420.0,1312.0,True,False
1,4,1817602695758643733,ML-DSA-44,0.0001262039877474308,0.00012908689677715302,4.714704118669033e-05,6.384147719945759,1.5209283919850731,2482153.0,2420.0,1312.0,True,False
1,4,18016270165621697043,ML-DSA-44,0.00014469982124865055,0.00019826414063572884,5.3787836804986e-05,6.207167454995215,1.5296868571809903,2482153.0,2420.0,1312.0,True,False
1,5,6758426393416003490,ML-DSA-44,0.0001984930131584406,0.0007257289253175259,7.834215648472309e-05,11.083025895990431,1.4527037599284178,2482153.0,2420.0,1312.0,True,False
1,5,599147490498029051,ML-DSA-44,0.000162801006808877,0.0002309659030288458,4.112604074180126e-05,11.293828225927427,1.4250778020567196,2482153.0,2420.0,1312.0,True,False
1,5,11891766473410342717,ML-DSA-44,0.0002011770848184824,0.0003676260821521282,4.09840140491724e-05,11.23909203405492,1.4328526216707411,2482153.0,2420.0,1312.0,True,False
1,5,17624381401751739877,ML-DSA-44,0.00017841416411101818,0.000239592045545578,4.140683449804783e-05,11.427538881078362,1.437528390793284,2482153.0,2420.0,1312.0,True,False
1,5,6400356222358645159,ML-DSA-44,0.000256258063018322,0.00033056503161787987,4.156096838414669e-05,10.897395079955459,1.4296155750371848,2482153.0,2420.0,1312.0,True,False
1,5,14182424302877588247,ML-DSA-44,0.0002468968741595745,0.00018481886945664883,4.183896817266941e-05,10.869018234079704,1.4373821954058994,2482153.0,2420.0,1312.0,True,False
1,5,15894809424141287976,ML-DSA-44,0.00019252090714871883,0.0003513928968459368,8.386094123125076e-05,10.965664368122816,1.4503549849911102,2482153.0,2420.0,1312.0,True,False
1,5,4141700436683539609,ML-DSA-44,0.00037906994111835957,0.00023846188560128212,4.24128957092762e-05,10.954414011212066,1.409959603267111,2482153.0,2420.0,1312.0,True,False
1,5,1817602695758643733,ML-DSA-44,0.00015330500900745392,0.00013216212391853333,4.1835010051727295e-05,6.299953142879531,1.3967416502867536,2482153.0,2420.0,1312.0,True,False
1,5,18016270165621697043,ML-DSA-44,0.0001961919479072094,0.0002677799202501774,4.4517917558550835e-05,6.292829432990402,1.4180772930953154,2482153.0,2420.0,1312.0,True,False
1,6,17624381401751739877,ML-DSA-44,0.00017489399760961533,0.0002462251577526331,6.066402420401573e-05,10.996747950091958,1.3337377473047585,2482153.0,2420.0,1312.0,True,False
1,6,6758426393416003490,ML-DSA-44,0.00018868804909288883,0.00023498479276895523,4.117889329791069e-05,11.03720863792114,1.3567279489936344,2482153.0,2420.0,1312.0,True,False
1,6,599147490498029051,ML-DSA-44,0.00016949698328971863,0.000129990978166461,4.1601015254855156e-05,11.239926100941375,1.3236568027241216,2482153.0,2420.0,1312.0,True,False
1,6,11891766473410342717,ML-DSA-44,0.00018370314501225948,0.0002824461553245783,4.1326042264699936e-05,11.209835502086207,1.346534533105838,2482153.0,2420.0,1312.0,True,False
1,6,4141700436683539609,ML-DSA-44,0.00016317609697580338,0.00022016093134880066,4.4623855501413345e-05,11.063255409011617,1.3154809877371332,2482153.0,2420.0,1312.0,True,False
1,6,15894809424141287976,ML-DSA-44,0.00032268697395920753,0.00021421699784696102,4.985206760466099e-05,11.11743594193831,1.343605298525209,2482153.0,2420.0,1312.0,True,False
1,6,14182424302877588247,ML-DSA-44,0.00019643898122012615,0.0002659230958670378,5.5782031267881393e-05,11.026406865101308,1.3447134024018694,2482153.0,2420.0,1312.0,True,False
1,6,6400356222358645159,ML-DSA-44,0.0003410081844776869,0.00020743999630212784,4.058820195496082e-05,11.32429930800572,1.3203585481947395,2482153.0,2420.0,1312.0,True,False
1,6,1817602695758643733,ML-DSA-44,0.0002281060442328453,0.00023101409897208214,6.931601092219353e-05,6.453111414099112,1.3175484124262622,2482153.0,2420.0,1312.0,True,False
1,6,18016270165621697043,ML-DSA-44,0.00018917000852525234,0.00020113890059292316,4.958687350153923e-05,6.599739847006276,1.321967757431565,2482153.0,2420.0,1312.0,True,False
1,7,11891766473410342717,ML-DSA-44,0.000247173011302948,0.0001601970288902521,7.398822344839573e-05,11.045088027836755,1.2816707491874695,2482153.0,2420.0,1312.0,True,False
1,7,6758426393416003490,ML-DSA-44,0.00019886414520442486,0.00012431200593709946,4.305201582610607e-05,11.07402908988297,1.271202826196221,2482153.0,2420.0,1312.0,True,False
1,7,17624381401751739877,ML-DSA-44,0.00028156302869319916,0.0004494739696383476,4.469999112188816e-05,11.166304577142,1.254364976078082,2482153.0,2420.0,1312.0,True,False
1,7,599147490498029051,ML-DSA-44,0.00016213208436965942,0.00013042311184108257,5.143298767507076e-05,11.17754854192026,1.2464107419275174,2482153.0,2420.0,1312.0,True,False
1,7,15894809424141287976,ML-DSA-44,0.00018831994384527206,0.00023213610984385014,4.726718179881573e-05,10.80415516695939,1.248910318514344,2482153.0,2420.0,1312.0,True,False
1,7,4141700436683539609,ML-DSA-44,0.0001819389872252941,0.00018941587768495083,4.165596328675747e-05,10.945269901072606,1.2202071046373646,2482153.0,2420.0,1312.0,True,False
1,7,6400356222358645159,ML-DSA-44,0.00013737310655415058,0.00013366388157010078,5.758879706263542e-05,10.949828888988122,1.251336287920642,2482153.0,2420.0,1312.0,True,False
1,7,14182424302877588247,ML-DSA-44,0.00019618216902017593,0.00023213913664221764,4.0940940380096436e-05,10.971774232108146,1.2671271338584318,2482153.0,2420.0,1312.0,True,False
1,7,1817602695758643733,ML-DSA-44,0.00019188201986253262,0.00028231600299477577,4.105782136321068e-05,6.6308415059465915,1.2401571983744384,2482153.0,2420.0,1312.0,True,False
1,7,18016270165621697043,ML-DSA-44,0.00019034906290471554,0.00019237282685935497,6.676604971289635e-05,6.455249512102455,1.258549826919653,2482153.0,2420.0,1312.0,True,False
1,8,11891766473410342717,ML-DSA-44,0.00012750993482768536,0.0002852119505405426,5.979090929031372e-05,10.963526992825791,1.1914721389485012,2482153.0,2420.0,1312.0,True,False
1,8,17624381401751739877,ML-DSA-44,0.000188891077414155,0.0001723559107631445,4.1801948100328445e-05,11.181643593125045,1.1682512129947638,2482153.0,2420.0,1312.0,True,False
1,8,6758426393416003490,ML-DSA-44,0.00022994587197899818,0.00028316816315054893,4.137610085308552e-05,11.125967879081145,1.184962919563245,2482153.0,2420.0,1312.0,True,False
1,8,599147490498029051,ML-DSA-44,0.00012773810885846615,0.00014475896023213863,6.150896660983562e-05,11.172063721111044,1.1686125644453011,2482153.0,2420.0,1312.0,True,False
1,8,15894809424141287976,ML-DSA-44,0.000216607004404068,0.00037271203473210335,4.1798921301960945e-05,11.236527631990612,1.1889079664922824,2482153.0,2420.0,1312.0,True,False
1,8,4141700436683539609,ML-DSA-44,0.00019648484885692596,0.00027931714430451393,4.1904859244823456e-05,11.026999385096133,1.1612230877208103,2482153.0,2420.0,1312.0,True,False
1,8,14182424302877588247,ML-DSA-44,0.0001597958616912365,0.00013886205852031708,7.216399535536766e-05,11.242203498026356,1.1949865977475598,2482153.0,2420.0,1312.0,True,False
1,8,6400356222358645159,ML-DSA-44,0.00012787198647856712,0.00017615710385143757,4.191603511571884e-05,11.25204372801818,1.1680017128871505,2482153.0,2420.0,1312.0,True,False
1,8,1817602695758643733,ML-DSA-44,0.00021770899184048176,0.0001942790113389492,5.17750158905983e-05,6.310710774967447,1.155154971939743,2482153.0,2420.0,1312.0,True,False
1,8,18016270165621697043,ML-DSA-44,0.00012809294275939465,0.00014591007493436337,5.126814357936382e-05,6.2864130071830004,1.163770170348465,2482153.0,2420.0,1312.0,True,False
1,9,17624381401751739877,ML-DSA-44,0.00025243195705115795,0.00039968988858163357,7.360079325735569e-05,10.994655180023983,1.092320583428547,2482153.0,2420.0,1312.0,True,False
1,9,599147490498029051,ML-DSA-44,0.0001859299372881651,0.0001555450726300478,4.243501462042332e-05,11.05017838999629,1.1200716180406558,2482153.0,2420.0,1312.0,True,False
1,9,6758426393416003490,ML-DSA-44,0.0002188610378652811,0.00029783998616039753,4.213303327560425e-05,11.006055667996407,1.1196884159829206,2482153.0,2420.0,1312.0,True,False
1,9,11891766473410342717,ML-DSA-44,0.00018275692127645016,0.00020318408496677876,4.787207581102848e-05,11.147313654888421,1.1388285953527804,2482153.0,2420.0,1312.0,True,False
1,9,6400356222358645159,ML-DSA-44,0.00026407395489513874,0.0003204760141670704,4.530209116637707e-05,10.979942609090358,1.1206962470036403,2482153.0,2420.0,1312.0,True,False
1,9,4141700436683539609,ML-DSA-44,0.00027395295910537243,0.00021412409842014313,4.1332095861434937e-05,11.074058502912521,1.092664728119115,2482153.0,2420.0,1312.0,True,False
1,9,14182424302877588247,ML-DSA-44,0.000156081048771739,0.0001453738659620285,5.846098065376282e-05,11.006211708066985,1.1188571908671385,2482153.0,2420.0,1312.0,True,False
1,9,15894809424141287976,ML-DSA-44,0.00018029683269560337,0.00016887392848730087,4.212488420307636e-05,11.250743090873584,1.1076828917120671,2482153.0,2420.0,1312.0,True,False
1,9,1817602695758643733,ML-DSA-44,0.00014595920220017433,0.0002173469401896,5.2584102377295494e-05,6.370963175082579,1.0938709150454042,2482153.0,2420.0,1312.0,True,False
1,9,18016270165621697043,ML-DSA-44,0.00012806197628378868,0.00021618511527776718,5.226000212132931e-05,6.392230551922694,1.0910717526059242,2482153.0,2420.0,1312.0,True,False
1,10,6758426393416003490,ML-DSA-44,0.00017261086031794548,0.00022140517830848694,5.8625126257538795e-05,11.012161182938144,1.0595119189304911,2482153.0,2420.0,1312.0,True,False
1,10,11891766473410342717,ML-DSA-44,0.00018449709750711918,0.00023954198695719242,4.343083128333092e-05,11.104594758944586,1.075365317665088,2482153.0,2420.0,1312.0,True,False
1,10,599147490498029051,ML-DSA-44,0.00021455902606248856,0.0003194140736013651,4.126806743443012e-05,11.119064680999145,1.0524805161603696,2482153.0,2420.0,1312.0,True,False
1,10,17624381401751739877,ML-DSA-44,0.00026639201678335667,0.00020679784938693047,4.56289853900671e-05,11.199509314028546,1.0079761584093616,2482153.0,2420.0,1312.0,True,False
1,10,6400356222358645159,ML-DSA-44,0.0002898250240832567,0.0002830149605870247,4.1182851418852806e-05,10.753900474868715,1.0520966292186906,2482153.0,2420.0,1312.0,True,False
1,10,14182424302877588247,ML-DSA-44,0.00038215890526771545,0.0004584209527820349,4.238705150783062e-05,10.763594686985016,1.057757184004328,2482153.0,2420.0,1312.0,True,False
1,10,4141700436683539609,ML-DSA-44,0.0002012851182371378,0.00024359999224543571,7.07430299371481e-05,10.955130698159337,1.0196114960749438,2482153.0,2420.0,1312.0,True,False
1,10,15894809424141287976,ML-DSA-44,0.0003977490123361349,0.0003485381603240967,4.069320857524872e-05,11.10469879815355,1.0508771753235229,2482153.0,2420.0,1312.0,True,False
1,10,1817602695758643733,ML-DSA-44,0.00013203313574194908,0.00012271595187485218,5.069584585726261e-05,6.480895634973422,1.022643628773416,2482153.0,2420.0,1312.0,True,False
1,10,18016270165621697043,ML-DSA-44,0.0001257129479199648,0.00020919297821819782,4.677497781813145e-05,6.465266180923209,1.0405822472207864,2482153.0,2420.0,1312.0,True,False
1,11,17624381401751739877,ML-DSA-44,0.00015717302449047565,0.00014850404113531113,5.855504423379898e-05,10.950713644968346,0.9649997127663558,2482153.0,2420.0,1312.0,True,False
1,11,6758426393416003490,ML-DSA-44,0.00018930993974208832,0.0002135538961738348,4.196888767182827e-05,11.072591146919876,0.9848030577799317,2482153.0,2420.0,1312.0,True,False
1,11,599147490498029051,ML-DSA-44,0.00019172392785549164,0.00018946989439427853,4.164804704487324e-05,11.28489594697021,0.9838432489307063,2482153.0,2420.0,1312.0,True,False
1,11,11891766473410342717,ML-DSA-44,0.00018074479885399342,0.0002828710712492466,4.152301698923111e-05,11.261928064050153,1.0006701697589486,2482153.0,2420.0,1312.0,True,False
1,11,6400356222358645159,ML-DSA-44,0.00024665496312081814,0.0002945209853351116,6.020301952958107e-05,11.215547939995304,0.9824835398014943,2482153.0,2420.0,1312.0,True,False
1,11,15894809424141287976,ML-DSA-44,0.00032139895483851433,0.0002935221418738365,4.1675055399537086e-05,11.511357479030266,1.0041845706617756,2482153.0,2420.0,1312.0,True,False
1,11,4141700436683539609,ML-DSA-44,0.00012984592467546463,0.00015721283853054047,6.595393642783165e-05,11.613053214037791,0.9777296751168123,2482153.0,2420.0,1312.0,True,False
1,11,14182424302877588247,ML-DSA-44,0.0001275818794965744,0.00026162085123360157,4.12939116358757e-05,11.547184933908284,1.0071896496851733,2482153.0,2420.0,1312.0,True,False
1,11,1817602695758643733,ML-DSA-44,0.0002004709094762802,0.0002697110176086426,4.1553983464837074e-05,6.279472572961822,0.9918464462088931,2482153.0,2420.0,1312.0,True,False
1,11,18016270165621697043,ML-DSA-44,0.00013323291204869747,0.00010382616892457008,4.831491969525814e-05,6.353575337911025,0.9859364668654788,2482153.0,2420.0,1312.0,True,False
1,12,11891766473410342717,ML-DSA-44,0.0004242181312292814,0.0001784069463610649,8.773105219006538e-05,11.043777263956144,0.9496824635062248,2482153.0,2420.0,1312.0,True,False
1,12,6758426393416003490,ML-DSA-44,0.00017458200454711914,0.00032777199521660805,4.1656894609332085e-05,11.035872383974493,0.9462110728594908,2482153.0,2420.0,1312.0,True,False
1,12,599147490498029051,ML-DSA-44,0.0001467179972678423,0.00016516819596290588,4.075607284903526e-05,11.232926645083353,0.9477404069369006,2482153.0,2420.0,1312.0,True,False
1,12,17624381401751739877,ML-DSA-44,0.00022272602654993534,0.0001717149280011654,4.231790080666542e-05,11.423661257140338,0.9170048569038416,2482153.0,2420.0,1312.0,True,False
1,12,4141700436683539609,ML-DSA-44,0.000253007048740983,0.00024489499628543854,4.1828956454992294e-05,10.721063409000635,0.9302270108727133,2482153.0,2420.0,1312.0,True,False
1,12,6400356222358645159,ML-DSA-44,0.00027001299895346165,0.000526482006534934,4.1779130697250366e-05,10.798238123999909,0.9306184708312818,2482153.0,2420.0,1312.0,True,False
1,12,15894809424141287976,ML-DSA-44,0.0001280598808079958,0.00012281001545488834,5.714595317840576e-05,11.081549954833463,0.9486680704696923,2482153.0,2420.0,1312.0,True,False
1,12,14182424302877588247,ML-DSA-44,0.00015440094284713268,0.00020515010692179203,4.184502176940441e-05,10.738278908189386,0.9601875209504631,2482153.0,2420.0,1312.0,True,False
1,12,1817602695758643733,ML-DSA-44,0.00016561499796807766,0.00021693389862775803,4.1261082515120506e-05,6.579721459886059,0.9410730957225629,2482153.0,2420.0,1312.0,True,False
1,12,18016270165621697043,ML-DSA-44,0.00012867199257016182,0.00010662293061614037,4.648696631193161e-05,6.572333782911301,0.9118061564910184,2482153.0,2420.0,1312.0,True,False
1,13,11891766473410342717,ML-DSA-44,0.00020600412972271442,0.00027033709920942783,5.604303441941738e-05,11.1781193560455,0.8913363151869197,2482153.0,2420.0,1312.0,True,False
1,13,6758426393416003490,ML-DSA-44,0.0001959248911589384,0.00020921695977449417,5.040201358497143e-05,11.333096864866093,0.9088800361581669,2482153.0,2420.0,1312.0,True,False
1,13,17624381401751739877,ML-DSA-44,0.00020034704357385635,0.00020194309763610363,6.094411946833134e-05,11.667483889963478,0.8827979486839027,2482153.0,2420.0,1312.0,True,False
1,13,599147490498029051,ML-DSA-44,0.00022078189067542553,0.000494909007102251,4.202290438115597e-05,11.731257640058175,0.8946708875476934,2482153.0,2420.0,1312.0,True,False
1,13,4141700436683539609,ML-DSA-44,0.00029470701701939106,0.0004748092032968998,4.0615908801555634e-05,10.895936734043062,0.8613239948157292,2482153.0,2420.0,1312.0,True,False
1,13,15894809424141287976,ML-DSA-44,0.00027814297936856747,0.000280887121334672,4.4462038204073906e-05,10.925738436868414,0.918426452928288,2482153.0,2420.0,1312.0,True,False
1,13,14182424302877588247,ML-DSA-44,0.00018525193445384502,0.00024420395493507385,5.9421174228191376e-05,10.976492423098534,0.8927902338231445,2482153.0,2420.0,1312.0,True,False
1,13,6400356222358645159,ML-DSA-44,0.0001931029837578535,0.00047362293116748333,4.238705150783062e-05,10.974337937077507,0.8828538094356562,2482153.0,2420.0,1312.0,True,False
1,13,1817602695758643733,ML-DSA-44,0.0001804758794605732,0.00032246601767838,4.181894473731518e-05,6.330131521914154,0.9122294665901525,2482153.0,2420.0,1312.0,True,False
1,13,18016270165621697043,ML-DSA-44,0.000157573027536273,0.0002959959674626589,4.7963112592697144e-05,6.350266148103401,0.8841719483114352,2482153.0,2420.0,1312.0,True,False
1,14,17624381401751739877,ML-DSA-44,0.0002654360141605139,0.00025599892251193523,5.863001570105553e-05,10.74919998482801,0.8359163971083938,2482153.0,2420.0,1312.0,True,False
1,14,11891766473410342717,ML-DSA-44,0.00026113702915608883,0.0003317010123282671,4.1893916204571724e-05,10.862360184080899,0.8459932373207846,2482153.0,2420.0,1312.0,True,False
1,14,6758426393416003490,ML-DSA-44,0.00018568499945104122,0.0002655899152159691,4.131300374865532e-05,10.95459902100265,0.8641538650366911,2482153.0,2420.0,1312.0,True,False
1,14,599147490498029051,ML-DSA-44,0.0001932049635797739,0.0002422509714961052,4.621082916855812e-05,10.943313515046611,0.8390425642964187,2482153.0,2420.0,1312.0,True,False
1,14,15894809424141287976,ML-DSA-44,0.0002988309133797884,0.00027571595273911953,4.188902676105499e-05,11.134826079942286,0.8815562434636863,2482153.0,2420.0,1312.0,True,False
1,14,4141700436683539609,ML-DSA-44,0.0003867319319397211,0.0002563539892435074,4.2484840378165245e-05,10.895047926111147,0.8152861179439885,2482153.0,2420.0,1312.0,True,False
1,14,6400356222358645159,ML-DSA-44,0.00021617510356009007,0.00033124303445219994,7.137912325561047e-05,11.139838975854218,0.8324778104663655,2482153.0,2420.0,1312.0,True,False
1,14,14182424302877588247,ML-DSA-44,0.00016586598940193653,0.00021740118972957134,4.19828575104475e-05,11.009246236179024,0.8572626890270574,2482153.0,2420.0,1312.0,True,False
1,14,1817602695758643733,ML-DSA-44,0.0002219660673290491,0.0002017549704760313,4.2597996070981026e-05,6.26003519911319,0.865165416222469,2482153.0,2420.0,1312.0,True,False
1,14,18016270165621697043,ML-DSA-44,0.00012904801405966282,0.0001455328892916441,7.469207048416138e-05,6.341761168092489,0.8334992771885198,2482153.0,2420.0,1312.0,True,False
1,15,599147490498029051,ML-DSA-44,0.00017847493290901184,0.0003150340635329485,0.00018050894141197205,10.985378140117973,0.8121608174910211,2482153.0,2420.0,1312.0,True,False
1,15,11891766473410342717,ML-DSA-44,0.00017802882939577103,0.00022033392451703548,4.21090517193079e-05,11.037412147037685,0.8087289021083504,2482153.0,2420.0,1312.0,True,False
1,15,6758426393416003490,ML-DSA-44,0.00019174301996827126,0.0001997689250856638,4.181312397122383e-05,11.098299097036943,0.8235124854525183,2482153.0,2420.0,1312.0,True,False
1,15,17624381401751739877,ML-DSA-44,0.0002990998327732086,0.0004994270857423544,7.508601993322372e-05,11.237022459041327,0.769947389888156,2482153.0,2420.0,1312.0,True,False
1,15,15894809424141287976,ML-DSA-44,0.00037965597584843636,0.00031590904109179974,4.636403173208237e-05,10.6864694848191,0.8360719874406316,2482153.0,2420.0,1312.0,True,False
1,15,6400356222358645159,ML-DSA-44,0.00017795991152524948,0.00019443919882178307,4.17178962379694e-05,10.866494726855308,0.7977895998651054,2482153.0,2420.0,1312.0,True,False
1,15,4141700436683539609,ML-DSA-44,0.00023787911050021648,0.00032293121330440044,6.886711344122887e-05,11.07823431212455,0.7742833609034301,2482153.0,2420.0,1312.0,True,False
1,15,14182424302877588247,ML-DSA-44,0.0001307348720729351,0.0001526509877294302,4.1013117879629135e-05,10.938997532939538,0.8321744807206901,2482153.0,2420.0,1312.0,True,False
1,15,1817602695758643733,ML-DSA-44,0.00021649617701768875,0.00017783395014703274,4.1508814319968224e-05,6.416626408929005,0.8093262774169825,2482153.0,2420.0,1312.0,True,False
1,15,18016270165621697043,ML-DSA-44,0.0001933251041918993,0.00015301303938031197,5.0700968131422997e-05,6.39577194605954,0.7931170822328822,2482153.0,2420.0,1312.0,True,False
1,16,599147490498029051,ML-DSA-44,0.0001629791222512722,0.00029519107192754745,6.024888716638088e-05,10.722601455170661,0.7706233668289367,2482153.0,2420.0,1312.0,True,False
1,16,11891766473410342717,ML-DSA-44,0.00021968595683574677,0.00011936412192881107,4.4990796595811844e-05,10.892378016142175,0.7682674045016051,2482153.0,2420.0,1312.0,True,False
1,16,17624381401751739877,ML-DSA-44,0.00019728485494852066,0.0003118920139968395,5.307188257575035e-05,11.010331030935049,0.7292489978917844,2482153.0,2420.0,1312.0,True,False
1,16,6758426393416003490,ML-DSA-44,0.00016785413026809692,0.00012710806913673878,4.178518429398537e-05,11.101271096849814,0.7739889131989449,2482153.0,2420.0,1312.0,True,False
1,16,4141700436683539609,ML-DSA-44,0.0002514549996703863,0.0003700170200318098,4.096212796866894e-05,11.380402897950262,0.7137264398632536,2482153.0,2420.0,1312.0,True,False
1,16,15894809424141287976,ML-DSA-44,0.00018707197159528732,0.0004656959790736437,4.1381921619176865e-05,11.518038586946204,0.7913669831813521,2482153.0,2420.0,1312.0,True,False
1,16,14182424302877588247,ML-DSA-44,0.0002832431346178055,0.00024629500694572926,6.283819675445557e-05,11.598700285889208,0.7850767526846782,2482153.0,2420.0,1312.0,True,False
1,16,6400356222358645159,ML-DSA-44,0.0001901150681078434,0.0003161339554935694,4.546693526208401e-05,11.596290247049183,0.7456332693813713,2482153.0,2420.0,1312.0,True,False
1,16,1817602695758643733,ML-DSA-44,0.00014386698603630066,0.0001214111689478159,5.0258124247193336e-05,6.327754239086062,0.7648745968842962,2482153.0,2420.0,1312.0,True,False
1,16,18016270165621697043,ML-DSA-44,0.00018989481031894684,0.00016731000505387783,4.751887172460556e-05,6.37797246593982,0.749613343340576,2482153.0,2420.0,1312.0,True,False
1,17,17624381401751739877,ML-DSA-44,0.00031447410583496094,0.000324486056342721,5.7941069826483727e-05,10.898201524047181,0.6976508544698642,2482153.0,2420.0,1312.0,True,False
1,17,599147490498029051,ML-DSA-44,0.0003041860181838274,0.00021009985357522964,4.180287942290306e-05,11.001339555019513,0.7486470073081886,2482153.0,2420.0,1312.0,True,False
1,17,11891766473410342717,ML-DSA-44,0.0001885690726339817,0.00028193299658596516,4.261918365955353e-05,10.979633178096265,0.7313899391206207,2482153.0,2420.0,1312.0,True,False
1,17,6758426393416003490,ML-DSA-44,0.00024129310622811317,0.0002588059287518263,4.2326049879193306e-05,11.091205419041216,0.7260791647965741,2482153.0,2420.0,1312.0,True,False
1,17,4141700436683539609,ML-DSA-44,0.0003334579523652792,0.00028706598095595837,4.134606570005417e-05,10.696173507953063,0.6950058558374453,2482153.0,2420.0,1312.0,True,False
1,17,6400356222358645159,ML-DSA-44,0.00017138896510004997,0.00011470192112028599,4.150904715061188e-05,10.789730277145281,0.7231241116288362,2482153.0,2420.0,1312.0,True,False
1,17,14182424302877588247,ML-DSA-44,0.0002473369240760803,0.0003462729509919882,5.516805686056614e-05,10.780036981217563,0.7318243367277133,2482153.0,2420.0,1312.0,True,False
1,17,15894809424141287976,ML-DSA-44,0.0001976550556719303,0.0001694229431450367,4.112115129828453e-05,11.039027725113556,0.7629057731787869,2482153.0,2420.0,1312.0,True,False
1,17,18016270165621697043,ML-DSA-44,0.0001899348571896553,0.00016203289851546288,4.06710896641016e-05,6.361585736041889,0.708268692159349,2482153.0,2420.0,1312.0,True,False
1,17,1817602695758643733,ML-DSA-44,0.00016213604249060154,0.00017546606250107288,6.558489985764027e-05,6.38003361900337,0.7276873777436602,2482153.0,2420.0,1312.0,True,False
1,18,6758426393416003490,ML-DSA-44,0.00012942100875079632,0.0003798198886215687,6.71721063554287e-05,11.119515117956325,0.7103166341022321,2482153.0,2420.0,1312.0,True,False
1,18,599147490498029051,ML-DSA-44,0.00022571603767573833,0.00023491308093070984,4.2801955714821815e-05,11.49881625897251,0.690368545188266,2482153.0,2420.0,1312.0,True,False
1,18,17624381401751739877,ML-DSA-44,0.00029374100267887115,0.0003400859422981739,4.455004818737507e-05,11.54692242317833,0.6745270287534993,2482153.0,2420.0,1312.0,True,False
1,18,11891766473410342717,ML-DSA-44,0.00013731000944972038,0.00016767904162406921,4.2597996070981026e-05,12.064741666894406,0.6991556006821857,2482153.0,2420.0,1312.0,True,False
1,18,15894809424141287976,ML-DSA-44,0.00027138390578329563,0.0004997679498046637,4.154909402132034e-05,10.668025680119172,0.6942692070629946,2482153.0,2420.0,1312.0,True,False
1,18,6400356222358645159,ML-DSA-44,0.0001754730474203825,0.0002734388690441847,4.225899465382099e-05,10.874836765928194,0.6808279035672261,2482153.0,2420.0,1312.0,True,False
1,18,4141700436683539609,ML-DSA-44,0.0001899020280689001,0.0004500939976423979,5.704606883227825e-05,10.988295239163563,0.6659776232424816,2482153.0,2420.0,1312.0,True,False
1,18,14182424302877588247,ML-DSA-44,0.00031937588937580585,0.0004452259745448828,4.2380066588521004e-05,10.696958594024181,0.7158853579668483,2482153.0,2420.0,1312.0,True,False
1,18,1817602695758643733,ML-DSA-44,0.00012687011621892452,0.00011936994269490242,4.1898107156157494e-05,6.400345562957227,0.6948541519558353,2482153.0,2420.0,1312.0,True,False
1,18,18016270165621697043,ML-DSA-44,0.00012817583046853542,0.00011563114821910858,4.4351909309625626e-05,6.417492277920246,0.6735931271390551,2482153.0,2420.0,1312.0,True,False
1,19,599147490498029051,ML-DSA-44,0.0002946760505437851,0.0004316710401326418,6.493506953120232e-05,10.792680251877755,0.6521189693053058,2482153.0,2420.0,1312.0,True,False
1,19,6758426393416003490,ML-DSA-44,0.00018517393618822098,0.0003606828395277262,6.803986616432667e-05,10.83603376406245,0.6807349694382613,2482153.0,2420.0,1312.0,True,False
1,19,11891766473410342717,ML-DSA-44,0.00018446613103151321,0.00023631006479263306,6.807083263993263e-05,11.089771810919046,0.6562441142311521,2482153.0,2420.0,1312.0,True,False
1,19,17624381401751739877,ML-DSA-44,0.00029046391136944294,0.00035712611861526966,8.097803220152855e-05,11.015531755052507,0.644310705695942,2482153.0,2420.0,1312.0,True,False
1,19,4141700436683539609,ML-DSA-44,0.0001893958542495966,0.00040858914144337177,4.581897519528866e-05,10.871033544884995,0.642506527957643,2482153.0,2420.0,1312.0,True,False
1,19,15894809424141287976,ML-DSA-44,0.00019130390137434006,0.0005166810005903244,4.310300573706627e-05,11.01121461391449,0.6585021056946675,2482153.0,2420.0,1312.0,True,False
1,19,14182424302877588247,ML-DSA-44,0.00023986492305994034,0.00020692311227321625,5.9477053582668304e-05,11.00270322104916,0.6599989697621886,2482153.0,2420.0,1312.0,True,False
1,19,6400356222358645159,ML-DSA-44,0.00015294109471142292,0.0001370909158140421,5.230586975812912e-05,11.057315370067954,0.6507464289475399,2482153.0,2420.0,1312.0,True,False
1,19,18016270165621697043,ML-DSA-44,0.0001662829890847206,0.00019852002151310444,4.639197140932083e-05,6.2236612369306386,0.6398953070781034,2482153.0,2420.0,1312.0,True,False
1,19,1817602695758643733,ML-DSA-44,0.00020283390767872334,0.00018120487220585346,4.3113948777318e-05,6.448643343988806,0.6543850284662975,2482153.0,2420.0,1312.0,True,False
1,20,17624381401751739877,ML-DSA-44,0.0003103939816355705,0.00017454312182962894,5.701207555830479e-05,10.875950015848503,0.6187058504504762,2482153.0,2420.0,1312.0,True,False
1,20,599147490498029051,ML-DSA-44,0.00016924203373491764,0.00013211998157203197,4.241708666086197e-05,11.080037998966873,0.6312921670781579,2482153.0,2420.0,1312.0,True,False
1,20,11891766473410342717,ML-DSA-44,0.00026493589393794537,0.0002726069651544094,4.176795482635498e-05,11.051253278972581,0.6232277964283327,2482153.0,2420.0,1312.0,True,False
1,20,6758426393416003490,ML-DSA-44,0.000194846885278821,0.0002347361296415329,4.1516032069921494e-05,11.139678647974506,0.6600594283289211,2482153.0,2420.0,1312.0,True,False
1,20,15894809424141287976,ML-DSA-44,0.00037115393206477165,0.00027350313030183315,4.201405681669712e-05,10.98744974588044,0.6618369775972549,2482153.0,2420.0,1312.0,True,False
1,20,6400356222358645159,ML-DSA-44,0.00021341186948120594,0.0002611421514302492,4.105200059711933e-05,10.906910666963086,0.6282699110022016,2482153.0,2420.0,1312.0,True,False
1,20,14182424302877588247,ML-DSA-44,0.00012107100337743759,0.00015242607332766056,5.625910125672817e-05,10.853972908109426,0.61246390787849,2482153.0,2420.0,1312.0,True,False
1,20,4141700436683539609,ML-DSA-44,0.00018750596791505814,0.0002347689587622881,4.199193790555e-05,11.035048347897828,0.6013925711440432,2482153.0,2420.0,1312.0,True,False
1,20,1817602695758643733,ML-DSA-44,0.0001311099622398615,0.00013493304140865803,4.288414493203163e-05,6.374698742991313,0.6336696255643657,2482153.0,2420.0,1312.0,True,False
1,20,18016270165621697043,ML-DSA-44,0.00019124592654407024,0.00018287706188857555,4.798290319740772e-05,6.292928813956678,0.6146491589677182,2482153.0,2420.0,1312.0,True,False
1,21,17624381401751739877,ML-DSA-44,0.0002547579351812601,0.0003683499526232481,6.53970055282116e-05,10.71437928499654,0.5864462719126872,2482153.0,2420.0,1312.0,True,False
1,21,6758426393416003490,ML-DSA-44,0.0002517320681363344,0.00038031814619898796,4.1378894820809364e-05,10.804180663079023,0.6254623426943068,2482153.0,2420.0,1312.0,True,False
1,21,599147490498029051,ML-DSA-44,0.00018612202256917953,0.00030213408172130585,4.123291000723839e-05,10.973930950043723,0.5760328255736145,2482153.0,2420.0,1312.0,True,False
1,21,11891766473410342717,ML-DSA-44,0.00019845995120704174,0.0002913419157266617,4.155188798904419e-05,11.058677424909547,0.5982773979046162,2482153.0,2420.0,1312.0,True,False
1,21,6400356222358645159,ML-DSA-44,0.0003432859666645527,0.0002508650068193674,4.243501462042332e-05,11.346588161075488,0.5896609160266105,2482153.0,2420.0,1312.0,True,False
1,21,4141700436683539609,ML-DSA-44,0.00022401590831577778,0.00012871413491666317,4.0975864976644516e-05,11.625162838026881,0.5899035513970503,2482153.0,2420.0,1312.0,True,False
1,21,15894809424141287976,ML-DSA-44,0.0002680709585547447,0.0005010070744901896,9.886198677122593e-05,11.833034043898806,0.6035822877173971,2482153.0,2420.0,1312.0,True,False
1,21,14182424302877588247,ML-DSA-44,0.00019735796377062798,0.00016852212138473988,4.2279018089175224e-05,11.603044954128563,0.6212965416585564,2482153.0,2420.0,1312.0,True,False
1,21,1817602695758643733,ML-DSA-44,0.00022683502174913883,0.0003259179648011923,4.1495077311992645e-05,6.217234872980043,0.6051811055298064,2482153.0,2420.0,1312.0,True,False
1,21,18016270165621697043,ML-DSA-44,0.0001308550126850605,0.00012145983055233955,4.21029981225729e-05,6.263212890131399,0.5715227636277296,2482153.0,2420.0,1312.0,True,False
1,22,6758426393416003490,ML-DSA-44,0.00018015294335782528,0.00019933609291911125,5.699903704226017e-05,10.954089388949797,0.5928580994438973,2482153.0,2420.0,1312.0,True,False
1,22,17624381401751739877,ML-DSA-44,0.0001223948784172535,0.00027955183759331703,4.9866968765854836e-05,10.969759250991046,0.5775947001804212,2482153.0,2420.0,1312.0,True,False
1,22,599147490498029051,ML-DSA-44,0.00023671402595937252,0.0001983349211513996,4.145200364291668e-05,10.902483122888952,0.5536436218364983,2482153.0,2420.0,1312.0,True,False
1,22,11891766473410342717,ML-DSA-44,0.0002729690168052912,0.00019652396440505981,4.226597957313061e-05,11.057889211922884,0.5664345326412256,2482153.0,2420.0,1312.0,True,False
1,22,6400356222358645159,ML-DSA-44,0.00016028201207518578,0.0002708400133997202,4.1597988456487656e-05,10.87235276796855,0.5553238258050506,2482153.0,2420.0,1312.0,True,False
1,22,14182424302877588247,ML-DSA-44,0.00017120619304478168,0.0002817329950630665,4.12969384342432e-05,10.781918836990371,0.5754042889234746,2482153.0,2420.0,1312.0,True,False
1,22,4141700436683539609,ML-DSA-44,0.00018548290245234966,0.00020365789532661438,5.5487966164946556e-05,11.006991775007918,0.5433193629097407,2482153.0,2420.0,1312.0,True,False
1,22,15894809424141287976,ML-DSA-44,0.00016347598284482956,0.00013933912850916386,4.1279010474681854e-05,10.970380906946957,0.5782521090405003,2482153.0,2420.0,1312.0,True,False
1,22,1817602695758643733,ML-DSA-44,0.00021674297749996185,0.00028594094328582287,4.089297726750374e-05,6.324404021957889,0.588194056206448,2482153.0,2420.0,1312.0,True,False
1,22,18016270165621697043,ML-DSA-44,0.00018964195623993874,0.0001659449189901352,4.482385702431202e-05,6.293094460153952,0.5750314433863208,2482153.0,2420.0,1312.0,True,False
1,23,11891766473410342717,ML-DSA-44,0.00015856511890888214,0.0003630230203270912,5.6898919865489006e-05,11.364823948126286,0.5542892945847314,2482153.0,2420.0,1312.0,True,False
1,23,599147490498029051,ML-DSA-44,0.00026477291248738766,0.0002498440444469452,4.1493913158774376e-05,11.565292204963043,0.548308089992423,2482153.0,2420.0,1312.0,True,False
1,23,6758426393416003490,ML-DSA-44,0.00019070995040237904,0.00019913120195269585,4.1628023609519005e-05,11.778790815034881,0.5661516813146081,2482153.0,2420.0,1312.0,True,False
1,23,17624381401751739877,ML-DSA-44,0.00020583905279636383,0.0003880199510604143,4.125107079744339e-05,11.743957641068846,0.5523532625691147,2482153.0,2420.0,1312.0,True,False
1,23,15894809424141287976,ML-DSA-44,0.0001790768001228571,0.00022111600264906883,4.106084816157818e-05,10.88268430903554,0.5765889425091683,2482153.0,2420.0,1312.0,True,False
1,23,6400356222358645159,ML-DSA-44,0.00016031600534915924,0.0001363640185445547,4.254304803907871e-05,10.880365293007344,0.5429874469710004,2482153.0,2420.0,1312.0,True,False
1,23,14182424302877588247,ML-DSA-44,0.0003733159974217415,0.00029148487374186516,5.6687043979763985e-05,10.850819474784657,0.5637834339764467,2482153.0,2420.0,1312.0,True,False
1,23,4141700436683539609,ML-DSA-44,0.00020413193851709366,0.00028010900132358074,4.722899757325649e-05,11.024691770784557,0.5317563811542502,2482153.0,2420.0,1312.0,True,False
1,23,1817602695758643733,ML-DSA-44,0.00020225602202117443,0.00020074285566806793,4.039588384330273e-05,6.418259887956083,0.5836468381202145,2482153.0,2420.0,1312.0,True,False
1,23,18016270165621697043,ML-DSA-44,0.00020642788149416447,0.00018694880418479443,5.799904465675354e-05,6.346194148994982,0.5354297954328121,2482153.0,2420.0,1312.0,True,False
1,24,599147490498029051,ML-DSA-44,0.00016479589976370335,0.0002586459740996361,5.7851895689964294e-05,10.95466517098248,0.5342329089191689,2482153.0,2420.0,1312.0,True,False
1,24,17624381401751739877,ML-DSA-44,0.00018698303028941154,0.00033859419636428356,4.3487874791026115e-05,11.047206468880177,0.5386165476338879,2482153.0,2420.0,1312.0,True,False
1,24,6758426393416003490,ML-DSA-44,0.0003115341532975435,0.0002752819564193487,4.24250029027462e-05,11.08065473404713,0.5412295411109544,2482153.0,2420.0,1312.0,True,False
1,24,11891766473410342717,ML-DSA-44,0.00018163397908210754,0.0001906410325318575,4.314887337386608e-05,11.161019264953211,0.5429886000788515,2482153.0,2420.0,1312.0,True,False
1,24,15894809424141287976,ML-DSA-44,0.00019793515093624592,0.0001985530834645033,4.196888767182827e-05,11.113125917036086,0.5490660307466224,2482153.0,2420.0,1312.0,True,False
1,24,14182424302877588247,ML-DSA-44,0.0001875429879873991,0.0002477660309523344,4.302198067307472e-05,10.865596575895324,0.5555253735013829,2482153.0,2420.0,1312.0,True,False
1,24,4141700436683539609,ML-DSA-44,0.00017655408009886742,0.00022965390235185623,6.206403486430645e-05,11.189179146895185,0.5262307950004841,2482153.0,2420.0,1312.0,True,False
1,24,6400356222358645159,ML-DSA-44,0.000279013067483902,0.00034684501588344574,4.384201020002365e-05,11.058966601034626,0.5347899335798374,2482153.0,2420.0,1312.0,True,False
1,24,18016270165621697043,ML-DSA-44,0.00018855789676308632,0.00028080306947231293,4.4493936002254486e-05,6.850681653013453,0.5155292186933528,2482153.0,2420.0,1312.0,True,False
1,24,1817602695758643733,ML-DSA-44,0.00019012321718037128,0.00016143382526934147,4.8900023102760315e-05,6.857422932051122,0.5748319767747715,2482153.0,2420.0,1312.0,True,False
1,25,599147490498029051,ML-DSA-44,0.000204811105504632,0.00037480820901691914,6.202398799359798e-05,10.96915991185233,0.5041353231782366,2482153.0,2420.0,1312.0,True,False
1,25,6758426393416003490,ML-DSA-44,0.000259932829067111,0.00013471394777297974,4.167784936726093e-05,11.053366380976513,0.514517264238968,2482153.0,2420.0,1312.0,True,False
1,25,17624381401751739877,ML-DSA-44,0.00034003215841948986,0.000547484029084444,4.149600863456726e-05,11.102353909984231,0.5075185995809971,2482153.0,2420.0,1312.0,True,False
1,25,11891766473410342717,ML-DSA-44,0.00013588182628154755,0.00019447901286184788,4.209810867905617e-05,11.247700840001926,0.5145949832145955,2482153.0,2420.0,1312.0,True,False
1,25,15894809424141287976,ML-DSA-44,0.00020569493062794209,0.0002635170239955187,4.1419873014092445e-05,10.932447398081422,0.511680251995849,2482153.0,2420.0,1312.0,True,False
1,25,4141700436683539609,ML-DSA-44,0.0001787911169230938,0.0001948750577867031,5.23438211530447e-05,10.801648832857609,0.503819355219128,2482153.0,2420.0,1312.0,True,False
1,25,6400356222358645159,ML-DSA-44,0.00017509283497929573,0.0002065140288323164,5.4756877943873405e-05,10.973691476974636,0.5073967671176051,2482153.0,2420.0,1312.0,True,False
1,25,14182424302877588247,ML-DSA-44,0.00013017584569752216,0.0002031349577009678,4.180683754384518e-05,11.21318653295748,0.4848312767115748,2482153.0,2420.0,1312.0,True,False
1,25,18016270165621697043,ML-DSA-44,0.00019103498198091984,0.0002606511116027832,4.2116036638617516e-05,6.275810278020799,0.5190945327709056,2482153.0,2420.0,1312.0,True,False
1,25,1817602695758643733,ML-DSA-44,0.00019072717987000942,0.00017523812130093575,5.3646042943000793e-05,6.3735641478560865,0.5068532792720825,2482153.0,2420.0,1312.0,True,False
1,26,11891766473410342717,ML-DSA-44,0.00018394389189779758,0.00045206001959741116,5.918298847973347e-05,10.633459832984954,0.48439428137888196,2482153.0,2420.0,1312.0,True,False
1,26,17624381401751739877,ML-DSA-44,0.00017078197561204433,0.00016482011415064335,4.170415922999382e-05,10.909695463022217,0.5065129495279235,2482153.0,2420.0,1312.0,True,False
1,26,6758426393416003490,ML-DSA-44,0.00028210715390741825,0.00028353813104331493,4.178192466497421e-05,11.156828834209591,0.4680883171404623,2482153.0,2420.0,1312.0,True,False
1,26,599147490498029051,ML-DSA-44,0.00018408987671136856,0.0001655209343880415,4.16820403188467e-05,11.17449782998301,0.49038023248931784,2482153.0,2420.0,1312.0,True,False
1,26,15894809424141287976,ML-DSA-44,0.000180455157533288,0.0003441758453845978,4.571187309920788e-05,11.44517667684704,0.48063456163901813,2482153.0,2420.0,1312.0,True,False
1,26,4141700436683539609,ML-DSA-44,0.0003025960177183151,0.00039097899571061134,4.261103458702564e-05,11.44181123492308,0.45417539474026414,2482153.0,2420.0,1312.0,True,False
1,26,6400356222358645159,ML-DSA-44,0.00020017405040562153,0.000141537981107831,5.8714067563414574e-05,11.46407226100564,0.501994633145488,2482153.0,2420.0,1312.0,True,False
1,26,14182424302877588247,ML-DSA-44,0.0001362611074000597,0.0001509450376033783,4.283594898879528e-05,11.67295137513429,0.493370358482193,2482153.0,2420.0,1312.0,True,False
1,26,1817602695758643733,ML-DSA-44,0.0001941199880093336,0.0002133490052074194,4.163198173046112e-05,6.279386116890237,0.5103376544774718,2482153.0,2420.0,1312.0,True,False
1,26,18016270165621697043,ML-DSA-44,0.00013169110752642155,0.0002288389950990677,4.811817780137062e-05,6.2425561980344355,0.48346969985942934,2482153.0,2420.0,1312.0,True,False
1,27,17624381401751739877,ML-DSA-44,0.0002227691002190113,0.0002677510492503643,6.875116378068924e-05,10.973328093998134,0.48256588909941117,2482153.0,2420.0,1312.0,True,False
1,27,599147490498029051,ML-DSA-44,0.0001804758794605732,0.00045070494525134563,4.3144915252923965e-05,11.03157570795156,0.4545240326292196,2482153.0,2420.0,1312.0,True,False
1,27,6758426393416003490,ML-DSA-44,0.00026589399203658104,0.00037898309528827667,4.5890919864177704e-05,11.042572521837428,0.4489171028160935,2482153.0,2420.0,1312.0,True,False
1,27,11891766473410342717,ML-DSA-44,0.00015982496552169323,0.00011745607480406761,5.1798997446894646e-05,11.12494445987977,0.466633981947971,2482153.0,2420.0,1312.0,True,False
1,27,4141700436683539609,ML-DSA-44,0.00033633108250796795,0.00028640497475862503,4.2656902223825455e-05,10.886932549998164,0.4712596145713595,2482153.0,2420.0,1312.0,True,False
1,27,14182424302877588247,ML-DSA-44,0.00019642803817987442,0.00025228806771337986,4.1214050725102425e-05,10.897224941989407,0.4565698883264877,2482153.0,2420.0,1312.0,True,False
1,27,15894809424141287976,ML-DSA-44,0.0003995660226792097,0.0003710410092025995,5.731009878218174e-05,10.928221686044708,0.4769269786775112,2482153.0,2420.0,1312.0,True,False
1,27,6400356222358645159,ML-DSA-44,0.00017872685566544533,0.0002612120006233454,4.3730949983000755e-05,11.015199914108962,0.48612433865927396,2482153.0,2420.0,1312.0,True,False
1,27,18016270165621697043,ML-DSA-44,0.0001916999462991953,0.00015322607941925526,4.1835010051727295e-05,6.343508704099804,0.4993727998274147,2482153.0,2420.0,1312.0,True,False
1,27,1817602695758643733,ML-DSA-44,0.00014080782420933247,0.00011915410868823528,6.614904850721359e-05,6.418071387801319,0.4760549974621861,2482153.0,2420.0,1312.0,True,False
1,28,6758426393416003490,ML-DSA-44,0.00013851001858711243,0.00013744388706982136,7.987488061189651e-05,11.551095404895023,0.4180907495438483,2482153.0,2420.0,1312.0,True,False
1,28,599147490498029051,ML-DSA-44,0.0002545460592955351,0.00013411394320428371,4.284200258553028e-05,11.51634082919918,0.4622623422390716,2482153.0,2420.0,1312.0,True,False
1,28,11891766473410342717,ML-DSA-44,0.0001787289511412382,0.00018613110296428204,4.2354920879006386e-05,11.689697931986302,0.45611766871705556,2482153.0,2420.0,1312.0,True,False
1,28,17624381401751739877,ML-DSA-44,0.0001954580657184124,0.00018061697483062744,4.259101115167141e-05,11.720439691795036,0.4667591895421694,2482153.0,2420.0,1312.0,True,False
1,28,15894809424141287976,ML-DSA-44,0.0004037991166114807,0.00024105701595544815,4.689488559961319e-05,10.984911702107638,0.4279026183163285,2482153.0,2420.0,1312.0,True,False
1,28,4141700436683539609,ML-DSA-44,0.0003104810602962971,0.0005027789156883955,4.283408634364605e-05,10.957254370907322,0.4270947153211399,2482153.0,2420.0,1312.0,True,False
1,28,14182424302877588247,ML-DSA-44,0.00019197585061192513,0.00011881301179528236,5.5513111874461174e-05,10.934299464104697,0.4230711813066985,2482153.0,2420.0,1312.0,True,False
1,28,6400356222358645159,ML-DSA-44,0.00019557704217731953,0.00022162008099257946,4.290090873837471e-05,11.004227069905028,0.46247081280015645,2482153.0,2420.0,1312.0,True,False
1,28,18016270165621697043,ML-DSA-44,0.0002317309845238924,0.00017304997891187668,4.257797263562679e-05,6.266693671001121,0.45654291933651564,2482153.0,2420.0,1312.0,True,False
1,28,1817602695758643733,ML-DSA-44,0.00012696790508925915,0.00023846281692385674,4.561198875308037e-05,6.301739337854087,0.4433381493043178,2482153.0,2420.0,1312.0,True,False
1,29,11891766473410342717,ML-DSA-44,0.0003062840551137924,0.0003057809080928564,5.597085691988468e-05,10.829207291128114,0.4188126189171509,2482153.0,2420.0,1312.0,True,False
1,29,17624381401751739877,ML-DSA-44,0.000261449022218585,0.00039022788405418396,4.188506864011288e-05,10.798373643076047,0.43650345930794054,2482153.0,2420.0,1312.0,True,False
1,29,599147490498029051,ML-DSA-44,0.00018472899682819843,0.00018028588965535164,4.1147926822304726e-05,11.002619461156428,0.43392298582371824,2482153.0,2420.0,1312.0,True,False
1,29,6758426393416003490,ML-DSA-44,0.00019312300719320774,0.0002082230057567358,4.157610237598419e-05,10.999636764870957,0.4136717881129426,2482153.0,2420.0,1312.0,True,False
1,29,15894809424141287976,ML-DSA-44,0.00024774903431534767,0.00020243111066520214,4.105805419385433e-05,10.9770087657962,0.40821171400083855,2482153.0,2420.0,1312.0,True,False
1,29,4141700436683539609,ML-DSA-44,0.0003808010369539261,0.0003600169438868761,4.24189493060112e-05,11.171382562024519,0.41662211850238073,2482153.0,2420.0,1312.0,True,False
1,29,6400356222358645159,ML-DSA-44,0.00052420306019485,0.0007332779932767153,9.583798237144947e-05,11.030983375851065,0.43398232824483496,2482153.0,2420.0,1312.0,True,False
1,29,14182424302877588247,ML-DSA-44,0.00015345006249845028,0.00019471999257802963,4.126504063606262e-05,11.121759850997478,0.40798347785024885,2482153.0,2420.0,1312.0,True,False
1,29,1817602695758643733,ML-DSA-44,0.00023837294429540634,0.00012145796790719032,4.197191447019577e-05,6.894008279079571,0.422990603170767,2482153.0,2420.0,1312.0,True,False
1,29,18016270165621697043,ML-DSA-44,0.00013214698992669582,0.00016800221055746078,5.228002555668354e-05,6.876412027981132,0.4383717102123199,2482153.0,2420.0,1312.0,True,False
1,30,6758426393416003490,ML-DSA-44,0.00041657709516584873,0.0001967360731214285,5.9193000197410583e-05,10.9233803069219,0.41450911943035523,2482153.0,2420.0,1312.0,True,False
1,30,11891766473410342717,ML-DSA-44,0.00015769107267260551,0.0002628860529512167,4.188902676105499e-05,10.95481632114388,0.42020053813340746,2482153.0,2420.0,1312.0,True,False
1,30,599147490498029051,ML-DSA-44,0.00018429593183100224,0.00020498293451964855,4.1632913053035736e-05,11.028925331076607,0.40494646532994927,2482153.0,2420.0,1312.0,True,False
1,30,17624381401751739877,ML-DSA-44,0.0002393089234828949,0.00013260915875434875,4.136795178055763e-05,11.117204577894881,0.41023442265429316,2482153.0,2420.0,1312.0,True,False
1,30,15894809424141287976,ML-DSA-44,0.00017811101861298084,0.0001944198738783598,4.2743980884552e-05,10.892056481912732,0.39246343747730467,2482153.0,2420.0,1312.0,True,False
1,30,4141700436683539609,ML-DSA-44,0.0002665240317583084,0.000534792197868228,4.335981793701649e-05,11.048755560070276,0.3686082783291579,2482153.0,2420.0,1312.0,True,False
1,30,6400356222358645159,ML-DSA-44,0.000257998937740922,0.0002683249767869711,5.710008554160595e-05,10.993732203030959,0.41612103438467546,2482153.0,2420.0,1312.0,True,False
1,30,14182424302877588247,ML-DSA-44,0.0001799049787223339,0.0001278549898415804,4.1264109313488007e-05,11.032670776825398,0.3928817080298237,2482153.0,2420.0,1312.0,True,False
1,30,1817602695758643733,ML-DSA-44,0.00014193798415362835,0.00018967199139297009,4.111509770154953e-05,6.603980107000098,0.4071540763352517,2482153.0,2420.0,1312.0,True,False
1,30,18016270165621697043,ML-DSA-44,0.00016793794929981232,0.000129729975014925,4.233792424201965e-05,6.454395527020097,0.40645516091945827,2482153.0,2420.0,1312.0,True,False
2,1,6342722152899924034,ML-DSA-44,0.001559003023430705,0.00033615692518651485,7.405690848827362e-05,10.937560997903347,2.0439791504744513,2482153.0,2420.0,1312.0,True,False
2,1,9703037298416317784,ML-DSA-44,0.0012558822054415941,0.00022268295288085938,4.244293086230755e-05,11.092327525140718,2.0042748489197653,2482153.0,2420.0,1312.0,True,False
2,1,12865652577019224104,ML-DSA-44,0.0014413390308618546,0.000312028918415308,4.216190427541733e-05,11.086381759960204,1.9917612827507554,2482153.0,2420.0,1312.0,True,False
2,1,4500063320059010830,ML-DSA-44,0.00143617601133883,0.0003076479770243168,4.269392229616642e-05,11.125180599978194,2.026430653918321,2482153.0,2420.0,1312.0,True,False
2,1,18152579042987919180,ML-DSA-44,0.00016168318688869476,0.00021704891696572304,0.00010238494724035263,11.229541372973472,2.045647426016012,2482153.0,2420.0,1312.0,True,False
2,1,4364507625362834597,ML-DSA-44,0.00030242581851780415,0.00023287907242774963,4.4981949031353e-05,11.145860662916675,2.0001350679215353,2482153.0,2420.0,1312.0,True,False
2,1,7747363268131630712,ML-DSA-44,0.00020575406961143017,0.00023615709505975246,4.4034095481038094e-05,11.055463572964072,2.0484057619313525,2482153.0,2420.0,1312.0,True,False
2,1,2383980394343430925,ML-DSA-44,0.00021921214647591114,0.00015750015154480934,4.475587047636509e-05,11.005851589143276,2.066939537692222,2482153.0,2420.0,1312.0,True,False
2,1,163651027804141113,ML-DSA-44,0.00013613584451377392,0.00013683410361409187,4.2940955609083176e-05,6.347952627111226,1.9819556869518984,2482153.0,2420.0,1312.0,True,False
2,1,474850334526757704,ML-DSA-44,0.00012888596393167973,0.00013516214676201344,4.4723041355609894e-05,6.583552678814158,2.056259067954531,2482153.0,2420.0,1312.0,True,False
2,2,4500063320059010830,ML-DSA-44,0.00018997211009263992,0.0003162720240652561,5.695689469575882e-05,10.927262026118115,1.7428425178406344,2482153.0,2420.0,1312.0,True,False
2,2,9703037298416317784,ML-DSA-44,0.0003393949009478092,0.000500435009598732,4.134001210331917e-05,11.070636858930811,1.746374862968542,2482153.0,2420.0,1312.0,True,False
2,2,12865652577019224104,ML-DSA-44,0.00024084397591650486,0.00019395304843783379,4.085199907422066e-05,11.044521993026137,1.7567609328373222,2482153.0,2420.0,1312.0,True,False
2,2,6342722152899924034,ML-DSA-44,0.0002332471776753664,0.00030638696625828743,4.160590469837189e-05,11.023891397984698,1.7496893732411087,2482153.0,2420.0,1312.0,True,False
2,2,18152579042987919180,ML-DSA-44,0.00037884898483753204,0.00037372694350779057,4.1624996811151505e-05,10.656585555989295,1.7697363279427691,2482153.0,2420.0,1312.0,True,False
2,2,7747363268131630712,ML-DSA-44,0.00012749293819069862,0.00020255311392247677,4.1576800867915154e-05,10.961850621039048,1.7840718904118629,2482153.0,2420.0,1312.0,True,False
2,2,4364507625362834597,ML-DSA-44,0.00019949302077293396,0.0001736651174724102,6.148498505353928e-05,11.039432955905795,1.794275090193293,2482153.0,2420.0,1312.0,True,False
2,2,2383980394343430925,ML-DSA-44,0.00019784201867878437,0.000310179078951478,4.8868823796510696e-05,11.009263719897717,1.7689973047584484,2482153.0,2420.0,1312.0,True,False
2,2,163651027804141113,ML-DSA-44,0.00015064189210534096,0.0001427240204066038,4.1703926399350166e-05,6.2115741081070155,1.757107789349404,2482153.0,2420.0,1312.0,True,False
2,2,474850334526757704,ML-DSA-44,0.00013205595314502716,0.0001281329896301031,5.069817416369915e-05,6.195590151939541,1.7589476731172793,2482153.0,2420.0,1312.0,True,False
2,3,9703037298416317784,ML-DSA-44,0.000196108128875494,0.00018964102491736412,5.866796709597111e-05,10.745319719891995,1.5843844960449607,2482153.0,2420.0,1312.0,True,False
2,3,6342722152899924034,ML-DSA-44,0.000269825104624033,0.00026295892894268036,4.0904153138399124e-05,10.990758315194398,1.603576070943456,2482153.0,2420.0,1312.0,True,False
2,3,12865652577019224104,ML-DSA-44,0.0002860699314624071,0.00022196490317583084,4.192511551082134e-05,11.15721615892835,1.5655309630047745,2482153.0,2420.0,1312.0,True,False
2,3,4500063320059010830,ML-DSA-44,0.0001321490854024887,0.00014521507546305656,4.20969445258379e-05,11.256106012966484,1.5792398855185052,2482153.0,2420.0,1312.0,True,False
2,3,18152579042987919180,ML-DSA-44,0.0002635521814227104,0.0005658559966832399,4.359101876616478e-05,11.062848112080246,1.5770986520560684,2482153.0,2420.0,1312.0,True,False
2,3,4364507625362834597,ML-DSA-44,0.00013531814329326153,0.0002903738059103489,4.28489875048399e-05,11.157379158074036,1.5981310841384206,2482153.0,2420.0,1312.0,True,False
2,3,7747363268131630712,ML-DSA-44,0.0001934370957314968,0.0003934588748961687,5.949591286480427e-05,11.160273127956316,1.6084863942140226,2482153.0,2420.0,1312.0,True,False
2,3,2383980394343430925,ML-DSA-44,0.0002594490069895983,0.0002287698443979025,6.336905062198639e-05,11.216435043141246,1.6079506532401795,2482153.0,2420.0,1312.0,True,False
2,3,163651027804141113,ML-DSA-44,0.00015899096615612507,0.00018959795124828815,4.517217166721821e-05,6.513108400860801,1.5571123111020229,2482153.0,2420.0,1312.0,True,False
2,3,474850334526757704,ML-DSA-44,0.00012689316645264626,0.00012305285781621933,4.7380104660987854e-05,6.513292623916641,1.5657698667732773,2482153.0,2420.0,1312.0,True,False
2,4,12865652577019224104,ML-DSA-44,0.00017099897377192974,0.00020204088650643826,5.8820005506277084e-05,10.852378855925053,1.50064709915477,2482153.0,2420.0,1312.0,True,False
2,4,6342722152899924034,ML-DSA-44,0.00027215806767344475,0.00022678798995912075,6.252992898225784e-05,10.979173762956634,1.489929463833001,2482153.0,2420.0,1312.0,True,False
2,4,9703037298416317784,ML-DSA-44,0.00016904808580875397,0.0003200930077582598,4.2001018300652504e-05,10.999266542028636,1.47306965490815,2482153.0,2420.0,1312.0,True,False
2,4,4500063320059010830,ML-DSA-44,0.0002556019462645054,0.00026075984351336956,4.151416942477226e-05,11.06408985494636,1.4568289806888362,2482153.0,2420.0,1312.0,True,False
2,4,4364507625362834597,ML-DSA-44,0.00016552209854125977,0.0003110978286713362,4.132697358727455e-05,10.850174301071092,1.4938562531380137,2482153.0,2420.0,1312.0,True,False
2,4,18152579042987919180,ML-DSA-44,0.00023607094772160053,0.000284362118691206,4.257191903889179e-05,11.024387476034462,1.4504332174161436,2482153.0,2420.0,1312.0,True,False
2,4,7747363268131630712,ML-DSA-44,0.00029416405595839024,0.000732732005417347,5.85201196372509e-05,11.155509433941916,1.4799510627795176,2482153.0,2420.0,1312.0,True,False
2,4,2383980394343430925,ML-DSA-44,0.00021318113431334496,0.00027333805337548256,4.1010091081261635e-05,11.113118935842067,1.4913596533665991,2482153.0,2420.0,1312.0,True,False
2,4,163651027804141113,ML-DSA-44,0.00018736603669822216,0.00012893881648778915,9.494996629655361e-05,6.18514014291577,1.471359067661747,2482153.0,2420.0,1312.0,True,False
2,4,474850334526757704,ML-DSA-44,0.00019059190526604652,0.0002964320592582226,4.446413367986679e-05,6.241700507001951,1.442269873846868,2482153.0,2420.0,1312.0,True,False
2,5,4500063320059010830,ML-DSA-44,0.00013443618081510067,0.0002248350065201521,5.8439094573259354e-05,10.873798463959247,1.357603529835962,2482153.0,2420.0,1312.0,True,False
2,5,12865652577019224104,ML-DSA-44,0.0001931479200720787,0.0003782280255109072,4.132790490984917e-05,11.135487076127902,1.3722579327358562,2482153.0,2420.0,1312.0,True,False
2,5,9703037298416317784,ML-DSA-44,0.00022079003974795341,0.00023292796686291695,4.095281474292278e-05,11.114712642971426,1.385130280901672,2482153.0,2420.0,1312.0,True,False
2,5,6342722152899924034,ML-DSA-44,0.00013542501255869865,0.00012884708121418953,4.95370477437973e-05,11.306612191954628,1.4121452251057716,2482153.0,2420.0,1312.0,True,False
2,5,18152579042987919180,ML-DSA-44,0.00027332804165780544,0.00015327893197536469,4.103011451661587e-05,11.108313211938366,1.3686843613150772,2482153.0,2420.0,1312.0,True,False
2,5,7747363268131630712,ML-DSA-44,0.0004018070176243782,0.00024397904053330421,4.180590622127056e-05,10.81897348514758,1.3814100148571524,2482153.0,2420.0,1312.0,True,False
2,5,2383980394343430925,ML-DSA-44,0.00023404299281537533,0.0003952330444008112,5.728611722588539e-05,10.875956250121817,1.3943627184363687,2482153.0,2420.0,1312.0,True,False
2,5,4364507625362834597,ML-DSA-44,0.00016288808546960354,0.00013013207353651524,4.16699331253767e-05,11.085638406919315,1.3914218841085009,2482153.0,2420.0,1312.0,True,False
2,5,474850334526757704,ML-DSA-44,0.0001280240248888731,0.00019323499873280525,4.1594961658120155e-05,6.322338812053204,1.3526188389510865,2482153.0,2420.0,1312.0,True,False
2,5,163651027804141113,ML-DSA-44,0.00019312999211251736,0.00024232501164078712,4.760292358696461e-05,6.354810833930969,1.370269778048157,2482153.0,2420.0,1312.0,True,False
2,6,6342722152899924034,ML-DSA-44,0.0001551241148263216,0.00022988906130194664,5.788612179458141e-05,10.913367624161765,1.289764453271392,2482153.0,2420.0,1312.0,True,False
2,6,9703037298416317784,ML-DSA-44,0.00023835990577936172,0.00018329499289393425,4.1075050830841064e-05,11.054141842061654,1.3059324887907429,2482153.0,2420.0,1312.0,True,False
2,6,4500063320059010830,ML-DSA-44,0.00019646203145384789,0.0002479199320077896,4.116701893508434e-05,11.052180676953867,1.2596516267509217,2482153.0,2420.0,1312.0,True,False
2,6,12865652577019224104,ML-DSA-44,0.00014138012193143368,0.00012012384831905365,4.137796349823475e-05,11.31144370790571,1.2906478332106475,2482153.0,2420.0,1312.0,True,False
2,6,18152579042987919180,ML-DSA-44,0.0003363091964274645,0.00027589290402829647,4.247413016855717e-05,11.293582411948591,1.2858257172213998,2482153.0,2420.0,1312.0,True,False
2,6,4364507625362834597,ML-DSA-44,0.0001926729455590248,0.0002683361526578665,4.333513788878918e-05,11.407876095036045,1.2946922642410181,2482153.0,2420.0,1312.0,True,False
2,6,7747363268131630712,ML-DSA-44,0.0001796490978449583,0.000757517060264945,5.910499021410942e-05,11.342356762848794,1.272579684758642,2482153.0,2420.0,1312.0,True,False
2,6,2383980394343430925,ML-DSA-44,0.0001912859734147787,0.00016486807726323605,4.114396870136261e-05,11.185361520852894,1.2910757744388215,2482153.0,2420.0,1312.0,True,False
2,6,474850334526757704,ML-DSA-44,0.00012928596697747707,0.00013094209134578705,4.087691195309162e-05,6.30595206306316,1.2686765653312586,2482153.0,2420.0,1312.0,True,False
2,6,163651027804141113,ML-DSA-44,0.0001614771317690611,0.00026779482141137123,7.214001379907131e-05,6.450285797007382,1.293501606412754,2482153.0,2420.0,1312.0,True,False
2,7,6342722152899924034,ML-DSA-44,0.0003984370268881321,0.00027807196602225304,5.99641352891922e-05,10.758968849899247,1.2282024435936265,2482153.0,2420.0,1312.0,True,False
2,7,9703037298416317784,ML-DSA-44,0.0002184780314564705,0.00026242202147841454,4.991493187844753e-05,10.94681206298992,1.2286461770154868,2482153.0,2420.0,1312.0,True,False
2,7,12865652577019224104,ML-DSA-44,0.0001792479306459427,0.00016705505549907684,5.144416354596615e-05,11.124658495886251,1.2129069642656167,2482153.0,2420.0,1312.0,True,False
2,7,4500063320059010830,ML-DSA-44,0.00019136490300297737,0.000547710107639432,5.091005004942417e-05,11.153277178993449,1.1938910248932566,2482153.0,2420.0,1312.0,True,False
2,7,18152579042987919180,ML-DSA-44,0.0002926471643149853,0.00042657298035919666,4.1536055505275726e-05,10.839647775050253,1.208755654893863,2482153.0,2420.0,1312.0,True,False
2,7,4364507625362834597,ML-DSA-44,0.0002710090484470129,0.0002984129823744297,6.789993494749069e-05,10.918274286901578,1.1925240998055524,2482153.0,2420.0,1312.0,True,False
2,7,7747363268131630712,ML-DSA-44,0.0002505590673536062,0.0002847108989953995,5.636014975607395e-05,10.905074363108724,1.1925097696340767,2482153.0,2420.0,1312.0,True,False
2,7,2383980394343430925,ML-DSA-44,0.00014910404570400715,0.0001165198627859354,4.1811028495430946e-05,10.854663214180619,1.2336856999974342,2482153.0,2420.0,1312.0,True,False
2,7,163651027804141113,ML-DSA-44,0.00012901285663247108,0.00021711387671530247,4.089297726750374e-05,6.376671782927588,1.2190610337409244,2482153.0,2420.0,1312.0,True,False
2,7,474850334526757704,ML-DSA-44,0.00012874510139226913,0.00010619591921567917,6.105308420956135e-05,6.443657082039863,1.1830696194035233,2482153.0,2420.0,1312.0,True,False
2,8,6342722152899924034,ML-DSA-44,0.00016918499022722244,0.00017413287423551083,6.72719907015562e-05,11.391856038942933,1.1695003942319542,2482153.0,2420.0,1312.0,True,False
2,8,9703037298416317784,ML-DSA-44,0.0002505560405552387,0.00026520900428295135,4.189903847873211e-05,11.59471769980155,1.149516369886459,2482153.0,2420.0,1312.0,True,False
2,8,4500063320059010830,ML-DSA-44,0.00017527095042169094,0.00014110817573964596,4.214700311422348e-05,11.638012433890253,1.1130360520569382,2482153.0,2420.0,1312.0,True,False
2,8,12865652577019224104,ML-DSA-44,0.0002740409690886736,0.0002423538826406002,4.1838036850094795e-05,11.739866672083735,1.1609145900246445,2482153.0,2420.0,1312.0,True,False
2,8,18152579042987919180,ML-DSA-44,0.00027207517996430397,0.0002616781275719404,4.2350031435489655e-05,10.882263372186571,1.1418990003075569,2482153.0,2420.0,1312.0,True,False
2,8,4364507625362834597,ML-DSA-44,0.000167767982929945,0.00023595592938363552,7.172301411628723e-05,10.87244982412085,1.1246881029408449,2482153.0,2420.0,1312.0,True,False
2,8,7747363268131630712,ML-DSA-44,0.00032634008675813675,0.0003217048943042755,5.511287599802017e-05,11.013395393034443,1.1143749447385216,2482153.0,2420.0,1312.0,True,False
2,8,2383980394343430925,ML-DSA-44,0.00012828409671783447,0.00011459109373390675,4.062708467245102e-05,11.084124211221933,1.165333378466831,2482153.0,2420.0,1312.0,True,False
2,8,163651027804141113,ML-DSA-44,0.00014340784400701523,0.00014964421279728413,4.0343962609767914e-05,6.280005177948624,1.150846076998741,2482153.0,2420.0,1312.0,True,False
2,8,474850334526757704,ML-DSA-44,0.00012819701805710793,0.00011952710337936878,4.9663009122014046e-05,6.1883655320852995,1.1237879243625957,2482153.0,2420.0,1312.0,True,False
2,9,6342722152899924034,ML-DSA-44,0.00026255310513079166,0.0003075927961617708,5.652685649693012e-05,10.853531995089725,1.0868038485763938,2482153.0,2420.0,1312.0,True,False
2,9,9703037298416317784,ML-DSA-44,0.00027509499341249466,0.0006537700537592173,4.177889786660671e-05,10.934544056886807,1.0779995257687416,2482153.0,2420.0,1312.0,True,False
2,9,4500063320059010830,ML-DSA-44,0.00023494195193052292,0.00017901510000228882,4.338403232395649e-05,11.058068381855264,1.0476369857788086,2482153.0,2420.0,1312.0,True,False
2,9,12865652577019224104,ML-DSA-44,0.00028781313449144363,0.0001674878876656294,4.333211109042168e-05,10.988669726997614,1.0882529635338267,2482153.0,2420.0,1312.0,True,False
2,9,18152579042987919180,ML-DSA-44,0.0001633940264582634,0.0004315210971981287,4.2675063014030457e-05,10.923647210933268,1.0921493351079856,2482153.0,2420.0,1312.0,True,False
2,9,2383980394343430925,ML-DSA-44,0.0001981861423701048,0.00012105703353881836,4.248693585395813e-05,10.858475276036188,1.1005208188561117,2482153.0,2420.0,1312.0,True,False
2,9,4364507625362834597,ML-DSA-44,0.0002586939372122288,0.0003871640656143427,6.304401904344559e-05,11.057850691955537,1.0500896075728592,2482153.0,2420.0,1312.0,True,False
2,9,7747363268131630712,ML-DSA-44,0.00032474100589752197,0.00032179406844079494,4.303501918911934e-05,10.990265232976526,1.0688371863334802,2482153.0,2420.0,1312.0,True,False
2,9,163651027804141113,ML-DSA-44,0.00016658799722790718,0.00025408295914530754,4.319497384130955e-05,6.249221830861643,1.0901404995067863,2482153.0,2420.0,1312.0,True,False
2,9,474850334526757704,ML-DSA-44,0.0001912850420922041,0.00014525512233376503,4.543294198811054e-05,6.456626387080178,1.0790599129002565,2482153.0,2420.0,1312.0,True,False
2,10,9703037298416317784,ML-DSA-44,0.00040302309207618237,0.000288558891043067,6.147590465843678e-05,10.858140657888725,1.0503860750016134,2482153.0,2420.0,1312.0,True,False
2,10,4500063320059010830,ML-DSA-44,0.00022046291269361973,0.000317856902256608,4.1143037378787994e-05,10.897427735151723,0.9986950806371725,2482153.0,2420.0,1312.0,True,False
2,10,12865652577019224104,ML-DSA-44,0.000206679105758667,0.00036003999412059784,4.16820403188467e-05,10.951021671062335,1.0152321233870878,2482153.0,2420.0,1312.0,True,False
2,10,6342722152899924034,ML-DSA-44,0.00017278408631682396,0.000143405981361866,4.223594442009926e-05,11.144429887877777,1.0314335181454943,2482153.0,2420.0,1312.0,True,False
2,10,18152579042987919180,ML-DSA-44,0.00017545395530760288,0.0005245329812169075,4.194001667201519e-05,10.916890701977536,1.0441117571417693,2482153.0,2420.0,1312.0,True,False
2,10,4364507625362834597,ML-DSA-44,0.00021695694886147976,0.00014461600221693516,5.781417712569237e-05,11.181493148906156,1.0196209846028856,2482153.0,2420.0,1312.0,True,False
2,10,7747363268131630712,ML-DSA-44,0.0002382919192314148,0.00025560613721609116,5.725608207285404e-05,11.093075682176277,1.026095482574147,2482153.0,2420.0,1312.0,True,False
2,10,2383980394343430925,ML-DSA-44,0.00013560103252530098,0.0001527508720755577,4.181708209216595e-05,11.100223915884271,1.0665994996477843,2482153.0,2420.0,1312.0,True,False
2,10,163651027804141113,ML-DSA-44,0.0001475098542869091,0.00013537099584937096,4.0418002754449844e-05,6.32100438978523,1.0354876605568417,2482153.0,2420.0,1312.0,True,False
2,10,474850334526757704,ML-DSA-44,0.00019146292470395565,0.0002049640752375126,4.540290683507919e-05,6.269738337956369,1.0097888134847022,2482153.0,2420.0,1312.0,True,False
2,11,9703037298416317784,ML-DSA-44,0.00027001090347766876,0.0002526689786463976,5.818204954266548e-05,11.029673546086997,0.9838795062083348,2482153.0,2420.0,1312.0,True,False
2,11,12865652577019224104,ML-DSA-44,0.00024384306743741035,0.0002772898878902197,4.1751889511942863e-05,11.041507089976221,0.9780454299632152,2482153.0,2420.0,1312.0,True,False
2,11,6342722152899924034,ML-DSA-44,0.00018705101683735847,0.00023512495681643486,4.7201989218592644e-05,11.171676824102178,0.9954729065014298,2482153.0,2420.0,1312.0,True,False
2,11,4500063320059010830,ML-DSA-44,0.0002864550333470106,0.00039681699126958847,4.324386827647686e-05,11.124807415995747,0.9463263317278237,2482153.0,2420.0,1312.0,True,False
2,11,4364507625362834597,ML-DSA-44,0.00020903185941278934,0.00040788203477859497,4.2601022869348526e-05,11.49250620789826,0.9546810434122753,2482153.0,2420.0,1312.0,True,False
2,11,18152579042987919180,ML-DSA-44,0.00012822705321013927,0.0003632078878581524,4.300009459257126e-05,11.615644867997617,0.9993316840593982,2482153.0,2420.0,1312.0,True,False
2,11,2383980394343430925,ML-DSA-44,0.00013266783207654953,0.00011331983841955662,5.8826059103012085e-05,11.644149122061208,0.9758266816093664,2482153.0,2420.0,1312.0,True,False
2,11,7747363268131630712,ML-DSA-44,0.00018218602053821087,0.00033205701038241386,4.1462015360593796e-05,11.550367082934827,0.9794408627756083,2482153.0,2420.0,1312.0,True,False
2,11,474850334526757704,ML-DSA-44,0.00013235211372375488,0.00017279619351029396,4.186597652733326e-05,6.172060107812285,0.9422286477438204,2482153.0,2420.0,1312.0,True,False
2,11,163651027804141113,ML-DSA-44,0.0001286740880459547,0.00012669316492974758,4.44978941231966e-05,6.190536438953131,0.9824725744450927,2482153.0,2420.0,1312.0,True,False
2,12,6342722152899924034,ML-DSA-44,0.00034488504752516747,0.0005350951105356216,7.201009429991245e-05,10.846937271999195,0.9554107582113546,2482153.0,2420.0,1312.0,True,False
2,12,9703037298416317784,ML-DSA-44,0.00038848514668643475,0.00032045599073171616,5.142902955412865e-05,10.725754036800936,0.9348567614130153,2482153.0,2420.0,1312.0,True,False
2,12,4500063320059010830,ML-DSA-44,0.00018990994431078434,0.00017517292872071266,4.14019450545311e-05,11.006828557001427,0.895813522065521,2482153.0,2420.0,1312.0,True,False
2,12,12865652577019224104,ML-DSA-44,0.00023150979541242123,0.00020888587459921837,4.0857819840312004e-05,11.179750206880271,0.9265655079844651,2482153.0,2420.0,1312.0,True,False
2,12,18152579042987919180,ML-DSA-44,0.0003325550351291895,0.0004304051399230957,4.169205203652382e-05,11.130378450034186,0.9491787285182127,2482153.0,2420.0,1312.0,True,False
2,12,7747363268131630712,ML-DSA-44,0.00026678480207920074,0.0004766099154949188,4.13060188293457e-05,11.014037576969713,0.9232798220625349,2482153.0,2420.0,1312.0,True,False
2,12,4364507625362834597,ML-DSA-44,0.00021839304827153683,0.00018645287491381168,5.759694613516331e-05,11.276056319009513,0.9081039109807105,2482153.0,2420.0,1312.0,True,False
2,12,2383980394343430925,ML-DSA-44,0.0002199220471084118,0.00014715595170855522,4.118913784623146e-05,11.049094730988145,0.9504261071894579,2482153.0,2420.0,1312.0,True,False
2,12,163651027804141113,ML-DSA-44,0.00026343599893152714,0.00013344408944249153,4.347600042819977e-05,6.361987035954371,0.9557648170146213,2482153.0,2420.0,1312.0,True,False
2,12,474850334526757704,ML-DSA-44,0.0001260288991034031,0.00015397393144667149,4.560616798698902e-05,6.3687060319352895,0.8928491376387845,2482153.0,2420.0,1312.0,True,False
2,13,6342722152899924034,ML-DSA-44,0.0001762108877301216,0.0007263720035552979,5.745980888605118e-05,11.511214516824111,0.8961452158393374,2482153.0,2420.0,1312.0,True,False
2,13,12865652577019224104,ML-DSA-44,0.00014146696776151657,0.00015068822540342808,4.1398219764232635e-05,11.65056662983261,0.8932102480132109,2482153.0,2420.0,1312.0,True,False
2,13,4500063320059010830,ML-DSA-44,0.0002913740463554859,0.00013014394789934158,4.064291715621948e-05,11.700427326839417,0.8670645403634211,2482153.0,2420.0,1312.0,True,False
2,13,9703037298416317784,ML-DSA-44,0.00030197901651263237,0.0003116130828857422,4.313909448683262e-05,11.954100355971605,0.8841689718756706,2482153.0,2420.0,1312.0,True,False
2,13,18152579042987919180,ML-DSA-44,0.00038544810377061367,0.00039709312841296196,4.3310923501849174e-05,10.928001302992925,0.907001541868137,2482153.0,2420.0,1312.0,True,False
2,13,4364507625362834597,ML-DSA-44,0.0004062859807163477,0.00017228513024747372,6.311293691396713e-05,10.88149480894208,0.8709325606276275,2482153.0,2420.0,1312.0,True,False
2,13,7747363268131630712,ML-DSA-44,0.00020303204655647278,0.00031328294426202774,5.853082984685898e-05,11.03622104297392,0.8732847947223931,2482153.0,2420.0,1312.0,True,False
2,13,2383980394343430925,ML-DSA-44,0.00013321498408913612,0.00017838319763541222,4.3217092752456665e-05,10.870803432073444,0.8847709727135433,2482153.0,2420.0,1312.0,True,False
2,13,163651027804141113,ML-DSA-44,0.00023929495364427567,0.00015085889026522636,4.218611866235733e-05,6.384641211014241,0.9020784895890838,2482153.0,2420.0,1312.0,True,False
2,13,474850334526757704,ML-DSA-44,0.0001267930492758751,0.0001493990421295166,4.56531997770071e-05,6.341879264917225,0.8655617871102254,2482153.0,2420.0,1312.0,True,False
2,14,6342722152899924034,ML-DSA-44,0.0001231150235980749,0.0003506620414555073,6.017601117491722e-05,10.741709371097386,0.8630983633979871,2482153.0,2420.0,1312.0,True,False
2,14,12865652577019224104,ML-DSA-44,0.0001850759144872427,0.0001485138200223446,4.606717266142368e-05,10.877345198998228,0.8419301395962953,2482153.0,2420.0,1312.0,True,False
2,14,4500063320059010830,ML-DSA-44,0.00016531790606677532,0.0004619769752025604,4.351395182311535e-05,11.077627633931115,0.8043146799704072,2482153.0,2420.0,1312.0,True,False
2,14,9703037298416317784,ML-DSA-44,0.00013709906488656998,0.0001331958919763565,4.389300011098385e-05,11.109792527975515,0.8359307392387633,2482153.0,2420.0,1312.0,True,False
2,14,18152579042987919180,ML-DSA-44,0.0003189430572092533,0.0002557048574090004,4.4468091800808907e-05,10.877407935913652,0.8385426227454167,2482153.0,2420.0,1312.0,True,False
2,14,4364507625362834597,ML-DSA-44,0.0003310029860585928,0.0005542770959436893,4.8694200813770294e-05,10.828578126151115,0.825249689020169,2482153.0,2420.0,1312.0,True,False
2,14,7747363268131630712,ML-DSA-44,0.00017723999917507172,0.00041860691271722317,5.864887498319149e-05,10.72550230100751,0.8376163354345189,2482153.0,2420.0,1312.0,True,False
2,14,2383980394343430925,ML-DSA-44,0.0002938411198556423,0.0002872459590435028,5.445093847811222e-05,10.988763056928292,0.8520098689255441,2482153.0,2420.0,1312.0,True,False
2,14,163651027804141113,ML-DSA-44,0.00014076009392738342,0.00016108108684420586,4.447600804269314e-05,6.7779876629356295,0.8491785114358186,2482153.0,2420.0,1312.0,True,False
2,14,474850334526757704,ML-DSA-44,0.00012944405898451805,0.00011024996638298035,5.042203702032566e-05,6.76851613400504,0.8270181090968429,2482153.0,2420.0,1312.0,True,False
2,15,12865652577019224104,ML-DSA-44,0.00025383406318724155,0.0003532250411808491,5.7856086641550064e-05,11.061977233039215,0.7821026941773238,2482153.0,2420.0,1312.0,True,False
2,15,4500063320059010830,ML-DSA-44,0.0003075390122830868,0.0003070780076086521,4.1414983570575714e-05,11.04255395103246,0.7654908690482948,2482153.0,2420.0,1312.0,True,False
2,15,6342722152899924034,ML-DSA-44,0.00011104391887784004,0.00019568298012018204,4.0740007534623146e-05,11.121869808994234,0.8041534652565695,2482153.0,2420.0,1312.0,True,False
2,15,9703037298416317784,ML-DSA-44,0.00018535391427576542,0.0002290781121701002,5.2094925194978714e-05,11.114654310978949,0.7915195791394847,2482153.0,2420.0,1312.0,True,False
2,15,2383980394343430925,ML-DSA-44,0.0003814178053289652,0.0005933740176260471,4.1974009945988655e-05,10.756156528135762,0.8166805126105144,2482153.0,2420.0,1312.0,True,False
2,15,18152579042987919180,ML-DSA-44,0.0003393080551177263,0.00048513105139136314,4.205480217933655e-05,10.86347627802752,0.8244931361857494,2482153.0,2420.0,1312.0,True,False
2,15,7747363268131630712,ML-DSA-44,0.00019280798733234406,0.00041171396151185036,5.724700167775154e-05,10.793836117954925,0.7916044258767632,2482153.0,2420.0,1312.0,True,False
2,15,4364507625362834597,ML-DSA-44,0.00017127511091530323,0.00016220496036112309,4.1176099330186844e-05,10.928120352094993,0.7711769917588325,2482153.0,2420.0,1312.0,True,False
2,15,163651027804141113,ML-DSA-44,0.0002359268255531788,0.00016619102098047733,4.146690480411053e-05,6.318688925122842,0.8024376940195728,2482153.0,2420.0,1312.0,True,False
2,15,474850334526757704,ML-DSA-44,0.00012786593288183212,0.00016083987429738045,4.2458996176719666e-05,6.361832838039845,0.7944695613566478,2482153.0,2420.0,1312.0,True,False
2,16,4500063320059010830,ML-DSA-44,0.00023875804618000984,0.0002503921277821064,5.805492401123047e-05,10.683266654144973,0.7414617012640473,2482153.0,2420.0,1312.0,True,False
2,16,6342722152899924034,ML-DSA-44,0.0003496389836072922,0.0007378850132226944,4.0479935705661774e-05,10.95043259090744,0.7649106081503971,2482153.0,2420.0,1312.0,True,False
2,16,12865652577019224104,ML-DSA-44,0.0002848398871719837,0.0003581168130040169,4.095304757356644e-05,11.05499616311863,0.7416417872070507,2482153.0,2420.0,1312.0,True,False
2,16,9703037298416317784,ML-DSA-44,0.00022830907255411148,0.00014700391329824924,4.17900737375021e-05,11.034211674006656,0.7425513337751862,2482153.0,2420.0,1312.0,True,False
2,16,18152579042987919180,ML-DSA-44,0.0002539069391787052,0.00037898216396570206,4.03339508920908e-05,11.280533010140061,0.7680509388446808,2482153.0,2420.0,1312.0,True,False
2,16,4364507625362834597,ML-DSA-44,0.0002260690089315176,0.0002601139713078737,4.193210043013096e-05,11.531661189859733,0.7221116914301161,2482153.0,2420.0,1312.0,True,False
2,16,7747363268131630712,ML-DSA-44,0.0002332648728042841,0.0002728239633142948,0.00015492388047277927,11.518191277980804,0.7548636020558654,2482153.0,2420.0,1312.0,True,False
2,16,2383980394343430925,ML-DSA-44,0.00021934788674116135,0.00014760810881853104,4.075700417160988e-05,11.618953634053469,0.789033297615446,2482153.0,2420.0,1312.0,True,False
2,16,163651027804141113,ML-DSA-44,0.00019449088722467422,0.00029523996636271477,4.112999886274338e-05,6.228272367967293,0.7478996969901832,2482153.0,2420.0,1312.0,True,False
2,16,474850334526757704,ML-DSA-44,0.00013061915524303913,0.0001227899920195341,4.778895527124405e-05,6.256985528161749,0.7351917148965179,2482153.0,2420.0,1312.0,True,False
2,17,9703037298416317784,ML-DSA-44,0.00021537300199270248,0.00020515802316367626,5.6236982345581055e-05,10.675588982878253,0.7168364743138574,2482153.0,2420.0,1312.0,True,False
2,17,12865652577019224104,ML-DSA-44,0.00022786599583923817,0.0003686291165649891,4.2416155338287354e-05,10.881773084867746,0.723787231809774,2482153.0,2420.0,1312.0,True,False
2,17,4500063320059010830,ML-DSA-44,0.00017518596723675728,0.000291039003059268,4.3868087232112885e-05,10.89197170198895,0.6983131892552041,2482153.0,2420.0,1312.0,True,False
2,17,6342722152899924034,ML-DSA-44,0.00031153997406363487,0.0001658101100474596,4.371209070086479e-05,11.123656186973676,0.719365842592944,2482153.0,2420.0,1312.0,True,False
2,17,18152579042987919180,ML-DSA-44,0.00018940982408821583,0.00017745699733495712,4.390999674797058e-05,10.73353203991428,0.7208117245678689,2482153.0,2420.0,1312.0,True,False
2,17,4364507625362834597,ML-DSA-44,0.00018351199105381966,0.00019473116844892502,4.316703416407108e-05,10.806430116062984,0.6883525429827393,2482153.0,2420.0,1312.0,True,False
2,17,7747363268131630712,ML-DSA-44,0.00040851905941963196,0.0004390648100525141,6.399094127118587e-05,10.99342211196199,0.716971497626821,2482153.0,2420.0,1312.0,True,False
2,17,2383980394343430925,ML-DSA-44,0.00023200991563498974,0.00014561787247657776,5.764001980423927e-05,10.901191930985078,0.7369335000492205,2482153.0,2420.0,1312.0,True,False
2,17,163651027804141113,ML-DSA-44,0.00021263398230075836,0.00019172392785549164,4.3662963435053825e-05,6.209435416152701,0.7237519698727662,2482153.0,2420.0,1312.0,True,False
2,17,474850334526757704,ML-DSA-44,0.00019338494166731834,0.0001615891233086586,5.986378528177738e-05,6.17415785882622,0.7017912013325721,2482153.0,2420.0,1312.0,True,False
2,18,9703037298416317784,ML-DSA-44,0.0001936808694154024,0.00018123583868145943,6.461888551712036e-05,11.364889699034393,0.6778834920590091,2482153.0,2420.0,1312.0,True,False
2,18,6342722152899924034,ML-DSA-44,0.00017776782624423504,0.00037286197766661644,4.230998456478119e-05,11.49122860096395,0.6917432670001011,2482153.0,2420.0,1312.0,True,False
2,18,12865652577019224104,ML-DSA-44,0.0002809688448905945,0.00022187712602317333,4.1875988245010376e-05,11.586342629045248,0.6890789629167812,2482153.0,2420.0,1312.0,True,False
2,18,4500063320059010830,ML-DSA-44,0.00022328388877213,0.00013227993622422218,4.200800321996212e-05,11.741937743034214,0.6483159447741357,2482153.0,2420.0,1312.0,True,False
2,18,18152579042987919180,ML-DSA-44,0.00016204500570893288,0.00029113306663930416,4.075001925230026e-05,10.769938454963267,0.6962613659394774,2482153.0,2420.0,1312.0,True,False
2,18,4364507625362834597,ML-DSA-44,0.00027891388162970543,0.00031778798438608646,4.1593099012970924e-05,10.902992896037176,0.6490229270450628,2482153.0,2420.0,1312.0,True,False
2,18,7747363268131630712,ML-DSA-44,0.00019621592946350574,0.00018955394625663757,5.630101077258587e-05,10.944984884932637,0.7029349587525532,2482153.0,2420.0,1312.0,True,False
2,18,2383980394343430925,ML-DSA-44,0.00016508204862475395,0.00017146696336567402,4.5918161049485207e-05,10.990217109909281,0.7011779654462627,2482153.0,2420.0,1312.0,True,False
2,18,474850334526757704,ML-DSA-44,0.0003632779698818922,0.00028302683494985104,4.294305108487606e-05,6.212087655905634,0.6414920422871402,2482153.0,2420.0,1312.0,True,False
2,18,163651027804141113,ML-DSA-44,0.00019141309894621372,0.0001795678399503231,4.8286980018019676e-05,6.59982720692642,0.669960016942328,2482153.0,2420.0,1312.0,True,False
2,19,12865652577019224104,ML-DSA-44,0.0002559209242463112,0.00019441009499132633,5.777180194854736e-05,10.842581399017945,0.6783643678115432,2482153.0,2420.0,1312.0,True,False
2,19,9703037298416317784,ML-DSA-44,0.00018199486657977104,0.0002101839054375887,4.2977044358849525e-05,10.789155713981017,0.6633919848093561,2482153.0,2420.0,1312.0,True,False
2,19,4500063320059010830,ML-DSA-44,0.00020679901354014874,0.0002669990062713623,5.4721953347325325e-05,10.887853506021202,0.6398197705768476,2482153.0,2420.0,1312.0,True,False
2,19,6342722152899924034,ML-DSA-44,0.00021392782218754292,0.0003411630168557167,4.7587091103196144e-05,10.912239379948005,0.6523240336756797,2482153.0,2420.0,1312.0,True,False
2,19,7747363268131630712,ML-DSA-44,0.00021014013327658176,0.00017288303934037685,4.322105087339878e-05,10.863481731852517,0.672374845500205,2482153.0,2420.0,1312.0,True,False
2,19,4364507625362834597,ML-DSA-44,0.0001293090172111988,0.0002453369088470936,4.401290789246559e-05,10.786958859069273,0.6086174060299898,2482153.0,2420.0,1312.0,True,False
2,19,2383980394343430925,ML-DSA-44,0.00026184902526438236,0.0002148111816495657,6.687687709927559e-05,10.942501342855394,0.6692513562027057,2482153.0,2420.0,1312.0,True,False
2,19,18152579042987919180,ML-DSA-44,0.0002051880583167076,0.0001735929399728775,4.213186912238598e-05,11.095811156090349,0.6573162531586969,2482153.0,2420.0,1312.0,True,False
2,19,163651027804141113,ML-DSA-44,0.0001276510301977396,0.00010938802734017372,4.281685687601566e-05,7.064568652072921,0.6458377305204701,2482153.0,2420.0,1312.0,True,False
2,19,474850334526757704,ML-DSA-44,0.00021269917488098145,0.00020698714070022106,5.606398917734623e-05,7.025011928053573,0.6253133083035232,2482153.0,2420.0,1312.0,True,False
2,20,12865652577019224104,ML-DSA-44,0.0002989040222018957,0.00034076906740665436,6.086495704948902e-05,11.059578203130513,0.6369109989920999,2482153.0,2420.0,1312.0,True,False
2,20,4500063320059010830,ML-DSA-44,0.000317499041557312,0.00029151514172554016,8.10080673545599e-05,11.159011172829196,0.6046949466512461,2482153.0,2420.0,1312.0,True,False
2,20,6342722152899924034,ML-DSA-44,0.0001945758704096079,0.00019961409270763397,4.257191903889179e-05,11.225429123966023,0.6154989951830001,2482153.0,2420.0,1312.0,True,False
2,20,9703037298416317784,ML-DSA-44,0.00024918396957218647,0.00033867196179926395,4.2560044676065445e-05,11.188624421833083,0.6233966718338857,2482153.0,2420.0,1312.0,True,False
2,20,2383980394343430925,ML-DSA-44,0.00021477602422237396,0.0006411359645426273,4.257704131305218e-05,10.752188615966588,0.6391116321371619,2482153.0,2420.0,1312.0,True,False
2,20,7747363268131630712,ML-DSA-44,0.00016105989925563335,0.00030324491672217846,4.458008334040642e-05,11.001915239030495,0.6274094230904701,2482153.0,2420.0,1312.0,True,False
2,20,18152579042987919180,ML-DSA-44,0.00023047486320137978,0.00030801305547356606,5.956110544502735e-05,11.152076241094619,0.6237963662026035,2482153.0,2420.0,1312.0,True,False
2,20,4364507625362834597,ML-DSA-44,0.00017314893193542957,0.000136838061735034,4.324992187321186e-05,11.072147345170379,0.6034667351206017,2482153.0,2420.0,1312.0,True,False
2,20,163651027804141113,ML-DSA-44,0.00035426183603703976,0.0001856659073382616,4.286901094019413e-05,6.424756905063987,0.6312871195233551,2482153.0,2420.0,1312.0,True,False
2,20,474850334526757704,ML-DSA-44,0.0001295981928706169,0.00022524897940456867,4.758615978062153e-05,6.378251490183175,0.6160692056273199,2482153.0,2420.0,1312.0,True,False
2,21,9703037298416317784,ML-DSA-44,0.00018020905554294586,0.00042219413444399834,6.291316822171211e-05,10.860349136870354,0.6043826460268846,2482153.0,2420.0,1312.0,True,False
2,21,12865652577019224104,ML-DSA-44,0.00020827283151447773,0.00027927011251449585,4.371907562017441e-05,10.936933087883517,0.6088665243783954,2482153.0,2420.0,1312.0,True,False
2,21,6342722152899924034,ML-DSA-44,0.0002560450229793787,0.00021853111684322357,6.275996565818787e-05,11.113343026023358,0.6102316237179337,2482153.0,2420.0,1312.0,True,False
2,21,4500063320059010830,ML-DSA-44,0.0002007409930229187,0.0001710290089249611,4.135211929678917e-05,11.122756677912548,0.5785850569083812,2482153.0,2420.0,1312.0,True,False
2,21,4364507625362834597,ML-DSA-44,0.000401470810174942,0.00031418981961905956,4.0631042793393135e-05,11.547003054991364,0.5753600295561894,2482153.0,2420.0,1312.0,True,False
2,21,18152579042987919180,ML-DSA-44,0.00018937303684651852,0.0002983161248266697,4.14170790463686e-05,11.81472175102681,0.6000711743239384,2482153.0,2420.0,1312.0,True,False
2,21,2383980394343430925,ML-DSA-44,0.00018694205209612846,0.00041656289249658585,5.44858630746603e-05,11.62569023994729,0.6083086043311532,2482153.0,2420.0,1312.0,True,False
2,21,7747363268131630712,ML-DSA-44,0.00017471588216722012,0.00011559785343706608,4.093698225915432e-05,11.720159126911312,0.6000795364854442,2482153.0,2420.0,1312.0,True,False
2,21,163651027804141113,ML-DSA-44,0.00017768703401088715,0.0001284999307245016,5.939416587352753e-05,6.413893660064787,0.5977464556978767,2482153.0,2420.0,1312.0,True,False
2,21,474850334526757704,ML-DSA-44,0.00019537797197699547,0.00017226696945726871,9.11378301680088e-05,6.449966485146433,0.5728536817203661,2482153.0,2420.0,1312.0,True,False
2,22,4500063320059010830,ML-DSA-44,0.0001848961692303419,0.00048602093011140823,5.877716466784477e-05,10.999244367005304,0.5284492615966281,2482153.0,2420.0,1312.0,True,False
2,22,6342722152899924034,ML-DSA-44,0.00018598116002976894,0.00025949603877961636,5.226512439548969e-05,10.99662954104133,0.5781968548704105,2482153.0,2420.0,1312.0,True,False
2,22,9703037298416317784,ML-DSA-44,0.0001828500535339117,0.00018627988174557686,5.0354981794953346e-05,10.978947687894106,0.5845497124324179,2482153.0,2420.0,1312.0,True,False
2,22,12865652577019224104,ML-DSA-44,0.00013050902634859085,0.0001530749723315239,4.2236875742673874e-05,11.11300249490887,0.6058485302243642,2482153.0,2420.0,1312.0,True,False
2,22,7747363268131630712,ML-DSA-44,0.0003917489666491747,0.000264317961409688,4.0975864976644516e-05,10.794362284010276,0.572110033552548,2482153.0,2420.0,1312.0,True,False
2,22,18152579042987919180,ML-DSA-44,0.00014182203449308872,0.00016605318523943424,4.117400385439396e-05,11.002688215114176,0.5649446697703971,2482153.0,2420.0,1312.0,True,False
2,22,2383980394343430925,ML-DSA-44,0.00027899607084691525,0.0004736219998449087,5.442602559924126e-05,10.850666153011844,0.5988282347513232,2482153.0,2420.0,1312.0,True,False
2,22,4364507625362834597,ML-DSA-44,0.00012839282862842083,0.00012980308383703232,4.122289828956127e-05,11.087721324991435,0.5456182403122164,2482153.0,2420.0,1312.0,True,False
2,22,163651027804141113,ML-DSA-44,0.00013072718866169453,0.00021615088917315006,4.096305929124355e-05,6.300575428875163,0.596446855693676,2482153.0,2420.0,1312.0,True,False
2,22,474850334526757704,ML-DSA-44,0.00013199099339544773,0.00011339318007230759,5.2541960030794144e-05,6.321258169133216,0.5594561581209208,2482153.0,2420.0,1312.0,True,False
2,23,6342722152899924034,ML-DSA-44,0.00018149404786527157,0.00037751696072518826,5.712895654141903e-05,11.384464483940974,0.57851717632952,2482153.0,2420.0,1312.0,True,False
2,23,12865652577019224104,ML-DSA-44,0.0002761578653007746,0.00024866010062396526,4.175584763288498e-05,11.473657876020297,0.5548940389209492,2482153.0,2420.0,1312.0,True,False
2,23,9703037298416317784,ML-DSA-44,0.00026936386711895466,0.00012770295143127441,4.154606722295284e-05,11.755251919850707,0.559811163314019,2482153.0,2420.0,1312.0,True,False
2,23,4500063320059010830,ML-DSA-44,0.00027232407592236996,0.0003855468239635229,4.249601624906063e-05,11.83285634801723,0.5232250441197946,2482153.0,2420.0,1312.0,True,False
2,23,18152579042987919180,ML-DSA-44,0.00031493394635617733,0.0005917330272495747,4.116701893508434e-05,11.029276937944815,0.5650349820780146,2482153.0,2420.0,1312.0,True,False
2,23,4364507625362834597,ML-DSA-44,0.00018815603107213974,0.00021379184909164906,4.190695472061634e-05,11.005165253998712,0.5467587830914054,2482153.0,2420.0,1312.0,True,False
2,23,7747363268131630712,ML-DSA-44,0.0002735331654548645,0.00017885304987430573,5.8276113122701645e-05,10.800654926104471,0.5429481404364869,2482153.0,2420.0,1312.0,True,False
2,23,2383980394343430925,ML-DSA-44,0.00013215094804763794,0.00013870908878743649,4.258099943399429e-05,10.903931880136952,0.550020544439744,2482153.0,2420.0,1312.0,True,False
2,23,163651027804141113,ML-DSA-44,0.0001286589540541172,0.0002716060262173414,4.076305776834488e-05,6.322700100019574,0.5491361126754504,2482153.0,2420.0,1312.0,True,False
2,23,474850334526757704,ML-DSA-44,0.00012398906983435154,9.984499774873257e-05,4.604598507285118e-05,6.275126924971119,0.5197616547678306,2482153.0,2420.0,1312.0,True,False
2,24,4500063320059010830,ML-DSA-44,0.00031326012685894966,0.00032809306867420673,5.981908179819584e-05,10.890360760036856,0.5160500217869783,2482153.0,2420.0,1312.0,True,False
2,24,9703037298416317784,ML-DSA-44,0.00014007184654474258,0.00016412511467933655,4.2288098484277725e-05,10.95261087687686,0.5163503296222467,2482153.0,2420.0,1312.0,True,False
2,24,12865652577019224104,ML-DSA-44,0.0002019598614424467,0.0001868021208792925,4.1504157707095146e-05,11.041716232895851,0.5505944826776624,2482153.0,2420.0,1312.0,True,False
2,24,6342722152899924034,ML-DSA-44,0.0001588268205523491,0.00011556409299373627,4.2041996493935585e-05,11.060661850031465,0.5462540792431801,2482153.0,2420.0,1312.0,True,False
2,24,18152579042987919180,ML-DSA-44,0.0002913260832428932,0.00038206810131669044,4.967907443642616e-05,10.811246539931744,0.5198740366087028,2482153.0,2420.0,1312.0,True,False
2,24,4364507625362834597,ML-DSA-44,0.00036752503365278244,0.00030144117772579193,4.158797673881054e-05,10.772508969996125,0.5134358486504691,2482153.0,2420.0,1312.0,True,False
2,24,7747363268131630712,ML-DSA-44,0.00040759402327239513,0.00040219794027507305,5.901092663407326e-05,11.067434604978189,0.51493970276254,2482153.0,2420.0,1312.0,True,False
2,24,2383980394343430925,ML-DSA-44,0.00025433185510337353,0.00025621894747018814,4.258099943399429e-05,11.066900030011311,0.5493529032631095,2482153.0,2420.0,1312.0,True,False
2,24,163651027804141113,ML-DSA-44,0.00012886221520602703,0.0002026660367846489,4.056701436638832e-05,6.569323292002082,0.5037361931791351,2482153.0,2420.0,1312.0,True,False
2,24,474850334526757704,ML-DSA-44,0.00012968084774911404,0.00021925405599176884,4.1939783841371536e-05,6.733486817916855,0.5324182009478663,2482153.0,2420.0,1312.0,True,False
2,25,12865652577019224104,ML-DSA-44,0.00025788601487874985,0.00022287294268608093,5.6116143241524696e-05,10.822847252013162,0.5417884833944641,2482153.0,2420.0,1312.0,True,False
2,25,6342722152899924034,ML-DSA-44,0.00025760894641280174,0.00018126494251191616,4.1718827560544014e-05,10.861926679965109,0.5343633252700233,2482153.0,2420.0,1312.0,True,False
2,25,4500063320059010830,ML-DSA-44,0.00025509600527584553,0.0001492840237915516,5.7897064834833145e-05,11.11479291622527,0.4943001743073866,2482153.0,2420.0,1312.0,True,False
2,25,9703037298416317784,ML-DSA-44,0.0002027780283242464,0.00020717293955385685,6.507383659482002e-05,11.25404207687825,0.49627084542469235,2482153.0,2420.0,1312.0,True,False
2,25,4364507625362834597,ML-DSA-44,0.0001980240922421217,0.00037525384686887264,4.2694155126810074e-05,11.069785366998985,0.49037506481169896,2482153.0,2420.0,1312.0,True,False
2,25,7747363268131630712,ML-DSA-44,0.00017656804993748665,0.0001604580320417881,4.1763996705412865e-05,10.944492283044383,0.49775271777324614,2482153.0,2420.0,1312.0,True,False
2,25,2383980394343430925,ML-DSA-44,0.00024707219563424587,0.00019304314628243446,5.514104850590229e-05,10.834612752078101,0.4891634981272517,2482153.0,2420.0,1312.0,True,False
2,25,18152579042987919180,ML-DSA-44,0.00013151997700333595,0.00020829797722399235,4.194001667201519e-05,11.493758909869939,0.5284464988074485,2482153.0,2420.0,1312.0,True,False
2,25,163651027804141113,ML-DSA-44,0.00015287799760699272,0.00018324307166039944,4.16608527302742e-05,6.23579107504338,0.5090864288389303,2482153.0,2420.0,1312.0,True,False
2,25,474850334526757704,ML-DSA-44,0.0001943481620401144,0.0001639139372855425,4.113093018531799e-05,6.362792171072215,0.5050206692640189,2482153.0,2420.0,1312.0,True,False
2,26,12865652577019224104,ML-DSA-44,0.00026174215599894524,0.00025885901413857937,5.8728037402033806e-05,11.261622837046161,0.4793690832592784,2482153.0,2420.0,1312.0,True,False
2,26,6342722152899924034,ML-DSA-44,0.000159702030941844,0.0002873311750590801,4.192907363176346e-05,11.1986037788447,0.4853210875966177,2482153.0,2420.0,1312.0,True,False
2,26,4500063320059010830,ML-DSA-44,0.00017216498963534832,0.00015507405623793602,4.107598215341568e-05,11.310376283014193,0.4541114601395597,2482153.0,2420.0,1312.0,True,False
2,26,9703037298416317784,ML-DSA-44,0.0001626480370759964,0.00013223080895841122,6.216508336365223e-05,11.21175928087905,0.45647702872705687,2482153.0,2420.0,1312.0,True,False
2,26,4364507625362834597,ML-DSA-44,0.00019626296125352383,0.00039294292218983173,4.297611303627491e-05,11.357325615128502,0.4536847328755316,2482153.0,2420.0,1312.0,True,False
2,26,18152579042987919180,ML-DSA-44,0.00021174992434680462,0.0003119399771094322,4.438706673681736e-05,11.424038698896766,0.4773296549868811,2482153.0,2420.0,1312.0,True,False
2,26,7747363268131630712,ML-DSA-44,0.00019151298329234123,0.0004266989417374134,6.129988469183445e-05,11.403377610025927,0.46774764916604494,2482153.0,2420.0,1312.0,True,False
2,26,2383980394343430925,ML-DSA-44,0.0001280871219933033,0.00013220496475696564,4.3699052184820175e-05,11.434009118005633,0.4906742984375614,2482153.0,2420.0,1312.0,True,False
2,26,163651027804141113,ML-DSA-44,0.00012943102046847343,0.00016561616212129593,4.27470076829195e-05,6.268468793015927,0.5036288271213223,2482153.0,2420.0,1312.0,True,False
2,26,474850334526757704,ML-DSA-44,0.00019138609059154987,0.00017337198369204998,4.297308623790741e-05,6.336986623937264,0.4902999656642698,2482153.0,2420.0,1312.0,True,False
2,27,4500063320059010830,ML-DSA-44,0.00016398984007537365,0.00012482702732086182,6.542820483446121e-05,11.004975681891665,0.44878064233002957,2482153.0,2420.0,1312.0,True,False
2,27,12865652577019224104,ML-DSA-44,0.00036918302066624165,0.00023608701303601265,4.12999652326107e-05,11.004193926928565,0.4592393902871924,2482153.0,2420.0,1312.0,True,False
2,27,9703037298416317784,ML-DSA-44,0.00014285393990576267,0.00018264004029333591,4.153396002948284e-05,11.152772427070886,0.47826297626278963,2482153.0,2420.0,1312.0,True,False
2,27,6342722152899924034,ML-DSA-44,0.00016926508396863937,0.00015918700955808163,4.330300725996494e-05,11.176281363004819,0.4569311664457534,2482153.0,2420.0,1312.0,True,False
2,27,18152579042987919180,ML-DSA-44,0.0002813790924847126,0.0002889859024435282,4.200614057481289e-05,10.904745734063908,0.4816637382884124,2482153.0,2420.0,1312.0,True,False
2,27,2383980394343430925,ML-DSA-44,0.0004573410842567682,0.0002717748284339905,4.4046901166439056e-05,10.833732625003904,0.45645857007972374,2482153.0,2420.0,1312.0,True,False
2,27,7747363268131630712,ML-DSA-44,0.00013518892228603363,0.0001592310145497322,7.241405546665192e-05,10.942531833890826,0.4390266940211225,2482153.0,2420.0,1312.0,True,False
2,27,4364507625362834597,ML-DSA-44,0.00016195420175790787,0.0001500218641012907,4.412815906107426e-05,11.155789625132456,0.43168122994055036,2482153.0,2420.0,1312.0,True,False
2,27,163651027804141113,ML-DSA-44,0.0002012229524552822,0.0001353460829705,4.347902722656727e-05,6.379766323138028,0.46867416826355607,2482153.0,2420.0,1312.0,True,False
2,27,474850334526757704,ML-DSA-44,0.00013267784379422665,0.00025238096714019775,4.8490939661860466e-05,6.3750440389849246,0.4344604952011708,2482153.0,2420.0,1312.0,True,False
2,28,12865652577019224104,ML-DSA-44,0.00025981804355978966,0.00029807398095726967,5.5413926020264626e-05,11.155083886813372,0.4600543406833509,2482153.0,2420.0,1312.0,True,False
2,28,9703037298416317784,ML-DSA-44,0.0002667189110070467,0.0002176240086555481,4.482502117753029e-05,11.07559583708644,0.4378334477330279,2482153.0,2420.0,1312.0,True,False
2,28,4500063320059010830,ML-DSA-44,0.0002502070274204016,0.00020165578462183475,4.598498344421387e-05,11.271820501890033,0.4218443692394882,2482153.0,2420.0,1312.0,True,False
2,28,6342722152899924034,ML-DSA-44,0.0002135417889803648,0.00012079603038728237,4.3740030378103256e-05,11.220123514998704,0.4299530987123585,2482153.0,2420.0,1312.0,True,False
2,28,4364507625362834597,ML-DSA-44,0.0002934718504548073,0.0006593079306185246,4.473887383937836e-05,10.882993795908988,0.40656174794669936,2482153.0,2420.0,1312.0,True,False
2,28,18152579042987919180,ML-DSA-44,0.00035390304401516914,0.0003763961140066385,4.865112714469433e-05,10.973892079899088,0.46354710180193753,2482153.0,2420.0,1312.0,True,False
2,28,7747363268131630712,ML-DSA-44,0.00020650611259043217,0.0002531129866838455,6.178696639835835e-05,10.800548410974443,0.42743645642830685,2482153.0,2420.0,1312.0,True,False
2,28,2383980394343430925,ML-DSA-44,0.0003713378682732582,0.0003049729857593775,4.778290167450905e-05,10.887722901068628,0.45887614460365406,2482153.0,2420.0,1312.0,True,False
2,28,163651027804141113,ML-DSA-44,0.0001400390174239874,0.0001301029697060585,4.218006506562233e-05,6.187088059028611,0.45994877407125606,2482153.0,2420.0,1312.0,True,False
2,28,474850334526757704,ML-DSA-44,0.0001285681501030922,0.00010442407801747322,5.045393481850624e-05,6.277023387141526,0.4327740529730062,2482153.0,2420.0,1312.0,True,False
2,29,12865652577019224104,ML-DSA-44,0.00012986198998987675,0.00021376600489020348,5.7094963267445564e-05,10.806427939096466,0.46384493375469926,2482153.0,2420.0,1312.0,True,False
2,29,4500063320059010830,ML-DSA-44,0.00018524820916354656,0.00035331491380929947,5.116499960422516e-05,11.010310844983906,0.4147721588445507,2482153.0,2420.0,1312.0,True,False
2,29,9703037298416317784,ML-DSA-44,0.00018555717542767525,0.00034555699676275253,4.177098162472248e-05,10.95943249296397,0.4309456966710603,2482153.0,2420.0,1312.0,True,False
2,29,6342722152899924034,ML-DSA-44,0.00025822105817496777,0.00017089000903069973,4.39290888607502e-05,11.015118153998628,0.43422496616603085,2482153.0,2420.0,1312.0,True,False
2,29,18152579042987919180,ML-DSA-44,0.00016261404380202293,0.00014333520084619522,4.200800321996212e-05,11.48955425596796,0.4234114894465466,2482153.0,2420.0,1312.0,True,False
2,29,2383980394343430925,ML-DSA-44,0.000171364052221179,0.00017912499606609344,6.193690933287144e-05,11.333300397964194,0.42409720229115455,2482153.0,2420.0,1312.0,True,False
2,29,4364507625362834597,ML-DSA-44,0.00029800902120769024,0.0002821169327944517,8.775596506893635e-05,11.526890382170677,0.40759831316365747,2482153.0,2420.0,1312.0,True,False
2,29,7747363268131630712,ML-DSA-44,0.0001485510729253292,0.00021611293777823448,4.588905721902847e-05,11.572017990984023,0.3977773123343659,2482153.0,2420.0,1312.0,True,False
2,29,474850334526757704,ML-DSA-44,0.0001286070328205824,0.00022400915622711182,4.291697405278683e-05,6.263096678070724,0.4346857920265312,2482153.0,2420.0,1312.0,True,False
2,29,163651027804141113,ML-DSA-44,0.00020487606525421143,0.0001678790431469679,4.60681039839983e-05,6.418709196848795,0.4352193943990074,2482153.0,2420.0,1312.0,True,False
2,30,4500063320059010830,ML-DSA-44,0.0003518001176416874,0.0001224998850375414,6.76959753036499e-05,10.866963880835101,0.4033045707223047,2482153.0,2420.0,1312.0,True,False
2,30,6342722152899924034,ML-DSA-44,0.00019778101705014706,0.0001684341114014387,5.1198992878198624e-05,10.97932789218612,0.3866411246667812,2482153.0,2420.0,1312.0,True,False
2,30,12865652577019224104,ML-DSA-44,0.0002058311365544796,0.0003363359719514847,4.13600355386734e-05,10.956533652963117,0.4146252146441561,2482153.0,2420.0,1312.0,True,False
2,30,9703037298416317784,ML-DSA-44,0.00026637292467057705,0.00022912491112947464,5.433405749499798e-05,11.10974783403799,0.39095759918545464,2482153.0,2420.0,1312.0,True,False
2,30,18152579042987919180,ML-DSA-44,0.00025917706079781055,0.00015614298172295094,4.619685932993889e-05,11.093178148847073,0.3920347545723057,2482153.0,2420.0,1312.0,True,False
2,30,4364507625362834597,ML-DSA-44,0.0001980629749596119,0.00023340201005339622,4.485202953219414e-05,11.015028171939775,0.379982333226948,2482153.0,2420.0,1312.0,True,False
2,30,2383980394343430925,ML-DSA-44,0.00023844093084335327,0.00038911006413400173,6.0546910390257835e-05,10.972189359134063,0.4552710596472025,2482153.0,2420.0,1312.0,True,False
2,30,7747363268131630712,ML-DSA-44,0.00023251189850270748,0.0004923450760543346,4.3255044147372246e-05,11.048847151221707,0.39311846011098783,2482153.0,2420.0,1312.0,True,False
2,30,474850334526757704,ML-DSA-44,0.00012693600729107857,0.00012441910803318024,5.628890357911587e-05,6.269270285964012,0.384287505831783,2482153.0,2420.0,1312.0,True,False
2,30,163651027804141113,ML-DSA-44,0.0001910750288516283,0.00015460699796676636,6.236182525753975e-05,6.354036485077813,0.4045178061944379,2482153.0,2420.0,1312.0,True,False
3,1,12439186471127492576,ML-DSA-44,0.0011922309640794992,0.000266403891146183,0.00010210508480668068,10.81200441904366,2.028732301323277,2482153.0,2420.0,1312.0,True,False
3,1,1340842845709195150,ML-DSA-44,0.0015065839979797602,0.0006198689807206392,6.461399607360363e-05,10.860639590071514,2.0302099505807183,2482153.0,2420.0,1312.0,True,False
3,1,17145738053752025401,ML-DSA-44,0.0010400039609521627,0.0002570368815213442,6.28309790045023e-05,11.028424385003746,2.0194929154815187,2482153.0,2420.0,1312.0,True,False
3,1,687877116696672916,ML-DSA-44,0.0012102629989385605,0.00018586590886116028,5.741603672504425e-05,10.939342586090788,2.029187817482432,2482153.0,2420.0,1312.0,True,False
3,1,10701434584707810197,ML-DSA-44,0.0002741438802331686,0.00028023519553244114,8.211005479097366e-05,11.039262098027393,2.0077915313137566,2482153.0,2420.0,1312.0,True,False
3,1,4400663901772246956,ML-DSA-44,0.00019463500939309597,0.0002409850712865591,5.827588029205799e-05,11.13080978114158,1.9999765210850224,2482153.0,2420.0,1312.0,True,False
3,1,548439921964421980,ML-DSA-44,0.00013431301340460777,0.0003193169832229614,4.629604518413544e-05,11.101246909005567,1.9973087887855092,2482153.0,2420.0,1312.0,True,False
3,1,17699886586939373670,ML-DSA-44,0.00013115117326378822,0.00012202304787933826,6.729108281433582e-05,11.081810960080475,1.992842533785826,2482153.0,2420.0,1312.0,True,False
3,1,18097281050465598461,ML-DSA-44,0.00018049986101686954,0.0003626050893217325,4.571489989757538e-05,6.7269517940003425,1.97484892492841,2482153.0,2420.0,1312.0,True,False
3,1,9526700071003696022,ML-DSA-44,0.00012794602662324905,0.0002166680060327053,4.4822925701737404e-05,6.741758956108242,2.0538858797899477,2482153.0,2420.0,1312.0,True,False
3,2,12439186471127492576,ML-DSA-44,0.000264305854216218,0.00019575795158743858,5.903397686779499e-05,10.99474433180876,1.8157438859818087,2482153.0,2420.0,1312.0,True,False
3,2,17145738053752025401,ML-DSA-44,0.0002447469159960747,0.000257106963545084,4.3557025492191315e-05,11.076538258930668,1.780420161356592,2482153.0,2420.0,1312.0,True,False
3,2,1340842845709195150,ML-DSA-44,0.0001872270368039608,0.00017338106408715248,4.266994073987007e-05,11.158866178011522,1.8032260624466427,2482153.0,2420.0,1312.0,True,False
3,2,687877116696672916,ML-DSA-44,0.00013530696742236614,0.00012206914834678173,4.404713399708271e-05,11.3243767330423,1.8042479525705812,2482153.0,2420.0,1312.0,True,False
3,2,4400663901772246956,ML-DSA-44,0.0001739119179546833,0.00020700599998235703,4.1279010474681854e-05,10.80373384593986,1.7349389912975821,2482153.0,2420.0,1312.0,True,False
3,2,10701434584707810197,ML-DSA-44,0.00021537300199270248,0.00020445999689400196,4.594610072672367e-05,10.995694395154715,1.7619901637362827,2482153.0,2420.0,1312.0,True,False
3,2,548439921964421980,ML-DSA-44,0.000278332969173789,0.0004323059692978859,7.346784695982933e-05,10.974830535938963,1.809806785006432,2482153.0,2420.0,1312.0,True,False
3,2,17699886586939373670,ML-DSA-44,0.00032429490238428116,0.0001951789017766714,4.789000377058983e-05,11.051683828001842,1.7498860366784843,2482153.0,2420.0,1312.0,True,False
3,2,9526700071003696022,ML-DSA-44,0.00013187993317842484,0.00023148301988840103,7.992517203092575e-05,6.2014616508968174,1.7694132791203299,2482153.0,2420.0,1312.0,True,False
3,2,18097281050465598461,ML-DSA-44,0.00013204198330640793,0.00018768291920423508,5.024997517466545e-05,6.3946561680641025,1.7576798451174596,2482153.0,2420.0,1312.0,True,False
3,3,17145738053752025401,ML-DSA-44,0.0005719840992242098,0.0005376811604946852,5.809217691421509e-05,10.993349901866168,1.5873845792879724,2482153.0,2420.0,1312.0,True,False
3,3,687877116696672916,ML-DSA-44,0.00017379201017320156,0.00027049798518419266,4.14170790463686e-05,11.041393752209842,1.6104715212135559,2482153.0,2420.0,1312.0,True,False
3,3,1340842845709195150,ML-DSA-44,0.00017774896696209908,0.00022717798128724098,4.1623134166002274e-05,11.16599933616817,1.615760392444149,2482153.0,2420.0,1312.0,True,False
3,3,12439186471127492576,ML-DSA-44,0.00028827995993196964,0.0002958979457616806,4.142196848988533e-05,11.152203825069591,1.5968059301376343,2482153.0,2420.0,1312.0,True,False
3,3,4400663901772246956,ML-DSA-44,0.00012669386342167854,0.000282221008092165,4.131183959543705e-05,11.332604878116399,1.5847104947278454,2482153.0,2420.0,1312.0,True,False
3,3,10701434584707810197,ML-DSA-44,0.00027916301041841507,0.0003769469913095236,4.125409759581089e-05,11.62336749304086,1.6071471522568137,2482153.0,2420.0,1312.0,True,False
3,3,17699886586939373670,ML-DSA-44,0.00014243810437619686,0.00024679210036993027,5.6555960327386856e-05,11.681122896028683,1.6043958967658365,2482153.0,2420.0,1312.0,True,False
3,3,548439921964421980,ML-DSA-44,0.0002569889184087515,0.00015398208051919937,4.1452934965491295e-05,11.753541487036273,1.6181257264629292,2482153.0,2420.0,1312.0,True,False
3,3,18097281050465598461,ML-DSA-44,0.00027033407241106033,0.00022188900038599968,4.123919643461704e-05,6.35912806307897,1.6041699875691893,2482153.0,2420.0,1312.0,True,False
3,3,9526700071003696022,ML-DSA-44,0.00012908386997878551,0.00010979198850691319,4.7354958951473236e-05,6.296891377074644,1.5922175182658396,2482153.0,2420.0,1312.0,True,False
3,4,1340842845709195150,ML-DSA-44,0.000320731895044446,0.00019953004084527493,5.864398553967476e-05,11.288239225978032,1.459291297918672,2482153.0,2420.0,1312.0,True,False
3,4,12439186471127492576,ML-DSA-44,0.00016921386122703552,0.00016100401990115643,4.13781963288784e-05,11.33023514598608,1.4759004214766678,2482153.0,2420.0,1312.0,True,False
3,4,687877116696672916,ML-DSA-44,0.00033836206421256065,0.0002770808059722185,9.364192374050617e-05,11.362288628006354,1.4816365830457894,2482153.0,2420.0,1312.0,True,False
3,4,17145738053752025401,ML-DSA-44,0.0002483818680047989,0.000272396020591259,4.182499833405018e-05,11.44137414288707,1.4752448045524063,2482153.0,2420.0,1312.0,True,False
3,4,10701434584707810197,ML-DSA-44,0.00035443599335849285,0.00020223483443260193,4.137400537729263e-05,10.851112372940406,1.4845370319998188,2482153.0,2420.0,1312.0,True,False
3,4,4400663901772246956,ML-DSA-44,0.0003019778523594141,0.00031777098774909973,4.145991988480091e-05,10.943167863879353,1.4786090824254758,2482153.0,2420.0,1312.0,True,False
3,4,17699886586939373670,ML-DSA-44,0.00013421615585684776,0.0001233189832419157,5.808519199490547e-05,10.986241266829893,1.5038464225021897,2482153.0,2420.0,1312.0,True,False
3,4,548439921964421980,ML-DSA-44,0.00018768617883324623,0.00012373807840049267,4.113302566111088e-05,11.067925712792203,1.4982961385872713,2482153.0,2420.0,1312.0,True,False
3,4,18097281050465598461,ML-DSA-44,0.00013297214172780514,0.00022283918224275112,0.0001576729118824005,6.369372701039538,1.5064751889295638,2482153.0,2420.0,1312.0,True,False
3,4,9526700071003696022,ML-DSA-44,0.00019076187163591385,0.0001866889651864767,4.649581387639046e-05,6.351256038993597,1.4658944652338697,2482153.0,2420.0,1312.0,True,False
3,5,12439186471127492576,ML-DSA-44,0.0001978080254048109,0.0002315170131623745,5.938718095421791e-05,11.55415334715508,1.381596782784553,2482153.0,2420.0,1312.0,True,False
3,5,1340842845709195150,ML-DSA-44,0.00018462096340954304,0.00035315193235874176,4.1977036744356155e-05,11.602193588158116,1.3661718679841157,2482153.0,2420.0,1312.0,True,False
3,5,687877116696672916,ML-DSA-44,0.00030625401996076107,0.00030956603586673737,4.146480932831764e-05,11.799207097152248,1.3594551033275142,2482153.0,2420.0,1312.0,True,False
3,5,17145738053752025401,ML-DSA-44,0.00021706195548176765,0.0003633310552686453,4.2822910472750664e-05,11.85014529991895,1.375017593620689,2482153.0,2420.0,1312.0,True,False
3,5,4400663901772246956,ML-DSA-44,0.0002737229224294424,0.0002790370490401983,4.24911268055439e-05,10.752298892941326,1.3534022254549014,2482153.0,2420.0,1312.0,True,False
3,5,10701434584707810197,ML-DSA-44,0.0002901169937103987,0.00022315396927297115,4.187994636595249e-05,11.032813518075272,1.361188106855769,2482153.0,2420.0,1312.0,True,False
3,5,17699886586939373670,ML-DSA-44,0.0001837529707700014,0.0001213960349559784,6.394181400537491e-05,10.911183684831485,1.3830801931915768,2482153.0,2420.0,1312.0,True,False
3,5,548439921964421980,ML-DSA-44,0.00023361598141491413,0.0003125208895653486,4.129507578909397e-05,11.02830618689768,1.391755711880459,2482153.0,2420.0,1312.0,True,False
3,5,18097281050465598461,ML-DSA-44,0.00016975193284451962,0.00013595097698271275,4.292814992368221e-05,6.573267853818834,1.393584851626378,2482153.0,2420.0,1312.0,True,False
3,5,9526700071003696022,ML-DSA-44,0.00013146898709237576,0.0001104641705751419,5.1097944378852844e-05,6.480207191081718,1.3336113030743446,2482153.0,2420.0,1312.0,True,False
3,6,1340842845709195150,ML-DSA-44,0.00018041790463030338,0.00020656385459005833,5.6788790971040726e-05,11.062989979982376,1.2799204853689594,2482153.0,2420.0,1312.0,True,False
3,6,17145738053752025401,ML-DSA-44,0.00018449686467647552,0.000385733088478446,4.220008850097656e-05,11.069421069929376,1.2625123680017556,2482153.0,2420.0,1312.0,True,False
3,6,687877116696672916,ML-DSA-44,0.00018725707195699215,0.00024898210540413857,4.644202999770641e-05,11.177642178023234,1.2828562062257414,2482153.0,2420.0,1312.0,True,False
3,6,12439186471127492576,ML-DSA-44,0.0001767389476299286,0.00021319789811968803,4.224618896842003e-05,11.2327217948623,1.2776940035971867,2482153.0,2420.0,1312.0,True,False
3,6,10701434584707810197,ML-DSA-44,0.0002155990805476904,0.0004537401255220175,4.773004911839962e-05,10.953900911146775,1.2764049441951095,2482153.0,2420.0,1312.0,True,False
3,6,4400663901772246956,ML-DSA-44,0.0002971759531646967,0.0002604341134428978,5.948101170361042e-05,11.034331763861701,1.2631946995759467,2482153.0,2420.0,1312.0,True,False
3,6,548439921964421980,ML-DSA-44,0.0001883490476757288,0.00039525190368294716,8.208001963794231e-05,10.934809849131852,1.2748978988380189,2482153.0,2420.0,1312.0,True,False
3,6,17699886586939373670,ML-DSA-44,0.0001937919296324253,0.00022178702056407928,4.119495861232281e-05,11.073916794965044,1.276452222067839,2482153.0,2420.0,1312.0,True,False
3,6,18097281050465598461,ML-DSA-44,0.0002970260102301836,0.00017998600378632545,4.07099723815918e-05,6.875095997937024,1.2868603232559885,2482153.0,2420.0,1312.0,True,False
3,6,9526700071003696022,ML-DSA-44,0.00013932189904153347,0.00011928705498576164,6.131199188530445e-05,6.804995527025312,1.2608305754934905,2482153.0,2420.0,1312.0,True,False
3,7,1340842845709195150,ML-DSA-44,0.0002927868627011776,0.0002002872060984373,5.7108933106064796e-05,11.063698039157316,1.1982432501331257,2482153.0,2420.0,1312.0,True,False
3,7,12439186471127492576,ML-DSA-44,0.00016151904128491879,0.00023843185044825077,4.118494689464569e-05,11.083002472994849,1.205843429656545,2482153.0,2420.0,1312.0,True,False
3,7,687877116696672916,ML-DSA-44,0.00013059983029961586,0.00023058312945067883,4.203803837299347e-05,11.153747618896887,1.1794654282794637,2482153.0,2420.0,1312.0,True,False
3,7,17145738053752025401,ML-DSA-44,0.0001888880506157875,0.0002076148521155119,4.225107841193676e-05,11.47175374487415,1.1877210895726635,2482153.0,2420.0,1312.0,True,False
3,7,4400663901772246956,ML-DSA-44,0.00021325796842575073,0.00038373214192688465,4.27828636020422e-05,11.097587322816253,1.1771197068463466,2482153.0,2420.0,1312.0,True,False
3,7,10701434584707810197,ML-DSA-44,0.00018429802730679512,0.00020066997967660427,4.2348867282271385e-05,11.183158492902294,1.194030213507877,2482153.0,2420.0,1312.0,True,False
3,7,548439921964421980,ML-DSA-44,0.0002745229285210371,0.00021074502728879452,6.246916018426418e-05,11.093859531916678,1.1845032553763906,2482153.0,2420.0,1312.0,True,False
3,7,17699886586939373670,ML-DSA-44,0.00014011003077030182,0.0002046939916908741,4.095793701708317e-05,11.044479041127488,1.2127927727760024,2482153.0,2420.0,1312.0,True,False
3,7,18097281050465598461,ML-DSA-44,0.00029984000138938427,0.0002269588876515627,4.0632905438542366e-05,6.150220850016922,1.2006990165467475,2482153.0,2420.0,1312.0,True,False
3,7,9526700071003696022,ML-DSA-44,0.0001903160009533167,0.00024474202655255795,4.6523986384272575e-05,6.417246734956279,1.1588237885456936,2482153.0,2420.0,1312.0,True,False
3,8,687877116696672916,ML-DSA-44,0.00025504082441329956,0.0004181801341474056,5.810009315609932e-05,11.183124960167333,1.108204941840688,2482153.0,2420.0,1312.0,True,False
3,8,17145738053752025401,ML-DSA-44,0.0001232079230248928,0.00016950396820902824,4.619802348315716e-05,11.255708309821784,1.119451229739341,2482153.0,2420.0,1312.0,True,False
3,8,1340842845709195150,ML-DSA-44,0.0001619409304112196,0.00016410695388913155,8.421391248703003e-05,11.350207892945036,1.132608972916937,2482153.0,2420.0,1312.0,True,False
3,8,12439186471127492576,ML-DSA-44,0.00018681399524211884,0.0001508668065071106,4.488718695938587e-05,11.503620949108154,1.1349560610807625,2482153.0,2420.0,1312.0,True,False
3,8,10701434584707810197,ML-DSA-44,0.0003913510590791702,0.00048719695769250393,4.7008972615003586e-05,11.686152267968282,1.1231738370694933,2482153.0,2420.0,1312.0,True,False
3,8,548439921964421980,ML-DSA-44,0.0002105508465319872,0.0002475329674780369,8.170399814844131e-05,11.731876082951203,1.1015981340863903,2482153.0,2420.0,1312.0,True,False
3,8,4400663901772246956,ML-DSA-44,0.00018482794985175133,0.00019901199266314507,6.146496161818504e-05,11.816635005176067,1.1090452173712906,2482153.0,2420.0,1312.0,True,False
3,8,17699886586939373670,ML-DSA-44,0.00012407498434185982,0.00015528802759945393,4.4315122067928314e-05,11.82244182890281,1.1356281455914685,2482153.0,2420.0,1312.0,True,False
3,8,18097281050465598461,ML-DSA-44,0.00015635485760867596,0.00016486109234392643,4.367600195109844e-05,6.367356471950188,1.1350858097623109,2482153.0,2420.0,1312.0,True,False
3,8,9526700071003696022,ML-DSA-44,0.00016102404333651066,0.00016586808487772942,4.805298522114754e-05,6.346075634006411,1.1037048260877087,2482153.0,2420.0,1312.0,True,False
3,9,12439186471127492576,ML-DSA-44,0.00027766707353293896,0.0002700749319046736,6.237812340259552e-05,11.035685050068423,1.0808377573444585,2482153.0,2420.0,1312.0,True,False
3,9,17145738053752025401,ML-DSA-44,0.00022898102179169655,0.00019404292106628418,4.16699331253767e-05,11.098002947866917,1.057655757399881,2482153.0,2420.0,1312.0,True,False
3,9,687877116696672916,ML-DSA-44,0.00033893599174916744,0.00045756902545690536,4.235398955643177e-05,11.126122490968555,1.062730178521697,2482153.0,2420.0,1312.0,True,False
3,9,1340842845709195150,ML-DSA-44,0.00024330406449735165,0.0002490358892828226,4.1147926822304726e-05,11.32706475793384,1.0702905199330324,2482153.0,2420.0,1312.0,True,False
3,9,10701434584707810197,ML-DSA-44,0.00020913686603307724,0.0001798600424081087,4.8285117372870445e-05,11.046796204987913,1.0853650698995894,2482153.0,2420.0,1312.0,True,False
3,9,548439921964421980,ML-DSA-44,0.00033893808722496033,0.0001875520683825016,4.144501872360706e-05,11.099039528053254,1.048204971726533,2482153.0,2420.0,1312.0,True,False
3,9,17699886586939373670,ML-DSA-44,0.00020234007388353348,0.00020536896772682667,6.600702181458473e-05,11.017943223007023,1.0650871464401295,2482153.0,2420.0,1312.0,True,False
3,9,4400663901772246956,ML-DSA-44,0.00019317306578159332,0.00018783402629196644,4.203012213110924e-05,11.288728192914277,1.0541193751013203,2482153.0,2420.0,1312.0,True,False
3,9,18097281050465598461,ML-DSA-44,0.0001565499696880579,0.0001244319137185812,4.2351894080638885e-05,6.355513530084863,1.0843233712919198,2482153.0,2420.0,1312.0,True,False
3,9,9526700071003696022,ML-DSA-44,0.00013109599240124226,0.00016436097212135792,4.8732850700616837e-05,6.304340248927474,1.0469761183307429,2482153.0,2420.0,1312.0,True,False
3,10,1340842845709195150,ML-DSA-44,0.00022813398391008377,0.00018760981038212776,5.9057027101516724e-05,11.53655725182034,1.0254593108110368,2482153.0,2420.0,1312.0,True,False
3,10,687877116696672916,ML-DSA-44,0.00018431316129863262,0.00019673188216984272,4.2383093386888504e-05,11.592846232932061,1.0169835662006572,2482153.0,2420.0,1312.0,True,False
3,10,12439186471127492576,ML-DSA-44,0.0002742120996117592,0.0004164238926023245,4.315702244639397e-05,11.653685711091384,1.030890826017234,2482153.0,2420.0,1312.0,True,False
3,10,17145738053752025401,ML-DSA-44,0.0002697720192372799,0.0006527260411530733,4.5150984078645706e-05,11.734685991890728,1.011366291410604,2482153.0,2420.0,1312.0,True,False
3,10,10701434584707810197,ML-DSA-44,0.00019458006136119366,0.0003779749386012554,4.17451374232769e-05,10.63021029601805,1.0125119708905554,2482153.0,2420.0,1312.0,True,False
3,10,548439921964421980,ML-DSA-44,0.00013736705295741558,0.00013234885409474373,4.183896817266941e-05,11.040958697209135,0.990668035996188,2482153.0,2420.0,1312.0,True,False
3,10,17699886586939373670,ML-DSA-44,0.0001703829038888216,0.0001492369920015335,5.7658879086375237e-05,11.019662579987198,1.0105184844345043,2482153.0,2420.0,1312.0,True,False
3,10,4400663901772246956,ML-DSA-44,0.00025110598653554916,0.00024268589913845062,4.1699036955833435e-05,11.008504021912813,1.00144476514713,2482153.0,2420.0,1312.0,True,False
3,10,18097281050465598461,ML-DSA-44,0.00021077902056276798,0.00016876496374607086,4.076305776834488e-05,6.486224167980254,1.0110210649147156,2482153.0,2420.0,1312.0,True,False
3,10,9526700071003696022,ML-DSA-44,0.00012632785364985466,0.00011164997704327106,4.677497781813145e-05,6.317912582075223,1.0077478145338168,2482153.0,2420.0,1312.0,True,False
3,11,687877116696672916,ML-DSA-44,0.00016019796021282673,0.000255117891356349,5.719414912164211e-05,11.156209314009175,0.9483469736044574,2482153.0,2420.0,1312.0,True,False
3,11,17145738053752025401,ML-DSA-44,0.00019717891700565815,0.00021536392159759998,4.2847124859690666e-05,11.02325088600628,0.9625050740636838,2482153.0,2420.0,1312.0,True,False
3,11,12439186471127492576,ML-DSA-44,0.00020145392045378685,0.00047657499089837074,4.4177984818816185e-05,11.059535122010857,0.9897481548558374,2482153.0,2420.0,1312.0,True,False
3,11,1340842845709195150,ML-DSA-44,0.00018415902741253376,0.00015021511353552341,4.434213042259216e-05,11.224908895092085,0.9787351758616745,2482153.0,2420.0,1312.0,True,False
3,11,4400663901772246956,ML-DSA-44,0.00026693614199757576,0.004456064896658063,4.382501356303692e-05,11.060738676926121,0.9481997436778561,2482153.0,2420.0,1312.0,True,False
3,11,548439921964421980,ML-DSA-44,0.0002851998433470726,0.0006234447937458754,4.5215943828225136e-05,11.032231166958809,0.9481714168551622,2482153.0,2420.0,1312.0,True,False
3,11,10701434584707810197,ML-DSA-44,0.00025723595172166824,0.0002693419810384512,6.158486939966679e-05,11.309001652058214,0.972768619561651,2482153.0,2420.0,1312.0,True,False
3,11,17699886586939373670,ML-DSA-44,0.0002433981280773878,0.0001811531838029623,4.340405575931072e-05,11.26456005196087,0.9567789522705564,2482153.0,2420.0,1312.0,True,False
3,11,9526700071003696022,ML-DSA-44,0.00013686087913811207,0.00014572893269360065,8.578202687203884e-05,6.395775294164196,0.9490479086614718,2482153.0,2420.0,1312.0,True,False
3,11,18097281050465598461,ML-DSA-44,0.00018866616301238537,0.00016334396786987782,4.358799196779728e-05,6.781018896959722,0.948820509538529,2482153.0,2420.0,1312.0,True,False
3,12,687877116696672916,ML-DSA-44,0.0002816920168697834,0.0002799679059535265,6.158486939966679e-05,10.981631878996268,0.9046568754751971,2482153.0,2420.0,1312.0,True,False
3,12,12439186471127492576,ML-DSA-44,0.0001859879121184349,0.0003404361195862293,5.3721945732831955e-05,10.990654451074079,0.9242733567003991,2482153.0,2420.0,1312.0,True,False
3,12,17145738053752025401,ML-DSA-44,0.00013621407561004162,0.00034680403769016266,4.026899114251137e-05,11.031368477968499,0.9166639405451004,2482153.0,2420.0,1312.0,True,False
3,12,1340842845709195150,ML-DSA-44,0.00012701982632279396,0.00012254714965820312,4.1318126022815704e-05,11.079330490902066,0.9128593922041024,2482153.0,2420.0,1312.0,True,False
3,12,4400663901772246956,ML-DSA-44,0.00025279494002461433,0.0002851700410246849,4.224688746035099e-05,11.072196991881356,0.8928854921061522,2482153.0,2420.0,1312.0,True,False
3,12,17699886586939373670,ML-DSA-44,0.0001813420094549656,0.0003748638555407524,4.093884490430355e-05,11.040178156923503,0.9011021738599061,2482153.0,2420.0,1312.0,True,False
3,12,548439921964421980,ML-DSA-44,0.00022370298393070698,0.00023810099810361862,5.888310261070728e-05,11.22347881901078,0.8975616551128922,2482153.0,2420.0,1312.0,True,False
3,12,10701434584707810197,ML-DSA-44,0.00018109101802110672,0.00012842798605561256,4.1097868233919144e-05,11.352369725937024,0.931474336962791,2482153.0,2420.0,1312.0,True,False
3,12,18097281050465598461,ML-DSA-44,0.00016709789633750916,0.00021630199626088142,4.319916479289532e-05,6.299010386923328,0.9167173423205212,2482153.0,2420.0,1312.0,True,False
3,12,9526700071003696022,ML-DSA-44,0.00018923613242805004,0.00014734198339283466,4.584784619510174e-05,6.368147744098678,0.9246713669057105,2482153.0,2420.0,1312.0,True,False
3,13,1340842845709195150,ML-DSA-44,0.0004813240375369787,0.00021715997718274593,5.7470984756946564e-05,11.218448081985116,0.8628573457526553,2482153.0,2420.0,1312.0,True,False
3,13,17145738053752025401,ML-DSA-44,0.00020483904518187046,0.00015744706615805626,5.922303535044193e-05,11.400657295016572,0.874350836132742,2482153.0,2420.0,1312.0,True,False
3,13,687877116696672916,ML-DSA-44,0.0003397050313651562,0.00025516003370285034,4.275888204574585e-05,11.460843055974692,0.8658961460089228,2482153.0,2420.0,1312.0,True,False
3,13,12439186471127492576,ML-DSA-44,0.00022534304298460484,0.00020305998623371124,4.27227932959795e-05,11.509196538012475,0.8754304658835101,2482153.0,2420.0,1312.0,True,False
3,13,10701434584707810197,ML-DSA-44,0.00016830209642648697,0.00014969287440180779,4.208693280816078e-05,11.508925143163651,0.8709185749861845,2482153.0,2420.0,1312.0,True,False
3,13,17699886586939373670,ML-DSA-44,0.00029572402127087116,0.00033306004479527473,4.098284989595413e-05,11.140882930951193,0.8441124509094627,2482153.0,2420.0,1312.0,True,False
3,13,548439921964421980,ML-DSA-44,0.000220840098336339,0.0003781719133257866,5.6050019338727e-05,11.400499382987618,0.8463531804692214,2482153.0,2420.0,1312.0,True,False
3,13,4400663901772246956,ML-DSA-44,0.00012736395001411438,0.00017735199071466923,4.1253166273236275e-05,11.599926926894113,0.8644073260058264,2482153.0,2420.0,1312.0,True,False
3,13,9526700071003696022,ML-DSA-44,0.00013277889229357243,0.0001969798468053341,4.192395135760307e-05,6.328253311803564,0.8694370347223465,2482153.0,2420.0,1312.0,True,False
3,13,18097281050465598461,ML-DSA-44,0.00012983102351427078,0.00010489393025636673,5.575898103415966e-05,6.402674531796947,0.8574320077896118,2482153.0,2420.0,1312.0,True,False
3,14,17145738053752025401,ML-DSA-44,0.00019449787214398384,0.00018222699873149395,5.973596125841141e-05,10.843550039920956,0.8288516226657636,2482153.0,2420.0,1312.0,True,False
3,14,12439186471127492576,ML-DSA-44,0.0002150640357285738,0.00027379789389669895,9.007402695715427e-05,11.144222502131015,0.8315879977812433,2482153.0,2420.0,1312.0,True,False
3,14,687877116696672916,ML-DSA-44,0.00020840903744101524,0.00011875806376338005,4.3354928493499756e-05,11.12934477510862,0.8326956177023566,2482153.0,2420.0,1312.0,True,False
3,14,1340842845709195150,ML-DSA-44,0.00019478192552924156,0.0001992299221456051,4.2724888771772385e-05,11.312570546986535,0.8212672265092279,2482153.0,2420.0,1312.0,True,False
3,14,10701434584707810197,ML-DSA-44,0.00032201805151998997,0.00030772690661251545,4.3067848309874535e-05,10.880097216926515,0.8358365982581096,2482153.0,2420.0,1312.0,True,False
3,14,17699886586939373670,ML-DSA-44,0.0001306410413235426,0.00024165911599993706,4.3974025174975395e-05,11.079932455904782,0.8112892696432247,2482153.0,2420.0,1312.0,True,False
3,14,548439921964421980,ML-DSA-44,0.0001721540465950966,0.00015941401943564415,6.176484748721123e-05,11.412495417054743,0.8042306047715958,2482153.0,2420.0,1312.0,True,False
3,14,4400663901772246956,ML-DSA-44,0.000296618090942502,0.0002901889383792877,4.416494630277157e-05,11.685804781969637,0.8089183303201275,2482153.0,2420.0,1312.0,True,False
3,14,18097281050465598461,ML-DSA-44,0.0001550428569316864,0.00014977087266743183,4.363991320133209e-05,6.157859873026609,0.8200040774740232,2482153.0,2420.0,1312.0,True,False
3,14,9526700071003696022,ML-DSA-44,0.00012860912829637527,0.0002385240513831377,6.729294545948505e-05,6.214187915204093,0.8410145404042711,2482153.0,2420.0,1312.0,True,False
3,15,12439186471127492576,ML-DSA-44,0.00025261007249355316,0.0003094729036092758,5.816505290567875e-05,11.484969715122133,0.8151041989683345,2482153.0,2420.0,1312.0,True,False
3,15,17145738053752025401,ML-DSA-44,0.00025279889814555645,0.0003827218897640705,4.164292477071285e-05,11.582800935953856,0.7789747384703083,2482153.0,2420.0,1312.0,True,False
3,15,687877116696672916,ML-DSA-44,0.0002026120200753212,0.0003856050316244364,4.161195829510689e-05,11.551071787951514,0.7921329911347408,2482153.0,2420.0,1312.0,True,False
3,15,1340842845709195150,ML-DSA-44,0.0002472279593348503,0.00022178399376571178,4.046387039124966e-05,11.557475584093481,0.7842021013141438,2482153.0,2420.0,1312.0,True,False
3,15,17699886586939373670,ML-DSA-44,0.00016346992924809456,0.0003114419523626566,4.087993875145912e-05,10.883127062115818,0.7695455685922294,2482153.0,2420.0,1312.0,True,False
3,15,548439921964421980,ML-DSA-44,0.00018121302127838135,0.00021254317834973335,4.084687680006027e-05,10.933273401111364,0.7650089315168417,2482153.0,2420.0,1312.0,True,False
3,15,10701434584707810197,ML-DSA-44,0.0004063209053128958,0.0002729920670390129,5.522114224731922e-05,11.16669903206639,0.7955896554479174,2482153.0,2420.0,1312.0,True,False
3,15,4400663901772246956,ML-DSA-44,0.00038802390918135643,0.00035940599627792835,4.0981918573379517e-05,11.042706976179034,0.7871760508626889,2482153.0,2420.0,1312.0,True,False
3,15,18097281050465598461,ML-DSA-44,0.0001367910299450159,0.00014690379612147808,4.53311949968338e-05,6.252501307986677,0.7837459173551791,2482153.0,2420.0,1312.0,True,False
3,15,9526700071003696022,ML-DSA-44,0.00025896704755723476,0.0002648250665515661,4.282407462596893e-05,6.313834017841145,0.799493655467489,2482153.0,2420.0,1312.0,True,False
3,16,687877116696672916,ML-DSA-44,0.00027536903508007526,0.00019904295913875103,5.6217191740870476e-05,11.041444783098996,0.7391968017360967,2482153.0,2420.0,1312.0,True,False
3,16,17145738053752025401,ML-DSA-44,0.00021931412629783154,0.00014413287863135338,4.150299355387688e-05,11.114897165913135,0.7507099020443145,2482153.0,2420.0,1312.0,True,False
3,16,12439186471127492576,ML-DSA-44,0.000295800156891346,0.00029314402490854263,0.00019734096713364124,11.18921201908961,0.7683798992519926,2482153.0,2420.0,1312.0,True,False
3,16,1340842845709195150,ML-DSA-44,0.0002093389630317688,0.00012578209862113,4.414515569806099e-05,11.276957981986925,0.7583821215637171,2482153.0,2420.0,1312.0,True,False
3,16,4400663901772246956,ML-DSA-44,0.00024173595011234283,0.00016945484094321728,4.660198464989662e-05,11.663454863009974,0.7717859945289648,2482153.0,2420.0,1312.0,True,False
3,16,17699886586939373670,ML-DSA-44,0.00020126602612435818,0.0001564000267535448,4.213815554976463e-05,11.557171699823812,0.7454686836831889,2482153.0,2420.0,1312.0,True,False
3,16,10701434584707810197,ML-DSA-44,0.00016077514737844467,0.00019863108173012733,5.9918034821748734e-05,12.10450235195458,0.7439766470224235,2482153.0,2420.0,1312.0,True,False
3,16,548439921964421980,ML-DSA-44,0.00015119300223886967,0.00022227992303669453,4.220404662191868e-05,12.135659880936146,0.728534258854617,2482153.0,2420.0,1312.0,True,False
3,16,9526700071003696022,ML-DSA-44,0.00019766390323638916,0.00032173097133636475,6.315088830888271e-05,6.429817729862407,0.7645532857080933,2482153.0,2420.0,1312.0,True,False
3,16,18097281050465598461,ML-DSA-44,0.00018717092461884022,0.00017454405315220356,4.56229317933321e-05,6.546536918962374,0.7298494823229541,2482153.0,2420.0,1312.0,True,False
3,17,17145738053752025401,ML-DSA-44,0.00025177490897476673,0.00028100190684199333,5.95820602029562e-05,11.1629644529894,0.7040501330403766,2482153.0,2420.0,1312.0,True,False
3,17,12439186471127492576,ML-DSA-44,0.00023315311409533024,0.00022978708148002625,4.1936058551073074e-05,11.320456113899127,0.7340317605787022,2482153.0,2420.0,1312.0,True,False
3,17,687877116696672916,ML-DSA-44,0.0002972178626805544,0.000717654824256897,4.047504626214504e-05,11.471218451159075,0.6916348064780995,2482153.0,2420.0,1312.0,True,False
3,17,1340842845709195150,ML-DSA-44,0.00013172184117138386,0.00013138889335095882,4.1072024032473564e-05,11.482077076099813,0.714663299215827,2482153.0,2420.0,1312.0,True,False
3,17,10701434584707810197,ML-DSA-44,0.00019827415235340595,0.0001552689354866743,4.1116029024124146e-05,11.285860446980223,0.7205021018814889,2482153.0,2420.0,1312.0,True,False
3,17,548439921964421980,ML-DSA-44,0.0002560138236731291,0.0003356439992785454,4.0536047890782356e-05,11.117891583126038,0.6969205386889209,2482153.0,2420.0,1312.0,True,False
3,17,4400663901772246956,ML-DSA-44,0.0002657598815858364,0.00019301613792777061,5.591008812189102e-05,11.35107885603793,0.7281251306746416,2482153.0,2420.0,1312.0,True,False
3,17,17699886586939373670,ML-DSA-44,0.00020875083282589912,0.00034226803109049797,4.0763989090919495e-05,11.255495398072526,0.7015324538680399,2482153.0,2420.0,1312.0,True,False
3,17,18097281050465598461,ML-DSA-44,0.00019669393077492714,0.00020856107585132122,4.005897790193558e-05,6.369559891056269,0.692453238804629,2482153.0,2420.0,1312.0,True,False
3,17,9526700071003696022,ML-DSA-44,0.00012698094360530376,0.00010463991202414036,4.725391045212746e-05,6.339473576052114,0.7164685810162763,2482153.0,2420.0,1312.0,True,False
3,18,1340842845709195150,ML-DSA-44,0.00036760116927325726,0.00046014017425477505,5.8586010709404945e-05,11.340762055944651,0.677900886507171,2482153.0,2420.0,1312.0,True,False
3,18,687877116696672916,ML-DSA-44,0.00017026392742991447,0.0001912249717861414,4.226900637149811e-05,11.411982440855354,0.6639527193490108,2482153.0,2420.0,1312.0,True,False
3,18,12439186471127492576,ML-DSA-44,0.0001563031692057848,0.00038796616718173027,4.226691089570522e-05,11.541534936986864,0.7061943757306238,2482153.0,2420.0,1312.0,True,False
3,18,17145738053752025401,ML-DSA-44,0.00019369600340723991,0.0001775040291249752,4.202080890536308e-05,11.611736565129831,0.7017451973193011,2482153.0,2420.0,1312.0,True,False
3,18,10701434584707810197,ML-DSA-44,0.00023703905753791332,0.00024302303791046143,4.2076921090483665e-05,11.007107307901606,0.6695223621502044,2482153.0,2420.0,1312.0,True,False
3,18,548439921964421980,ML-DSA-44,0.00013974891044199467,0.0003114528954029083,4.24128957092762e-05,11.01472601108253,0.6768113088076282,2482153.0,2420.0,1312.0,True,False
3,18,17699886586939373670,ML-DSA-44,0.00016406993381679058,0.0001688338816165924,6.300793029367924e-05,10.992460600100458,0.6701726080126064,2482153.0,2420.0,1312.0,True,False
3,18,4400663901772246956,ML-DSA-44,0.00018202001228928566,0.00017370586283504963,7.071392610669136e-05,11.192295612068847,0.6958707257820542,2482153.0,2420.0,1312.0,True,False
3,18,18097281050465598461,ML-DSA-44,0.0001329071819782257,0.0001375931315124035,6.982614286243916e-05,6.300222750054672,0.6879459059542152,2482153.0,2420.0,1312.0,True,False
3,18,9526700071003696022,ML-DSA-44,0.0001913879532366991,0.00018631690181791782,5.844002589583397e-05,6.436645724112168,0.6973307472979946,2482153.0,2420.0,1312.0,True,False
3,19,1340842845709195150,ML-DSA-44,0.0003468941431492567,0.0005418621003627777,5.7853059843182564e-05,11.02977819996886,0.6463596972690266,2482153.0,2420.0,1312.0,True,False
3,19,687877116696672916,ML-DSA-44,0.00025590602308511734,9.999214671552181e-05,4.13630623370409e-05,11.093309402931482,0.6393627104865518,2482153.0,2420.0,1312.0,True,False
3,19,17145738053752025401,ML-DSA-44,0.00018403097055852413,0.0003335820510983467,5.243998020887375e-05,11.09836736205034,0.6450967373456925,2482153.0,2420.0,1312.0,True,False
3,19,12439186471127492576,ML-DSA-44,0.0001965921837836504,0.00024874089285731316,4.170485772192478e-05,11.181255112867802,0.6764790897441518,2482153.0,2420.0,1312.0,True,False
3,19,4400663901772246956,ML-DSA-44,0.00023337104357779026,0.0003576260060071945,4.1516032069921494e-05,10.942238576011732,0.6655441571003312,2482153.0,2420.0,1312.0,True,False
3,19,10701434584707810197,ML-DSA-44,0.00017176498658955097,0.00021815416403114796,4.177889786660671e-05,11.128656567074358,0.6495150365647236,2482153.0,2420.0,1312.0,True,False
3,19,17699886586939373670,ML-DSA-44,0.00016136118210852146,0.00014902697876095772,5.588005296885967e-05,11.075001458870247,0.6440431429132535,2482153.0,2420.0,1312.0,True,False
3,19,548439921964421980,ML-DSA-44,0.00017455103807151318,0.00011414196342229843,4.1307881474494934e-05,11.312527616973966,0.6331495729980955,2482153.0,2420.0,1312.0,True,False
3,19,9526700071003696022,ML-DSA-44,0.0001615320798009634,0.00012192991562187672,4.089903086423874e-05,6.694478546036407,0.6528488359158966,2482153.0,2420.0,1312.0,True,False
3,19,18097281050465598461,ML-DSA-44,0.0001253888476639986,0.0001785659696906805,4.101893864572048e-05,6.874221661826596,0.6433972634232727,2482153.0,2420.0,1312.0,True,False
3,20,687877116696672916,ML-DSA-44,0.00019897590391337872,0.00028188503347337246,5.8845849707722664e-05,11.105122772976756,0.6111586875501712,2482153.0,2420.0,1312.0,True,False
3,20,1340842845709195150,ML-DSA-44,0.00021298881620168686,0.00023935106582939625,4.365597851574421e-05,11.228938912972808,0.6207312955787987,2482153.0,2420.0,1312.0,True,False
3,20,12439186471127492576,ML-DSA-44,0.000327439047396183,0.0002626159694045782,4.115607589483261e-05,11.292340975021943,0.6390597084240549,2482153.0,2420.0,1312.0,True,False
3,20,17145738053752025401,ML-DSA-44,0.0001801059115678072,0.0001541408710181713,4.157004877924919e-05,11.404765913961455,0.6220840350932376,2482153.0,2420.0,1312.0,True,False
3,20,10701434584707810197,ML-DSA-44,0.0002652062103152275,0.0002643771003931761,7.05148559063673e-05,11.087236596969888,0.6266708456122192,2482153.0,2420.0,1312.0,True,False
3,20,4400663901772246956,ML-DSA-44,0.00014690612442791462,0.0001921970397233963,8.656689897179604e-05,11.292109372094274,0.6178449327778665,2482153.0,2420.0,1312.0,True,False
3,20,548439921964421980,ML-DSA-44,0.00012974790297448635,0.00014191796071827412,5.7148048654198647e-05,11.18339196802117,0.6107754583476456,2482153.0,2420.0,1312.0,True,False
3,20,17699886586939373670,ML-DSA-44,0.00021933787502348423,0.00017148000188171864,4.440709017217159e-05,11.115716496948153,0.6176470538043672,2482153.0,2420.0,1312.0,True,False
3,20,18097281050465598461,ML-DSA-44,0.00018100300803780556,0.0001539380755275488,4.178192466497421e-05,6.3712757339235395,0.6407018240754772,2482153.0,2420.0,1312.0,True,False
3,20,9526700071003696022,ML-DSA-44,0.00012654997408390045,0.0001181289553642273,5.047093145549297e-05,6.338600120972842,0.6277522206021722,2482153.0,2420.0,1312.0,True,False
3,21,17145738053752025401,ML-DSA-44,0.00023606698960065842,0.0001981451641768217,5.7558994740247726e-05,11.06602663709782,0.608280329306604,2482153.0,2420.0,1312.0,True,False
3,21,687877116696672916,ML-DSA-44,0.0001661800779402256,0.0003614018205553293,4.0458980947732925e-05,11.055321366060525,0.5930519437619076,2482153.0,2420.0,1312.0,True,False
3,21,12439186471127492576,ML-DSA-44,0.00016204221174120903,0.00028252904303371906,4.03011217713356e-05,11.097942061023787,0.5925595121114118,2482153.0,2420.0,1312.0,True,False
3,21,1340842845709195150,ML-DSA-44,0.0001756718847900629,0.00020063715055584908,4.0751881897449493e-05,11.083468730794266,0.5986269594757421,2482153.0,2420.0,1312.0,True,False
3,21,10701434584707810197,ML-DSA-44,0.00037672300823032856,0.0002638308797031641,4.319683648645878e-05,11.468478518072516,0.6099872851068047,2482153.0,2420.0,1312.0,True,False
3,21,4400663901772246956,ML-DSA-44,0.00016822200268507004,0.0001681509893387556,4.514283500611782e-05,11.714204996824265,0.5947275838939248,2482153.0,2420.0,1312.0,True,False
3,21,17699886586939373670,ML-DSA-44,0.0002737180329859257,0.00027773785404860973,6.243400275707245e-05,11.6408401587978,0.5901107925708127,2482153.0,2420.0,1312.0,True,False
3,21,548439921964421980,ML-DSA-44,0.0001848831307142973,0.00038958387449383736,4.1767023503780365e-05,11.648557129083201,0.6035275162690005,2482153.0,2420.0,1312.0,True,False
3,21,18097281050465598461,ML-DSA-44,0.00013409601524472237,0.00020729796960949898,4.13781963288784e-05,6.235738839954138,0.5976179790250056,2482153.0,2420.0,1312.0,True,False
3,21,9526700071003696022,ML-DSA-44,0.00018768105655908585,0.00018918910063803196,4.4408952817320824e-05,6.204610888846219,0.6004429090127443,2482153.0,2420.0,1312.0,True,False
3,22,1340842845709195150,ML-DSA-44,0.0002254219725728035,0.00029677385464310646,5.665188655257225e-05,10.999239678960294,0.578370252019091,2482153.0,2420.0,1312.0,True,False
3,22,17145738053752025401,ML-DSA-44,0.00020658993162214756,0.00024434085935354233,4.170997999608517e-05,10.952858451055363,0.5738943799333588,2482153.0,2420.0,1312.0,True,False
3,22,12439186471127492576,ML-DSA-44,0.00017623486928641796,0.00027236994355916977,4.199706017971039e-05,11.042433782014996,0.5847281583460273,2482153.0,2420.0,1312.0,True,False
3,22,687877116696672916,ML-DSA-44,0.00016592093743383884,0.00020018499344587326,4.141288809478283e-05,11.165725349914283,0.5822134049265248,2482153.0,2420.0,1312.0,True,False
3,22,10701434584707810197,ML-DSA-44,0.00023437291383743286,0.00022434908896684647,4.2057130485773087e-05,11.12248377990909,0.5816414553648347,2482153.0,2420.0,1312.0,True,False
3,22,4400663901772246956,ML-DSA-44,0.00031084916554391384,0.00019033090211451054,4.4427113607525826e-05,11.021361825056374,0.5724035891567826,2482153.0,2420.0,1312.0,True,False
3,22,17699886586939373670,ML-DSA-44,0.00017740600742399693,0.00023832195438444614,6.87881838530302e-05,11.130781897110865,0.5756994151053535,2482153.0,2420.0,1312.0,True,False
3,22,548439921964421980,ML-DSA-44,0.00019113603048026562,0.00018759514205157757,4.485505633056164e-05,11.255432851146907,0.5687526365991231,2482153.0,2420.0,1312.0,True,False
3,22,18097281050465598461,ML-DSA-44,0.00025101308710873127,0.0002037440426647663,4.091719165444374e-05,6.158804885111749,0.5649694563097255,2482153.0,2420.0,1312.0,True,False
3,22,9526700071003696022,ML-DSA-44,0.00013009901158511639,0.00012652995064854622,4.308903589844704e-05,6.272831211099401,0.5908827183732561,2482153.0,2420.0,1312.0,True,False
3,23,1340842845709195150,ML-DSA-44,0.00023306207731366158,0.000229397090151906,5.8524077758193016e-05,11.679831821005791,0.5650396062310334,2482153.0,2420.0,1312.0,True,False
3,23,687877116696672916,ML-DSA-44,0.0002975419629365206,0.0004019790794700384,4.24729660153389e-05,11.669187012128532,0.5516298665030367,2482153.0,2420.0,1312.0,True,False
3,23,12439186471127492576,ML-DSA-44,0.00016575399786233902,0.00017358805052936077,4.496891051530838e-05,11.630488957976922,0.5433593828017544,2482153.0,2420.0,1312.0,True,False
3,23,17145738053752025401,ML-DSA-44,0.00032333191484212875,0.0002683699131011963,4.495307803153992e-05,11.628183266147971,0.5265984261159304,2482153.0,2420.0,1312.0,True,False
3,23,17699886586939373670,ML-DSA-44,0.0002433729823678732,0.00028854189440608025,4.4181011617183685e-05,11.145782296778634,0.5565084942207215,2482153.0,2420.0,1312.0,True,False
3,23,4400663901772246956,ML-DSA-44,0.0001232260838150978,0.0001315469853579998,4.394794814288616e-05,11.329560040961951,0.5532813664691844,2482153.0,2420.0,1312.0,True,False
3,23,548439921964421980,ML-DSA-44,0.00020003900863230228,0.0003459989093244076,5.9864018112421036e-05,11.2436640819069,0.5714836493134499,2482153.0,2420.0,1312.0,True,False
3,23,10701434584707810197,ML-DSA-44,0.0002829029690474272,0.0004921508952975273,4.435679875314236e-05,11.425566454185173,0.5486457692637186,2482153.0,2420.0,1312.0,True,False
3,23,18097281050465598461,ML-DSA-44,0.000267531955614686,0.00032564811408519745,4.368298687040806e-05,6.585406233090907,0.5577486081962373,2482153.0,2420.0,1312.0,True,False
3,23,9526700071003696022,ML-DSA-44,0.00012916396372020245,0.00020931102335453033,4.870700649917126e-05,6.587057248922065,0.5602843205972462,2482153.0,2420.0,1312.0,True,False
3,24,687877116696672916,ML-DSA-44,0.00024749385192990303,0.00033366214483976364,5.791313014924526e-05,11.098217743914574,0.5329471538139946,2482153.0,2420.0,1312.0,True,False
3,24,1340842845709195150,ML-DSA-44,0.00018931599333882332,0.0002164661418646574,4.5238062739372253e-05,11.079319251934066,0.5155270314852524,2482153.0,2420.0,1312.0,True,False
3,24,12439186471127492576,ML-DSA-44,0.00019665993750095367,0.00021237507462501526,4.091695882380009e-05,11.212122650118545,0.5415869704477346,2482153.0,2420.0,1312.0,True,False
3,24,17145738053752025401,ML-DSA-44,0.0002757781185209751,0.00038292095996439457,4.1901832446455956e-05,11.336550866020843,0.5226155492672875,2482153.0,2420.0,1312.0,True,False
3,24,10701434584707810197,ML-DSA-44,0.00016020005568861961,0.0004183840937912464,4.151114262640476e-05,11.093521994072944,0.5197786475015673,2482153.0,2420.0,1312.0,True,False
3,24,17699886586939373670,ML-DSA-44,0.00012830481864511967,0.0002465900033712387,4.236120730638504e-05,10.898416311014444,0.5063128478255621,2482153.0,2420.0,1312.0,True,False
3,24,4400663901772246956,ML-DSA-44,0.0001634520012885332,0.0004906551912426949,6.65588304400444e-05,11.103093300014734,0.5443332663671986,2482153.0,2420.0,1312.0,True,False
3,24,548439921964421980,ML-DSA-44,0.0001916938927024603,0.00035215006209909916,4.900689236819744e-05,10.986872991081327,0.5383982269484906,2482153.0,2420.0,1312.0,True,False
3,24,9526700071003696022,ML-DSA-44,0.00013535097241401672,0.00022741197608411312,3.994000144302845e-05,6.5874400129541755,0.529150033618804,2482153.0,2420.0,1312.0,True,False
3,24,18097281050465598461,ML-DSA-44,0.00020297314040362835,0.000174997141584754,4.700198769569397e-05,6.587842968059704,0.5500930566222045,2482153.0,2420.0,1312.0,True,False
3,25,687877116696672916,ML-DSA-44,0.00019332091324031353,0.00032819900661706924,5.844305269420147e-05,11.292074111988768,0.5083769727972852,2482153.0,2420.0,1312.0,True,False
3,25,17145738053752025401,ML-DSA-44,0.0004490918945521116,0.0006259789224714041,4.3146079406142235e-05,11.438816520851105,0.47738592168256927,2482153.0,2420.0,1312.0,True,False
3,25,12439186471127492576,ML-DSA-44,0.0001776120625436306,0.00014692195691168308,4.151207394897938e-05,11.484896367881447,0.49427548841021623,2482153.0,2420.0,1312.0,True,False
3,25,1340842845709195150,ML-DSA-44,0.00013364898040890694,0.0001932170707732439,4.472397267818451e-05,11.425086084986106,0.493418609569217,2482153.0,2420.0,1312.0,True,False
3,25,10701434584707810197,ML-DSA-44,0.00032906094565987587,0.00015652598813176155,4.385388456285e-05,11.121098927920684,0.5258244246979997,2482153.0,2420.0,1312.0,True,False
3,25,4400663901772246956,ML-DSA-44,0.000253146979957819,0.00031776493415236473,4.38569113612175e-05,10.95891566411592,0.5249667233864593,2482153.0,2420.0,1312.0,True,False
3,25,548439921964421980,ML-DSA-44,0.00020079989917576313,0.00017453706823289394,6.294692866504192e-05,11.165872466051951,0.5127549067163354,2482153.0,2420.0,1312.0,True,False
3,25,17699886586939373670,ML-DSA-44,0.0002008948940783739,0.00017336802557110786,4.248321056365967e-05,11.141884783981368,0.5131110510652422,2482153.0,2420.0,1312.0,True,False
3,25,9526700071003696022,ML-DSA-44,0.00013573095202445984,0.00013792188838124275,4.501105286180973e-05,6.301184230018407,0.4886459783431451,2482153.0,2420.0,1312.0,True,False
3,25,18097281050465598461,ML-DSA-44,0.00016993889585137367,0.00013769394718110561,4.310300573706627e-05,6.340596541995183,0.5063833203759922,2482153.0,2420.0,1312.0,True,False
3,26,687877116696672916,ML-DSA-44,0.0001617728266865015,0.00029251910746097565,5.8647943660616875e-05,10.979425467085093,0.48025922095225115,2482153.0,2420.0,1312.0,True,False
3,26,1340842845709195150,ML-DSA-44,0.00038098799996078014,0.0005172858946025372,4.295492544770241e-05,11.17976896604523,0.4728392853526173,2482153.0,2420.0,1312.0,True,False
3,26,12439186471127492576,ML-DSA-44,0.0003057129215449095,0.00019874190911650658,4.182499833405018e-05,11.18533968506381,0.4761798994580082,2482153.0,2420.0,1312.0,True,False
3,26,17145738053752025401,ML-DSA-44,0.000295157078653574,0.0002848990261554718,4.2730942368507385e-05,11.344325040001422,0.45373306444187644,2482153.0,2420.0,1312.0,True,False
3,26,548439921964421980,ML-DSA-44,0.00029392819851636887,0.0006092439871281385,4.201289266347885e-05,10.914768201997504,0.46756217785321985,2482153.0,2420.0,1312.0,True,False
3,26,10701434584707810197,ML-DSA-44,0.00035463995300233364,0.0002516407985240221,4.2451079934835434e-05,11.416260147932917,0.48716317018743155,2482153.0,2420.0,1312.0,True,False
3,26,17699886586939373670,ML-DSA-44,0.0002686071675270796,0.0002187711652368307,6.063398905098438e-05,11.148242964874953,0.4740693524574778,2482153.0,2420.0,1312.0,True,False
3,26,4400663901772246956,ML-DSA-44,0.0001628429163247347,0.0001494979951530695,4.0533021092414856e-05,11.367335289018229,0.4819341056689525,2482153.0,2420.0,1312.0,True,False
3,26,18097281050465598461,ML-DSA-44,0.00014469888992607594,0.0001260738354176283,6.0935039073228836e-05,6.740351531887427,0.5049306373378843,2482153.0,2420.0,1312.0,True,False
3,26,9526700071003696022,ML-DSA-44,0.00012762006372213364,0.00012266193516552448,6.774510256946087e-05,6.672956315102056,0.4884291190867591,2482153.0,2420.0,1312.0,True,False
3,27,1340842845709195150,ML-DSA-44,0.00010869000107049942,0.00015914184041321278,6.224680691957474e-05,11.101198951946571,0.4372293280117261,2482153.0,2420.0,1312.0,True,False
3,27,17145738053752025401,ML-DSA-44,0.0002016969956457615,0.00030255806632339954,4.1479943320155144e-05,11.070874267956242,0.457050107941506,2482153.0,2420.0,1312.0,True,False
3,27,687877116696672916,ML-DSA-44,0.0002546878531575203,0.000401010038331151,4.195817746222019e-05,11.062362810131162,0.4636967814687616,2482153.0,2420.0,1312.0,True,False
3,27,12439186471127492576,ML-DSA-44,0.00016587693244218826,0.000134715111926198,4.033907316625118e-05,11.28900117892772,0.464575861527282,2482153.0,2420.0,1312.0,True,False
3,27,4400663901772246956,ML-DSA-44,0.0004315020050853491,0.000482264906167984,4.175701178610325e-05,11.175200375029817,0.5090535764884987,2482153.0,2420.0,1312.0,True,False
3,27,548439921964421980,ML-DSA-44,0.00025852699764072895,0.00024766894057393074,5.9066107496619225e-05,11.247047018958256,0.49410933984597777,2482153.0,2420.0,1312.0,True,False
3,27,17699886586939373670,ML-DSA-44,0.0002740700729191303,0.0002781478688120842,6.366288289427757e-05,11.052553362911567,0.45193015116083013,2482153.0,2420.0,1312.0,True,False
3,27,10701434584707810197,ML-DSA-44,0.000283172819763422,0.00040626502595841885,4.42510936409235e-05,11.240715219872072,0.4776009995205577,2482153.0,2420.0,1312.0,True,False
3,27,9526700071003696022,ML-DSA-44,0.00012025912292301655,0.00013500615023076534,4.2448053136467934e-05,6.462301403982565,0.4274283786345819,2482153.0,2420.0,1312.0,True,False
3,27,18097281050465598461,ML-DSA-44,0.00014777411706745625,0.00022886204533278942,4.692608490586281e-05,6.506074809003621,0.47032477294990593,2482153.0,2420.0,1312.0,True,False
3,28,687877116696672916,ML-DSA-44,0.00025670602917671204,0.00024784496054053307,5.801394581794739e-05,11.103860256029293,0.468972258806632,2482153.0,2420.0,1312.0,True,False
3,28,17145738053752025401,ML-DSA-44,0.00021722703240811825,0.00020352797582745552,4.1523948311805725e-05,11.402223971905187,0.4388521840428091,2482153.0,2420.0,1312.0,True,False
3,28,1340842845709195150,ML-DSA-44,0.00025912607088685036,0.00042834412306547165,4.14771493524313e-05,11.299983290024102,0.44632906274525985,2482153.0,2420.0,1312.0,True,False
3,28,12439186471127492576,ML-DSA-44,0.00018369220197200775,0.00024893111549317837,4.78941947221756e-05,11.551777373999357,0.4424262149081488,2482153.0,2420.0,1312.0,True,False
3,28,10701434584707810197,ML-DSA-44,0.00024761795066297054,0.0002819111105054617,4.229089245200157e-05,10.955843456089497,0.46033638894890144,2482153.0,2420.0,1312.0,True,False
3,28,548439921964421980,ML-DSA-44,0.00026739900931715965,0.00031373207457363605,4.168599843978882e-05,11.141847156919539,0.41691355251819845,2482153.0,2420.0,1312.0,True,False
3,28,4400663901772246956,ML-DSA-44,0.00024064304307103157,0.00012035993859171867,9.575719013810158e-05,11.232125682057813,0.4539576102475262,2482153.0,2420.0,1312.0,True,False
3,28,17699886586939373670,ML-DSA-44,0.00019049691036343575,0.00018515600822865963,4.20580618083477e-05,11.211172002134845,0.4378597890709046,2482153.0,2420.0,1312.0,True,False
3,28,18097281050465598461,ML-DSA-44,0.0002023510169237852,0.0001997940707951784,4.174187779426575e-05,6.3829342720564455,0.4073511818483187,2482153.0,2420.0,1312.0,True,False
3,28,9526700071003696022,ML-DSA-44,0.0001242759171873331,0.00019797193817794323,4.9080001190304756e-05,6.3978739369194955,0.43294170729009207,2482153.0,2420.0,1312.0,True,False
3,29,687877116696672916,ML-DSA-44,0.00029299594461917877,0.0007011960260570049,8.91669187694788e-05,10.867147281998768,0.44755367518278066,2482153.0,2420.0,1312.0,True,False
3,29,12439186471127492576,ML-DSA-44,0.00027797603979706764,0.0009646229445934296,4.1526975110173225e-05,11.063992061885074,0.401869302829075,2482153.0,2420.0,1312.0,True,False
3,29,1340842845709195150,ML-DSA-44,0.00030809990130364895,0.0002604930195957422,4.040100611746311e-05,11.036984835052863,0.43683403908352186,2482153.0,2420.0,1312.0,True,False
3,29,17145738053752025401,ML-DSA-44,0.00019883597269654274,0.00019320892170071602,4.120706580579281e-05,11.120621012058109,0.4265051559384936,2482153.0,2420.0,1312.0,True,False
3,29,10701434584707810197,ML-DSA-44,0.00019645388238132,0.00035744206979870796,4.092301242053509e-05,11.559239580994472,0.42286142607213584,2482153.0,2420.0,1312.0,True,False
3,29,4400663901772246956,ML-DSA-44,0.0003321720287203789,0.00022555608302354813,7.067597471177578e-05,11.573798994068056,0.43664614626675086,2482153.0,2420.0,1312.0,True,False
3,29,548439921964421980,ML-DSA-44,0.00013194303028285503,0.00016119703650474548,5.621882155537605e-05,11.617803602013737,0.4197575349692896,2482153.0,2420.0,1312.0,True,False
3,29,17699886586939373670,ML-DSA-44,0.00018932996317744255,0.00019974284805357456,4.162290133535862e-05,11.678651342866942,0.40796713667453094,2482153.0,2420.0,1312.0,True,False
3,29,18097281050465598461,ML-DSA-44,0.0001585588324815035,0.00012259697541594505,4.1588908061385155e-05,6.314271735027432,0.44850421395556184,2482153.0,2420.0,1312.0,True,False
3,29,9526700071003696022,ML-DSA-44,0.00018846290186047554,0.00020372401922941208,4.4958898797631264e-05,6.283493629889563,0.44048221641854873,2482153.0,2420.0,1312.0,True,False
3,30,687877116696672916,ML-DSA-44,0.0003317550290375948,0.00041233887895941734,5.7647936046123505e-05,11.221426527015865,0.41838634055653573,2482153.0,2420.0,1312.0,True,False
3,30,1340842845709195150,ML-DSA-44,0.000185895012691617,0.00021047983318567276,4.120403900742531e-05,11.208446652861312,0.41880463242269816,2482153.0,2420.0,1312.0,True,False
3,30,12439186471127492576,ML-DSA-44,0.0002523430157452822,0.0002524489536881447,4.099193029105663e-05,11.45199762005359,0.3997292988666683,2482153.0,2420.0,1312.0,True,False
3,30,17145738053752025401,ML-DSA-44,0.0001774081028997898,0.00022333208471536636,4.20580618083477e-05,11.462489034980536,0.37923774043109953,2482153.0,2420.0,1312.0,True,False
3,30,4400663901772246956,ML-DSA-44,0.00035289092920720577,0.00022773398086428642,4.150182940065861e-05,11.126067128963768,0.42930416581309905,2482153.0,2420.0,1312.0,True,False
3,30,10701434584707810197,ML-DSA-44,0.00017442810349166393,0.00029920716769993305,4.3730949983000755e-05,11.318574350094423,0.41483168623107636,2482153.0,2420.0,1312.0,True,False
3,30,548439921964421980,ML-DSA-44,0.00016397912986576557,0.00013475795276463032,6.16398174315691e-05,11.335691702086478,0.40445436677853963,2482153.0,2420.0,1312.0,True,False
3,30,17699886586939373670,ML-DSA-44,0.00013406621292233467,0.00029307580552995205,4.483899101614952e-05,11.262367082061246,0.39152270258303473,2482153.0,2420.0,1312.0,True,False
3,30,18097281050465598461,ML-DSA-44,0.00013916497118771076,0.00026065087877213955,4.319893196225166e-05,6.327339910902083,0.39246544659517374,2482153.0,2420.0,1312.0,True,False
3,30,9526700071003696022,ML-DSA-44,0.00018674111925065517,0.00017801602371037006,4.763808101415634e-05,6.383815287146717,0.3974610751815093,2482153.0,2420.0,1312.0,True,False
4,1,10017566874945710082,ML-DSA-44,0.0013295540120452642,0.0005955789238214493,7.849512621760368e-05,11.28163542598486,2.0103479806025315,2482153.0,2420.0,1312.0,True,False
4,1,320590395207440238,ML-DSA-44,0.0013834880664944649,0.0003832599613815546,4.155305214226246e-05,11.322641385020688,2.01197532863374,2482153.0,2420.0,1312.0,True,False
4,1,9981357132950405291,ML-DSA-44,0.0015693120658397675,0.0002519290428608656,5.6052813306450844e-05,11.509207024006173,2.0586845821635738,2482153.0,2420.0,1312.0,True,False
4,1,10186575182880461168,ML-DSA-44,0.0014709301758557558,0.00024865008890628815,4.3912092223763466e-05,11.359709708951414,2.0269732270271157,2482153.0,2420.0,1312.0,True,False
4,1,14824438991917806782,ML-DSA-44,0.0001742970198392868,0.00013413187116384506,7.270090281963348e-05,11.06822890904732,2.053998394376913,2482153.0,2420.0,1312.0,True,False
4,1,8466565527886840,ML-DSA-44,0.00017229001969099045,0.00032121920958161354,4.458194598555565e-05,11.099828004138544,2.062829959164759,2482153.0,2420.0,1312.0,True,False
4,1,3531903821392564986,ML-DSA-44,0.0001389801036566496,0.00025441404432058334,4.63209580630064e-05,11.271675351075828,2.0356734634205034,2482153.0,2420.0,1312.0,True,False
4,1,4011463698052018912,ML-DSA-44,0.0001358340959995985,0.00015785498544573784,4.711886867880821e-05,11.221613188972697,2.1093741693314474,2482153.0,2420.0,1312.0,True,False
4,1,12033301504395941548,ML-DSA-44,0.00013904902152717113,0.00016912189312279224,4.422478377819061e-05,6.401093121152371,2.0366489613891408,2482153.0,2420.0,1312.0,True,False
4,1,7411477741184763527,ML-DSA-44,0.00013282615691423416,9.84149519354105e-05,5.1720067858695984e-05,6.370108562055975,2.0670334442405944,2482153.0,2420.0,1312.0,True,False
4,2,10017566874945710082,ML-DSA-44,0.00013551488518714905,0.00014936807565391064,6.159301847219467e-05,11.278121744981036,1.7789375630153972,2482153.0,2420.0,1312.0,True,False
4,2,9981357132950405291,ML-DSA-44,0.0001271942164748907,0.00013509695418179035,4.1943974792957306e-05,11.276606831001118,1.8242617093833389,2482153.0,2420.0,1312.0,True,False
4,2,320590395207440238,ML-DSA-44,0.00027403607964515686,0.0005652080290019512,4.473188892006874e-05,11.223974569933489,1.7660191863965078,2482153.0,2420.0,1312.0,True,False
4,2,10186575182880461168,ML-DSA-44,0.00019698403775691986,0.0002263819333165884,4.171906039118767e-05,11.453672889154404,1.762522808305777,2482153.0,2420.0,1312.0,True,False
4,2,14824438991917806782,ML-DSA-44,0.00025932607240974903,0.0002073629293590784,4.742201417684555e-05,10.740538329118863,1.7809380262520662,2482153.0,2420.0,1312.0,True,False
4,2,3531903821392564986,ML-DSA-44,0.00024434993974864483,0.00018196902237832546,4.215980879962444e-05,10.915920472005382,1.8210677850018642,2482153.0,2420.0,1312.0,True,False
4,2,4011463698052018912,ML-DSA-44,0.00019824481569230556,0.00026930496096611023,5.748518742620945e-05,10.94839375698939,1.8358596464630905,2482153.0,2420.0,1312.0,True,False
4,2,8466565527886840,ML-DSA-44,0.0001326599158346653,0.00012768898159265518,7.150787860155106e-05,11.048170060152188,1.800360233920395,2482153.0,2420.0,1312.0,True,False
4,2,12033301504395941548,ML-DSA-44,0.00012895697727799416,0.00016212300397455692,4.3132808059453964e-05,6.374303323915228,1.762577500312951,2482153.0,2420.0,1312.0,True,False
4,2,7411477741184763527,ML-DSA-44,0.00012611085548996925,0.00023366999812424183,4.816101863980293e-05,6.453478618059307,1.7734503548616056,2482153.0,2420.0,1312.0,True,False
4,3,10017566874945710082,ML-DSA-44,0.0002103019505739212,0.00020158803090453148,5.7762954384088516e-05,11.064756530802697,1.5975358911380646,2482153.0,2420.0,1312.0,True,False
4,3,320590395207440238,ML-DSA-44,0.00036703399382531643,0.0002448391169309616,4.112790338695049e-05,11.266587628051639,1.6416343716299457,2482153.0,2420.0,1312.0,True,False
4,3,9981357132950405291,ML-DSA-44,0.00017035403288900852,0.00013243104331195354,7.054698653519154e-05,11.292773122200742,1.6216203361559824,2482153.0,2420.0,1312.0,True,False
4,3,10186575182880461168,ML-DSA-44,0.00034318212419748306,0.0003327310550957918,4.129321314394474e-05,11.253879494033754,1.608698550303271,2482153.0,2420.0,1312.0,True,False
4,3,14824438991917806782,ML-DSA-44,0.00039536203257739544,0.0004260328132659197,4.1068997234106064e-05,11.616981588071212,1.6267096290163174,2482153.0,2420.0,1312.0,True,False
4,3,4011463698052018912,ML-DSA-44,0.000176209956407547,0.00012950599193572998,4.052184522151947e-05,11.406477089971304,1.616724157029656,2482153.0,2420.0,1312.0,True,False
4,3,8466565527886840,ML-DSA-44,0.0003640740178525448,0.00019521801732480526,6.610597483813763e-05,11.746181495022029,1.6123436324915308,2482153.0,2420.0,1312.0,True,False
4,3,3531903821392564986,ML-DSA-44,0.0002823520917445421,0.00019367015920579433,6.936397403478622e-05,11.835414744215086,1.6457646090513582,2482153.0,2420.0,1312.0,True,False
4,3,7411477741184763527,ML-DSA-44,0.0001299020368605852,0.0002477129455655813,4.285597242414951e-05,6.333080556010827,1.6094169760965238,2482153.0,2420.0,1312.0,True,False
4,3,12033301504395941548,ML-DSA-44,0.0001941761001944542,0.00032632099464535713,5.043111741542816e-05,6.505481493892148,1.5584435910935615,2482153.0,2420.0,1312.0,True,False
4,4,10017566874945710082,ML-DSA-44,0.00027151312679052353,0.00016647391021251678,5.649286322295666e-05,10.938346066977829,1.502072361624165,2482153.0,2420.0,1312.0,True,False
4,4,9981357132950405291,ML-DSA-44,0.0002511800266802311,0.0006266890559345484,4.1798921301960945e-05,11.006012303056195,1.505119898516661,2482153.0,2420.0,1312.0,True,False
4,4,320590395207440238,ML-DSA-44,0.00019273487851023674,0.0002224941272288561,4.194909706711769e-05,11.101133785909042,1.5160084423745515,2482153.0,2420.0,1312.0,True,False
4,4,10186575182880461168,ML-DSA-44,0.0001674080267548561,0.0001594081986695528,4.190695472061634e-05,11.031447086948901,1.482200302895467,2482153.0,2420.0,1312.0,True,False
4,4,4011463698052018912,ML-DSA-44,0.00018271501176059246,0.00018310011364519596,9.288592264056206e-05,11.115880106110126,1.518262224592221,2482153.0,2420.0,1312.0,True,False
4,4,8466565527886840,ML-DSA-44,0.00015194714069366455,0.00013007409870624542,5.532195791602135e-05,11.150587412994355,1.5071952718838004,2482153.0,2420.0,1312.0,True,False
4,4,14824438991917806782,ML-DSA-44,0.00018543098121881485,0.0002586469054222107,5.6570861488580704e-05,11.218116938136518,1.489708059532627,2482153.0,2420.0,1312.0,True,False
4,4,3531903821392564986,ML-DSA-44,0.00012860307469964027,0.00011335196904838085,4.281499423086643e-05,11.369135731132701,1.5007377468096983,2482153.0,2420.0,1312.0,True,False
4,4,12033301504395941548,ML-DSA-44,0.00019263802096247673,0.0002505672164261341,4.04061283916235e-05,6.309098000871018,1.467899969808615,2482153.0,2420.0,1312.0,True,False
4,4,7411477741184763527,ML-DSA-44,0.00012578093446791172,0.0001993938349187374,4.7561945393681526e-05,6.271739768097177,1.4680992835646223,2482153.0,2420.0,1312.0,True,False
4,5,10186575182880461168,ML-DSA-44,0.0005087470635771751,0.00035698688589036465,6.207078695297241e-05,11.19246578286402,1.393324814784299,2482153.0,2420.0,1312.0,True,False
4,5,320590395207440238,ML-DSA-44,0.0003456829581409693,0.00020053493790328503,4.4584041461348534e-05,11.643790313974023,1.4095800473431872,2482153.0,2420.0,1312.0,True,False
4,5,9981357132950405291,ML-DSA-44,0.00019488600082695484,0.00026311096735298634,4.302803426980972e-05,11.771933977026492,1.3849885585201773,2482153.0,2420.0,1312.0,True,False
4,5,10017566874945710082,ML-DSA-44,0.00031365989707410336,0.00023681111633777618,4.495307803153992e-05,11.72016700101085,1.3938251574327991,2482153.0,2420.0,1312.0,True,False
4,5,14824438991917806782,ML-DSA-44,0.0001476849429309368,0.00028052995912730694,4.3978914618492126e-05,11.24645046913065,1.4185811129345256,2482153.0,2420.0,1312.0,True,False
4,5,4011463698052018912,ML-DSA-44,0.000266779912635684,0.000235256040468812,6.237998604774475e-05,11.097165565006435,1.4065327743056473,2482153.0,2420.0,1312.0,True,False
4,5,3531903821392564986,ML-DSA-44,0.00033526401966810226,0.0002456880174577236,6.963196210563183e-05,11.215228603919968,1.4057550494837914,2482153.0,2420.0,1312.0,True,False
4,5,8466565527886840,ML-DSA-44,0.00013105198740959167,0.00011608307249844074,4.484085366129875e-05,11.172734200023115,1.428608358285989,2482153.0,2420.0,1312.0,True,False
4,5,12033301504395941548,ML-DSA-44,0.0001325129996985197,0.00013648578897118568,4.458613693714142e-05,6.488161196000874,1.3845558227247494,2482153.0,2420.0,1312.0,True,False
4,5,7411477741184763527,ML-DSA-44,0.00019349087961018085,0.00016571511514484882,5.696481093764305e-05,6.466342634987086,1.3701450551391408,2482153.0,2420.0,1312.0,True,False
4,6,320590395207440238,ML-DSA-44,0.0005728250835090876,0.0006089559756219387,7.136189378798008e-05,11.106737099122256,1.314275035432949,2482153.0,2420.0,1312.0,True,False
4,6,10017566874945710082,ML-DSA-44,0.00012652110308408737,0.0002654478885233402,4.286295734345913e-05,11.318781656911597,1.3111901841345865,2482153.0,2420.0,1312.0,True,False
4,6,10186575182880461168,ML-DSA-44,0.00023716501891613007,0.00025495910085737705,4.187086597084999e-05,11.299519267864525,1.3054634199780264,2482153.0,2420.0,1312.0,True,False
4,6,9981357132950405291,ML-DSA-44,0.00013367598876357079,0.00018491409718990326,6.073992699384689e-05,11.43988168402575,1.3338925136122735,2482153.0,2420.0,1312.0,True,False
4,6,14824438991917806782,ML-DSA-44,0.00020098616369068623,0.00013001798652112484,4.4838059693574905e-05,11.06585094705224,1.3217102927007494,2482153.0,2420.0,1312.0,True,False
4,6,3531903821392564986,ML-DSA-44,0.0001602950505912304,0.00014301296323537827,4.2899977415800095e-05,11.042312255129218,1.3285170656860255,2482153.0,2420.0,1312.0,True,False
4,6,4011463698052018912,ML-DSA-44,0.00042233802378177643,0.00023480202071368694,5.781091749668121e-05,11.262385776964948,1.3101273558701678,2482153.0,2420.0,1312.0,True,False
4,6,8466565527886840,ML-DSA-44,0.00018789106979966164,0.0002141369041055441,4.771817475557327e-05,11.174661393044516,1.339847724528829,2482153.0,2420.0,1312.0,True,False
4,6,12033301504395941548,ML-DSA-44,0.00015471596270799637,0.00018859701231122017,4.356098361313343e-05,6.389182149898261,1.2869038957699088,2482153.0,2420.0,1312.0,True,False
4,6,7411477741184763527,ML-DSA-44,0.00019222614355385303,0.00016422197222709656,5.24579081684351e-05,6.344336825888604,1.298783996682258,2482153.0,2420.0,1312.0,True,False
4,7,320590395207440238,ML-DSA-44,0.000252018915489316,0.00021461001597344875,5.708797834813595e-05,10.957285554148257,1.2323063634763098,2482153.0,2420.0,1312.0,True,False
4,7,10017566874945710082,ML-DSA-44,0.0001776448916643858,0.0004027518443763256,4.275399260222912e-05,11.061563475988805,1.2200747405647472,2482153.0,2420.0,1312.0,True,False
4,7,9981357132950405291,ML-DSA-44,0.00017417408525943756,0.00014586583711206913,4.0733953937888145e-05,11.266761165810749,1.253505431163083,2482153.0,2420.0,1312.0,True,False
4,7,10186575182880461168,ML-DSA-44,0.00013195211067795753,0.0002945160958915949,4.1152117773890495e-05,11.162154465913773,1.2329321025283473,2482153.0,2420.0,1312.0,True,False
4,7,14824438991917806782,ML-DSA-44,0.00018540909513831139,0.0002933789510279894,4.191999323666096e-05,10.736678658984601,1.2510529354119757,2482153.0,2420.0,1312.0,True,False
4,7,3531903821392564986,ML-DSA-44,0.00017268210649490356,0.0002782780211418867,4.271604120731354e-05,10.838131298078224,1.234163552712483,2482153.0,2420.0,1312.0,True,False
4,7,4011463698052018912,ML-DSA-44,0.0002412141766399145,0.00011829892173409462,5.495408549904823e-05,10.953411303227767,1.233416219425809,2482153.0,2420.0,1312.0,True,False
4,7,8466565527886840,ML-DSA-44,0.00012792902998626232,0.00020752986893057823,5.0898874178528786e-05,10.983256766106933,1.2575689960437215,2482153.0,2420.0,1312.0,True,False
4,7,12033301504395941548,ML-DSA-44,0.00016791187226772308,0.00018074200488626957,4.352908581495285e-05,6.437594474060461,1.2260129592221254,2482153.0,2420.0,1312.0,True,False
4,7,7411477741184763527,ML-DSA-44,0.0002631691750138998,0.00018789502792060375,5.0187110900878906e-05,6.458424634998664,1.2304277435229842,2482153.0,2420.0,1312.0,True,False
4,8,9981357132950405291,ML-DSA-44,0.00034689181484282017,0.0002746959216892719,6.805802695453167e-05,11.176922925980762,1.177800736609538,2482153.0,2420.0,1312.0,True,False
4,8,10017566874945710082,ML-DSA-44,0.0003548269160091877,0.00043985084630548954,4.1085993871092796e-05,11.220028171082959,1.1602055468377035,2482153.0,2420.0,1312.0,True,False
4,8,320590395207440238,ML-DSA-44,0.0002088160254061222,0.0002732439897954464,4.082499071955681e-05,11.266212098998949,1.1714052911017352,2482153.0,2420.0,1312.0,True,False
4,8,10186575182880461168,ML-DSA-44,0.000158804003149271,0.00011606910265982151,4.2759114876389503e-05,11.324859174899757,1.1458442006141516,2482153.0,2420.0,1312.0,True,False
4,8,4011463698052018912,ML-DSA-44,0.0001833820715546608,0.00037596002221107483,4.155794158577919e-05,11.485408226028085,1.1656196337596627,2482153.0,2420.0,1312.0,True,False
4,8,14824438991917806782,ML-DSA-44,0.0001888421829789877,0.00017316988669335842,4.1836174204945564e-05,11.57497898186557,1.17300274493588,2482153.0,2420.0,1312.0,True,False
4,8,8466565527886840,ML-DSA-44,0.0002250580582767725,0.00026744604110717773,5.6848861277103424e-05,11.619144537951797,1.1950567687392994,2482153.0,2420.0,1312.0,True,False
4,8,3531903821392564986,ML-DSA-44,0.00013099005445837975,0.0001594868954271078,4.1757943108677864e-05,11.699636666104198,1.16131470005983,2482153.0,2420.0,1312.0,True,False
4,8,12033301504395941548,ML-DSA-44,0.00023138197138905525,0.00013730302453041077,4.0152110159397125e-05,6.20170544506982,1.1679396192738964,2482153.0,2420.0,1312.0,True,False
4,8,7411477741184763527,ML-DSA-44,0.00012955814599990845,0.00014658179134130478,5.668308585882187e-05,6.280658660223708,1.166706839184852,2482153.0,2420.0,1312.0,True,False
4,9,9981357132950405291,ML-DSA-44,0.00041957106441259384,0.00017358199693262577,5.644792690873146e-05,11.155844982946292,1.128327360198756,2482153.0,2420.0,1312.0,True,False
4,9,320590395207440238,ML-DSA-44,0.0003072598483413458,0.00032784417271614075,4.119495861232281e-05,11.13353553507477,1.1083880063075169,2482153.0,2420.0,1312.0,True,False
4,9,10186575182880461168,ML-DSA-44,0.00032558105885982513,0.0004834141582250595,4.149111919105053e-05,11.10929266596213,1.0853239571212963,2482153.0,2420.0,1312.0,True,False
4,9,10017566874945710082,ML-DSA-44,0.0001813541166484356,0.0002308401744812727,4.1389139369130135e-05,11.317361414898187,1.0856570935553047,2482153.0,2420.0,1312.0,True,False
4,9,3531903821392564986,ML-DSA-44,0.00018856790848076344,0.00019840989261865616,4.093209281563759e-05,10.802112309960648,1.0906928310728377,2482153.0,2420.0,1312.0,True,False
4,9,4011463698052018912,ML-DSA-44,0.00018714694306254387,0.0003169691190123558,4.0836166590452194e-05,11.007864096201956,1.104766743198322,2482153.0,2420.0,1312.0,True,False
4,9,14824438991917806782,ML-DSA-44,0.00017049815505743027,0.00014814501628279686,5.7622091844677925e-05,11.316018938785419,1.114275738691828,2482153.0,2420.0,1312.0,True,False
4,9,8466565527886840,ML-DSA-44,0.000191990053281188,0.00017058500088751316,4.071695730090141e-05,11.219553953036666,1.1274154991101308,2482153.0,2420.0,1312.0,True,False
4,9,12033301504395941548,ML-DSA-44,0.00013180822134017944,0.00019457819871604443,4.070485010743141e-05,6.166468420997262,1.109219966420702,2482153.0,2420.0,1312.0,True,False
4,9,7411477741184763527,ML-DSA-44,0.00013279402628540993,9.697303175926208e-05,4.433700814843178e-05,6.376790859969333,1.0979076715032006,2482153.0,2420.0,1312.0,True,False
4,10,10017566874945710082,ML-DSA-44,0.00035362900234758854,0.0005069470498710871,5.604000762104988e-05,11.351690084906295,1.0332671969559541,2482153.0,2420.0,1312.0,True,False
4,10,9981357132950405291,ML-DSA-44,0.00021857698448002338,0.00028343498706817627,4.170788452029228e-05,11.661076687974855,1.0547730926495449,2482153.0,2420.0,1312.0,True,False
4,10,10186575182880461168,ML-DSA-44,0.0002475208602845669,0.0001766621135175228,4.080403596162796e-05,11.772584004094824,1.0421437119982044,2482153.0,2420.0,1312.0,True,False
4,10,320590395207440238,ML-DSA-44,0.00021131010726094246,0.00016543595120310783,4.087388515472412e-05,11.860147644067183,1.0473057650456763,2482153.0,2420.0,1312.0,True,False
4,10,14824438991917806782,ML-DSA-44,0.00027696508914232254,0.00033076805993914604,4.09088097512722e-05,11.463002536911517,1.0538944791836344,2482153.0,2420.0,1312.0,True,False
4,10,3531903821392564986,ML-DSA-44,0.00013049808330833912,0.00029336288571357727,4.177587106823921e-05,11.20816214196384,1.0298878635950148,2482153.0,2420.0,1312.0,True,False
4,10,4011463698052018912,ML-DSA-44,0.0001318140421062708,0.00013490905985236168,5.4906122386455536e-05,11.3888489541132,1.0467883401615605,2482153.0,2420.0,1312.0,True,False
4,10,8466565527886840,ML-DSA-44,0.0001296119298785925,0.00014116009697318077,4.1492050513625145e-05,11.331105296034366,1.0628015110447149,2482153.0,2420.0,1312.0,True,False
4,10,12033301504395941548,ML-DSA-44,0.0001293439418077469,0.00014809914864599705,4.0699029341340065e-05,6.50691258488223,1.0443020696472969,2482153.0,2420.0,1312.0,True,False
4,10,7411477741184763527,ML-DSA-44,0.00020282994955778122,0.00020750286057591438,4.816497676074505e-05,6.496911109192297,1.0210185409731167,2482153.0,2420.0,1312.0,True,False
4,11,10017566874945710082,ML-DSA-44,0.0003052111715078354,0.00023623299784958363,5.701696500182152e-05,11.237442808924243,0.9841446460811956,2482153.0,2420.0,1312.0,True,False
4,11,9981357132950405291,ML-DSA-44,0.00017421599477529526,0.00018827803432941437,4.269508644938469e-05,11.238597198855132,1.0078771657245174,2482153.0,2420.0,1312.0,True,False
4,11,10186575182880461168,ML-DSA-44,0.00016418611630797386,0.0002011139877140522,4.995916970074177e-05,11.345437973039225,0.9722740304697851,2482153.0,2420.0,1312.0,True,False
4,11,320590395207440238,ML-DSA-44,0.00016412907280027866,0.00015292782336473465,4.120613448321819e-05,11.354070079047233,0.9932866918433244,2482153.0,2420.0,1312.0,True,False
4,11,3531903821392564986,ML-DSA-44,0.00032905396074056625,0.00019752001389861107,4.075001925230026e-05,10.932224818039685,0.9804600450643308,2482153.0,2420.0,1312.0,True,False
4,11,14824438991917806782,ML-DSA-44,0.00024533504620194435,0.00035626115277409554,4.525412805378437e-05,10.997209454188123,1.0033972730302507,2482153.0,2420.0,1312.0,True,False
4,11,4011463698052018912,ML-DSA-44,0.00031435792334377766,0.00026155193336308,5.653407424688339e-05,11.187922435812652,0.9707667421383462,2482153.0,2420.0,1312.0,True,False
4,11,8466565527886840,ML-DSA-44,0.00018637394532561302,0.00021435902453958988,4.077795892953873e-05,11.274818144971505,0.997234835746182,2482153.0,2420.0,1312.0,True,False
4,11,7411477741184763527,ML-DSA-44,0.00023264484480023384,0.00014674989506602287,8.116103708744049e-05,6.723166943993419,0.9650870348997177,2482153.0,2420.0,1312.0,True,False
4,11,12033301504395941548,ML-DSA-44,0.00013277889229357243,0.00017038104124367237,4.651094786822796e-05,7.023530126083642,0.9846761190587547,2482153.0,2420.0,1312.0,True,False
4,12,10186575182880461168,ML-DSA-44,0.00025323498994112015,0.00023414986208081245,5.796598270535469e-05,11.025915345875546,0.9293887070409811,2482153.0,2420.0,1312.0,True,False
4,12,320590395207440238,ML-DSA-44,0.00024132011458277702,0.0004009529948234558,4.099099896848202e-05,11.065452954964712,0.9542570713978664,2482153.0,2420.0,1312.0,True,False
4,12,9981357132950405291,ML-DSA-44,0.00018968991935253143,0.00035137799568474293,4.0357932448387146e-05,11.136473654070869,0.9581356270677724,2482153.0,2420.0,1312.0,True,False
4,12,10017566874945710082,ML-DSA-44,0.00021987012587487698,0.0002215588465332985,4.099286161363125e-05,11.074464113917202,0.9385506114003005,2482153.0,2420.0,1312.0,True,False
4,12,14824438991917806782,ML-DSA-44,0.00026804301887750626,0.0002514519728720188,4.2737927287817e-05,10.753002536017448,0.9506253846891367,2482153.0,2420.0,1312.0,True,False
4,12,3531903821392564986,ML-DSA-44,0.0002685899380594492,0.000485369935631752,4.048319533467293e-05,10.979718358954415,0.9517616863083688,2482153.0,2420.0,1312.0,True,False
4,12,4011463698052018912,ML-DSA-44,0.00017998996190726757,0.00026131095364689827,7.137912325561047e-05,10.944790487876162,0.9464126189423215,2482153.0,2420.0,1312.0,True,False
4,12,8466565527886840,ML-DSA-44,0.00014305510558187962,0.0001339060254395008,4.188297316431999e-05,11.076085241045803,0.9490246347561004,2482153.0,2420.0,1312.0,True,False
4,12,12033301504395941548,ML-DSA-44,0.0001384299248456955,0.00023624696768820286,4.130811430513859e-05,6.508600181899965,0.936770989446883,2482153.0,2420.0,1312.0,True,False
4,12,7411477741184763527,ML-DSA-44,0.00012785382568836212,0.00012680096551775932,5.0724949687719345e-05,6.509346469072625,0.9293194885846157,2482153.0,2420.0,1312.0,True,False
4,13,9981357132950405291,ML-DSA-44,0.0003768948372453451,0.00031927390955388546,5.607889033854008e-05,10.814443139126524,0.910321326012824,2482153.0,2420.0,1312.0,True,False
4,13,10017566874945710082,ML-DSA-44,0.00021131103858351707,0.00021317508071660995,4.0740007534623146e-05,10.810919119045138,0.8952711486512688,2482153.0,2420.0,1312.0,True,False
4,13,320590395207440238,ML-DSA-44,0.0001659030094742775,0.0002750291023403406,4.2418017983436584e-05,10.897802050923929,0.9175388598518007,2482153.0,2420.0,1312.0,True,False
4,13,10186575182880461168,ML-DSA-44,0.00017000106163322926,0.00025416910648345947,4.095700569450855e-05,11.017549848882481,0.9050626925602081,2482153.0,2420.0,1312.0,True,False
4,13,4011463698052018912,ML-DSA-44,0.00026478501968085766,0.00023543601855635643,4.1803810745477676e-05,11.293790546013042,0.8932145382188688,2482153.0,2420.0,1312.0,True,False
4,13,14824438991917806782,ML-DSA-44,0.00029275589622557163,0.00026381807401776314,4.184991121292114e-05,11.590856507886201,0.9204428742645653,2482153.0,2420.0,1312.0,True,False
4,13,3531903821392564986,ML-DSA-44,0.0002068900503218174,0.00017476920038461685,5.6687043979763985e-05,11.816335789160803,0.913456619545153,2482153.0,2420.0,1312.0,True,False
4,13,8466565527886840,ML-DSA-44,0.00022639799863100052,0.00024168496020138264,4.106387495994568e-05,11.555948437890038,0.9130571327012056,2482153.0,2420.0,1312.0,True,False
4,13,12033301504395941548,ML-DSA-44,0.0001689959317445755,0.0001452299766242504,4.1065970435738564e-05,6.250646892935038,0.9003930425947639,2482153.0,2420.0,1312.0,True,False
4,13,7411477741184763527,ML-DSA-44,0.0001282759476453066,0.00012872787192463875,4.3675070628523827e-05,6.394313213881105,0.8725944770749208,2482153.0,2420.0,1312.0,True,False
4,14,320590395207440238,ML-DSA-44,0.00016041286289691925,0.00016768812201917171,5.676690489053726e-05,11.125931271119043,0.8742229999250667,2482153.0,2420.0,1312.0,True,False
4,14,10186575182880461168,ML-DSA-44,0.00015907199122011662,0.00026686396449804306,4.0661077946424484e-05,11.115897265961394,0.8560300674408104,2482153.0,2420.0,1312.0,True,False
4,14,9981357132950405291,ML-DSA-44,0.00018810201436281204,0.00020442181266844273,4.092114977538586e-05,11.224772926885635,0.8755128355162918,2482153.0,2420.0,1312.0,True,False
4,14,10017566874945710082,ML-DSA-44,0.0003086430951952934,0.0003408021293580532,4.119495861232281e-05,11.20605376502499,0.8626064857479873,2482153.0,2420.0,1312.0,True,False
4,14,14824438991917806782,ML-DSA-44,0.0003974749706685543,0.00037094601429998875,4.101591184735298e-05,11.043461829889566,0.8750381712700911,2482153.0,2420.0,1312.0,True,False
4,14,4011463698052018912,ML-DSA-44,0.0001914899330586195,0.0003338959068059921,4.09870408475399e-05,11.06533880601637,0.8539536135971166,2482153.0,2420.0,1312.0,True,False
4,14,3531903821392564986,ML-DSA-44,0.0003070058301091194,0.0003064230550080538,5.758204497396946e-05,11.180370835121721,0.8538649298582867,2482153.0,2420.0,1312.0,True,False
4,14,8466565527886840,ML-DSA-44,0.00021049496717751026,0.0003034339752048254,8.079805411398411e-05,11.127259975066409,0.8759184168402556,2482153.0,2420.0,1312.0,True,False
4,14,12033301504395941548,ML-DSA-44,0.00013125897385179996,0.00015413295477628708,4.183105193078518e-05,6.298987159971148,0.8645968797859872,2482153.0,2420.0,1312.0,True,False
4,14,7411477741184763527,ML-DSA-44,0.00019220192916691303,0.0001507340930402279,4.477892071008682e-05,6.404137162026018,0.8532050551882215,2482153.0,2420.0,1312.0,True,False
4,15,10017566874945710082,ML-DSA-44,0.00029039010405540466,0.0006391790229827166,5.661393515765667e-05,11.31757555087097,0.8055128975279012,2482153.0,2420.0,1312.0,True,False
4,15,320590395207440238,ML-DSA-44,0.00014991103671491146,0.00020339409820735455,4.1553983464837074e-05,11.430867177899927,0.8180472750192994,2482153.0,2420.0,1312.0,True,False
4,15,10186575182880461168,ML-DSA-44,0.0003597030881792307,0.00018777092918753624,4.088995046913624e-05,11.37188434205018,0.8149764938339307,2482153.0,2420.0,1312.0,True,False
4,15,9981357132950405291,ML-DSA-44,0.00016427994705736637,0.00021678302437067032,4.448392428457737e-05,11.586865890072659,0.8395876324480507,2482153.0,2420.0,1312.0,True,False
4,15,14824438991917806782,ML-DSA-44,0.000158695038408041,0.000262188958004117,4.142080433666706e-05,10.916125599993393,0.82246965701413,2482153.0,2420.0,1312.0,True,False
4,15,3531903821392564986,ML-DSA-44,0.00023076310753822327,0.0003347410820424557,4.165410064160824e-05,10.9024397789035,0.8214198222775368,2482153.0,2420.0,1312.0,True,False
4,15,4011463698052018912,ML-DSA-44,0.00040518399327993393,0.00043853907845914364,6.296206265687943e-05,11.087423887103796,0.8005427099337243,2482153.0,2420.0,1312.0,True,False
4,15,8466565527886840,ML-DSA-44,0.0001838190946727991,0.00027620699256658554,4.207412712275982e-05,11.041602961020544,0.8280701532865026,2482153.0,2420.0,1312.0,True,False
4,15,12033301504395941548,ML-DSA-44,0.00019536493346095085,0.000254123006016016,4.1909050196409225e-05,6.200125187868252,0.8090440329093083,2482153.0,2420.0,1312.0,True,False
4,15,7411477741184763527,ML-DSA-44,0.0001921581570059061,0.00017605512402951717,8.555804379284382e-05,6.3526383130811155,0.8254108703250338,2482153.0,2420.0,1312.0,True,False
4,16,320590395207440238,ML-DSA-44,0.00022933888249099255,0.00013222591951489449,5.7558994740247726e-05,11.233961592894047,0.7767973397947421,2482153.0,2420.0,1312.0,True,False
4,16,10017566874945710082,ML-DSA-44,0.00019602500833570957,0.00023391703143715858,4.1457125917077065e-05,11.351875520078465,0.7723013879197418,2482153.0,2420.0,1312.0,True,False
4,16,10186575182880461168,ML-DSA-44,0.0001917129848152399,0.00022590486332774162,4.151300527155399e-05,11.33770080609247,0.7770517981925588,2482153.0,2420.0,1312.0,True,False
4,16,9981357132950405291,ML-DSA-44,0.00026408303529024124,0.00022498797625303268,4.114094190299511e-05,11.453276129905134,0.8152470819319889,2482153.0,2420.0,1312.0,True,False
4,16,4011463698052018912,ML-DSA-44,0.0001891949214041233,0.00012531504034996033,4.0812185034155846e-05,11.376997899031267,0.7479334785869927,2482153.0,2420.0,1312.0,True,False
4,16,14824438991917806782,ML-DSA-44,0.00020101317204535007,0.00022386317141354084,4.2898813262581825e-05,11.649874343071133,0.7797527392009261,2482153.0,2420.0,1312.0,True,False
4,16,8466565527886840,ML-DSA-44,0.00018193013966083527,0.000262922840192914,8.700694888830185e-05,11.472436521900818,0.7965337119664356,2482153.0,2420.0,1312.0,True,False
4,16,3531903821392564986,ML-DSA-44,0.00017276103608310223,0.00023109791800379753,4.089483991265297e-05,11.985136297997087,0.7903833679712502,2482153.0,2420.0,1312.0,True,False
4,16,12033301504395941548,ML-DSA-44,0.00027159787714481354,0.0002766300458461046,4.0986109524965286e-05,6.307361594866961,0.7795385874001084,2482153.0,2420.0,1312.0,True,False
4,16,7411477741184763527,ML-DSA-44,0.0001931469887495041,0.00016438402235507965,4.767789505422115e-05,6.252477075904608,0.765021780778648,2482153.0,2420.0,1312.0,True,False
4,17,9981357132950405291,ML-DSA-44,0.0002803308889269829,0.0004233859945088625,6.105308420956135e-05,10.961433177115396,0.7555466223104744,2482153.0,2420.0,1312.0,True,False
4,17,10186575182880461168,ML-DSA-44,0.0002590520307421684,0.0002260569017380476,4.3697189539670944e-05,11.105761307990178,0.7498156133161229,2482153.0,2420.0,1312.0,True,False
4,17,10017566874945710082,ML-DSA-44,0.00022971094585955143,0.0003786478191614151,4.06170729547739e-05,11.236980138113722,0.7324393064163293,2482153.0,2420.0,1312.0,True,False
4,17,320590395207440238,ML-DSA-44,0.0001581569667905569,0.0002595160622149706,4.227505996823311e-05,11.277170123998076,0.7404694513530489,2482153.0,2420.0,1312.0,True,False
4,17,14824438991917806782,ML-DSA-44,0.00024969782680273056,0.00015472806990146637,4.329788498580456e-05,11.00277154496871,0.7584669218890986,2482153.0,2420.0,1312.0,True,False
4,17,3531903821392564986,ML-DSA-44,0.00012380792759358883,0.00024046795442700386,4.189717583358288e-05,10.876631323015317,0.7706561048699033,2482153.0,2420.0,1312.0,True,False
4,17,4011463698052018912,ML-DSA-44,0.0003420179709792137,0.0003977930173277855,6.639095954596996e-05,10.791649532970041,0.706461883179701,2482153.0,2420.0,1312.0,True,False
4,17,8466565527886840,ML-DSA-44,0.0001372478436678648,0.00015299697406589985,4.074885509908199e-05,10.915881457971409,0.7553465589406384,2482153.0,2420.0,1312.0,True,False
4,17,12033301504395941548,ML-DSA-44,0.00013041100464761257,0.00012141000479459763,4.101893864572048e-05,6.262151199160144,0.7490431850977765,2482153.0,2420.0,1312.0,True,False
4,17,7411477741184763527,ML-DSA-44,0.00019046408124268055,0.0002985249739140272,6.79579097777605e-05,6.406114913057536,0.7297152585474549,2482153.0,2420.0,1312.0,True,False
4,18,10186575182880461168,ML-DSA-44,0.00018869386985898018,0.00013907300308346748,5.890103057026863e-05,11.341757321031764,0.7001481924656849,2482153.0,2420.0,1312.0,True,False
4,18,10017566874945710082,ML-DSA-44,0.00016748183406889439,0.00020123622380197048,4.154117777943611e-05,11.585721926065162,0.6868635730189123,2482153.0,2420.0,1312.0,True,False
4,18,320590395207440238,ML-DSA-44,0.00027441210113465786,0.00025770883075892925,4.161195829510689e-05,11.874173623975366,0.7167778840869855,2482153.0,2420.0,1312.0,True,False
4,18,9981357132950405291,ML-DSA-44,0.000229391036555171,0.00017960788682103157,4.2516039684414864e-05,11.866274364991114,0.7303919322361612,2482153.0,2420.0,1312.0,True,False
4,18,14824438991917806782,ML-DSA-44,0.00017672101967036724,0.00021811085753142834,4.2945146560668945e-05,10.913425422040746,0.7193940699480141,2482153.0,2420.0,1312.0,True,False
4,18,3531903821392564986,ML-DSA-44,0.00016896799206733704,0.000213144114241004,5.0249043852090836e-05,11.158618049928918,0.7188744580100297,2482153.0,2420.0,1312.0,True,False
4,18,8466565527886840,ML-DSA-44,0.0001759040169417858,0.00015124399214982986,5.9888930991292e-05,10.859562803991139,0.717027095947296,2482153.0,2420.0,1312.0,True,False
4,18,4011463698052018912,ML-DSA-44,0.00021552620455622673,0.000141537981107831,4.552979953587055e-05,10.904917546082288,0.6784736621341888,2482153.0,2420.0,1312.0,True,False
4,18,12033301504395941548,ML-DSA-44,0.0001898570917546749,0.0002024620771408081,4.602409899234772e-05,6.216738017974421,0.7170798994458405,2482153.0,2420.0,1312.0,True,False
4,18,7411477741184763527,ML-DSA-44,0.00019225501455366611,0.00017274008132517338,4.140310920774937e-05,6.166515819961205,0.7098377845754289,2482153.0,2420.0,1312.0,True,False
4,19,10017566874945710082,ML-DSA-44,0.00017806608229875565,0.00021496298722922802,5.7379016652703285e-05,10.78468961105682,0.658652976202737,2482153.0,2420.0,1312.0,True,False
4,19,9981357132950405291,ML-DSA-44,0.00021049194037914276,0.0002380900550633669,4.204409196972847e-05,10.912075483007357,0.6971988370464106,2482153.0,2420.0,1312.0,True,False
4,19,320590395207440238,ML-DSA-44,0.00012962007895112038,0.0001574559137225151,4.213792271912098e-05,10.98681218503043,0.6888550406998131,2482153.0,2420.0,1312.0,True,False
4,19,10186575182880461168,ML-DSA-44,0.00017349491827189922,0.00013401685282588005,4.260591231286526e-05,11.13214273005724,0.66650689217695,2482153.0,2420.0,1312.0,True,False
4,19,14824438991917806782,ML-DSA-44,0.0003331198822706938,0.00035365414805710316,4.1383085772395134e-05,11.15295858704485,0.6794851302720939,2482153.0,2420.0,1312.0,True,False
4,19,3531903821392564986,ML-DSA-44,0.0002722360659390688,0.00030218204483389854,4.405598156154156e-05,10.882858496857807,0.6953404497378951,2482153.0,2420.0,1312.0,True,False
4,19,4011463698052018912,ML-DSA-44,0.0001656990498304367,0.0001499007921665907,6.0845864936709404e-05,11.046315551036969,0.644338816831446,2482153.0,2420.0,1312.0,True,False
4,19,8466565527886840,ML-DSA-44,0.00013559800572693348,0.0002053440548479557,4.319706931710243e-05,11.071881124051288,0.6794103272021956,2482153.0,2420.0,1312.0,True,False
4,19,12033301504395941548,ML-DSA-44,0.0001352890394628048,0.00026893289759755135,4.409183748066425e-05,6.322444143937901,0.6885921441160949,2482153.0,2420.0,1312.0,True,False
4,19,7411477741184763527,ML-DSA-44,0.00012654997408390045,0.00023721507750451565,5.137803964316845e-05,6.374745512148365,0.6555245208322622,2482153.0,2420.0,1312.0,True,False
4,20,10186575182880461168,ML-DSA-44,0.0001737161073833704,0.00019048084504902363,5.825492553412914e-05,10.769149085972458,0.6171568018046154,2482153.0,2420.0,1312.0,True,False
4,20,10017566874945710082,ML-DSA-44,0.0003240949008613825,0.0002829350996762514,4.154397174715996e-05,11.040526644093916,0.6404711434226127,2482153.0,2420.0,1312.0,True,False
4,20,320590395207440238,ML-DSA-44,0.00014105881564319134,0.00015634181909263134,4.179496318101883e-05,11.166565374936908,0.6509651859664614,2482153.0,2420.0,1312.0,True,False
4,20,9981357132950405291,ML-DSA-44,0.0002729708794504404,0.0003288658335804939,4.7546811401844025e-05,11.154269777005538,0.6549181160368737,2482153.0,2420.0,1312.0,True,False
4,20,14824438991917806782,ML-DSA-44,0.0001918179914355278,0.00023528910242021084,4.1414983570575714e-05,10.870682558976114,0.6511083194025004,2482153.0,2420.0,1312.0,True,False
4,20,3531903821392564986,ML-DSA-44,0.0001985509879887104,0.000384713988751173,4.2386120185256004e-05,10.777912887977436,0.6601003446396748,2482153.0,2420.0,1312.0,True,False
4,20,8466565527886840,ML-DSA-44,0.000244462164118886,0.00024811713956296444,5.764397792518139e-05,10.928581825923175,0.6401684473084795,2482153.0,2420.0,1312.0,True,False
4,20,4011463698052018912,ML-DSA-44,0.0001358881127089262,0.000124010955914855,4.207598976790905e-05,11.074470687890425,0.6201804327736994,2482153.0,2420.0,1312.0,True,False
4,20,12033301504395941548,ML-DSA-44,0.00013258308172225952,0.0001621670089662075,4.0828948840498924e-05,6.150711468886584,0.6819588926614849,2482153.0,2420.0,1312.0,True,False
4,20,7411477741184763527,ML-DSA-44,0.00012728804722428322,0.0002995631657540798,4.868418909609318e-05,6.139030592050403,0.6513442189735212,2482153.0,2420.0,1312.0,True,False
4,21,10186575182880461168,ML-DSA-44,0.00033105211332440376,0.0006045151967555285,5.858694203197956e-05,10.864945268025622,0.5991401784359269,2482153.0,2420.0,1312.0,True,False
4,21,9981357132950405291,ML-DSA-44,0.00016208691522479057,0.000205647898837924,4.336703568696976e-05,11.02159500704147,0.6608848602623697,2482153.0,2420.0,1312.0,True,False
4,21,10017566874945710082,ML-DSA-44,0.00018141791224479675,0.00019800709560513496,4.0357932448387146e-05,11.143825310049579,0.6262999323143321,2482153.0,2420.0,1312.0,True,False
4,21,320590395207440238,ML-DSA-44,0.00028983899392187595,0.00020654103718698025,4.211696796119213e-05,11.190296715125442,0.6258453665075788,2482153.0,2420.0,1312.0,True,False
4,21,14824438991917806782,ML-DSA-44,0.0002776971086859703,0.0002636148128658533,4.749489016830921e-05,11.472040149150416,0.6077175862660074,2482153.0,2420.0,1312.0,True,False
4,21,3531903821392564986,ML-DSA-44,0.0002737471368163824,0.00029197195544838905,4.0868064388632774e-05,11.666078028967604,0.6304997584907113,2482153.0,2420.0,1312.0,True,False
4,21,4011463698052018912,ML-DSA-44,0.00020616292022168636,0.00025017489679157734,5.835480988025665e-05,11.523499002913013,0.5840149458236755,2482153.0,2420.0,1312.0,True,False
4,21,8466565527886840,ML-DSA-44,0.0002012699842453003,0.0004735959228128195,4.1391002014279366e-05,11.714110865956172,0.6064979725392761,2482153.0,2420.0,1312.0,True,False
4,21,12033301504395941548,ML-DSA-44,0.00015038810670375824,0.00021169590763747692,6.296089850366116e-05,6.394273558165878,0.6262923580279965,2482153.0,2420.0,1312.0,True,False
4,21,7411477741184763527,ML-DSA-44,0.0001916680485010147,0.00021225912496447563,4.8890942707657814e-05,6.398534493986517,0.6077157920285775,2482153.0,2420.0,1312.0,True,False
4,22,10017566874945710082,ML-DSA-44,0.0002141650766134262,0.00027583399787545204,5.616107955574989e-05,11.00389006594196,0.5964641338985437,2482153.0,2420.0,1312.0,True,False
4,22,320590395207440238,ML-DSA-44,0.00019012507982552052,0.00018990994431078434,4.260498099029064e-05,11.060180481057614,0.6162808024484641,2482153.0,2420.0,1312.0,True,False
4,22,9981357132950405291,ML-DSA-44,0.00019393512047827244,0.00022918405011296272,4.10198699682951e-05,11.187339114956558,0.6236416002747359,2482153.0,2420.0,1312.0,True,False
4,22,10186575182880461168,ML-DSA-44,0.00017297407612204552,0.00023811287246644497,4.21181321144104e-05,11.318026444874704,0.576342461642566,2482153.0,2420.0,1312.0,True,False
4,22,14824438991917806782,ML-DSA-44,0.00020234310068190098,0.0001690408680588007,4.1323015466332436e-05,10.888294728007168,0.5984719056327632,2482153.0,2420.0,1312.0,True,False
4,22,3531903821392564986,ML-DSA-44,0.00019365712068974972,0.00017986586317420006,4.2972154915332794e-05,11.169619008898735,0.587627143569433,2482153.0,2420.0,1312.0,True,False
4,22,4011463698052018912,ML-DSA-44,0.00018866895698010921,0.0003504001069813967,5.539297126233578e-05,10.904959174105898,0.5552292668800445,2482153.0,2420.0,1312.0,True,False
4,22,8466565527886840,ML-DSA-44,0.00014455500058829784,0.00011411099694669247,4.14140522480011e-05,11.109311781823635,0.6180170590805399,2482153.0,2420.0,1312.0,True,False
4,22,12033301504395941548,ML-DSA-44,0.00023275800049304962,0.0002924830187112093,4.090392030775547e-05,6.556345022050664,0.60924339423751,2482153.0,2420.0,1312.0,True,False
4,22,7411477741184763527,ML-DSA-44,0.0001988760195672512,0.00014835991896688938,4.930212162435055e-05,6.696939288172871,0.5945857262630372,2482153.0,2420.0,1312.0,True,False
4,23,9981357132950405291,ML-DSA-44,0.00030729989521205425,0.0003457041457295418,5.632196553051472e-05,11.468765395926312,0.585114449310075,2482153.0,2420.0,1312.0,True,False
4,23,10186575182880461168,ML-DSA-44,0.00017637386918067932,0.00011121085844933987,4.250905476510525e-05,11.473216971149668,0.5660602484064498,2482153.0,2420.0,1312.0,True,False
4,23,10017566874945710082,ML-DSA-44,0.0003623620141297579,0.00024063605815172195,4.1149090975522995e-05,11.54672559699975,0.5738044223350705,2482153.0,2420.0,1312.0,True,False
4,23,320590395207440238,ML-DSA-44,0.0001355211716145277,0.000222326023504138,4.1384948417544365e-05,11.606438165064901,0.5711907160225188,2482153.0,2420.0,1312.0,True,False
4,23,14824438991917806782,ML-DSA-44,0.00023325695656239986,0.0004239578265696764,4.378706216812134e-05,11.121241270098835,0.5955776261391154,2482153.0,2420.0,1312.0,True,False
4,23,4011463698052018912,ML-DSA-44,0.00026089511811733246,0.0004132289905101061,4.163314588367939e-05,11.148568053962663,0.5603061501102843,2482153.0,2420.0,1312.0,True,False
4,23,8466565527886840,ML-DSA-44,0.00012877699919044971,0.00016923900693655014,5.607889033854008e-05,11.251782753039151,0.5781246530022591,2482153.0,2420.0,1312.0,True,False
4,23,3531903821392564986,ML-DSA-44,0.0001498148776590824,0.0002930690534412861,4.1970983147621155e-05,11.310064161196351,0.5736648927258837,2482153.0,2420.0,1312.0,True,False
4,23,12033301504395941548,ML-DSA-44,0.00019323313608765602,0.00022466504015028477,4.1018007323145866e-05,6.378956861793995,0.5678615267536823,2482153.0,2420.0,1312.0,True,False
4,23,7411477741184763527,ML-DSA-44,0.00012897117994725704,0.000140804098919034,4.796287976205349e-05,6.351647015893832,0.55948851020283,2482153.0,2420.0,1312.0,True,False
4,24,10186575182880461168,ML-DSA-44,0.00016825390048325062,0.0002485979348421097,5.818484351038933e-05,10.773531212937087,0.5037292074293468,2482153.0,2420.0,1312.0,True,False
4,24,320590395207440238,ML-DSA-44,0.0001841380726546049,0.000552724115550518,5.13540580868721e-05,10.83125408180058,0.5223173377620187,2482153.0,2420.0,1312.0,True,False
4,24,9981357132950405291,ML-DSA-44,0.0003328397870063782,0.00017618993297219276,4.1661085560917854e-05,11.028820164967328,0.5757993934498091,2482153.0,2420.0,1312.0,True,False
4,24,10017566874945710082,ML-DSA-44,0.00023163296282291412,0.000290923984721303,4.1665975004434586e-05,11.18876240006648,0.5488088842315278,2482153.0,2420.0,1312.0,True,False
4,24,14824438991917806782,ML-DSA-44,0.0002962821163237095,0.0002119080163538456,4.182802513241768e-05,11.161154035944492,0.5502361383550106,2482153.0,2420.0,1312.0,True,False
4,24,3531903821392564986,ML-DSA-44,0.00017964397557079792,0.0001934301108121872,4.1828956454992294e-05,11.22258045594208,0.5409586930493261,2482153.0,2420.0,1312.0,True,False
4,24,4011463698052018912,ML-DSA-44,0.00018059206195175648,0.0005321640055626631,6.265402771532536e-05,10.990320791024715,0.5461656087712877,2482153.0,2420.0,1312.0,True,False
4,24,8466565527886840,ML-DSA-44,0.0001907621044665575,0.00017313403077423573,4.1097868233919144e-05,10.998765951022506,0.5600236883731025,2482153.0,2420.0,1312.0,True,False
4,24,12033301504395941548,ML-DSA-44,0.00013168598525226116,0.00013440707698464394,4.09809872508049e-05,7.015427554026246,0.5485221706805335,2482153.0,2420.0,1312.0,True,False
4,24,7411477741184763527,ML-DSA-44,0.00013031018897891045,0.0001521569211035967,7.109506987035275e-05,7.094678417081013,0.5589909198082936,2482153.0,2420.0,1312.0,True,False
4,25,10017566874945710082,ML-DSA-44,0.00042307283729314804,0.00038452004082500935,5.8003002777695656e-05,10.836871426086873,0.5381559838487464,2482153.0,2420.0,1312.0,True,False
4,25,9981357132950405291,ML-DSA-44,0.00016747787594795227,0.00026905909180641174,4.14079986512661e-05,11.041712699923664,0.5597312779041232,2482153.0,2420.0,1312.0,True,False
4,25,320590395207440238,ML-DSA-44,0.0001827389933168888,0.0001871159765869379,4.1644787415862083e-05,11.09797873091884,0.5329417838792133,2482153.0,2420.0,1312.0,True,False
4,25,10186575182880461168,ML-DSA-44,0.000287296948954463,0.00028361077420413494,4.168413579463959e-05,11.217220732942224,0.5028934871932124,2482153.0,2420.0,1312.0,True,False
4,25,4011463698052018912,ML-DSA-44,0.0005404590629041195,0.0006520289462059736,4.218984395265579e-05,11.034536586841568,0.501141702483414,2482153.0,2420.0,1312.0,True,False
4,25,14824438991917806782,ML-DSA-44,0.00019020400941371918,0.00028431392274796963,7.389206439256668e-05,11.42942426702939,0.5180705377867647,2482153.0,2420.0,1312.0,True,False
4,25,3531903821392564986,ML-DSA-44,0.00024319114163517952,0.00015019788406789303,5.7205092161893845e-05,11.281460651895031,0.5247967737566703,2482153.0,2420.0,1312.0,True,False
4,25,8466565527886840,ML-DSA-44,0.0001660261768847704,0.00011619389988481998,4.153908230364323e-05,11.036025164881721,0.5531496198456378,2482153.0,2420.0,1312.0,True,False
4,25,12033301504395941548,ML-DSA-44,0.00012481119483709335,0.00012306799180805683,4.669581539928913e-05,6.297940531978384,0.501860763355615,2482153.0,2420.0,1312.0,True,False
4,25,7411477741184763527,ML-DSA-44,0.00012541702017188072,0.00027900305576622486,4.152790643274784e-05,6.308211796917021,0.525385471772711,2482153.0,2420.0,1312.0,True,False
4,26,320590395207440238,ML-DSA-44,0.00017729285173118114,0.00034502893686294556,5.8439094573259354e-05,10.907020240090787,0.5271631399537348,2482153.0,2420.0,1312.0,True,False
4,26,10186575182880461168,ML-DSA-44,0.00027033803053200245,0.0006380998529493809,4.1253864765167236e-05,10.979116522939876,0.4660731155994781,2482153.0,2420.0,1312.0,True,False
4,26,9981357132950405291,ML-DSA-44,0.00013263500295579433,0.0002457259688526392,4.166201688349247e-05,11.05814575101249,0.5233512202954027,2482153.0,2420.0,1312.0,True,False
4,26,10017566874945710082,ML-DSA-44,0.00027852808125317097,0.000463142991065979,4.1528837755322456e-05,11.21261779894121,0.5175963510776971,2482153.0,2420.0,1312.0,True,False
4,26,14824438991917806782,ML-DSA-44,0.0002513949293643236,0.00028279819525778294,4.170695319771767e-05,11.463325980119407,0.56028816654424,2482153.0,2420.0,1312.0,True,False
4,26,3531903821392564986,ML-DSA-44,0.00026395078748464584,0.00027651991695165634,4.182499833405018e-05,11.543246305081993,0.4959338956577763,2482153.0,2420.0,1312.0,True,False
4,26,8466565527886840,ML-DSA-44,0.00022748508490622044,0.00011788611300289631,5.78039325773716e-05,11.689487667987123,0.5354544885076915,2482153.0,2420.0,1312.0,True,False
4,26,4011463698052018912,ML-DSA-44,0.00027093803510069847,0.0005088788457214832,4.588905721902847e-05,11.898182178847492,0.4711759722417897,2482153.0,2420.0,1312.0,True,False
4,26,12033301504395941548,ML-DSA-44,0.00019729486666619778,0.0001341700553894043,4.180707037448883e-05,6.3295968300662935,0.48911385412571157,2482153.0,2420.0,1312.0,True,False
4,26,7411477741184763527,ML-DSA-44,0.0001281870063394308,0.00025804201140999794,5.3952913731336594e-05,6.333251485833898,0.4979012879738762,2482153.0,2420.0,1312.0,True,False
4,27,10017566874945710082,ML-DSA-44,0.00013788812793791294,0.00026811915449798107,5.670101381838322e-05,11.114355621859431,0.49943641008465156,2482153.0,2420.0,1312.0,True,False
4,27,10186575182880461168,ML-DSA-44,0.0003161379136145115,0.00045262998901307583,4.3828971683979034e-05,11.027814647881314,0.44775284368805823,2482153.0,2420.0,1312.0,True,False
4,27,9981357132950405291,ML-DSA-44,0.00019846600480377674,0.00020254799164831638,4.068203270435333e-05,11.14734830497764,0.5258922666596,2482153.0,2420.0,1312.0,True,False
4,27,320590395207440238,ML-DSA-44,0.00018493295647203922,0.00014867284335196018,4.1526975110173225e-05,11.457013570005074,0.4941207897511257,2482153.0,2420.0,1312.0,True,False
4,27,3531903821392564986,ML-DSA-44,0.0002791869919747114,0.000378133961930871,4.151393659412861e-05,10.951151702087373,0.46934979223901296,2482153.0,2420.0,1312.0,True,False
4,27,4011463698052018912,ML-DSA-44,0.0001825129147619009,0.0001786770299077034,4.98439185321331e-05,10.884445806965232,0.4781388798431986,2482153.0,2420.0,1312.0,True,False
4,27,14824438991917806782,ML-DSA-44,0.0001660811249166727,0.00024198880419135094,6.707105785608292e-05,11.05293887690641,0.5065702272068923,2482153.0,2420.0,1312.0,True,False
4,27,8466565527886840,ML-DSA-44,0.000270534073933959,0.00018331408500671387,4.1819876059889793e-05,11.044808442005888,0.5126014697561219,2482153.0,2420.0,1312.0,True,False
4,27,12033301504395941548,ML-DSA-44,0.00013040401972830296,0.00017558690160512924,4.212302155792713e-05,6.4497780308593065,0.47778102967911845,2482153.0,2420.0,1312.0,True,False
4,27,7411477741184763527,ML-DSA-44,0.000298467930406332,0.00023422692902386189,4.640081897377968e-05,6.397690099896863,0.46377577094040856,2482153.0,2420.0,1312.0,True,False
4,28,10017566874945710082,ML-DSA-44,0.00041800900362432003,0.0003383380826562643,6.39529898762703e-05,11.49447127385065,0.4763615025195536,2482153.0,2420.0,1312.0,True,False
4,28,9981357132950405291,ML-DSA-44,0.0001281779259443283,0.00044042314402759075,4.1727907955646515e-05,11.72087539313361,0.4838083666885734,2482153.0,2420.0,1312.0,True,False
4,28,320590395207440238,ML-DSA-44,0.00023154099471867085,0.00024312594905495644,4.1534192860126495e-05,11.880672544008121,0.49290582269525074,2482153.0,2420.0,1312.0,True,False
4,28,10186575182880461168,ML-DSA-44,0.00024774298071861267,0.0002362639643251896,4.0807994082570076e-05,11.808143744012341,0.4562973045643158,2482153.0,2420.0,1312.0,True,False
4,28,14824438991917806782,ML-DSA-44,0.000289068091660738,0.0006015680264681578,4.4767046347260475e-05,10.866308654891327,0.48114580314630156,2482153.0,2420.0,1312.0,True,False
4,28,8466565527886840,ML-DSA-44,0.00013149995356798172,0.0002498519606888294,4.5253895223140717e-05,10.93938331422396,0.4941042612905905,2482153.0,2420.0,1312.0,True,False
4,28,3531903821392564986,ML-DSA-44,0.0001826270017772913,0.00019714189693331718,7.933890447020531e-05,10.983815854880959,0.4462943179473566,2482153.0,2420.0,1312.0,True,False
4,28,4011463698052018912,ML-DSA-44,0.00019166897982358932,0.00019976799376308918,5.3928932175040245e-05,11.137889027129859,0.49580742278771034,2482153.0,2420.0,1312.0,True,False
4,28,12033301504395941548,ML-DSA-44,0.00016928184777498245,0.0003672270104289055,4.1133956983685493e-05,6.2712655768264085,0.47238684861452146,2482153.0,2420.0,1312.0,True,False
4,28,7411477741184763527,ML-DSA-44,0.00027595600113272667,0.00018410710617899895,5.019386298954487e-05,6.256612604018301,0.4779457243005182,2482153.0,2420.0,1312.0,True,False
4,29,10017566874945710082,ML-DSA-44,0.0004022340290248394,0.0008160590659826994,5.647679790854454e-05,11.01821241993457,0.44479352356806684,2482153.0,2420.0,1312.0,True,False
4,29,9981357132950405291,ML-DSA-44,0.00018564611673355103,0.00038236193358898163,4.286016337573528e-05,11.091509768972173,0.4632536116750187,2482153.0,2420.0,1312.0,True,False
4,29,320590395207440238,ML-DSA-44,0.0001848330721259117,0.000141525873914361,4.533305764198303e-05,11.25614528497681,0.4645243881827897,2482153.0,2420.0,1312.0,True,False
4,29,10186575182880461168,ML-DSA-44,0.00020103598944842815,0.0002378199715167284,4.156888462603092e-05,11.262712298892438,0.4339274483359164,2482153.0,2420.0,1312.0,True,False
4,29,14824438991917806782,ML-DSA-44,0.00017470400780439377,0.000389954075217247,4.185596480965614e-05,10.989295087056234,0.45974255783874896,2482153.0,2420.0,1312.0,True,False
4,29,3531903821392564986,ML-DSA-44,0.0002218051813542843,0.0001666489988565445,4.183105193078518e-05,11.121014264877886,0.4171382620408656,2482153.0,2420.0,1312.0,True,False
4,29,4011463698052018912,ML-DSA-44,0.0003129187971353531,0.00032143108546733856,7.232790812849998e-05,10.898933236952871,0.4481679065639426,2482153.0,2420.0,1312.0,True,False
4,29,8466565527886840,ML-DSA-44,0.000186786986887455,0.0003728950396180153,5.0063012167811394e-05,10.976294412044808,0.4583159641000875,2482153.0,2420.0,1312.0,True,False
4,29,12033301504395941548,ML-DSA-44,0.00013203383423388004,0.0002538051921874285,4.170183092355728e-05,6.734465541085228,0.4437121355277338,2482153.0,2420.0,1312.0,True,False
4,29,7411477741184763527,ML-DSA-44,0.00012633996084332466,0.00011794292367994785,4.6138884499669075e-05,6.794792350148782,0.4265712741881039,2482153.0,2420.0,1312.0,True,False
4,30,10017566874945710082,ML-DSA-44,0.00024496600963175297,0.00022679311223328114,5.865492857992649e-05,10.898181814933196,0.45788266833658053,2482153.0,2420.0,1312.0,True,False
4,30,320590395207440238,ML-DSA-44,0.00027761911042034626,0.0005009840242564678,4.144199192523956e-05,11.069965380942449,0.4399364058189331,2482153.0,2420.0,1312.0,True,False
4,30,9981357132950405291,ML-DSA-44,0.0004294768441468477,0.00026581319980323315,4.051392897963524e-05,11.046847932040691,0.4649089936428009,2482153.0,2420.0,1312.0,True,False
4,30,10186575182880461168,ML-DSA-44,0.0001654850784689188,0.00015807384625077248,4.056980833411217e-05,11.120394201017916,0.3962816825124678,2482153.0,2420.0,1312.0,True,False
4,30,14824438991917806782,ML-DSA-44,0.00012573692947626114,0.00018533202819526196,4.3612904846668243e-05,11.078253533923998,0.4548343034271317,2482153.0,2420.0,1312.0,True,False
4,30,8466565527886840,ML-DSA-44,0.00037666293792426586,0.00022044102661311626,4.2269937694072723e-05,10.958617124939337,0.46477775887888706,2482153.0,2420.0,1312.0,True,False
4,30,4011463698052018912,ML-DSA-44,0.0001938540954142809,0.00020000594668090343,5.852500908076763e-05,11.099243838107213,0.41482849578094333,2482153.0,2420.0,1312.0,True,False
4,30,3531903821392564986,ML-DSA-44,0.000132446875795722,0.00011774105951189995,4.3241074308753014e-05,11.167952532880008,0.3966407768167318,2482153.0,2420.0,1312.0,True,False
4,30,12033301504395941548,ML-DSA-44,0.00012549106031656265,0.00012466590851545334,4.071090370416641e-05,6.2532623540610075,0.4361809397317991,2482153.0,2420.0,1312.0,True,False
4,30,7411477741184763527,ML-DSA-44,0.0001453289296478033,0.00010460405610501766,4.472699947655201e-05,6.28982881992124,0.4370695859205666,2482153.0,2420.0,1312.0,True,False
5,1,7185429364983577082,ML-DSA-44,0.0015447339974343777,0.0002673689741641283,7.537007331848145e-05,10.984722279943526,2.0293760641365295,2482153.0,2420.0,1312.0,True,False
5,1,14336295356534498708,ML-DSA-44,0.0009136609733104706,0.0005098709370940924,5.226605571806431e-05,10.96887478698045,2.091441419473879,2482153.0,2420.0,1312.0,True,False
5,1,14534973158825708724,ML-DSA-44,0.0009772549383342266,0.00022426899522542953,4.193698987364769e-05,11.179581556934863,2.0762501134993925,2482153.0,2420.0,1312.0,True,False
5,1,3543067765281101342,ML-DSA-44,0.0014442731626331806,0.00038019008934497833,4.4114887714385986e-05,11.2985887050163,2.0421899671007875,2482153.0,2420.0,1312.0,True,False
5,1,11015747784180149022,ML-DSA-44,0.0003629149869084358,0.00020693102851510048,6.048381328582764e-05,11.370961891952902,2.090674721511306,2482153.0,2420.0,1312.0,True,False
5,1,15471375600919308669,ML-DSA-44,0.0001977509818971157,0.0002667410299181938,4.278006963431835e-05,11.549295695964247,2.0771764562388135,2482153.0,2420.0,1312.0,True,False
5,1,14980362268824129847,ML-DSA-44,0.00019916892051696777,0.00021111592650413513,4.168297164142132e-05,11.44536206801422,2.0672998443530624,2482153.0,2420.0,1312.0,True,False
5,1,8272473295346290824,ML-DSA-44,0.00016217795200645924,0.00013814610429108143,4.329602234065533e-05,11.616326665971428,2.089235333880042,2482153.0,2420.0,1312.0,True,False
5,1,11788336924601058809,ML-DSA-44,0.00014028814621269703,0.00022829417139291763,4.2387982830405235e-05,6.32665822817944,2.07591166769623,2482153.0,2420.0,1312.0,True,False
5,1,10400609034892057327,ML-DSA-44,0.0001307560596615076,0.00032243598252534866,8.990196511149406e-05,6.357563498197123,2.0601365004375483,2482153.0,2420.0,1312.0,True,False
5,2,3543067765281101342,ML-DSA-44,0.00029353913851082325,0.00030551315285265446,5.677086301147938e-05,10.923182473052293,1.8014860548031557,2482153.0,2420.0,1312.0,True,False
5,2,14336295356534498708,ML-DSA-44,0.00047240196727216244,0.0005682117771357298,4.0833838284015656e-05,10.984984145034105,1.8263725262538644,2482153.0,2420.0,1312.0,True,False
5,2,14534973158825708724,ML-DSA-44,0.0002033549826592207,0.0002983948215842247,4.112115129828453e-05,11.072962436126545,1.8165455001175024,2482153.0,2420.0,1312.0,True,False
5,2,7185429364983577082,ML-DSA-44,0.0001458099577575922,0.00015683798119425774,4.125991836190224e-05,11.060229572001845,1.772571531071025,2482153.0,2420.0,1312.0,True,False
5,2,11015747784180149022,ML-DSA-44,0.00020647305063903332,0.00027534784749150276,4.1357940062880516e-05,10.93726576003246,1.8178842773862705,2482153.0,2420.0,1312.0,True,False
5,2,14980362268824129847,ML-DSA-44,0.00029561808332800865,0.000597276957705617,4.059704951941967e-05,10.913600570056587,1.844181344767285,2482153.0,2420.0,1312.0,True,False
5,2,8272473295346290824,ML-DSA-44,0.00021697208285331726,0.0001826330553740263,5.607493221759796e-05,11.136015952099115,1.790075318069215,2482153.0,2420.0,1312.0,True,False
5,2,15471375600919308669,ML-DSA-44,0.00026336684823036194,0.00040814303793013096,4.660012200474739e-05,11.146002943860367,1.8009194963297266,2482153.0,2420.0,1312.0,True,False
5,2,10400609034892057327,ML-DSA-44,0.00014375196769833565,0.00028784992173314095,4.110299050807953e-05,6.178022983018309,1.8621848358470163,2482153.0,2420.0,1312.0,True,False
5,2,11788336924601058809,ML-DSA-44,0.00012794486247003078,0.0001425282098352909,4.923786036670208e-05,6.289081304101273,1.8135858895672354,2482153.0,2420.0,1312.0,True,False
5,3,14534973158825708724,ML-DSA-44,0.00017649796791374683,0.00012302515096962452,5.6069809943437576e-05,11.477136545116082,1.6312968161455386,2482153.0,2420.0,1312.0,True,False
5,3,14336295356534498708,ML-DSA-44,0.00034293695352971554,0.00026552891358733177,4.148692823946476e-05,11.800718800863251,1.6215879674170428,2482153.0,2420.0,1312.0,True,False
5,3,3543067765281101342,ML-DSA-44,0.00034802500158548355,0.00020603695884346962,4.168297164142132e-05,11.797423416981474,1.6175291948257737,2482153.0,2420.0,1312.0,True,False
5,3,7185429364983577082,ML-DSA-44,0.00015070405788719654,0.00022997683845460415,4.2860861867666245e-05,11.87068906496279,1.5915939853449537,2482153.0,2420.0,1312.0,True,False
5,3,15471375600919308669,ML-DSA-44,0.00019063311628997326,0.00032069580629467964,4.158099181950092e-05,10.959403624990955,1.6330282376829985,2482153.0,2420.0,1312.0,True,False
5,3,11015747784180149022,ML-DSA-44,0.00021268799901008606,0.0003554960712790489,5.435291677713394e-05,10.939042007084936,1.6129748616248938,2482153.0,2420.0,1312.0,True,False
5,3,8272473295346290824,ML-DSA-44,0.0002717848401516676,0.00035579618997871876,6.34270254522562e-05,11.199663224862888,1.6251327672581763,2482153.0,2420.0,1312.0,True,False
5,3,14980362268824129847,ML-DSA-44,0.0002062399871647358,0.00026549515314400196,4.1011953726410866e-05,11.098361141979694,1.642128844929349,2482153.0,2420.0,1312.0,True,False
5,3,11788336924601058809,ML-DSA-44,0.0001927078701555729,0.00025309505872428417,4.2694155126810074e-05,6.19457707204856,1.6038518217718525,2482153.0,2420.0,1312.0,True,False
5,3,10400609034892057327,ML-DSA-44,0.00013063708320260048,0.00011980719864368439,6.823614239692688e-05,6.139896753011271,1.6190771927499468,2482153.0,2420.0,1312.0,True,False
5,4,3543067765281101342,ML-DSA-44,0.0003258809447288513,0.00035952008329331875,5.88269904255867e-05,10.992568390909582,1.5092058280471023,2482153.0,2420.0,1312.0,True,False
5,4,14336295356534498708,ML-DSA-44,0.00029906979762017727,0.000361116835847497,4.194001667201519e-05,11.188201414886862,1.5072308232070535,2482153.0,2420.0,1312.0,True,False
5,4,7185429364983577082,ML-DSA-44,0.0002058548852801323,0.00029807700775563717,4.4321874156594276e-05,11.139633676037192,1.4824599650255434,2482153.0,2420.0,1312.0,True,False
5,4,14534973158825708724,ML-DSA-44,0.00013920897617936134,0.00027056504040956497,4.105595871806145e-05,11.30757689382881,1.4996244186049055,2482153.0,2420.0,1312.0,True,False
5,4,15471375600919308669,ML-DSA-44,0.0002272757701575756,0.00031831394881010056,4.181195981800556e-05,11.380329834064469,1.5073313375187527,2482153.0,2420.0,1312.0,True,False
5,4,8272473295346290824,ML-DSA-44,0.00022111390717327595,0.00024374201893806458,4.250486381351948e-05,11.272767150076106,1.5068734777960808,2482153.0,2420.0,1312.0,True,False
5,4,11015747784180149022,ML-DSA-44,0.00018811598420143127,0.0004175761714577675,5.7453056797385216e-05,11.291775170015171,1.488225315786471,2482153.0,2420.0,1312.0,True,False
5,4,14980362268824129847,ML-DSA-44,0.00014211912639439106,0.00013088295236229897,4.0313927456736565e-05,11.223482552915812,1.5214642878550633,2482153.0,2420.0,1312.0,True,False
5,4,11788336924601058809,ML-DSA-44,0.0001999880187213421,0.0003015261609107256,4.0533021092414856e-05,6.852002460043877,1.4713886163796588,2482153.0,2420.0,1312.0,True,False
5,4,10400609034892057327,ML-DSA-44,0.00012910296209156513,0.00010767299681901932,4.831608384847641e-05,6.777782460907474,1.4632204809006613,2482153.0,2420.0,1312.0,True,False
5,5,14336295356534498708,ML-DSA-44,0.00042398390360176563,0.00017535081133246422,5.62549103051424e-05,10.953043438028544,1.3977404950530665,2482153.0,2420.0,1312.0,True,False
5,5,7185429364983577082,ML-DSA-44,0.0002498398534953594,0.0003409991040825844,4.115304909646511e-05,10.97868442395702,1.380433742787428,2482153.0,2420.0,1312.0,True,False
5,5,3543067765281101342,ML-DSA-44,0.00018912600353360176,0.00042607891373336315,4.161405377089977e-05,11.11433076695539,1.408846233301102,2482153.0,2420.0,1312.0,True,False
5,5,14534973158825708724,ML-DSA-44,0.00042118807323276997,0.0003114929422736168,4.043290391564369e-05,11.19688907591626,1.3996421315108136,2482153.0,2420.0,1312.0,True,False
5,5,11015747784180149022,ML-DSA-44,0.00019211904145777225,0.0003029901999980211,4.133395850658417e-05,10.921996188815683,1.3998622343798353,2482153.0,2420.0,1312.0,True,False
5,5,15471375600919308669,ML-DSA-44,0.00030134315602481365,0.00036731804721057415,4.0523940697312355e-05,11.101143091917038,1.4154553064115487,2482153.0,2420.0,1312.0,True,False
5,5,8272473295346290824,ML-DSA-44,0.0001311381347477436,0.00013298308476805687,6.998609751462936e-05,11.224507662001997,1.3812845482188425,2482153.0,2420.0,1312.0,True,False
5,5,14980362268824129847,ML-DSA-44,0.00018281792290508747,0.00018000486306846142,5.6270044296979904e-05,11.012682205997407,1.41939520608088,2482153.0,2420.0,1312.0,True,False
5,5,11788336924601058809,ML-DSA-44,0.00013554608449339867,0.00016142684035003185,4.083104431629181e-05,6.330750428140163,1.392945125224484,2482153.0,2420.0,1312.0,True,False
5,5,10400609034892057327,ML-DSA-44,0.00012793904170393944,0.00012359023094177246,5.6418124586343765e-05,6.383742076810449,1.3802882934072216,2482153.0,2420.0,1312.0,True,False
5,6,14336295356534498708,ML-DSA-44,0.00044806511141359806,0.000420883996412158,6.0891034081578255e-05,10.95042711100541,1.3092377732513816,2482153.0,2420.0,1312.0,True,False
5,6,3543067765281101342,ML-DSA-44,0.0003279761876910925,0.00024769501760602,4.1422899812459946e-05,11.00978157389909,1.3370731780483465,2482153.0,2420.0,1312.0,True,False
5,6,14534973158825708724,ML-DSA-44,0.0002496440429240465,0.00018311082385480404,4.321313463151455e-05,11.09050358296372,1.3034548820204037,2482153.0,2420.0,1312.0,True,False
5,6,7185429364983577082,ML-DSA-44,0.00018782122060656548,0.00017763185314834118,4.194304347038269e-05,11.141112574143335,1.3106034284184693,2482153.0,2420.0,1312.0,True,False
5,6,8272473295346290824,ML-DSA-44,0.0003127229865640402,0.000389724038541317,4.219706170260906e-05,11.363722823094577,1.3154559294888928,2482153.0,2420.0,1312.0,True,False
5,6,11015747784180149022,ML-DSA-44,0.0001780299935489893,0.00035428814589977264,4.065316170454025e-05,11.296249051112682,1.3124256160608523,2482153.0,2420.0,1312.0,True,False
5,6,15471375600919308669,ML-DSA-44,0.00019703409634530544,0.0004128161817789078,5.5657001212239265e-05,11.634631769033149,1.3118458299120521,2482153.0,2420.0,1312.0,True,False
5,6,14980362268824129847,ML-DSA-44,0.0002369261346757412,0.000273779034614563,4.105898551642895e-05,11.500980189070106,1.3258456451118372,2482153.0,2420.0,1312.0,True,False
5,6,11788336924601058809,ML-DSA-44,0.0002474000211805105,0.0002317451871931553,4.162406548857689e-05,6.1565345951821655,1.3127597369206179,2482153.0,2420.0,1312.0,True,False
5,6,10400609034892057327,ML-DSA-44,0.00012777512893080711,0.00011621206067502499,7.754797115921974e-05,6.252522219903767,1.2983916481589055,2482153.0,2420.0,1312.0,True,False
5,7,14534973158825708724,ML-DSA-44,0.0002446640282869339,0.00014430913142859936,5.7369936257600784e-05,11.157887589884922,1.2242571783673233,2482153.0,2420.0,1312.0,True,False
5,7,3543067765281101342,ML-DSA-44,0.00016326596960425377,0.00021614693105220795,4.089507274329662e-05,11.157407006016001,1.2489842620624858,2482153.0,2420.0,1312.0,True,False
5,7,7185429364983577082,ML-DSA-44,0.0001859879121184349,0.0002605970948934555,4.0526967495679855e-05,11.220700517995283,1.239630631200827,2482153.0,2420.0,1312.0,True,False
5,7,14336295356534498708,ML-DSA-44,0.00027306494303047657,0.00030756182968616486,4.073907621204853e-05,11.330927007133141,1.218697265454918,2482153.0,2420.0,1312.0,True,False
5,7,11015747784180149022,ML-DSA-44,0.00035895989276468754,0.00035394285805523396,4.126015119254589e-05,10.794123861007392,1.2474199165204527,2482153.0,2420.0,1312.0,True,False
5,7,8272473295346290824,ML-DSA-44,0.00027392408810555935,0.0002964930608868599,4.009692929685116e-05,10.842495298013091,1.2451578781103632,2482153.0,2420.0,1312.0,True,False
5,7,15471375600919308669,ML-DSA-44,0.00017680414021015167,0.00018471595831215382,5.418993532657623e-05,11.119810275034979,1.226275601964088,2482153.0,2420.0,1312.0,True,False
5,7,14980362268824129847,ML-DSA-44,0.00013189995661377907,0.00014236313290894032,4.055490717291832e-05,11.062311755958945,1.2417191016446254,2482153.0,2420.0,1312.0,True,False
5,7,11788336924601058809,ML-DSA-44,0.00016717403195798397,0.0001268561463803053,4.004896618425846e-05,6.176678537856787,1.240202153943906,2482153.0,2420.0,1312.0,True,False
5,7,10400609034892057327,ML-DSA-44,0.00012513389810919762,0.0002098209224641323,4.577380605041981e-05,6.295428027864546,1.2145880916316039,2482153.0,2420.0,1312.0,True,False
5,8,7185429364983577082,ML-DSA-44,0.00038009113632142544,0.0003531011752784252,5.922582931816578e-05,11.329930219100788,1.1674782565444897,2482153.0,2420.0,1312.0,True,False
5,8,14534973158825708724,ML-DSA-44,0.0001976268831640482,0.0003678679931908846,4.146108403801918e-05,11.389037154847756,1.1697026844237262,2482153.0,2420.0,1312.0,True,False
5,8,3543067765281101342,ML-DSA-44,0.00024992018006742,0.0003690579906105995,4.175305366516113e-05,11.549668287159875,1.1904209795271514,2482153.0,2420.0,1312.0,True,False
5,8,14336295356534498708,ML-DSA-44,0.00016445014625787735,0.00019959104247391224,4.1825929656624794e-05,11.502537188120186,1.1730132907818838,2482153.0,2420.0,1312.0,True,False
5,8,14980362268824129847,ML-DSA-44,0.00042054103687405586,0.0004762460011988878,4.113418981432915e-05,10.86403256910853,1.183490884531835,2482153.0,2420.0,1312.0,True,False
5,8,8272473295346290824,ML-DSA-44,0.0001837408635765314,0.0003779360558837652,4.1590072214603424e-05,11.086163258878514,1.1815759355475188,2482153.0,2420.0,1312.0,True,False
5,8,11015747784180149022,ML-DSA-44,0.00030112615786492825,0.00026488699950277805,5.640019662678242e-05,11.172313468996435,1.1592590091334787,2482153.0,2420.0,1312.0,True,False
5,8,15471375600919308669,ML-DSA-44,0.00012857699766755104,0.00013794400729238987,4.189903847873211e-05,11.27537798602134,1.1658051720090732,2482153.0,2420.0,1312.0,True,False
5,8,11788336924601058809,ML-DSA-44,0.00023899413645267487,0.00017814291641116142,4.0886225178837776e-05,6.191422309027985,1.1785060379915178,2482153.0,2420.0,1312.0,True,False
5,8,10400609034892057327,ML-DSA-44,0.00014914106577634811,0.00022800499573349953,0.00022085709497332573,6.16327709890902,1.1492614947306883,2482153.0,2420.0,1312.0,True,False
5,9,3543067765281101342,ML-DSA-44,0.0002642008475959301,0.00016643782146275043,5.856389179825783e-05,10.813873121980578,1.1246409347862194,2482153.0,2420.0,1312.0,True,False
5,9,14336295356534498708,ML-DSA-44,0.00031416909769177437,0.00032456801272928715,4.158099181950092e-05,10.971395011991262,1.1039400241177553,2482153.0,2420.0,1312.0,True,False
5,9,14534973158825708724,ML-DSA-44,0.0001612489577382803,0.00021829991601407528,4.1283899918198586e-05,11.030409069964662,1.1143383110404774,2482153.0,2420.0,1312.0,True,False
5,9,7185429364983577082,ML-DSA-44,0.00024156412109732628,0.00031060189940035343,4.1224993765354156e-05,11.130385474069044,1.0933509757564326,2482153.0,2420.0,1312.0,True,False
5,9,15471375600919308669,ML-DSA-44,0.00023922882974147797,0.00036350893788039684,3.9882026612758636e-05,10.998942530946806,1.1194083341367684,2482153.0,2420.0,1312.0,True,False
5,9,8272473295346290824,ML-DSA-44,0.00034128292463719845,0.0005610280204564333,4.196004010736942e-05,11.106535722035915,1.094240098242547,2482153.0,2420.0,1312.0,True,False
5,9,11015747784180149022,ML-DSA-44,0.00012679887004196644,0.00011462206020951271,8.56348779052496e-05,11.268178005004302,1.103699619603005,2482153.0,2420.0,1312.0,True,False
5,9,14980362268824129847,ML-DSA-44,0.0001834689173847437,0.00025976100005209446,4.2174942791461945e-05,11.228403946850449,1.1308669793378017,2482153.0,2420.0,1312.0,True,False
5,9,11788336924601058809,ML-DSA-44,0.0001286070328205824,0.00014642905443906784,4.137703217566013e-05,6.330387204186991,1.1134873461571468,2482153.0,2420.0,1312.0,True,False
5,9,10400609034892057327,ML-DSA-44,0.00012972811236977577,0.00010698800906538963,4.4424086809158325e-05,6.442781368969008,1.0822580597203248,2482153.0,2420.0,1312.0,True,False
5,10,7185429364983577082,ML-DSA-44,0.0003332640044391155,0.00040236208587884903,5.6816963478922844e-05,10.952173275174573,1.048729458811936,2482153.0,2420.0,1312.0,True,False
5,10,14336295356534498708,ML-DSA-44,0.0002757119946181774,0.00022066407836973667,4.21060249209404e-05,11.058489165036008,1.0603362097861662,2482153.0,2420.0,1312.0,True,False
5,10,3543067765281101342,ML-DSA-44,0.00018699979409575462,0.00029615312814712524,4.0782149881124496e-05,11.001641005976126,1.06510373665269,2482153.0,2420.0,1312.0,True,False
5,10,14534973158825708724,ML-DSA-44,0.0001766551285982132,0.0001434700097888708,4.2255036532878876e-05,11.16261105099693,1.0465919591818647,2482153.0,2420.0,1312.0,True,False
5,10,11015747784180149022,ML-DSA-44,0.0002955889794975519,0.0003589610569179058,4.119100049138069e-05,10.821109433891252,1.052518452618532,2482153.0,2420.0,1312.0,True,False
5,10,15471375600919308669,ML-DSA-44,0.00044424086809158325,0.00020201783627271652,4.1763996705412865e-05,10.798455332871526,1.0470242280109672,2482153.0,2420.0,1312.0,True,False
5,10,8272473295346290824,ML-DSA-44,0.00023886095732450485,0.00019106012769043446,0.00015193806029856205,10.925846287049353,1.047795498826701,2482153.0,2420.0,1312.0,True,False
5,10,14980362268824129847,ML-DSA-44,0.00030604912899434566,0.00047499709762632847,4.4185901060700417e-05,10.920467623975128,1.0676563215103878,2482153.0,2420.0,1312.0,True,False
5,10,10400609034892057327,ML-DSA-44,0.00021826382726430893,0.00013178098015487194,4.0558166801929474e-05,6.2181657161563635,1.0383416888820138,2482153.0,2420.0,1312.0,True,False
5,10,11788336924601058809,ML-DSA-44,0.00013964506797492504,0.00015673995949327946,4.591001197695732e-05,6.393239904893562,1.070994135680472,2482153.0,2420.0,1312.0,True,False
5,11,14534973158825708724,ML-DSA-44,0.0001578249502927065,0.0003522820770740509,6.273598410189152e-05,10.979986290913075,1.0019329082054698,2482153.0,2420.0,1312.0,True,False
5,11,3543067765281101342,ML-DSA-44,0.00018402189016342163,0.0002689850516617298,4.227203316986561e-05,11.399675907101482,1.0274887100146834,2482153.0,2420.0,1312.0,True,False
5,11,7185429364983577082,ML-DSA-44,0.00024647684767842293,0.0001506921835243702,4.225596785545349e-05,11.522060556104407,0.9986980177794292,2482153.0,2420.0,1312.0,True,False
5,11,14336295356534498708,ML-DSA-44,0.00029925908893346786,0.00044720806181430817,4.2064813897013664e-05,11.574691839981824,1.001600458743466,2482153.0,2420.0,1312.0,True,False
5,11,15471375600919308669,ML-DSA-44,0.00022780103608965874,0.00019369600340723991,5.279690958559513e-05,10.99849511589855,1.0172108622493259,2482153.0,2420.0,1312.0,True,False
5,11,8272473295346290824,ML-DSA-44,0.00017692102119326591,0.00021085585467517376,5.408702418208122e-05,10.803623648127541,0.9915078409538147,2482153.0,2420.0,1312.0,True,False
5,11,14980362268824129847,ML-DSA-44,0.00026919879019260406,0.00016849208623170853,6.248406134545803e-05,10.84433728386648,1.024681664955844,2482153.0,2420.0,1312.0,True,False
5,11,11015747784180149022,ML-DSA-44,0.00024057808332145214,0.00025756098330020905,4.0604034438729286e-05,11.066529795061797,1.000909991325087,2482153.0,2420.0,1312.0,True,False
5,11,11788336924601058809,ML-DSA-44,0.00020766118541359901,0.0001914091408252716,4.063197411596775e-05,6.367420258000493,1.0320189090291405,2482153.0,2420.0,1312.0,True,False
5,11,10400609034892057327,ML-DSA-44,0.0001930000726133585,0.00021273898892104626,4.7697918489575386e-05,6.341430895961821,0.978214021890786,2482153.0,2420.0,1312.0,True,False
5,12,14336295356534498708,ML-DSA-44,0.00020722509361803532,0.0002886869478970766,5.6699151173233986e-05,10.888596400851384,0.9410640136071831,2482153.0,2420.0,1312.0,True,False
5,12,3543067765281101342,ML-DSA-44,0.00016588601283729076,0.00024318695068359375,4.0572136640548706e-05,11.059107562992722,0.9789152747126901,2482153.0,2420.0,1312.0,True,False
5,12,7185429364983577082,ML-DSA-44,0.00012965500354766846,0.00014998693950474262,4.109996370971203e-05,11.200219132006168,0.9218875725937498,2482153.0,2420.0,1312.0,True,False
5,12,14534973158825708724,ML-DSA-44,0.00012852810323238373,0.00019211391918361187,4.082196392118931e-05,11.216370122972876,0.955156729669328,2482153.0,2420.0,1312.0,True,False
5,12,15471375600919308669,ML-DSA-44,0.00039285304956138134,0.00026952289044857025,4.183594137430191e-05,10.734190254937857,0.9697505459663974,2482153.0,2420.0,1312.0,True,False
5,12,11015747784180149022,ML-DSA-44,0.00017661298625171185,0.00017692986875772476,4.055909812450409e-05,10.703143124934286,0.9440938126129709,2482153.0,2420.0,1312.0,True,False
5,12,14980362268824129847,ML-DSA-44,0.00012517091818153858,0.00012206495739519596,5.576806142926216e-05,10.813658059109002,0.9724390385257211,2482153.0,2420.0,1312.0,True,False
5,12,8272473295346290824,ML-DSA-44,0.0003835400566458702,0.00017530308105051517,4.305783659219742e-05,10.824143065838143,0.9452497952493133,2482153.0,2420.0,1312.0,True,False
5,12,10400609034892057327,ML-DSA-44,0.00024041300639510155,0.0001847781240940094,4.075607284903526e-05,6.223129913909361,0.9274507576872588,2482153.0,2420.0,1312.0,True,False
5,12,11788336924601058809,ML-DSA-44,0.000196186825633049,0.00015266705304384232,4.843994975090027e-05,6.425543088000268,0.9711166491174394,2482153.0,2420.0,1312.0,True,False
5,13,14336295356534498708,ML-DSA-44,0.00030061998404562473,0.00013921409845352173,5.652615800499916e-05,10.931768296053633,0.8955684190343141,2482153.0,2420.0,1312.0,True,False
5,13,7185429364983577082,ML-DSA-44,0.00020031095482409,0.0003853370435535908,4.1375868022441864e-05,11.242511761141941,0.8793657585314125,2482153.0,2420.0,1312.0,True,False
5,13,14534973158825708724,ML-DSA-44,0.0002907300367951393,0.00035909912548959255,7.166503928601742e-05,11.391911546932533,0.9178067347046676,2482153.0,2420.0,1312.0,True,False
5,13,3543067765281101342,ML-DSA-44,0.0001959309447556734,0.000203792005777359,4.186900332570076e-05,11.379988076165318,0.9114791690164311,2482153.0,2420.0,1312.0,True,False
5,13,15471375600919308669,ML-DSA-44,0.00030304398387670517,0.0003693089820444584,4.176609218120575e-05,10.964428702834994,0.9156359373384221,2482153.0,2420.0,1312.0,True,False
5,13,14980362268824129847,ML-DSA-44,0.00017967098392546177,0.00019397493451833725,4.074280150234699e-05,10.677043525036424,0.9157980035065086,2482153.0,2420.0,1312.0,True,False
5,13,11015747784180149022,ML-DSA-44,0.00014788098633289337,0.00020158104598522186,5.611102096736431e-05,11.157191576901823,0.9019240528155285,2482153.0,2420.0,1312.0,True,False
5,13,8272473295346290824,ML-DSA-44,0.00017809215933084488,0.00020448793657124043,4.3418025597929955e-05,10.997995874146,0.8943776344987238,2482153.0,2420.0,1312.0,True,False
5,13,11788336924601058809,ML-DSA-44,0.0001999128144234419,0.00023005087859928608,5.574687384068966e-05,6.229633854003623,0.9232434376030211,2482153.0,2420.0,1312.0,True,False
5,13,10400609034892057327,ML-DSA-44,0.00012844521552324295,0.00013084500096738338,4.697008989751339e-05,6.225879144854844,0.887890653245768,2482153.0,2420.0,1312.0,True,False
5,14,3543067765281101342,ML-DSA-44,0.00016502011567354202,0.0001761161256581545,8.150795474648476e-05,10.676724065095186,0.868273295794323,2482153.0,2420.0,1312.0,True,False
5,14,7185429364983577082,ML-DSA-44,0.00019603082910180092,0.000449358019977808,4.1964929550886154e-05,10.834605283103883,0.8193647886157795,2482153.0,2420.0,1312.0,True,False
5,14,14336295356534498708,ML-DSA-44,0.00030543096363544464,0.0003692519385367632,4.162895493209362e-05,10.677097714040428,0.8543432201169858,2482153.0,2420.0,1312.0,True,False
5,14,14534973158825708724,ML-DSA-44,0.00023605488240718842,0.0003069171216338873,4.116189666092396e-05,10.900733569869772,0.8709208145263089,2482153.0,2420.0,1312.0,True,False
5,14,15471375600919308669,ML-DSA-44,0.00026152608916163445,0.00021091802045702934,4.220590926706791e-05,11.267046764027327,0.8637102487360596,2482153.0,2420.0,1312.0,True,False
5,14,8272473295346290824,ML-DSA-44,0.0003029040526598692,0.0003798000980168581,4.111393354833126e-05,11.404757028911263,0.8449835403330007,2482153.0,2420.0,1312.0,True,False
5,14,11015747784180149022,ML-DSA-44,0.00017306790687143803,0.00017188186757266521,5.6107062846422195e-05,11.586829202948138,0.8478570445707649,2482153.0,2420.0,1312.0,True,False
5,14,14980362268824129847,ML-DSA-44,0.00013880198821425438,0.00016103009693324566,4.2318133637309074e-05,11.863373209023848,0.8668304797570416,2482153.0,2420.0,1312.0,True,False
5,14,11788336924601058809,ML-DSA-44,0.0003125709481537342,0.0003030498046427965,4.17148694396019e-05,6.378803116967902,0.8946042241184575,2482153.0,2420.0,1312.0,True,False
5,14,10400609034892057327,ML-DSA-44,0.00012650294229388237,0.00011304207146167755,4.526320844888687e-05,6.482555418042466,0.8548677890164078,2482153.0,2420.0,1312.0,True,False
5,15,14534973158825708724,ML-DSA-44,0.00018523004837334156,0.00030288402922451496,5.893898196518421e-05,10.753623550990596,0.8533890440965154,2482153.0,2420.0,1312.0,True,False
5,15,7185429364983577082,ML-DSA-44,0.00017603696323931217,0.0003580430056899786,4.10890206694603e-05,10.988249466987327,0.7829542810180384,2482153.0,2420.0,1312.0,True,False
5,15,3543067765281101342,ML-DSA-44,0.0002618927974253893,0.0002620990853756666,4.293583333492279e-05,10.994491418125108,0.8245971630902806,2482153.0,2420.0,1312.0,True,False
5,15,14336295356534498708,ML-DSA-44,0.0001991940662264824,0.0002779481001198292,6.903614848852158e-05,11.12744340999052,0.7975018434463792,2482153.0,2420.0,1312.0,True,False
5,15,15471375600919308669,ML-DSA-44,0.0003022169694304466,0.0003076200373470783,4.0912069380283356e-05,10.887874518986791,0.8127370218562472,2482153.0,2420.0,1312.0,True,False
5,15,11015747784180149022,ML-DSA-44,0.00024365796707570553,0.00028250482864677906,4.378310404717922e-05,10.935877284035087,0.808623100636871,2482153.0,2420.0,1312.0,True,False
5,15,8272473295346290824,ML-DSA-44,0.00013174815103411674,0.0001866379752755165,5.746213719248772e-05,11.001626939047128,0.7994746755642496,2482153.0,2420.0,1312.0,True,False
5,15,14980362268824129847,ML-DSA-44,0.00015267590060830116,0.00015368196181952953,4.077283665537834e-05,11.04274854878895,0.8142219033970195,2482153.0,2420.0,1312.0,True,False
5,15,11788336924601058809,ML-DSA-44,0.00013472093269228935,0.0003179870545864105,4.315492697060108e-05,6.232522804988548,0.8403088680118512,2482153.0,2420.0,1312.0,True,False
5,15,10400609034892057327,ML-DSA-44,0.00012714089825749397,0.00011905888095498085,4.869094118475914e-05,6.120693921111524,0.8106726215333696,2482153.0,2420.0,1312.0,True,False
5,16,7185429364983577082,ML-DSA-44,0.00034199818037450314,0.0002225940115749836,5.6999968364834785e-05,11.311874348903075,0.7501184825494791,2482153.0,2420.0,1312.0,True,False
5,16,14534973158825708724,ML-DSA-44,0.00016093486919999123,0.0002539730630815029,5.5480049923062325e-05,11.419927621958777,0.7944888738310261,2482153.0,2420.0,1312.0,True,False
5,16,14336295356534498708,ML-DSA-44,0.00016778288409113884,0.00017961207777261734,4.133605398237705e-05,11.601778883021325,0.7570933603746876,2482153.0,2420.0,1312.0,True,False
5,16,3543067765281101342,ML-DSA-44,0.0001795440912246704,0.00019705411978065968,4.183896817266941e-05,11.717948183882982,0.7896299128699454,2482153.0,2420.0,1312.0,True,False
5,16,11015747784180149022,ML-DSA-44,0.00043924804776906967,0.00030141999013721943,4.096701741218567e-05,10.852262389846146,0.770408774637113,2482153.0,2420.0,1312.0,True,False
5,16,15471375600919308669,ML-DSA-44,0.00028069294057786465,0.0002843108959496021,4.148203879594803e-05,10.97844365797937,0.7850513541774385,2482153.0,2420.0,1312.0,True,False
5,16,14980362268824129847,ML-DSA-44,0.0002660169266164303,0.00026441807858645916,5.745491944253445e-05,11.099931968841702,0.7676062354236651,2482153.0,2420.0,1312.0,True,False
5,16,8272473295346290824,ML-DSA-44,0.00024208612740039825,0.0002089568879455328,4.943809472024441e-05,11.163974561030045,0.7696779637959352,2482153.0,2420.0,1312.0,True,False
5,16,11788336924601058809,ML-DSA-44,0.0001323469914495945,0.00014830613508820534,4.0727900341153145e-05,6.371419617906213,0.7902693334658435,2482153.0,2420.0,1312.0,True,False
5,16,10400609034892057327,ML-DSA-44,0.00013457005843520164,0.00011974992230534554,4.64320182800293e-05,6.406487964093685,0.7854348366997045,2482153.0,2420.0,1312.0,True,False
5,17,3543067765281101342,ML-DSA-44,0.0002482959534972906,0.00035502202808856964,5.823606625199318e-05,10.926896086195484,0.7393665941088063,2482153.0,2420.0,1312.0,True,False
5,17,14336295356534498708,ML-DSA-44,0.0002995310351252556,0.00019924691878259182,4.314701072871685e-05,11.087517385138199,0.7259467287807707,2482153.0,2420.0,1312.0,True,False
5,17,14534973158825708724,ML-DSA-44,0.00021072779782116413,0.00032244808971881866,4.503992386162281e-05,11.17033252096735,0.7586021699533341,2482153.0,2420.0,1312.0,True,False
5,17,7185429364983577082,ML-DSA-44,0.00018275086767971516,0.0002579968422651291,4.195701330900192e-05,11.032820858992636,0.6914308912055508,2482153.0,2420.0,1312.0,True,False
5,17,15471375600919308669,ML-DSA-44,0.00038695521652698517,0.00029058102518320084,4.098215140402317e-05,11.01123962411657,0.759449518789911,2482153.0,2420.0,1312.0,True,False
5,17,8272473295346290824,ML-DSA-44,0.0002305090893059969,0.00014758296310901642,4.1075050830841064e-05,10.97192978579551,0.7546656168760009,2482153.0,2420.0,1312.0,True,False
5,17,11015747784180149022,ML-DSA-44,0.00020023202523589134,0.00042318389751017094,5.758996121585369e-05,11.1942784760613,0.7325499735914978,2482153.0,2420.0,1312.0,True,False
5,17,14980362268824129847,ML-DSA-44,0.0002001579850912094,0.0002140768337994814,4.1590072214603424e-05,11.083456726977602,0.7415984728533751,2482153.0,2420.0,1312.0,True,False
5,17,11788336924601058809,ML-DSA-44,0.00016995822079479694,0.00014561694115400314,4.117703065276146e-05,6.200961283873767,0.7357049673605877,2482153.0,2420.0,1312.0,True,False
5,17,10400609034892057327,ML-DSA-44,0.00019490905106067657,0.00015986687503755093,5.8486126363277435e-05,6.336601104121655,0.7342683063570861,2482153.0,2420.0,1312.0,True,False
5,18,14336295356534498708,ML-DSA-44,0.00023915688507258892,0.00025236280634999275,5.818693898618221e-05,11.114940044935793,0.6955417164002254,2482153.0,2420.0,1312.0,True,False
5,18,7185429364983577082,ML-DSA-44,0.0002985019236803055,0.00018085096962749958,4.119914956390858e-05,11.287144273053855,0.6481357555670343,2482153.0,2420.0,1312.0,True,False
5,18,14534973158825708724,ML-DSA-44,0.00031897216103971004,0.00029455218464136124,4.481710493564606e-05,11.387282954063267,0.7510522368607248,2482153.0,2420.0,1312.0,True,False
5,18,3543067765281101342,ML-DSA-44,0.0001626908779144287,0.00029538897797465324,4.127994179725647e-05,11.345343956025317,0.7052161106068617,2482153.0,2420.0,1312.0,True,False
5,18,15471375600919308669,ML-DSA-44,0.00019409391097724438,0.000152242137119174,4.1724881157279015e-05,10.784466890851036,0.7417516932366001,2482153.0,2420.0,1312.0,True,False
5,18,8272473295346290824,ML-DSA-44,0.00019311183132231236,0.00030950899235904217,4.1040126234292984e-05,10.916940696071833,0.7195561051273801,2482153.0,2420.0,1312.0,True,False
5,18,11015747784180149022,ML-DSA-44,0.0002468470484018326,0.0002487930469214916,6.450316868722439e-05,10.971752980956808,0.713403140236238,2482153.0,2420.0,1312.0,True,False
5,18,14980362268824129847,ML-DSA-44,0.00018471106886863708,0.00016704201698303223,5.0242990255355835e-05,10.974119924940169,0.7259741500494586,2482153.0,2420.0,1312.0,True,False
5,18,11788336924601058809,ML-DSA-44,0.0003168960101902485,0.00017566396854817867,4.261708818376064e-05,6.346502791857347,0.7132934745709607,2482153.0,2420.0,1312.0,True,False
5,18,10400609034892057327,ML-DSA-44,0.00012532388791441917,0.00010208808816969395,4.24638856202364e-05,6.352218985091895,0.6927872253641202,2482153.0,2420.0,1312.0,True,False
5,19,14336295356534498708,ML-DSA-44,0.00026504998095333576,0.00020532822236418724,5.581905134022236e-05,10.780725731980056,0.6641303195979944,2482153.0,2420.0,1312.0,True,False
5,19,3543067765281101342,ML-DSA-44,0.0002599980216473341,0.00012209080159664154,4.137097857892513e-05,10.94535176595673,0.6858241221612427,2482153.0,2420.0,1312.0,True,False
5,19,7185429364983577082,ML-DSA-44,0.00020221294835209846,0.00026789214462041855,4.229811020195484e-05,10.910368654876947,0.6235932288750722,2482153.0,2420.0,1312.0,True,False
5,19,14534973158825708724,ML-DSA-44,0.000165275065228343,0.0002462600823491812,4.350603558123112e-05,11.004638058133423,0.7046815161682238,2482153.0,2420.0,1312.0,True,False
5,19,15471375600919308669,ML-DSA-44,0.00025821197777986526,0.0006216710899025202,4.850304685533047e-05,11.642532519064844,0.695769432623675,2482153.0,2420.0,1312.0,True,False
5,19,14980362268824129847,ML-DSA-44,0.00025992817245423794,0.00032899295911192894,4.308810457587242e-05,11.595073743024841,0.6853130547104368,2482153.0,2420.0,1312.0,True,False
5,19,8272473295346290824,ML-DSA-44,0.00018101721070706844,0.00019481894560158253,5.6819990277290344e-05,11.683107839897275,0.6936663239245202,2482153.0,2420.0,1312.0,True,False
5,19,11015747784180149022,ML-DSA-44,0.00013585085980594158,0.00012218882329761982,4.157307557761669e-05,11.866607807809487,0.6593184496519292,2482153.0,2420.0,1312.0,True,False
5,19,11788336924601058809,ML-DSA-44,0.00016498705372214317,0.00016016908921301365,5.690800026059151e-05,6.285854703048244,0.688367095912338,2482153.0,2420.0,1312.0,True,False
5,19,10400609034892057327,ML-DSA-44,0.00012528104707598686,0.00010346691124141216,4.73738182336092e-05,6.256216482957825,0.6537438228631475,2482153.0,2420.0,1312.0,True,False
5,20,7185429364983577082,ML-DSA-44,0.00029961415566504,0.0005227250512689352,5.537201650440693e-05,11.067071798956022,0.5779713203857659,2482153.0,2420.0,1312.0,True,False
5,20,14534973158825708724,ML-DSA-44,0.0003112091217190027,0.0002630918752402067,4.112999886274338e-05,11.113072388106957,0.6795624271509754,2482153.0,2420.0,1312.0,True,False
5,20,3543067765281101342,ML-DSA-44,0.00020275800488889217,0.0003375890664756298,4.0487851947546005e-05,11.106394143076614,0.635499346455571,2482153.0,2420.0,1312.0,True,False
5,20,14336295356534498708,ML-DSA-44,0.00018981914035975933,0.00011755898594856262,4.133000038564205e-05,11.260411762166768,0.6363898896297832,2482153.0,2420.0,1312.0,True,False
5,20,15471375600919308669,ML-DSA-44,0.0003922469913959503,0.0003054509870707989,4.115491174161434e-05,10.729469553101808,0.6619756275396438,2482153.0,2420.0,1312.0,True,False
5,20,8272473295346290824,ML-DSA-44,0.00016348809003829956,0.0001233150251209736,5.393102765083313e-05,10.926112788030878,0.6643700062469312,2482153.0,2420.0,1312.0,True,False
5,20,11015747784180149022,ML-DSA-44,0.00015873205848038197,0.00012024003081023693,5.73229044675827e-05,10.907436853973195,0.6453083233706131,2482153.0,2420.0,1312.0,True,False
5,20,14980362268824129847,ML-DSA-44,0.00020418595522642136,0.0001860000193119049,4.201103001832962e-05,11.033843481913209,0.6393422439789317,2482153.0,2420.0,1312.0,True,False
5,20,11788336924601058809,ML-DSA-44,0.00014220201410353184,0.0001246130559593439,4.036910831928253e-05,6.345283939037472,0.6652951316469035,2482153.0,2420.0,1312.0,True,False
5,20,10400609034892057327,ML-DSA-44,0.0001242728903889656,0.00012172805145382881,4.9868831411004066e-05,6.185911043081433,0.6359384433384154,2482153.0,2420.0,1312.0,True,False
5,21,14534973158825708724,ML-DSA-44,0.00018050498329102993,0.0002146668266505003,6.726500578224659e-05,11.395614383975044,0.6488795294693321,2482153.0,2420.0,1312.0,True,False
5,21,14336295356534498708,ML-DSA-44,0.00035740691237151623,0.00057577108964324,4.1721854358911514e-05,11.422642406076193,0.5974526628614611,2482153.0,2420.0,1312.0,True,False
5,21,7185429364983577082,ML-DSA-44,0.000166767043992877,0.00016793003305792809,4.194793291389942e-05,11.605947011848912,0.5671873425554698,2482153.0,2420.0,1312.0,True,False
5,21,3543067765281101342,ML-DSA-44,0.00018967804498970509,0.0003489151131361723,4.4822925701737404e-05,12.097879240987822,0.6161622092792183,2482153.0,2420.0,1312.0,True,False
5,21,11015747784180149022,ML-DSA-44,0.00022405292838811874,0.0004101810045540333,4.173791967332363e-05,10.782933308975771,0.6119382950435778,2482153.0,2420.0,1312.0,True,False
5,21,15471375600919308669,ML-DSA-44,0.0001950638834387064,0.00021430687047541142,4.106201231479645e-05,10.940322957001626,0.6524501809269,2482153.0,2420.0,1312.0,True,False
5,21,8272473295346290824,ML-DSA-44,0.00033239787444472313,0.0003292961046099663,5.6609977036714554e-05,11.147042555967346,0.6231369291473726,2482153.0,2420.0,1312.0,True,False
5,21,14980362268824129847,ML-DSA-44,0.0003573130816221237,0.00030884495936334133,5.09179662913084e-05,10.926661274163052,0.6352381317099188,2482153.0,2420.0,1312.0,True,False
5,21,11788336924601058809,ML-DSA-44,0.00012940587475895882,0.00022780895233154297,4.128599539399147e-05,6.278361805016175,0.623816075835638,2482153.0,2420.0,1312.0,True,False
5,21,10400609034892057327,ML-DSA-44,0.0001931590959429741,0.00015261396765708923,4.5797089114785194e-05,6.348792986012995,0.6128126189682135,2482153.0,2420.0,1312.0,True,False
5,22,3543067765281101342,ML-DSA-44,0.0002614969853311777,0.0003839251585304737,5.682581104338169e-05,10.98733136197552,0.6107180786265689,2482153.0,2420.0,1312.0,True,False
5,22,14534973158825708724,ML-DSA-44,0.0001953979954123497,0.00019120308570563793,4.122895188629627e-05,11.099152236012742,0.6104529235678114,2482153.0,2420.0,1312.0,True,False
5,22,14336295356534498708,ML-DSA-44,0.00017986702732741833,0.00020981300622224808,4.1431980207562447e-05,10.999453380005434,0.5892181679796261,2482153.0,2420.0,1312.0,True,False
5,22,7185429364983577082,ML-DSA-44,0.00019509089179337025,0.0003844709135591984,4.098215140402317e-05,11.404453074093908,0.55000629418405,2482153.0,2420.0,1312.0,True,False
5,22,15471375600919308669,ML-DSA-44,0.0002697028685361147,0.0003483048640191555,4.119984805583954e-05,10.685197958024219,0.6005375143971033,2482153.0,2420.0,1312.0,True,False
5,22,11015747784180149022,ML-DSA-44,0.00017127790488302708,0.00015396298840641975,4.3187057599425316e-05,10.75012523913756,0.5750661532447976,2482153.0,2420.0,1312.0,True,False
5,22,8272473295346290824,ML-DSA-44,0.00017009000293910503,0.00021892692893743515,5.544000305235386e-05,11.05094375112094,0.6103798856448596,2482153.0,2420.0,1312.0,True,False
5,22,14980362268824129847,ML-DSA-44,0.00016252393834292889,0.00011212588287889957,4.197494126856327e-05,10.803848118055612,0.6214832646926497,2482153.0,2420.0,1312.0,True,False
5,22,11788336924601058809,ML-DSA-44,0.00013271905481815338,0.0001762760803103447,4.142802208662033e-05,6.53571105399169,0.6283467684510597,2482153.0,2420.0,1312.0,True,False
5,22,10400609034892057327,ML-DSA-44,0.0001915288157761097,0.0001263660378754139,4.6964967623353004e-05,6.779736244119704,0.5953985289640867,2482153.0,2420.0,1312.0,True,False
5,23,7185429364983577082,ML-DSA-44,0.0004793431144207716,0.0003267088904976845,6.513507105410099e-05,10.923590899910778,0.5392139633037861,2482153.0,2420.0,1312.0,True,False
5,23,3543067765281101342,ML-DSA-44,0.00031574093736708164,0.0004933651071041822,4.218309186398983e-05,10.945112691959366,0.5682155895432469,2482153.0,2420.0,1312.0,True,False
5,23,14336295356534498708,ML-DSA-44,0.00015769200399518013,0.00022061006166040897,4.064105451107025e-05,11.07155607198365,0.5379085699274282,2482153.0,2420.0,1312.0,True,False
5,23,14534973158825708724,ML-DSA-44,0.00026867096312344074,0.00032030302099883556,4.09991480410099e-05,11.11589937703684,0.6030725984816339,2482153.0,2420.0,1312.0,True,False
5,23,15471375600919308669,ML-DSA-44,0.0001672878861427307,0.00013418984599411488,4.082708619534969e-05,10.985016523860395,0.6041641386498691,2482153.0,2420.0,1312.0,True,False
5,23,14980362268824129847,ML-DSA-44,0.0001758490689098835,0.00034651393070816994,4.160916432738304e-05,10.866316591156647,0.5954395508880068,2482153.0,2420.0,1312.0,True,False
5,23,11015747784180149022,ML-DSA-44,0.00016188202425837517,0.0002663640771061182,5.7694967836141586e-05,11.018305968027562,0.5472625792501079,2482153.0,2420.0,1312.0,True,False
5,23,8272473295346290824,ML-DSA-44,0.00017969217151403427,0.00017164414748549461,7.491512224078178e-05,11.043155413120985,0.5622950418359914,2482153.0,2420.0,1312.0,True,False
5,23,11788336924601058809,ML-DSA-44,0.0001309630461037159,0.00012417207472026348,4.2255036532878876e-05,6.373018492013216,0.5963549045667906,2482153.0,2420.0,1312.0,True,False
5,23,10400609034892057327,ML-DSA-44,0.00012880703434348106,0.00013769790530204773,6.284890696406364e-05,6.422992060892284,0.554416455636928,2482153.0,2420.0,1312.0,True,False
5,24,3543067765281101342,ML-DSA-44,0.0002489178441464901,0.0002276180312037468,6.366497837007046e-05,10.936994767049327,0.5601082595575387,2482153.0,2420.0,1312.0,True,False
5,24,14534973158825708724,ML-DSA-44,0.0002826109994202852,0.00036897091194987297,4.223012365400791e-05,10.726388552924618,0.5434322526358115,2482153.0,2420.0,1312.0,True,False
5,24,7185429364983577082,ML-DSA-44,0.00029918598011136055,0.0002201839815825224,4.0871091187000275e-05,10.83843274996616,0.5157644567050182,2482153.0,2420.0,1312.0,True,False
5,24,14336295356534498708,ML-DSA-44,0.0002784961834549904,0.00023932009935379028,4.099495708942413e-05,10.92111528199166,0.5022709929164807,2482153.0,2420.0,1312.0,True,False
5,24,15471375600919308669,ML-DSA-44,0.00022600986994802952,0.00023233983665704727,4.174280911684036e-05,11.33024427993223,0.5896450195010681,2482153.0,2420.0,1312.0,True,False
5,24,8272473295346290824,ML-DSA-44,0.00024025002494454384,0.0003173248842358589,4.511582665145397e-05,11.52453700802289,0.5777949385321254,2482153.0,2420.0,1312.0,True,False
5,24,11015747784180149022,ML-DSA-44,0.00018930388614535332,0.0003610390704125166,5.487282760441303e-05,11.813885359093547,0.5361640804631126,2482153.0,2420.0,1312.0,True,False
5,24,14980362268824129847,ML-DSA-44,0.00020974921062588692,0.00015172013081610203,4.1218940168619156e-05,11.975417552050203,0.5473876967077043,2482153.0,2420.0,1312.0,True,False
5,24,11788336924601058809,ML-DSA-44,0.00012560607865452766,0.00021216296590864658,4.1661085560917854e-05,6.453691348899156,0.5542306102290275,2482153.0,2420.0,1312.0,True,False
5,24,10400609034892057327,ML-DSA-44,0.00014655501581728458,0.00012207007966935635,4.0830112993717194e-05,6.263750300044194,0.5419091075231695,2482153.0,2420.0,1312.0,True,False
5,25,3543067765281101342,ML-DSA-44,0.0003053781110793352,0.0002736970782279968,6.039184518158436e-05,10.700889743864536,0.5551483344737511,2482153.0,2420.0,1312.0,True,False
5,25,14534973158825708724,ML-DSA-44,0.00020578200928866863,0.00034058280289173126,4.1239894926548004e-05,10.861599410884082,0.5410160600522141,2482153.0,2420.0,1312.0,True,False
5,25,7185429364983577082,ML-DSA-44,0.00024285586550831795,0.0003549051471054554,5.007907748222351e-05,11.115004589082673,0.5178149523225369,2482153.0,2420.0,1312.0,True,False
5,25,14336295356534498708,ML-DSA-44,0.0002815891057252884,0.0002969589550048113,4.10021748393774e-05,11.037579670082778,0.5234119897340513,2482153.0,2420.0,1312.0,True,False
5,25,15471375600919308669,ML-DSA-44,0.00023941602557897568,0.000854073092341423,4.100613296031952e-05,10.611058364855126,0.5385975597936447,2482153.0,2420.0,1312.0,True,False
5,25,11015747784180149022,ML-DSA-44,0.00024670292623341084,0.0002378108911216259,4.0771905332803726e-05,10.69243354187347,0.5157389843207636,2482153.0,2420.0,1312.0,True,False
5,25,14980362268824129847,ML-DSA-44,0.00019259704276919365,0.00018284819088876247,5.9267040342092514e-05,10.774911398999393,0.5164978878608175,2482153.0,2420.0,1312.0,True,False
5,25,8272473295346290824,ML-DSA-44,0.00019273394718766212,0.00016332999803125858,4.0593091398477554e-05,10.843279612949118,0.513176291516632,2482153.0,2420.0,1312.0,True,False
5,25,11788336924601058809,ML-DSA-44,0.00018296018242835999,0.00022185803391039371,3.99039126932621e-05,6.597836181987077,0.5310577088907645,2482153.0,2420.0,1312.0,True,False
5,25,10400609034892057327,ML-DSA-44,0.00012868293561041355,0.00013432488776743412,6.47387932986021e-05,6.517089198110625,0.4817733574290849,2482153.0,2420.0,1312.0,True,False
5,26,14534973158825708724,ML-DSA-44,0.0002269870601594448,0.00035337312147021294,5.7989032939076424e-05,11.594646062934771,0.4962555545554229,2482153.0,2420.0,1312.0,True,False
5,26,3543067765281101342,ML-DSA-44,0.00022048596292734146,0.0001897451002150774,4.211999475955963e-05,11.758565161144361,0.5234922878681474,2482153.0,2420.0,1312.0,True,False
5,26,14336295356534498708,ML-DSA-44,0.00018076389096677303,0.00021563097834587097,7.061893120408058e-05,11.663105790968984,0.4856486027455254,2482153.0,2420.0,1312.0,True,False
5,26,7185429364983577082,ML-DSA-44,0.00017269211821258068,0.00015894300304353237,4.1119055822491646e-05,11.80570528912358,0.4978796599349778,2482153.0,2420.0,1312.0,True,False
5,26,15471375600919308669,ML-DSA-44,0.0002526158932596445,0.00020904606208205223,4.195608198642731e-05,11.00664742407389,0.5617177620245393,2482153.0,2420.0,1312.0,True,False
5,26,11015747784180149022,ML-DSA-44,0.0003041329327970743,0.00039007700979709625,4.442199133336544e-05,10.889538726070896,0.5013192526782584,2482153.0,2420.0,1312.0,True,False
5,26,8272473295346290824,ML-DSA-44,0.00027418392710387707,0.00021590408869087696,5.737505853176117e-05,10.911195517983288,0.4784083127216169,2482153.0,2420.0,1312.0,True,False
5,26,14980362268824129847,ML-DSA-44,0.00026671704836189747,0.0001925190445035696,4.068599082529545e-05,10.984671261860058,0.5063849294759856,2482153.0,2420.0,1312.0,True,False
5,26,11788336924601058809,ML-DSA-44,0.000231647165492177,0.00019297492690384388,4.133093170821667e-05,6.339564727153629,0.48885738607614665,2482153.0,2420.0,1312.0,True,False
5,26,10400609034892057327,ML-DSA-44,0.0001291071530431509,0.00016290484927594662,4.165712743997574e-05,6.343195148045197,0.4868952514496958,2482153.0,2420.0,1312.0,True,False
5,27,14336295356534498708,ML-DSA-44,0.00016885297372937202,0.00024545309133827686,5.860207602381706e-05,11.091422055847943,0.4583836656989186,2482153.0,2420.0,1312.0,True,False
5,27,14534973158825708724,ML-DSA-44,0.00020750798285007477,0.00025141402147710323,5.077500827610493e-05,11.10000217705965,0.48898030363118195,2482153.0,2420.0,1312.0,True,False
5,27,3543067765281101342,ML-DSA-44,0.00019447598606348038,0.0002111417707055807,4.071998409926891e-05,11.304649875033647,0.5176921552462372,2482153.0,2420.0,1312.0,True,False
5,27,7185429364983577082,ML-DSA-44,0.00016237213276326656,0.00012297602370381355,4.2978208512067795e-05,11.21191426506266,0.4888174112435359,2482153.0,2420.0,1312.0,True,False
5,27,11015747784180149022,ML-DSA-44,0.00020087603479623795,0.0003318171948194504,4.431791603565216e-05,11.065555283799767,0.48869006900460854,2482153.0,2420.0,1312.0,True,False
5,27,15471375600919308669,ML-DSA-44,0.00038729095831513405,0.00017732009291648865,4.24159225076437e-05,11.14004709594883,0.51343290396272,2482153.0,2420.0,1312.0,True,False
5,27,8272473295346290824,ML-DSA-44,0.00020433799363672733,0.00025334209203720093,5.7006021961569786e-05,11.071242161095142,0.4553313980317989,2482153.0,2420.0,1312.0,True,False
5,27,14980362268824129847,ML-DSA-44,0.0001290289219468832,0.0001978201325982809,4.178285598754883e-05,11.141683415975422,0.46906515834319173,2482153.0,2420.0,1312.0,True,False
5,27,11788336924601058809,ML-DSA-44,0.0002556629478931427,0.00024513108655810356,4.158215597271919e-05,6.768777587916702,0.49598983319322015,2482153.0,2420.0,1312.0,True,False
5,27,10400609034892057327,ML-DSA-44,0.00013190694153308868,0.00017776712775230408,4.100007936358452e-05,6.9316725300159305,0.48051397297175447,2482153.0,2420.0,1312.0,True,False
5,28,7185429364983577082,ML-DSA-44,0.0002700970508158207,0.0003352239727973938,6.240908987820148e-05,11.04590912302956,0.4489809745080342,2482153.0,2420.0,1312.0,True,False
5,28,3543067765281101342,ML-DSA-44,0.0002102470025420189,0.00031179096549749374,4.1309045627713203e-05,11.212396261980757,0.48536204566858754,2482153.0,2420.0,1312.0,True,False
5,28,14336295356534498708,ML-DSA-44,0.0001152590848505497,0.0001824740320444107,4.0814047679305077e-05,11.221597384195775,0.43700588981555716,2482153.0,2420.0,1312.0,True,False
5,28,14534973158825708724,ML-DSA-44,0.000311913201585412,0.00022352300584316254,4.167784936726093e-05,11.266919322079048,0.4534491872189531,2482153.0,2420.0,1312.0,True,False
5,28,11015747784180149022,ML-DSA-44,0.00024302396923303604,0.00037067895755171776,4.2689964175224304e-05,10.76291218912229,0.43400724636758586,2482153.0,2420.0,1312.0,True,False
5,28,15471375600919308669,ML-DSA-44,0.00022505316883325577,0.0003607801627367735,4.2468076571822166e-05,10.977271473966539,0.4987176688993053,2482153.0,2420.0,1312.0,True,False
5,28,14980362268824129847,ML-DSA-44,0.0001325509510934353,0.0001521690282970667,5.5347802117466927e-05,11.018943417118862,0.4782796208717071,2482153.0,2420.0,1312.0,True,False
5,28,8272473295346290824,ML-DSA-44,0.00019693979993462563,0.0002294778823852539,4.0686922147870064e-05,11.227424195967615,0.46647029455490174,2482153.0,2420.0,1312.0,True,False
5,28,11788336924601058809,ML-DSA-44,0.0002633840776979923,0.0002724011428654194,4.039914347231388e-05,6.227360354037955,0.4669004772214373,2482153.0,2420.0,1312.0,True,False
5,28,10400609034892057327,ML-DSA-44,0.000147518003359437,0.00020178500562906265,4.7045061364769936e-05,6.180858006933704,0.4444514204848819,2482153.0,2420.0,1312.0,True,False
5,29,14336295356534498708,ML-DSA-44,0.00029040989466011524,0.0004341909661889076,5.836505442857742e-05,10.778777061961591,0.4036634443268465,2482153.0,2420.0,1312.0,True,False
5,29,7185429364983577082,ML-DSA-44,0.0001807620283216238,0.0005747179966419935,4.1449908167123795e-05,11.076280049048364,0.4077179859196589,2482153.0,2420.0,1312.0,True,False
5,29,14534973158825708724,ML-DSA-44,0.00018181395716965199,0.0001858738251030445,4.171719774603844e-05,11.047317979158834,0.4320242026832643,2482153.0,2420.0,1312.0,True,False
5,29,3543067765281101342,ML-DSA-44,0.00015712715685367584,0.0001428350806236267,4.147295840084553e-05,11.186768644023687,0.47324856027818407,2482153.0,2420.0,1312.0,True,False
5,29,15471375600919308669,ML-DSA-44,0.0001798919402062893,0.0001789000816643238,4.2307889088988304e-05,10.910098183900118,0.4600231601815125,2482153.0,2420.0,1312.0,True,False
5,29,11015747784180149022,ML-DSA-44,0.0003812138456851244,0.0002582548186182976,4.242989234626293e-05,11.419903051108122,0.40978239155166846,2482153.0,2420.0,1312.0,True,False
5,29,14980362268824129847,ML-DSA-44,0.0002688639797270298,0.00027981121093034744,5.451892502605915e-05,11.599644340807572,0.4628985347878781,2482153.0,2420.0,1312.0,True,False
5,29,8272473295346290824,ML-DSA-44,0.0002805660478770733,0.00023702997714281082,4.229391925036907e-05,11.537037706002593,0.43549699153585036,2482153.0,2420.0,1312.0,True,False
5,29,11788336924601058809,ML-DSA-44,0.00013002799823880196,0.00011688913218677044,4.194979555904865e-05,6.20679364586249,0.45331426745778913,2482153.0,2420.0,1312.0,True,False
5,29,10400609034892057327,ML-DSA-44,0.0001257411204278469,0.00010832794941961765,4.4598011299967766e-05,6.211058003129438,0.4323512052903604,2482153.0,2420.0,1312.0,True,False
5,30,3543067765281101342,ML-DSA-44,0.0002533190418034792,0.00031456584110856056,5.692499689757824e-05,10.807698920136318,0.44660604938532517,2482153.0,2420.0,1312.0,True,False
5,30,7185429364983577082,ML-DSA-44,0.00028210715390741825,0.00031675281934440136,4.195608198642731e-05,11.069844170007855,0.4085000594781273,2482153.0,2420.0,1312.0,True,False
5,30,14534973158825708724,ML-DSA-44,0.0002517600078135729,0.0002733499277383089,4.096701741218567e-05,11.15288464887999,0.42216044252702767,2482153.0,2420.0,1312.0,True,False
5,30,14336295356534498708,ML-DSA-44,0.00017853407189249992,0.00017694919370114803,4.1699036955833435e-05,11.151344317011535,0.3885778283676619,2482153.0,2420.0,1312.0,True,False
5,30,15471375600919308669,ML-DSA-44,0.0001622322015464306,0.000306492205709219,4.093814641237259e-05,10.921901937108487,0.4435837361487044,2482153.0,2420.0,1312.0,True,False
5,30,14980362268824129847,ML-DSA-44,0.00028384802863001823,0.0003132408019155264,4.3457839637994766e-05,10.980874040862545,0.4254795568194359,2482153.0,2420.0,1312.0,True,False
5,30,8272473295346290824,ML-DSA-44,0.0002019740641117096,0.00020087510347366333,6.684893742203712e-05,10.965825316961855,0.4029910947599561,2482153.0,2420.0,1312.0,True,False
5,30,11015747784180149022,ML-DSA-44,0.00015669199638068676,0.00014876201748847961,4.236586391925812e-05,11.026387658901513,0.4112678989412109,2482153.0,2420.0,1312.0,True,False
5,30,11788336924601058809,ML-DSA-44,0.0001247141044586897,0.0002832959871739149,5.9377867728471756e-05,6.171238994924352,0.4358103434276429,2482153.0,2420.0,1312.0,True,False
5,30,10400609034892057327,ML-DSA-44,0.00012938003055751324,0.00014419294893741608,4.663201980292797e-05,6.4065603371709585,0.4264947823278464,2482153.0,2420.0,1312.0,True,False
