run,round,node_id,scheme,keygen_time,client_serialize_time,sign_time,server_serialize_time,verify_time,server_verify_total_time,train_time,train_loss,signed_payload_size,sig_size,pubkey_size,num_examples,sig_valid,has_nan
1,1,4834973910227067219,ML-DSA-87,0.0016847900114953518,0.0031304540461860597,0.010908700001891702,0.0012815320515073836,0.008146135020069778,0.008310106000863016,21.796744406048674,1.8682018666983413,2482153.0,4627.0,2592.0,10000.0,True,False
1,1,11387688146623821916,ML-DSA-87,0.0015984650235623121,0.002287633018568158,0.008966616995166987,0.001327152014710009,0.006487794977147132,0.006567882956005633,21.489183582016267,1.9192070861974844,2482153.0,4627.0,2592.0,10000.0,True,False
1,1,4885443601119665187,ML-DSA-87,0.001733192999381572,0.00215368700446561,0.00920936098555103,0.001139677013270557,0.006288742006290704,0.006334580015391111,22.037719991989434,1.869180313695353,2482153.0,4627.0,2592.0,10000.0,True,False
1,1,11299653297120553851,ML-DSA-87,0.001073690946213901,0.001518302015028894,0.006545376963913441,0.001210448972415179,0.006270751007832587,0.0063211569795385,21.8753602480283,1.9079048412676436,2482153.0,4627.0,2592.0,10000.0,True,False
1,1,6581207000994009887,ML-DSA-87,0.00018637499306350946,0.0014765600208193064,0.006532791012432426,0.001079888956155628,0.006447221036069095,0.006493993976619095,10.70283645199379,1.9155706643296506,2482153.0,4627.0,2592.0,10000.0,True,False
1,2,11387688146623821916,ML-DSA-87,0.0003688569995574653,0.0024133400293067098,0.009250815026462078,0.0011612700182013214,0.006358376005664468,0.006441073026508093,21.41444182599662,1.661960489071977,2482153.0,4627.0,2592.0,10000.0,True,False
1,2,4885443601119665187,ML-DSA-87,0.0003059650189243257,0.001963663031347096,0.007246327004395425,0.001398879976477474,0.0062088059494271874,0.0062539129867218435,21.557347671012394,1.662271527817455,2482153.0,4627.0,2592.0,10000.0,True,False
1,2,4834973910227067219,ML-DSA-87,0.00018779700621962547,0.0014986009919084609,0.00643868203042075,0.001118785992730409,0.006727494008373469,0.006790202984120697,22.002208544989116,1.6327411225809456,2482153.0,4627.0,2592.0,10000.0,True,False
1,2,11299653297120553851,ML-DSA-87,0.0002017929800786078,0.0022304989979602396,0.007074820983689278,0.00109651597449556,0.006424154038541019,0.006472275010310113,21.9608516980079,1.6763690214949294,2482153.0,4627.0,2592.0,10000.0,True,False
1,2,6581207000994009887,ML-DSA-87,0.00025671900948509574,0.0013505530077964067,0.00632389698876068,0.0013290810165926814,0.006222161988262087,0.006265857024118304,10.83724990603514,1.648257667645098,2482153.0,4627.0,2592.0,10000.0,True,False
1,3,4885443601119665187,ML-DSA-87,0.000565971015021205,0.0033452219795435667,0.008884740003850311,0.001070066005922854,0.0063246870413422585,0.006405252031981945,21.348983091011178,1.4479143983258989,2482153.0,4627.0,2592.0,10000.0,True,False
1,3,11299653297120553851,ML-DSA-87,0.0002932099741883576,0.002120513003319502,0.009559612954035401,0.001128619012888521,0.006200013973284513,0.006249454047065228,21.48843389301328,1.4663529356066791,2482153.0,4627.0,2592.0,10000.0,True,False
1,3,11387688146623821916,ML-DSA-87,0.0002832610043697059,0.0021963620092719793,0.01033393497345969,0.0010809380328282714,0.006831379025243223,0.006874511018395424,21.51059185899794,1.4573764721044717,2482153.0,4627.0,2592.0,10000.0,True,False
1,3,4834973910227067219,ML-DSA-87,0.0002108910121023655,0.0014204809558577836,0.006356422964017838,0.0010902450303547084,0.00619521300541237,0.006288639968261123,21.63422765402356,1.4507415586005385,2482153.0,4627.0,2592.0,10000.0,True,False
1,3,6581207000994009887,ML-DSA-87,0.00026046804850921035,0.0013348590000532568,0.006471863016486168,0.0011329040280543268,0.006372909992933273,0.006440597993787378,10.557792923995294,1.4253842442180402,2482153.0,4627.0,2592.0,10000.0,True,False
1,4,4834973910227067219,ML-DSA-87,0.0006133770220912993,0.002244940958917141,0.009549114969559014,0.0010717519908212125,0.006264641007874161,0.006350176001433283,21.50442832004046,1.294035026440605,2482153.0,4627.0,2592.0,10000.0,True,False
1,4,11299653297120553851,ML-DSA-87,0.00045693403808400035,0.0031666469876654446,0.0075618510018102825,0.0013477519969455898,0.006187378021422774,0.006233207008335739,21.51413845899515,1.3154432741216957,2482153.0,4627.0,2592.0,10000.0,True,False
1,4,4885443601119665187,ML-DSA-87,0.0003935590502806008,0.0027176379808224738,0.007206235022749752,0.0011359310010448098,0.006238177011255175,0.0062861990300007164,21.66338626103243,1.307090674726346,2482153.0,4627.0,2592.0,10000.0,True,False
1,4,11387688146623821916,ML-DSA-87,0.00019018404418602586,0.0014483460108749568,0.006333443976473063,0.001086912991013378,0.006360562983900309,0.006409524008631706,21.732579997042194,1.3160942246357854,2482153.0,4627.0,2592.0,10000.0,True,False
1,4,6581207000994009887,ML-DSA-87,0.0001890030107460916,0.001383783994242549,0.006590828998014331,0.0013424730277620256,0.006155399023555219,0.006200571020599455,10.847557153028902,1.2995830629580318,2482153.0,4627.0,2592.0,10000.0,True,False
1,5,4885443601119665187,ML-DSA-87,0.0004976099589839578,0.0025097900070250034,0.010356895974837244,0.0011549280025064945,0.0064210330019705,0.0065358009887859225,21.486221352010034,1.1786348010404422,2482153.0,4627.0,2592.0,10000.0,True,False
1,5,11387688146623821916,ML-DSA-87,0.00027613696875050664,0.0022717220126651227,0.007425937044899911,0.0014250610256567597,0.006286433024797589,0.006338579987641424,21.719333766959608,1.1914032722433534,2482153.0,4627.0,2592.0,10000.0,True,False
1,5,4834973910227067219,ML-DSA-87,0.0001901310170069337,0.0017255119746550918,0.008008049975614995,0.0011268010130152106,0.006229260994587094,0.006274979037698358,21.734755711979233,1.1793186159941336,2482153.0,4627.0,2592.0,10000.0,True,False
1,5,11299653297120553851,ML-DSA-87,0.0002789730206131935,0.0015818849788047373,0.00638466898817569,0.0010761030134744942,0.006292187026701868,0.006346561014652252,21.823611974017695,1.1963916283826859,2482153.0,4627.0,2592.0,10000.0,True,False
1,5,6581207000994009887,ML-DSA-87,0.00019262701971456409,0.0014242949546314776,0.006300723005551845,0.0010882740025408566,0.006300048029515892,0.0063451239839196205,10.614547208999284,1.1766561012679395,2482153.0,4627.0,2592.0,10000.0,True,False
1,6,4834973910227067219,ML-DSA-87,0.0002834100159816444,0.0019147319835610688,0.00923856400186196,0.0014122070278972387,0.006334781006444246,0.006418268021661788,20.965659059991594,1.0925565089661473,2482153.0,4627.0,2592.0,10000.0,True,False
1,6,11387688146623821916,ML-DSA-87,0.000317345024086535,0.001768757007084787,0.009757978958077729,0.001364883966743946,0.0062931819702498615,0.006339618994388729,21.1662959610112,1.0845903777085935,2482153.0,4627.0,2592.0,10000.0,True,False
1,6,11299653297120553851,ML-DSA-87,0.0002744329976849258,0.0019866020302288234,0.0069808239932172,0.001193480973597616,0.006342568958643824,0.006387258996255696,21.25619782699505,1.0933912607808463,2482153.0,4627.0,2592.0,10000.0,True,False
1,6,4885443601119665187,ML-DSA-87,0.0002633300027810037,0.001464652013964951,0.006685542000923306,0.001136762963142246,0.006291121011599898,0.006335009005852044,21.332758984994143,1.072747876849799,2482153.0,4627.0,2592.0,10000.0,True,False
1,6,6581207000994009887,ML-DSA-87,0.0002526890020817518,0.0013697249814867973,0.00637665600515902,0.001219077967107296,0.006372040021233261,0.006420170015189797,10.50094492797507,1.0656244175883527,2482153.0,4627.0,2592.0,10000.0,True,False
1,7,4834973910227067219,ML-DSA-87,0.00029799703042954206,0.0019234970095567405,0.009945236030034721,0.0010900189517997205,0.006265319010708481,0.00635782303288579,21.385601453017443,1.0055316865634614,2482153.0,4627.0,2592.0,10000.0,True,False
1,7,11299653297120553851,ML-DSA-87,0.000394130009226501,0.0027559419977478683,0.009589716035407037,0.0010873059509322047,0.0063266229699365795,0.006373165000695735,21.4385743419989,1.006793815678301,2482153.0,4627.0,2592.0,10000.0,True,False
1,7,11387688146623821916,ML-DSA-87,0.00019067199900746346,0.0016507970285601914,0.008419266960117966,0.0013463000068441033,0.006222311989404261,0.006270487967412919,21.471572202979587,1.0170679412329922,2482153.0,4627.0,2592.0,10000.0,True,False
1,7,4885443601119665187,ML-DSA-87,0.0001927519915625453,0.0016424679779447615,0.006516780995298177,0.0010730079957284033,0.006269499019253999,0.006316699029412121,21.524860372999683,1.0018459850797257,2482153.0,4627.0,2592.0,10000.0,True,False
1,7,6581207000994009887,ML-DSA-87,0.00018942297901958227,0.0013640120159834623,0.006464365986175835,0.0011591599904932082,0.006502339034341276,0.006549963960424066,10.671724563988391,0.9896550525110751,2482153.0,4627.0,2592.0,10000.0,True,False
1,8,4834973910227067219,ML-DSA-87,0.0002916260273195803,0.001748399983625859,0.010155213007237762,0.0010827970108948648,0.006272304977755994,0.006353560020215809,21.82900301797781,0.9487625069130724,2482153.0,4627.0,2592.0,10000.0,True,False
1,8,11387688146623821916,ML-DSA-87,0.0002470099716447294,0.001929101999849081,0.007064608973450959,0.00113158201565966,0.00623100099619478,0.006277864973526448,21.978572984051425,0.9358302925150996,2482153.0,4627.0,2592.0,10000.0,True,False
1,8,4885443601119665187,ML-DSA-87,0.00047150003956630826,0.002200221992097795,0.010609910998027772,0.0010835040011443198,0.006201304029673338,0.0062447660020552576,21.93665237503592,0.9382095837745422,2482153.0,4627.0,2592.0,10000.0,True,False
1,8,11299653297120553851,ML-DSA-87,0.00019498501205816865,0.001468378002755344,0.006469490006566048,0.0011172180529683828,0.006308074982371181,0.006356556026730686,22.159491971018724,0.9419810469158161,2482153.0,4627.0,2592.0,10000.0,True,False
1,8,6581207000994009887,ML-DSA-87,0.00024697696790099144,0.0013505429960787296,0.006313593999948353,0.0010816609719768167,0.006192620028741658,0.006236698012799025,10.673464716994204,0.9157338812709236,2482153.0,4627.0,2592.0,10000.0,True,False
1,9,11387688146623821916,ML-DSA-87,0.00043925701174885035,0.0022685520234517753,0.009538490965496749,0.0011104120058007538,0.006186676037032157,0.006267668039072305,21.67495754902484,0.8665717635482264,2482153.0,4627.0,2592.0,10000.0,True,False
1,9,11299653297120553851,ML-DSA-87,0.00036166899371892214,0.0018929230282083154,0.010041083034593612,0.0010755099938251078,0.006315099948551506,0.006362281972542405,21.952829028014094,0.8626049242842312,2482153.0,4627.0,2592.0,10000.0,True,False
1,9,4885443601119665187,ML-DSA-87,0.0003475899575278163,0.0020897299982607365,0.009764531976543367,0.0011346670216880739,0.006263543968088925,0.006310087977908552,22.10701911401702,0.8756374570127493,2482153.0,4627.0,2592.0,10000.0,True,False
1,9,4834973910227067219,ML-DSA-87,0.00019473599968478084,0.0015090860542841256,0.0066224469919689,0.0010695940000005066,0.006217943038791418,0.0062641220283694565,22.115397035027854,0.8791111837179897,2482153.0,4627.0,2592.0,10000.0,True,False
1,9,6581207000994009887,ML-DSA-87,0.000185929995495826,0.0013792819809168577,0.0062977049965411425,0.001062181021552533,0.00623369199456647,0.006277250009588897,10.624467848043423,0.844056908124552,2482153.0,4627.0,2592.0,10000.0,True,False
1,10,11387688146623821916,ML-DSA-87,0.00038150703767314553,0.0024454150116071105,0.009461968031246215,0.0011240519816055894,0.006530331971589476,0.006616945029236376,21.904096218000632,0.8113639266155779,2482153.0,4627.0,2592.0,10000.0,True,False
1,10,4885443601119665187,ML-DSA-87,0.00039117003325372934,0.0022830480011180043,0.009405081975273788,0.001092639984562993,0.006350131006911397,0.006395027041435242,21.948202788014896,0.802330282930368,2482153.0,4627.0,2592.0,10000.0,True,False
1,10,4834973910227067219,ML-DSA-87,0.0002583820023573935,0.0018251080182380974,0.007007685024291277,0.0010671920026652515,0.006282310001552105,0.006326436996459961,22.008864581002854,0.8191522757847088,2482153.0,4627.0,2592.0,10000.0,True,False
1,10,11299653297120553851,ML-DSA-87,0.00024167104857042432,0.001998401014134288,0.006397354998625815,0.0011155200190842152,0.006232529005501419,0.006277258973568678,22.03686309600016,0.8009251696994891,2482153.0,4627.0,2592.0,10000.0,True,False
1,10,6581207000994009887,ML-DSA-87,0.00018392200581729412,0.0013825430069118738,0.006342620006762445,0.0010737550328485668,0.0062214480130933225,0.006275794003158808,10.689329524990171,0.7845300331759376,2482153.0,4627.0,2592.0,10000.0,True,False
1,11,11299653297120553851,ML-DSA-87,0.0003091779653914273,0.0046849510399624705,0.009643997007515281,0.0011433050385676324,0.006290781020652503,0.006375577999278903,21.794396965997294,0.7370244131301539,2482153.0,4627.0,2592.0,10000.0,True,False
1,11,4885443601119665187,ML-DSA-87,0.0002849950105883181,0.0020839599892497063,0.008737110008951277,0.0010876079904846847,0.006241952010896057,0.0062885910156182945,21.858132188033778,0.7479912705314807,2482153.0,4627.0,2592.0,10000.0,True,False
1,11,4834973910227067219,ML-DSA-87,0.00027120800223201513,0.0024883790174499154,0.010079256957396865,0.0011352860019542277,0.006242435018066317,0.006287294963840395,21.628345425007865,0.7463873603854316,2482153.0,4627.0,2592.0,10000.0,True,False
1,11,11387688146623821916,ML-DSA-87,0.00018572196131572127,0.001423841982614249,0.00633374898461625,0.0011605730396695435,0.0062722269794903696,0.006318144034594297,22.005813788971864,0.74716032541598,2482153.0,4627.0,2592.0,10000.0,True,False
1,11,6581207000994009887,ML-DSA-87,0.00018302496755495667,0.0013781229499727488,0.0063827550038695335,0.001147899019997567,0.006172355031594634,0.006216762994881719,10.914050013001543,0.720193509714672,2482153.0,4627.0,2592.0,10000.0,True,False
1,12,11299653297120553851,ML-DSA-87,0.00026322604389861226,0.0028764570015482605,0.009324173035565764,0.0012119709863327444,0.006509440019726753,0.006583745998796076,21.929009562009014,0.6978543926351748,2482153.0,4627.0,2592.0,10000.0,True,False
1,12,4885443601119665187,ML-DSA-87,0.0003663090174086392,0.0018658379558473825,0.0071420889580622315,0.0011825370020233095,0.006404055980965495,0.006455814000219107,22.001650938997045,0.6833510640234993,2482153.0,4627.0,2592.0,10000.0,True,False
1,12,11387688146623821916,ML-DSA-87,0.00022074603475630283,0.002381488971877843,0.007544776948634535,0.001168528979178518,0.006289259006734937,0.006332816963549703,21.963282242009882,0.6962883656207746,2482153.0,4627.0,2592.0,10000.0,True,False
1,12,4834973910227067219,ML-DSA-87,0.00029041903326287866,0.0014480880345217884,0.006574244995135814,0.001095704035833478,0.006357407022733241,0.006400508980732411,22.007787460985128,0.6941507189228131,2482153.0,4627.0,2592.0,10000.0,True,False
1,12,6581207000994009887,ML-DSA-87,0.00024779996601864696,0.0014032989856787026,0.006386807013768703,0.0012149880058132112,0.00637374899815768,0.006418154982384294,10.662836829025764,0.6713288934371723,2482153.0,4627.0,2592.0,10000.0,True,False
1,13,11387688146623821916,ML-DSA-87,0.0002893810160458088,0.0017642719903960824,0.009976650995668024,0.0011005609994754195,0.006292351987212896,0.006374413031153381,21.74635120498715,0.6397010310294148,2482153.0,4627.0,2592.0,10000.0,True,False
1,13,11299653297120553851,ML-DSA-87,0.0004070060094818473,0.0017866360140033066,0.009595039009582251,0.0010846360237337649,0.006219544971827418,0.006266015989240259,21.80950027401559,0.6474562858740172,2482153.0,4627.0,2592.0,10000.0,True,False
1,13,4885443601119665187,ML-DSA-87,0.00018737500067800283,0.002507227996829897,0.0071796789998188615,0.0010947150294668972,0.006322916015051305,0.006367445981595665,21.880797760968562,0.6401829310594657,2482153.0,4627.0,2592.0,10000.0,True,False
1,13,4834973910227067219,ML-DSA-87,0.00018694199388846755,0.0014032690087333322,0.006377133016940206,0.001114951039198786,0.006223278003744781,0.006268052966333926,22.051055417978205,0.6533665928406457,2482153.0,4627.0,2592.0,10000.0,True,False
1,13,6581207000994009887,ML-DSA-87,0.00018607103265821934,0.0013582439860329032,0.006306989002041519,0.0010802769684232771,0.006449117965530604,0.006496393005363643,10.84488315199269,0.6326840776271714,2482153.0,4627.0,2592.0,10000.0,True,False
1,14,4885443601119665187,ML-DSA-87,0.0002909559989348054,0.0017568720504641533,0.00961812399327755,0.0011398560018278658,0.006291413039434701,0.0063928390154615045,21.855787142994814,0.6077760605813977,2482153.0,4627.0,2592.0,10000.0,True,False
1,14,4834973910227067219,ML-DSA-87,0.00020290003158152103,0.002189079998061061,0.007444587012287229,0.0010625399881973863,0.006348280992824584,0.006393047980964184,22.142897223995533,0.6109016984463119,2482153.0,4627.0,2592.0,10000.0,True,False
1,14,11387688146623821916,ML-DSA-87,0.0002543900045566261,0.0015286750276573002,0.006658316007815301,0.0010871000122278929,0.006277617998421192,0.006323808047454804,22.230780710000545,0.6089898327145332,2482153.0,4627.0,2592.0,10000.0,True,False
1,14,11299653297120553851,ML-DSA-87,0.0002957149990834296,0.0020988690084777772,0.009821159997954965,0.0010802700417116284,0.006334726000204682,0.006379142054356635,22.202521889004856,0.6009993761087569,2482153.0,4627.0,2592.0,10000.0,True,False
1,14,6581207000994009887,ML-DSA-87,0.00025287200696766376,0.0013809590018354356,0.006293701007962227,0.0011136900284327567,0.006366162037011236,0.006410834030248225,10.711596226959955,0.567199341928997,2482153.0,4627.0,2592.0,10000.0,True,False
1,15,4834973910227067219,ML-DSA-87,0.00031105102971196175,0.003532622999045998,0.011691994033753872,0.0010709849884733558,0.00625647499691695,0.006333667028229684,21.864158642012626,0.5607432814689871,2482153.0,4627.0,2592.0,10000.0,True,False
1,15,11299653297120553851,ML-DSA-87,0.0004195229848846793,0.0024536169948987663,0.009904357022605836,0.0011511690099723637,0.00614870002027601,0.006194701010826975,21.958406433055643,0.5526591067592176,2482153.0,4627.0,2592.0,10000.0,True,False
1,15,4885443601119665187,ML-DSA-87,0.00035756902070716023,0.0017536440282128751,0.010832077998202294,0.0010888800024986267,0.006231410952750593,0.006274643004871905,21.968549517041538,0.5535715023478189,2482153.0,4627.0,2592.0,10000.0,True,False
1,15,11387688146623821916,ML-DSA-87,0.0002899199607782066,0.0017691930406726897,0.008310128003358841,0.0011718260357156396,0.006229230959434062,0.006277123000472784,22.102839188999496,0.559849385041208,2482153.0,4627.0,2592.0,10000.0,True,False
1,15,6581207000994009887,ML-DSA-87,0.0001894360175356269,0.001368942961562425,0.00651641096919775,0.0010847379453480244,0.006199039984494448,0.006243252020794898,10.761133713007439,0.5401392221903077,2482153.0,4627.0,2592.0,10000.0,True,False
1,16,11387688146623821916,ML-DSA-87,0.000415206013713032,0.0028124710079282522,0.007864906045142561,0.0010954139870591462,0.006356613012030721,0.00644165399717167,21.286154209985398,0.5178802783211199,2482153.0,4627.0,2592.0,10000.0,True,False
1,16,4834973910227067219,ML-DSA-87,0.00024003098951652646,0.002502185001503676,0.007638359034899622,0.0010820360039360821,0.006503596028778702,0.006549494981300086,21.278410720988177,0.5297495102325377,2482153.0,4627.0,2592.0,10000.0,True,False
1,16,11299653297120553851,ML-DSA-87,0.00023872096790000796,0.001417311024852097,0.0066242049797438085,0.001325397053733468,0.006284014030825347,0.006343475019093603,21.55191894597374,0.529684593180974,2482153.0,4627.0,2592.0,10000.0,True,False
1,16,4885443601119665187,ML-DSA-87,0.0003004629979841411,0.0020810849964618683,0.0077468459494411945,0.001097014988772571,0.006259038986172527,0.006304643990006298,21.29131405998487,0.508620758633168,2482153.0,4627.0,2592.0,10000.0,True,False
1,16,6581207000994009887,ML-DSA-87,0.0001875049783848226,0.0013416670262813568,0.006380842009093612,0.0011412239982746542,0.006175302958581597,0.006222431024070829,10.652691837050952,0.5041486331032583,2482153.0,4627.0,2592.0,10000.0,True,False
1,17,4834973910227067219,ML-DSA-87,0.0002843769616447389,0.0023010820150375366,0.010178709984757006,0.0014737870078533888,0.006459037016611546,0.006537624052725732,21.361796660989057,0.4913957964617033,2482153.0,4627.0,2592.0,10000.0,True,False
1,17,4885443601119665187,ML-DSA-87,0.0003236769698560238,0.003158722014632076,0.009925262012984604,0.001439384010154754,0.006622305023483932,0.006677809986285865,21.456764654954895,0.465589895689735,2482153.0,4627.0,2592.0,10000.0,True,False
1,17,11387688146623821916,ML-DSA-87,0.00023697601864114404,0.0017134730005636811,0.006733159010764211,0.0017343449871987104,0.006378478021360934,0.006432423950172961,21.642465248994995,0.48236222484241276,2482153.0,4627.0,2592.0,10000.0,True,False
1,17,11299653297120553851,ML-DSA-87,0.00043393397936597466,0.0024017940158955753,0.008672679017763585,0.001302749034948647,0.006540336995385587,0.0065934910089708865,21.643892725987826,0.48392599086744337,2482153.0,4627.0,2592.0,10000.0,True,False
1,17,6581207000994009887,ML-DSA-87,0.00024854298681020737,0.0014848270220682025,0.006463621975854039,0.0012525430065579712,0.006335902959108353,0.006392195005901158,10.595339566003531,0.4992685467421342,2482153.0,4627.0,2592.0,10000.0,True,False
1,18,11387688146623821916,ML-DSA-87,0.00028779800049960613,0.0022277800017036498,0.00884388602571562,0.0013587020221166313,0.006265969015657902,0.0063535370281897485,21.615544135973323,0.46021907002376483,2482153.0,4627.0,2592.0,10000.0,True,False
1,18,4834973910227067219,ML-DSA-87,0.0003711580066010356,0.0020059680100530386,0.008792929002083838,0.001355763990432024,0.006194833025801927,0.006242747011128813,21.615007195970975,0.4629987137505231,2482153.0,4627.0,2592.0,10000.0,True,False
1,18,11299653297120553851,ML-DSA-87,0.00022388302022591233,0.0014664159971289337,0.007091678970027715,0.0011491360492073,0.006342556967865676,0.006389382993802428,21.780747777957004,0.4595914759075108,2482153.0,4627.0,2592.0,10000.0,True,False
1,18,4885443601119665187,ML-DSA-87,0.00018639699555933475,0.0014792490401305258,0.00650919001782313,0.0010690449853427708,0.006290693010669202,0.006334724021144211,21.891777082986664,0.4723314969017864,2482153.0,4627.0,2592.0,10000.0,True,False
1,18,6581207000994009887,ML-DSA-87,0.0001998160150833428,0.0015685070538893342,0.006327025999780744,0.0010907899704761803,0.0062940079951658845,0.006338330975268036,10.674774525978137,0.45832828141320436,2482153.0,4627.0,2592.0,10000.0,True,False
1,19,11299653297120553851,ML-DSA-87,0.00032041699159890413,0.0023129000328481197,0.00713264400837943,0.001232092035934329,0.0064247489790432155,0.006503576994873583,21.60601345199393,0.4164802836992156,2482153.0,4627.0,2592.0,10000.0,True,False
1,19,11387688146623821916,ML-DSA-87,0.0005743290530517697,0.002450200030580163,0.010071680997498333,0.0011963470024056733,0.006315056001767516,0.00635822000913322,21.69608570903074,0.40515160050017,2482153.0,4627.0,2592.0,10000.0,True,False
1,19,4885443601119665187,ML-DSA-87,0.0002846290008164942,0.0015207169926725328,0.007307156978640705,0.0010947459959425032,0.006220349983777851,0.0062653819913975894,21.792231513012666,0.44126532037560934,2482153.0,4627.0,2592.0,10000.0,True,False
1,19,4834973910227067219,ML-DSA-87,0.00018573302077129483,0.0015306950081139803,0.006500507006421685,0.0011002980172634125,0.006225702993106097,0.0062725250027142465,21.95629032695433,0.4267576088706335,2482153.0,4627.0,2592.0,10000.0,True,False
1,19,6581207000994009887,ML-DSA-87,0.00018513400573283434,0.0015013000229373574,0.0063023100374266505,0.0011166540207341313,0.0062427090015262365,0.006285918992944062,10.71755788300652,0.4206036522079961,2482153.0,4627.0,2592.0,10000.0,True,False
1,20,4834973910227067219,ML-DSA-87,0.0003739189705811441,0.0029889310244470835,0.007873238995671272,0.001280955970287323,0.0063392610172741115,0.006420950987376273,21.563170207024086,0.40945193156623805,2482153.0,4627.0,2592.0,10000.0,True,False
1,20,11387688146623821916,ML-DSA-87,0.0003701919922605157,0.0019380389712750912,0.007925206038635224,0.0013511329889297485,0.006253910018131137,0.006310552009381354,21.659293628996238,0.4196824152468921,2482153.0,4627.0,2592.0,10000.0,True,False
1,20,4885443601119665187,ML-DSA-87,0.0001839500037021935,0.0015211570425890386,0.006377099023666233,0.0011321509955450892,0.006262429000344127,0.006306478986516595,21.820775970001705,0.3945739414786902,2482153.0,4627.0,2592.0,10000.0,True,False
1,20,11299653297120553851,ML-DSA-87,0.00018450699280947447,0.0015418599941767752,0.0072289599920623004,0.0010745659819804132,0.006223629985470325,0.0062685199663974345,21.75343984697247,0.40402803911318697,2482153.0,4627.0,2592.0,10000.0,True,False
1,20,6581207000994009887,ML-DSA-87,0.00018698995700106025,0.0013767069904133677,0.00637623097281903,0.0015694739995524287,0.006307263975031674,0.006354690995067358,10.723077083996031,0.41470871943409165,2482153.0,4627.0,2592.0,10000.0,True,False
1,21,4834973910227067219,ML-DSA-87,0.00037599605275318027,0.0028923250501975417,0.010195106966421008,0.001077805005479604,0.006421258032787591,0.006500765972305089,21.37912390200654,0.3705851079021304,2482153.0,4627.0,2592.0,10000.0,True,False
1,21,4885443601119665187,ML-DSA-87,0.0002999909920617938,0.0018637009779922664,0.008866510994266719,0.0011323820217512548,0.00625209097051993,0.006297539977822453,21.50440630799858,0.38150898938457045,2482153.0,4627.0,2592.0,10000.0,True,False
1,21,11387688146623821916,ML-DSA-87,0.00017874903278425336,0.0015225049573928118,0.0069985659793019295,0.0010671730269677937,0.006272996019106358,0.006317503983154893,21.515405580983497,0.3724014734545836,2482153.0,4627.0,2592.0,10000.0,True,False
1,21,11299653297120553851,ML-DSA-87,0.00018654600717127323,0.0015864140004850924,0.006617652019485831,0.001180191000457853,0.0062514339806512,0.006297542015090585,21.699209596961737,0.3796678325875451,2482153.0,4627.0,2592.0,10000.0,True,False
1,21,6581207000994009887,ML-DSA-87,0.00024787202710285783,0.0013774459948763251,0.006565227988176048,0.0010797599679790437,0.006290432007517666,0.0063347379909828305,10.785568999999668,0.3836189662746062,2482153.0,4627.0,2592.0,10000.0,True,False
1,22,4885443601119665187,ML-DSA-87,0.0005751940188929439,0.0021440970012918115,0.010960642015561461,0.001335584034677595,0.006244082003831863,0.006332488032057881,21.16886670299573,0.32319629618142265,2482153.0,4627.0,2592.0,10000.0,True,False
1,22,11299653297120553851,ML-DSA-87,0.00038451404543593526,0.0026953479973599315,0.008991934999357909,0.0015142179909162223,0.0062819389859214425,0.006330959964543581,21.662609615013935,0.34584945800324407,2482153.0,4627.0,2592.0,10000.0,True,False
1,22,4834973910227067219,ML-DSA-87,0.00028854497941210866,0.0016920570051297545,0.0071983630186878145,0.0011411129962652922,0.006251963030081242,0.006297822983469814,21.81956406100653,0.36401011535344413,2482153.0,4627.0,2592.0,10000.0,True,False
1,22,11387688146623821916,ML-DSA-87,0.00018892699154093862,0.0016106429975479841,0.006666072993539274,0.0010950189898721874,0.0062649010214954615,0.006309431977570057,21.872909336991142,0.35307051074771456,2482153.0,4627.0,2592.0,10000.0,True,False
1,22,6581207000994009887,ML-DSA-87,0.00018547300714999437,0.0013484130031429231,0.006321751978248358,0.0011015399941243231,0.006266132986638695,0.006310480996035039,10.488081882998813,0.3791592089465251,2482153.0,4627.0,2592.0,10000.0,True,False
1,23,11387688146623821916,ML-DSA-87,0.0003416499821469188,0.0029147739987820387,0.007967982033733279,0.0011078619863837957,0.0063802069635130465,0.006461481039877981,21.813190687971655,0.33852337889772016,2482153.0,4627.0,2592.0,10000.0,True,False
1,23,4834973910227067219,ML-DSA-87,0.00032621598802506924,0.002702124009374529,0.010716053016949445,0.001098656968679279,0.006325002992525697,0.006370249029714614,21.75071537302574,0.34588522268250915,2482153.0,4627.0,2592.0,10000.0,True,False
1,23,11299653297120553851,ML-DSA-87,0.0003437220002524555,0.0017661949968896806,0.0070911519578658044,0.001131413970142603,0.006183840974699706,0.006229593011084944,21.846019605989568,0.35662885298863195,2482153.0,4627.0,2592.0,10000.0,True,False
1,23,4885443601119665187,ML-DSA-87,0.0003909679944626987,0.0022892470005899668,0.008840656955726445,0.0011395360343158245,0.006218880007509142,0.006264371972065419,21.822986230952665,0.3397166119686093,2482153.0,4627.0,2592.0,10000.0,True,False
1,23,6581207000994009887,ML-DSA-87,0.00024903600569814444,0.0013641109690070152,0.006416028016246855,0.0010927600087597966,0.006635372992604971,0.006682198960334063,10.619814776990097,0.3232145541415999,2482153.0,4627.0,2592.0,10000.0,True,False
1,24,11299653297120553851,ML-DSA-87,0.0007540759979747236,0.002522819966543466,0.007169382006395608,0.001052834966685623,0.0063031179597601295,0.006390471011400223,21.745618777989876,0.3449935803350549,2482153.0,4627.0,2592.0,10000.0,True,False
1,24,4885443601119665187,ML-DSA-87,0.00029741699108853936,0.001772427000105381,0.009329904045443982,0.001085767988115549,0.006349276984110475,0.006396455981303006,22.11852637497941,0.3200346409795455,2482153.0,4627.0,2592.0,10000.0,True,False
1,24,4834973910227067219,ML-DSA-87,0.00019938504556193948,0.0021467640181072056,0.007126823998987675,0.001161472056992352,0.006243607960641384,0.0062908699619583786,22.04961191600887,0.3182389107160865,2482153.0,4627.0,2592.0,10000.0,True,False
1,24,11387688146623821916,ML-DSA-87,0.00018645101226866245,0.001480675011407584,0.006730015971697867,0.0010763159953057766,0.006349941017106175,0.006397527002263814,22.224483040976338,0.309642946129641,2482153.0,4627.0,2592.0,10000.0,True,False
1,24,6581207000994009887,ML-DSA-87,0.00018691399600356817,0.0012977360165677965,0.006273876002524048,0.001082517032045871,0.006211974017787725,0.0062579489895142615,10.527135901967995,0.34067877504926997,2482153.0,4627.0,2592.0,10000.0,True,False
1,25,11299653297120553851,ML-DSA-87,0.0002828960423357785,0.0017920879763551056,0.007363911019638181,0.001107100979425013,0.006357428967021406,0.006444766011554748,21.826843891991302,0.32316204551577615,2482153.0,4627.0,2592.0,10000.0,True,False
1,25,11387688146623821916,ML-DSA-87,0.0004221779527142644,0.003586975042708218,0.007907425984740257,0.0010853790445253253,0.00642698397859931,0.006474594003520906,21.847185156017076,0.3087562331840539,2482153.0,4627.0,2592.0,10000.0,True,False
1,25,4885443601119665187,ML-DSA-87,0.0004312769742682576,0.0016953989979811013,0.007459371990989894,0.0010657290113158524,0.006356625002808869,0.006400172016583383,22.000227737007663,0.2954559174779886,2482153.0,4627.0,2592.0,10000.0,True,False
1,25,4834973910227067219,ML-DSA-87,0.00020221504382789135,0.001424320973455906,0.006587304000277072,0.0011315069859847426,0.006269359961152077,0.006315210019238293,22.192801047000103,0.3285552136995755,2482153.0,4627.0,2592.0,10000.0,True,False
1,25,6581207000994009887,ML-DSA-87,0.0002517090179026127,0.0013652120251208544,0.006350368028506637,0.0010786339989863336,0.006315678998362273,0.006361010018736124,10.739053455006797,0.31769317857171303,2482153.0,4627.0,2592.0,10000.0,True,False
1,26,11387688146623821916,ML-DSA-87,0.00028892402769997716,0.002506110002286732,0.00956991600105539,0.0013163699768483639,0.006242686009500176,0.006342190958093852,21.8222318260232,0.29023710100840144,2482153.0,4627.0,2592.0,10000.0,True,False
1,26,11299653297120553851,ML-DSA-87,0.00045133696403354406,0.002095985983032733,0.009518901002593338,0.0013671059859916568,0.0061965900240466,0.006244549003895372,21.96737230801955,0.29913641967417925,2482153.0,4627.0,2592.0,10000.0,True,False
1,26,4834973910227067219,ML-DSA-87,0.0003215320175513625,0.0018475999822840095,0.007295937975868583,0.001118490006774664,0.0063144059968180954,0.006383542960975319,22.009328349959105,0.2903242423109853,2482153.0,4627.0,2592.0,10000.0,True,False
1,26,4885443601119665187,ML-DSA-87,0.00020403502276167274,0.0015192949795164168,0.006632214004639536,0.0013934799935668707,0.006318395957350731,0.006370818999130279,22.134370819025207,0.2958700941628613,2482153.0,4627.0,2592.0,10000.0,True,False
1,26,6581207000994009887,ML-DSA-87,0.00018769805319607258,0.001405007962603122,0.006441761972382665,0.0010916470200754702,0.006242086994461715,0.0062867950182408094,10.729860278021079,0.3009972278543483,2482153.0,4627.0,2592.0,10000.0,True,False
1,27,11387688146623821916,ML-DSA-87,0.000542470021173358,0.0023440369986929,0.00914511299924925,0.0015182769857347012,0.0073024280136451125,0.007400042028166354,21.785995962040033,0.30544652904833136,2482153.0,4627.0,2592.0,10000.0,True,False
1,27,4885443601119665187,ML-DSA-87,0.00039126299088820815,0.0030013169744051993,0.010109609982464463,0.0010851839906536043,0.006511664018034935,0.00655589799862355,21.791603781981394,0.30832975830870885,2482153.0,4627.0,2592.0,10000.0,True,False
1,27,4834973910227067219,ML-DSA-87,0.00034602300729602575,0.002305952017195523,0.009065766003914177,0.0015518000000156462,0.006363452994264662,0.006410879024770111,21.954696410044562,0.2742580383110006,2482153.0,4627.0,2592.0,10000.0,True,False
1,27,11299653297120553851,ML-DSA-87,0.0001843139762058854,0.0015984639758244157,0.006564670009538531,0.001234319992363453,0.006465755053795874,0.006520963041111827,22.10044246498728,0.2817164318436703,2482153.0,4627.0,2592.0,10000.0,True,False
1,27,6581207000994009887,ML-DSA-87,0.0002430130261927843,0.0015501779853366315,0.007178237021435052,0.0012271029991097748,0.006310322030913085,0.006355816964060068,10.62873130501248,0.27926004110588526,2482153.0,4627.0,2592.0,10000.0,True,False
1,28,11299653297120553851,ML-DSA-87,0.00032435700995847583,0.0020436139893718064,0.0072226469637826085,0.0011342359939590096,0.006340688967611641,0.006423758983146399,21.78466041298816,0.2642438370212258,2482153.0,4627.0,2592.0,10000.0,True,False
1,28,11387688146623821916,ML-DSA-87,0.00028969801496714354,0.0021108660148456693,0.009187744988594204,0.0010947000118903816,0.006260526017285883,0.006308240001089871,21.8230095130275,0.26544247366623364,2482153.0,4627.0,2592.0,10000.0,True,False
1,28,4885443601119665187,ML-DSA-87,0.00025806098710745573,0.0018060849979519844,0.007258561032358557,0.001107550982851535,0.006345928995870054,0.0063921280088834465,21.88890379795339,0.25225658441771764,2482153.0,4627.0,2592.0,10000.0,True,False
1,28,4834973910227067219,ML-DSA-87,0.00018525798805058002,0.0015660419594496489,0.006507399957627058,0.0011474890052340925,0.006295225000940263,0.006341697997413576,22.005728340998758,0.2520201799434464,2482153.0,4627.0,2592.0,10000.0,True,False
1,28,6581207000994009887,ML-DSA-87,0.0002612380194477737,0.0013905710075050592,0.006412570015527308,0.0011280299513600767,0.00635555200278759,0.0064007239998318255,10.76641155598918,0.2737388239694408,2482153.0,4627.0,2592.0,10000.0,True,False
1,29,11299653297120553851,ML-DSA-87,0.0005960999988019466,0.002398558019194752,0.007239554019179195,0.0010532980086281896,0.0064077500137500465,0.006490180967375636,21.804097854997963,0.2794076242594245,2482153.0,4627.0,2592.0,10000.0,True,False
1,29,4834973910227067219,ML-DSA-87,0.0003303780104033649,0.0027780720265582204,0.007815641991328448,0.0010840999893844128,0.006265191012062132,0.006310480996035039,21.987661794992164,0.2646426922655084,2482153.0,4627.0,2592.0,10000.0,True,False
1,29,4885443601119665187,ML-DSA-87,0.00018234801245853305,0.001578359049744904,0.007321003009565175,0.0010844149510376155,0.006265775009524077,0.00631140498444438,22.150293126003817,0.25704111179192596,2482153.0,4627.0,2592.0,10000.0,True,False
1,29,11387688146623821916,ML-DSA-87,0.00018268701387569308,0.0015312869800254703,0.006456447998061776,0.0011424539843574166,0.006200451985932887,0.006246308970730752,22.259514888981357,0.2636816171057427,2482153.0,4627.0,2592.0,10000.0,True,False
1,29,6581207000994009887,ML-DSA-87,0.00018489896319806576,0.00135550502454862,0.006307976029347628,0.0011192560195922852,0.006275836029089987,0.006320415006484836,10.855578559043352,0.2597553511029303,2482153.0,4627.0,2592.0,10000.0,True,False
1,30,11299653297120553851,ML-DSA-87,0.00019021297339349985,0.0016066880198195577,0.009193137055262923,0.0010884220246225595,0.006289866985753179,0.006370342045556754,21.900871573016047,0.26270891636232147,2482153.0,4627.0,2592.0,10000.0,True,False
1,30,11387688146623821916,ML-DSA-87,0.000269140989985317,0.0018694479949772358,0.009010386012960225,0.0011674010311253369,0.006304028967861086,0.00634902500314638,21.835599294048734,0.25267325381182293,2482153.0,4627.0,2592.0,10000.0,True,False
1,30,4834973910227067219,ML-DSA-87,0.0002806590055115521,0.003081549017224461,0.009442951995879412,0.0011522999848239124,0.006522279989439994,0.00656979699851945,21.98136118496768,0.254894106273953,2482153.0,4627.0,2592.0,10000.0,True,False
1,30,4885443601119665187,ML-DSA-87,0.00019938999321311712,0.0015324490377679467,0.006610801967326552,0.0011401939555071294,0.006243020005058497,0.00628965999931097,22.075499339029193,0.25275264810413695,2482153.0,4627.0,2592.0,10000.0,True,False
1,30,6581207000994009887,ML-DSA-87,0.00025110499700531363,0.0013913899892941117,0.006521606992464513,0.001145732996519655,0.006358786020427942,0.006411887996364385,10.896638134028763,0.26567758584451584,2482153.0,4627.0,2592.0,10000.0,True,False
2,1,16465386468294667301,ML-DSA-87,0.0013476080494001508,0.002583997033070773,0.007661935000214726,0.0013569300062954426,0.006375674973241985,0.006511163024697453,21.55731422099052,1.9516492335560223,2482153.0,4627.0,2592.0,10000.0,True,False
2,1,15235636258134381363,ML-DSA-87,0.0017090640030801296,0.0021167279919609427,0.010056804982014,0.0013109139981679618,0.006382684980053455,0.0064644310041330755,21.54972514999099,1.932773409940945,2482153.0,4627.0,2592.0,10000.0,True,False
2,1,16100329762580860846,ML-DSA-87,0.0009793329518288374,0.0016357050044462085,0.007317281968425959,0.0013411259860731661,0.006413789000362158,0.006466213962994516,21.97685380000621,1.9538505420136376,2482153.0,4627.0,2592.0,10000.0,True,False
2,1,9400586315054955368,ML-DSA-87,0.0012769299792125821,0.0019135460024699569,0.00713515403913334,0.0011373870074748993,0.006239630980417132,0.006292079982813448,21.65978767396882,1.945201638788461,2482153.0,4627.0,2592.0,10000.0,True,False
2,1,7135002513482694623,ML-DSA-87,0.0001895290333777666,0.0013978899805806577,0.006461785989813507,0.0014141870196908712,0.006284130970016122,0.006338191975373775,10.463161514955573,1.9123577896398478,2482153.0,4627.0,2592.0,10000.0,True,False
2,2,15235636258134381363,ML-DSA-87,0.00020830798894166946,0.0033186179935000837,0.007115101034287363,0.0014510449836961925,0.006381805986166,0.006477229006122798,21.95709864300443,1.6884208380604704,2482153.0,4627.0,2592.0,10000.0,True,False
2,2,16465386468294667301,ML-DSA-87,0.00026160600828006864,0.0024251159629784524,0.007563350023701787,0.0013609619927592576,0.006439289019908756,0.0064908089698292315,21.996342063008342,1.6835460327684688,2482153.0,4627.0,2592.0,10000.0,True,False
2,2,16100329762580860846,ML-DSA-87,0.0005797829944640398,0.003208574024029076,0.010242078045848757,0.0013564069522544742,0.006206443009432405,0.0062700919806957245,21.97754736302886,1.6438039583139146,2482153.0,4627.0,2592.0,10000.0,True,False
2,2,9400586315054955368,ML-DSA-87,0.00023793504806235433,0.0016367599600926042,0.006347614980768412,0.001202985004056245,0.006239130976609886,0.006291693018283695,22.002556974010076,1.6814740012628964,2482153.0,4627.0,2592.0,10000.0,True,False
2,2,7135002513482694623,ML-DSA-87,0.0001870010164566338,0.0015969930100254714,0.0064442570437677205,0.0013570889714173973,0.006182239972986281,0.006231261999346316,10.693146104982588,1.6892999246859322,2482153.0,4627.0,2592.0,10000.0,True,False
2,3,15235636258134381363,ML-DSA-87,0.0005214040284045041,0.0035699779982678592,0.007913267996627837,0.0013197590014897287,0.006337783997878432,0.006423399958293885,21.78710430301726,1.4841796576786346,2482153.0,4627.0,2592.0,10000.0,True,False
2,3,9400586315054955368,ML-DSA-87,0.0002651779795996845,0.0023034150362946093,0.007436734973452985,0.0013212559861131012,0.006282179965637624,0.006331179989501834,21.96100164396921,1.4762547366535321,2482153.0,4627.0,2592.0,10000.0,True,False
2,3,16100329762580860846,ML-DSA-87,0.00026194803649559617,0.0017743480275385082,0.007077055983245373,0.0013473040307871997,0.006486919010058045,0.006537562992889434,22.084142539999448,1.4815345058045066,2482153.0,4627.0,2592.0,10000.0,True,False
2,3,16465386468294667301,ML-DSA-87,0.00019404100021347404,0.001479639031458646,0.006600281980354339,0.0013129590079188347,0.0062730860081501305,0.006320074026007205,22.19283356901724,1.4964574746811352,2482153.0,4627.0,2592.0,10000.0,True,False
2,3,7135002513482694623,ML-DSA-87,0.0001849700347520411,0.0014123930013738573,0.006317041988950223,0.0013412629486992955,0.006220913026481867,0.006268753029871732,10.531853620952461,1.4856237043587925,2482153.0,4627.0,2592.0,10000.0,True,False
2,4,9400586315054955368,ML-DSA-87,0.00025953497970476747,0.0022153930040076375,0.007969093974679708,0.0011475739884190261,0.006337307975627482,0.006427191954571754,21.903457885026,1.3493761673522071,2482153.0,4627.0,2592.0,10000.0,True,False
2,4,15235636258134381363,ML-DSA-87,0.0002995510003529489,0.002061697014141828,0.0070964249898679554,0.001135902013629675,0.006298434978816658,0.006347083020955324,22.02685325901257,1.36918031026761,2482153.0,4627.0,2592.0,10000.0,True,False
2,4,16465386468294667301,ML-DSA-87,0.0004035609890706837,0.0018640150083228946,0.010474549024365842,0.001391194004099816,0.006222773983608931,0.006269979989156127,22.1296408699709,1.366557573358091,2482153.0,4627.0,2592.0,10000.0,True,False
2,4,16100329762580860846,ML-DSA-87,0.000207897974178195,0.0014050269965082407,0.006422510021366179,0.0010705090244300663,0.006233537977095693,0.006281292997300625,22.139721197949257,1.3683178478155653,2482153.0,4627.0,2592.0,10000.0,True,False
2,4,7135002513482694623,ML-DSA-87,0.00018572300905361772,0.0013184479903429747,0.006386325985658914,0.001370379002764821,0.006212074949871749,0.006258714012801647,10.756035078957211,1.3537266075420684,2482153.0,4627.0,2592.0,10000.0,True,False
2,5,16100329762580860846,ML-DSA-87,0.00042130902875214815,0.003155465004965663,0.010506704042199999,0.001325389021076262,0.006294983963016421,0.006381102022714913,21.79790307499934,1.2573930583061121,2482153.0,4627.0,2592.0,10000.0,True,False
2,5,9400586315054955368,ML-DSA-87,0.00026196695398539305,0.0017310110270045698,0.007176348997745663,0.001370863988995552,0.006286682037170976,0.006332709977868944,22.04458974697627,1.2401421308136595,2482153.0,4627.0,2592.0,10000.0,True,False
2,5,15235636258134381363,ML-DSA-87,0.00040198396891355515,0.001945576979778707,0.007031510001979768,0.0013577950303442776,0.006303135014604777,0.006354161014314741,22.079019029974006,1.245927084558688,2482153.0,4627.0,2592.0,10000.0,True,False
2,5,16465386468294667301,ML-DSA-87,0.0002520250272937119,0.0017310369876213372,0.006550575024448335,0.0011721939663402736,0.006268218974582851,0.006316205020993948,22.215079940040596,1.2526162499056075,2482153.0,4627.0,2592.0,10000.0,True,False
2,5,7135002513482694623,ML-DSA-87,0.000191983999684453,0.0013449309626594186,0.006322200992144644,0.0013669590116478503,0.006443820020649582,0.00649565301137045,10.905524689005688,1.2450487055717565,2482153.0,4627.0,2592.0,10000.0,True,False
2,6,15235636258134381363,ML-DSA-87,0.00024525902699679136,0.0015101240132935345,0.007252072042319924,0.0013912809663452208,0.006223817996215075,0.006306550989393145,21.220801856019534,1.1582734190617887,2482153.0,4627.0,2592.0,10000.0,True,False
2,6,16100329762580860846,ML-DSA-87,0.00018738297512754798,0.0018772079492919147,0.008349376963451505,0.0013224510475993156,0.006188580009620637,0.006233596010133624,21.410215448006056,1.1520130944709046,2482153.0,4627.0,2592.0,10000.0,True,False
2,6,9400586315054955368,ML-DSA-87,0.00018728402210399508,0.001641724957153201,0.006999937002547085,0.001350823964457959,0.006365257955621928,0.006412665999960154,21.532712105021346,1.1399035922254617,2482153.0,4627.0,2592.0,10000.0,True,False
2,6,16465386468294667301,ML-DSA-87,0.00027254200540483,0.001488524954766035,0.007216388999950141,0.0013796869898214936,0.0062122230301611125,0.006258415000047535,21.600785596994683,1.1658072911512356,2482153.0,4627.0,2592.0,10000.0,True,False
2,6,7135002513482694623,ML-DSA-87,0.00025377701967954636,0.0015992620028555393,0.006365597015246749,0.0013573530013673007,0.006201855023391545,0.0062477869796566665,10.536424170946702,1.1350972086857682,2482153.0,4627.0,2592.0,10000.0,True,False
2,7,16465386468294667301,ML-DSA-87,0.0002928979811258614,0.0019441329641267657,0.007515273988246918,0.0011206569615751505,0.006252582010347396,0.0063413160387426615,21.854027454042807,1.0585906016179167,2482153.0,4627.0,2592.0,10000.0,True,False
2,7,15235636258134381363,ML-DSA-87,0.0004079469945281744,0.0023975850199349225,0.009272322990000248,0.0011403670068830252,0.006251754995901138,0.0062998070497997105,22.01201799797127,1.0688506086794332,2482153.0,4627.0,2592.0,10000.0,True,False
2,7,16100329762580860846,ML-DSA-87,0.0003016289556398988,0.0017121859709732234,0.009942169999703765,0.0014334640000015497,0.006406653032172471,0.006452187953982502,22.094416826032102,1.0588282874217048,2482153.0,4627.0,2592.0,10000.0,True,False
2,7,9400586315054955368,ML-DSA-87,0.000252509955316782,0.0014952369965612888,0.0064230699790641665,0.0010584020055830479,0.006294365040957928,0.006341123953461647,22.21355866000522,1.039125180663392,2482153.0,4627.0,2592.0,10000.0,True,False
2,7,7135002513482694623,ML-DSA-87,0.00024758902145549655,0.001616046007256955,0.006389360991306603,0.001417124003637582,0.0064118949812836945,0.0064647329854778945,10.390066870022565,1.0539973778084826,2482153.0,4627.0,2592.0,10000.0,True,False
2,8,16100329762580860846,ML-DSA-87,0.00045918801333755255,0.0018576739821583033,0.010578359011560678,0.0011016479693353176,0.00626828201347962,0.006360721017699689,21.65363177197287,0.9780606485593814,2482153.0,4627.0,2592.0,10000.0,True,False
2,8,9400586315054955368,ML-DSA-87,0.0003457880229689181,0.0016325319884344935,0.007170166994910687,0.0011416610213927925,0.006227002013474703,0.006272134021855891,21.893835588009097,0.9608465289345945,2482153.0,4627.0,2592.0,10000.0,True,False
2,8,15235636258134381363,ML-DSA-87,0.0002942850114777684,0.002199015987571329,0.010084064037073404,0.001099326997064054,0.006703527003992349,0.006748538988176733,21.910398494976107,0.9830938400551915,2482153.0,4627.0,2592.0,10000.0,True,False
2,8,16465386468294667301,ML-DSA-87,0.00019866699585691094,0.0015086670173332095,0.006375561002641916,0.0011051230248995125,0.0062690190388821065,0.006315506994724274,21.96224342699861,0.9854415061946113,2482153.0,4627.0,2592.0,10000.0,True,False
2,8,7135002513482694623,ML-DSA-87,0.00018776400247588754,0.0016015899600461125,0.006458315008785576,0.0010864550131373107,0.006186710961628705,0.0062332149827852845,10.461928273027297,0.9813253374907155,2482153.0,4627.0,2592.0,10000.0,True,False
2,9,15235636258134381363,ML-DSA-87,0.0003980320179834962,0.0021304330439306796,0.008095166005659848,0.001358905981760472,0.0062694659573026,0.006352288997732103,21.582684302004054,0.8962158399839371,2482153.0,4627.0,2592.0,10000.0,True,False
2,9,16465386468294667301,ML-DSA-87,0.00021346501307561994,0.0019232979975640774,0.007763645960949361,0.0013782309833914042,0.006215520959813148,0.0062613910413347185,21.757741833047476,0.9114124278862256,2482153.0,4627.0,2592.0,10000.0,True,False
2,9,9400586315054955368,ML-DSA-87,0.00034767400939017534,0.0017538469983264804,0.007274525007233024,0.0013663949794135988,0.006216794950887561,0.006268689001444727,21.89019141101744,0.8921437452966794,2482153.0,4627.0,2592.0,10000.0,True,False
2,9,16100329762580860846,ML-DSA-87,0.00024590996326878667,0.001512512972112745,0.006723792001139373,0.0011902310070581734,0.0062677800306119025,0.006315981969237328,22.112550757010467,0.9137971106047829,2482153.0,4627.0,2592.0,10000.0,True,False
2,9,7135002513482694623,ML-DSA-87,0.00024661998031660914,0.0013306880136951804,0.0063392980373464525,0.0014000179944559932,0.006191005988512188,0.006239668990019709,10.572856804996263,0.8981371700954133,2482153.0,4627.0,2592.0,10000.0,True,False
2,10,15235636258134381363,ML-DSA-87,0.00033224798971787095,0.002680767036508769,0.007315634982660413,0.0011207609786652029,0.006462430988904089,0.0065445140353403986,21.774155293009244,0.8506018246134249,2482153.0,4627.0,2592.0,10000.0,True,False
2,10,16465386468294667301,ML-DSA-87,0.00018988101510331035,0.001651245984248817,0.008098015037830919,0.0013510280405171216,0.006303922971710563,0.006348399969283491,21.92728556902148,0.8518550387872293,2482153.0,4627.0,2592.0,10000.0,True,False
2,10,16100329762580860846,ML-DSA-87,0.0002709079999476671,0.0024817499797791243,0.009833441989030689,0.0013542230008170009,0.0066030959715135396,0.00664729397976771,22.10635373101104,0.8499960982190153,2482153.0,4627.0,2592.0,10000.0,True,False
2,10,9400586315054955368,ML-DSA-87,0.00019455899018794298,0.0015439389972016215,0.006514833017718047,0.0015632649883627892,0.006268850993365049,0.006314546975772828,22.16263674997026,0.8362263502023471,2482153.0,4627.0,2592.0,10000.0,True,False
2,10,7135002513482694623,ML-DSA-87,0.00019135099137201905,0.0014045549905858934,0.006375821016263217,0.0013903239741921425,0.006216462992597371,0.006258893990889192,10.931441913999151,0.8492157667780075,2482153.0,4627.0,2592.0,10000.0,True,False
2,11,16100329762580860846,ML-DSA-87,0.0002614549593999982,0.002090407011564821,0.0076340870000422,0.0011161509901285172,0.006195785012096167,0.006285178998950869,21.5511573140393,0.7737932201391592,2482153.0,4627.0,2592.0,10000.0,True,False
2,11,15235636258134381363,ML-DSA-87,0.00035359099274501204,0.0026408139965496957,0.007307068968657404,0.0011287580127827823,0.006233647000044584,0.00628121301997453,21.728940822998993,0.7809608620100509,2482153.0,4627.0,2592.0,10000.0,True,False
2,11,9400586315054955368,ML-DSA-87,0.00027788797160610557,0.0017300019972026348,0.00933483598055318,0.0014916100190021098,0.006175093003548682,0.006220181006938219,21.77090834500268,0.7672751397370531,2482153.0,4627.0,2592.0,10000.0,True,False
2,11,16465386468294667301,ML-DSA-87,0.00018669100245460868,0.001452806987799704,0.006607585994061083,0.0010829840321093798,0.006229358958080411,0.006273147999309003,21.83156591199804,0.7901676004877487,2482153.0,4627.0,2592.0,10000.0,True,False
2,11,7135002513482694623,ML-DSA-87,0.0002535069943405688,0.0013839590246789157,0.006299791974015534,0.0015069210203364491,0.00620712002273649,0.0062496570171788335,10.702347191981971,0.7854176703542947,2482153.0,4627.0,2592.0,10000.0,True,False
2,12,9400586315054955368,ML-DSA-87,0.0006021189619787037,0.004044189990963787,0.008217759022954851,0.0012494969996623695,0.006686238979455084,0.0067738479701802135,21.837481007969473,0.7028262643292308,2482153.0,4627.0,2592.0,10000.0,True,False
2,12,16465386468294667301,ML-DSA-87,0.000441625015810132,0.002491485036443919,0.007821780978702009,0.001344481948763132,0.006553166022058576,0.0066028349683620036,21.913084025029093,0.7229893681245109,2482153.0,4627.0,2592.0,10000.0,True,False
2,12,15235636258134381363,ML-DSA-87,0.0004401420010253787,0.001761330000590533,0.010294324019923806,0.0012676769983954728,0.006640865991357714,0.0066878750221803784,22.343523946998175,0.7195799707795103,2482153.0,4627.0,2592.0,10000.0,True,False
2,12,16100329762580860846,ML-DSA-87,0.00019543501548469067,0.0015580520266667008,0.006324060028418899,0.001303786993958056,0.0068128559505566955,0.006864958966616541,22.46580427198205,0.7205658565980558,2482153.0,4627.0,2592.0,10000.0,True,False
2,12,7135002513482694623,ML-DSA-87,0.0002495390363037586,0.0018460829742252827,0.006857333995867521,0.001361320959404111,0.006530323007609695,0.006582832022104412,10.597719503042754,0.7398200666371245,2482153.0,4627.0,2592.0,10000.0,True,False
2,13,9400586315054955368,ML-DSA-87,0.0003517540171742439,0.0017195639666169882,0.009081387019250542,0.0011703759664669633,0.006463797006290406,0.006549034034833312,21.655854013981298,0.6604485012376651,2482153.0,4627.0,2592.0,10000.0,True,False
2,13,16100329762580860846,ML-DSA-87,0.0001847660169005394,0.00158920994726941,0.008708477020263672,0.0010938919731415808,0.006229751044884324,0.0062771569937467575,22.010348624025937,0.6873040648218923,2482153.0,4627.0,2592.0,10000.0,True,False
2,13,16465386468294667301,ML-DSA-87,0.00019002100452780724,0.0018609599792398512,0.006955380958970636,0.0011456900392659009,0.00635333894751966,0.006396949989721179,22.21202972496394,0.6668563883144635,2482153.0,4627.0,2592.0,10000.0,True,False
2,13,15235636258134381363,ML-DSA-87,0.00023595400853082538,0.0017476070206612349,0.006517992995213717,0.0011752889840863645,0.0062834349810145795,0.006329828989692032,22.262285564036574,0.6761128327336174,2482153.0,4627.0,2592.0,10000.0,True,False
2,13,7135002513482694623,ML-DSA-87,0.00021174800349399447,0.0013798029976896942,0.006449663022067398,0.001183590036816895,0.006463028024882078,0.006507577025331557,10.384543204971123,0.6829164696577639,2482153.0,4627.0,2592.0,10000.0,True,False
2,14,15235636258134381363,ML-DSA-87,0.00032531697070226073,0.0017026059795171022,0.0079927749466151,0.001376906002406031,0.006320532003883272,0.006404115003533661,21.489109239017125,0.6302545989949864,2482153.0,4627.0,2592.0,10000.0,True,False
2,14,9400586315054955368,ML-DSA-87,0.000340513011906296,0.0017712360131554306,0.007392076018732041,0.0013499910128302872,0.006282822985667735,0.006327532988507301,21.63246368803084,0.6370634698448852,2482153.0,4627.0,2592.0,10000.0,True,False
2,14,16100329762580860846,ML-DSA-87,0.0003556869924068451,0.0018595539731904864,0.007357530004810542,0.0013713189982809126,0.0062462560017593205,0.0062927600229159,21.584457827964798,0.6247232217139329,2482153.0,4627.0,2592.0,10000.0,True,False
2,14,16465386468294667301,ML-DSA-87,0.00021313905017450452,0.0015048939967527986,0.006511663959827274,0.001155488018412143,0.0062384119955822825,0.006284377013798803,21.77519645099528,0.6265221698025164,2482153.0,4627.0,2592.0,10000.0,True,False
2,14,7135002513482694623,ML-DSA-87,0.00018290500156581402,0.001341936003882438,0.00633379997452721,0.0013943839585408568,0.006238237023353577,0.0062860960024409,10.587837501021568,0.669139531378548,2482153.0,4627.0,2592.0,10000.0,True,False
2,15,9400586315054955368,ML-DSA-87,0.00030327902641147375,0.0018822120036929846,0.007028174004517496,0.0012701909872703254,0.006328258023131639,0.006411288981325924,21.68655890005175,0.5681130546636094,2482153.0,4627.0,2592.0,10000.0,True,False
2,15,15235636258134381363,ML-DSA-87,0.00018418201943859458,0.0014070789911784232,0.008243653981480747,0.001322362048085779,0.0062016459996812046,0.006243409996386617,21.618834758992307,0.5777318886341378,2482153.0,4627.0,2592.0,10000.0,True,False
2,15,16100329762580860846,ML-DSA-87,0.00018974399426952004,0.002499511989299208,0.0073172569973394275,0.0013187590520828962,0.006183658959344029,0.006227994046639651,21.945075527997687,0.6010802787856553,2482153.0,4627.0,2592.0,10000.0,True,False
2,15,16465386468294667301,ML-DSA-87,0.0002500839764252305,0.0014931070036254823,0.006651802978012711,0.0011419589864090085,0.006157135008834302,0.006204213015735149,22.049697113980073,0.5805404421668083,2482153.0,4627.0,2592.0,10000.0,True,False
2,15,7135002513482694623,ML-DSA-87,0.0001864369842223823,0.001695640035904944,0.0063458739896304905,0.0013477560132741928,0.006197525013703853,0.0062427810044027865,10.656981558015104,0.6110970008725556,2482153.0,4627.0,2592.0,10000.0,True,False
2,16,15235636258134381363,ML-DSA-87,0.0005644040065817535,0.003383137984201312,0.0077909480314701796,0.0013250670162960887,0.006357185018714517,0.006440013006795198,21.52300035301596,0.5541972370740895,2482153.0,4627.0,2592.0,10000.0,True,False
2,16,16465386468294667301,ML-DSA-87,0.00028332200599834323,0.001592401007656008,0.010022129979915917,0.0013565309927798808,0.006299846980255097,0.006344444002024829,22.011360882024746,0.5389427685985169,2482153.0,4627.0,2592.0,10000.0,True,False
2,16,16100329762580860846,ML-DSA-87,0.00030715501634404063,0.0019471170380711555,0.007355061010457575,0.0013116169720888138,0.006326047005131841,0.0063697900041006505,22.02103541995166,0.5570016592836228,2482153.0,4627.0,2592.0,10000.0,True,False
2,16,9400586315054955368,ML-DSA-87,0.0002509410260245204,0.0017637690179981291,0.006735640985425562,0.0013648159801959991,0.006220407027285546,0.006263828952796757,22.22082693898119,0.5408116144994006,2482153.0,4627.0,2592.0,10000.0,True,False
2,16,7135002513482694623,ML-DSA-87,0.00025554304011166096,0.0013865630025975406,0.006388181995134801,0.0013140770024619997,0.006319582986179739,0.006362023006659001,10.595148060994688,0.5680849117973742,2482153.0,4627.0,2592.0,10000.0,True,False
2,17,15235636258134381363,ML-DSA-87,0.00032515102066099644,0.002574954996816814,0.009894288028590381,0.0011323709622956812,0.0063083230052143335,0.006397638993803412,21.298772762995213,0.5273745174344164,2482153.0,4627.0,2592.0,10000.0,True,False
2,17,16465386468294667301,ML-DSA-87,0.00041847495594993234,0.0027074130484834313,0.010001605958677828,0.001115687016863376,0.006191338005010039,0.0062366480124183,21.430716310977004,0.5131087508231116,2482153.0,4627.0,2592.0,10000.0,True,False
2,17,9400586315054955368,ML-DSA-87,0.00023751799017190933,0.0015968160005286336,0.007672762032598257,0.0014651039964519441,0.006435452029109001,0.006479666044469923,21.585821104003116,0.5119091646192363,2482153.0,4627.0,2592.0,10000.0,True,False
2,17,16100329762580860846,ML-DSA-87,0.00018775899661704898,0.0015395220252685249,0.006393652991391718,0.0010528889833949506,0.006244652962777764,0.006287948985118419,21.788384884013794,0.521654675622432,2482153.0,4627.0,2592.0,10000.0,True,False
2,17,7135002513482694623,ML-DSA-87,0.00020333495922386646,0.001342123025096953,0.006290349003393203,0.0014144349843263626,0.006272110971622169,0.006314485042821616,10.624802783015184,0.5332547098683854,2482153.0,4627.0,2592.0,10000.0,True,False
2,18,16100329762580860846,ML-DSA-87,0.0004470470012165606,0.0038491470040753484,0.009972528030630201,0.0011511080083437264,0.006378135993145406,0.006457239971496165,21.896286456030793,0.49900492252157136,2482153.0,4627.0,2592.0,10000.0,True,False
2,18,16465386468294667301,ML-DSA-87,0.000254303973633796,0.002537845983169973,0.009848520974628627,0.0011703989584930241,0.006326720991637558,0.006368339993059635,22.024935483001173,0.48020394385670323,2482153.0,4627.0,2592.0,10000.0,True,False
2,18,15235636258134381363,ML-DSA-87,0.0003130540135316551,0.002003593952395022,0.009185064991470426,0.0011699680471792817,0.006358678976539522,0.006401646009180695,22.10107950505335,0.48106203149682797,2482153.0,4627.0,2592.0,10000.0,True,False
2,18,9400586315054955368,ML-DSA-87,0.00024905905593186617,0.0016382169560529292,0.007031176995951682,0.0011797240003943443,0.006584432965610176,0.006628966017160565,22.26940517197363,0.4912601975730052,2482153.0,4627.0,2592.0,10000.0,True,False
2,18,7135002513482694623,ML-DSA-87,0.0001842849887907505,0.0016364859766326845,0.006521255010738969,0.0012156510492786765,0.0065969619899988174,0.006678586010821164,10.5161002179957,0.5166146570977311,2482153.0,4627.0,2592.0,10000.0,True,False
2,19,16465386468294667301,ML-DSA-87,0.0002878219820559025,0.0016398330335505307,0.009667495032772422,0.0011187460040673614,0.006304258015006781,0.0063888810109347105,21.788510703016073,0.45751447264497846,2482153.0,4627.0,2592.0,10000.0,True,False
2,19,9400586315054955368,ML-DSA-87,0.0004999749944545329,0.002072956005576998,0.010355468955822289,0.001075416977982968,0.0061988820089027286,0.00624767696717754,21.90356232097838,0.4403303044196516,2482153.0,4627.0,2592.0,10000.0,True,False
2,19,15235636258134381363,ML-DSA-87,0.0005512029747478664,0.002507154014892876,0.007144376984797418,0.0011596049880608916,0.006478087045252323,0.006522527022752911,21.925229270011187,0.4457467492943564,2482153.0,4627.0,2592.0,10000.0,True,False
2,19,16100329762580860846,ML-DSA-87,0.00021292496239766479,0.0018967990181408823,0.0067605189979076385,0.0011251249816268682,0.006291387020610273,0.006339560961350799,22.013431314961053,0.4611800888333077,2482153.0,4627.0,2592.0,10000.0,True,False
2,19,7135002513482694623,ML-DSA-87,0.00018517498392611742,0.0013537700287997723,0.006723845028318465,0.0015342659899033606,0.006186497979797423,0.006233484949916601,10.646962595987134,0.46851792487616356,2482153.0,4627.0,2592.0,10000.0,True,False
2,20,15235636258134381363,ML-DSA-87,0.00036288000410422683,0.0026458390057086945,0.007526014989707619,0.001099113025702536,0.006349449977278709,0.0064305379637517035,21.54302171699237,0.4299485916123032,2482153.0,4627.0,2592.0,10000.0,True,False
2,20,16465386468294667301,ML-DSA-87,0.00031368102645501494,0.0014979530242271721,0.00699087796965614,0.0011244540219195187,0.006312403012998402,0.00637130398536101,21.651330941997003,0.4419540459224686,2482153.0,4627.0,2592.0,10000.0,True,False
2,20,9400586315054955368,ML-DSA-87,0.00029675400583073497,0.0018793040071614087,0.007957791036460549,0.0014612270169891417,0.006294298043940216,0.006339382031001151,21.647810045047663,0.41585343475111375,2482153.0,4627.0,2592.0,10000.0,True,False
2,20,16100329762580860846,ML-DSA-87,0.00024986499920487404,0.001546547980979085,0.0067205679952166975,0.001073539024218917,0.006334208010230213,0.0063776710303500295,21.846113787963986,0.4232338259395319,2482153.0,4627.0,2592.0,10000.0,True,False
2,20,7135002513482694623,ML-DSA-87,0.0001852440182119608,0.001285522012040019,0.006311776000075042,0.0014753760187886655,0.0063393680029548705,0.006382389983627945,10.856380001001526,0.4484816476607475,2482153.0,4627.0,2592.0,10000.0,True,False
2,21,15235636258134381363,ML-DSA-87,0.0002662109909579158,0.002448987972456962,0.010220082011073828,0.0011104389559477568,0.006393162999302149,0.0064965839846991,22.39610354800243,0.4159273043715249,2482153.0,4627.0,2592.0,10000.0,True,False
2,21,16465386468294667301,ML-DSA-87,0.00018475600518286228,0.0030531929805874825,0.009603006998077035,0.001117185049224645,0.006254261999856681,0.006299699016381055,22.55098438996356,0.40127824392086403,2482153.0,4627.0,2592.0,10000.0,True,False
2,21,9400586315054955368,ML-DSA-87,0.0003149289987049997,0.0020753780263476074,0.00929501501377672,0.0011739259934984148,0.006195939960889518,0.006241292983759195,22.558167895011138,0.39916331596529714,2482153.0,4627.0,2592.0,10000.0,True,False
2,21,16100329762580860846,ML-DSA-87,0.00024516601115465164,0.001429298019502312,0.006438188953325152,0.001108638010919094,0.00627475103829056,0.006321127992123365,22.90354337898316,0.4003754530232935,2482153.0,4627.0,2592.0,10000.0,True,False
2,21,7135002513482694623,ML-DSA-87,0.00024796900106593966,0.0013060820056125522,0.006334342993795872,0.0012011619983240962,0.006261148024350405,0.006306654016952962,10.623724346980453,0.4257433710042566,2482153.0,4627.0,2592.0,10000.0,True,False
2,22,16465386468294667301,ML-DSA-87,0.0003561279736459255,0.002986435021739453,0.007252823037561029,0.0012069420190528035,0.006223300995770842,0.006311846023891121,21.354208248027135,0.3924214835650624,2482153.0,4627.0,2592.0,10000.0,True,False
2,22,9400586315054955368,ML-DSA-87,0.00029072596225887537,0.002498024026863277,0.01059957902180031,0.0011282419436611235,0.006290957040619105,0.0063370210118591785,21.542428561951965,0.3598767706689934,2482153.0,4627.0,2592.0,10000.0,True,False
2,22,15235636258134381363,ML-DSA-87,0.0002416839706711471,0.001637912995647639,0.006650894007179886,0.0011357140028849244,0.006260242953430861,0.006305763963609934,21.407482145004906,0.396434658709854,2482153.0,4627.0,2592.0,10000.0,True,False
2,22,16100329762580860846,ML-DSA-87,0.00021648104302585125,0.0025138069759123027,0.006945901026483625,0.0010810369858518243,0.0062299289857037365,0.006274165993090719,21.37221436901018,0.38415880353984455,2482153.0,4627.0,2592.0,10000.0,True,False
2,22,7135002513482694623,ML-DSA-87,0.00018528103828430176,0.001581008022185415,0.0063846209668554366,0.0010923870140686631,0.006244004995096475,0.0062876539886929095,10.69765946402913,0.3938197206806975,2482153.0,4627.0,2592.0,10000.0,True,False
2,23,16465386468294667301,ML-DSA-87,0.0003751149633899331,0.002281811961438507,0.010653531004209071,0.0013037699973210692,0.007751739991363138,0.007853702001739293,21.774803142005112,0.3746834140294752,2482153.0,4627.0,2592.0,10000.0,True,False
2,23,9400586315054955368,ML-DSA-87,0.00020881503587588668,0.0019243040005676448,0.007112858002074063,0.0012734460178762674,0.007876671967096627,0.007931964995805174,21.813474901020527,0.3561101199660343,2482153.0,4627.0,2592.0,10000.0,True,False
2,23,15235636258134381363,ML-DSA-87,0.00045301904901862144,0.0028009169618599117,0.00930697500007227,0.0013058759504929185,0.00752121105324477,0.00758472498273477,21.856117104005534,0.35520264439094373,2482153.0,4627.0,2592.0,10000.0,True,False
2,23,16100329762580860846,ML-DSA-87,0.00028445100178942084,0.0014321079943329096,0.006707884022034705,0.0012486500199884176,0.006240595015697181,0.006285460956860334,21.989893921010662,0.37652625881147367,2482153.0,4627.0,2592.0,10000.0,True,False
2,23,7135002513482694623,ML-DSA-87,0.00019392097601667047,0.0019903600332327187,0.006505594996269792,0.0012787830200977623,0.007004303042776883,0.007048310013487935,10.847348036011681,0.3858588188767624,2482153.0,4627.0,2592.0,10000.0,True,False
2,24,16100329762580860846,ML-DSA-87,0.00035200902493670583,0.0027407309971749783,0.01026842900319025,0.0011519920080900192,0.006235170003492385,0.006329189985990524,21.988036886032205,0.3486976985322734,2482153.0,4627.0,2592.0,10000.0,True,False
2,24,15235636258134381363,ML-DSA-87,0.00048425502609461546,0.0022492959978990257,0.010270772967487574,0.001099635032005608,0.006287222029641271,0.006331274984404445,21.92881595500512,0.3457876606978262,2482153.0,4627.0,2592.0,10000.0,True,False
2,24,9400586315054955368,ML-DSA-87,0.0002586020273156464,0.0015574220451526344,0.0063561039860360324,0.0010562280076555908,0.006226369994692504,0.006268717988859862,22.135315107996576,0.34539168654158475,2482153.0,4627.0,2592.0,10000.0,True,False
2,24,16465386468294667301,ML-DSA-87,0.00020699604647234082,0.0023664170294068754,0.007066771970130503,0.0011266130022704601,0.00625068397494033,0.006295103987213224,22.11123655596748,0.3502539830258527,2482153.0,4627.0,2592.0,10000.0,True,False
2,24,7135002513482694623,ML-DSA-87,0.00018546200590208173,0.0014390990254469216,0.0062584790284745395,0.0011125629534944892,0.00634159502806142,0.006404396961443126,10.744514383026399,0.3571358836737994,2482153.0,4627.0,2592.0,10000.0,True,False
2,25,9400586315054955368,ML-DSA-87,0.0003094040439464152,0.0035446819965727627,0.009834586002398282,0.0011116740060970187,0.006453613052144647,0.0065427880035713315,21.58427605696488,0.33852444662632175,2482153.0,4627.0,2592.0,10000.0,True,False
2,25,16100329762580860846,ML-DSA-87,0.0004617819795385003,0.0023275880375877023,0.009493258025031537,0.0011164009920321405,0.006181892997119576,0.0062282090075314045,21.593052626005374,0.33965892968967126,2482153.0,4627.0,2592.0,10000.0,True,False
2,25,16465386468294667301,ML-DSA-87,0.0002738409675657749,0.0018750600283965468,0.009961051982827485,0.0011209900258108974,0.006320755986962467,0.006366973044350743,21.67831137200119,0.3190800303135055,2482153.0,4627.0,2592.0,10000.0,True,False
2,25,15235636258134381363,ML-DSA-87,0.00024989095982164145,0.0013985830009914935,0.0066001039813272655,0.0011166209587827325,0.006358380021993071,0.00640484900213778,21.776302527985536,0.3483166988320149,2482153.0,4627.0,2592.0,10000.0,True,False
2,25,7135002513482694623,ML-DSA-87,0.00024623097851872444,0.0015759060042910278,0.006378695950843394,0.001130526012275368,0.006242417963221669,0.0062873970018699765,10.742310540983453,0.3488422420825036,2482153.0,4627.0,2592.0,10000.0,True,False
2,26,15235636258134381363,ML-DSA-87,0.00031225301790982485,0.0024515200057066977,0.010869992955122143,0.0012979210005141795,0.00631908600917086,0.006406943022739142,22.029659476014785,0.3377007260984078,2482153.0,4627.0,2592.0,10000.0,True,False
2,26,16100329762580860846,ML-DSA-87,0.0002471799962222576,0.0018319599912501872,0.0074734059744514525,0.0010953989694826305,0.0062457339954562485,0.006292227015364915,22.117270647955593,0.32215261142165325,2482153.0,4627.0,2592.0,10000.0,True,False
2,26,16465386468294667301,ML-DSA-87,0.00018882000586017966,0.001553199952468276,0.0076391290058381855,0.0011239880113862455,0.006286439020186663,0.0063332050340250134,22.34111113799736,0.32961668214573264,2482153.0,4627.0,2592.0,10000.0,True,False
2,26,9400586315054955368,ML-DSA-87,0.00018929998623207211,0.001548489963170141,0.006445544015150517,0.0011343390215188265,0.006330350995995104,0.006375432014465332,22.326698413991835,0.3163980970563837,2482153.0,4627.0,2592.0,10000.0,True,False
2,26,7135002513482694623,ML-DSA-87,0.0001841699704527855,0.0013655789662152529,0.0066841780208051205,0.001100416004192084,0.006238783011212945,0.006285351992119104,10.657020321988966,0.30369414906865494,2482153.0,4627.0,2592.0,10000.0,True,False
2,27,16100329762580860846,ML-DSA-87,0.00035733002005144954,0.003016528964508325,0.010352557001169771,0.0011966719757765532,0.006301410961896181,0.006376371020451188,21.797047824016772,0.32229442396364844,2482153.0,4627.0,2592.0,10000.0,True,False
2,27,15235636258134381363,ML-DSA-87,0.00018593500135466456,0.001864382007624954,0.007093774038366973,0.0012344319839030504,0.006245961994864047,0.006285419978667051,22.011914300965145,0.30621340731605173,2482153.0,4627.0,2592.0,10000.0,True,False
2,27,16465386468294667301,ML-DSA-87,0.0005214799894019961,0.0023725449573248625,0.007339168980251998,0.0010793990222737193,0.006160830031149089,0.006204342003911734,21.941192921018228,0.29815220335772197,2482153.0,4627.0,2592.0,10000.0,True,False
2,27,9400586315054955368,ML-DSA-87,0.00019047700334340334,0.0015496370033361018,0.006714759045280516,0.0010718699777498841,0.006197182985488325,0.006241009978111833,22.14928641601,0.29936927143549813,2482153.0,4627.0,2592.0,10000.0,True,False
2,27,7135002513482694623,ML-DSA-87,0.00018581899348646402,0.001391555997543037,0.006324436981230974,0.0011652319808490574,0.006338946986943483,0.006383364030625671,10.725421871989965,0.31184924447450774,2482153.0,4627.0,2592.0,10000.0,True,False
2,28,9400586315054955368,ML-DSA-87,0.0003546889638528228,0.0035633229999803007,0.01043298898730427,0.0011569069465622306,0.006292344012763351,0.006380105973221362,21.43333180900663,0.30889973434777307,2482153.0,4627.0,2592.0,10000.0,True,False
2,28,16100329762580860846,ML-DSA-87,0.00019174697808921337,0.0021087740315124393,0.008566977980080992,0.00115164095768705,0.006162395002320409,0.006208700011484325,21.700313378009014,0.2936441069349837,2482153.0,4627.0,2592.0,10000.0,True,False
2,28,16465386468294667301,ML-DSA-87,0.00046784995356574655,0.002587061026133597,0.009518944018054754,0.0010777399875223637,0.006299255997873843,0.006343742017634213,21.70134434296051,0.29463976620288845,2482153.0,4627.0,2592.0,10000.0,True,False
2,28,15235636258134381363,ML-DSA-87,0.00018463499145582318,0.0015273339813575149,0.006373987998813391,0.0011167539632879198,0.006269956997130066,0.006315294012892991,21.962603498017415,0.290557577746352,2482153.0,4627.0,2592.0,10000.0,True,False
2,28,7135002513482694623,ML-DSA-87,0.0001858529867604375,0.0013425329816527665,0.006417053984478116,0.001142330002039671,0.006241908995434642,0.006287826981861144,10.721742395020556,0.3011573966988288,2482153.0,4627.0,2592.0,10000.0,True,False
2,29,15235636258134381363,ML-DSA-87,0.0004623910062946379,0.0024800629471428692,0.009775931015610695,0.0010950480354949832,0.0063307739910669625,0.006417230993974954,21.8810901530087,0.29349582420681386,2482153.0,4627.0,2592.0,10000.0,True,False
2,29,9400586315054955368,ML-DSA-87,0.00034426001366227865,0.0029214330133982003,0.009457802982069552,0.001123097026720643,0.006156163988634944,0.0062028029933571815,21.892462111019995,0.27848874183391004,2482153.0,4627.0,2592.0,10000.0,True,False
2,29,16100329762580860846,ML-DSA-87,0.0002682199701666832,0.0019347330089658499,0.007225835986901075,0.0010864370269700885,0.006280558998696506,0.006326318020001054,21.91951783595141,0.29657647546571186,2482153.0,4627.0,2592.0,10000.0,True,False
2,29,16465386468294667301,ML-DSA-87,0.00018785003339871764,0.001560630975291133,0.006620460015255958,0.001088457996957004,0.0064052880043163896,0.006450141023378819,22.0578478659736,0.28319427168990574,2482153.0,4627.0,2592.0,10000.0,True,False
2,29,7135002513482694623,ML-DSA-87,0.00018445600289851427,0.0013478749897331,0.0064202299690805376,0.0011249060044065118,0.006211075989995152,0.0062548520509153605,10.959760813973844,0.2789553783003824,2482153.0,4627.0,2592.0,10000.0,True,False
2,30,16100329762580860846,ML-DSA-87,0.00029644998721778393,0.0022575409966520965,0.009748050011694431,0.001124805014114827,0.006246267003007233,0.006329636031296104,21.698344588978216,0.27041287087395,2482153.0,4627.0,2592.0,10000.0,True,False
2,30,9400586315054955368,ML-DSA-87,0.00038026500260457397,0.0020984330330975354,0.010078979015816003,0.0010898999753408134,0.006294885999523103,0.006340452004224062,21.777574453037232,0.2729182538491623,2482153.0,4627.0,2592.0,10000.0,True,False
2,30,16465386468294667301,ML-DSA-87,0.00024974497500807047,0.0015415939851664007,0.009344529011286795,0.001076376996934414,0.0062305639730766416,0.006284447968937457,21.897488122980576,0.2697339050587826,2482153.0,4627.0,2592.0,10000.0,True,False
2,30,15235636258134381363,ML-DSA-87,0.00021591095719486475,0.0016373669495806098,0.006617219012696296,0.0010748599888756871,0.006220346025656909,0.0062639269744977355,21.991592810023576,0.276286725976918,2482153.0,4627.0,2592.0,10000.0,True,False
2,30,7135002513482694623,ML-DSA-87,0.00024413596838712692,0.0013981239753775299,0.006298616994172335,0.0011382820084691048,0.00620106200221926,0.006245443015359342,10.622650724020787,0.2865609278636107,2482153.0,4627.0,2592.0,10000.0,True,False
3,1,8924239233405817166,ML-DSA-87,0.0016728619812056422,0.0022397220018319786,0.009685677010565996,0.0012742370017804205,0.006740732002072036,0.0068712669890373945,21.96005666803103,1.90264578101734,2482153.0,4627.0,2592.0,10000.0,True,False
3,1,5748956556921772800,ML-DSA-87,0.001763187989126891,0.0025759849813766778,0.010375218000262976,0.0011937639792449772,0.00671495299320668,0.006792861968278885,21.610045639972668,1.8616281747817993,2482153.0,4627.0,2592.0,10000.0,True,False
3,1,1957435738200665901,ML-DSA-87,0.0016232480411417782,0.0017711539985612035,0.009298368997406214,0.0011883729603141546,0.00666596699738875,0.006716008996590972,22.116473057016265,1.842407361387064,2482153.0,4627.0,2592.0,10000.0,True,False
3,1,8631569629405506733,ML-DSA-87,0.0009894000249914825,0.001465618028305471,0.006613817997276783,0.001201478997245431,0.0066208679927513,0.00667082896688953,22.108799742010888,1.8319942505595783,2482153.0,4627.0,2592.0,10000.0,True,False
3,1,5527910574132651602,ML-DSA-87,0.0001975089544430375,0.001465839974116534,0.006373623036779463,0.0010952749871648848,0.006574367987923324,0.0066180850262753665,10.90667057497194,1.8484171617526215,2482153.0,4627.0,2592.0,10000.0,True,False
3,2,8924239233405817166,ML-DSA-87,0.00030255800811573863,0.0032293080003000796,0.010416653007268906,0.001057431974913925,0.006236083980184048,0.006316340004559606,21.785507119027898,1.6350174190137332,2482153.0,4627.0,2592.0,10000.0,True,False
3,2,5748956556921772800,ML-DSA-87,0.00028630701126530766,0.001775636977981776,0.009194522979669273,0.0010862260241992772,0.006232431042008102,0.006283445982262492,22.116199476993643,1.6131557827940384,2482153.0,4627.0,2592.0,10000.0,True,False
3,2,1957435738200665901,ML-DSA-87,0.0002696199808269739,0.0022625429555773735,0.010363489971496165,0.0013592920149676502,0.006171457003802061,0.006236269022338092,22.158937664004043,1.626759201193008,2482153.0,4627.0,2592.0,10000.0,True,False
3,2,8631569629405506733,ML-DSA-87,0.00018521904712542892,0.001824950973968953,0.0065443930216133595,0.001090654986910522,0.0062421500333584845,0.006289226992521435,22.17903508496238,1.5930679640450036,2482153.0,4627.0,2592.0,10000.0,True,False
3,2,5527910574132651602,ML-DSA-87,0.00020996498642489314,0.001354311010800302,0.0065440559992566705,0.0011804690002463758,0.006229765946045518,0.00628403399605304,10.698695569997653,1.6265193669559856,2482153.0,4627.0,2592.0,10000.0,True,False
3,3,8631569629405506733,ML-DSA-87,0.0005541759892366827,0.0035446330439299345,0.009487728006206453,0.0011393909808248281,0.00638611800968647,0.006472610984928906,21.329092425992712,1.4303713779860792,2482153.0,4627.0,2592.0,10000.0,True,False
3,3,1957435738200665901,ML-DSA-87,0.0004186520236544311,0.002554020960815251,0.008644529967568815,0.001050380989909172,0.006283120019361377,0.006327886017970741,22.09848589397734,1.4448012163083013,2482153.0,4627.0,2592.0,10000.0,True,False
3,3,8924239233405817166,ML-DSA-87,0.0003196290344931185,0.0027013240032829344,0.00753262999933213,0.0011212350218556821,0.006321602966636419,0.006367088994011283,22.106892522017006,1.4240325514120036,2482153.0,4627.0,2592.0,10000.0,True,False
3,3,5748956556921772800,ML-DSA-87,0.000244739989284426,0.0014495790237560868,0.00716297299368307,0.0010558009962551296,0.006271052989177406,0.006313750986009836,22.312294250004925,1.4157568728581023,2482153.0,4627.0,2592.0,10000.0,True,False
3,3,5527910574132651602,ML-DSA-87,0.0002547699841670692,0.0013446029624901712,0.006419402023311704,0.0011152669903822243,0.00632879399927333,0.006374947028234601,10.567968841991387,1.4234494877318604,2482153.0,4627.0,2592.0,10000.0,True,False
3,4,5748956556921772800,ML-DSA-87,0.00024976400891318917,0.0031744830193929374,0.007257384015247226,0.0010538409696891904,0.006474625028204173,0.0065586710115894675,21.920627890038304,1.2792479633904112,2482153.0,4627.0,2592.0,10000.0,True,False
3,4,8924239233405817166,ML-DSA-87,0.0005597670096904039,0.0032653340022079647,0.010231146006844938,0.0010937809711322188,0.006308800016995519,0.006360453029628843,21.888878964993637,1.3016416365727068,2482153.0,4627.0,2592.0,10000.0,True,False
3,4,1957435738200665901,ML-DSA-87,0.00031573401065543294,0.0017213629907928407,0.010353057994507253,0.0010691569768823683,0.006235036009456962,0.006276775966398418,22.13827515603043,1.2830648850709105,2482153.0,4627.0,2592.0,10000.0,True,False
3,4,8631569629405506733,ML-DSA-87,0.00018726097187027335,0.0015392769710160792,0.006388187000993639,0.0010906350216828287,0.006254153966438025,0.006306386028882116,22.193415673973504,1.3031510731663567,2482153.0,4627.0,2592.0,10000.0,True,False
3,4,5527910574132651602,ML-DSA-87,0.0001869499683380127,0.0013690009946003556,0.006363046006299555,0.0011311389971524477,0.006232311949133873,0.00627511995844543,10.707930243981536,1.297781813258942,2482153.0,4627.0,2592.0,10000.0,True,False
3,5,8631569629405506733,ML-DSA-87,0.0002592880045995116,0.0014998560072854161,0.007546937034931034,0.0011603269958868623,0.0062619809759780765,0.006344078981783241,21.78219919698313,1.1907938684518344,2482153.0,4627.0,2592.0,10000.0,True,False
3,5,1957435738200665901,ML-DSA-87,0.00020817300537601113,0.0015939330332912505,0.007046273036394268,0.0011299290345050395,0.006391371018253267,0.006442900979891419,22.018374809995294,1.1735478374904718,2482153.0,4627.0,2592.0,10000.0,True,False
3,5,8924239233405817166,ML-DSA-87,0.0003449530340731144,0.002580088039394468,0.010236161993816495,0.0014457739889621735,0.0062260020058602095,0.006274699000641704,21.970883550995495,1.1726869914097526,2482153.0,4627.0,2592.0,10000.0,True,False
3,5,5748956556921772800,ML-DSA-87,0.0001917760237120092,0.0017826639814302325,0.0066768929827958345,0.0012125479988753796,0.006303738977294415,0.006354010954964906,22.057807000994217,1.1778653768685678,2482153.0,4627.0,2592.0,10000.0,True,False
3,5,5527910574132651602,ML-DSA-87,0.00024945102632045746,0.0014139109989628196,0.006351449992507696,0.0011354039888828993,0.006245969969313592,0.006291481957305223,10.596992253966164,1.1880159311401197,2482153.0,4627.0,2592.0,10000.0,True,False
3,6,5748956556921772800,ML-DSA-87,0.000377613992895931,0.0031297350069507957,0.010775427042972296,0.0010795330163091421,0.006277407985180616,0.006358992017339915,21.573060852009803,1.0930288572090503,2482153.0,4627.0,2592.0,10000.0,True,False
3,6,8631569629405506733,ML-DSA-87,0.00043248303700238466,0.0037090989644639194,0.00767308403737843,0.0011329249828122556,0.006180104974191636,0.006226591009180993,21.58761801099172,1.0816092422595038,2482153.0,4627.0,2592.0,10000.0,True,False
3,6,8924239233405817166,ML-DSA-87,0.0002505109878256917,0.0015314460033550858,0.007098358008079231,0.0013573740143328905,0.006304982991423458,0.0063553639920428395,21.791273109964095,1.0864257787744078,2482153.0,4627.0,2592.0,10000.0,True,False
3,6,1957435738200665901,ML-DSA-87,0.0001906259567476809,0.0016027370002120733,0.006963905005250126,0.0010817659785971045,0.006334686011541635,0.0063783020013943315,22.069486515014432,1.0751890616295057,2482153.0,4627.0,2592.0,10000.0,True,False
3,6,5527910574132651602,ML-DSA-87,0.0001980600063689053,0.0014726780354976654,0.006747056031599641,0.0010954199824482203,0.006323624984361231,0.006378209043759853,10.742838532023598,1.105249514214147,2482153.0,4627.0,2592.0,10000.0,True,False
3,7,5748956556921772800,ML-DSA-87,0.00030059495475143194,0.0019980299985036254,0.009595245006494224,0.0011013809707947075,0.0062120629590936005,0.006299448956269771,20.757857597025577,1.0099019053073737,2482153.0,4627.0,2592.0,10000.0,True,False
3,7,8631569629405506733,ML-DSA-87,0.0003237069468013942,0.0025866550276987255,0.007197872968390584,0.0010311630321666598,0.0062906829989515245,0.006333324010483921,21.500551917997655,1.019497895678773,2482153.0,4627.0,2592.0,10000.0,True,False
3,7,8924239233405817166,ML-DSA-87,0.00041856500320136547,0.0021110879606567323,0.007387613004539162,0.0010695920209400356,0.0062574330368079245,0.006303180998656899,21.498284275003243,1.0034194398231018,2482153.0,4627.0,2592.0,10000.0,True,False
3,7,1957435738200665901,ML-DSA-87,0.00031828199280425906,0.002436852955725044,0.006922133034095168,0.0010207949671894312,0.00625841598957777,0.006302431982476264,21.62116566800978,1.0059700029345746,2482153.0,4627.0,2592.0,10000.0,True,False
3,7,5527910574132651602,ML-DSA-87,0.00018490804359316826,0.001369177014566958,0.006301683024503291,0.001106059004087001,0.006254999025259167,0.006307487026788294,10.442777361022308,1.006607693890794,2482153.0,4627.0,2592.0,10000.0,True,False
3,8,5748956556921772800,ML-DSA-87,0.00027030694764107466,0.0019911719718948007,0.010466418985743076,0.001113942009396851,0.006297007959801704,0.006374005984980613,21.302953554026317,0.9287477308949723,2482153.0,4627.0,2592.0,10000.0,True,False
3,8,1957435738200665901,ML-DSA-87,0.0003914370317943394,0.004652297007851303,0.010327409021556377,0.0011441310052759945,0.00626238901168108,0.006310058990493417,21.45449870999437,0.9322375811326998,2482153.0,4627.0,2592.0,10000.0,True,False
3,8,8631569629405506733,ML-DSA-87,0.0003000710275955498,0.001727545983158052,0.0070603690110147,0.001107257034163922,0.006249705969821662,0.006293076963629574,21.574933410971425,0.9449410813685042,2482153.0,4627.0,2592.0,10000.0,True,False
3,8,8924239233405817166,ML-DSA-87,0.00024706305703148246,0.001419439970050007,0.0065098279737867415,0.001153848017565906,0.006269941048230976,0.0063196110422722995,21.83467254199786,0.9354663415077015,2482153.0,4627.0,2592.0,10000.0,True,False
3,8,5527910574132651602,ML-DSA-87,0.00025072996504604816,0.001595043984707445,0.006583727023098618,0.0010940780048258603,0.006299606000538915,0.0063425099942833185,10.798313422012143,0.9348761310783057,2482153.0,4627.0,2592.0,10000.0,True,False
3,9,1957435738200665901,ML-DSA-87,0.0004023369983769953,0.0024380310205742717,0.007544824038632214,0.0010260400013066828,0.006251413025893271,0.0063283880008384585,21.89608604303794,0.8611245215319978,2482153.0,4627.0,2592.0,10000.0,True,False
3,9,5748956556921772800,ML-DSA-87,0.0002603459870442748,0.002368308021686971,0.008937270031310618,0.0011494329664856195,0.006310354976449162,0.006372904987074435,21.851041426998563,0.8540581570456203,2482153.0,4627.0,2592.0,10000.0,True,False
3,9,8631569629405506733,ML-DSA-87,0.0003232210292480886,0.0028837299905717373,0.007084951037541032,0.0010526489932090044,0.006227847014088184,0.0062685239827260375,21.900717104028445,0.870568995563367,2482153.0,4627.0,2592.0,10000.0,True,False
3,9,8924239233405817166,ML-DSA-87,0.00018793600611388683,0.0015120850293897092,0.006419046025257558,0.001075530017260462,0.006328149989712983,0.006378558988217264,22.17710689001251,0.8761422594134419,2482153.0,4627.0,2592.0,10000.0,True,False
3,9,5527910574132651602,ML-DSA-87,0.00018651597201824188,0.0014186909538693726,0.006279298977460712,0.0010446449741721153,0.006149990018457174,0.006191844004206359,10.486904616001993,0.8624601156566851,2482153.0,4627.0,2592.0,10000.0,True,False
3,10,5748956556921772800,ML-DSA-87,0.0004792960244230926,0.0029217039700597525,0.01046430302085355,0.0010830470127984881,0.006309413001872599,0.0063860390218906105,21.30120464396896,0.8072377113393321,2482153.0,4627.0,2592.0,10000.0,True,False
3,10,1957435738200665901,ML-DSA-87,0.0003211839939467609,0.002204932039603591,0.007003107981290668,0.0011409889557398856,0.006217610032763332,0.006262884009629488,22.00556713802507,0.8113689373095576,2482153.0,4627.0,2592.0,10000.0,True,False
3,10,8924239233405817166,ML-DSA-87,0.0002687069936655462,0.0018922630115412176,0.009256166988052428,0.0013310960493981838,0.006260672002099454,0.006306505994871259,21.965437720995396,0.8080839337632298,2482153.0,4627.0,2592.0,10000.0,True,False
3,10,8631569629405506733,ML-DSA-87,0.00018868601182475686,0.002001091022975743,0.007415552041493356,0.0011484019923955202,0.006276420957874507,0.0063223039614968,22.17932546098018,0.8141072827596634,2482153.0,4627.0,2592.0,10000.0,True,False
3,10,5527910574132651602,ML-DSA-87,0.0002470239996910095,0.0013284090091474354,0.006502671982161701,0.0011631499510258436,0.006174638983793557,0.006220003997441381,10.993930732016452,0.8025025459714591,2482153.0,4627.0,2592.0,10000.0,True,False
3,11,8631569629405506733,ML-DSA-87,0.0003605069941841066,0.0017515100189484656,0.009025115985423326,0.0010913489968515933,0.006306594994384795,0.006387410045135766,21.92310728499433,0.7583866431690253,2482153.0,4627.0,2592.0,10000.0,True,False
3,11,1957435738200665901,ML-DSA-87,0.0002475979854352772,0.0016706809983588755,0.007253493007738143,0.0010632830089889467,0.006288680015131831,0.006333446013741195,22.016309589962475,0.7433110228933084,2482153.0,4627.0,2592.0,10000.0,True,False
3,11,8924239233405817166,ML-DSA-87,0.0002110060304403305,0.0030555129633285105,0.00718645699089393,0.001080525980796665,0.006282869027927518,0.006327014998532832,21.954742581991013,0.7600105845699676,2482153.0,4627.0,2592.0,10000.0,True,False
3,11,5748956556921772800,ML-DSA-87,0.0002709179534576833,0.0014903899864293635,0.006504585035145283,0.0010848089586943388,0.006232487037777901,0.006278296001255512,22.17003948200727,0.7559005088223436,2482153.0,4627.0,2592.0,10000.0,True,False
3,11,5527910574132651602,ML-DSA-87,0.00018629402620717883,0.001382678048685193,0.006271504971664399,0.0010679729748517275,0.006305243994574994,0.006348216964397579,10.622869751008693,0.7687730395470184,2482153.0,4627.0,2592.0,10000.0,True,False
3,12,8631569629405506733,ML-DSA-87,0.00029832200380042195,0.0025604870170354843,0.008875754021573812,0.00107717199716717,0.006354239012580365,0.006432834023144096,21.683843616978265,0.7104399992635075,2482153.0,4627.0,2592.0,10000.0,True,False
3,12,8924239233405817166,ML-DSA-87,0.00035036797635257244,0.0018676039762794971,0.008808569982647896,0.0011077270028181374,0.006303560978267342,0.006354140990879387,21.752210755017586,0.6996292979858173,2482153.0,4627.0,2592.0,10000.0,True,False
3,12,5748956556921772800,ML-DSA-87,0.0002226739889010787,0.0017982430290430784,0.006320093991234899,0.0011176069965586066,0.006188737985212356,0.00623240799177438,21.95692649902776,0.7002241712884781,2482153.0,4627.0,2592.0,10000.0,True,False
3,12,1957435738200665901,ML-DSA-87,0.0002609060029499233,0.00192454201169312,0.007319014985114336,0.0010883460054174066,0.0064342389814555645,0.006482559023424983,21.941173496015836,0.7171164254506175,2482153.0,4627.0,2592.0,10000.0,True,False
3,12,5527910574132651602,ML-DSA-87,0.00018432398792356253,0.0014274399727582932,0.006341443979181349,0.0010621320107020438,0.006241053983103484,0.006284612987656146,10.554051225015428,0.699572541224309,2482153.0,4627.0,2592.0,10000.0,True,False
3,13,5748956556921772800,ML-DSA-87,0.0003668610006570816,0.002232385042589158,0.009382114978507161,0.001225807995069772,0.00625944696366787,0.006340612017083913,21.747774102026597,0.6338079999239681,2482153.0,4627.0,2592.0,10000.0,True,False
3,13,1957435738200665901,ML-DSA-87,0.000749400001950562,0.0022477669990621507,0.007241164974402636,0.001185081957373768,0.006452802976127714,0.006498157046735287,21.766711461998057,0.6475686321671779,2482153.0,4627.0,2592.0,10000.0,True,False
3,13,8924239233405817166,ML-DSA-87,0.00048521399730816483,0.00173274299595505,0.007328542007599026,0.0017192899831570685,0.0062387979705818,0.006298398016951978,21.99401335499715,0.6471522561372659,2482153.0,4627.0,2592.0,10000.0,True,False
3,13,8631569629405506733,ML-DSA-87,0.00026246701600030065,0.0020991300116293132,0.006733299000188708,0.0011547720059752464,0.006309533026069403,0.006353408040013164,22.056887579034083,0.6684844238213457,2482153.0,4627.0,2592.0,10000.0,True,False
3,13,5527910574132651602,ML-DSA-87,0.0001866440288722515,0.0013833530247211456,0.00648830400314182,0.0013007069937884808,0.006243641022592783,0.00629266002215445,10.90771582594607,0.6489621775504499,2482153.0,4627.0,2592.0,10000.0,True,False
3,14,8924239233405817166,ML-DSA-87,0.00028847198700532317,0.0017920209793373942,0.009012512979097664,0.0010891729616560042,0.006254654028452933,0.006340384017676115,21.985364346997812,0.621054009341013,2482153.0,4627.0,2592.0,10000.0,True,False
3,14,1957435738200665901,ML-DSA-87,0.00038362800842151046,0.004085782973561436,0.01061210798798129,0.0010289119672961533,0.006345255998894572,0.00638753199018538,22.146227377990726,0.6105326407681257,2482153.0,4627.0,2592.0,10000.0,True,False
3,14,5748956556921772800,ML-DSA-87,0.00019076804164797068,0.0017739859758876264,0.007198208011686802,0.001140653039328754,0.006201426964253187,0.006247083016205579,22.23411085200496,0.5787202360245366,2482153.0,4627.0,2592.0,10000.0,True,False
3,14,8631569629405506733,ML-DSA-87,0.0001843519858084619,0.0015019710408523679,0.006456623028498143,0.0010450989939272404,0.0062629180029034615,0.006304904993157834,22.360932990035508,0.6249063354425918,2482153.0,4627.0,2592.0,10000.0,True,False
3,14,5527910574132651602,ML-DSA-87,0.00018676003674045205,0.001686114992480725,0.006412691029254347,0.0010835209977813065,0.006265945034101605,0.0063105960143730044,10.791245218017139,0.6113671112222413,2482153.0,4627.0,2592.0,10000.0,True,False
3,15,1957435738200665901,ML-DSA-87,0.0003115159925073385,0.001511232985649258,0.007401946000754833,0.0010890020057559013,0.006319341016933322,0.006398294004611671,21.93273878603941,0.5609262135153571,2482153.0,4627.0,2592.0,10000.0,True,False
3,15,8631569629405506733,ML-DSA-87,0.0003366610035300255,0.0035701359738595784,0.007370367005933076,0.0011132339714094996,0.006324741989374161,0.006374929973389953,21.927469610993285,0.5781061713116619,2482153.0,4627.0,2592.0,10000.0,True,False
3,15,8924239233405817166,ML-DSA-87,0.00022635195637121797,0.0032569520408287644,0.007384652039036155,0.0010872500133700669,0.00627227098448202,0.006315330974757671,21.926237103005406,0.5746684525007257,2482153.0,4627.0,2592.0,10000.0,True,False
3,15,5748956556921772800,ML-DSA-87,0.0002462900010868907,0.0015454440144822001,0.006344261986669153,0.0011196699924767017,0.0062544040265493095,0.006314876023679972,22.32236854196526,0.5412199415218907,2482153.0,4627.0,2592.0,10000.0,True,False
3,15,5527910574132651602,ML-DSA-87,0.00026795000303536654,0.0014140460407361388,0.00661145499907434,0.001122049055993557,0.006203506956808269,0.006246684002690017,10.590033693006262,0.5620827751037792,2482153.0,4627.0,2592.0,10000.0,True,False
3,16,5748956556921772800,ML-DSA-87,0.00031626399140805006,0.0014955000369809568,0.007227160967886448,0.0011011880123987794,0.006320202955976129,0.006400446000043303,22.283615448977798,0.5117927413350477,2482153.0,4627.0,2592.0,10000.0,True,False
3,16,1957435738200665901,ML-DSA-87,0.00027171900728717446,0.0026561699924059212,0.010480600001756102,0.0010731799993664026,0.006450506043620408,0.006502088042907417,22.380000488017686,0.5132144951282408,2482153.0,4627.0,2592.0,10000.0,True,False
3,16,8631569629405506733,ML-DSA-87,0.00019607198191806674,0.0022150190197862685,0.007516398036386818,0.0010871770209632814,0.006147967011202127,0.006191827997099608,22.350474898004904,0.5311494649182589,2482153.0,4627.0,2592.0,10000.0,True,False
3,16,8924239233405817166,ML-DSA-87,0.00018503895262256265,0.0015458160196430981,0.0064353629713878036,0.0011104510049335659,0.006225283024832606,0.006275158026255667,22.46049533400219,0.5248487712190555,2482153.0,4627.0,2592.0,10000.0,True,False
3,16,5527910574132651602,ML-DSA-87,0.0001871570129878819,0.0013486219686456025,0.006512394000310451,0.0010516699985601008,0.006198244984261692,0.006240410031750798,10.797863565036096,0.5495896472717626,2482153.0,4627.0,2592.0,10000.0,True,False
3,17,8924239233405817166,ML-DSA-87,0.00036221701884642243,0.002893277967814356,0.010319685970898718,0.0011273249983787537,0.006237502035219222,0.0063174740062095225,22.252134575042874,0.5110154617280244,2482153.0,4627.0,2592.0,10000.0,True,False
3,17,5748956556921772800,ML-DSA-87,0.0006378900143317878,0.0040115140145644546,0.009087284037377685,0.0011398980277590454,0.006286851014010608,0.006334043981041759,22.25600888003828,0.48997503428603895,2482153.0,4627.0,2592.0,10000.0,True,False
3,17,8631569629405506733,ML-DSA-87,0.00019031501142308116,0.0025318789994344115,0.0077972590224817395,0.0013722209841944277,0.006228865007869899,0.006287497002631426,22.39300544199068,0.5095863514981521,2482153.0,4627.0,2592.0,10000.0,True,False
3,17,1957435738200665901,ML-DSA-87,0.00019066798267886043,0.0015804700087755919,0.0064379459945485,0.0010767600033432245,0.00631365500157699,0.006359882012475282,22.49381729302695,0.4872158766268922,2482153.0,4627.0,2592.0,10000.0,True,False
3,17,5527910574132651602,ML-DSA-87,0.0002439759555272758,0.0014729470130987465,0.0063900399836711586,0.00110541598405689,0.006294776976574212,0.006341172964312136,10.717529511020985,0.508932865447939,2482153.0,4627.0,2592.0,10000.0,True,False
3,18,8924239233405817166,ML-DSA-87,0.00036019901745021343,0.0016639659879729152,0.009409387013874948,0.0013559560175053775,0.0064575630240142345,0.006532908999361098,21.836133628967218,0.46317538103094685,2482153.0,4627.0,2592.0,10000.0,True,False
3,18,5748956556921772800,ML-DSA-87,0.000435458030551672,0.0018973849946632981,0.009844327985774726,0.0012724369880743325,0.006414853967726231,0.006458960007876158,21.941346124978736,0.46810835557052505,2482153.0,4627.0,2592.0,10000.0,True,False
3,18,1957435738200665901,ML-DSA-87,0.00018819398246705532,0.001605853030923754,0.006416517950128764,0.0013018180034123361,0.006500186980701983,0.0065453650313429534,22.09383238403825,0.45839766494203776,2482153.0,4627.0,2592.0,10000.0,True,False
3,18,8631569629405506733,ML-DSA-87,0.0004433300346136093,0.0018411369528621435,0.010241545969620347,0.001207393012009561,0.0065405769855715334,0.006586939969565719,22.04811771400273,0.47410316460025004,2482153.0,4627.0,2592.0,10000.0,True,False
3,18,5527910574132651602,ML-DSA-87,0.00018815899966284633,0.0014616390108130872,0.006656969024334103,0.001472269999794662,0.006486262020189315,0.00654054997721687,10.668201547989156,0.47648836650882664,2482153.0,4627.0,2592.0,10000.0,True,False
3,19,8631569629405506733,ML-DSA-87,0.00044855597661808133,0.002899964980315417,0.00914644100703299,0.0010927929542958736,0.006356418016366661,0.0064355499926023185,21.872245759994257,0.44546541967354836,2482153.0,4627.0,2592.0,10000.0,True,False
3,19,1957435738200665901,ML-DSA-87,0.00037344603333622217,0.003011896973475814,0.008894380007404834,0.001089686993509531,0.006266504991799593,0.006317271967418492,22.053794499021024,0.41165548908753324,2482153.0,4627.0,2592.0,10000.0,True,False
3,19,8924239233405817166,ML-DSA-87,0.000276690989267081,0.0017063010018318892,0.007419703004416078,0.00108861003536731,0.006244784977752715,0.0062884349608793855,22.114090419956483,0.4356850647507384,2482153.0,4627.0,2592.0,10000.0,True,False
3,19,5748956556921772800,ML-DSA-87,0.00022473197896033525,0.0014755099546164274,0.0065236579976044595,0.0010914260055869818,0.006371560972183943,0.006419326993636787,22.20386160601629,0.4220926261033875,2482153.0,4627.0,2592.0,10000.0,True,False
3,19,5527910574132651602,ML-DSA-87,0.00025713304057717323,0.0014530690386891365,0.006364602013491094,0.0010457549942657351,0.0063495709910057485,0.006391055998392403,10.712956819974352,0.4458557810194005,2482153.0,4627.0,2592.0,10000.0,True,False
3,20,5748956556921772800,ML-DSA-87,0.0003784460132010281,0.0021826739539392292,0.009999472997151315,0.0010611980105750263,0.006256559980101883,0.006336235033813864,21.95060578896664,0.40039790256288105,2482153.0,4627.0,2592.0,10000.0,True,False
3,20,8631569629405506733,ML-DSA-87,0.0004237690009176731,0.002463807992171496,0.010233772045467049,0.0011230500531382859,0.00625687901629135,0.006304155976977199,21.92253427702235,0.4391261978199878,2482153.0,4627.0,2592.0,10000.0,True,False
3,20,8924239233405817166,ML-DSA-87,0.0002086149761453271,0.0021984910126775503,0.007104378018993884,0.0013624749844893813,0.006419926998205483,0.006470484018791467,22.097106055996846,0.4014943798783774,2482153.0,4627.0,2592.0,10000.0,True,False
3,20,1957435738200665901,ML-DSA-87,0.00018536101561039686,0.0015557989827357233,0.006399885984137654,0.0010618859669193625,0.006316010025329888,0.006361939013004303,22.175696991034783,0.41384108586254686,2482153.0,4627.0,2592.0,10000.0,True,False
3,20,5527910574132651602,ML-DSA-87,0.0002485440345481038,0.0013636089861392975,0.006466093007475138,0.001188101014122367,0.0062176359933800995,0.0062622500117868185,10.642161422001664,0.41292772592066196,2482153.0,4627.0,2592.0,10000.0,True,False
3,21,8924239233405817166,ML-DSA-87,0.00040704902494326234,0.003370448015630245,0.007482433982659131,0.0010571629973128438,0.006270407990086824,0.006354645011015236,22.069577597023454,0.39957956021752794,2482153.0,4627.0,2592.0,10000.0,True,False
3,21,8631569629405506733,ML-DSA-87,0.00026006402913480997,0.002215607964899391,0.00735396402888,0.001093020022381097,0.006409300025552511,0.006453768000937998,22.021870858967304,0.4283414114587985,2482153.0,4627.0,2592.0,10000.0,True,False
3,21,5748956556921772800,ML-DSA-87,0.00020568299805745482,0.0019949169945903122,0.007554857991635799,0.0011203340254724026,0.00624368799617514,0.0062882499769330025,22.275590769015253,0.3876969959146489,2482153.0,4627.0,2592.0,10000.0,True,False
3,21,1957435738200665901,ML-DSA-87,0.0002618569997139275,0.0015177269815467298,0.006787434977013618,0.0010712490184232593,0.006208011007402092,0.006251201033592224,22.356763008981943,0.39896188284934,2482153.0,4627.0,2592.0,10000.0,True,False
3,21,5527910574132651602,ML-DSA-87,0.00024652801221236587,0.0013904219958931208,0.006420215999241918,0.0011339790071360767,0.006256102991756052,0.006301090004853904,10.71455875004176,0.39551787825819024,2482153.0,4627.0,2592.0,10000.0,True,False
3,22,8924239233405817166,ML-DSA-87,0.00029888603603467345,0.0029979959945194423,0.009952975960914046,0.0010910179698839784,0.006242380011826754,0.006325633032247424,21.807144882972352,0.36488787187174104,2482153.0,4627.0,2592.0,10000.0,True,False
3,22,5748956556921772800,ML-DSA-87,0.0002471310435794294,0.003089138015639037,0.007685324002522975,0.0011637309798970819,0.006305788992904127,0.006358695973176509,22.015272585034836,0.37735042836778937,2482153.0,4627.0,2592.0,10000.0,True,False
3,22,1957435738200665901,ML-DSA-87,0.0003094309940934181,0.001983541005756706,0.008866662974469364,0.00112473702756688,0.006150804983917624,0.006193384004291147,22.04300763696665,0.35533282688607615,2482153.0,4627.0,2592.0,10000.0,True,False
3,22,8631569629405506733,ML-DSA-87,0.0001923660165630281,0.0016035910230129957,0.006417640019208193,0.001121370994951576,0.006322372006252408,0.006371716037392616,22.167261074995622,0.38224234398061663,2482153.0,4627.0,2592.0,10000.0,True,False
3,22,5527910574132651602,ML-DSA-87,0.00026703497860580683,0.0014215830015018582,0.006558433000463992,0.0010695219971239567,0.006282416987232864,0.0063324260408990085,10.842709927004762,0.372525138018754,2482153.0,4627.0,2592.0,10000.0,True,False
3,23,8924239233405817166,ML-DSA-87,0.00019822601461783051,0.0015768809826113284,0.00702212197938934,0.0013945300015620887,0.006418126984499395,0.006496450980193913,21.654715485987253,0.3540170783959567,2482153.0,4627.0,2592.0,10000.0,True,False
3,23,1957435738200665901,ML-DSA-87,0.00020796700846403837,0.0022697619860991836,0.008496704045683146,0.0013646029983647168,0.006508708989713341,0.006555312022101134,21.808857805968728,0.33083819746435544,2482153.0,4627.0,2592.0,10000.0,True,False
3,23,8631569629405506733,ML-DSA-87,0.00039891095366328955,0.002110717003233731,0.009190694021526724,0.0014568580081686378,0.007036678027361631,0.007093584048561752,22.064535373006947,0.3688912316412924,2482153.0,4627.0,2592.0,10000.0,True,False
3,23,5748956556921772800,ML-DSA-87,0.0002618050202727318,0.0019841130124405026,0.006846605974715203,0.0012287060380913317,0.007905021018814296,0.007964130956679583,22.074694140057545,0.33776513409440795,2482153.0,4627.0,2592.0,10000.0,True,False
3,23,5527910574132651602,ML-DSA-87,0.00024786998983472586,0.0014303759671747684,0.006560755020473152,0.0011729919933713973,0.006412749993614852,0.006456114002503455,10.607037281035446,0.356108929262684,2482153.0,4627.0,2592.0,10000.0,True,False
3,24,5748956556921772800,ML-DSA-87,0.00027361500542610884,0.002762773016002029,0.007235231983941048,0.001063580042682588,0.006423548038583249,0.006502853007987142,21.794434816983994,0.33757036497828347,2482153.0,4627.0,2592.0,10000.0,True,False
3,24,1957435738200665901,ML-DSA-87,0.00036946102045476437,0.002656044962350279,0.007024513033684343,0.0011310669942758977,0.006176449998747557,0.00622416497208178,21.900239917973522,0.3269706399659046,2482153.0,4627.0,2592.0,10000.0,True,False
3,24,8924239233405817166,ML-DSA-87,0.0003464709734544158,0.0018154509598389268,0.007175094971898943,0.0013520719949156046,0.006198014016263187,0.006257765053305775,22.044733994000126,0.33057125452043007,2482153.0,4627.0,2592.0,10000.0,True,False
3,24,8631569629405506733,ML-DSA-87,0.0002484639990143478,0.0015567639493383467,0.006823216972406954,0.0010668239556252956,0.00624934199731797,0.00629474496236071,22.073819605982862,0.34079527089033074,2482153.0,4627.0,2592.0,10000.0,True,False
3,24,5527910574132651602,ML-DSA-87,0.00024885102175176144,0.0013490819837898016,0.006430448964238167,0.001156379992607981,0.006226145022083074,0.006272589031141251,10.604189616977237,0.350507493022258,2482153.0,4627.0,2592.0,10000.0,True,False
3,25,5748956556921772800,ML-DSA-87,0.00032193504739552736,0.0023392229923047125,0.008951684983912855,0.0010570780141279101,0.006281994981691241,0.00637239299248904,21.925062433001585,0.32028359025954817,2482153.0,4627.0,2592.0,10000.0,True,False
3,25,8924239233405817166,ML-DSA-87,0.000322651001624763,0.002155784983187914,0.009670190047472715,0.001082630013115704,0.006260321999434382,0.006306691037025303,22.012755718023982,0.3157073664865769,2482153.0,4627.0,2592.0,10000.0,True,False
3,25,8631569629405506733,ML-DSA-87,0.00019769498612731695,0.0017998039838857949,0.006969985959585756,0.0011882740072906017,0.006361651001498103,0.006409130000974983,22.036721865006257,0.3177365299177389,2482153.0,4627.0,2592.0,10000.0,True,False
3,25,1957435738200665901,ML-DSA-87,0.00019423000048846006,0.001464376982767135,0.00652360898675397,0.0010732359951362014,0.006251559010706842,0.0062951629515737295,22.130935585999396,0.3160661087005426,2482153.0,4627.0,2592.0,10000.0,True,False
3,25,5527910574132651602,ML-DSA-87,0.0002494209911674261,0.0015790569595992565,0.006321365013718605,0.0010956460027955472,0.00625013600802049,0.006340863008517772,10.708281766972505,0.32766238837160716,2482153.0,4627.0,2592.0,10000.0,True,False
3,26,1957435738200665901,ML-DSA-87,0.000293161952868104,0.0025837289867922664,0.010779702977743,0.0010589740122668445,0.006254013977013528,0.006335079960990697,22.07066179602407,0.32032130226885647,2482153.0,4627.0,2592.0,10000.0,True,False
3,26,5748956556921772800,ML-DSA-87,0.00047319300938397646,0.002884342975448817,0.00841451802989468,0.0012937290011905134,0.006256559980101883,0.006304315000306815,22.10707966296468,0.3032263679141268,2482153.0,4627.0,2592.0,10000.0,True,False
3,26,8631569629405506733,ML-DSA-87,0.00018408003961667418,0.0015557489823549986,0.006886416987981647,0.0010616059880703688,0.006274500978179276,0.006320742017123848,22.357193449977785,0.30838166193340344,2482153.0,4627.0,2592.0,10000.0,True,False
3,26,8924239233405817166,ML-DSA-87,0.000291300006210804,0.002008155977819115,0.007826005981769413,0.0012350209872238338,0.006311923963949084,0.0063630249933339655,22.350177588989027,0.30210561864078045,2482153.0,4627.0,2592.0,10000.0,True,False
3,26,5527910574132651602,ML-DSA-87,0.00018511503003537655,0.0013635890209116042,0.00622393999947235,0.0010638500098139048,0.006257447996176779,0.006299603963270783,10.66444322798634,0.3028544376443584,2482153.0,4627.0,2592.0,10000.0,True,False
3,27,5748956556921772800,ML-DSA-87,0.0002503580180928111,0.0018879540148191154,0.0072352419956587255,0.0010718959965743124,0.006262390001211315,0.006340055027976632,22.12708045798354,0.2940124043906197,2482153.0,4627.0,2592.0,10000.0,True,False
3,27,1957435738200665901,ML-DSA-87,0.00042997102718800306,0.0019858739688061178,0.00975537794874981,0.0011677250149659812,0.006212500971741974,0.006259500980377197,22.20125890302006,0.2923754335785755,2482153.0,4627.0,2592.0,10000.0,True,False
3,27,8924239233405817166,ML-DSA-87,0.0004160220269113779,0.002077775017824024,0.009717765031382442,0.0013315370306372643,0.006287417956627905,0.006333939963951707,22.17740575200878,0.2843874410663645,2482153.0,4627.0,2592.0,10000.0,True,False
3,27,8631569629405506733,ML-DSA-87,0.00026993098435923457,0.0015920280129648745,0.006481453950982541,0.0010849970276467502,0.006307040981482714,0.006390432012267411,22.464143570978194,0.2971445989524261,2482153.0,4627.0,2592.0,10000.0,True,False
3,27,5527910574132651602,ML-DSA-87,0.0001860030461102724,0.001367693010251969,0.006505379977170378,0.0011051719775423408,0.006267183984164149,0.00631228496786207,10.711378867039457,0.3306156326823246,2482153.0,4627.0,2592.0,10000.0,True,False
3,28,1957435738200665901,ML-DSA-87,0.0003612689906731248,0.002042667008936405,0.008982450992334634,0.0011284679640084505,0.006348555034492165,0.006437920965254307,21.378419036976993,0.2948032232676856,2482153.0,4627.0,2592.0,10000.0,True,False
3,28,8631569629405506733,ML-DSA-87,0.0002617510035634041,0.0019329129718244076,0.009205014968756586,0.0010689949849620461,0.006218027963768691,0.006264095020014793,21.36331737402361,0.28247598284549014,2482153.0,4627.0,2592.0,10000.0,True,False
3,28,5748956556921772800,ML-DSA-87,0.0004047740367241204,0.0033721039653755724,0.011440406029578298,0.001138115010689944,0.006192560016643256,0.006238209956791252,21.319580600014888,0.2807375193014146,2482153.0,4627.0,2592.0,10000.0,True,False
3,28,8924239233405817166,ML-DSA-87,0.00018574000569060445,0.0015449480270035565,0.006614141981117427,0.001068195968400687,0.00626964500406757,0.0063142949948087335,21.58718036604114,0.28618281588148764,2482153.0,4627.0,2592.0,10000.0,True,False
3,28,5527910574132651602,ML-DSA-87,0.00018393498612567782,0.0013857580488547683,0.006364135013427585,0.0011053389753215015,0.006298177991993725,0.006342481006868184,10.5559921929962,0.26049771503926206,2482153.0,4627.0,2592.0,10000.0,True,False
3,29,1957435738200665901,ML-DSA-87,0.00048622500617057085,0.0023074389901012182,0.010052437020931393,0.0010852619889192283,0.0063467450090684,0.00642887904541567,21.851021650014445,0.2558994263078803,2482153.0,4627.0,2592.0,10000.0,True,False
3,29,8924239233405817166,ML-DSA-87,0.00017076998483389616,0.0020763820502907038,0.00697633798699826,0.001381021982524544,0.00624835497001186,0.006305187998805195,21.999189760012086,0.2483259500748219,2482153.0,4627.0,2592.0,10000.0,True,False
3,29,8631569629405506733,ML-DSA-87,0.00019925797823816538,0.0017086709849536419,0.007196205959189683,0.0013392640394158661,0.006608809984754771,0.006662089028395712,21.96887256699847,0.26057739280418646,2482153.0,4627.0,2592.0,10000.0,True,False
3,29,5748956556921772800,ML-DSA-87,0.000311965006403625,0.0018293529865331948,0.009112144995015115,0.001119579013902694,0.0063590260106138885,0.006407758977729827,22.010809550003614,0.27948175227870575,2482153.0,4627.0,2592.0,10000.0,True,False
3,29,5527910574132651602,ML-DSA-87,0.00019959203200414777,0.001392981968820095,0.00653993000742048,0.0010709320195019245,0.006211089028511196,0.00625405804021284,10.613434911996592,0.28887186401238,2482153.0,4627.0,2592.0,10000.0,True,False
3,30,8924239233405817166,ML-DSA-87,0.00037496502045542,0.001620278984773904,0.008974600001238286,0.0010741360019892454,0.006238473986741155,0.006317218008916825,21.56806109502213,0.2565344607549758,2482153.0,4627.0,2592.0,10000.0,True,False
3,30,1957435738200665901,ML-DSA-87,0.0002875009668059647,0.0022282259888015687,0.009393806045409292,0.0011330039706081152,0.006246898963581771,0.006295202998444438,21.69750968698645,0.2575429823352232,2482153.0,4627.0,2592.0,10000.0,True,False
3,30,5748956556921772800,ML-DSA-87,0.00024682097136974335,0.0015691909939050674,0.007228262955322862,0.0014618239947594702,0.006147563981357962,0.006195562018547207,21.882638812006917,0.2532533979089484,2482153.0,4627.0,2592.0,10000.0,True,False
3,30,8631569629405506733,ML-DSA-87,0.0002431179746054113,0.001525377039797604,0.006581240042578429,0.0011169880162924528,0.006289519020356238,0.006335313024464995,21.93463829101529,0.27782381609485396,2482153.0,4627.0,2592.0,10000.0,True,False
3,30,5527910574132651602,ML-DSA-87,0.0001872209832072258,0.0013126739650033414,0.0065685699810273945,0.0011881300015375018,0.006215978995896876,0.006263490999117494,10.856516804022249,0.27695429986551073,2482153.0,4627.0,2592.0,10000.0,True,False
4,1,1576293999838575077,ML-DSA-87,0.0010994069743901491,0.002263154019601643,0.007963787007611245,0.0011271859984844923,0.006364615983329713,0.006494757020846009,21.073321040952578,1.9329763909879203,2482153.0,4627.0,2592.0,10000.0,True,False
4,1,3331146317613472229,ML-DSA-87,0.001414015016052872,0.0020842389785684645,0.007716311956755817,0.0011460779933258891,0.006608402996789664,0.006722754973452538,21.35914286202751,1.8923838698445037,2482153.0,4627.0,2592.0,10000.0,True,False
4,1,11827669549126995167,ML-DSA-87,0.0010004930081777275,0.0018268119893036783,0.0073380679823458195,0.0012027730117551982,0.0065253759967163205,0.006578231987077743,21.592189026006963,1.915281142289646,2482153.0,4627.0,2592.0,10000.0,True,False
4,1,3843056717721428480,ML-DSA-87,0.0014206519699655473,0.001903513038996607,0.007259093981701881,0.00114872504491359,0.006213094980921596,0.006264068011660129,20.982384149043355,1.9269947872375146,2482153.0,4627.0,2592.0,10000.0,True,False
4,1,16162005707283835750,ML-DSA-87,0.00019025197252631187,0.0013837559963576496,0.006528900004923344,0.0010774820111691952,0.00624390400480479,0.006293140002526343,10.635084366018418,1.9057433285271397,2482153.0,4627.0,2592.0,10000.0,True,False
4,2,3843056717721428480,ML-DSA-87,0.0002914399956353009,0.0018503519822843373,0.009116221976000816,0.001351279963273555,0.00947334198281169,0.009601991972886026,21.26311803999124,1.650324130591493,2482153.0,4627.0,2592.0,10000.0,True,False
4,2,3331146317613472229,ML-DSA-87,0.0004951399751007557,0.0026707600336521864,0.007810142997186631,0.0013234979705885053,0.007703309995122254,0.007772896031383425,21.3590758650098,1.6679393034011791,2482153.0,4627.0,2592.0,10000.0,True,False
4,2,1576293999838575077,ML-DSA-87,0.00022279896074905992,0.0018964919727295637,0.006872224970720708,0.001349714002572,0.006640547013375908,0.006725909013766795,21.588197555043735,1.6210553545159654,2482153.0,4627.0,2592.0,10000.0,True,False
4,2,11827669549126995167,ML-DSA-87,0.00018879701383411884,0.0016083390219137073,0.006498494010884315,0.0013151830062270164,0.006455408991314471,0.006509763014037162,21.863968797028065,1.6239667247278622,2482153.0,4627.0,2592.0,10000.0,True,False
4,2,16162005707283835750,ML-DSA-87,0.0002005880232900381,0.0016462759813293815,0.006650364026427269,0.001357373024802655,0.006559408036991954,0.006625531008467078,10.525588169984985,1.6435526121919528,2482153.0,4627.0,2592.0,10000.0,True,False
4,3,3331146317613472229,ML-DSA-87,0.00034440698800608516,0.002382853999733925,0.010443167004268616,0.00113986199721694,0.0064195190207101405,0.006498114962596446,21.414513853029348,1.4999543397952193,2482153.0,4627.0,2592.0,10000.0,True,False
4,3,3843056717721428480,ML-DSA-87,0.00041213101940229535,0.0019233240163885057,0.010343695990741253,0.001275360002182424,0.0064755660132505,0.006529941048938781,21.60188263800228,1.4835241004681816,2482153.0,4627.0,2592.0,10000.0,True,False
4,3,1576293999838575077,ML-DSA-87,0.00039782898966223,0.0017979200347326696,0.007049544015899301,0.001069588994141668,0.006367349997162819,0.00641205400461331,21.73575122799957,1.4716176124045643,2482153.0,4627.0,2592.0,10000.0,True,False
4,3,11827669549126995167,ML-DSA-87,0.0001881999778561294,0.001566582010127604,0.006362311018165201,0.0011132149957120419,0.006508418009616435,0.006552166014444083,21.75855655199848,1.4580787403134112,2482153.0,4627.0,2592.0,10000.0,True,False
4,3,16162005707283835750,ML-DSA-87,0.00025146902771666646,0.001431724987924099,0.0066833189921453595,0.0010756599949672818,0.006493993976619095,0.006539441994391382,10.560985423973761,1.475750857458328,2482153.0,4627.0,2592.0,10000.0,True,False
4,4,3331146317613472229,ML-DSA-87,0.0002538110129535198,0.0019027359667234123,0.007359531009569764,0.0010414959979243577,0.006438829994294792,0.006518085021525621,21.39904214098351,1.3604969631749602,2482153.0,4627.0,2592.0,10000.0,True,False
4,4,1576293999838575077,ML-DSA-87,0.00030700000934302807,0.0017478090012446046,0.007064200995955616,0.0010811209795065224,0.006511571002192795,0.00656078802421689,21.653685247991234,1.3376640584141302,2482153.0,4627.0,2592.0,10000.0,True,False
4,4,11827669549126995167,ML-DSA-87,0.00038809998659417033,0.0017582299769856036,0.009933484019711614,0.001109414966776967,0.0063320869812741876,0.006375923985615373,21.63508680695668,1.3421180711005822,2482153.0,4627.0,2592.0,10000.0,True,False
4,4,3843056717721428480,ML-DSA-87,0.00019065296510234475,0.0015468270285055041,0.006595398997887969,0.001082892995327711,0.006296292995102704,0.006344399007502943,21.768263442034367,1.3423006782135642,2482153.0,4627.0,2592.0,10000.0,True,False
4,4,16162005707283835750,ML-DSA-87,0.00018539605662226677,0.0014577470137737691,0.00648014695616439,0.0011020390084013343,0.006263683957513422,0.006312198005616665,10.709109732997604,1.3429965081687172,2482153.0,4627.0,2592.0,10000.0,True,False
4,5,1576293999838575077,ML-DSA-87,0.0004348850343376398,0.0016435589641332626,0.007483176013920456,0.001115276012569666,0.006382999999914318,0.006471248983871192,21.45227752602659,1.209591345474743,2482153.0,4627.0,2592.0,10000.0,True,False
4,5,3843056717721428480,ML-DSA-87,0.00018651899881660938,0.0015905839973129332,0.006969860987737775,0.0013742389855906367,0.006294070975854993,0.006343468034174293,21.767585025983863,1.241491857047279,2482153.0,4627.0,2592.0,10000.0,True,False
4,5,11827669549126995167,ML-DSA-87,0.00023742299526929855,0.001724038040265441,0.00718769000377506,0.0010795709677040577,0.006401198043022305,0.006447681982535869,21.920195775979664,1.2270925542036184,2482153.0,4627.0,2592.0,10000.0,True,False
4,5,3331146317613472229,ML-DSA-87,0.00018623704090714455,0.0016239599790424109,0.0063821570365689695,0.0013909880071878433,0.006287922966293991,0.006336377002298832,22.02337800699752,1.2338007381929756,2482153.0,4627.0,2592.0,10000.0,True,False
4,5,16162005707283835750,ML-DSA-87,0.00020010297885164618,0.0014184560277499259,0.0064923870377242565,0.001080414978787303,0.006477557995822281,0.00654077302897349,10.822762350959238,1.2214292491586825,2482153.0,4627.0,2592.0,10000.0,True,False
4,6,1576293999838575077,ML-DSA-87,0.00034796702675521374,0.003675224957987666,0.009219844010658562,0.001106605981476605,0.006468216946814209,0.006552792969159782,21.59687665704405,1.1227417294971478,2482153.0,4627.0,2592.0,10000.0,True,False
4,6,3843056717721428480,ML-DSA-87,0.00026830099523067474,0.0022098920308053493,0.012344315997324884,0.0011542229913175106,0.006236348010133952,0.006286935997195542,21.60175402701134,1.1395115905676405,2482153.0,4627.0,2592.0,10000.0,True,False
4,6,3331146317613472229,ML-DSA-87,0.0002612730022519827,0.0017109679756686091,0.007624535006470978,0.001108855998609215,0.006377054029144347,0.006425037980079651,21.663047509035096,1.14825133679393,2482153.0,4627.0,2592.0,10000.0,True,False
4,6,11827669549126995167,ML-DSA-87,0.00019095902098342776,0.0015040489961393178,0.006536956992931664,0.0011338950134813786,0.006301955028902739,0.006353312986902893,22.0527319899993,1.1151643970523017,2482153.0,4627.0,2592.0,10000.0,True,False
4,6,16162005707283835750,ML-DSA-87,0.00025209697196260095,0.0013896699529141188,0.006514410022646189,0.0011452879989519715,0.006264781986828893,0.006311032979283482,10.677372570964508,1.1184280000555629,2482153.0,4627.0,2592.0,10000.0,True,False
4,7,3331146317613472229,ML-DSA-87,0.00037391396472230554,0.0024430149933323264,0.009320936049334705,0.0012439090060070157,0.006377727957442403,0.006455480004660785,20.875785544980317,1.0490384115197788,2482153.0,4627.0,2592.0,10000.0,True,False
4,7,11827669549126995167,ML-DSA-87,0.0003571370034478605,0.003143003035802394,0.007858643017243594,0.0011598769924603403,0.006594136997591704,0.006642883992753923,20.99042838497553,1.0511141333717127,2482153.0,4627.0,2592.0,10000.0,True,False
4,7,1576293999838575077,ML-DSA-87,0.00018459599232301116,0.0019442940247245133,0.007110125035978854,0.0010796390124596655,0.006412543007172644,0.006459577998612076,21.156657957006246,1.0420145424791039,2482153.0,4627.0,2592.0,10000.0,True,False
4,7,3843056717721428480,ML-DSA-87,0.00019550800789147615,0.0015629350091330707,0.006736441981047392,0.0012407139874994755,0.0063610069919377565,0.006452980975154787,21.20099557301728,1.0548098841414284,2482153.0,4627.0,2592.0,10000.0,True,False
4,7,16162005707283835750,ML-DSA-87,0.00018463796004652977,0.0013899339828640223,0.006320113025140017,0.001111090008635074,0.006286993972025812,0.006340066029224545,10.515426488011144,1.0422043225254876,2482153.0,4627.0,2592.0,10000.0,True,False
4,8,11827669549126995167,ML-DSA-87,0.0003776559606194496,0.003067436977289617,0.008522516000084579,0.0014448060537688434,0.0067045839969068766,0.006782684999052435,21.24228307104204,0.9631790892003824,2482153.0,4627.0,2592.0,10000.0,True,False
4,8,3843056717721428480,ML-DSA-87,0.00027735502226278186,0.003265696985181421,0.00929380301386118,0.0013169159647077322,0.006389816990122199,0.006438947049900889,21.329678575042635,0.9731042724067029,2482153.0,4627.0,2592.0,10000.0,True,False
4,8,3331146317613472229,ML-DSA-87,0.0003116939915344119,0.002671424997970462,0.010393837001174688,0.0013143180403858423,0.006342168024275452,0.006391820963472128,21.44901242700871,0.9831425041055527,2482153.0,4627.0,2592.0,10000.0,True,False
4,8,1576293999838575077,ML-DSA-87,0.00026004196843132377,0.0015611069975420833,0.006707544031087309,0.0012650340213440359,0.006504549004603177,0.0065532809821888804,21.782433999993373,0.9644163398506542,2482153.0,4627.0,2592.0,10000.0,True,False
4,8,16162005707283835750,ML-DSA-87,0.0002482089912518859,0.0014665499911643565,0.006637573998887092,0.0013228729949332774,0.006384462001733482,0.006434820999857038,10.75691050599562,0.9724961106007853,2482153.0,4627.0,2592.0,10000.0,True,False
4,9,1576293999838575077,ML-DSA-87,0.0003800969570875168,0.00219310395186767,0.0072439880459569395,0.0011250550160184503,0.0063114569638855755,0.0063947049784474075,21.643623875046615,0.8890033926064975,2482153.0,4627.0,2592.0,10000.0,True,False
4,9,3331146317613472229,ML-DSA-87,0.0003584219957701862,0.002120441000442952,0.007723240007180721,0.0011147310142405331,0.006518976995721459,0.006581546971574426,22.03699122800026,0.9141058168662622,2482153.0,4627.0,2592.0,10000.0,True,False
4,9,3843056717721428480,ML-DSA-87,0.00018946797354146838,0.0015337509685195982,0.006471503002103418,0.0014447490102611482,0.006389576010406017,0.006436292023863643,22.18758374504978,0.9077557716697169,2482153.0,4627.0,2592.0,10000.0,True,False
4,9,11827669549126995167,ML-DSA-87,0.0002941150451079011,0.002578032959718257,0.007588876993395388,0.0011037070071324706,0.006282623973675072,0.006333303987048566,22.12128905497957,0.8885398343348274,2482153.0,4627.0,2592.0,10000.0,True,False
4,9,16162005707283835750,ML-DSA-87,0.00019319303100928664,0.0014265679637901485,0.006370880000758916,0.0010538049973547459,0.00636684603523463,0.006421137019060552,10.69701021903893,0.9002670286752926,2482153.0,4627.0,2592.0,10000.0,True,False
4,10,1576293999838575077,ML-DSA-87,0.0006509540253318846,0.003749016032088548,0.010446949978359044,0.0011254550190642476,0.006482114957179874,0.006564239971339703,21.78617050102912,0.8427911849258045,2482153.0,4627.0,2592.0,10000.0,True,False
4,10,3331146317613472229,ML-DSA-87,0.0002520789857953787,0.0018770269816741347,0.0070662740035913885,0.0011081520351581275,0.006351950985845178,0.0063995259697549045,21.934535312000662,0.8586612339027393,2482153.0,4627.0,2592.0,10000.0,True,False
4,10,11827669549126995167,ML-DSA-87,0.000311103998683393,0.003217860998120159,0.007872486021369696,0.0010749890352599323,0.006291077996138483,0.006336203950922936,21.908789482025895,0.8340889799137847,2482153.0,4627.0,2592.0,10000.0,True,False
4,10,3843056717721428480,ML-DSA-87,0.00018938799621537328,0.0015405439771711826,0.006392127019353211,0.0011126010213047266,0.006312798010185361,0.006358593003824353,22.124098720028996,0.8517023474454118,2482153.0,4627.0,2592.0,10000.0,True,False
4,10,16162005707283835750,ML-DSA-87,0.00018568499945104122,0.0014705620124004781,0.006455902010202408,0.0010810740059241652,0.00635408004745841,0.006396948010660708,10.606251570978202,0.8412519785733269,2482153.0,4627.0,2592.0,10000.0,True,False
4,11,1576293999838575077,ML-DSA-87,0.000339767022524029,0.0031689569586887956,0.010776034963782877,0.00112615100806579,0.00642029702430591,0.006508413003757596,21.850608308974188,0.7754422695682452,2482153.0,4627.0,2592.0,10000.0,True,False
4,11,11827669549126995167,ML-DSA-87,0.0004241060232743621,0.0024382430128753185,0.009153266029898077,0.0011332780122756958,0.006414164963643998,0.006464794976636767,21.940256970003247,0.7710248323294301,2482153.0,4627.0,2592.0,10000.0,True,False
4,11,3843056717721428480,ML-DSA-87,0.0002432650071568787,0.0016213300405070186,0.0065283579751849174,0.0014390930300578475,0.0063169869827106595,0.006368206988554448,21.989575488027185,0.7863333409015363,2482153.0,4627.0,2592.0,10000.0,True,False
4,11,3331146317613472229,ML-DSA-87,0.00019498600158840418,0.0019829029915854335,0.007507470960263163,0.0011230279924347997,0.006458435964304954,0.006506271020043641,21.93639725400135,0.7929857126154458,2482153.0,4627.0,2592.0,10000.0,True,False
4,11,16162005707283835750,ML-DSA-87,0.000251505000051111,0.0015210940036922693,0.0063671920215711,0.001202035986352712,0.006316779006738216,0.006366582005284727,10.740376593952533,0.7728637917734944,2482153.0,4627.0,2592.0,10000.0,True,False
4,12,3843056717721428480,ML-DSA-87,0.0004457339528016746,0.002048473048489541,0.010021374968346208,0.0010710500064305961,0.006454518006648868,0.006536313972901553,21.56359702098416,0.7262652171210359,2482153.0,4627.0,2592.0,10000.0,True,False
4,12,3331146317613472229,ML-DSA-87,0.0004747339989989996,0.0022318720002658665,0.00923659501131624,0.0010742999729700387,0.0064255379838868976,0.006474774039816111,21.675584844022524,0.7368167220784453,2482153.0,4627.0,2592.0,10000.0,True,False
4,12,1576293999838575077,ML-DSA-87,0.0002475560177117586,0.0017934379866346717,0.010813425004016608,0.0010886639938689768,0.00628076697466895,0.006328798015601933,21.695076256990433,0.7303173985725013,2482153.0,4627.0,2592.0,10000.0,True,False
4,12,11827669549126995167,ML-DSA-87,0.000259650987572968,0.0016181329847313464,0.006539355963468552,0.00109651597449556,0.006344664958305657,0.006389286019839346,21.876240144018084,0.7272308944418027,2482153.0,4627.0,2592.0,10000.0,True,False
4,12,16162005707283835750,ML-DSA-87,0.00018976401770487428,0.0013282650033943355,0.006516580993775278,0.0010840549948625267,0.006320986954960972,0.00636744499206543,10.798642955021933,0.7269209050618041,2482153.0,4627.0,2592.0,10000.0,True,False
4,13,3843056717721428480,ML-DSA-87,0.0002969140186905861,0.0026277730357833207,0.010070764983538538,0.0010457009775564075,0.0063474729540757835,0.0064288199646398425,21.450561751029454,0.6940130457139244,2482153.0,4627.0,2592.0,10000.0,True,False
4,13,11827669549126995167,ML-DSA-87,0.00027875800151377916,0.0029885020339861512,0.007781175023410469,0.0010820620227605104,0.0063097430393099785,0.006364432978443801,21.498521345027257,0.6763407427329606,2482153.0,4627.0,2592.0,10000.0,True,False
4,13,1576293999838575077,ML-DSA-87,0.0002757119946181774,0.0015657140174880624,0.007173806021455675,0.0011144590098410845,0.006285593030042946,0.006327948998659849,21.583063027006574,0.6805742689595816,2482153.0,4627.0,2592.0,10000.0,True,False
4,13,3331146317613472229,ML-DSA-87,0.00025300303241238,0.0015120600000955164,0.006505609955638647,0.0011112249922007322,0.006350253999698907,0.006400402053259313,21.78407521598274,0.6863051586733839,2482153.0,4627.0,2592.0,10000.0,True,False
4,13,16162005707283835750,ML-DSA-87,0.00024851999478414655,0.001484630978666246,0.006313247955404222,0.001060847018379718,0.006340741005260497,0.00638567196438089,10.706325014994945,0.6768370987222598,2482153.0,4627.0,2592.0,10000.0,True,False
4,14,3843056717721428480,ML-DSA-87,0.0003434930113144219,0.002242209971882403,0.010374194011092186,0.0011020860401913524,0.006369575974531472,0.0064495549886487424,22.045304564002436,0.6340151939053125,2482153.0,4627.0,2592.0,10000.0,True,False
4,14,1576293999838575077,ML-DSA-87,0.000285654969047755,0.0017798849730752409,0.007443566981237382,0.0011140219867229462,0.006349987990688533,0.006399851990863681,22.148696966993157,0.6355414081591005,2482153.0,4627.0,2592.0,10000.0,True,False
4,14,3331146317613472229,ML-DSA-87,0.0003372450009919703,0.00196399400010705,0.007230727991554886,0.0013610360329039395,0.0063216210110113025,0.006369458977133036,22.112823775038123,0.6607023649655592,2482153.0,4627.0,2592.0,10000.0,True,False
4,14,11827669549126995167,ML-DSA-87,0.00018495600670576096,0.0015950240194797516,0.006656529963947833,0.0011519879917614162,0.006324001995380968,0.00637337495572865,22.413321920030285,0.6276097595929718,2482153.0,4627.0,2592.0,10000.0,True,False
4,14,16162005707283835750,ML-DSA-87,0.00018308201106265187,0.0014586739707738161,0.006403159990441054,0.00108396599534899,0.006258587003685534,0.00630371697479859,10.819646393996663,0.6143852030269255,2482153.0,4627.0,2592.0,10000.0,True,False
4,15,1576293999838575077,ML-DSA-87,0.0004429160035215318,0.0022883909987285733,0.008343925990629941,0.0010988310095854104,0.006359713966958225,0.006446018000133336,21.79401706001954,0.5868796140622026,2482153.0,4627.0,2592.0,10000.0,True,False
4,15,11827669549126995167,ML-DSA-87,0.00029272399842739105,0.0020976329687982798,0.007608101004734635,0.0010963179520331323,0.00642398395575583,0.006475504022091627,21.857467319001444,0.5874046374933598,2482153.0,4627.0,2592.0,10000.0,True,False
4,15,3843056717721428480,ML-DSA-87,0.00018483295571058989,0.001681253022979945,0.007437619962729514,0.0011195950210094452,0.0063497209921479225,0.006396615004632622,22.108141342003364,0.5955200055108284,2482153.0,4627.0,2592.0,10000.0,True,False
4,15,3331146317613472229,ML-DSA-87,0.0002854790072888136,0.0019175890483893454,0.006421844009310007,0.0011198800057172775,0.006361751991789788,0.0064106949721463025,22.177384468959644,0.6152710059580331,2482153.0,4627.0,2592.0,10000.0,True,False
4,15,16162005707283835750,ML-DSA-87,0.00018774199998006225,0.0013522260123863816,0.006524791999254376,0.0010472509893588722,0.006333860976155847,0.006380390957929194,10.548097121005412,0.6007231389181301,2482153.0,4627.0,2592.0,10000.0,True,False
4,16,3843056717721428480,ML-DSA-87,0.0004283689777366817,0.002099456964060664,0.00770489196293056,0.0010707129840739071,0.006294313003309071,0.006371385999955237,21.402880836976692,0.5600285182793301,2482153.0,4627.0,2592.0,10000.0,True,False
4,16,11827669549126995167,ML-DSA-87,0.00027971400413662195,0.0021192720159888268,0.007687730016186833,0.0011346100363880396,0.006296865991316736,0.006352749012876302,21.6645580289769,0.5497846417724134,2482153.0,4627.0,2592.0,10000.0,True,False
4,16,3331146317613472229,ML-DSA-87,0.00033877999521791935,0.001939822977874428,0.007437841966748238,0.0010769739747047424,0.0062558219651691616,0.006299045984633267,21.62399880302837,0.570873258189081,2482153.0,4627.0,2592.0,10000.0,True,False
4,16,1576293999838575077,ML-DSA-87,0.00018668698612600565,0.0014616810367442667,0.006402719998732209,0.0010822099866345525,0.0062539210193790495,0.006305838003754616,21.755862005986273,0.5465571594933352,2482153.0,4627.0,2592.0,10000.0,True,False
4,16,16162005707283835750,ML-DSA-87,0.00018688105046749115,0.0014405209803953767,0.006488026992883533,0.0010750810033641756,0.006247814977541566,0.006290321005508304,10.687089605024084,0.5542481321210678,2482153.0,4627.0,2592.0,10000.0,True,False
4,17,1576293999838575077,ML-DSA-87,0.00025619094958528876,0.00219329004175961,0.007639696996193379,0.0010916450410149992,0.0063085409929044545,0.006403214996680617,21.60780108103063,0.5179251204616726,2482153.0,4627.0,2592.0,10000.0,True,False
4,17,3843056717721428480,ML-DSA-87,0.0003154680016450584,0.002119845012202859,0.010248760983813554,0.001065551012288779,0.006258259003516287,0.006309156015049666,21.689982304000296,0.525582234104411,2482153.0,4627.0,2592.0,10000.0,True,False
4,17,3331146317613472229,ML-DSA-87,0.00018915801774710417,0.0018982539768330753,0.0068988800048828125,0.0010580900125205517,0.006294812948908657,0.006342032982502133,21.886384050012566,0.5230952395846288,2482153.0,4627.0,2592.0,10000.0,True,False
4,17,11827669549126995167,ML-DSA-87,0.00026274495758116245,0.0015179460169747472,0.006827982957474887,0.0010858449968509376,0.006257608998566866,0.006308624986559153,21.987937660014722,0.5502055136921307,2482153.0,4627.0,2592.0,10000.0,True,False
4,17,16162005707283835750,ML-DSA-87,0.00024914101231843233,0.001521815953310579,0.00660219497513026,0.0010750729707069695,0.006495648995041847,0.0065427100053057075,10.646385352010839,0.5221138042144882,2482153.0,4627.0,2592.0,10000.0,True,False
4,18,11827669549126995167,ML-DSA-87,0.0001847439561970532,0.0015862350119277835,0.009717325039673597,0.0011351379798725247,0.006378698046319187,0.00645754300057888,21.165429058019072,0.4905689548010739,2482153.0,4627.0,2592.0,10000.0,True,False
4,18,3331146317613472229,ML-DSA-87,0.0004033970180898905,0.002287245006300509,0.0072336780140176415,0.0010759540018625557,0.006316358980257064,0.00636830204166472,21.4047515859711,0.4824202438822379,2482153.0,4627.0,2592.0,10000.0,True,False
4,18,3843056717721428480,ML-DSA-87,0.0002607509959489107,0.001768610964063555,0.008584511990193278,0.0010929210111498833,0.006526323035359383,0.0065712519572116435,21.513955147995148,0.468796705928283,2482153.0,4627.0,2592.0,10000.0,True,False
4,18,1576293999838575077,ML-DSA-87,0.00018849101616069674,0.001662042981479317,0.006442690035328269,0.0010684470180422068,0.006328314950224012,0.006379355967510492,21.51063235901529,0.48724742619374306,2482153.0,4627.0,2592.0,10000.0,True,False
4,18,16162005707283835750,ML-DSA-87,0.00019190501188859344,0.0013554570032283664,0.006380596023518592,0.0010494230082258582,0.006343360990285873,0.006387160043232143,10.792928931012284,0.4972502873442805,2482153.0,4627.0,2592.0,10000.0,True,False
4,19,11827669549126995167,ML-DSA-87,0.0003240500227548182,0.0022119780187495053,0.009366396989207715,0.0011634230031631887,0.006485173013061285,0.006573569029569626,21.289927653968334,0.4621684466259548,2482153.0,4627.0,2592.0,10000.0,True,False
4,19,3331146317613472229,ML-DSA-87,0.00057965301675722,0.0033765899715945125,0.009282216022256762,0.001253609952982515,0.006556528038345277,0.0066037700162269175,21.286015669989865,0.4673867827227797,2482153.0,4627.0,2592.0,10000.0,True,False
4,19,3843056717721428480,ML-DSA-87,0.0003296170034445822,0.0027128590154461563,0.007413634972181171,0.0014620729489251971,0.00646360800601542,0.006510962033644319,21.455856374988798,0.4682443163241632,2482153.0,4627.0,2592.0,10000.0,True,False
4,19,1576293999838575077,ML-DSA-87,0.000245600997004658,0.001574722002260387,0.006633962970227003,0.0012205200036987662,0.006478500959929079,0.006525659991893917,21.69784041697858,0.45130709451608386,2482153.0,4627.0,2592.0,10000.0,True,False
4,19,16162005707283835750,ML-DSA-87,0.0003087450168095529,0.0015301599632948637,0.0065525349928066134,0.0011734339641407132,0.006461672019213438,0.0065082579967565835,10.576708576001693,0.47686737730575446,2482153.0,4627.0,2592.0,10000.0,True,False
4,20,3331146317613472229,ML-DSA-87,0.00027602200862020254,0.0020027789869345725,0.010877505003008991,0.0011629789951257408,0.0063945589936338365,0.006475359026808292,21.635399222024716,0.43503131811468365,2482153.0,4627.0,2592.0,10000.0,True,False
4,20,11827669549126995167,ML-DSA-87,0.0002827289863489568,0.0024400950060226023,0.00868549000006169,0.0011867000139318407,0.006446029990911484,0.006486653001047671,21.6524517450016,0.43875785903951614,2482153.0,4627.0,2592.0,10000.0,True,False
4,20,3843056717721428480,ML-DSA-87,0.0001848239917308092,0.0015718439826741815,0.006934505014214665,0.0011848899885080755,0.0062809690134599805,0.006325542984995991,21.729950317007024,0.42582597947432493,2482153.0,4627.0,2592.0,10000.0,True,False
4,20,1576293999838575077,ML-DSA-87,0.0002575080143287778,0.00183141598245129,0.006971792958211154,0.0010670649935491383,0.00635746301850304,0.00640108494553715,21.795329976012,0.4269255366140661,2482153.0,4627.0,2592.0,10000.0,True,False
4,20,16162005707283835750,ML-DSA-87,0.000247995019890368,0.001425044029019773,0.0063367889961227775,0.0011134090018458664,0.006289848010055721,0.006336358026601374,10.899127807002515,0.4593392322405268,2482153.0,4627.0,2592.0,10000.0,True,False
4,21,3331146317613472229,ML-DSA-87,0.0005087179597467184,0.002764464996289462,0.007184042013250291,0.0011109450133517385,0.006363215972669423,0.006448803003877401,21.605681849003304,0.4329156777360283,2482153.0,4627.0,2592.0,10000.0,True,False
4,21,3843056717721428480,ML-DSA-87,0.00032281799940392375,0.0017839669599197805,0.009681142983026803,0.001061989984009415,0.006337167986202985,0.006381804996635765,21.75010140700033,0.3992837854004956,2482153.0,4627.0,2592.0,10000.0,True,False
4,21,1576293999838575077,ML-DSA-87,0.0001881259959191084,0.0016471600392833352,0.0068553449818864465,0.0011100400006398559,0.0062723319861106575,0.006315884995274246,21.772022515011486,0.4054409766528077,2482153.0,4627.0,2592.0,10000.0,True,False
4,21,11827669549126995167,ML-DSA-87,0.0002221250324510038,0.0024466930190101266,0.009090369974728674,0.001106231997255236,0.0062978509813547134,0.006344721012283117,21.766720969986636,0.41683967445438475,2482153.0,4627.0,2592.0,10000.0,True,False
4,21,16162005707283835750,ML-DSA-87,0.0002473010099492967,0.0013584819971583784,0.006449297012295574,0.0010814010165631771,0.006333066034130752,0.0063744159997440875,10.701887188944966,0.4169570524424029,2482153.0,4627.0,2592.0,10000.0,True,False
4,22,1576293999838575077,ML-DSA-87,0.00023955205688253045,0.001853948982898146,0.007166547002270818,0.0011479509994387627,0.006355122022796422,0.006441797013394535,21.472463356971275,0.41164090567693923,2482153.0,4627.0,2592.0,10000.0,True,False
4,22,11827669549126995167,ML-DSA-87,0.000260364031419158,0.0017714260029606521,0.007120948983356357,0.0010746190091595054,0.006323959969449788,0.006399693025741726,21.789477965969127,0.40684868152530046,2482153.0,4627.0,2592.0,10000.0,True,False
4,22,3843056717721428480,ML-DSA-87,0.00025281700072810054,0.0015979420277290046,0.007202084001619369,0.001092417980544269,0.006295729021076113,0.006343456043396145,21.938206462014932,0.4010801194205928,2482153.0,4627.0,2592.0,10000.0,True,False
4,22,3331146317613472229,ML-DSA-87,0.0003091139951720834,0.0021960989688523114,0.0069182770093902946,0.001124361006077379,0.006591220968402922,0.006641989049967378,22.151220292027574,0.4028479680121421,2482153.0,4627.0,2592.0,10000.0,True,False
4,22,16162005707283835750,ML-DSA-87,0.0001827100059017539,0.001330990984570235,0.006294082035310566,0.0011451700120233,0.006266672979108989,0.006313215009868145,10.662948587036226,0.40521870122942777,2482153.0,4627.0,2592.0,10000.0,True,False
4,23,3331146317613472229,ML-DSA-87,0.0003950459649786353,0.003286061983089894,0.009767554991412908,0.001065474993083626,0.006334247998893261,0.0064144720090553164,22.201043510984164,0.3776687032129532,2482153.0,4627.0,2592.0,10000.0,True,False
4,23,1576293999838575077,ML-DSA-87,0.00045201805187389255,0.0026488129515200853,0.0107255230541341,0.0011330849956721067,0.006371872033923864,0.006422462000045925,22.154720860009547,0.3871810749089851,2482153.0,4627.0,2592.0,10000.0,True,False
4,23,3843056717721428480,ML-DSA-87,0.0001799620222300291,0.0016234599752351642,0.006779599003493786,0.0010971759911626577,0.006328301969915628,0.006382059014867991,22.234979455999564,0.3748075917999918,2482153.0,4627.0,2592.0,10000.0,True,False
4,23,11827669549126995167,ML-DSA-87,0.0003735559876076877,0.0022828049841336906,0.009053620044142008,0.001098683977033943,0.006295237981248647,0.006347253976855427,22.20896732097026,0.3844271212750778,2482153.0,4627.0,2592.0,10000.0,True,False
4,23,16162005707283835750,ML-DSA-87,0.00018609000835567713,0.0013743640156462789,0.0062891520210541785,0.001060576003510505,0.006338735984172672,0.006383423053193837,10.579098979011178,0.3762762171867937,2482153.0,4627.0,2592.0,10000.0,True,False
4,24,3331146317613472229,ML-DSA-87,0.00028141902294009924,0.0031039920286275446,0.009762178990058601,0.0011201489833183587,0.006364752945955843,0.006441764999181032,21.721650108054746,0.3532753163567795,2482153.0,4627.0,2592.0,10000.0,True,False
4,24,11827669549126995167,ML-DSA-87,0.00032133300555869937,0.002093407034408301,0.008846701006405056,0.0010760949808172882,0.006359571998473257,0.006405269028618932,21.878218832949642,0.35839679910423466,2482153.0,4627.0,2592.0,10000.0,True,False
4,24,1576293999838575077,ML-DSA-87,0.00018772203475236893,0.0016114120371639729,0.007099070004187524,0.0015001680003479123,0.006258371053263545,0.006306440045591444,21.809582935995422,0.3572092244294457,2482153.0,4627.0,2592.0,10000.0,True,False
4,24,3843056717721428480,ML-DSA-87,0.00018800602992996573,0.0014963190187700093,0.006840705987997353,0.0010705860331654549,0.006402649043593556,0.006450320011936128,21.848178310028743,0.3769120570545951,2482153.0,4627.0,2592.0,10000.0,True,False
4,24,16162005707283835750,ML-DSA-87,0.00018768699374049902,0.0014832090237177908,0.006627652037423104,0.0010829410166479647,0.006345854024402797,0.006391187023837119,10.694825122947805,0.3846674648176034,2482153.0,4627.0,2592.0,10000.0,True,False
4,25,3843056717721428480,ML-DSA-87,0.0003532670089043677,0.0022271350026130676,0.00985064497217536,0.0012175349984318018,0.0066199920256622136,0.006706618005409837,21.62701467500301,0.3609215982523137,2482153.0,4627.0,2592.0,10000.0,True,False
4,25,1576293999838575077,ML-DSA-87,0.0005114839877933264,0.00294228398706764,0.010205055004917085,0.0012922169989906251,0.006446350016631186,0.006489909021183848,22.029580881993752,0.32523243274753943,2482153.0,4627.0,2592.0,10000.0,True,False
4,25,11827669549126995167,ML-DSA-87,0.00038839795161038637,0.0018308329745195806,0.008371026022359729,0.001136236998718232,0.006473122979514301,0.006520085036754608,22.077107004006393,0.3329298084500594,2482153.0,4627.0,2592.0,10000.0,True,False
4,25,3331146317613472229,ML-DSA-87,0.00032276002457365394,0.0020662910537794232,0.008324228983838111,0.0011685490026138723,0.006422557053156197,0.0064686149707995355,22.04227900499245,0.3414885082755226,2482153.0,4627.0,2592.0,10000.0,True,False
4,25,16162005707283835750,ML-DSA-87,0.0001846199738793075,0.0014302279450930655,0.00634866498876363,0.0011877590441145003,0.006412611983250827,0.006458585034124553,10.702422808972187,0.3513192248727067,2482153.0,4627.0,2592.0,10000.0,True,False
4,26,1576293999838575077,ML-DSA-87,0.0003107599914073944,0.0022058499744161963,0.0072410479770042,0.0013400579919107258,0.00638358696596697,0.0064717960194684565,22.013371360022575,0.33163257270527724,2482153.0,4627.0,2592.0,10000.0,True,False
4,26,3843056717721428480,ML-DSA-87,0.00019171700114384294,0.002601928950753063,0.007571497990284115,0.001099540968425572,0.006340742984320968,0.00639211101224646,22.343169962987304,0.33737471866638613,2482153.0,4627.0,2592.0,10000.0,True,False
4,26,3331146317613472229,ML-DSA-87,0.00040955800795927644,0.0024569070083089173,0.01020829495973885,0.0010960649815388024,0.006303779024165124,0.006353800010401756,22.326452045002952,0.3210209649109755,2482153.0,4627.0,2592.0,10000.0,True,False
4,26,11827669549126995167,ML-DSA-87,0.00018829002510756254,0.0015784240094944835,0.006461402983404696,0.001114523969590664,0.006371269002556801,0.006421032012440264,22.45314326597145,0.3258177155908495,2482153.0,4627.0,2592.0,10000.0,True,False
4,26,16162005707283835750,ML-DSA-87,0.0002617610152810812,0.0013703249860554934,0.006466877995990217,0.0011401840019971132,0.00633352599106729,0.006393854971975088,10.61861071101157,0.33000950190646294,2482153.0,4627.0,2592.0,10000.0,True,False
4,27,3331146317613472229,ML-DSA-87,0.00041554198833182454,0.0025560089852660894,0.0071051790146157146,0.0010711729992181063,0.006330193020403385,0.006406131957191974,21.786113177018706,0.32322203731104826,2482153.0,4627.0,2592.0,10000.0,True,False
4,27,3843056717721428480,ML-DSA-87,0.00018781604012474418,0.001413382007740438,0.006815230008214712,0.0010856210137717426,0.006379101017955691,0.006431407004129142,21.900449466018472,0.3172565303302516,2482153.0,4627.0,2592.0,10000.0,True,False
4,27,11827669549126995167,ML-DSA-87,0.00028670899337157607,0.004416541021782905,0.009551058989018202,0.001096897991374135,0.006354473996907473,0.0063991869683377445,21.825941974006128,0.31028232579461684,2482153.0,4627.0,2592.0,10000.0,True,False
4,27,1576293999838575077,ML-DSA-87,0.00018896395340561867,0.001749971997924149,0.007143656024709344,0.0010840860195457935,0.006317372026387602,0.0063655279809609056,21.882459718035534,0.29958057770291313,2482153.0,4627.0,2592.0,10000.0,True,False
4,27,16162005707283835750,ML-DSA-87,0.0002534789964556694,0.0017013929900713265,0.006420039979275316,0.001147828996181488,0.006218272959813476,0.006260178983211517,10.815584903990384,0.3109729068365674,2482153.0,4627.0,2592.0,10000.0,True,False
4,28,1576293999838575077,ML-DSA-87,0.00039215595461428165,0.003638804017100483,0.008224634977523237,0.0010746760526672006,0.006359445978887379,0.0064366700244136155,22.195897147001233,0.3032804564572871,2482153.0,4627.0,2592.0,10000.0,True,False
4,28,3331146317613472229,ML-DSA-87,0.00027410604525357485,0.0024941920419223607,0.006697192962747067,0.0010784180485643446,0.006365841021761298,0.0064097659778781235,22.32795842300402,0.28804937439908185,2482153.0,4627.0,2592.0,10000.0,True,False
4,28,11827669549126995167,ML-DSA-87,0.0002489329781383276,0.0023928610025905073,0.006784577039070427,0.0010549720027484,0.006356155965477228,0.006401048041880131,22.32737364701461,0.2977267891739885,2482153.0,4627.0,2592.0,10000.0,True,False
4,28,3843056717721428480,ML-DSA-87,0.0004747020429931581,0.0035010490100830793,0.009348204010166228,0.0010409579845145345,0.006343496963381767,0.006386742985341698,22.256909947027452,0.28809047929240394,2482153.0,4627.0,2592.0,10000.0,True,False
4,28,16162005707283835750,ML-DSA-87,0.0001863890211097896,0.0014189649955369532,0.006348299037199467,0.0010927250259555876,0.0062876580050215125,0.006331206997856498,10.679389803030062,0.32947467841630496,2482153.0,4627.0,2592.0,10000.0,True,False
4,29,1576293999838575077,ML-DSA-87,0.0003395720268599689,0.0018304510158486664,0.007339032017625868,0.0011364469537511468,0.006582046975381672,0.0066594359814189374,21.17377849400509,0.29343896592779756,2482153.0,4627.0,2592.0,10000.0,True,False
4,29,11827669549126995167,ML-DSA-87,0.00029504101257771254,0.002410041051916778,0.008931551012210548,0.001152420009020716,0.00633331696735695,0.0063829009886831045,21.416156952967867,0.29230765087274124,2482153.0,4627.0,2592.0,10000.0,True,False
4,29,3843056717721428480,ML-DSA-87,0.0005153240053914487,0.0032748529920354486,0.009541884006466717,0.00108276994433254,0.006242012022994459,0.006283388007432222,21.498413568013348,0.29809710142550805,2482153.0,4627.0,2592.0,10000.0,True,False
4,29,3331146317613472229,ML-DSA-87,0.00025127799017354846,0.0014954580110497773,0.006444728991482407,0.0010828580125235021,0.006399767997208983,0.00645031500607729,21.721600466989912,0.29529832316021,2482153.0,4627.0,2592.0,10000.0,True,False
4,29,16162005707283835750,ML-DSA-87,0.00018766801804304123,0.0013856959994882345,0.0064356979564763606,0.001044619013555348,0.0063799479976296425,0.006422002974431962,10.756723104976118,0.3090315911511239,2482153.0,4627.0,2592.0,10000.0,True,False
4,30,3331146317613472229,ML-DSA-87,0.0002400700468569994,0.0016973019810393453,0.0077425140189006925,0.0012985880021005869,0.008266908989753574,0.008371546980924904,21.304595800989773,0.2668903702628254,2482153.0,4627.0,2592.0,10000.0,True,False
4,30,1576293999838575077,ML-DSA-87,0.0003066859790123999,0.002089145011268556,0.010863795992918313,0.0012995090219192207,0.02073283097706735,0.02079203096218407,21.383942599000875,0.2821064844650154,2482153.0,4627.0,2592.0,10000.0,True,False
4,30,3843056717721428480,ML-DSA-87,0.000193928019143641,0.0019217299995943904,0.007079035043716431,0.0016119650099426508,0.0063580190180800855,0.006407842040061951,21.624386478972156,0.27512095120702734,2482153.0,4627.0,2592.0,10000.0,True,False
4,30,11827669549126995167,ML-DSA-87,0.00018362898845225573,0.0015123509801924229,0.006644528009928763,0.0012476539704948664,0.006636594014707953,0.0067086879862472415,21.620425969013013,0.2890794992063064,2482153.0,4627.0,2592.0,10000.0,True,False
4,30,16162005707283835750,ML-DSA-87,0.0002512799692340195,0.0015411949716508389,0.006571974023245275,0.0013460689806379378,0.0066570889903232455,0.006719470024108887,10.542817471956369,0.31413653779763,2482153.0,4627.0,2592.0,10000.0,True,False
5,1,4025609740097360021,ML-DSA-87,0.0020241410238668323,0.0030998499714769423,0.010380137944594026,0.0012159959878772497,0.006521062983665615,0.006654821976553649,21.906832157983445,1.9321768089605216,2482153.0,4627.0,2592.0,10000.0,True,False
5,1,7558073453261560257,ML-DSA-87,0.002134823997039348,0.0033667610259726644,0.009595323994290084,0.001121226989198476,0.006358189973980188,0.006438187032472342,21.768983064044733,1.9395339957441384,2482153.0,4627.0,2592.0,10000.0,True,False
5,1,1257558230226681798,ML-DSA-87,0.0012571460101753473,0.001826310995966196,0.006562349968589842,0.0011987980105914176,0.006486958009190857,0.00653498899191618,21.98368018999463,1.8951878612414716,2482153.0,4627.0,2592.0,10000.0,True,False
5,1,1069160414846869167,ML-DSA-87,0.0013991259620524943,0.0021746860002167523,0.006652074051089585,0.001350345031823963,0.006394813011866063,0.006448030995670706,21.701492957014125,1.860388330377329,2482153.0,4627.0,2592.0,10000.0,True,False
5,1,6254529336041409458,ML-DSA-87,0.00019026099471375346,0.0014877470093779266,0.006504058954305947,0.0011730410042218864,0.006385935994330794,0.006433610979001969,10.6387949300115,1.8878139032723424,2482153.0,4627.0,2592.0,10000.0,True,False
5,2,1257558230226681798,ML-DSA-87,0.0002362100058235228,0.0014990709605626762,0.007440352987032384,0.0010659319814294577,0.006272540020290762,0.006361930980347097,21.430484285985585,1.6521958154611314,2482153.0,4627.0,2592.0,10000.0,True,False
5,2,1069160414846869167,ML-DSA-87,0.00029216601978987455,0.0022961730137467384,0.010307151009328663,0.001161883003078401,0.00623159296810627,0.006283037946559489,21.58748744498007,1.621007434476298,2482153.0,4627.0,2592.0,10000.0,True,False
5,2,7558073453261560257,ML-DSA-87,0.0003215530305169523,0.0022265390143729746,0.010187590960413218,0.0013487410033121705,0.0062138609937392175,0.0062747999909333885,21.561774715024512,1.6420979758801932,2482153.0,4627.0,2592.0,10000.0,True,False
5,2,4025609740097360021,ML-DSA-87,0.00018772704061120749,0.0015294370241463184,0.006376227014698088,0.0010615509818308055,0.006330164964310825,0.006379246013239026,21.82507057499606,1.640614994417745,2482153.0,4627.0,2592.0,10000.0,True,False
5,2,6254529336041409458,ML-DSA-87,0.00018915103282779455,0.0013953400193713605,0.006410764995962381,0.0010999999940395355,0.006213968968950212,0.0062579900259152055,10.500550845987163,1.6370552633517086,2482153.0,4627.0,2592.0,10000.0,True,False
5,3,1257558230226681798,ML-DSA-87,0.0003207539557479322,0.0017083670245483518,0.007623835990671068,0.001108561991713941,0.006282355985604227,0.0063683700282126665,21.604333837982267,1.4471765451918777,2482153.0,4627.0,2592.0,10000.0,True,False
5,3,7558073453261560257,ML-DSA-87,0.00032336899312213063,0.0016254749498330057,0.007461720029823482,0.0011202299501746893,0.006217357004061341,0.006267490971367806,21.79742852097843,1.4763559720005852,2482153.0,4627.0,2592.0,10000.0,True,False
5,3,1069160414846869167,ML-DSA-87,0.0002607509959489107,0.002203039010055363,0.007366673031356186,0.0011024840059690177,0.006247196986805648,0.0062955410103313625,21.709700060018804,1.4621852251668326,2482153.0,4627.0,2592.0,10000.0,True,False
5,3,4025609740097360021,ML-DSA-87,0.00024454703088849783,0.0017327769892290235,0.006496585963759571,0.0011723030474968255,0.006217512011062354,0.00626497803023085,21.889645759016275,1.4618641368497294,2482153.0,4627.0,2592.0,10000.0,True,False
5,3,6254529336041409458,ML-DSA-87,0.00019097398035228252,0.0015841969870962203,0.006422378006391227,0.00110314303310588,0.0062814970151521266,0.006329013966023922,10.563474553986453,1.442999162041722,2482153.0,4627.0,2592.0,10000.0,True,False
5,4,1257558230226681798,ML-DSA-87,0.0003791729686781764,0.0020971359917894006,0.01038501103175804,0.0011988200130872428,0.0065139030339196324,0.00659601204097271,21.32512054097606,1.331173980959688,2482153.0,4627.0,2592.0,10000.0,True,False
5,4,1069160414846869167,ML-DSA-87,0.00025699398247525096,0.0018223850056529045,0.00721010600682348,0.0010974739561788738,0.006377006007824093,0.006422339996788651,21.56840057298541,1.3302095313422597,2482153.0,4627.0,2592.0,10000.0,True,False
5,4,4025609740097360021,ML-DSA-87,0.00021093501709401608,0.0028461759793572128,0.007628387014847249,0.0011254199780523777,0.006465763028245419,0.006508076970931143,21.98970559402369,1.3216894813619864,2482153.0,4627.0,2592.0,10000.0,True,False
5,4,7558073453261560257,ML-DSA-87,0.00018962699687108397,0.0017326989909633994,0.006978272984270006,0.0011586109758354723,0.006256802997086197,0.0063018189975991845,22.21236270503141,1.350369885516243,2482153.0,4627.0,2592.0,10000.0,True,False
5,4,6254529336041409458,ML-DSA-87,0.00018747698049992323,0.001638471963815391,0.006353445001877844,0.0011452779872342944,0.006335043988656253,0.006378261954523623,10.494420900999103,1.3123198736209076,2482153.0,4627.0,2592.0,10000.0,True,False
5,5,7558073453261560257,ML-DSA-87,0.00032298604492098093,0.002380399964749813,0.010254654043819755,0.001227336993906647,0.0062454320141114295,0.0063234909903258085,21.307197178015485,1.2348127247045597,2482153.0,4627.0,2592.0,10000.0,True,False
5,5,4025609740097360021,ML-DSA-87,0.0002705439692363143,0.0016189860180020332,0.007275786017999053,0.0011317639728076756,0.006747042003553361,0.006789712992031127,21.743585508025717,1.2197397928268383,2482153.0,4627.0,2592.0,10000.0,True,False
5,5,1257558230226681798,ML-DSA-87,0.0002918450045399368,0.0022137180203571916,0.007284276012796909,0.0014634359977208078,0.006292665028013289,0.006338762992527336,21.898113845963962,1.2266208238114182,2482153.0,4627.0,2592.0,10000.0,True,False
5,5,1069160414846869167,ML-DSA-87,0.0002558850101195276,0.0015800119726918638,0.0066906389547511935,0.0010771499946713448,0.006499265960883349,0.006547542987391353,21.993033411970828,1.224701514259314,2482153.0,4627.0,2592.0,10000.0,True,False
5,5,6254529336041409458,ML-DSA-87,0.00026362197240814567,0.00140879099490121,0.006453658977989107,0.0010444149957038462,0.006260296970140189,0.006303515052422881,10.615823908010498,1.1934786972146445,2482153.0,4627.0,2592.0,10000.0,True,False
5,6,1257558230226681798,ML-DSA-87,0.0003382369759492576,0.0024917529663071036,0.00710900902049616,0.0011100840056315064,0.006298558029811829,0.006388474954292178,21.289020683034323,1.129902720641785,2482153.0,4627.0,2592.0,10000.0,True,False
5,6,4025609740097360021,ML-DSA-87,0.0002982440055347979,0.0026147799799218774,0.007307795982342213,0.00116856797831133,0.0061773540219292045,0.006224172015208751,21.255056763009634,1.1330273053326165,2482153.0,4627.0,2592.0,10000.0,True,False
5,6,1069160414846869167,ML-DSA-87,0.0002734540030360222,0.0015840479754842818,0.007080709969159216,0.001111468009185046,0.006190938991494477,0.006239289999939501,21.355812141962815,1.1234940775095845,2482153.0,4627.0,2592.0,10000.0,True,False
5,6,7558073453261560257,ML-DSA-87,0.0002106459578499198,0.0014364150119945407,0.006472590030170977,0.001112441997975111,0.006246611999813467,0.006293353973887861,21.39886924799066,1.138906103543961,2482153.0,4627.0,2592.0,10000.0,True,False
5,6,6254529336041409458,ML-DSA-87,0.00025538401678204536,0.0013410390238277614,0.0064080860465765,0.0011439590016379952,0.006426220992580056,0.006476000009570271,10.613800215010997,1.1166939626867398,2482153.0,4627.0,2592.0,10000.0,True,False
5,7,7558073453261560257,ML-DSA-87,0.00028742599533870816,0.003274507005698979,0.009973598993383348,0.0010806500213220716,0.006243091018404812,0.006325752008706331,21.203192133980338,1.0436444185412348,2482153.0,4627.0,2592.0,10000.0,True,False
5,7,1257558230226681798,ML-DSA-87,0.0003358270041644573,0.0022210919996723533,0.00917492900043726,0.0010513320448808372,0.006199583993293345,0.0062448009848594666,21.56613572401693,1.0451213481327215,2482153.0,4627.0,2592.0,10000.0,True,False
5,7,1069160414846869167,ML-DSA-87,0.00030855200020596385,0.0018214719602838159,0.006995004019699991,0.0011383449891582131,0.006237071007490158,0.006280328030698001,21.737195277004503,1.0510122729376101,2482153.0,4627.0,2592.0,10000.0,True,False
5,7,4025609740097360021,ML-DSA-87,0.0002963910228572786,0.0016227660235017538,0.006616682978346944,0.0010845439974218607,0.006777121976483613,0.006829730002209544,21.720170917978976,1.0544552412657693,2482153.0,4627.0,2592.0,10000.0,True,False
5,7,6254529336041409458,ML-DSA-87,0.00018767401343211532,0.001576891983859241,0.006477959977928549,0.0010605910210870206,0.006224465032573789,0.006270559038966894,10.483817271015141,1.031715214442902,2482153.0,4627.0,2592.0,10000.0,True,False
5,8,1069160414846869167,ML-DSA-87,0.00033121195156127214,0.0025316609535366297,0.010055491991806775,0.0011802379740402102,0.006418308999855071,0.006525575008708984,21.380167272000108,0.9727314702047708,2482153.0,4627.0,2592.0,10000.0,True,False
5,8,7558073453261560257,ML-DSA-87,0.00032103899866342545,0.002161470998544246,0.007469823001883924,0.0012201289646327496,0.006456522038206458,0.006501265976112336,21.452467089984566,0.9828226809113171,2482153.0,4627.0,2592.0,10000.0,True,False
5,8,1257558230226681798,ML-DSA-87,0.00019596097990870476,0.0017993159708566964,0.007154274033382535,0.0015336030046455562,0.006325350026600063,0.006380560982506722,21.56829711003229,0.9619571584672593,2482153.0,4627.0,2592.0,10000.0,True,False
5,8,4025609740097360021,ML-DSA-87,0.00025110499700531363,0.0015954429982230067,0.006778847018722445,0.001159781008027494,0.006465559999924153,0.006511944986414164,21.61798446998,0.9847730247738262,2482153.0,4627.0,2592.0,10000.0,True,False
5,8,6254529336041409458,ML-DSA-87,0.00024488300550729036,0.0014846569974906743,0.007484725036192685,0.001157735998276621,0.006396215001586825,0.006440309982281178,10.480767533998005,0.9573897781273046,2482153.0,4627.0,2592.0,10000.0,True,False
5,9,7558073453261560257,ML-DSA-87,0.00036179000744596124,0.002911298011895269,0.010217305971309543,0.0010890470002777874,0.00630774802993983,0.00640522496541962,21.233082390972413,0.9138257387347115,2482153.0,4627.0,2592.0,10000.0,True,False
5,9,1257558230226681798,ML-DSA-87,0.0002957149990834296,0.003164794994518161,0.009941839962266386,0.0011108100297860801,0.006190492014866322,0.0062365399789996445,21.335086731996853,0.925365789820211,2482153.0,4627.0,2592.0,10000.0,True,False
5,9,4025609740097360021,ML-DSA-87,0.00041221495484933257,0.001612940977793187,0.007296309981029481,0.0011784859816543758,0.0062270149937830865,0.0062751430086791515,21.61384227697272,0.9078298653847874,2482153.0,4627.0,2592.0,10000.0,True,False
5,9,1069160414846869167,ML-DSA-87,0.00018443597946316004,0.0014039920060895383,0.006478140014223754,0.0010837329900823534,0.006256290012970567,0.006301115034148097,21.671114594035316,0.9134856062575271,2482153.0,4627.0,2592.0,10000.0,True,False
5,9,6254529336041409458,ML-DSA-87,0.0002673689741641283,0.0014336140011437237,0.006410225993022323,0.0011239040177315474,0.006211306026671082,0.006254871026612818,10.935506412002724,0.8951092694704526,2482153.0,4627.0,2592.0,10000.0,True,False
5,10,1257558230226681798,ML-DSA-87,0.0003174259909428656,0.0035908129648305476,0.009970178012736142,0.0011000999948009849,0.00621366297127679,0.006299436965491623,21.30214917199919,0.847328210791079,2482153.0,4627.0,2592.0,10000.0,True,False
5,10,4025609740097360021,ML-DSA-87,0.00019057997269555926,0.001525508996564895,0.007047828985378146,0.0010987200075760484,0.0062245859880931675,0.006275318970438093,21.864275151048787,0.8511558056068116,2482153.0,4627.0,2592.0,10000.0,True,False
5,10,7558073453261560257,ML-DSA-87,0.00034774199593812227,0.0032848710543476045,0.010240792005788535,0.001144241017755121,0.006190949003212154,0.00623701699078083,21.817673221987206,0.8543980961409621,2482153.0,4627.0,2592.0,10000.0,True,False
5,10,1069160414846869167,ML-DSA-87,0.00019179901573807,0.0013644950231537223,0.0072220469592139125,0.0011152999941259623,0.006207085971254855,0.006256594031583518,22.232123999972828,0.8489800137452805,2482153.0,4627.0,2592.0,10000.0,True,False
5,10,6254529336041409458,ML-DSA-87,0.00025204598205164075,0.0016043480136431754,0.0063710520043969154,0.0010959620121866465,0.006490811996627599,0.0065377819701097906,10.633668853959534,0.827886097823469,2482153.0,4627.0,2592.0,10000.0,True,False
5,11,7558073453261560257,ML-DSA-87,0.0002379729994572699,0.001575394009705633,0.00715340202441439,0.001055644010193646,0.006387316039763391,0.006482753029558808,21.594083704985678,0.8190214841510541,2482153.0,4627.0,2592.0,10000.0,True,False
5,11,1069160414846869167,ML-DSA-87,0.00042181898606941104,0.0018458390259183943,0.0095567109528929,0.001111169985961169,0.006306966010015458,0.006350765994284302,21.717181328043807,0.7912999812406473,2482153.0,4627.0,2592.0,10000.0,True,False
5,11,4025609740097360021,ML-DSA-87,0.0003931809915229678,0.002375893003772944,0.0070587340160273015,0.0013507429976016283,0.006311264995019883,0.006357014994136989,21.87765127402963,0.799316194110785,2482153.0,4627.0,2592.0,10000.0,True,False
5,11,1257558230226681798,ML-DSA-87,0.00019221898401156068,0.0018756520003080368,0.006517737987451255,0.0011114479857496917,0.006247823010198772,0.00629694398958236,21.899497297999915,0.7890956791254659,2482153.0,4627.0,2592.0,10000.0,True,False
5,11,6254529336041409458,ML-DSA-87,0.00018943398026749492,0.0013705380260944366,0.006358296028338373,0.0010587129509076476,0.006186797982081771,0.006230916013009846,10.705179220996797,0.7913400921196984,2482153.0,4627.0,2592.0,10000.0,True,False
5,12,1069160414846869167,ML-DSA-87,0.0002673020353540778,0.002276409009937197,0.008609964977949858,0.0011454510386101902,0.006204029021319002,0.006290880963206291,21.463367099990137,0.7426743196031917,2482153.0,4627.0,2592.0,10000.0,True,False
5,12,4025609740097360021,ML-DSA-87,0.000332963012624532,0.0018952999962493777,0.007670398976188153,0.0011380330543033779,0.0062653839704580605,0.006313236022833735,21.597497876966372,0.7459630491063237,2482153.0,4627.0,2592.0,10000.0,True,False
5,12,1257558230226681798,ML-DSA-87,0.0003078389563597739,0.0032027059933170676,0.007395716034807265,0.0011235700221732259,0.0063008039724081755,0.006350404000841081,21.613294449984096,0.7513606053666947,2482153.0,4627.0,2592.0,10000.0,True,False
5,12,7558073453261560257,ML-DSA-87,0.0003270170418545604,0.0016362390015274286,0.006411125999875367,0.0011612900416366756,0.006243239971809089,0.006290121003985405,21.683307725994382,0.7677153466989438,2482153.0,4627.0,2592.0,10000.0,True,False
5,12,6254529336041409458,ML-DSA-87,0.00019310199422761798,0.0016337530105374753,0.006295735016465187,0.0011350110289640725,0.006320893997326493,0.00636629801010713,10.600364941987209,0.7400311045943738,2482153.0,4627.0,2592.0,10000.0,True,False
5,13,4025609740097360021,ML-DSA-87,0.0002741580246947706,0.0015708219725638628,0.007227530004456639,0.0011116319801658392,0.006306989002041519,0.006396530021447688,21.347487966006156,0.6941217170974698,2482153.0,4627.0,2592.0,10000.0,True,False
5,13,1257558230226681798,ML-DSA-87,0.0003460180014371872,0.0030638950411230326,0.009559394035022706,0.0011287600500509143,0.006237169960513711,0.006320588989183307,21.58167481701821,0.7008332214273584,2482153.0,4627.0,2592.0,10000.0,True,False
5,13,1069160414846869167,ML-DSA-87,0.0002460480318404734,0.0026667219935916364,0.007282793987542391,0.0011048120213672519,0.0062228330061770976,0.006269888952374458,21.583484452043194,0.6817593340294811,2482153.0,4627.0,2592.0,10000.0,True,False
5,13,7558073453261560257,ML-DSA-87,0.00018723099492490292,0.001513491035439074,0.006602561043109745,0.0010617939988151193,0.006333266966976225,0.006382578983902931,21.665777365036774,0.7018198932226474,2482153.0,4627.0,2592.0,10000.0,True,False
5,13,6254529336041409458,ML-DSA-87,0.0003188030095770955,0.0015139729948714375,0.006566518044564873,0.0010623490088619292,0.006331060023512691,0.006378352001775056,10.828897982020862,0.6742570635419303,2482153.0,4627.0,2592.0,10000.0,True,False
5,14,4025609740097360021,ML-DSA-87,0.00028133095474913716,0.0025321610155515373,0.00778413302032277,0.0010739429853856564,0.0063891090103425086,0.00647439097519964,21.640783226990607,0.656883137366071,2482153.0,4627.0,2592.0,10000.0,True,False
5,14,1257558230226681798,ML-DSA-87,0.0002492990461178124,0.0022458850289694965,0.0071041639894247055,0.0011231969692744315,0.006187829014379531,0.006232585001271218,21.793211115989834,0.6227341902832063,2482153.0,4627.0,2592.0,10000.0,True,False
5,14,7558073453261560257,ML-DSA-87,0.00037480704486370087,0.0021073719835840166,0.009576809010468423,0.0014007219579070807,0.006236260000150651,0.006283160008024424,21.712922897946555,0.6493777506315289,2482153.0,4627.0,2592.0,10000.0,True,False
5,14,1069160414846869167,ML-DSA-87,0.0002782010124064982,0.0014895059866830707,0.00644177698995918,0.001091105048544705,0.00633004104020074,0.006381741026416421,21.907783028960694,0.6435093153684665,2482153.0,4627.0,2592.0,10000.0,True,False
5,14,6254529336041409458,ML-DSA-87,0.0002601639716885984,0.001327965990640223,0.0064218349871225655,0.0010920980130322278,0.006278433953411877,0.0063200140139088035,10.703249932965264,0.6385184657364227,2482153.0,4627.0,2592.0,10000.0,True,False
5,15,7558073453261560257,ML-DSA-87,0.0002865369897335768,0.002232633007224649,0.010610650992020965,0.001290296029765159,0.0063221799791790545,0.006401557999197394,21.007839357014745,0.5959690345671421,2482153.0,4627.0,2592.0,10000.0,True,False
5,15,1069160414846869167,ML-DSA-87,0.00028647197177633643,0.00241274997824803,0.007163967995438725,0.0013856819714419544,0.006323631969280541,0.006374933989718556,21.257020310033113,0.611082804541047,2482153.0,4627.0,2592.0,10000.0,True,False
5,15,4025609740097360021,ML-DSA-87,0.000522591988556087,0.002620593993924558,0.009882693004328758,0.0012269330327399075,0.006313377001788467,0.006384567997884005,21.22865565295797,0.5992185838591938,2482153.0,4627.0,2592.0,10000.0,True,False
5,15,1257558230226681798,ML-DSA-87,0.0002809009747579694,0.0021298599895089865,0.006620740983635187,0.0013221229892224073,0.006982636987231672,0.007030895969364792,21.27455368702067,0.591853729142739,2482153.0,4627.0,2592.0,10000.0,True,False
5,15,6254529336041409458,ML-DSA-87,0.00018430897034704685,0.0015291630406863987,0.006554658990353346,0.0011634940165095031,0.006999967037700117,0.007054893998429179,10.619110803003423,0.6002267179921412,2482153.0,4627.0,2592.0,10000.0,True,False
5,16,1257558230226681798,ML-DSA-87,0.0003137249732390046,0.0016638180240988731,0.00968408799963072,0.0011041179532185197,0.0063533500069752336,0.006442363024689257,21.7167537920177,0.5645865332275725,2482153.0,4627.0,2592.0,10000.0,True,False
5,16,7558073453261560257,ML-DSA-87,0.00026210001669824123,0.002251235011499375,0.00794492702698335,0.0011441889801062644,0.006287247990258038,0.006336017977446318,21.71565606398508,0.5780391950434008,2482153.0,4627.0,2592.0,10000.0,True,False
5,16,1069160414846869167,ML-DSA-87,0.00026130001060664654,0.001527006970718503,0.008660301973577589,0.0010994169861078262,0.006367751047946513,0.006421983998734504,21.899560733989347,0.5760278985999263,2482153.0,4627.0,2592.0,10000.0,True,False
5,16,4025609740097360021,ML-DSA-87,0.00018631498096510768,0.00183657999150455,0.006549904006533325,0.0010905010276474059,0.006355439953040332,0.006404062965884805,22.13817252300214,0.5547900360565596,2482153.0,4627.0,2592.0,10000.0,True,False
5,16,6254529336041409458,ML-DSA-87,0.00018877402180805802,0.0013548079878091812,0.0062521949876099825,0.0014312239945866168,0.006217463000211865,0.00626458803890273,10.467490314971656,0.5642022514305176,2482153.0,4627.0,2592.0,10000.0,True,False
5,17,4025609740097360021,ML-DSA-87,0.00028499902691692114,0.0019852129626087844,0.009374434011988342,0.001139042025897652,0.006324938032776117,0.006407988956198096,21.37464714999078,0.5270404459569401,2482153.0,4627.0,2592.0,10000.0,True,False
5,17,1069160414846869167,ML-DSA-87,0.00039547099731862545,0.001989508979022503,0.010265384044032544,0.0010899779736064374,0.006263721035793424,0.006309111951850355,21.45752907800488,0.5300400218667504,2482153.0,4627.0,2592.0,10000.0,True,False
5,17,7558073453261560257,ML-DSA-87,0.00025868701050058007,0.0016830700333230197,0.0074593619792722166,0.0013405719655565917,0.0062262340215966105,0.006274132989346981,21.599397571000736,0.5499701295464564,2482153.0,4627.0,2592.0,10000.0,True,False
5,17,1257558230226681798,ML-DSA-87,0.0001851770211942494,0.0015794450300745666,0.006478608993347734,0.0010433210409246385,0.006411320006009191,0.006455186987295747,21.726324395975098,0.5417526482631223,2482153.0,4627.0,2592.0,10000.0,True,False
5,17,6254529336041409458,ML-DSA-87,0.0001835449947975576,0.001605583995115012,0.006344465946312994,0.00114300794666633,0.006316023005638272,0.0063545790035277605,10.44312956201611,0.5147841061813573,2482153.0,4627.0,2592.0,10000.0,True,False
5,18,1069160414846869167,ML-DSA-87,0.00023752398556098342,0.0016525750397704542,0.007637050992343575,0.0010654079960659146,0.0063441479578614235,0.0064282239763997495,21.44854089897126,0.4960579444615605,2482153.0,4627.0,2592.0,10000.0,True,False
5,18,1257558230226681798,ML-DSA-87,0.0003649040008895099,0.0022281609708443284,0.009311436966527253,0.0011759079643525183,0.006244281947147101,0.006291377998422831,21.479291888012085,0.5022664609820412,2482153.0,4627.0,2592.0,10000.0,True,False
5,18,4025609740097360021,ML-DSA-87,0.000188202946446836,0.002041482017375529,0.007279536046553403,0.0011044669663533568,0.006408607994671911,0.006457761046476662,21.750059948011767,0.48916490629505804,2482153.0,4627.0,2592.0,10000.0,True,False
5,18,7558073453261560257,ML-DSA-87,0.00032154296059161425,0.0018037969712167978,0.007243545027449727,0.0011306550004519522,0.006221383984666318,0.006267938006203622,21.757938786991872,0.512074709843142,2482153.0,4627.0,2592.0,10000.0,True,False
5,18,6254529336041409458,ML-DSA-87,0.00024927500635385513,0.0013213359634391963,0.006423710961826146,0.001186679000966251,0.0061841209535487,0.006230371014680713,10.639936892024707,0.49420041558793937,2482153.0,4627.0,2592.0,10000.0,True,False
5,19,7558073453261560257,ML-DSA-87,0.0003018979914486408,0.0018238709890283644,0.009829989983700216,0.0012021709699183702,0.006443789985496551,0.006543949944898486,21.4076245209435,0.48529674375233367,2482153.0,4627.0,2592.0,10000.0,True,False
5,19,4025609740097360021,ML-DSA-87,0.00026868400163948536,0.004005998955108225,0.00972618896048516,0.0010692839859984815,0.006432596012018621,0.006477784016169608,21.531853592954576,0.46806047544978296,2482153.0,4627.0,2592.0,10000.0,True,False
5,19,1257558230226681798,ML-DSA-87,0.00026785500813275576,0.0017989639891311526,0.00701342400861904,0.0011360680218786001,0.0062350480002351105,0.006274963030591607,21.716995234019123,0.48562774557275135,2482153.0,4627.0,2592.0,10000.0,True,False
5,19,1069160414846869167,ML-DSA-87,0.00019134499598294497,0.001536691968794912,0.006297822983469814,0.001041784998960793,0.00632547598797828,0.0063677020370960236,21.743215667025652,0.4778364454143154,2482153.0,4627.0,2592.0,10000.0,True,False
5,19,6254529336041409458,ML-DSA-87,0.00018310395535081625,0.0014397439663298428,0.006285255018156022,0.0011800610227510333,0.0063274920103140175,0.006369956012349576,10.624920783971902,0.4639521508861464,2482153.0,4627.0,2592.0,10000.0,True,False
5,20,1069160414846869167,ML-DSA-87,0.0006454960093833506,0.0023544530267827213,0.0071918630274012685,0.0010521119693294168,0.0062780180014669895,0.006364419008605182,21.662309605977498,0.4370716758185444,2482153.0,4627.0,2592.0,10000.0,True,False
5,20,4025609740097360021,ML-DSA-87,0.00043008499778807163,0.0041686699842102826,0.009454954997636378,0.0011166050098836422,0.006328412040602416,0.006374347023665905,21.606429307023063,0.4410927456003218,2482153.0,4627.0,2592.0,10000.0,True,False
5,20,7558073453261560257,ML-DSA-87,0.0002913799835368991,0.0016324460157193244,0.007173731981310993,0.0013460160116665065,0.006210268009454012,0.006256102991756052,21.763675144989975,0.45696979045225217,2482153.0,4627.0,2592.0,10000.0,True,False
5,20,1257558230226681798,ML-DSA-87,0.00019204994896426797,0.0014732239651493728,0.006534579035360366,0.0010639469837769866,0.006405302963685244,0.0064548670197837055,21.858888382965233,0.4457881089133291,2482153.0,4627.0,2592.0,10000.0,True,False
5,20,6254529336041409458,ML-DSA-87,0.0001852700370363891,0.0013825239730067551,0.006302487978246063,0.0010360860032960773,0.006287715979851782,0.006331429001875222,10.629567258991301,0.43339493697562725,2482153.0,4627.0,2592.0,10000.0,True,False
5,21,1069160414846869167,ML-DSA-87,0.0004547369899228215,0.002764614997431636,0.009696182038169354,0.0011903269914910197,0.0063303320202976465,0.006421634985599667,21.31747939903289,0.41507514650091387,2482153.0,4627.0,2592.0,10000.0,True,False
5,21,4025609740097360021,ML-DSA-87,0.00020644901087507606,0.0023716629948467016,0.007074263005051762,0.001182758016511798,0.0063243540353141725,0.006375014025252312,21.65157603303669,0.4164012339495765,2482153.0,4627.0,2592.0,10000.0,True,False
5,21,1257558230226681798,ML-DSA-87,0.00029334600549191236,0.002529625955503434,0.007325553044211119,0.001125673996284604,0.006194149958901107,0.006242494971957058,21.493473202979658,0.42708611748993586,2482153.0,4627.0,2592.0,10000.0,True,False
5,21,7558073453261560257,ML-DSA-87,0.00018603599164634943,0.0015725200064480305,0.006737496005371213,0.001102576032280922,0.0062417699955403805,0.006287772033829242,21.628310116997454,0.4416659905935248,2482153.0,4627.0,2592.0,10000.0,True,False
5,21,6254529336041409458,ML-DSA-87,0.00018503202591091394,0.0013177349464967847,0.006368235975969583,0.0011518920073285699,0.006321671011392027,0.0063682980253361166,10.465406586008612,0.4216718036122025,2482153.0,4627.0,2592.0,10000.0,True,False
5,22,1069160414846869167,ML-DSA-87,0.000362891994882375,0.002522304013837129,0.00990970799466595,0.0013427390367724001,0.008124535961542279,0.008237014000769705,21.273408167995512,0.4026968721240854,2482153.0,4627.0,2592.0,10000.0,True,False
5,22,7558073453261560257,ML-DSA-87,0.00030440196860581636,0.0025518370093777776,0.008193970017600805,0.0014745029620826244,0.007962064992170781,0.008020780980587006,21.360673848015722,0.41531155734790115,2482153.0,4627.0,2592.0,10000.0,True,False
5,22,4025609740097360021,ML-DSA-87,0.0002944439765997231,0.0033204799983650446,0.010408943053334951,0.0012210989953018725,0.028413704014383256,0.028473529033362865,21.341916624980513,0.38780815767558713,2482153.0,4627.0,2592.0,10000.0,True,False
5,22,1257558230226681798,ML-DSA-87,0.00021817500237375498,0.0015620089834555984,0.006538019981235266,0.001280620985198766,0.010171356960199773,0.010231989959720522,21.919828103971668,0.40795959456088826,2482153.0,4627.0,2592.0,10000.0,True,False
5,22,6254529336041409458,ML-DSA-87,0.0001827480155043304,0.0014641599846072495,0.006401611026376486,0.0012499819858931005,0.007735293009318411,0.007794198987539858,10.540100779035129,0.3810436966034551,2482153.0,4627.0,2592.0,10000.0,True,False
5,23,4025609740097360021,ML-DSA-87,0.0003953360137529671,0.002826595969963819,0.011309358000289649,0.001086244999896735,0.006358733982779086,0.00644540402572602,21.754455359012354,0.36981157901080935,2482153.0,4627.0,2592.0,10000.0,True,False
5,23,7558073453261560257,ML-DSA-87,0.00024199800100177526,0.002485774050001055,0.007147361000534147,0.0011280289618298411,0.006218909984454513,0.00626199902035296,21.850165134004783,0.3859820722516019,2482153.0,4627.0,2592.0,10000.0,True,False
5,23,1257558230226681798,ML-DSA-87,0.0004121860256418586,0.002688690961804241,0.009402187017258257,0.0013204340357333422,0.00622864201432094,0.006273828039411455,21.837858309969306,0.38005737540797113,2482153.0,4627.0,2592.0,10000.0,True,False
5,23,1069160414846869167,ML-DSA-87,0.00025307200849056244,0.0014508869498968124,0.006536058033816516,0.0011244459892623127,0.006225254968740046,0.006274951039813459,21.984833437018096,0.4046006268336655,2482153.0,4627.0,2592.0,10000.0,True,False
5,23,6254529336041409458,ML-DSA-87,0.00018452800577506423,0.0013695589732378721,0.006357295031193644,0.0011806709808297455,0.006371358991600573,0.0064270670409314334,10.601373156008776,0.3725283770098949,2482153.0,4627.0,2592.0,10000.0,True,False
5,24,1257558230226681798,ML-DSA-87,0.0004652340430766344,0.0033139620209112763,0.007517739024478942,0.0011618949938565493,0.006259343004785478,0.006348544964566827,21.87795647996245,0.35602611988431776,2482153.0,4627.0,2592.0,10000.0,True,False
5,24,1069160414846869167,ML-DSA-87,0.0002756260219030082,0.0020995120285078883,0.00755918794311583,0.001092001039069146,0.006343251036014408,0.00639152800431475,21.970882699999493,0.34184200724009606,2482153.0,4627.0,2592.0,10000.0,True,False
5,24,7558073453261560257,ML-DSA-87,0.0003239510115236044,0.0024391940096393228,0.007337367977015674,0.001082096016034484,0.006311225995887071,0.006361384002957493,22.082811027008574,0.390009815862682,2482153.0,4627.0,2592.0,10000.0,True,False
5,24,4025609740097360021,ML-DSA-87,0.0002694950089789927,0.0014777699834667146,0.006485275982413441,0.0011597970151342452,0.0063149299821816385,0.006362618994899094,22.26407294801902,0.3580918990629026,2482153.0,4627.0,2592.0,10000.0,True,False
5,24,6254529336041409458,ML-DSA-87,0.00018639402696862817,0.0013704990269616246,0.0063174060196615756,0.001091189042199403,0.006360523984767497,0.006408899032976478,10.618571922997944,0.3636973765068732,2482153.0,4627.0,2592.0,10000.0,True,False
5,25,1069160414846869167,ML-DSA-87,0.0002486360026523471,0.002973211056087166,0.008094568038359284,0.0010745589970611036,0.006326917966362089,0.006416088028345257,21.717479083978105,0.3446157163800523,2482153.0,4627.0,2592.0,10000.0,True,False
5,25,1257558230226681798,ML-DSA-87,0.00034533196594566107,0.0021415899973362684,0.010156715987250209,0.0011219820007681847,0.006232512998394668,0.006281574023887515,21.98402694700053,0.3446229358126347,2482153.0,4627.0,2592.0,10000.0,True,False
5,25,4025609740097360021,ML-DSA-87,0.0004767929785884917,0.001876269991043955,0.009768088988494128,0.00106823502574116,0.006199422001373023,0.00627223402261734,22.091703442041762,0.3416852355137253,2482153.0,4627.0,2592.0,10000.0,True,False
5,25,7558073453261560257,ML-DSA-87,0.0002505659940652549,0.0015765739954076707,0.006546624994371086,0.001054817985277623,0.006250267033465207,0.00629802601179108,22.212542711000424,0.359231684553309,2482153.0,4627.0,2592.0,10000.0,True,False
5,25,6254529336041409458,ML-DSA-87,0.00018564698984846473,0.0013855110155418515,0.006357920006848872,0.0010861780028790236,0.006303967034909874,0.006349882984068245,10.845582518028095,0.34109430477921715,2482153.0,4627.0,2592.0,10000.0,True,False
5,26,1069160414846869167,ML-DSA-87,0.00024372898042201996,0.0019830380333587527,0.007358564005699009,0.0010997859644703567,0.0063073739875108,0.006399584002792835,21.53963174094679,0.3317270546812362,2482153.0,4627.0,2592.0,10000.0,True,False
5,26,4025609740097360021,ML-DSA-87,0.00034467398654669523,0.001987013965845108,0.007636886963155121,0.0010939979692921042,0.0062193069607019424,0.006264899973757565,21.752329698007088,0.3250494585149347,2482153.0,4627.0,2592.0,10000.0,True,False
5,26,7558073453261560257,ML-DSA-87,0.00036451901542022824,0.0017532340134494007,0.008623876958154142,0.001382374030072242,0.0062041449709795415,0.006252110004425049,21.882099843991455,0.33948904442074246,2482153.0,4627.0,2592.0,10000.0,True,False
5,26,1257558230226681798,ML-DSA-87,0.00026445899857208133,0.0015133359702304006,0.006401986989658326,0.0010605910210870206,0.006395406962838024,0.006440539029426873,21.94437833497068,0.33854146024432424,2482153.0,4627.0,2592.0,10000.0,True,False
5,26,6254529336041409458,ML-DSA-87,0.00018792098853737116,0.0015543579938821495,0.006401730002835393,0.0010852580307982862,0.006426609004847705,0.0064680909854359925,10.83108347596135,0.32149489661648917,2482153.0,4627.0,2592.0,10000.0,True,False
5,27,4025609740097360021,ML-DSA-87,0.00033132900716736913,0.0027421360136941075,0.010441960010211915,0.0010812199907377362,0.006316537037491798,0.006404391024261713,21.652327749994583,0.3189301567491346,2482153.0,4627.0,2592.0,10000.0,True,False
5,27,1257558230226681798,ML-DSA-87,0.0002980880090035498,0.003364417003467679,0.007760818989481777,0.0011379030183888972,0.006211641011759639,0.006259792950004339,21.703859083994757,0.3403977923535596,2482153.0,4627.0,2592.0,10000.0,True,False
5,27,1069160414846869167,ML-DSA-87,0.0001888530096039176,0.0015028489870019257,0.006373454991262406,0.0012066499912180007,0.006337941973470151,0.0063853649771772325,21.71364397299476,0.3057176588852994,2482153.0,4627.0,2592.0,10000.0,True,False
5,27,7558073453261560257,ML-DSA-87,0.0002809460274875164,0.0017735569854266942,0.007267709996085614,0.0011139599955640733,0.006163257989101112,0.006211302999872714,21.784032594994642,0.3276406826731115,2482153.0,4627.0,2592.0,10000.0,True,False
5,27,6254529336041409458,ML-DSA-87,0.00024824996944516897,0.0014000509981997311,0.006325675989501178,0.0011031340109184384,0.006309635005891323,0.0063560690032318234,10.767835142964032,0.30827444065630005,2482153.0,4627.0,2592.0,10000.0,True,False
5,28,1069160414846869167,ML-DSA-87,0.00023722602054476738,0.0019156690104864538,0.007118247973266989,0.0010524090030230582,0.006307301053311676,0.00639033003244549,21.26841435697861,0.3260063327500781,2482153.0,4627.0,2592.0,10000.0,True,False
5,28,4025609740097360021,ML-DSA-87,0.0005905699799768627,0.0031810280052013695,0.008657042984850705,0.00110807700548321,0.006373650045134127,0.006425403000321239,21.284011456998996,0.2968042934753786,2482153.0,4627.0,2592.0,10000.0,True,False
5,28,1257558230226681798,ML-DSA-87,0.0003928680089302361,0.002352221985347569,0.00783834100002423,0.0010647730086930096,0.006269945006351918,0.006315651990007609,21.321902025025338,0.30890795839474366,2482153.0,4627.0,2592.0,10000.0,True,False
5,28,7558073453261560257,ML-DSA-87,0.00018653000006452203,0.0014224350452423096,0.0063506129663437605,0.0011038859956897795,0.006288614997174591,0.0063376500038430095,21.36997545999475,0.322119727398986,2482153.0,4627.0,2592.0,10000.0,True,False
5,28,6254529336041409458,ML-DSA-87,0.00025527901016175747,0.001331065024714917,0.006423750019166619,0.00111445999937132,0.006266198004595935,0.006310182041488588,10.678477670007851,0.306832292811951,2482153.0,4627.0,2592.0,10000.0,True,False
5,29,7558073453261560257,ML-DSA-87,0.0003410609788261354,0.003237085009459406,0.007376897963695228,0.0010931789875030518,0.006201584008522332,0.006287687981966883,21.413283092027996,0.304015745904249,2482153.0,4627.0,2592.0,10000.0,True,False
5,29,1069160414846869167,ML-DSA-87,0.0001849830150604248,0.002294562989845872,0.009075998037587851,0.0011325799860060215,0.0065290729980915785,0.006574807979632169,21.741006041003857,0.3056955434271869,2482153.0,4627.0,2592.0,10000.0,True,False
5,29,1257558230226681798,ML-DSA-87,0.00025154900504276156,0.001726579968817532,0.0065885049989447,0.0014023669646121562,0.0062631829641759396,0.0063110810006037354,21.9938530579675,0.28221862596242475,2482153.0,4627.0,2592.0,10000.0,True,False
5,29,4025609740097360021,ML-DSA-87,0.0002730110427364707,0.0025416819844394922,0.006846325006335974,0.0010870800470001996,0.006262593029532582,0.006316327024251223,21.999107249022927,0.28462884256306786,2482153.0,4627.0,2592.0,10000.0,True,False
5,29,6254529336041409458,ML-DSA-87,0.00018748902948573232,0.0013541440130211413,0.006582111993338913,0.0010582070099189878,0.006302629946731031,0.0063448959845118225,10.691694706969429,0.30450686477660277,2482153.0,4627.0,2592.0,10000.0,True,False
5,30,4025609740097360021,ML-DSA-87,0.0002436250215396285,0.002200295974034816,0.008252567029558122,0.0010753229726105928,0.006306569965090603,0.006386859051417559,21.920372241002042,0.2684426116400038,2482153.0,4627.0,2592.0,10000.0,True,False
5,30,7558073453261560257,ML-DSA-87,0.0004248309996910393,0.002362756000366062,0.009196330036502331,0.0010796139831654727,0.006277656997554004,0.006324591988231987,22.08522995596286,0.3027764280920271,2482153.0,4627.0,2592.0,10000.0,True,False
5,30,1069160414846869167,ML-DSA-87,0.00035308796213939786,0.001728515955619514,0.008880109002348036,0.0010483479709364474,0.006257550034206361,0.006300184002611786,22.18408332602121,0.2812388810156562,2482153.0,4627.0,2592.0,10000.0,True,False
5,30,1257558230226681798,ML-DSA-87,0.0005269080284051597,0.00218090700218454,0.009226926020346582,0.0010163949918933213,0.006407384993508458,0.00645223498577252,22.182111155998427,0.27978683054036557,2482153.0,4627.0,2592.0,10000.0,True,False
5,30,6254529336041409458,ML-DSA-87,0.0001999849919229746,0.0013536500046029687,0.0065403899643570185,0.0013156909844838083,0.0064501159940846264,0.006496847025118768,10.67349173000548,0.27747151977754536,2482153.0,4627.0,2592.0,10000.0,True,False
6,1,17749882268688486462,ML-DSA-87,0.0010507230181246996,0.001972300000488758,0.009378156973980367,0.0011739830952137709,0.006354926968924701,0.006484379060566425,21.49164770403877,1.9505159721587793,2482153.0,4627.0,2592.0,10000.0,True,False
6,1,6638281402750102297,ML-DSA-87,0.0013207959709689021,0.0020467559807002544,0.007559821009635925,0.0012720159720629454,0.006386130000464618,0.006471812026575208,21.981864454923198,1.9135688250057232,2482153.0,4627.0,2592.0,10000.0,True,False
6,1,10193631392210491544,ML-DSA-87,0.0012237780028954148,0.002061706967651844,0.007946984958834946,0.0011394490720704198,0.00633812602609396,0.006389398011378944,21.79454151901882,1.8514891192555047,2482153.0,4627.0,2592.0,10000.0,True,False
6,1,1847884948561693069,ML-DSA-87,0.0010141490492969751,0.0017978920368477702,0.0067124380730092525,0.0011966630117967725,0.006320433923974633,0.006373674958012998,21.857940162997693,1.901278124449733,2482153.0,4627.0,2592.0,10000.0,True,False
6,1,9189623058993482522,ML-DSA-87,0.00024097692221403122,0.0014618359273299575,0.006392691051587462,0.0013949500862509012,0.006678391946479678,0.006736833951435983,10.589409980922937,1.9026744803681541,2482153.0,4627.0,2592.0,10000.0,True,False
6,2,10193631392210491544,ML-DSA-87,0.00030474900268018246,0.003294834983535111,0.008355709025636315,0.0010914019076153636,0.006252050981856883,0.006344762980006635,21.345352759002708,1.6497448050556853,2482153.0,4627.0,2592.0,10000.0,True,False
6,2,17749882268688486462,ML-DSA-87,0.00032033503521233797,0.002368030953221023,0.009661840973421931,0.0011689580278471112,0.006222091033123434,0.006277446984313428,21.49793936405331,1.6323403318088276,2482153.0,4627.0,2592.0,10000.0,True,False
6,2,1847884948561693069,ML-DSA-87,0.00019405304919928312,0.001982137095183134,0.007623923942446709,0.00108453503344208,0.0062004170613363385,0.006261020083911717,21.593983306898735,1.6323158024979856,2482153.0,4627.0,2592.0,10000.0,True,False
6,2,6638281402750102297,ML-DSA-87,0.00021087098866701126,0.0019341439474374056,0.006460858974605799,0.001104437978938222,0.006277267006225884,0.006326769944280386,21.98203051299788,1.6445094057546257,2482153.0,4627.0,2592.0,10000.0,True,False
6,2,9189623058993482522,ML-DSA-87,0.00018952402751892805,0.0016679109539836645,0.006358313956297934,0.001248867018148303,0.00640594307333231,0.006456578033976257,10.506326222908683,1.6143176753680928,2482153.0,4627.0,2592.0,10000.0,True,False
6,3,6638281402750102297,ML-DSA-87,0.0003888299688696861,0.001669042045250535,0.010045852046459913,0.0011908910237252712,0.006468793959356844,0.00655972701497376,21.267101960955188,1.4895410429174527,2482153.0,4627.0,2592.0,10000.0,True,False
6,3,17749882268688486462,ML-DSA-87,0.0002883200068026781,0.0019506800454109907,0.00728273403365165,0.0011092729400843382,0.006245761062018573,0.006296165054664016,21.43637052399572,1.4481431470511439,2482153.0,4627.0,2592.0,10000.0,True,False
6,3,1847884948561693069,ML-DSA-87,0.00022380694281309843,0.002218877081759274,0.0073552499525249004,0.0011040819808840752,0.0063013320323079824,0.006348084076307714,21.640293499920517,1.458303297099214,2482153.0,4627.0,2592.0,10000.0,True,False
6,3,10193631392210491544,ML-DSA-87,0.00025053403805941343,0.0014750970294699073,0.006728400010615587,0.0011252990225329995,0.0061946919886395335,0.0062437839806079865,21.72753190190997,1.463684185244405,2482153.0,4627.0,2592.0,10000.0,True,False
6,3,9189623058993482522,ML-DSA-87,0.00019115698523819447,0.0013295250246301293,0.00659665500279516,0.0013828540686517954,0.006405957974493504,0.006451879977248609,10.606348221073858,1.4686978019464512,2482153.0,4627.0,2592.0,10000.0,True,False
6,4,10193631392210491544,ML-DSA-87,0.0002511769998818636,0.0018952679820358753,0.007353070075623691,0.001114599988795817,0.006221039104275405,0.006305085960775614,21.973335734102875,1.317293707174234,2482153.0,4627.0,2592.0,10000.0,True,False
6,4,1847884948561693069,ML-DSA-87,0.00033682503271847963,0.001639692927710712,0.008023408008739352,0.0010836479486897588,0.0062023469945415854,0.006251232931390405,21.98805538099259,1.3195963583815211,2482153.0,4627.0,2592.0,10000.0,True,False
6,4,17749882268688486462,ML-DSA-87,0.00048096792306751013,0.002601100946776569,0.009716884000226855,0.0010938489576801658,0.006279736990109086,0.0063257350120693445,22.051978077972308,1.322442143869857,2482153.0,4627.0,2592.0,10000.0,True,False
6,4,6638281402750102297,ML-DSA-87,0.00019022799097001553,0.0015426869504153728,0.006389493006281555,0.0010637859813869,0.006294095888733864,0.006344360997900367,22.09730889298953,1.3322908227055217,2482153.0,4627.0,2592.0,10000.0,True,False
6,4,9189623058993482522,ML-DSA-87,0.00018967699725180864,0.0013708979822695255,0.0064582619816064835,0.0010970830917358398,0.006221072981134057,0.0062690459890291095,10.552260158932768,1.32936990375336,2482153.0,4627.0,2592.0,10000.0,True,False
6,5,6638281402750102297,ML-DSA-87,0.0005205640336498618,0.002599121071398258,0.00962050398811698,0.001105728093534708,0.006317598046734929,0.006405411055311561,22.034056033939123,1.225287367931951,2482153.0,4627.0,2592.0,10000.0,True,False
6,5,10193631392210491544,ML-DSA-87,0.00025252695195376873,0.0031726519810035825,0.007702133967541158,0.00108299998100847,0.006251530023291707,0.006298020016402006,22.087030168040656,1.1999306962512934,2482153.0,4627.0,2592.0,10000.0,True,False
6,5,1847884948561693069,ML-DSA-87,0.00027728499844670296,0.0022480819607153535,0.007875378942117095,0.0015529689844697714,0.006298064952716231,0.006355716963298619,22.097131788963452,1.2017503910171339,2482153.0,4627.0,2592.0,10000.0,True,False
6,5,17749882268688486462,ML-DSA-87,0.00019063404761254787,0.0016486489912495017,0.006766938022337854,0.0012045500334352255,0.006214032997377217,0.006270078010857105,22.205225738929585,1.2123611289472245,2482153.0,4627.0,2592.0,10000.0,True,False
6,5,9189623058993482522,ML-DSA-87,0.0002099219709634781,0.0014295099535956979,0.006411476992070675,0.0010664350120350718,0.0062359749572351575,0.006279921042732894,10.67298513406422,1.2076771404034794,2482153.0,4627.0,2592.0,10000.0,True,False
6,6,6638281402750102297,ML-DSA-87,0.0004149259766563773,0.0024845170555636287,0.010875666048377752,0.0011065870057791471,0.006214812980033457,0.006300796056166291,21.967048772028647,1.1198665257840872,2482153.0,4627.0,2592.0,10000.0,True,False
6,6,17749882268688486462,ML-DSA-87,0.0003468140494078398,0.001620355062186718,0.007205620990134776,0.0010854399297386408,0.006263613002374768,0.006321810069493949,22.029522611992434,1.1090247257829855,2482153.0,4627.0,2592.0,10000.0,True,False
6,6,10193631392210491544,ML-DSA-87,0.00019388191867619753,0.0015675720060244203,0.007062113960273564,0.0011125040473416448,0.006214855005964637,0.006262209033593535,22.270710165030323,1.0978467706293344,2482153.0,4627.0,2592.0,10000.0,True,False
6,6,1847884948561693069,ML-DSA-87,0.00019348296336829662,0.0018686180701479316,0.006511557963676751,0.0011055279755964875,0.006327599985525012,0.006374532007612288,22.44185748498421,1.1156434491038703,2482153.0,4627.0,2592.0,10000.0,True,False
6,6,9189623058993482522,ML-DSA-87,0.0002475390210747719,0.0013820580206811428,0.0064848699839785695,0.0010876440210267901,0.006203257013112307,0.0062503269873559475,10.53733117703814,1.114026882111455,2482153.0,4627.0,2592.0,10000.0,True,False
6,7,6638281402750102297,ML-DSA-87,0.0003582950448617339,0.002579175983555615,0.010382045991718769,0.0010749660432338715,0.0063383730594068766,0.006421636091545224,21.7990650649881,1.0360733587711384,2482153.0,4627.0,2592.0,10000.0,True,False
6,7,10193631392210491544,ML-DSA-87,0.0008199550211429596,0.0035081260139122605,0.011025284067727625,0.001127396011725068,0.006213495973497629,0.006263371091336012,21.88589979207609,1.023616440951253,2482153.0,4627.0,2592.0,10000.0,True,False
6,7,17749882268688486462,ML-DSA-87,0.00025000504683703184,0.0015801760600879788,0.00678952899761498,0.0010694150114431977,0.006262723007239401,0.006308351061306894,22.126924811978824,1.0417469756100506,2482153.0,4627.0,2592.0,10000.0,True,False
6,7,1847884948561693069,ML-DSA-87,0.00036870408803224564,0.0016456779558211565,0.007248989073559642,0.0012090870877727866,0.006273539969697595,0.006325618945993483,22.021543028065935,1.0410061505275032,2482153.0,4627.0,2592.0,10000.0,True,False
6,7,9189623058993482522,ML-DSA-87,0.00018383399583399296,0.0014349810080602765,0.006483123986981809,0.0011529530165717006,0.006208289065398276,0.006263025104999542,10.642148083075881,1.0336012346104693,2482153.0,4627.0,2592.0,10000.0,True,False
6,8,10193631392210491544,ML-DSA-87,0.00045844505075365305,0.0027524459874257445,0.009763362002559006,0.0010314760729670525,0.006309646996669471,0.006394052994437516,21.280583297950216,0.953546412455769,2482153.0,4627.0,2592.0,10000.0,True,False
6,8,6638281402750102297,ML-DSA-87,0.00045647891238331795,0.0015912558883428574,0.00752052606549114,0.0010689260670915246,0.0061659300699830055,0.0062139659421518445,21.747291765990667,0.9673913570638663,2482153.0,4627.0,2592.0,10000.0,True,False
6,8,1847884948561693069,ML-DSA-87,0.0003624079981818795,0.0021071009105071425,0.006952976924367249,0.0011183411115780473,0.006219809991307557,0.006265945034101605,21.82029863295611,0.9600848682200946,2482153.0,4627.0,2592.0,10000.0,True,False
6,8,17749882268688486462,ML-DSA-87,0.0001952389720827341,0.0014673919649794698,0.006780083058401942,0.0011029660236090422,0.006186005077324808,0.0062336750561371446,21.824528755969368,0.9740657841626067,2482153.0,4627.0,2592.0,10000.0,True,False
6,8,9189623058993482522,ML-DSA-87,0.0001858660252764821,0.0013236069353297353,0.00656422006431967,0.00119143002666533,0.006299771019257605,0.00634205702226609,10.773222086019814,0.9620918341147633,2482153.0,4627.0,2592.0,10000.0,True,False
6,9,6638281402750102297,ML-DSA-87,0.000463373027741909,0.0028290150221437216,0.010587565950118005,0.0014076960505917668,0.007888238062150776,0.008016148931346834,22.210891719907522,0.8987946626477348,2482153.0,4627.0,2592.0,10000.0,True,False
6,9,10193631392210491544,ML-DSA-87,0.00032689503859728575,0.0021032789954915643,0.01012235099915415,0.0014793530572205782,0.007284730090759695,0.0073486099718138576,22.19500209891703,0.8980936968859773,2482153.0,4627.0,2592.0,10000.0,True,False
6,9,1847884948561693069,ML-DSA-87,0.00019769498612731695,0.0017078809905797243,0.0064407369354739785,0.001357109984382987,0.008357699029147625,0.00842096598353237,22.477256868965924,0.8928707535274494,2482153.0,4627.0,2592.0,10000.0,True,False
6,9,17749882268688486462,ML-DSA-87,0.0003151149721816182,0.001691519981250167,0.009183097048662603,0.0012222019722685218,0.006444795057177544,0.006492736982181668,22.432307432056405,0.9026541043870365,2482153.0,4627.0,2592.0,10000.0,True,False
6,9,9189623058993482522,ML-DSA-87,0.0002475620713084936,0.0013502060901373625,0.00642007403075695,0.0013492139987647533,0.006482718046754599,0.006531615043058991,10.596829442074522,0.9085699972538902,2482153.0,4627.0,2592.0,10000.0,True,False
6,10,10193631392210491544,ML-DSA-87,0.0003059710143133998,0.0024221629137173295,0.008811861043795943,0.0010599460219964385,0.0062499899649992585,0.006332563003525138,21.531039222027175,0.8211700384990095,2482153.0,4627.0,2592.0,10000.0,True,False
6,10,6638281402750102297,ML-DSA-87,0.00027528300415724516,0.001731022959575057,0.009506539907306433,0.0013008570531383157,0.006245472002774477,0.006290597026236355,21.656554455985315,0.8393835198288908,2482153.0,4627.0,2592.0,10000.0,True,False
6,10,17749882268688486462,ML-DSA-87,0.00022604898549616337,0.00184043706394732,0.007607584004290402,0.0010674800723791122,0.006226800964213908,0.0062712449580430984,21.846267436048947,0.8475616747578874,2482153.0,4627.0,2592.0,10000.0,True,False
6,10,1847884948561693069,ML-DSA-87,0.0001855120062828064,0.0015381320845335722,0.006342991953715682,0.0013002300402149558,0.006369442096911371,0.006416074000298977,22.012581145041622,0.8388071256323745,2482153.0,4627.0,2592.0,10000.0,True,False
6,10,9189623058993482522,ML-DSA-87,0.00025137397460639477,0.001401012996211648,0.006296392064541578,0.0010732070077210665,0.006205047946423292,0.006250011036172509,10.731842878973112,0.8454230138764214,2482153.0,4627.0,2592.0,10000.0,True,False
6,11,17749882268688486462,ML-DSA-87,0.00043941696640104055,0.0030152900144457817,0.0076158009469509125,0.0010739279678091407,0.006311977980658412,0.006396746961399913,21.745389399002306,0.7961732507132875,2482153.0,4627.0,2592.0,10000.0,True,False
6,11,10193631392210491544,ML-DSA-87,0.00030623108614236116,0.0017792159924283624,0.010396718978881836,0.0010631029726937413,0.006298345979303122,0.006345783942379057,21.990712737082504,0.7773392359479167,2482153.0,4627.0,2592.0,10000.0,True,False
6,11,6638281402750102297,ML-DSA-87,0.00031567306723445654,0.0017954669892787933,0.0104911649832502,0.0011073449859395623,0.006505887024104595,0.006554555031470954,22.08002516499255,0.7912478655481491,2482153.0,4627.0,2592.0,10000.0,True,False
6,11,1847884948561693069,ML-DSA-87,0.00018710701260715723,0.0015232590958476067,0.0064589729299768806,0.0010812849504873157,0.00627348106354475,0.0063213210087269545,22.2639382109046,0.7726917364441168,2482153.0,4627.0,2592.0,10000.0,True,False
6,11,9189623058993482522,ML-DSA-87,0.00018564390484243631,0.001634284039027989,0.00633297604508698,0.0011191930389031768,0.006239491980522871,0.006294475053437054,10.838724019005895,0.7876501520649313,2482153.0,4627.0,2592.0,10000.0,True,False
6,12,17749882268688486462,ML-DSA-87,0.00023389991838485003,0.001877133036032319,0.007193384924903512,0.0010957870399579406,0.006350130075588822,0.006435124087147415,21.906559898983687,0.766320076137305,2482153.0,4627.0,2592.0,10000.0,True,False
6,12,10193631392210491544,ML-DSA-87,0.0004836439620703459,0.0019245999865233898,0.009600906982086599,0.001094684936106205,0.006209559040144086,0.006254159961827099,22.063295703032054,0.7312725992343677,2482153.0,4627.0,2592.0,10000.0,True,False
6,12,1847884948561693069,ML-DSA-87,0.0003101379843428731,0.0018098009750247002,0.007253237999975681,0.0013245460577309132,0.006191574037075043,0.006237309076823294,22.09874171798583,0.7307972528587896,2482153.0,4627.0,2592.0,10000.0,True,False
6,12,6638281402750102297,ML-DSA-87,0.00019156397320330143,0.001453037024475634,0.006381745915859938,0.001054974040016532,0.006198769900947809,0.006246670032851398,22.234640682931058,0.729719548036877,2482153.0,4627.0,2592.0,10000.0,True,False
6,12,9189623058993482522,ML-DSA-87,0.00025294895749539137,0.0013383839977905154,0.00639752799179405,0.0010465439409017563,0.006195660913363099,0.006236789049580693,10.705656190984882,0.7328889854609395,2482153.0,4627.0,2592.0,10000.0,True,False
6,13,1847884948561693069,ML-DSA-87,0.0003738229861482978,0.0025867990916594863,0.010273406049236655,0.001121371053159237,0.006268610944971442,0.006357877049595118,21.812847911030985,0.6759734636964128,2482153.0,4627.0,2592.0,10000.0,True,False
6,13,10193631392210491544,ML-DSA-87,0.00030527799390256405,0.0017255110433325171,0.007310306071303785,0.0010388459777459502,0.0063832750311121345,0.006425334024243057,21.89090497791767,0.690268294427532,2482153.0,4627.0,2592.0,10000.0,True,False
6,13,17749882268688486462,ML-DSA-87,0.00019979604985564947,0.001467823050916195,0.006352149066515267,0.0011057009687647223,0.006234213011339307,0.0062830098904669285,22.12105103803333,0.6892199970948429,2482153.0,4627.0,2592.0,10000.0,True,False
6,13,6638281402750102297,ML-DSA-87,0.0003071280661970377,0.002050482900813222,0.0099478370975703,0.0010780870215967298,0.006252621067687869,0.00629586901050061,22.1220463529462,0.6937485637660986,2482153.0,4627.0,2592.0,10000.0,True,False
6,13,9189623058993482522,ML-DSA-87,0.0001861719647422433,0.001376657048240304,0.006359596038237214,0.0010925129754468799,0.0063007150311023,0.006348344963043928,10.629467866034247,0.691520303987657,2482153.0,4627.0,2592.0,10000.0,True,False
6,14,6638281402750102297,ML-DSA-87,0.0005572279915213585,0.002576041966676712,0.01013270509429276,0.0010752819944173098,0.0062474519945681095,0.006333019002340734,22.095043312059715,0.6542072856721406,2482153.0,4627.0,2592.0,10000.0,True,False
6,14,10193631392210491544,ML-DSA-87,0.00018920504953712225,0.001837625983171165,0.0072788880206644535,0.0012094340054318309,0.0062129650032147765,0.006264216033741832,22.18110516597517,0.6262572506032051,2482153.0,4627.0,2592.0,10000.0,True,False
6,14,1847884948561693069,ML-DSA-87,0.0004318120190873742,0.00259712606202811,0.00876274798065424,0.0011212410172447562,0.006222854019142687,0.0062716660322621465,22.162267280044034,0.6371393058056267,2482153.0,4627.0,2592.0,10000.0,True,False
6,14,17749882268688486462,ML-DSA-87,0.00020180398132652044,0.0015022149309515953,0.006375039927661419,0.001211673952639103,0.00643686403054744,0.006481987074948847,22.137821607058868,0.6619441781561977,2482153.0,4627.0,2592.0,10000.0,True,False
6,14,9189623058993482522,ML-DSA-87,0.00018418102990835905,0.0013326230691745877,0.0063062680419534445,0.0010715520475059748,0.006195080000907183,0.006241639028303325,10.67548248206731,0.6401027137526689,2482153.0,4627.0,2592.0,10000.0,True,False
6,15,6638281402750102297,ML-DSA-87,0.000321720028296113,0.002848191070370376,0.010475212009623647,0.0012956230202689767,0.006724245031364262,0.006814940017648041,21.563752199988812,0.6091214427218651,2482153.0,4627.0,2592.0,10000.0,True,False
6,15,1847884948561693069,ML-DSA-87,0.0002896019723266363,0.0021891359938308597,0.008962849038653076,0.001163149019703269,0.007054920075461268,0.007109285099431872,21.518339426023886,0.5915998463004161,2482153.0,4627.0,2592.0,10000.0,True,False
6,15,10193631392210491544,ML-DSA-87,0.00042822305113077164,0.002794443047605455,0.007867489010095596,0.0012141679180786014,0.007145081995986402,0.007202400011010468,21.57026721094735,0.5942092094177636,2482153.0,4627.0,2592.0,10000.0,True,False
6,15,17749882268688486462,ML-DSA-87,0.00024655298329889774,0.0016619069501757622,0.006659963051788509,0.0011583490995690227,0.006480763899162412,0.006528581026941538,22.095029440009966,0.5873644700922525,2482153.0,4627.0,2592.0,10000.0,True,False
6,15,9189623058993482522,ML-DSA-87,0.00025445397477597,0.0013907530810683966,0.006734543014317751,0.0012808690080419183,0.006327128037810326,0.006371979019604623,10.877671579946764,0.593213706423109,2482153.0,4627.0,2592.0,10000.0,True,False
6,16,10193631392210491544,ML-DSA-87,0.00026093306951224804,0.002236358937807381,0.009741695947013795,0.0015480290167033672,0.008204179001040757,0.008318795007653534,21.841314991004765,0.5486988815398642,2482153.0,4627.0,2592.0,10000.0,True,False
6,16,6638281402750102297,ML-DSA-87,0.00023550493642687798,0.0020823730155825615,0.007357330992817879,0.0014051010366529226,0.009138381923548877,0.009208625997416675,21.933637112029828,0.5728726492117578,2482153.0,4627.0,2592.0,10000.0,True,False
6,16,17749882268688486462,ML-DSA-87,0.000242684967815876,0.0018592090345919132,0.007032408961094916,0.0013052410213276744,0.008518842980265617,0.008585714967921376,22.222419501980767,0.5748235498087856,2482153.0,4627.0,2592.0,10000.0,True,False
6,16,1847884948561693069,ML-DSA-87,0.00026388897094875574,0.0015479580033570528,0.006661680992692709,0.0012891279766336083,0.006375771947205067,0.0064310249872505665,22.474895647959784,0.5581535646757378,2482153.0,4627.0,2592.0,10000.0,True,False
6,16,9189623058993482522,ML-DSA-87,0.00019297702237963676,0.0014569060876965523,0.006383528932929039,0.0011742579517886043,0.0064252609154209495,0.006474855006672442,10.740513675031252,0.5670946908835024,2482153.0,4627.0,2592.0,10000.0,True,False
6,17,1847884948561693069,ML-DSA-87,0.0005500670522451401,0.003438069950789213,0.011149825993925333,0.0010854160645976663,0.00626325502526015,0.006352786091156304,21.90712036495097,0.5254606152185426,2482153.0,4627.0,2592.0,10000.0,True,False
6,17,10193631392210491544,ML-DSA-87,0.0002907649613916874,0.0028525710804387927,0.007150936988182366,0.001407032017596066,0.006244895979762077,0.0062913099536672235,22.013512675999664,0.5128944863717015,2482153.0,4627.0,2592.0,10000.0,True,False
6,17,6638281402750102297,ML-DSA-87,0.0003975669387727976,0.0016906990204006433,0.010289761936292052,0.0011732550337910652,0.006244178046472371,0.006296005914919078,22.377356897923164,0.5288374418862902,2482153.0,4627.0,2592.0,10000.0,True,False
6,17,17749882268688486462,ML-DSA-87,0.00018775800708681345,0.0014324450166895986,0.006711808033287525,0.0011399550130590796,0.006284172995947301,0.006331594078801572,22.398929635062814,0.5373373195624199,2482153.0,4627.0,2592.0,10000.0,True,False
6,17,9189623058993482522,ML-DSA-87,0.0002457130467519164,0.001328599057160318,0.006307043950073421,0.001126070972532034,0.0062405019998550415,0.006289268960244954,10.761777542065829,0.527847410819401,2482153.0,4627.0,2592.0,10000.0,True,False
6,18,6638281402750102297,ML-DSA-87,0.00037821102887392044,0.0027518270071595907,0.009594633942469954,0.0012851320207118988,0.0063005799893289804,0.006384707987308502,21.779173347051255,0.5217799267139488,2482153.0,4627.0,2592.0,10000.0,True,False
6,18,17749882268688486462,ML-DSA-87,0.0002180130686610937,0.002252044971100986,0.007525997934862971,0.0015137899899855256,0.006201679934747517,0.006257388042286038,22.16605216602329,0.5044164843559741,2482153.0,4627.0,2592.0,10000.0,True,False
6,18,10193631392210491544,ML-DSA-87,0.0004445579834282398,0.002839582972228527,0.00725601299200207,0.0010796219576150179,0.006410873960703611,0.006454472080804408,22.108567520976067,0.492043103011081,2482153.0,4627.0,2592.0,10000.0,True,False
6,18,1847884948561693069,ML-DSA-87,0.00018741399981081486,0.0014623469905927777,0.00656429398804903,0.0010804500197991729,0.006286399904638529,0.006332971039228141,22.297940763062797,0.49047946045621515,2482153.0,4627.0,2592.0,10000.0,True,False
6,18,9189623058993482522,ML-DSA-87,0.00018730410374701023,0.001370526966638863,0.006203639903105795,0.0011078470852226019,0.006194801069796085,0.006236107088625431,10.728393463999964,0.48502698755516604,2482153.0,4627.0,2592.0,10000.0,True,False
6,19,6638281402750102297,ML-DSA-87,0.0004563559778034687,0.0026419819332659245,0.007816208992153406,0.0013080680510029197,0.0062214520294219255,0.0063027950236573815,21.98193079000339,0.4674006346018074,2482153.0,4627.0,2592.0,10000.0,True,False
6,19,10193631392210491544,ML-DSA-87,0.0003334960201755166,0.0016760859871283174,0.0073378439992666245,0.0010538479546085,0.006279197055846453,0.0063231600215658545,22.02947662502993,0.47121747649801426,2482153.0,4627.0,2592.0,10000.0,True,False
6,19,17749882268688486462,ML-DSA-87,0.0003241579979658127,0.001880191033706069,0.007153604994527996,0.001382185029797256,0.00623085699044168,0.006276794010773301,22.036138891009614,0.46526211832230463,2482153.0,4627.0,2592.0,10000.0,True,False
6,19,1847884948561693069,ML-DSA-87,0.00018463097512722015,0.001490022987127304,0.006330966018140316,0.0012911369558423758,0.00625050300732255,0.006299533066339791,22.20548677793704,0.45409760251641273,2482153.0,4627.0,2592.0,10000.0,True,False
6,19,9189623058993482522,ML-DSA-87,0.00018558802548795938,0.001415806938894093,0.006370913935825229,0.001111772027797997,0.0062453909777104855,0.006289994111284614,10.64550879097078,0.4656183646854977,2482153.0,4627.0,2592.0,10000.0,True,False
6,20,6638281402750102297,ML-DSA-87,0.0002929558977484703,0.0018557780422270298,0.01080088596791029,0.001071407925337553,0.006237050984054804,0.006325495080091059,21.65346744505223,0.455433822986774,2482153.0,4627.0,2592.0,10000.0,True,False
6,20,17749882268688486462,ML-DSA-87,0.00042246293742209673,0.002309584990143776,0.009664481040090322,0.0010593959596008062,0.006225865101441741,0.006273220991715789,21.909021707018837,0.4325559407222671,2482153.0,4627.0,2592.0,10000.0,True,False
6,20,1847884948561693069,ML-DSA-87,0.0001885219244286418,0.001564200036227703,0.006862729089334607,0.0011915549403056502,0.006258259993046522,0.006307929987087846,22.181064398027956,0.4441492853644557,2482153.0,4627.0,2592.0,10000.0,True,False
6,20,10193631392210491544,ML-DSA-87,0.00021265109535306692,0.0020657730055972934,0.006827562930993736,0.0010616759536787868,0.00618432997725904,0.00623037398327142,22.406924751005135,0.423513929291179,2482153.0,4627.0,2592.0,10000.0,True,False
6,20,9189623058993482522,ML-DSA-87,0.00024697696790099144,0.0014492529444396496,0.00656537595205009,0.0011127929901704192,0.0062942770309746265,0.006339622079394758,10.887048230040818,0.4359581033809307,2482153.0,4627.0,2592.0,10000.0,True,False
6,21,1847884948561693069,ML-DSA-87,0.00042473606299608946,0.0017155680106952786,0.009532529045827687,0.0010871599661186337,0.006345194997265935,0.006433548056520522,21.853155056014657,0.41804170815018227,2482153.0,4627.0,2592.0,10000.0,True,False
6,21,6638281402750102297,ML-DSA-87,0.0004032099386677146,0.002353538991883397,0.00876326800789684,0.001074403990060091,0.0062151330057531595,0.006261002970859408,21.95320950401947,0.4267921906690628,2482153.0,4627.0,2592.0,10000.0,True,False
6,21,17749882268688486462,ML-DSA-87,0.00029318302404135466,0.0020593689987435937,0.009215123020112514,0.001094729988835752,0.006290217977948487,0.006339878076687455,22.117257221019827,0.4191436973867563,2482153.0,4627.0,2592.0,10000.0,True,False
6,21,10193631392210491544,ML-DSA-87,0.00028270704206079245,0.001379645080305636,0.006633159006014466,0.001046043005771935,0.00631103094201535,0.006355699966661632,22.264634103979915,0.4141275813779273,2482153.0,4627.0,2592.0,10000.0,True,False
6,21,9189623058993482522,ML-DSA-87,0.00018919305875897408,0.0014741859631612897,0.0063117200043052435,0.0011395119363442063,0.006205350975506008,0.006252098013646901,10.773498978000134,0.415718298652373,2482153.0,4627.0,2592.0,10000.0,True,False
6,22,6638281402750102297,ML-DSA-87,0.0003718050429597497,0.0017232939135283232,0.007372664986178279,0.0011086640879511833,0.006547951023094356,0.006637691054493189,21.74411346099805,0.3979046730750118,2482153.0,4627.0,2592.0,10000.0,True,False
6,22,1847884948561693069,ML-DSA-87,0.00023603008594363928,0.0016131199663504958,0.007100117043592036,0.0010963240638375282,0.00645884801633656,0.006504686898551881,21.810569567023776,0.39213495768499546,2482153.0,4627.0,2592.0,10000.0,True,False
6,22,17749882268688486462,ML-DSA-87,0.00031577504705637693,0.0015429049963131547,0.006992142065428197,0.0013216719962656498,0.006259940913878381,0.006304897018708289,21.98354914400261,0.38970295554056716,2482153.0,4627.0,2592.0,10000.0,True,False
6,22,10193631392210491544,ML-DSA-87,0.00019709800835698843,0.0018272909801453352,0.00706876500044018,0.0010616310173645616,0.006251842016354203,0.006299922941252589,22.113151323981583,0.3890170159336096,2482153.0,4627.0,2592.0,10000.0,True,False
6,22,9189623058993482522,ML-DSA-87,0.00018824194557964802,0.0013355949195101857,0.006349968956783414,0.0010914260055869818,0.006289066048339009,0.006330945063382387,10.635981373023242,0.4173710761597743,2482153.0,4627.0,2592.0,10000.0,True,False
6,23,10193631392210491544,ML-DSA-87,0.0002970040077343583,0.002100209938362241,0.011061365017667413,0.0011436499189585447,0.006565183983184397,0.006647104048170149,21.83599494502414,0.3816793760754906,2482153.0,4627.0,2592.0,10000.0,True,False
6,23,17749882268688486462,ML-DSA-87,0.0006606680108234286,0.005394455045461655,0.01032974198460579,0.001449810923077166,0.00638251006603241,0.0064332709880545735,22.15062023990322,0.386793546122722,2482153.0,4627.0,2592.0,10000.0,True,False
6,23,1847884948561693069,ML-DSA-87,0.0002832770114764571,0.001799324993044138,0.007475520949810743,0.001100820954889059,0.006312150042504072,0.0063581319991499186,22.268185229972005,0.3596099655295666,2482153.0,4627.0,2592.0,10000.0,True,False
6,23,6638281402750102297,ML-DSA-87,0.00019436492584645748,0.0015126439975574613,0.006530230981297791,0.0011267870431765914,0.006596397957764566,0.0066532070050016046,22.35584217798896,0.38147906920673275,2482153.0,4627.0,2592.0,10000.0,True,False
6,23,9189623058993482522,ML-DSA-87,0.0002562999725341797,0.0014842509990558028,0.006400082027539611,0.0011182819725945592,0.0064454859821125865,0.00649102299939841,10.60650947096292,0.383366213415187,2482153.0,4627.0,2592.0,10000.0,True,False
6,24,6638281402750102297,ML-DSA-87,0.000264585018157959,0.0022174559999257326,0.010575002990663052,0.0011107081081718206,0.0066287609515711665,0.006720951991155744,21.847318480024114,0.36695570569669905,2482153.0,4627.0,2592.0,10000.0,True,False
6,24,17749882268688486462,ML-DSA-87,0.0001961439847946167,0.0020916019566357136,0.007100175018422306,0.0010593930492177606,0.006190478918142617,0.00623524805996567,21.970455396105535,0.37637087622115883,2482153.0,4627.0,2592.0,10000.0,True,False
6,24,1847884948561693069,ML-DSA-87,0.00019075209274888039,0.0014933689963072538,0.006944775930605829,0.0011672519613057375,0.006249331054277718,0.006296650040894747,22.32285727909766,0.35932802977695016,2482153.0,4627.0,2592.0,10000.0,True,False
6,24,10193631392210491544,ML-DSA-87,0.00025438296142965555,0.0014345420058816671,0.006367295049130917,0.0010588819859549403,0.006233308929949999,0.006277439068071544,22.492204604903236,0.3455953679847927,2482153.0,4627.0,2592.0,10000.0,True,False
6,24,9189623058993482522,ML-DSA-87,0.00018820399418473244,0.0013324390165507793,0.006541971932165325,0.0011217849096283317,0.006278881919570267,0.006326899048872292,10.63288392405957,0.35069516185706795,2482153.0,4627.0,2592.0,10000.0,True,False
6,25,17749882268688486462,ML-DSA-87,0.0004083000821992755,0.003821588004939258,0.009384058997966349,0.0010990090668201447,0.006222801050171256,0.006310297059826553,21.94275916100014,0.33947855303177055,2482153.0,4627.0,2592.0,10000.0,True,False
6,25,1847884948561693069,ML-DSA-87,0.00024942297022789717,0.0016872240230441093,0.007318311952985823,0.0010387470247223973,0.006266323965974152,0.0063116890378296375,21.973528367001563,0.3346866909786464,2482153.0,4627.0,2592.0,10000.0,True,False
6,25,6638281402750102297,ML-DSA-87,0.00035779504105448723,0.0018254020251333714,0.009653236018493772,0.001378151006065309,0.006212403066456318,0.006263772025704384,22.15800328401383,0.33514219427558656,2482153.0,4627.0,2592.0,10000.0,True,False
6,25,10193631392210491544,ML-DSA-87,0.00020662497263401747,0.0015305710257962346,0.0064066649647429585,0.0010520410723984241,0.006212468957528472,0.006260876078158617,22.163528391974978,0.3410124691729895,2482153.0,4627.0,2592.0,10000.0,True,False
6,25,9189623058993482522,ML-DSA-87,0.00018606591038405895,0.0013334460090845823,0.006460180971771479,0.001045734970830381,0.006556808017194271,0.0066020089434459805,10.632051899912767,0.351850962282691,2482153.0,4627.0,2592.0,10000.0,True,False
6,26,10193631392210491544,ML-DSA-87,0.0004057179903611541,0.0032991099869832397,0.009877457050606608,0.001093124970793724,0.006305258022621274,0.006388667039573193,21.87229586695321,0.32727186536243835,2482153.0,4627.0,2592.0,10000.0,True,False
6,26,17749882268688486462,ML-DSA-87,0.0002899139653891325,0.0015197740867733955,0.009472592966631055,0.0013172590406611562,0.006275416002608836,0.006321619031950831,21.937730530044064,0.3327780335400694,2482153.0,4627.0,2592.0,10000.0,True,False
6,26,6638281402750102297,ML-DSA-87,0.00029285799246281385,0.0019612250616773963,0.009337267023511231,0.0011506819864735007,0.006290160003118217,0.006338724051602185,22.03120329300873,0.33029518921832784,2482153.0,4627.0,2592.0,10000.0,True,False
6,26,1847884948561693069,ML-DSA-87,0.0002579139545559883,0.0015692570013925433,0.006277331965975463,0.0012060070876032114,0.006149639957584441,0.006198503077030182,22.12145838595461,0.3406613381079639,2482153.0,4627.0,2592.0,10000.0,True,False
6,26,9189623058993482522,ML-DSA-87,0.00024504598695784807,0.0013455089647322893,0.006409442983567715,0.001134849968366325,0.0062515949830412865,0.006297335959970951,10.929501418955624,0.33970962069220484,2482153.0,4627.0,2592.0,10000.0,True,False
6,27,6638281402750102297,ML-DSA-87,0.00024375494103878736,0.0017551049822941422,0.007197458064183593,0.0011129420017823577,0.006397990044206381,0.006478457013145089,21.772784991073422,0.3087404500068234,2482153.0,4627.0,2592.0,10000.0,True,False
6,27,17749882268688486462,ML-DSA-87,0.0003438980784267187,0.0036934709642082453,0.01122686406597495,0.0011085140286013484,0.006227122037671506,0.006274884915910661,22.016743189073168,0.31829616658318155,2482153.0,4627.0,2592.0,10000.0,True,False
6,27,10193631392210491544,ML-DSA-87,0.00024362793192267418,0.0016171730821952224,0.007032603956758976,0.0011204120237380266,0.006198990042321384,0.0062458389438688755,22.061777428956702,0.32511359519851857,2482153.0,4627.0,2592.0,10000.0,True,False
6,27,1847884948561693069,ML-DSA-87,0.00018606591038405895,0.0016290000639855862,0.0065514069283381104,0.001102132024243474,0.0061659549828618765,0.0062135179759934545,22.0844362990465,0.3158604088998117,2482153.0,4627.0,2592.0,10000.0,True,False
6,27,9189623058993482522,ML-DSA-87,0.00018539803568273783,0.001357111963443458,0.00635511998552829,0.0011348649859428406,0.006233391002751887,0.006280067027546465,10.678501029964536,0.3207535964463608,2482153.0,4627.0,2592.0,10000.0,True,False
6,28,6638281402750102297,ML-DSA-87,0.00034738704562187195,0.0015871530631557107,0.007440155022777617,0.0012007649056613445,0.006256527965888381,0.00633142504375428,21.931182891014032,0.30870536946283933,2482153.0,4627.0,2592.0,10000.0,True,False
6,28,10193631392210491544,ML-DSA-87,0.0003405730240046978,0.0021134529961273074,0.010189351974986494,0.0011066569713875651,0.0061859379056841135,0.006231527077034116,21.98944341193419,0.3027937918650016,2482153.0,4627.0,2592.0,10000.0,True,False
6,28,17749882268688486462,ML-DSA-87,0.00019386201165616512,0.0016842790646478534,0.007259964011609554,0.0013084899401292205,0.006215978995896876,0.006260573980398476,22.226527257007547,0.2947620540238417,2482153.0,4627.0,2592.0,10000.0,True,False
6,28,1847884948561693069,ML-DSA-87,0.00018353993073105812,0.0015121819451451302,0.0063156880205497146,0.0010861469199880958,0.006321619031950831,0.006368843954987824,22.345355383004062,0.30562899340042315,2482153.0,4627.0,2592.0,10000.0,True,False
6,28,9189623058993482522,ML-DSA-87,0.00018369394820183516,0.0013879530597478151,0.006300054024904966,0.0010424789506942034,0.006357960985042155,0.006400175974704325,10.877301657921635,0.3013616231427834,2482153.0,4627.0,2592.0,10000.0,True,False
6,29,17749882268688486462,ML-DSA-87,0.0002750710118561983,0.003565735067240894,0.011324436054565012,0.0011429809965193272,0.00627008406445384,0.006357743055559695,21.65346707799472,0.2889465790624305,2482153.0,4627.0,2592.0,10000.0,True,False
6,29,1847884948561693069,ML-DSA-87,0.0003293700283393264,0.002385662985034287,0.010566454962827265,0.001128275995142758,0.006331714102998376,0.006383260013535619,21.77165607898496,0.31365319245387785,2482153.0,4627.0,2592.0,10000.0,True,False
6,29,6638281402750102297,ML-DSA-87,0.00018236495088785887,0.0015213120495900512,0.007254987955093384,0.001253957045264542,0.006312101962976158,0.006357252015732229,21.931438403087668,0.2934529887863432,2482153.0,4627.0,2592.0,10000.0,True,False
6,29,10193631392210491544,ML-DSA-87,0.00018679292406886816,0.0014479169622063637,0.006349200964905322,0.0010848669335246086,0.006318557076156139,0.0063666540663689375,22.174499641987495,0.32314746695520064,2482153.0,4627.0,2592.0,10000.0,True,False
6,29,9189623058993482522,ML-DSA-87,0.00018651399295777082,0.0016621421091258526,0.006344277993775904,0.0011175100225955248,0.006263668066821992,0.006310218013823032,10.626537660020404,0.2913115915314952,2482153.0,4627.0,2592.0,10000.0,True,False
6,30,6638281402750102297,ML-DSA-87,0.0003279809607192874,0.003055752022191882,0.010269814054481685,0.0012729450827464461,0.00629355909768492,0.006371224066242576,21.84680571302306,0.2765870789527527,2482153.0,4627.0,2592.0,10000.0,True,False
6,30,10193631392210491544,ML-DSA-87,0.00035820098128169775,0.0023605410242453218,0.00929233303759247,0.0011011500610038638,0.006278718006797135,0.00632060703355819,21.82048934395425,0.2828271917800922,2482153.0,4627.0,2592.0,10000.0,True,False
6,30,1847884948561693069,ML-DSA-87,0.00028019805904477835,0.0024695349857211113,0.009593604016117752,0.0012971999822184443,0.006328119081445038,0.006373979966156185,22.241839191992767,0.27782858028998986,2482153.0,4627.0,2592.0,10000.0,True,False
6,30,17749882268688486462,ML-DSA-87,0.00028691801708191633,0.0025411919923499227,0.006909961928613484,0.0011070140171796083,0.006281576934270561,0.006324557005427778,22.551112973014824,0.2843482385942945,2482153.0,4627.0,2592.0,10000.0,True,False
6,30,9189623058993482522,ML-DSA-87,0.0001844379585236311,0.0013746629701927304,0.006374799995683134,0.001193939009681344,0.006324811023660004,0.006371071096509695,10.802278961986303,0.28062344920901827,2482153.0,4627.0,2592.0,10000.0,True,False
7,1,11367324329845221509,ML-DSA-87,0.0013230149634182453,0.0019216950749978423,0.0075300890021026134,0.001411068020388484,0.007797206053510308,0.007973280968144536,21.721732604899444,1.8567343778884449,2482153.0,4627.0,2592.0,10000.0,True,False
7,1,11131497191269544086,ML-DSA-87,0.0016185829881578684,0.001934027997776866,0.009858125005848706,0.001329133054241538,0.007790017989464104,0.007899329997599125,21.642397093004547,1.8713964399057454,2482153.0,4627.0,2592.0,10000.0,True,False
7,1,15713085250155599224,ML-DSA-87,0.0010736390249803662,0.001555715105496347,0.007111563929356635,0.001261153956875205,0.0063607440097257495,0.0064150040270760655,21.7449558689259,1.9646249499183874,2482153.0,4627.0,2592.0,10000.0,True,False
7,1,14875882349959040426,ML-DSA-87,0.0009994989959523082,0.0018311400199308991,0.006625346024520695,0.0012404070002958179,0.006393288029357791,0.006444984930567443,21.84823009406682,1.95971081203546,2482153.0,4627.0,2592.0,10000.0,True,False
7,1,10750930676359851193,ML-DSA-87,0.00018888001795858145,0.001599278999492526,0.006296854931861162,0.0012306560529395938,0.00639791099820286,0.006458343006670475,10.492070842068642,1.9664205918296838,2482153.0,4627.0,2592.0,10000.0,True,False
7,2,11367324329845221509,ML-DSA-87,0.00040816294495016336,0.0031838089926168323,0.008813036954961717,0.0011353980517014861,0.006328889983706176,0.006419429089874029,21.78931626304984,1.667907416630096,2482153.0,4627.0,2592.0,10000.0,True,False
7,2,11131497191269544086,ML-DSA-87,0.00029975397046655416,0.0023241000017151237,0.010498095070943236,0.0011838889913633466,0.006303831934928894,0.0063562109135091305,21.81721569702495,1.6544047483620934,2482153.0,4627.0,2592.0,10000.0,True,False
7,2,14875882349959040426,ML-DSA-87,0.00018783705309033394,0.001571409055031836,0.006425110972486436,0.0017610349459573627,0.006327335024252534,0.006387811969034374,21.907093290006742,1.6282626611356157,2482153.0,4627.0,2592.0,10000.0,True,False
7,2,15713085250155599224,ML-DSA-87,0.00024392502382397652,0.0018781550461426377,0.007660325965844095,0.0011699210153892636,0.006537274923175573,0.0065894919680431485,21.86941180098802,1.667809590744896,2482153.0,4627.0,2592.0,10000.0,True,False
7,2,10750930676359851193,ML-DSA-87,0.00018637592438608408,0.001647769007831812,0.006377698970027268,0.0010777129791676998,0.006370609044097364,0.006415377021767199,10.609184090979397,1.6755358974773662,2482153.0,4627.0,2592.0,10000.0,True,False
7,3,11367324329845221509,ML-DSA-87,0.00047057901974767447,0.0023971269838511944,0.010644880007021129,0.0012039419962093234,0.006347507005557418,0.00642437394708395,21.667158549069427,1.47897058668228,2482153.0,4627.0,2592.0,10000.0,True,False
7,3,11131497191269544086,ML-DSA-87,0.00040559598710387945,0.001695371000096202,0.00999277108348906,0.0011396229965612292,0.006381587008945644,0.006432726979255676,21.931813942966983,1.4754230263895882,2482153.0,4627.0,2592.0,10000.0,True,False
7,3,15713085250155599224,ML-DSA-87,0.000277930055744946,0.0022598711075261235,0.007664707023650408,0.0013146899873390794,0.0065759021090343595,0.006632312084548175,21.928930055932142,1.4778461863819403,2482153.0,4627.0,2592.0,10000.0,True,False
7,3,14875882349959040426,ML-DSA-87,0.00018765300046652555,0.0018731800373643637,0.0062618720112368464,0.0011085700243711472,0.0062359500443562865,0.006283435970544815,22.09203056502156,1.479968914589562,2482153.0,4627.0,2592.0,10000.0,True,False
7,3,10750930676359851193,ML-DSA-87,0.00018734799232333899,0.0015839370898902416,0.0064552100375294685,0.0011267999652773142,0.006213988061062992,0.006263870978727937,10.604437293950468,1.4658269109055637,2482153.0,4627.0,2592.0,10000.0,True,False
7,4,11367324329845221509,ML-DSA-87,0.0004517210181802511,0.0016628330340608954,0.01014790404587984,0.0010879619512706995,0.0062935479218140244,0.006434120936319232,21.565233180997893,1.3425320299288717,2482153.0,4627.0,2592.0,10000.0,True,False
7,4,14875882349959040426,ML-DSA-87,0.000264770002104342,0.001421930966898799,0.006696830037981272,0.0011197439162060618,0.006271571037359536,0.006320343003608286,21.700006625964306,1.345190692823916,2482153.0,4627.0,2592.0,10000.0,True,False
7,4,15713085250155599224,ML-DSA-87,0.00040863093454390764,0.003341156989336014,0.007129423087462783,0.0010877660242840648,0.006277841981500387,0.006323843030259013,21.641299250070006,1.3431370766779867,2482153.0,4627.0,2592.0,10000.0,True,False
7,4,11131497191269544086,ML-DSA-87,0.0002874740166589618,0.0019087929977104068,0.0099917909828946,0.0011520599946379662,0.006202184013091028,0.006252100924029946,21.708104870980605,1.3477525086448596,2482153.0,4627.0,2592.0,10000.0,True,False
7,4,10750930676359851193,ML-DSA-87,0.00019938894547522068,0.0013102550292387605,0.006360613973811269,0.0011136180255562067,0.0065355070400983095,0.006584055023267865,10.883691131952219,1.3394897065985316,2482153.0,4627.0,2592.0,10000.0,True,False
7,5,11131497191269544086,ML-DSA-87,0.0004846529336646199,0.0018497880082577467,0.009025024948641658,0.0011029919842258096,0.006308207055553794,0.006395875941962004,22.180010497919284,1.2226437086495348,2482153.0,4627.0,2592.0,10000.0,True,False
7,5,11367324329845221509,ML-DSA-87,0.0005919859977439046,0.003047881997190416,0.010336542967706919,0.001158292987383902,0.0062598990043625236,0.006306014955043793,22.265286304987967,1.236879538232907,2482153.0,4627.0,2592.0,10000.0,True,False
7,5,14875882349959040426,ML-DSA-87,0.0002803560346364975,0.0026118969544768333,0.007408006931655109,0.0013618340017274022,0.0061969360103830695,0.006242981995455921,22.25370051304344,1.2538263357866306,2482153.0,4627.0,2592.0,10000.0,True,False
7,5,15713085250155599224,ML-DSA-87,0.0002522009890526533,0.0014970700722187757,0.0064650640124455094,0.0010908599942922592,0.006286027026362717,0.006335437996312976,22.282195791020058,1.2271175125536447,2482153.0,4627.0,2592.0,10000.0,True,False
7,5,10750930676359851193,ML-DSA-87,0.00026699795853346586,0.001342490897513926,0.0064671250293031335,0.0010711199138313532,0.00625729002058506,0.006300973007455468,10.835432374035008,1.2456117757973961,2482153.0,4627.0,2592.0,10000.0,True,False
7,6,11131497191269544086,ML-DSA-87,0.00032580504193902016,0.002134236041456461,0.01041933405213058,0.0011157289845868945,0.006449839915148914,0.0065348619828000665,22.37514754908625,1.1421717578610673,2482153.0,4627.0,2592.0,10000.0,True,False
7,6,15713085250155599224,ML-DSA-87,0.0002496759407222271,0.0024184170179069042,0.00891682703513652,0.001128396950662136,0.006295823026448488,0.006344020017422736,22.406980982981622,1.14581162803851,2482153.0,4627.0,2592.0,10000.0,True,False
7,6,14875882349959040426,ML-DSA-87,0.00019355001859366894,0.0015847160248085856,0.0071062169736251235,0.001165907015092671,0.006296261097304523,0.006344652036204934,22.440221154945903,1.1435672016189502,2482153.0,4627.0,2592.0,10000.0,True,False
7,6,11367324329845221509,ML-DSA-87,0.0001873290166258812,0.0015780519461259246,0.0064142580376937985,0.0011287069646641612,0.00626673991791904,0.006314978934824467,22.710816275095567,1.1228633336365794,2482153.0,4627.0,2592.0,10000.0,True,False
7,6,10750930676359851193,ML-DSA-87,0.00018881296273320913,0.001355548040010035,0.006290736957453191,0.0011203220346942544,0.006256022956222296,0.006303988047875464,10.63222863804549,1.1349405183578833,2482153.0,4627.0,2592.0,10000.0,True,False
7,7,14875882349959040426,ML-DSA-87,0.00047001801431179047,0.003693299018777907,0.008856355911120772,0.0012506970670074224,0.006449901964515448,0.006524463999085128,21.562815785058774,1.062864713775464,2482153.0,4627.0,2592.0,10000.0,True,False
7,7,15713085250155599224,ML-DSA-87,0.0002950310008600354,0.0023848130367696285,0.009951865999028087,0.0011529340408742428,0.0065510120475664735,0.006597187020815909,21.744512833072804,1.061132131293178,2482153.0,4627.0,2592.0,10000.0,True,False
7,7,11367324329845221509,ML-DSA-87,0.00024913507513701916,0.0015416149981319904,0.006383945932611823,0.0011692940024659038,0.006403236067853868,0.006445924984291196,21.754123372025788,1.0474342832359642,2482153.0,4627.0,2592.0,10000.0,True,False
7,7,11131497191269544086,ML-DSA-87,0.000269558047875762,0.0019286340102553368,0.007322883000597358,0.0011152520310133696,0.006888392963446677,0.006936346995644271,21.729294431046583,1.0464611900881076,2482153.0,4627.0,2592.0,10000.0,True,False
7,7,10750930676359851193,ML-DSA-87,0.00019552791491150856,0.0016507559921592474,0.006311547942459583,0.0012832069769501686,0.006283037946559489,0.006339328014291823,10.637396259000525,1.039239536744718,2482153.0,4627.0,2592.0,10000.0,True,False
7,8,11131497191269544086,ML-DSA-87,0.0002865339629352093,0.0030109749641269445,0.010566939017735422,0.0011680129682645202,0.006518119014799595,0.0065976440673694015,21.700439012027346,0.9818401131005333,2482153.0,4627.0,2592.0,10000.0,True,False
7,8,15713085250155599224,ML-DSA-87,0.0002874330384656787,0.0028412879910320044,0.010489038075320423,0.0013271860079839826,0.006417380063794553,0.006461024982854724,21.83284510509111,0.9885128507027611,2482153.0,4627.0,2592.0,10000.0,True,False
7,8,11367324329845221509,ML-DSA-87,0.00036336295306682587,0.001778172911144793,0.00904072995763272,0.00145533902104944,0.0063500539399683475,0.006398897967301309,21.888115169946104,0.9792391710197583,2482153.0,4627.0,2592.0,10000.0,True,False
7,8,14875882349959040426,ML-DSA-87,0.000186710967682302,0.0015338619705289602,0.006803303025662899,0.0013130559818819165,0.00634657999034971,0.006393978022970259,22.07491168298293,0.9801818497074298,2482153.0,4627.0,2592.0,10000.0,True,False
7,8,10750930676359851193,ML-DSA-87,0.0002542349975556135,0.0014255030546337366,0.006389798014424741,0.0010887130629271269,0.006380417966283858,0.006422571954317391,10.698349049082026,0.9661056672612699,2482153.0,4627.0,2592.0,10000.0,True,False
7,9,11131497191269544086,ML-DSA-87,0.00037460296880453825,0.003443212015554309,0.010500306962057948,0.001146217924542725,0.006378992926329374,0.006465269951149821,22.381784048047848,0.9180074367469873,2482153.0,4627.0,2592.0,10000.0,True,False
7,9,11367324329845221509,ML-DSA-87,0.00036625994835048914,0.0029447090346366167,0.009462681948207319,0.0011202589375898242,0.00622168998233974,0.006268740980885923,22.44781728705857,0.9068084523891108,2482153.0,4627.0,2592.0,10000.0,True,False
7,9,15713085250155599224,ML-DSA-87,0.00018724496476352215,0.0017898789374157786,0.007056739996187389,0.001126155024394393,0.0063079060055315495,0.0063717979937791824,22.54703190701548,0.90613007335998,2482153.0,4627.0,2592.0,10000.0,True,False
7,9,14875882349959040426,ML-DSA-87,0.0002535550156608224,0.0014568580081686378,0.006678147939965129,0.001165972906164825,0.0061878160340711474,0.006236248998902738,22.638035819050856,0.9024860734185471,2482153.0,4627.0,2592.0,10000.0,True,False
7,9,10750930676359851193,ML-DSA-87,0.0001844540238380432,0.0013155080378055573,0.006265526986680925,0.0011212610406801105,0.006254984997212887,0.006300601991824806,10.590424585039727,0.9006259104314323,2482153.0,4627.0,2592.0,10000.0,True,False
7,10,15713085250155599224,ML-DSA-87,0.000219412031583488,0.0026717170840129256,0.007405050913803279,0.0012820559786632657,0.006302088964730501,0.00637734099291265,22.11497600702569,0.8456422297147136,2482153.0,4627.0,2592.0,10000.0,True,False
7,10,11131497191269544086,ML-DSA-87,0.0002511909697204828,0.0014659930020570755,0.007043574005365372,0.0011709509417414665,0.006290375953540206,0.006337035913020372,22.477805656031705,0.8521072205644065,2482153.0,4627.0,2592.0,10000.0,True,False
7,10,11367324329845221509,ML-DSA-87,0.00026869901921600103,0.0022408359218388796,0.007312090951018035,0.0011746520176529884,0.0062623919220641255,0.006309453980065882,22.415774808032438,0.8418227562698694,2482153.0,4627.0,2592.0,10000.0,True,False
7,10,14875882349959040426,ML-DSA-87,0.00026539003010839224,0.0015761860413476825,0.006427422980777919,0.001095216954126954,0.006337695987895131,0.006399894948117435,22.538912536925636,0.845111991460331,2482153.0,4627.0,2592.0,10000.0,True,False
7,10,10750930676359851193,ML-DSA-87,0.00024821097031235695,0.0013696589739993215,0.006383733940310776,0.001142208930104971,0.006405906984582543,0.006452208966948092,10.557567883981392,0.8429550020077738,2482153.0,4627.0,2592.0,10000.0,True,False
7,11,15713085250155599224,ML-DSA-87,0.00040036404971033335,0.0019040490733459592,0.007077541085891426,0.001108143012970686,0.006258273031562567,0.006347152986563742,21.436268539982848,0.7790078027084613,2482153.0,4627.0,2592.0,10000.0,True,False
7,11,11131497191269544086,ML-DSA-87,0.00033308693673461676,0.003175004036165774,0.01052541600074619,0.0011091920314356685,0.006370840943418443,0.006415441050194204,21.82698895095382,0.8004575316041422,2482153.0,4627.0,2592.0,10000.0,True,False
7,11,11367324329845221509,ML-DSA-87,0.00038516405038535595,0.0016888139070942998,0.009169469005428255,0.0013843890046700835,0.006194095010869205,0.006240220041945577,21.980917047942057,0.7765257411395399,2482153.0,4627.0,2592.0,10000.0,True,False
7,11,14875882349959040426,ML-DSA-87,0.00020650902297347784,0.002142386045306921,0.006495504057966173,0.0010865499498322606,0.006237762048840523,0.006293916027061641,22.268102022004314,0.7818920772296553,2482153.0,4627.0,2592.0,10000.0,True,False
7,11,10750930676359851193,ML-DSA-87,0.0001834779977798462,0.0012862340081483126,0.006302383961156011,0.0010609269374981523,0.006281337002292275,0.006321980035863817,10.70764521905221,0.7731516207464206,2482153.0,4627.0,2592.0,10000.0,True,False
7,12,11131497191269544086,ML-DSA-87,0.0004760860465466976,0.0023660039296373725,0.010383222019299865,0.0013768429635092616,0.0062877669697627425,0.006389942020177841,21.80604219995439,0.7394501812065752,2482153.0,4627.0,2592.0,10000.0,True,False
7,12,15713085250155599224,ML-DSA-87,0.0003615369787439704,0.0021120909368619323,0.009440278052352369,0.0011072360211983323,0.006225157994776964,0.006273750099353492,22.12322552606929,0.7406824317793496,2482153.0,4627.0,2592.0,10000.0,True,False
7,12,14875882349959040426,ML-DSA-87,0.00036888010799884796,0.0019985479302704334,0.010401861974969506,0.0011537299724295735,0.006157165975309908,0.0062058219918981194,22.13520629098639,0.7347078615674576,2482153.0,4627.0,2592.0,10000.0,True,False
7,12,11367324329845221509,ML-DSA-87,0.00020123797003179789,0.001578484894707799,0.0066683329641819,0.001122597954235971,0.006193476030603051,0.006240608054213226,22.232843442005105,0.7445889341469389,2482153.0,4627.0,2592.0,10000.0,True,False
7,12,10750930676359851193,ML-DSA-87,0.0001999910455197096,0.0013368399813771248,0.006375876953825355,0.001142628025263548,0.006188003928400576,0.006235431996174157,10.78630067303311,0.7139500720432391,2482153.0,4627.0,2592.0,10000.0,True,False
7,13,14875882349959040426,ML-DSA-87,0.0004709790227934718,0.002758770016953349,0.010450807982124388,0.0012891620863229036,0.006228198995813727,0.006318958010524511,22.069623774965294,0.685670189845105,2482153.0,4627.0,2592.0,10000.0,True,False
7,13,11131497191269544086,ML-DSA-87,0.00030357600189745426,0.002508068922907114,0.010953041957691312,0.0011437739012762904,0.006258305977098644,0.006304831011220813,22.154612779966556,0.6957460142457828,2482153.0,4627.0,2592.0,10000.0,True,False
7,13,11367324329845221509,ML-DSA-87,0.00021774694323539734,0.0021374280331656337,0.006885395967401564,0.0010932410368695855,0.006246187025681138,0.00629057502374053,22.236157597973943,0.6959747628996167,2482153.0,4627.0,2592.0,10000.0,True,False
7,13,15713085250155599224,ML-DSA-87,0.0003394000232219696,0.0023154779337346554,0.00676387595012784,0.0011363020166754723,0.006251511978916824,0.006301676039583981,22.271659850957803,0.7008162365077784,2482153.0,4627.0,2592.0,10000.0,True,False
7,13,10750930676359851193,ML-DSA-87,0.00018731190357357264,0.0013286540051922202,0.006335514015518129,0.001088446006178856,0.006270240992307663,0.006317818071693182,10.822326662018895,0.6711486048353746,2482153.0,4627.0,2592.0,10000.0,True,False
7,14,11131497191269544086,ML-DSA-87,0.00046330608893185854,0.003235045005567372,0.010655279969796538,0.0011687889927998185,0.006301056011579931,0.006389365065842867,21.451500458992086,0.6314846606205066,2482153.0,4627.0,2592.0,10000.0,True,False
7,14,15713085250155599224,ML-DSA-87,0.0004559539956972003,0.0020409930730238557,0.009754183003678918,0.0012250570580363274,0.006343538989312947,0.006388640031218529,21.65839362202678,0.6502164456124504,2482153.0,4627.0,2592.0,10000.0,True,False
7,14,14875882349959040426,ML-DSA-87,0.00025369098875671625,0.001968145021237433,0.007313352078199387,0.0013331599766388535,0.0063301019836217165,0.0063744590152055025,21.679718579980545,0.648046939232098,2482153.0,4627.0,2592.0,10000.0,True,False
7,14,11367324329845221509,ML-DSA-87,0.0002460990799590945,0.0015069750370457768,0.006626460002735257,0.001101127010770142,0.006242164992727339,0.006289275013841689,21.897317602997646,0.6514890525763789,2482153.0,4627.0,2592.0,10000.0,True,False
7,14,10750930676359851193,ML-DSA-87,0.0002480059629306197,0.0013403299963101745,0.006414797971956432,0.001105177914723754,0.006397817982360721,0.006438981043174863,10.46443829801865,0.6167513992839728,2482153.0,4627.0,2592.0,10000.0,True,False
7,15,14875882349959040426,ML-DSA-87,0.0003031570231541991,0.002232927014119923,0.008795532048679888,0.00153279397636652,0.006462433957494795,0.00655980606097728,22.072947815991938,0.6138458949165603,2482153.0,4627.0,2592.0,10000.0,True,False
7,15,15713085250155599224,ML-DSA-87,0.00026720098685473204,0.0017858430510386825,0.010297982953488827,0.0012878529960289598,0.006537506938911974,0.006582290981896222,22.294728352106176,0.6049345949539742,2482153.0,4627.0,2592.0,10000.0,True,False
7,15,11367324329845221509,ML-DSA-87,0.00031141401268541813,0.001538889016956091,0.0069331800332292914,0.0013963020173832774,0.006365261971950531,0.006408522953279316,22.38662820891477,0.5921314743618233,2482153.0,4627.0,2592.0,10000.0,True,False
7,15,11131497191269544086,ML-DSA-87,0.00018772995099425316,0.0015810029581189156,0.006535066990181804,0.0013255570083856583,0.006588906981050968,0.0066373549634590745,22.556510368012823,0.5953450153668087,2482153.0,4627.0,2592.0,10000.0,True,False
7,15,10750930676359851193,ML-DSA-87,0.00019283604342490435,0.0014533719513565302,0.006521726027131081,0.001422693021595478,0.0066089380998164415,0.006654068012721837,10.77692469197791,0.6061006560088537,2482153.0,4627.0,2592.0,10000.0,True,False
7,16,14875882349959040426,ML-DSA-87,0.0001853309804573655,0.0021171659464016557,0.008064012043178082,0.001198221929371357,0.0062638960080221295,0.006350665935315192,22.570039093960077,0.562308231053261,2482153.0,4627.0,2592.0,10000.0,True,False
7,16,11367324329845221509,ML-DSA-87,0.0003792300121858716,0.0021816400112584233,0.01017597399186343,0.0010899939807131886,0.006253533996641636,0.006307926960289478,22.709545516991057,0.5569594438892965,2482153.0,4627.0,2592.0,10000.0,True,False
7,16,11131497191269544086,ML-DSA-87,0.0002751339925453067,0.001771413953974843,0.007044183905236423,0.0012256429763510823,0.006464548991061747,0.006510256906040013,22.883365575922653,0.5550709415477114,2482153.0,4627.0,2592.0,10000.0,True,False
7,16,15713085250155599224,ML-DSA-87,0.0001831210684031248,0.0014472580514848232,0.00659552204888314,0.0010846150107681751,0.006478230934590101,0.006525087985210121,22.93793197197374,0.550140383263556,2482153.0,4627.0,2592.0,10000.0,True,False
7,16,10750930676359851193,ML-DSA-87,0.00024653400760143995,0.0013335590483620763,0.006337690050713718,0.001102052046917379,0.0062552569434046745,0.006299855071119964,10.652681736974046,0.5662070769376267,2482153.0,4627.0,2592.0,10000.0,True,False
7,17,14875882349959040426,ML-DSA-87,0.00018772599287331104,0.0016675880178809166,0.007067683967761695,0.0011255029821768403,0.006316278944723308,0.0064396889647468925,22.508839835994877,0.5164868628469329,2482153.0,4627.0,2592.0,10000.0,True,False
7,17,11131497191269544086,ML-DSA-87,0.00039463199209421873,0.0028308399487286806,0.010002636001445353,0.0011495329672470689,0.00633432506583631,0.006378537975251675,22.469814050011337,0.5140415440542629,2482153.0,4627.0,2592.0,10000.0,True,False
7,17,15713085250155599224,ML-DSA-87,0.00036954996176064014,0.0026519610546529293,0.010374685982242227,0.0013611080357804894,0.006364917964674532,0.006409112946130335,22.445252875913866,0.5221632775692894,2482153.0,4627.0,2592.0,10000.0,True,False
7,17,11367324329845221509,ML-DSA-87,0.00021322595421224833,0.0014853120082989335,0.0065573869505897164,0.0012922609457746148,0.0061986378859728575,0.0062473060097545385,22.788959323079325,0.5351025234467496,2482153.0,4627.0,2592.0,10000.0,True,False
7,17,10750930676359851193,ML-DSA-87,0.00018462806474417448,0.0013708280166611075,0.0063448779983446,0.0010223110439255834,0.006368972011841834,0.0064087859354913235,10.689236646983773,0.5325066611861078,2482153.0,4627.0,2592.0,10000.0,True,False
7,18,14875882349959040426,ML-DSA-87,0.0003616239409893751,0.0018079479923471808,0.010827207006514072,0.0011482300469651818,0.006283149938099086,0.006384156993590295,22.277543089934625,0.48827736167766794,2482153.0,4627.0,2592.0,10000.0,True,False
7,18,11131497191269544086,ML-DSA-87,0.00028883107006549835,0.0022392180981114507,0.011631903005763888,0.0011133890366181731,0.006543528055772185,0.006597655941732228,22.33428321091924,0.4806301928164003,2482153.0,4627.0,2592.0,10000.0,True,False
7,18,11367324329845221509,ML-DSA-87,0.0001938990317285061,0.001579910982400179,0.007064450066536665,0.0014413000317290425,0.006258187000639737,0.006315390928648412,22.51076707500033,0.4900438244374225,2482153.0,4627.0,2592.0,10000.0,True,False
7,18,15713085250155599224,ML-DSA-87,0.0002541670110076666,0.001462562009692192,0.0064636809984222054,0.001106233918108046,0.00635167199652642,0.006396549986675382,22.530680267955177,0.5109795891343595,2482153.0,4627.0,2592.0,10000.0,True,False
7,18,10750930676359851193,ML-DSA-87,0.00025207200087606907,0.0013092380249872804,0.00633493100758642,0.0011072969064116478,0.006267196964472532,0.006312954006716609,10.656534636975266,0.4946059910372233,2482153.0,4627.0,2592.0,10000.0,True,False
7,19,14875882349959040426,ML-DSA-87,0.00034066708758473396,0.0031554739689454436,0.0104244229150936,0.0011132459621876478,0.006245848024263978,0.006327570998109877,22.123417078051716,0.47908936257655627,2482153.0,4627.0,2592.0,10000.0,True,False
7,19,15713085250155599224,ML-DSA-87,0.00033700698986649513,0.0015907380729913712,0.007225308916531503,0.0011000329395756125,0.006332595949061215,0.0063812300795689225,22.381284293951467,0.46929927995077336,2482153.0,4627.0,2592.0,10000.0,True,False
7,19,11131497191269544086,ML-DSA-87,0.000247275922447443,0.0019317190162837505,0.007148251053877175,0.0010951010044664145,0.0062738299602642655,0.0063185939798131585,22.43021940405015,0.47025573577957985,2482153.0,4627.0,2592.0,10000.0,True,False
7,19,11367324329845221509,ML-DSA-87,0.00020810996647924185,0.0013974589528515935,0.006575317005626857,0.0011531589552760124,0.006294894963502884,0.006342480075545609,22.557138386997394,0.46270292196363305,2482153.0,4627.0,2592.0,10000.0,True,False
7,19,10750930676359851193,ML-DSA-87,0.00018565997015684843,0.0014109950279816985,0.0065443990752100945,0.0010890970006585121,0.006255659041926265,0.006298898020759225,10.680362618062645,0.46899987689365213,2482153.0,4627.0,2592.0,10000.0,True,False
7,20,11131497191269544086,ML-DSA-87,0.0002459549577906728,0.0018284530378878117,0.009270968963392079,0.0010451899142935872,0.006340541993267834,0.006423583021387458,21.817722085048445,0.43313319768054415,2482153.0,4627.0,2592.0,10000.0,True,False
7,20,14875882349959040426,ML-DSA-87,0.00023850600700825453,0.002326515968888998,0.007465425995178521,0.001174852019175887,0.00636964594013989,0.006414297968149185,21.96605205105152,0.448101133215256,2482153.0,4627.0,2592.0,10000.0,True,False
7,20,11367324329845221509,ML-DSA-87,0.00024164898786693811,0.002090448047965765,0.0073800740065053105,0.0013562639942392707,0.006224384997040033,0.00628036807756871,21.91107622603886,0.4391117378974113,2482153.0,4627.0,2592.0,10000.0,True,False
7,20,15713085250155599224,ML-DSA-87,0.00018729106523096561,0.0014603680465370417,0.00637397903483361,0.0010623560519888997,0.006276722997426987,0.0063222580356523395,22.01068555400707,0.4511949432948336,2482153.0,4627.0,2592.0,10000.0,True,False
7,20,10750930676359851193,ML-DSA-87,0.00018339406233280897,0.0013618009397760034,0.006382473977282643,0.0010363169712945819,0.006187569000758231,0.006227758014574647,10.906635507941246,0.45127345131228147,2482153.0,4627.0,2592.0,10000.0,True,False
7,21,11367324329845221509,ML-DSA-87,0.00027605402283370495,0.003913999069482088,0.009707269025966525,0.0013661329867318273,0.00802656402811408,0.00814559601712972,21.746733001084067,0.40035012144797716,2482153.0,4627.0,2592.0,10000.0,True,False
7,21,14875882349959040426,ML-DSA-87,0.00037990405689924955,0.001753436983563006,0.007443481939844787,0.0012951920507475734,0.007992836064659059,0.008043840993195772,21.832341211033054,0.3882636246494592,2482153.0,4627.0,2592.0,10000.0,True,False
7,21,11131497191269544086,ML-DSA-87,0.00023524893913418055,0.0026154029183089733,0.0068193209590390325,0.0012922299792990088,0.007607399020344019,0.0076800750102847815,22.093699314980768,0.4234232337960896,2482153.0,4627.0,2592.0,10000.0,True,False
7,21,15713085250155599224,ML-DSA-87,0.00023368606343865395,0.002642043982632458,0.006792894913814962,0.0012524150079116225,0.0065620060777291656,0.00660873600281775,22.095629549003206,0.42555883999306937,2482153.0,4627.0,2592.0,10000.0,True,False
7,21,10750930676359851193,ML-DSA-87,0.00018367404118180275,0.0013921549543738365,0.0069445050321519375,0.0012250799918547273,0.0063812549924477935,0.0064484900794923306,10.854843200999312,0.40487676966614045,2482153.0,4627.0,2592.0,10000.0,True,False
7,22,15713085250155599224,ML-DSA-87,0.00044700398575514555,0.0017545659793540835,0.00928912393283099,0.0011232789838686585,0.006485257996246219,0.006570872967131436,21.987831603037193,0.3963766868729085,2482153.0,4627.0,2592.0,10000.0,True,False
7,22,11131497191269544086,ML-DSA-87,0.00032053899485617876,0.0026003149105235934,0.00937477801926434,0.0010958790080621839,0.006185972015373409,0.006233530002646148,22.088962887995876,0.3810734052728778,2482153.0,4627.0,2592.0,10000.0,True,False
7,22,11367324329845221509,ML-DSA-87,0.0002426400315016508,0.001715968013741076,0.00748306408058852,0.0013544580433517694,0.0062694239895790815,0.006315742037259042,22.14764853392262,0.376034822616988,2482153.0,4627.0,2592.0,10000.0,True,False
7,22,14875882349959040426,ML-DSA-87,0.00024850096087902784,0.0015424600569531322,0.006372759002260864,0.001084228977560997,0.0063542790012434125,0.006402514991350472,22.307899600011297,0.3768333904028605,2482153.0,4627.0,2592.0,10000.0,True,False
7,22,10750930676359851193,ML-DSA-87,0.000184542965143919,0.0016161350067704916,0.006302983965724707,0.0010845259530469775,0.00620099704246968,0.006243297946639359,10.588130448944867,0.3966313916148421,2482153.0,4627.0,2592.0,10000.0,True,False
7,23,15713085250155599224,ML-DSA-87,0.00025202997494488955,0.0018158440943807364,0.010075133992359042,0.001097682979889214,0.00624501402489841,0.0063286490039899945,22.066886611049995,0.36616833923390496,2482153.0,4627.0,2592.0,10000.0,True,False
7,23,11131497191269544086,ML-DSA-87,0.00019610603339970112,0.0018593149725347757,0.007051715976558626,0.001202185987494886,0.0062405390199273825,0.0062870599795132875,22.11395064194221,0.35393942262049016,2482153.0,4627.0,2592.0,10000.0,True,False
7,23,14875882349959040426,ML-DSA-87,0.0003188339760527015,0.0017591760260984302,0.00784264097455889,0.0013603459810838103,0.006277407985180616,0.006320604938082397,22.208718519075774,0.380744165348145,2482153.0,4627.0,2592.0,10000.0,True,False
7,23,11367324329845221509,ML-DSA-87,0.00025515491142868996,0.0015512050595134497,0.006733854999765754,0.0011055020149797201,0.006547043914906681,0.006644990062341094,22.30138227995485,0.377044505488794,2482153.0,4627.0,2592.0,10000.0,True,False
7,23,10750930676359851193,ML-DSA-87,0.00025027699302881956,0.0013436010340228677,0.006502940901555121,0.0010237639071419835,0.006294751074165106,0.006335024023428559,10.662424893002026,0.3764515824336261,2482153.0,4627.0,2592.0,10000.0,True,False
7,24,14875882349959040426,ML-DSA-87,0.0002901690313592553,0.001981497975066304,0.009806292946450412,0.0012655960163101554,0.006440239958465099,0.00656258303206414,21.906173993018456,0.3411490542772479,2482153.0,4627.0,2592.0,10000.0,True,False
7,24,11367324329845221509,ML-DSA-87,0.0007175600621849298,0.0028926569502800703,0.01098632998764515,0.0015874409582465887,0.006757486029528081,0.006868363008834422,21.924228059942834,0.33256083576324075,2482153.0,4627.0,2592.0,10000.0,True,False
7,24,15713085250155599224,ML-DSA-87,0.00029720994643867016,0.001923275995068252,0.00995111302472651,0.0012320280075073242,0.007139488938264549,0.007186820963397622,22.104715872905217,0.3971340200676324,2482153.0,4627.0,2592.0,10000.0,True,False
7,24,11131497191269544086,ML-DSA-87,0.0002936790697276592,0.0015021259896457195,0.006600972032174468,0.0012393170036375523,0.006392366951331496,0.006436320021748543,22.1891570299631,0.35190237314104084,2482153.0,4627.0,2592.0,10000.0,True,False
7,24,10750930676359851193,ML-DSA-87,0.00018386694137006998,0.0013717300025746226,0.006487831939011812,0.0011458679800853133,0.0062625870341435075,0.006307055940851569,10.719603961915709,0.37136437796270505,2482153.0,4627.0,2592.0,10000.0,True,False
7,25,11131497191269544086,ML-DSA-87,0.0004448349354788661,0.002132436027750373,0.0096042410004884,0.0010719380807131529,0.006391696981154382,0.006481743068434298,21.9867744470248,0.33333109826230395,2482153.0,4627.0,2592.0,10000.0,True,False
7,25,14875882349959040426,ML-DSA-87,0.0004043860826641321,0.003170495037920773,0.009287914959713817,0.0011231789831072092,0.006232397980056703,0.006280908011831343,22.101307670003735,0.32233843965509446,2482153.0,4627.0,2592.0,10000.0,True,False
7,25,11367324329845221509,ML-DSA-87,0.00019639392849057913,0.0018199949990957975,0.007008753949776292,0.0010879839537665248,0.006206840043887496,0.006250467034988105,22.198122968897223,0.3220875173459014,2482153.0,4627.0,2592.0,10000.0,True,False
7,25,15713085250155599224,ML-DSA-87,0.00031438900623470545,0.0015245440881699324,0.006545155076310039,0.00113490701187402,0.006330557982437313,0.0063757660100236535,22.182027518050745,0.3495266996591855,2482153.0,4627.0,2592.0,10000.0,True,False
7,25,10750930676359851193,ML-DSA-87,0.00018609105609357357,0.001393317012116313,0.006251760991290212,0.001059264992363751,0.0062983440002426505,0.006340407067909837,10.635159388068132,0.3306747457464806,2482153.0,4627.0,2592.0,10000.0,True,False
7,26,14875882349959040426,ML-DSA-87,0.00041754194535315037,0.0026846230030059814,0.007499737897887826,0.0011322899954393506,0.006331442971713841,0.006419512093998492,21.783530035056174,0.28217515305797464,2482153.0,4627.0,2592.0,10000.0,True,False
7,26,11131497191269544086,ML-DSA-87,0.00021364109124988317,0.00242408097255975,0.007260647020302713,0.0011870389571413398,0.006297582993283868,0.00634411396458745,22.018142589950003,0.3122787226940663,2482153.0,4627.0,2592.0,10000.0,True,False
7,26,15713085250155599224,ML-DSA-87,0.00019905809313058853,0.0018151499098166823,0.007051800028420985,0.0014031330356374383,0.006213215063326061,0.006261241971515119,22.108799315057695,0.3213265263936676,2482153.0,4627.0,2592.0,10000.0,True,False
7,26,11367324329845221509,ML-DSA-87,0.0002485859440639615,0.0015005990862846375,0.006406540982425213,0.0011329660192131996,0.006226230994798243,0.0062736880499869585,22.36103359097615,0.3227588637328793,2482153.0,4627.0,2592.0,10000.0,True,False
7,26,10750930676359851193,ML-DSA-87,0.00018902996089309454,0.00134830002207309,0.006512247957289219,0.001040954957716167,0.006274076993577182,0.006313745980150998,10.760232600034215,0.3208763392868276,2482153.0,4627.0,2592.0,10000.0,True,False
7,27,15713085250155599224,ML-DSA-87,0.0006246269913390279,0.002610275987535715,0.009124758071266115,0.0011443090625107288,0.006342381937429309,0.006429068045690656,21.658746458007954,0.323202208038598,2482153.0,4627.0,2592.0,10000.0,True,False
7,27,11131497191269544086,ML-DSA-87,0.0002526940079405904,0.0024979859590530396,0.007298103999346495,0.0011333790607750416,0.006273663020692766,0.006321373977698386,21.76046885503456,0.30088189338444,2482153.0,4627.0,2592.0,10000.0,True,False
7,27,11367324329845221509,ML-DSA-87,0.0006041080923750997,0.001950470032170415,0.0073655020678415895,0.0010887449607253075,0.0062306070467457175,0.006273887003771961,21.711705656023696,0.30271869886386843,2482153.0,4627.0,2592.0,10000.0,True,False
7,27,14875882349959040426,ML-DSA-87,0.00018481409642845392,0.0014610548969358206,0.00646670104470104,0.0011355419410392642,0.006335006095468998,0.006381966988556087,21.755904385936446,0.28580272886842584,2482153.0,4627.0,2592.0,10000.0,True,False
7,27,10750930676359851193,ML-DSA-87,0.00018360000103712082,0.0013974939938634634,0.006449660053476691,0.0011444920673966408,0.0063427460845559835,0.00638733699452132,10.627234912011772,0.31008830354117545,2482153.0,4627.0,2592.0,10000.0,True,False
7,28,11367324329845221509,ML-DSA-87,0.0003392720827832818,0.002388556022197008,0.009980571107007563,0.0015304110711440444,0.00672196492087096,0.006809905054979026,22.25791345105972,0.2820715430511025,2482153.0,4627.0,2592.0,10000.0,True,False
7,28,11131497191269544086,ML-DSA-87,0.0002928050234913826,0.0021365219727158546,0.009122037910856307,0.001369584002532065,0.006578569067642093,0.006629494950175285,22.457946112030186,0.3021033767658396,2482153.0,4627.0,2592.0,10000.0,True,False
7,28,14875882349959040426,ML-DSA-87,0.00019116897601634264,0.001864077989012003,0.007187364040873945,0.0013004130451008677,0.006423307931981981,0.006465943064540625,22.50525668100454,0.28958764385964614,2482153.0,4627.0,2592.0,10000.0,True,False
7,28,15713085250155599224,ML-DSA-87,0.00018679199274629354,0.001539116958156228,0.00657309393864125,0.001157386926934123,0.006481903023086488,0.006526345037855208,22.61476139095612,0.3182065430284737,2482153.0,4627.0,2592.0,10000.0,True,False
7,28,10750930676359851193,ML-DSA-87,0.00019133195746690035,0.0014634529361501336,0.006559011060744524,0.0012665650574490428,0.006377161014825106,0.006420049001462758,10.913823766983114,0.29058943483115623,2482153.0,4627.0,2592.0,10000.0,True,False
7,29,11367324329845221509,ML-DSA-87,0.00040952092967927456,0.003116343985311687,0.009615184972062707,0.001053777989000082,0.006269585923291743,0.0063527029706165195,21.826596030034125,0.27747303148740515,2482153.0,4627.0,2592.0,10000.0,True,False
7,29,11131497191269544086,ML-DSA-87,0.0003473670221865177,0.0018439529230818152,0.007424534996971488,0.0013192270416766405,0.0062431920086964965,0.006289934040978551,22.060726449941285,0.2759501755671998,2482153.0,4627.0,2592.0,10000.0,True,False
7,29,15713085250155599224,ML-DSA-87,0.0002537210239097476,0.0014367280527949333,0.006474826950579882,0.0013759610010311007,0.006265591946430504,0.006309572956524789,22.131190511980094,0.3071892821340087,2482153.0,4627.0,2592.0,10000.0,True,False
7,29,14875882349959040426,ML-DSA-87,0.0002850299933925271,0.0025890800170600414,0.009144149953499436,0.0011167429620400071,0.006198714952915907,0.006245182012207806,22.07839386491105,0.2573978301091566,2482153.0,4627.0,2592.0,10000.0,True,False
7,29,10750930676359851193,ML-DSA-87,0.00018365506548434496,0.001387645024806261,0.006379893980920315,0.0010527409613132477,0.0065491830464452505,0.006591051002033055,10.562129866913892,0.2906499501174917,2482153.0,4627.0,2592.0,10000.0,True,False
7,30,11367324329845221509,ML-DSA-87,0.0002671460388228297,0.003275446011684835,0.007963007083162665,0.0011410160223022103,0.006308587966486812,0.006393529009073973,21.965467212023214,0.26492678911422196,2482153.0,4627.0,2592.0,10000.0,True,False
7,30,11131497191269544086,ML-DSA-87,0.0002873059129342437,0.001784752937965095,0.009299222030676901,0.0011548430193215609,0.0062359439907595515,0.0062864209758117795,22.073739776038565,0.2660198660192493,2482153.0,4627.0,2592.0,10000.0,True,False
7,30,15713085250155599224,ML-DSA-87,0.00035349500831216574,0.0017479860689491034,0.007024287013337016,0.00116722600068897,0.0062642949633300304,0.006309302058070898,22.23526478698477,0.27493851293196764,2482153.0,4627.0,2592.0,10000.0,True,False
7,30,14875882349959040426,ML-DSA-87,0.0002685290528461337,0.0014937679516151547,0.006605623988434672,0.001118647982366383,0.006210824009031057,0.006256524007767439,22.386545818997547,0.26264881547659447,2482153.0,4627.0,2592.0,10000.0,True,False
7,30,10750930676359851193,ML-DSA-87,0.00018675997853279114,0.0013899389887228608,0.006320080952718854,0.0011198159772902727,0.006230556988157332,0.006275314022786915,11.082824536017142,0.2838186852041834,2482153.0,4627.0,2592.0,10000.0,True,False
8,1,16073036105220242741,ML-DSA-87,0.0014057200169190764,0.0021610200637951493,0.007187448092736304,0.0011387249687686563,0.006577190011739731,0.006735112052410841,21.13305068493355,1.9252677142810517,2482153.0,4627.0,2592.0,10000.0,True,False
8,1,8399689440409722021,ML-DSA-87,0.001688587013632059,0.0029933599289506674,0.01117134396918118,0.0013469919795170426,0.006283879047259688,0.006398100988008082,21.36886294092983,1.8683447955896297,2482153.0,4627.0,2592.0,10000.0,True,False
8,1,8477352868996550299,ML-DSA-87,0.0011761110508814454,0.0018530050292611122,0.0071582000236958265,0.0011544340522959828,0.0062285009771585464,0.0062815300188958645,21.750824129092507,1.8750128818396181,2482153.0,4627.0,2592.0,10000.0,True,False
8,1,16166990626900603489,ML-DSA-87,0.0009812279604375362,0.0016692110802978277,0.006687658024020493,0.001098256092518568,0.00629831594415009,0.006350939045660198,21.43923032504972,1.9357914517101007,2482153.0,4627.0,2592.0,10000.0,True,False
8,1,16829575113128107523,ML-DSA-87,0.00018992903642356396,0.0013586910208687186,0.0063924279529601336,0.0011518859537318349,0.006523007992655039,0.006584916030988097,10.578402200015262,1.909565952258369,2482153.0,4627.0,2592.0,10000.0,True,False
8,2,16073036105220242741,ML-DSA-87,0.0002578550484031439,0.0019808399956673384,0.007325954036787152,0.0011671899119392037,0.006474972935393453,0.006562563008628786,21.89072770997882,1.6213875666213111,2482153.0,4627.0,2592.0,10000.0,True,False
8,2,16166990626900603489,ML-DSA-87,0.0003646420082077384,0.0030872769420966506,0.01033268601167947,0.0011419480433687568,0.0063968629110604525,0.00644890998955816,22.006064106011763,1.6486333810483305,2482153.0,4627.0,2592.0,10000.0,True,False
8,2,8477352868996550299,ML-DSA-87,0.0003371770726516843,0.001819989993236959,0.006405247957445681,0.0011215730337426066,0.006374779972247779,0.0064401410054415464,22.173464343999512,1.6294769229599462,2482153.0,4627.0,2592.0,10000.0,True,False
8,2,8399689440409722021,ML-DSA-87,0.0002471610205247998,0.0018048649653792381,0.006854249048046768,0.0010987590067088604,0.0062623979756608605,0.006311801029369235,22.177931145066395,1.6177547541670143,2482153.0,4627.0,2592.0,10000.0,True,False
8,2,16829575113128107523,ML-DSA-87,0.00025344500318169594,0.0013417029986158013,0.0065200700191780925,0.0011293429415673018,0.006495570996776223,0.0065453340066596866,10.848871557042003,1.6163850565687916,2482153.0,4627.0,2592.0,10000.0,True,False
8,3,16166990626900603489,ML-DSA-87,0.00035792100243270397,0.004069403046742082,0.008818542934022844,0.0011372229782864451,0.006598249077796936,0.006688262103125453,21.82172128104139,1.464488595819321,2482153.0,4627.0,2592.0,10000.0,True,False
8,3,16073036105220242741,ML-DSA-87,0.0004138860385864973,0.002043758053332567,0.010231412015855312,0.0011764150112867355,0.006268345983698964,0.006322070956230164,21.99125008005649,1.4497203470799869,2482153.0,4627.0,2592.0,10000.0,True,False
8,3,8399689440409722021,ML-DSA-87,0.00018467602785676718,0.0016706789610907435,0.009153680060990155,0.001112033030949533,0.006319709005765617,0.006368462927639484,22.033485942985862,1.4594427301479986,2482153.0,4627.0,2592.0,10000.0,True,False
8,3,8477352868996550299,ML-DSA-87,0.0001865809317678213,0.0015226510586217046,0.006723903934471309,0.001110806013457477,0.006349927978590131,0.006398507044650614,22.240549098001793,1.4772576746849206,2482153.0,4627.0,2592.0,10000.0,True,False
8,3,16829575113128107523,ML-DSA-87,0.00025005603674799204,0.0014052970800548792,0.0063348900293931365,0.0012058470165356994,0.006246605888009071,0.006296818028204143,10.594648931059055,1.4534931716065818,2482153.0,4627.0,2592.0,10000.0,True,False
8,4,16166990626900603489,ML-DSA-87,0.00026870297733694315,0.0021202409407123923,0.010036003077402711,0.0011098900577053428,0.006342315929941833,0.006429241970181465,21.641949295066297,1.3368228510164986,2482153.0,4627.0,2592.0,10000.0,True,False
8,4,8477352868996550299,ML-DSA-87,0.00033008295577019453,0.0018288790015503764,0.00785082601942122,0.0011276979930698872,0.006183309946209192,0.006233045016415417,21.741578078013845,1.3241723901547564,2482153.0,4627.0,2592.0,10000.0,True,False
8,4,8399689440409722021,ML-DSA-87,0.0005679009482264519,0.0022753990488126874,0.007294412003830075,0.0011094859801232815,0.006251026992686093,0.006299772998318076,22.052173914038576,1.3336282096350918,2482153.0,4627.0,2592.0,10000.0,True,False
8,4,16073036105220242741,ML-DSA-87,0.00018825707957148552,0.0014586240286007524,0.006477618939243257,0.0011065170401707292,0.006232112995348871,0.0062820580787956715,22.15159203996882,1.3091728182646414,2482153.0,4627.0,2592.0,10000.0,True,False
8,4,16829575113128107523,ML-DSA-87,0.000250750919803977,0.0013798329746350646,0.006341592059470713,0.0011302869534119964,0.006314283004030585,0.00636419199872762,10.62663205806166,1.3319977177217746,2482153.0,4627.0,2592.0,10000.0,True,False
8,5,8399689440409722021,ML-DSA-87,0.00024133396800607443,0.0022953819716349244,0.007616303046233952,0.0011351159773766994,0.006267316988669336,0.0063567409524694085,21.30990282294806,1.212093820777564,2482153.0,4627.0,2592.0,10000.0,True,False
8,5,8477352868996550299,ML-DSA-87,0.0003496559802442789,0.003230600035749376,0.009278261917643249,0.0011047370498999953,0.0063222990138456225,0.006371308001689613,21.490956350928172,1.224633158014986,2482153.0,4627.0,2592.0,10000.0,True,False
8,5,16166990626900603489,ML-DSA-87,0.0001985739218071103,0.0021384169813245535,0.0071231829933822155,0.0011804720852524042,0.006258002948015928,0.006306733004748821,21.845485702971928,1.2240035069255402,2482153.0,4627.0,2592.0,10000.0,True,False
8,5,16073036105220242741,ML-DSA-87,0.00019615294877439737,0.0014502539997920394,0.006446664920076728,0.0012123730266466737,0.006244666990824044,0.00629444292280823,21.87614874902647,1.20917431405558,2482153.0,4627.0,2592.0,10000.0,True,False
8,5,16829575113128107523,ML-DSA-87,0.00018595298752188683,0.0013948859414085746,0.006331907003186643,0.0011141389841213822,0.006449277047067881,0.006498118047602475,10.711881424067542,1.222092704651074,2482153.0,4627.0,2592.0,10000.0,True,False
8,6,8477352868996550299,ML-DSA-87,0.00036673806607723236,0.0036178320879116654,0.007870553992688656,0.0011774859158322215,0.006254788022488356,0.006341360975056887,21.616843212977983,1.1236002800373224,2482153.0,4627.0,2592.0,10000.0,True,False
8,6,16073036105220242741,ML-DSA-87,0.00026911403983831406,0.002187273930758238,0.00952306599356234,0.0011021359823644161,0.00615656899753958,0.006205230951309204,21.624386906973086,1.1186089704211908,2482153.0,4627.0,2592.0,10000.0,True,False
8,6,8399689440409722021,ML-DSA-87,0.00019056594464927912,0.0014972909120842814,0.006864755065180361,0.001166732981801033,0.006210491061210632,0.006258019944652915,21.806777890888043,1.115770911065915,2482153.0,4627.0,2592.0,10000.0,True,False
8,6,16166990626900603489,ML-DSA-87,0.0002542509464547038,0.0015522639732807875,0.0064701560186222196,0.0010895460145547986,0.006206977064721286,0.006253872998058796,22.000598613056354,1.1211206349321068,2482153.0,4627.0,2592.0,10000.0,True,False
8,6,16829575113128107523,ML-DSA-87,0.00024354294873774052,0.0013324080500751734,0.006531198974698782,0.0011109260376542807,0.0062235689256340265,0.006272880011238158,10.605332872015424,1.1468270547664203,2482153.0,4627.0,2592.0,10000.0,True,False
8,7,16166990626900603489,ML-DSA-87,0.0003218709025532007,0.002226712997071445,0.0071291199419647455,0.0011878060176968575,0.006360422936268151,0.006463202997110784,21.688687362940982,1.0423187918175523,2482153.0,4627.0,2592.0,10000.0,True,False
8,7,16073036105220242741,ML-DSA-87,0.00036108598578721285,0.0035794529831036925,0.008100234088487923,0.0012102730106562376,0.006280794972553849,0.006329759955406189,21.68573251599446,1.0228434016529364,2482153.0,4627.0,2592.0,10000.0,True,False
8,7,8477352868996550299,ML-DSA-87,0.0002569659845903516,0.0017557500395923853,0.007113708066754043,0.0011596489930525422,0.006243001902475953,0.00629267399199307,21.74727339693345,1.036864944921134,2482153.0,4627.0,2592.0,10000.0,True,False
8,7,8399689440409722021,ML-DSA-87,0.00024928199127316475,0.0014568408951163292,0.006414629053324461,0.001176426070742309,0.006249753991141915,0.006298410007730126,21.867778816027567,1.019689648676985,2482153.0,4627.0,2592.0,10000.0,True,False
8,7,16829575113128107523,ML-DSA-87,0.0001876959577202797,0.0014126000460237265,0.006435490096919239,0.0011065270518884063,0.006349382922053337,0.006406186963431537,10.684121350059286,1.063128718743309,2482153.0,4627.0,2592.0,10000.0,True,False
8,8,16073036105220242741,ML-DSA-87,0.00042298506014049053,0.002025834983214736,0.009545908076688647,0.00113766104914248,0.00631656392943114,0.0064018130069598556,20.972907880088314,0.9767549883443326,2482153.0,4627.0,2592.0,10000.0,True,False
8,8,16166990626900603489,ML-DSA-87,0.0003194219898432493,0.002845610026270151,0.010285502998158336,0.001096902065910399,0.006228107027709484,0.006276353029534221,20.83794745989144,0.9652254268193778,2482153.0,4627.0,2592.0,10000.0,True,False
8,8,8399689440409722021,ML-DSA-87,0.0002086780732497573,0.0018562839832156897,0.007090219995006919,0.0012793770292773843,0.006238506059162319,0.006289209937676787,21.386976888985373,0.9478287412145268,2482153.0,4627.0,2592.0,10000.0,True,False
8,8,8477352868996550299,ML-DSA-87,0.00019089900888502598,0.001516286050900817,0.006518529960885644,0.0010960760992020369,0.006248201942071319,0.006295521976426244,21.467119926935993,0.9535943066921478,2482153.0,4627.0,2592.0,10000.0,True,False
8,8,16829575113128107523,ML-DSA-87,0.0002585690235719085,0.001374332932755351,0.0066032400354743,0.0011836900375783443,0.006179225048981607,0.006227984093129635,10.728981354041025,0.9820154229292093,2482153.0,4627.0,2592.0,10000.0,True,False
8,9,8399689440409722021,ML-DSA-87,0.0005088730249553919,0.002760032075457275,0.00805510999634862,0.0011100120609626174,0.006292851991020143,0.006379980011843145,21.380254131974652,0.8735705893070173,2482153.0,4627.0,2592.0,10000.0,True,False
8,9,16073036105220242741,ML-DSA-87,0.00028373394161462784,0.0024913939414545894,0.007231567986309528,0.0011380789801478386,0.006222271011210978,0.006270988960750401,21.59486440801993,0.8894310746901333,2482153.0,4627.0,2592.0,10000.0,True,False
8,9,16166990626900603489,ML-DSA-87,0.000197033048607409,0.0020301019540056586,0.0070664879167452455,0.001131960074417293,0.00633756909519434,0.006386999972164631,21.647255931980908,0.8915241901486065,2482153.0,4627.0,2592.0,10000.0,True,False
8,9,8477352868996550299,ML-DSA-87,0.0003189470153301954,0.0016191659960895777,0.00895600498188287,0.0011423890246078372,0.0062412789557129145,0.006289253011345863,21.788859119056724,0.8910958689813036,2482153.0,4627.0,2592.0,10000.0,True,False
8,9,16829575113128107523,ML-DSA-87,0.0001916070468723774,0.001352821011096239,0.006263034068979323,0.0011166940676048398,0.006305926013737917,0.006353859091177583,10.432882350985892,0.9183410971690291,2482153.0,4627.0,2592.0,10000.0,True,False
8,10,16073036105220242741,ML-DSA-87,0.00034783699084073305,0.003252577967941761,0.008452681009657681,0.0012643419904634356,0.006560257985256612,0.006642165943048894,21.7056862100726,0.8279810275513524,2482153.0,4627.0,2592.0,10000.0,True,False
8,10,16166990626900603489,ML-DSA-87,0.0002984890015795827,0.002454472007229924,0.010183991980738938,0.0011327100219205022,0.006423149025067687,0.006469048908911645,21.788029980030842,0.8256567108174102,2482153.0,4627.0,2592.0,10000.0,True,False
8,10,8399689440409722021,ML-DSA-87,0.00031482905615121126,0.0021318269427865744,0.010283456067554653,0.0011463069822639227,0.006420840974897146,0.006467583007179201,21.84800781600643,0.8293443557362967,2482153.0,4627.0,2592.0,10000.0,True,False
8,10,8477352868996550299,ML-DSA-87,0.0002544880844652653,0.00171174097340554,0.0067361859837546945,0.0011678430018946528,0.0063818549970164895,0.006428114022128284,21.963763765990734,0.8374937295723266,2482153.0,4627.0,2592.0,10000.0,True,False
8,10,16829575113128107523,ML-DSA-87,0.000250985031016171,0.0013979070354253054,0.006551081081852317,0.0012019099667668343,0.006304310983978212,0.006350202951580286,10.45853510091547,0.8379732801224857,2482153.0,4627.0,2592.0,10000.0,True,False
8,11,16166990626900603489,ML-DSA-87,0.0004073560703545809,0.002015903010033071,0.007508913055062294,0.0011254050768911839,0.006269179983064532,0.006356918951496482,21.415565819945186,0.7741460353136063,2482153.0,4627.0,2592.0,10000.0,True,False
8,11,16073036105220242741,ML-DSA-87,0.0003097369335591793,0.0026766789378598332,0.00918533792719245,0.0010853740386664867,0.006390166003257036,0.006437423056922853,21.578207359067164,0.7740816770079798,2482153.0,4627.0,2592.0,10000.0,True,False
8,11,8477352868996550299,ML-DSA-87,0.00018332398030906916,0.0015136490110307932,0.007045991951599717,0.0011396219488233328,0.0063203920144587755,0.006367871072143316,21.658709481940605,0.7766092760970418,2482153.0,4627.0,2592.0,10000.0,True,False
8,11,8399689440409722021,ML-DSA-87,0.00024950492661446333,0.0014975100057199597,0.006361432024277747,0.00110706000123173,0.006319351959973574,0.006365459994412959,21.756825495045632,0.7734767374710534,2482153.0,4627.0,2592.0,10000.0,True,False
8,11,16829575113128107523,ML-DSA-87,0.00019536400213837624,0.0013937799958512187,0.00642539793625474,0.0011400319635868073,0.006191605934873223,0.0062369899824261665,10.540499665075913,0.7873172407237866,2482153.0,4627.0,2592.0,10000.0,True,False
8,12,16073036105220242741,ML-DSA-87,0.00025028001982718706,0.002093311049975455,0.008256355067715049,0.0011459699599072337,0.006279133027419448,0.006363713997416198,21.44409853394609,0.7210820427717873,2482153.0,4627.0,2592.0,10000.0,True,False
8,12,16166990626900603489,ML-DSA-87,0.00029674998950213194,0.002037024940364063,0.0089015809353441,0.0011224379995837808,0.0061908039497211576,0.006238747970201075,21.685065962024964,0.7167224466277007,2482153.0,4627.0,2592.0,10000.0,True,False
8,12,8399689440409722021,ML-DSA-87,0.00020628399215638638,0.0015513349790126085,0.006462511955760419,0.0010896690655499697,0.00622363795991987,0.006272247992455959,21.927566090016626,0.7060243465934699,2482153.0,4627.0,2592.0,10000.0,True,False
8,12,8477352868996550299,ML-DSA-87,0.00019877904560416937,0.0024891040520742536,0.0074425459606572986,0.0011374879395589232,0.006271207006648183,0.006321003078483045,21.844159419997595,0.7288177541364877,2482153.0,4627.0,2592.0,10000.0,True,False
8,12,16829575113128107523,ML-DSA-87,0.00024698697961866856,0.00134982296731323,0.006551977014169097,0.0011164729949086905,0.00618899695109576,0.006238606059923768,10.634247777983546,0.7332911571374716,2482153.0,4627.0,2592.0,10000.0,True,False
8,13,16073036105220242741,ML-DSA-87,0.0002631329698488116,0.002037881058640778,0.007026022998616099,0.0011342620709910989,0.006239905953407288,0.006333949975669384,21.894220698974095,0.6760941839065796,2482153.0,4627.0,2592.0,10000.0,True,False
8,13,16166990626900603489,ML-DSA-87,0.00040660297963768244,0.001639669993892312,0.007139956927858293,0.0010752429952844977,0.00626969407312572,0.00631665694527328,21.914396269945428,0.6837490688735685,2482153.0,4627.0,2592.0,10000.0,True,False
8,13,8477352868996550299,ML-DSA-87,0.0005303920479491353,0.0028099759947508574,0.0074319279519841075,0.0011843229876831174,0.0062016729498282075,0.006253015017136931,21.83598679199349,0.6753036702593295,2482153.0,4627.0,2592.0,10000.0,True,False
8,13,8399689440409722021,ML-DSA-87,0.00019520195201039314,0.0014902899274602532,0.006427783984690905,0.0010888270335271955,0.006299467058852315,0.006346951005980372,22.268682418041863,0.6622992315993141,2482153.0,4627.0,2592.0,10000.0,True,False
8,13,16829575113128107523,ML-DSA-87,0.00018576299771666527,0.0013334010727703571,0.0064028940396383405,0.0011714010033756495,0.006242347997613251,0.006293729995377362,10.727326743071899,0.6817761893137194,2482153.0,4627.0,2592.0,10000.0,True,False
8,14,8399689440409722021,ML-DSA-87,0.0002938059624284506,0.0017383740050718188,0.010024713003076613,0.0011305209482088685,0.006339087965898216,0.006428538938052952,21.28752616303973,0.6377300607225004,2482153.0,4627.0,2592.0,10000.0,True,False
8,14,16073036105220242741,ML-DSA-87,0.00029112701304256916,0.0017992999637499452,0.01005868602078408,0.0011228499934077263,0.006241988041438162,0.006290226010605693,21.88443441595882,0.6225971469816308,2482153.0,4627.0,2592.0,10000.0,True,False
8,14,16166990626900603489,ML-DSA-87,0.00031059503089636564,0.0027857450768351555,0.008198971976526082,0.001125592039898038,0.0062025400111451745,0.006250050966627896,21.850064051919617,0.6319958295066136,2482153.0,4627.0,2592.0,10000.0,True,False
8,14,8477352868996550299,ML-DSA-87,0.00026879494544118643,0.001677101943641901,0.006654529017396271,0.0011070820037275553,0.006233155960217118,0.006279482040554285,21.933170197997242,0.6465022255913518,2482153.0,4627.0,2592.0,10000.0,True,False
8,14,16829575113128107523,ML-DSA-87,0.00019974203314632177,0.0013648240128532052,0.006441975012421608,0.0011063050478696823,0.006292373989708722,0.006341960048303008,10.587831355980597,0.6421579777385099,2482153.0,4627.0,2592.0,10000.0,True,False
8,15,8477352868996550299,ML-DSA-87,0.00027665006928145885,0.0028609029250219464,0.010285938973538578,0.0011232949327677488,0.006310838041827083,0.006396588985808194,21.54844972200226,0.6237680084122637,2482153.0,4627.0,2592.0,10000.0,True,False
8,15,16073036105220242741,ML-DSA-87,0.00032368593383580446,0.002178979921154678,0.0073900960851460695,0.0011814420577138662,0.006312828976660967,0.0063635449623689055,21.5795805149246,0.5917677558220613,2482153.0,4627.0,2592.0,10000.0,True,False
8,15,16166990626900603489,ML-DSA-87,0.0002445849822834134,0.001475677010603249,0.008190886001102626,0.0010857789311558008,0.006341443979181349,0.00639034400228411,21.9634349149419,0.6183698099380294,2482153.0,4627.0,2592.0,10000.0,True,False
8,15,8399689440409722021,ML-DSA-87,0.0002491819905117154,0.001475899014621973,0.006794428918510675,0.0010985650587826967,0.0062293370719999075,0.006287296069785953,22.017876826925203,0.5936089234706312,2482153.0,4627.0,2592.0,10000.0,True,False
8,15,16829575113128107523,ML-DSA-87,0.00018516601994633675,0.0012991259573027492,0.006292075966484845,0.0011121289571747184,0.0063014799961820245,0.006347499904222786,10.643262555007823,0.6007422017998779,2482153.0,4627.0,2592.0,10000.0,True,False
8,16,8399689440409722021,ML-DSA-87,0.00026154203806072474,0.002241377020254731,0.0077594059985131025,0.0011074329959228635,0.006331764976494014,0.0064165639923885465,21.424313890049234,0.5672186611892697,2482153.0,4627.0,2592.0,10000.0,True,False
8,16,16166990626900603489,ML-DSA-87,0.0003625539829954505,0.001804186962544918,0.010085194022394717,0.0010849740356206894,0.006278007058426738,0.006324991001747549,21.547549596056342,0.5754886797418038,2482153.0,4627.0,2592.0,10000.0,True,False
8,16,8477352868996550299,ML-DSA-87,0.0002308199182152748,0.0016191480681300163,0.0067093330435454845,0.001150288968347013,0.0061550510581582785,0.006203639903105795,21.86124230804853,0.5521850214717677,2482153.0,4627.0,2592.0,10000.0,True,False
8,16,16073036105220242741,ML-DSA-87,0.000380486948415637,0.0016664030263200402,0.008757169009186327,0.0010792110115289688,0.006305314949713647,0.006353901932016015,21.866205019992776,0.574937790513229,2482153.0,4627.0,2592.0,10000.0,True,False
8,16,16829575113128107523,ML-DSA-87,0.00018619897309690714,0.0013452509883791208,0.006373487995006144,0.0011181860463693738,0.006283580092713237,0.006332065095193684,10.572302078944631,0.5814947728841259,2482153.0,4627.0,2592.0,10000.0,True,False
8,17,8399689440409722021,ML-DSA-87,0.00030569301452487707,0.0034160329960286617,0.007809062022715807,0.00116154202260077,0.006191690918058157,0.006273673032410443,21.417714718030766,0.5244745758775705,2482153.0,4627.0,2592.0,10000.0,True,False
8,17,8477352868996550299,ML-DSA-87,0.0003232760354876518,0.0020517329685389996,0.010493997018784285,0.0010833210544660687,0.006286400021053851,0.006334117031656206,21.265752419945784,0.5302195379766412,2482153.0,4627.0,2592.0,10000.0,True,False
8,17,16073036105220242741,ML-DSA-87,0.0003797590034082532,0.0016895129811018705,0.007515495992265642,0.0011095319641754031,0.006230283994227648,0.006277872947975993,21.273163913050666,0.5140351967308849,2482153.0,4627.0,2592.0,10000.0,True,False
8,17,16166990626900603489,ML-DSA-87,0.00018642598297446966,0.001562899095006287,0.006378386984579265,0.0011133139487355947,0.006158656906336546,0.006203724886290729,21.613066005986184,0.5339274674285048,2482153.0,4627.0,2592.0,10000.0,True,False
8,17,16829575113128107523,ML-DSA-87,0.0002489299513399601,0.001404674956575036,0.006434214999899268,0.0010733730159699917,0.006207816069945693,0.006253354949876666,10.807365503977053,0.5194742798019713,2482153.0,4627.0,2592.0,10000.0,True,False
8,18,8477352868996550299,ML-DSA-87,0.0007416969165205956,0.0031566639663651586,0.010182427940890193,0.0011122679570689797,0.0062759899301454425,0.00636268500238657,21.010374619043432,0.493775966508796,2482153.0,4627.0,2592.0,10000.0,True,False
8,18,8399689440409722021,ML-DSA-87,0.0002671330003067851,0.001964302035048604,0.009986911085434258,0.0010836239671334624,0.006266700918786228,0.006322029046714306,21.183609385974705,0.5082406188590458,2482153.0,4627.0,2592.0,10000.0,True,False
8,18,16166990626900603489,ML-DSA-87,0.00019386294297873974,0.0026765449438244104,0.00766988901887089,0.0010848400415852666,0.006303559057414532,0.006350222043693066,21.131646865047514,0.49496367438354144,2482153.0,4627.0,2592.0,10000.0,True,False
8,18,16073036105220242741,ML-DSA-87,0.00019679195247590542,0.0014724460197612643,0.006505545927211642,0.0010811469983309507,0.0062345280312001705,0.00628292397595942,21.244923038990237,0.5016770564590971,2482153.0,4627.0,2592.0,10000.0,True,False
8,18,16829575113128107523,ML-DSA-87,0.00018538604490458965,0.0013317749835550785,0.006469690008088946,0.0011224569752812386,0.006178267067298293,0.006226364988833666,10.482245442108251,0.5113991925451226,2482153.0,4627.0,2592.0,10000.0,True,False
8,19,16073036105220242741,ML-DSA-87,0.00039605400525033474,0.0017735660076141357,0.009306145017035306,0.0013257210375741124,0.007818309939466417,0.0079229730181396,21.38627588492818,0.46394970485815606,2482153.0,4627.0,2592.0,10000.0,True,False
8,19,16166990626900603489,ML-DSA-87,0.0002781859366223216,0.0016865949146449566,0.010142058017663658,0.0012820989359170198,0.00760156603064388,0.007660257047973573,21.306665387004614,0.4783945710371478,2482153.0,4627.0,2592.0,10000.0,True,False
8,19,8399689440409722021,ML-DSA-87,0.0003395279636606574,0.0024584970669820905,0.007769508985802531,0.0011975000379607081,0.006450672051869333,0.0065068709664046764,21.55667480302509,0.48092132731200976,2482153.0,4627.0,2592.0,10000.0,True,False
8,19,8477352868996550299,ML-DSA-87,0.00019067199900746346,0.0017062830738723278,0.006542932009324431,0.001166471978649497,0.006235594977624714,0.006280826055444777,21.65224758000113,0.47279246898885735,2482153.0,4627.0,2592.0,10000.0,True,False
8,19,16829575113128107523,ML-DSA-87,0.00024727697018533945,0.0016868440434336662,0.006933595985174179,0.0011469520395621657,0.006391904084011912,0.006444511003792286,10.540593015030026,0.47963411200898715,2482153.0,4627.0,2592.0,10000.0,True,False
8,20,16073036105220242741,ML-DSA-87,0.00033082603476941586,0.0034489879617467523,0.007813028991222382,0.0011081020347774029,0.006343402084894478,0.006434262963011861,21.532355343922973,0.4537242280241971,2482153.0,4627.0,2592.0,10000.0,True,False
8,20,8477352868996550299,ML-DSA-87,0.00037134101148694754,0.001738685998134315,0.009813396958634257,0.0011816159822046757,0.006459697964601219,0.0065094949677586555,21.543916249996983,0.45238637601653225,2482153.0,4627.0,2592.0,10000.0,True,False
8,20,16166990626900603489,ML-DSA-87,0.00032635696697980165,0.001965533010661602,0.007436022977344692,0.0011703779455274343,0.006210633087903261,0.006259114947170019,21.713060745038092,0.43051876636525505,2482153.0,4627.0,2592.0,10000.0,True,False
8,20,8399689440409722021,ML-DSA-87,0.0001930990256369114,0.0015584140783175826,0.006409808993339539,0.0010915419552475214,0.006645292043685913,0.00669286004267633,21.77851010498125,0.4499358722981744,2482153.0,4627.0,2592.0,10000.0,True,False
8,20,16829575113128107523,ML-DSA-87,0.0001846739323809743,0.0013987749116495252,0.006402955972589552,0.001162857050076127,0.006246394012123346,0.006295784958638251,10.597926517948508,0.45002585804214873,2482153.0,4627.0,2592.0,10000.0,True,False
8,21,16073036105220242741,ML-DSA-87,0.0004921359941363335,0.0024369279853999615,0.009710517013445497,0.001163371023721993,0.006252430961467326,0.006341560045257211,21.48167609097436,0.43603268955438473,2482153.0,4627.0,2592.0,10000.0,True,False
8,21,8399689440409722021,ML-DSA-87,0.00028436200227588415,0.0020574709633365273,0.009756573010236025,0.001342729083262384,0.006224507000297308,0.0062806949717924,21.690397328929976,0.4196309073331257,2482153.0,4627.0,2592.0,10000.0,True,False
8,21,8477352868996550299,ML-DSA-87,0.0004375079879537225,0.0028079230105504394,0.008186664897948503,0.0012819969560950994,0.006191003019921482,0.0062421070178970695,21.703161346027628,0.4266450786457275,2482153.0,4627.0,2592.0,10000.0,True,False
8,21,16166990626900603489,ML-DSA-87,0.000191238010302186,0.0015157050220295787,0.006488888990134001,0.0010774690890684724,0.00623916694894433,0.006287285010330379,21.81219021009747,0.4120442932144331,2482153.0,4627.0,2592.0,10000.0,True,False
8,21,16829575113128107523,ML-DSA-87,0.00018675194587558508,0.0013485340168699622,0.006234096013940871,0.0010934940073639154,0.006549077923409641,0.006595966988243163,10.63851311209146,0.43527750646511015,2482153.0,4627.0,2592.0,10000.0,True,False
8,22,16166990626900603489,ML-DSA-87,0.00027604494243860245,0.002690620021894574,0.010357067920267582,0.0010954730678349733,0.00633627490606159,0.006421964964829385,21.312553314957768,0.3795335318643255,2482153.0,4627.0,2592.0,10000.0,True,False
8,22,8477352868996550299,ML-DSA-87,0.00024111499078571796,0.0022171110613271594,0.008192167966626585,0.001111710094846785,0.006423921906389296,0.006473465007729828,21.664797993027605,0.4071537163941719,2482153.0,4627.0,2592.0,10000.0,True,False
8,22,16073036105220242741,ML-DSA-87,0.00020384194795042276,0.0021585399517789483,0.007124211988411844,0.0010869890684261918,0.006217979942448437,0.0062874689465388656,21.658362520043738,0.40629356156011076,2482153.0,4627.0,2592.0,10000.0,True,False
8,22,8399689440409722021,ML-DSA-87,0.00024984905030578375,0.001520734978839755,0.006467452039942145,0.0010882490314543247,0.006298469961620867,0.00634578091558069,21.76074969500769,0.38946032652649254,2482153.0,4627.0,2592.0,10000.0,True,False
8,22,16829575113128107523,ML-DSA-87,0.00024740106891840696,0.0013859260361641645,0.006345776957459748,0.0011213090037927032,0.006396048003807664,0.006444098893553019,10.89351769303903,0.38171004876791953,2482153.0,4627.0,2592.0,10000.0,True,False
8,23,16073036105220242741,ML-DSA-87,0.0003437260165810585,0.0019990570144727826,0.0074000629829242826,0.0010878680041059852,0.006287870928645134,0.006374284042976797,21.177610336104408,0.3981398459666739,2482153.0,4627.0,2592.0,10000.0,True,False
8,23,16166990626900603489,ML-DSA-87,0.0002487329766154289,0.0017087910091504455,0.007178541971370578,0.001081292051821947,0.006240835064090788,0.006314856931567192,21.50914316403214,0.3707708084580902,2482153.0,4627.0,2592.0,10000.0,True,False
8,23,8477352868996550299,ML-DSA-87,0.0002759380731731653,0.001863484038040042,0.010222475975751877,0.0011231080861762166,0.006691089947707951,0.006740947952494025,21.535344648058526,0.3839163586509209,2482153.0,4627.0,2592.0,10000.0,True,False
8,23,8399689440409722021,ML-DSA-87,0.00028090598061680794,0.0014445559354498982,0.006510708015412092,0.0010758520802482963,0.006249723024666309,0.0062972999876365066,21.84739906701725,0.35162328059871356,2482153.0,4627.0,2592.0,10000.0,True,False
8,23,16829575113128107523,ML-DSA-87,0.0001925410469993949,0.0013406819198280573,0.006328851915895939,0.0011247140355408192,0.0062033559661358595,0.006253001978620887,10.592897639027797,0.3937446049923381,2482153.0,4627.0,2592.0,10000.0,True,False
8,24,16073036105220242741,ML-DSA-87,0.0005062499549239874,0.001968434895388782,0.010765913059003651,0.0011383889941498637,0.0062301839934661984,0.006316227023489773,21.919606833951548,0.37440625263955263,2482153.0,4627.0,2592.0,10000.0,True,False
8,24,16166990626900603489,ML-DSA-87,0.000304230023175478,0.002407610067166388,0.010524365003220737,0.0011508959578350186,0.006268725963309407,0.006315783015452325,21.93230300594587,0.34739307260599,2482153.0,4627.0,2592.0,10000.0,True,False
8,24,8399689440409722021,ML-DSA-87,0.0004746760241687298,0.0024810120230540633,0.0077330670319497585,0.0012324880808591843,0.006567733944393694,0.00661311496514827,22.112678539007902,0.3584941496147206,2482153.0,4627.0,2592.0,10000.0,True,False
8,24,8477352868996550299,ML-DSA-87,0.00021203502546995878,0.0014945800649002194,0.0064165209187194705,0.001071415957994759,0.0062057600589469075,0.006252998951822519,22.271072319010273,0.3563213676017837,2482153.0,4627.0,2592.0,10000.0,True,False
8,24,16829575113128107523,ML-DSA-87,0.00018796301446855068,0.0013627870939671993,0.006300264038145542,0.001109682023525238,0.006285290000960231,0.006332011078484356,10.619649177999236,0.3738299175716056,2482153.0,4627.0,2592.0,10000.0,True,False
8,25,16166990626900603489,ML-DSA-87,0.00038749503437429667,0.002628039103001356,0.010516205918975174,0.0011570369824767113,0.006274595041759312,0.006372311967425048,21.647596083930694,0.3527756895551595,2482153.0,4627.0,2592.0,10000.0,True,False
8,25,8477352868996550299,ML-DSA-87,0.0003032740205526352,0.0017171839717775583,0.009682366973720491,0.0010734100360423326,0.00621220504399389,0.0062599299708381295,21.956162109039724,0.3342115042594294,2482153.0,4627.0,2592.0,10000.0,True,False
8,25,8399689440409722021,ML-DSA-87,0.00044690503273159266,0.0019388069631531835,0.008846652926877141,0.0011378709459677339,0.006175214075483382,0.006223574047908187,21.922328731045127,0.34290070110818927,2482153.0,4627.0,2592.0,10000.0,True,False
8,25,16073036105220242741,ML-DSA-87,0.00026926700957119465,0.0014397850027307868,0.00643998000305146,0.0012658479390665889,0.006239491049200296,0.006286700023338199,22.01396539795678,0.35962978370499593,2482153.0,4627.0,2592.0,10000.0,True,False
8,25,16829575113128107523,ML-DSA-87,0.00018371909391134977,0.0013419430470094085,0.0063337989849969745,0.0012369340984150767,0.006313287070952356,0.006362606072798371,10.63131472200621,0.3270050335151795,2482153.0,4627.0,2592.0,10000.0,True,False
8,26,16166990626900603489,ML-DSA-87,0.0002442969707772136,0.0016695200465619564,0.007268261979334056,0.0011426309356465936,0.006256057997234166,0.006365697947330773,21.412055199965835,0.3449474598040072,2482153.0,4627.0,2592.0,10000.0,True,False
8,26,16073036105220242741,ML-DSA-87,0.00038212304934859276,0.0033106490736827254,0.009391246014274657,0.001104639028199017,0.006294025923125446,0.006349065923132002,21.53225970105268,0.33321201019048596,2482153.0,4627.0,2592.0,10000.0,True,False
8,26,8477352868996550299,ML-DSA-87,0.00032181001733988523,0.001941318972967565,0.0073106769705191255,0.0011203159810975194,0.006219496019184589,0.006270603043958545,21.565576408989727,0.324504401668692,2482153.0,4627.0,2592.0,10000.0,True,False
8,26,8399689440409722021,ML-DSA-87,0.0002495800144970417,0.001446218928322196,0.0063855829648673534,0.0010752930538728833,0.006274931947700679,0.006361484061926603,21.702564659994096,0.3116332194961298,2482153.0,4627.0,2592.0,10000.0,True,False
8,26,16829575113128107523,ML-DSA-87,0.00019092403817921877,0.001332437968812883,0.006477038026787341,0.0011034880299121141,0.0063058079686015844,0.00635442603379488,11.040059791994281,0.318954629798274,2482153.0,4627.0,2592.0,10000.0,True,False
8,27,16166990626900603489,ML-DSA-87,0.0002475649816915393,0.0020976669620722532,0.007168306969106197,0.0011187170166522264,0.006347824004478753,0.0064316559582948685,21.42979525506962,0.30950362017800725,2482153.0,4627.0,2592.0,10000.0,True,False
8,27,8477352868996550299,ML-DSA-87,0.00018371408805251122,0.0015333599876612425,0.007045737002044916,0.0011050180764868855,0.006203631986863911,0.006250299979001284,21.621053400915116,0.3195013593169697,2482153.0,4627.0,2592.0,10000.0,True,False
8,27,8399689440409722021,ML-DSA-87,0.0003326709847897291,0.0024569149827584624,0.010200125980190933,0.001103416085243225,0.0062902009813115,0.006338269915431738,21.589406453073025,0.31417530228029755,2482153.0,4627.0,2592.0,10000.0,True,False
8,27,16073036105220242741,ML-DSA-87,0.0002530640922486782,0.001548086991533637,0.0064603600185364485,0.0010785820195451379,0.006510255974717438,0.006557626998983324,21.83637934399303,0.3625920644824426,2482153.0,4627.0,2592.0,10000.0,True,False
8,27,16829575113128107523,ML-DSA-87,0.00018174306023865938,0.0013687829487025738,0.0062681210692971945,0.0011349229607731104,0.006199177005328238,0.006246448960155249,10.678302711923607,0.3089002906791152,2482153.0,4627.0,2592.0,10000.0,True,False
8,28,16073036105220242741,ML-DSA-87,0.0003166410606354475,0.0016782109159976244,0.009341698023490608,0.0013244800502434373,0.006482850993052125,0.006573729915544391,21.602125974954106,0.3222045057970947,2482153.0,4627.0,2592.0,10000.0,True,False
8,28,8399689440409722021,ML-DSA-87,0.00027488998603075743,0.0022254069335758686,0.00939968996681273,0.0011156080290675163,0.00670535396784544,0.006751404027454555,21.755685386015102,0.2867144013475329,2482153.0,4627.0,2592.0,10000.0,True,False
8,28,16166990626900603489,ML-DSA-87,0.00043022504542022943,0.002360240090638399,0.009368650033138692,0.0012505409540608525,0.006290055927820504,0.00633860204834491,21.836331721046008,0.30083307528350584,2482153.0,4627.0,2592.0,10000.0,True,False
8,28,8477352868996550299,ML-DSA-87,0.00018671993166208267,0.0015467879129573703,0.006508348044008017,0.0011526700109243393,0.006315878010354936,0.00636230397503823,21.94503333501052,0.29259790553259085,2482153.0,4627.0,2592.0,10000.0,True,False
8,28,16829575113128107523,ML-DSA-87,0.00020356301683932543,0.0015215020393952727,0.0064682160736992955,0.001204838976264,0.006352100055664778,0.006398233002983034,10.564979010960087,0.314372829878673,2482153.0,4627.0,2592.0,10000.0,True,False
8,29,16166990626900603489,ML-DSA-87,0.000385720981284976,0.002024078043177724,0.0102501300862059,0.001135581056587398,0.006354324985295534,0.00644297304097563,21.589860239997506,0.28475133460029933,2482153.0,4627.0,2592.0,10000.0,True,False
8,29,8477352868996550299,ML-DSA-87,0.00028660090174525976,0.002481530071236193,0.00950177398044616,0.0011012140894308686,0.006201290991157293,0.0062488269759342074,21.694395135040395,0.2880820010613186,2482153.0,4627.0,2592.0,10000.0,True,False
8,29,16073036105220242741,ML-DSA-87,0.0002785229589790106,0.0019885259680449963,0.0067733690375462174,0.0010905750095844269,0.006205400917679071,0.006253001047298312,21.888025999069214,0.3231227682931676,2482153.0,4627.0,2592.0,10000.0,True,False
8,29,8399689440409722021,ML-DSA-87,0.0001873350702226162,0.0014989989576861262,0.006642804015427828,0.0012121800100430846,0.006501945899799466,0.006552616017870605,21.879236505017616,0.2754779989204813,2482153.0,4627.0,2592.0,10000.0,True,False
8,29,16829575113128107523,ML-DSA-87,0.000186040997505188,0.001358345034532249,0.006269612000323832,0.0010919159976765513,0.006201779004186392,0.006248848978430033,10.9407819500193,0.2742013302676308,2482153.0,4627.0,2592.0,10000.0,True,False
8,30,8477352868996550299,ML-DSA-87,0.00026429607532918453,0.0019120690412819386,0.010159570956602693,0.0011330059496685863,0.006242950912564993,0.006331922952085733,21.675510655040853,0.27712945827504637,2482153.0,4627.0,2592.0,10000.0,True,False
8,30,16166990626900603489,ML-DSA-87,0.0003802910214290023,0.0023177500115707517,0.01022291905246675,0.0010759379947558045,0.0061939009465277195,0.0062397930305451155,21.76847158803139,0.2808169389475351,2482153.0,4627.0,2592.0,10000.0,True,False
8,30,8399689440409722021,ML-DSA-87,0.00030204199720174074,0.0016203919658437371,0.007181819994002581,0.0011133120860904455,0.006320865941233933,0.006369698094204068,21.889098835992627,0.25372575756204063,2482153.0,4627.0,2592.0,10000.0,True,False
8,30,16073036105220242741,ML-DSA-87,0.00020413799211382866,0.0014908070443198085,0.006356957019306719,0.0010829990496858954,0.006279519991949201,0.00632580800447613,21.976034614956006,0.30796969692243603,2482153.0,4627.0,2592.0,10000.0,True,False
8,30,16829575113128107523,ML-DSA-87,0.00024625007063150406,0.0014191410737112164,0.006257984903641045,0.0011543820146471262,0.006212079897522926,0.0062598129734396935,10.894042626023293,0.2802480049989225,2482153.0,4627.0,2592.0,10000.0,True,False
9,1,6294345914901501588,ML-DSA-87,0.0018482800805941224,0.0020894219633191824,0.010661912034265697,0.0020425720140337944,0.006396695040166378,0.006526640034280717,21.498408189043403,1.9498847086970417,2482153.0,4627.0,2592.0,10000.0,True,False
9,1,6275643859160041192,ML-DSA-87,0.0012988640228286386,0.002003637026064098,0.007568783010356128,0.0013583350228145719,0.006183410994708538,0.006266967975534499,21.442180915968493,1.8877730780897048,2482153.0,4627.0,2592.0,10000.0,True,False
9,1,2487824215109408495,ML-DSA-87,0.001444288995116949,0.001896593952551484,0.006939999992027879,0.0010947659611701965,0.00627951801288873,0.006329796044155955,21.382456140010618,1.9003278832085215,2482153.0,4627.0,2592.0,10000.0,True,False
9,1,7562206009057261096,ML-DSA-87,0.0009912520181387663,0.001570702064782381,0.006711904890835285,0.0011364088859409094,0.006298425956629217,0.006348630995489657,21.25936589401681,1.8667052576717096,2482153.0,4627.0,2592.0,10000.0,True,False
9,1,429995589335851281,ML-DSA-87,0.00018403201829642057,0.0014951840275898576,0.006321110995486379,0.0011866349959746003,0.006246395991183817,0.006298564956523478,10.576977350981906,1.9858979013400337,2482153.0,4627.0,2592.0,10000.0,True,False
9,2,6294345914901501588,ML-DSA-87,0.0002836110070347786,0.0017366979736834764,0.010019702953286469,0.001245044986717403,0.006387487985193729,0.006470387917943299,21.55964196997229,1.670330805138658,2482153.0,4627.0,2592.0,10000.0,True,False
9,2,6275643859160041192,ML-DSA-87,0.0004991290625184774,0.00286937493365258,0.010103869019076228,0.001175133977085352,0.006527432939037681,0.006574422004632652,21.630835092975758,1.6462496503854331,2482153.0,4627.0,2592.0,10000.0,True,False
9,2,2487824215109408495,ML-DSA-87,0.00019261392299085855,0.0018489430658519268,0.0070419099647551775,0.0012122000334784389,0.006289764074608684,0.0063462089747190475,21.69929672195576,1.635385533872123,2482153.0,4627.0,2592.0,10000.0,True,False
9,2,7562206009057261096,ML-DSA-87,0.00019659195095300674,0.0018588589737191796,0.006484324927441776,0.0012374839279800653,0.006457758019678295,0.006502711912617087,21.782577160047367,1.6396282256220858,2482153.0,4627.0,2592.0,10000.0,True,False
9,2,429995589335851281,ML-DSA-87,0.00018832599744200706,0.0015062340535223484,0.006842773058451712,0.0012109109666198492,0.006452357047237456,0.006495857029221952,10.570813616970554,1.655483956154162,2482153.0,4627.0,2592.0,10000.0,True,False
9,3,6275643859160041192,ML-DSA-87,0.0004017628962174058,0.0031910439720377326,0.0076521700248122215,0.0013033649884164333,0.006325071910396218,0.006408068933524191,21.47468467906583,1.460611826505143,2482153.0,4627.0,2592.0,10000.0,True,False
9,3,7562206009057261096,ML-DSA-87,0.00018804299179464579,0.0015167039819061756,0.008299492998048663,0.001046197023242712,0.006470092921517789,0.006516831927001476,21.7060128969606,1.4675484309181237,2482153.0,4627.0,2592.0,10000.0,True,False
9,3,6294345914901501588,ML-DSA-87,0.00045060995034873486,0.00235520803835243,0.010031137964688241,0.001349829020909965,0.006221014074981213,0.006268469034694135,21.90603115002159,1.4669029288017712,2482153.0,4627.0,2592.0,10000.0,True,False
9,3,2487824215109408495,ML-DSA-87,0.0004064879612997174,0.00217361596878618,0.010223572957329452,0.0011170749785378575,0.006348602939397097,0.006397052900865674,21.92964229406789,1.446612030934221,2482153.0,4627.0,2592.0,10000.0,True,False
9,3,429995589335851281,ML-DSA-87,0.00018817407544702291,0.0013713629450649023,0.006437143078073859,0.0011069579049944878,0.006453660083934665,0.006498281960375607,10.823318146984093,1.4651000739667361,2482153.0,4627.0,2592.0,10000.0,True,False
9,4,6294345914901501588,ML-DSA-87,0.0005879489472135901,0.003445776063017547,0.010384956025518477,0.0011147690238431096,0.006352409953251481,0.006438818061724305,21.665058963932097,1.3385472966078371,2482153.0,4627.0,2592.0,10000.0,True,False
9,4,7562206009057261096,ML-DSA-87,0.00025592301972210407,0.0019141660304740071,0.00720969308167696,0.0011195190018042922,0.0062865749932825565,0.006334278034046292,21.768299176939763,1.3294623170416957,2482153.0,4627.0,2592.0,10000.0,True,False
9,4,6275643859160041192,ML-DSA-87,0.0002484299475327134,0.001862203935161233,0.007285121944732964,0.0010869910474866629,0.006212324951775372,0.006257163011468947,21.97618020698428,1.3201042733634243,2482153.0,4627.0,2592.0,10000.0,True,False
9,4,2487824215109408495,ML-DSA-87,0.0002581109292805195,0.0015731669263914227,0.006570530007593334,0.0011415110202506185,0.006290765944868326,0.006340469932183623,22.02128943707794,1.3197241316969022,2482153.0,4627.0,2592.0,10000.0,True,False
9,4,429995589335851281,ML-DSA-87,0.0001887449761852622,0.0013851189287379384,0.006520989001728594,0.0011466940632089972,0.006303107948042452,0.006352870957925916,10.718747342005372,1.324934366412056,2482153.0,4627.0,2592.0,10000.0,True,False
9,5,6275643859160041192,ML-DSA-87,0.000785769079811871,0.0045089819468557835,0.009152043960057199,0.001197339966893196,0.006342637003399432,0.006421491038054228,21.658469564048573,1.2189361788213444,2482153.0,4627.0,2592.0,10000.0,True,False
9,5,7562206009057261096,ML-DSA-87,0.0001840490149334073,0.0018017939291894436,0.010121127939783037,0.0010319530265405774,0.00628419395070523,0.006325076101347804,21.918234435957856,1.2195756991450397,2482153.0,4627.0,2592.0,10000.0,True,False
9,5,6294345914901501588,ML-DSA-87,0.00048405001871287823,0.0021594379795715213,0.007272926974110305,0.0013585129054263234,0.006190284970216453,0.006231416016817093,22.0105646540178,1.2271513862731738,2482153.0,4627.0,2592.0,10000.0,True,False
9,5,2487824215109408495,ML-DSA-87,0.0002690110122784972,0.001488704001531005,0.006633252021856606,0.0010533790336921811,0.006320460932329297,0.006364851025864482,22.116287308046594,1.2023610731664176,2482153.0,4627.0,2592.0,10000.0,True,False
9,5,429995589335851281,ML-DSA-87,0.0002553949598222971,0.0016639099922031164,0.006434477982111275,0.001113777980208397,0.006327211973257363,0.006367414956912398,10.631576284999028,1.2182096579966073,2482153.0,4627.0,2592.0,10000.0,True,False
9,6,6294345914901501588,ML-DSA-87,0.00023836095351725817,0.002805762109346688,0.009057500981725752,0.0011167499469593167,0.006276373052969575,0.0063626369228586555,21.5496139859315,1.13056635399596,2482153.0,4627.0,2592.0,10000.0,True,False
9,6,2487824215109408495,ML-DSA-87,0.000377763994038105,0.0020227819913998246,0.010472782887518406,0.0010692160576581955,0.006307519041001797,0.0063552469946444035,21.661096342955716,1.1181777014899938,2482153.0,4627.0,2592.0,10000.0,True,False
9,6,7562206009057261096,ML-DSA-87,0.00023986899759620428,0.0015195049345493317,0.006957705016247928,0.0010688839247450233,0.00626293895766139,0.006308009964413941,21.895025752019137,1.117621846282825,2482153.0,4627.0,2592.0,10000.0,True,False
9,6,6275643859160041192,ML-DSA-87,0.00030653004068881273,0.0022819330915808678,0.006899274070747197,0.0010664050932973623,0.006443994934670627,0.006488524959422648,21.89713903691154,1.1257348205334843,2482153.0,4627.0,2592.0,10000.0,True,False
9,6,429995589335851281,ML-DSA-87,0.0002529819030314684,0.0013465179363265634,0.006246651988476515,0.0011719639878720045,0.006343389977701008,0.006386213004589081,10.554194379015826,1.1247238322568778,2482153.0,4627.0,2592.0,10000.0,True,False
9,7,6294345914901501588,ML-DSA-87,0.00025142799131572247,0.002217079047113657,0.008422193932347,0.001103282906115055,0.006220031995326281,0.006305103073827922,21.705035540973768,1.0550348164555363,2482153.0,4627.0,2592.0,10000.0,True,False
9,7,7562206009057261096,ML-DSA-87,0.00024799106176942587,0.0016470999689772725,0.007081853924319148,0.0010920829372480512,0.0063210990047082305,0.006367044989019632,21.80932020698674,1.0563612993532858,2482153.0,4627.0,2592.0,10000.0,True,False
9,7,2487824215109408495,ML-DSA-87,0.0002175030531361699,0.0019683620193973184,0.007092090090736747,0.0014321210328489542,0.006232682964764535,0.0062789119547232985,22.123917429009452,1.0451541787709673,2482153.0,4627.0,2592.0,10000.0,True,False
9,7,6275643859160041192,ML-DSA-87,0.00021509802900254726,0.0014720989856868982,0.006479352945461869,0.0010974779725074768,0.006507460959255695,0.006559135974384844,22.191751159960404,1.0520571186519658,2482153.0,4627.0,2592.0,10000.0,True,False
9,7,429995589335851281,ML-DSA-87,0.00019093300215899944,0.0013056560419499874,0.006307344068773091,0.0010610780445858836,0.00640864809975028,0.00645551597699523,10.672119045979343,1.0472701958383615,2482153.0,4627.0,2592.0,10000.0,True,False
9,8,2487824215109408495,ML-DSA-87,0.0004230840131640434,0.0026775390142574906,0.007396254921332002,0.00116131198592484,0.006297952029854059,0.006388626992702484,21.500240150024183,0.9781304385524969,2482153.0,4627.0,2592.0,10000.0,True,False
9,8,6294345914901501588,ML-DSA-87,0.0005377109628170729,0.002963367966003716,0.007881309953518212,0.001172565040178597,0.006217512069270015,0.006265465985052288,21.772308247047476,0.9699847841986452,2482153.0,4627.0,2592.0,10000.0,True,False
9,8,6275643859160041192,ML-DSA-87,0.00024827802553772926,0.002681595040485263,0.00713881803676486,0.0011608100030571222,0.006480684969574213,0.006528455996885896,21.96304339391645,0.982201120057426,2482153.0,4627.0,2592.0,10000.0,True,False
9,8,7562206009057261096,ML-DSA-87,0.00018517195712774992,0.0014690919779241085,0.006402594968676567,0.0011573529336601496,0.006352082942612469,0.006402426981367171,21.997575943008997,0.9706339034409569,2482153.0,4627.0,2592.0,10000.0,True,False
9,8,429995589335851281,ML-DSA-87,0.00018617394380271435,0.0013909960398450494,0.006571912090294063,0.0010984729742631316,0.006343191955238581,0.006392920971848071,10.633544184966013,0.9797619006123406,2482153.0,4627.0,2592.0,10000.0,True,False
9,9,7562206009057261096,ML-DSA-87,0.0004490769933909178,0.0024123769253492355,0.0074263360584154725,0.0011755679734051228,0.0062981159426271915,0.006382444989867508,21.067849852028303,0.9043363096614996,2482153.0,4627.0,2592.0,10000.0,True,False
9,9,2487824215109408495,ML-DSA-87,0.0002540850546211004,0.002436692942865193,0.01103446097113192,0.0010924439411610365,0.0063250260427594185,0.0063763640355318785,21.002422363962978,0.9078574862343054,2482153.0,4627.0,2592.0,10000.0,True,False
9,9,6294345914901501588,ML-DSA-87,0.00032759702298790216,0.0026210069190710783,0.007581430021673441,0.001115511986427009,0.006240344955585897,0.006288506090641022,21.03360257903114,0.9051224705510246,2482153.0,4627.0,2592.0,10000.0,True,False
9,9,6275643859160041192,ML-DSA-87,0.00022329599596560001,0.001445318921469152,0.006589644937776029,0.0010934650199487805,0.006430748966522515,0.006475348956882954,21.542530998936854,0.9129657157884238,2482153.0,4627.0,2592.0,10000.0,True,False
9,9,429995589335851281,ML-DSA-87,0.0001821389887481928,0.0013841750333085656,0.006330493022687733,0.0013371919048950076,0.006347769987769425,0.006395503995008767,10.71076945005916,0.8895699943597324,2482153.0,4627.0,2592.0,10000.0,True,False
9,10,7562206009057261096,ML-DSA-87,0.0003251410089433193,0.0020682690665125847,0.007515889010392129,0.0011797220213338733,0.006390576018020511,0.006476586917415261,21.035820971010253,0.8416439776603406,2482153.0,4627.0,2592.0,10000.0,True,False
9,10,6294345914901501588,ML-DSA-87,0.00027446099556982517,0.002443062956444919,0.010590407066047192,0.001129364944063127,0.006218336056917906,0.006271266029216349,21.09762252692599,0.8376275314309727,2482153.0,4627.0,2592.0,10000.0,True,False
9,10,6275643859160041192,ML-DSA-87,0.00020720495376735926,0.0021425660233944654,0.0073838140815496445,0.001183168962597847,0.006221345975063741,0.006270265905186534,21.170463312068023,0.8433202864072574,2482153.0,4627.0,2592.0,10000.0,True,False
9,10,2487824215109408495,ML-DSA-87,0.0001934180036187172,0.0015959379961714149,0.006750497035682201,0.001072059036232531,0.006264928029850125,0.006310057011432946,21.377642033970915,0.8381499658091761,2482153.0,4627.0,2592.0,10000.0,True,False
9,10,429995589335851281,ML-DSA-87,0.0001857229508459568,0.0014034600462764502,0.006370523013174534,0.0011712369741871953,0.006309874937869608,0.0063563259318470955,10.568308716989122,0.8446658245100381,2482153.0,4627.0,2592.0,10000.0,True,False
9,11,2487824215109408495,ML-DSA-87,0.00043125206138938665,0.003060900024138391,0.009813724085688591,0.0012367090675979853,0.006414450006559491,0.006491022068075836,21.704530950984918,0.7700590160898507,2482153.0,4627.0,2592.0,10000.0,True,False
9,11,6294345914901501588,ML-DSA-87,0.000369998044334352,0.0020862220553681254,0.00706293701659888,0.0012362489942461252,0.0064572689589113,0.006504714023321867,21.817108992952853,0.7675564500470512,2482153.0,4627.0,2592.0,10000.0,True,False
9,11,7562206009057261096,ML-DSA-87,0.0002519800327718258,0.001580153009854257,0.006707791006192565,0.001192640047520399,0.006332968012429774,0.0063739430624991655,21.89839377696626,0.789558940326063,2482153.0,4627.0,2592.0,10000.0,True,False
9,11,6275643859160041192,ML-DSA-87,0.0002937209792435169,0.002287452109158039,0.008207067963667214,0.0012866019969806075,0.006362406071275473,0.006422890000976622,21.81127138598822,0.7635577581941891,2482153.0,4627.0,2592.0,10000.0,True,False
9,11,429995589335851281,ML-DSA-87,0.0001887830439954996,0.0013702529249712825,0.0064110420644283295,0.0011474089697003365,0.006381890969350934,0.006423202925361693,10.64315144799184,0.7775692516527237,2482153.0,4627.0,2592.0,10000.0,True,False
9,12,2487824215109408495,ML-DSA-87,0.00029900798108428717,0.0028738538967445493,0.008911872981116176,0.0011777599574998021,0.006221969029866159,0.0063135240925475955,21.566600595018826,0.7428760682336819,2482153.0,4627.0,2592.0,10000.0,True,False
9,12,6275643859160041192,ML-DSA-87,0.0003609579289332032,0.0015853969380259514,0.007359668961726129,0.0010906750103458762,0.006329494994133711,0.006379444035701454,21.899051482090726,0.715435149523016,2482153.0,4627.0,2592.0,10000.0,True,False
9,12,6294345914901501588,ML-DSA-87,0.0003483860054984689,0.0018879459239542484,0.007629171013832092,0.0013157069915905595,0.006248372024856508,0.006293731043115258,21.90694643103052,0.7316413203272195,2482153.0,4627.0,2592.0,10000.0,True,False
9,12,7562206009057261096,ML-DSA-87,0.00018870399799197912,0.0014735249569639564,0.006467561004683375,0.001076076994650066,0.006286780931986868,0.006331291981041431,21.976040466921404,0.713768324960535,2482153.0,4627.0,2592.0,10000.0,True,False
9,12,429995589335851281,ML-DSA-87,0.0001853780122473836,0.0013764440082013607,0.006296379957348108,0.001334983971901238,0.006357545033097267,0.006403086939826608,10.79661729093641,0.7143578394628561,2482153.0,4627.0,2592.0,10000.0,True,False
9,13,7562206009057261096,ML-DSA-87,0.0003740179818123579,0.0032265529735013843,0.00771218107547611,0.001087356940843165,0.006255135987885296,0.006335663958452642,21.7474612519145,0.6595802485419158,2482153.0,4627.0,2592.0,10000.0,True,False
9,13,6294345914901501588,ML-DSA-87,0.00039453792851418257,0.002666437067091465,0.00787480699364096,0.00117588194552809,0.006424057995900512,0.00647388503421098,21.710478014079854,0.6856779828905678,2482153.0,4627.0,2592.0,10000.0,True,False
9,13,2487824215109408495,ML-DSA-87,0.00024353107437491417,0.002051051938906312,0.007103590993210673,0.0010660740081220865,0.006317903054878116,0.006372534087859094,21.845104668987915,0.6708922118138962,2482153.0,4627.0,2592.0,10000.0,True,False
9,13,6275643859160041192,ML-DSA-87,0.0002466820878908038,0.0015346829313784838,0.006364074070006609,0.001094653969630599,0.006310329074040055,0.006358035025186837,22.06496702588629,0.6776292976765587,2482153.0,4627.0,2592.0,10000.0,True,False
9,13,429995589335851281,ML-DSA-87,0.00024967396166175604,0.0013315760297700763,0.006293592043220997,0.001097864005714655,0.006446560029871762,0.0064938729628920555,10.61397929105442,0.6732223337165083,2482153.0,4627.0,2592.0,10000.0,True,False
9,14,7562206009057261096,ML-DSA-87,0.00023668701760470867,0.001788611989468336,0.007160441018640995,0.0010840119794011116,0.006450406974181533,0.006535624037496746,21.65986150095705,0.6164718139976167,2482153.0,4627.0,2592.0,10000.0,True,False
9,14,2487824215109408495,ML-DSA-87,0.0001856801100075245,0.002532523008994758,0.009331870940513909,0.0010570849990472198,0.006529535981826484,0.006578380009159446,21.696619061985984,0.6184578283121601,2482153.0,4627.0,2592.0,10000.0,True,False
9,14,6275643859160041192,ML-DSA-87,0.0001880400814116001,0.0015743509866297245,0.006479216041043401,0.0010704390006139874,0.0063135059317573905,0.006358228973113,21.789987285039388,0.6306151766746569,2482153.0,4627.0,2592.0,10000.0,True,False
9,14,6294345914901501588,ML-DSA-87,0.000288348994217813,0.0017247820505872369,0.0073058000998571515,0.0010480310302227736,0.006248379941098392,0.006290190969593823,21.732471058960073,0.6445055118860147,2482153.0,4627.0,2592.0,10000.0,True,False
9,14,429995589335851281,ML-DSA-87,0.00018368393648415804,0.0012861309805884957,0.006273576989769936,0.0011189240030944347,0.0062350130174309015,0.006282893940806389,10.675104257068597,0.6384320759449523,2482153.0,4627.0,2592.0,10000.0,True,False
9,15,6294345914901501588,ML-DSA-87,0.00029035902116447687,0.0022675530053675175,0.008157919975928962,0.0011611420195549726,0.006342011038213968,0.0064382709097117186,21.758702364983037,0.6037526136627213,2482153.0,4627.0,2592.0,10000.0,True,False
9,15,6275643859160041192,ML-DSA-87,0.0003295270726084709,0.002079940983094275,0.010045218979939818,0.0011434750631451607,0.0062087069964036345,0.006257405038923025,21.738639372051693,0.5927460335504514,2482153.0,4627.0,2592.0,10000.0,True,False
9,15,2487824215109408495,ML-DSA-87,0.00027001206763088703,0.0018728479044511914,0.00941598997451365,0.0011194050312042236,0.006263070972636342,0.006310003926046193,21.837368206004612,0.5853911356899304,2482153.0,4627.0,2592.0,10000.0,True,False
9,15,7562206009057261096,ML-DSA-87,0.0002003909321501851,0.0014923179987818003,0.006509838975034654,0.0010820099851116538,0.006297892075963318,0.006343741901218891,22.006736195995472,0.5630157900551638,2482153.0,4627.0,2592.0,10000.0,True,False
9,15,429995589335851281,ML-DSA-87,0.00018510303925722837,0.001365171978250146,0.006297273910604417,0.001140677952207625,0.006156945019029081,0.006205246085301042,10.67856063391082,0.5998800850381105,2482153.0,4627.0,2592.0,10000.0,True,False
9,16,6294345914901501588,ML-DSA-87,0.0002820260124281049,0.002150257001630962,0.009474569000303745,0.0010825010249391198,0.006348046939820051,0.006442429963499308,21.566014231997542,0.5393382167092527,2482153.0,4627.0,2592.0,10000.0,True,False
9,16,7562206009057261096,ML-DSA-87,0.00032641994766891,0.0025642969412729144,0.007706257048994303,0.0010939890053123236,0.006232384010218084,0.0062798019498586655,21.71209372195881,0.5493618218472209,2482153.0,4627.0,2592.0,10000.0,True,False
9,16,6275643859160041192,ML-DSA-87,0.00027624296490103006,0.0022810149239376187,0.010149756912142038,0.0013899350306019187,0.006269304896704853,0.006318161031231284,21.568710493971594,0.5498477793492067,2482153.0,4627.0,2592.0,10000.0,True,False
9,16,2487824215109408495,ML-DSA-87,0.0002477249363437295,0.0014132880605757236,0.006569177028723061,0.0010572830215096474,0.006394664058461785,0.006439654971472919,21.719044617027976,0.561551390162196,2482153.0,4627.0,2592.0,10000.0,True,False
9,16,429995589335851281,ML-DSA-87,0.00018641608767211437,0.0013891130220144987,0.006279579014517367,0.0014069359749555588,0.0061778470408171415,0.006222260068170726,10.760324575938284,0.5487258039867154,2482153.0,4627.0,2592.0,10000.0,True,False
9,17,6294345914901501588,ML-DSA-87,0.0006047770148143172,0.0032950909808278084,0.010787792038172483,0.0011046279687434435,0.006260754074901342,0.0063503439305350184,21.507032939000055,0.5087988361978112,2482153.0,4627.0,2592.0,10000.0,True,False
9,17,6275643859160041192,ML-DSA-87,0.0003804289735853672,0.0018784289713948965,0.00664205604698509,0.001411361969076097,0.006577041000127792,0.006621751002967358,21.672066524042748,0.5105736851811219,2482153.0,4627.0,2592.0,10000.0,True,False
9,17,7562206009057261096,ML-DSA-87,0.0003744859714061022,0.0018473630771040916,0.007151988102123141,0.0010314210085198283,0.006332939025014639,0.006376535980962217,21.66568912100047,0.49893723923367816,2482153.0,4627.0,2592.0,10000.0,True,False
9,17,2487824215109408495,ML-DSA-87,0.00030951807275414467,0.0018543259939178824,0.007055270951241255,0.0014035350177437067,0.0062791729578748345,0.006330108968541026,21.551888632937334,0.5312286998136356,2482153.0,4627.0,2592.0,10000.0,True,False
9,17,429995589335851281,ML-DSA-87,0.00018664298113435507,0.0013800100423395634,0.0063360180938616395,0.0013464749790728092,0.006357407080940902,0.006402128958143294,10.897152794059366,0.5352864166061146,2482153.0,4627.0,2592.0,10000.0,True,False
9,18,6275643859160041192,ML-DSA-87,0.00031174102332443,0.0024937629932537675,0.007154008955694735,0.0010741238947957754,0.00625762389972806,0.006343835964798927,21.33240049192682,0.4704560570823499,2482153.0,4627.0,2592.0,10000.0,True,False
9,18,6294345914901501588,ML-DSA-87,0.00024399906396865845,0.0019596649799495935,0.007166897994466126,0.0010859270114451647,0.006204347009770572,0.006250443053431809,21.573935967986472,0.4799612994534901,2482153.0,4627.0,2592.0,10000.0,True,False
9,18,2487824215109408495,ML-DSA-87,0.0002473000204190612,0.0018427280010655522,0.007514427998103201,0.0013296889374032617,0.00623255898244679,0.006279193912632763,21.524136424064636,0.4842837128443078,2482153.0,4627.0,2592.0,10000.0,True,False
9,18,7562206009057261096,ML-DSA-87,0.00018508895300328732,0.001543964957818389,0.006642662920057774,0.0010836799629032612,0.006432199967093766,0.006474856054410338,21.49015300697647,0.48410585332221495,2482153.0,4627.0,2592.0,10000.0,True,False
9,18,429995589335851281,ML-DSA-87,0.0002480780240148306,0.0013615009374916553,0.006314730970188975,0.001152876066043973,0.006400819984264672,0.006440091994591057,10.732499234029092,0.5066545681712536,2482153.0,4627.0,2592.0,10000.0,True,False
9,19,2487824215109408495,ML-DSA-87,0.0004356158897280693,0.002057391917333007,0.009652904933318496,0.0012832039501518011,0.006299488013610244,0.006380150909535587,21.212579167913646,0.45945932379307836,2482153.0,4627.0,2592.0,10000.0,True,False
9,19,6275643859160041192,ML-DSA-87,0.00036473292857408524,0.002681754995137453,0.009022490936331451,0.0013488569529727101,0.006264014053158462,0.006310892989858985,21.385320116998628,0.4612247473337113,2482153.0,4627.0,2592.0,10000.0,True,False
9,19,7562206009057261096,ML-DSA-87,0.00018620199989527464,0.001558592077344656,0.007052429020404816,0.0011963719734922051,0.006414121016860008,0.006462321965955198,21.4966289550066,0.4549011699587535,2482153.0,4627.0,2592.0,10000.0,True,False
9,19,6294345914901501588,ML-DSA-87,0.0003772289492189884,0.0018334179185330868,0.008998193079605699,0.0012205069651827216,0.00637346797157079,0.006419949000701308,21.48898211494088,0.4598455210082447,2482153.0,4627.0,2592.0,10000.0,True,False
9,19,429995589335851281,ML-DSA-87,0.00018787896260619164,0.0014348990516737103,0.006376623059622943,0.0012822309508919716,0.006293910904787481,0.006344718975014985,10.53642849996686,0.46298957391740225,2482153.0,4627.0,2592.0,10000.0,True,False
9,20,7562206009057261096,ML-DSA-87,0.0003088050289079547,0.0015610370319336653,0.00799831305630505,0.0010769929504022002,0.006307584932073951,0.0063926089787855744,21.259524174034595,0.44749288188930325,2482153.0,4627.0,2592.0,10000.0,True,False
9,20,6275643859160041192,ML-DSA-87,0.00026854698080569506,0.003348055062815547,0.008159830933436751,0.0011318789329379797,0.006248313933610916,0.006297538056969643,21.383664904977195,0.423518200146076,2482153.0,4627.0,2592.0,10000.0,True,False
9,20,6294345914901501588,ML-DSA-87,0.00020105100702494383,0.002933632000349462,0.00711136800237,0.001321651041507721,0.006307463045231998,0.006351900985464454,21.548753903014585,0.44527317960850726,2482153.0,4627.0,2592.0,10000.0,True,False
9,20,2487824215109408495,ML-DSA-87,0.00018930400256067514,0.0014355790335685015,0.0064006190514191985,0.0010765419574454427,0.006251454935409129,0.006295050028711557,21.659224005998112,0.4242863850757337,2482153.0,4627.0,2592.0,10000.0,True,False
9,20,429995589335851281,ML-DSA-87,0.00018674309831112623,0.0015692970482632518,0.0064785290742293,0.0013620590325444937,0.006193627952598035,0.006237532943487167,10.735929987975396,0.45690942099228643,2482153.0,4627.0,2592.0,10000.0,True,False
9,21,2487824215109408495,ML-DSA-87,0.0004419849719852209,0.0027022568974643946,0.009894861024804413,0.001190459937788546,0.006229122984223068,0.006312734913080931,20.856065058032982,0.41861602708923457,2482153.0,4627.0,2592.0,10000.0,True,False
9,21,7562206009057261096,ML-DSA-87,0.00037333101499825716,0.003341189934872091,0.009134038002230227,0.00163042894564569,0.006335253012366593,0.006383787957020104,21.735379565041512,0.419323024176323,2482153.0,4627.0,2592.0,10000.0,True,False
9,21,6294345914901501588,ML-DSA-87,0.00045546703040599823,0.0027588169323280454,0.007435394101776183,0.0011674889829009771,0.006226505967788398,0.006275602034293115,21.75374575308524,0.4126951100941474,2482153.0,4627.0,2592.0,10000.0,True,False
9,21,6275643859160041192,ML-DSA-87,0.00019907706882804632,0.001650419901125133,0.007269183057360351,0.0011027000145986676,0.006391403032466769,0.006442490965127945,21.90275991393719,0.39591337601764326,2482153.0,4627.0,2592.0,10000.0,True,False
9,21,429995589335851281,ML-DSA-87,0.00018572004046291113,0.0013487280812114477,0.006316059036180377,0.0011175490217283368,0.0062606749124825,0.006310021039098501,10.648370790993795,0.4273483029272134,2482153.0,4627.0,2592.0,10000.0,True,False
9,22,7562206009057261096,ML-DSA-87,0.00039154302794486284,0.0027055389946326613,0.009797082981094718,0.0010747419437393546,0.006301378016360104,0.006387200905010104,21.763520503998734,0.38042098814814973,2482153.0,4627.0,2592.0,10000.0,True,False
9,22,2487824215109408495,ML-DSA-87,0.0004943429958075285,0.00227299309335649,0.007314639980904758,0.0012947579380124807,0.006311121047474444,0.006356215919367969,21.81904286693316,0.3988100865754647,2482153.0,4627.0,2592.0,10000.0,True,False
9,22,6275643859160041192,ML-DSA-87,0.00018592400010675192,0.0015031020157039165,0.006555252941325307,0.0011079038958996534,0.00630256999284029,0.006349479081109166,21.85370512807276,0.38279321217260803,2482153.0,4627.0,2592.0,10000.0,True,False
9,22,6294345914901501588,ML-DSA-87,0.0004719638964161277,0.0019145059632137418,0.008854701998643577,0.001101684058085084,0.0063079920364543796,0.006356080994009972,21.838183952961117,0.404501418955029,2482153.0,4627.0,2592.0,10000.0,True,False
9,22,429995589335851281,ML-DSA-87,0.00018549105152487755,0.0013435969594866037,0.006214592955075204,0.0015332710463553667,0.006247367011383176,0.006295643979683518,10.778740291949362,0.41568917282425555,2482153.0,4627.0,2592.0,10000.0,True,False
9,23,6275643859160041192,ML-DSA-87,0.00028276199009269476,0.0027222000062465668,0.009491545031778514,0.0011060219258069992,0.006334073026664555,0.006420296966098249,21.503065962926485,0.36272379038587643,2482153.0,4627.0,2592.0,10000.0,True,False
9,23,6294345914901501588,ML-DSA-87,0.00033342698588967323,0.001554511021822691,0.007170386030338705,0.0010968799469992518,0.0063334559090435505,0.006383465952239931,21.54984637594316,0.36413375205232407,2482153.0,4627.0,2592.0,10000.0,True,False
9,23,7562206009057261096,ML-DSA-87,0.00027077796403318644,0.0026423700619488955,0.007542831008322537,0.0011031960602849722,0.006243549985811114,0.0062924380181357265,21.700431574019603,0.3852328788697386,2482153.0,4627.0,2592.0,10000.0,True,False
9,23,2487824215109408495,ML-DSA-87,0.00019348901696503162,0.00158133904915303,0.006407464970834553,0.0010733380913734436,0.00625255994964391,0.006299171946011484,21.77987069298979,0.34516652036732,2482153.0,4627.0,2592.0,10000.0,True,False
9,23,429995589335851281,ML-DSA-87,0.0002996789989992976,0.001563147990964353,0.006534815998747945,0.0010729130590334535,0.006504356977529824,0.006552777020260692,10.732326611992903,0.37030709159379,2482153.0,4627.0,2592.0,10000.0,True,False
9,24,6294345914901501588,ML-DSA-87,0.0003297660732641816,0.0020738750463351607,0.007808114984072745,0.0010605478892102838,0.006274302955716848,0.0063539010006934404,21.559039246989414,0.37266674533355443,2482153.0,4627.0,2592.0,10000.0,True,False
9,24,6275643859160041192,ML-DSA-87,0.0002367580309510231,0.002382839913479984,0.007765294052660465,0.0011357839684933424,0.0062734580133110285,0.0063199520809575915,21.64297044905834,0.3556998196911936,2482153.0,4627.0,2592.0,10000.0,True,False
9,24,7562206009057261096,ML-DSA-87,0.0002401439705863595,0.0015998940216377378,0.006921383086591959,0.001116293016821146,0.0061686759581789374,0.006212329026311636,21.758084608940408,0.3594950049261625,2482153.0,4627.0,2592.0,10000.0,True,False
9,24,2487824215109408495,ML-DSA-87,0.00018342304974794388,0.001463834079913795,0.006556600914336741,0.0010846789227798581,0.006344357039779425,0.00639068300370127,21.894530083984137,0.34847313753617837,2482153.0,4627.0,2592.0,10000.0,True,False
9,24,429995589335851281,ML-DSA-87,0.00018606206867843866,0.0013717659749090672,0.006511408020742238,0.0010694549418985844,0.006503663957118988,0.006548597943037748,10.569902642047964,0.3861709336390177,2482153.0,4627.0,2592.0,10000.0,True,False
9,25,2487824215109408495,ML-DSA-87,0.0002523160073906183,0.0019547309493646026,0.008357131970115006,0.001054030959494412,0.006267650052905083,0.006357322912663221,21.526777758961543,0.3374424505109985,2482153.0,4627.0,2592.0,10000.0,True,False
9,25,6294345914901501588,ML-DSA-87,0.00027195701841264963,0.001670628902502358,0.010706744040362537,0.0011592881055548787,0.006232182960957289,0.006277097039856017,21.68725200498011,0.34436564675916115,2482153.0,4627.0,2592.0,10000.0,True,False
9,25,6275643859160041192,ML-DSA-87,0.00027921400032937527,0.0021158900344744325,0.00704108492936939,0.0011486969888210297,0.0062283610459417105,0.0062790209194645286,21.915500271017663,0.33646972478328707,2482153.0,4627.0,2592.0,10000.0,True,False
9,25,7562206009057261096,ML-DSA-87,0.000211003003641963,0.0018599340692162514,0.006386510096490383,0.0011066419538110495,0.0065205569844692945,0.006572555983439088,22.086303617921658,0.3527543243606941,2482153.0,4627.0,2592.0,10000.0,True,False
9,25,429995589335851281,ML-DSA-87,0.00018600502517074347,0.00132198806386441,0.006631659925915301,0.0013360859593376517,0.006322853034362197,0.006369992974214256,10.640668410924263,0.3359904506038458,2482153.0,4627.0,2592.0,10000.0,True,False
9,26,6275643859160041192,ML-DSA-87,0.00030248193070292473,0.002863302011974156,0.009721607086248696,0.0010943380184471607,0.006265465053729713,0.006350724957883358,21.7964947540313,0.33894563994605464,2482153.0,4627.0,2592.0,10000.0,True,False
9,26,7562206009057261096,ML-DSA-87,0.0003823119914159179,0.0019041659543290734,0.00746811309363693,0.0010798489674925804,0.006241340073756874,0.0062913039000704885,21.687093822984025,0.32639451044650314,2482153.0,4627.0,2592.0,10000.0,True,False
9,26,2487824215109408495,ML-DSA-87,0.00026099104434251785,0.0016995619516819715,0.007066966034471989,0.001114546088501811,0.006220301031135023,0.006269598030485213,21.863619562005624,0.30665680380893673,2482153.0,4627.0,2592.0,10000.0,True,False
9,26,6294345914901501588,ML-DSA-87,0.0002695049624890089,0.0017156299436464906,0.006488072103820741,0.0010860010515898466,0.0062770049553364515,0.006325554917566478,21.92872606497258,0.33941334940362183,2482153.0,4627.0,2592.0,10000.0,True,False
9,26,429995589335851281,ML-DSA-87,0.00018788594752550125,0.001414436032064259,0.006321241962723434,0.0012007129844278097,0.006341940024867654,0.00639015797059983,10.771843753987923,0.3441113274568281,2482153.0,4627.0,2592.0,10000.0,True,False
9,27,7562206009057261096,ML-DSA-87,0.00022907298989593983,0.0026708649238571525,0.007633880013599992,0.0011302490020170808,0.006316131912171841,0.006411215988919139,21.341945035965182,0.3211543011797455,2482153.0,4627.0,2592.0,10000.0,True,False
9,27,2487824215109408495,ML-DSA-87,0.00019050296396017075,0.0020944670541211963,0.007531095063313842,0.0011334129376336932,0.006254396052099764,0.0063009579898789525,21.330864135059528,0.2917935119580311,2482153.0,4627.0,2592.0,10000.0,True,False
9,27,6294345914901501588,ML-DSA-87,0.00046458200085908175,0.002793818013742566,0.007786940084770322,0.001081214053556323,0.006277280044741929,0.006324984948150814,21.59586057800334,0.3254543544587712,2482153.0,4627.0,2592.0,10000.0,True,False
9,27,6275643859160041192,ML-DSA-87,0.00018485402688384056,0.0015514470869675279,0.006462360033765435,0.0010596660431474447,0.006269101053476334,0.006313682999461889,21.65327628806699,0.2959691526118321,2482153.0,4627.0,2592.0,10000.0,True,False
9,27,429995589335851281,ML-DSA-87,0.00018510199151933193,0.0016814819537103176,0.0063623490277677774,0.0011341910576447845,0.0061881180154159665,0.006235816050320864,10.662223174003884,0.3130991550611731,2482153.0,4627.0,2592.0,10000.0,True,False
9,28,2487824215109408495,ML-DSA-87,0.0002727310638874769,0.002015615929849446,0.008751991088502109,0.00120857497677207,0.007163533009588718,0.007266286993399262,21.177582361968234,0.32905839738203957,2482153.0,4627.0,2592.0,10000.0,True,False
9,28,6275643859160041192,ML-DSA-87,0.0004025859525427222,0.002435529022477567,0.010135747957974672,0.0012430009664967656,0.021211087005212903,0.02126886905170977,21.336662256042473,0.2950269972143796,2482153.0,4627.0,2592.0,10000.0,True,False
9,28,7562206009057261096,ML-DSA-87,0.0002504340372979641,0.0016276149544864893,0.007178397034294903,0.0012126079527661204,0.006628890987485647,0.0066746779484674335,21.51003098709043,0.2799684243014874,2482153.0,4627.0,2592.0,10000.0,True,False
9,28,6294345914901501588,ML-DSA-87,0.00021773402113467455,0.0014633549144491553,0.006551488069817424,0.00115862803068012,0.0063583210576325655,0.00640270602889359,21.597937743994407,0.26728278425590585,2482153.0,4627.0,2592.0,10000.0,True,False
9,28,429995589335851281,ML-DSA-87,0.00018602097406983376,0.001464572036638856,0.006596285966224968,0.001259848941117525,0.006661564111709595,0.0067196080926805735,10.5793605200015,0.292024618826997,2482153.0,4627.0,2592.0,10000.0,True,False
9,29,6275643859160041192,ML-DSA-87,0.0004765359917655587,0.002731504966504872,0.010521044954657555,0.0011269160313531756,0.00628289591986686,0.006370699964463711,21.37818838597741,0.27996754701161525,2482153.0,4627.0,2592.0,10000.0,True,False
9,29,7562206009057261096,ML-DSA-87,0.0005462350090965629,0.002073812996968627,0.00728724105283618,0.0010900190100073814,0.006274588988162577,0.006322645000182092,21.683469635085203,0.31318648002101496,2482153.0,4627.0,2592.0,10000.0,True,False
9,29,6294345914901501588,ML-DSA-87,0.00021512701641768217,0.0017377500189468265,0.007045559934340417,0.0013771470403298736,0.0063031649915501475,0.006354610086418688,21.822249885997735,0.2806922783331273,2482153.0,4627.0,2592.0,10000.0,True,False
9,29,2487824215109408495,ML-DSA-87,0.00024024804588407278,0.0015075900591909885,0.006767301936633885,0.0011075760703533888,0.006274699000641704,0.006322524975985289,21.917442095000297,0.2859229514324746,2482153.0,4627.0,2592.0,10000.0,True,False
9,29,429995589335851281,ML-DSA-87,0.00018934695981442928,0.0015039630234241486,0.006374349934048951,0.0010879620676860213,0.00623513397295028,0.0062816430581733584,10.836985024972819,0.2856015981332705,2482153.0,4627.0,2592.0,10000.0,True,False
9,30,6294345914901501588,ML-DSA-87,0.0003341370029374957,0.002285387017764151,0.007329183048568666,0.0011355949100106955,0.006238720030523837,0.006328582996502519,21.393987591029145,0.28644464609507747,2482153.0,4627.0,2592.0,10000.0,True,False
9,30,6275643859160041192,ML-DSA-87,0.000249493052251637,0.0016261659329757094,0.008514599991030991,0.0010950049618259072,0.006212667096406221,0.006259461981244385,21.614590374054387,0.28532693912230506,2482153.0,4627.0,2592.0,10000.0,True,False
9,30,2487824215109408495,ML-DSA-87,0.0001852280693128705,0.0015505250776186585,0.0063194549875333905,0.0013571029994636774,0.006249046069569886,0.006296465988270938,21.86953738995362,0.27454784934088355,2482153.0,4627.0,2592.0,10000.0,True,False
9,30,7562206009057261096,ML-DSA-87,0.00023226102348417044,0.0020833280868828297,0.007145992014557123,0.0010593939805403352,0.006261531030759215,0.006305450922809541,21.8755273160059,0.2739869764442154,2482153.0,4627.0,2592.0,10000.0,True,False
9,30,429995589335851281,ML-DSA-87,0.00018395797815173864,0.0012965089408680797,0.006291394936852157,0.0013735999818891287,0.006231765961274505,0.006278160959482193,11.00238898396492,0.264921913729808,2482153.0,4627.0,2592.0,10000.0,True,False
10,1,6489826403677147580,ML-DSA-87,0.0016491799615323544,0.002051210030913353,0.009429414989426732,0.002047433052212,0.006288614007644355,0.006423768005333841,21.612499175942503,1.9049614039472877,2482153.0,4627.0,2592.0,10000.0,True,False
10,1,13751629626530335705,ML-DSA-87,0.001610324950888753,0.002191731007769704,0.010640869033522904,0.0013242160202935338,0.006332935998216271,0.006422810954973102,21.85196876199916,1.922461090758205,2482153.0,4627.0,2592.0,10000.0,True,False
10,1,7016618655496152074,ML-DSA-87,0.0017759460024535656,0.002447144011966884,0.008484576013870537,0.0010708270128816366,0.006223134114407003,0.0062691980274394155,22.41949250397738,1.9089593388402044,2482153.0,4627.0,2592.0,10000.0,True,False
10,1,8727961531508388599,ML-DSA-87,0.0012796390801668167,0.001931115984916687,0.006710525951348245,0.001084601040929556,0.006468696054071188,0.006518030073493719,21.867888528038748,1.9432063011315683,2482153.0,4627.0,2592.0,10000.0,True,False
10,1,12280992896868737224,ML-DSA-87,0.00019296095706522465,0.0013862740015611053,0.006384375970810652,0.0011841569794341922,0.006351740099489689,0.0064062889432534575,10.67011404701043,1.9346152650662505,2482153.0,4627.0,2592.0,10000.0,True,False
10,2,7016618655496152074,ML-DSA-87,0.0002927059540525079,0.0022025819635018706,0.01020927110221237,0.0010787559440359473,0.006265035015530884,0.006352738011628389,21.870423312997445,1.6827206863001132,2482153.0,4627.0,2592.0,10000.0,True,False
10,2,6489826403677147580,ML-DSA-87,0.0002851109020411968,0.0025646690046414733,0.009986415039747953,0.0013144520344212651,0.006256075925193727,0.0063064219430089,21.953187932027504,1.688890754986114,2482153.0,4627.0,2592.0,10000.0,True,False
10,2,8727961531508388599,ML-DSA-87,0.00022371101658791304,0.0018534749979153275,0.007038356037810445,0.0011420170776546001,0.006400922080501914,0.0064646280370652676,22.023146219085902,1.6981294821626463,2482153.0,4627.0,2592.0,10000.0,True,False
10,2,13751629626530335705,ML-DSA-87,0.0001875399611890316,0.0015568309463560581,0.006614251993596554,0.0010393669363111258,0.006291358964517713,0.006335970014333725,22.286043041967787,1.6755368991400867,2482153.0,4627.0,2592.0,10000.0,True,False
10,2,12280992896868737224,ML-DSA-87,0.0002679419703781605,0.001358445966616273,0.006356405909173191,0.001081047928892076,0.006237424910068512,0.006283618975430727,10.87573683296796,1.6739633064300488,2482153.0,4627.0,2592.0,10000.0,True,False
10,3,13751629626530335705,ML-DSA-87,0.0003175110323354602,0.0024176810402423143,0.011287142988294363,0.0011389130959287286,0.00629311497323215,0.006380327045917511,21.844578434014693,1.4763523835343675,2482153.0,4627.0,2592.0,10000.0,True,False
10,3,8727961531508388599,ML-DSA-87,0.00033409695606678724,0.0018871809588745236,0.0074818970169872046,0.0011008339934051037,0.006250408012419939,0.0063005449483171105,21.840588947059587,1.488826015696358,2482153.0,4627.0,2592.0,10000.0,True,False
10,3,6489826403677147580,ML-DSA-87,0.00025827193167060614,0.0018223009537905455,0.007106645032763481,0.0011625170009210706,0.006247853045351803,0.00629496097099036,22.070639854995534,1.4882013946295547,2482153.0,4627.0,2592.0,10000.0,True,False
10,3,7016618655496152074,ML-DSA-87,0.00018670305144041777,0.0015758519293740392,0.006420527934096754,0.0010938900522887707,0.00628973008133471,0.006334622041322291,22.05078388401307,1.4896986724469607,2482153.0,4627.0,2592.0,10000.0,True,False
10,3,12280992896868737224,ML-DSA-87,0.00025487993843853474,0.0020147260511294007,0.006413042079657316,0.0010985089465975761,0.006283279042690992,0.006341031985357404,10.829506322043017,1.4742342620231093,2482153.0,4627.0,2592.0,10000.0,True,False
10,4,7016618655496152074,ML-DSA-87,0.00029255403205752373,0.0026313510024920106,0.010893787955865264,0.001088563003577292,0.006236920948140323,0.006325695081613958,21.6236754959682,1.328883045778488,2482153.0,4627.0,2592.0,10000.0,True,False
10,4,6489826403677147580,ML-DSA-87,0.00030700303614139557,0.001891947933472693,0.00723156298045069,0.0011657840805128217,0.006220950046554208,0.006269523059017956,21.744098323979415,1.352182026869192,2482153.0,4627.0,2592.0,10000.0,True,False
10,4,8727961531508388599,ML-DSA-87,0.00023985106963664293,0.001553050009533763,0.006957306060940027,0.0010934560559689999,0.006316595012322068,0.006362980930134654,21.85753984900657,1.339700552792595,2482153.0,4627.0,2592.0,10000.0,True,False
10,4,13751629626530335705,ML-DSA-87,0.00025715690571814775,0.0014796890318393707,0.0063574290834367275,0.0011182460002601147,0.0062297460390254855,0.006276255939155817,21.9614476748975,1.348607558411912,2482153.0,4627.0,2592.0,10000.0,True,False
10,4,12280992896868737224,ML-DSA-87,0.0001885950332507491,0.0014419090002775192,0.006372703006491065,0.0013359120348468423,0.006189392996020615,0.006237544002942741,10.527938661980443,1.341815427278939,2482153.0,4627.0,2592.0,10000.0,True,False
10,5,8727961531508388599,ML-DSA-87,0.00043002690654248,0.0018076369306072593,0.010650243959389627,0.001137327984906733,0.006362055079080164,0.00645171501673758,21.897815424017608,1.229260461779829,2482153.0,4627.0,2592.0,10000.0,True,False
10,5,6489826403677147580,ML-DSA-87,0.0003163679502904415,0.002579586929641664,0.010111268959008157,0.0011157109402120113,0.006493982975371182,0.006572600919753313,22.100894542993046,1.2230118334102935,2482153.0,4627.0,2592.0,10000.0,True,False
10,5,13751629626530335705,ML-DSA-87,0.0006639380007982254,0.0031156589975580573,0.009467546013183892,0.0011167139746248722,0.006349265924654901,0.0063979909755289555,22.20432458491996,1.2279600916198268,2482153.0,4627.0,2592.0,10000.0,True,False
10,5,7016618655496152074,ML-DSA-87,0.0002565870527178049,0.0015126809012144804,0.006475256057456136,0.001128584030084312,0.006293723010458052,0.0063429559813812375,22.229465587995946,1.229210264766559,2482153.0,4627.0,2592.0,10000.0,True,False
10,5,12280992896868737224,ML-DSA-87,0.0001877530012279749,0.0014504659920930862,0.006282910937443376,0.0011343650985509157,0.006331893033348024,0.0063809260027483106,10.678081301040947,1.2266432151626856,2482153.0,4627.0,2592.0,10000.0,True,False
10,6,13751629626530335705,ML-DSA-87,0.00032756791915744543,0.0029408939881250262,0.009862103965133429,0.0014547680038958788,0.006239025969989598,0.006339085986837745,21.80004642496351,1.153278349687497,2482153.0,4627.0,2592.0,10000.0,True,False
10,6,8727961531508388599,ML-DSA-87,0.00029102200642228127,0.0021768209990113974,0.009768154006451368,0.0011290890397503972,0.006341023952700198,0.00639440503437072,21.803707825019956,1.1321128321151002,2482153.0,4627.0,2592.0,10000.0,True,False
10,6,7016618655496152074,ML-DSA-87,0.000264324015006423,0.0016872100532054901,0.007281540078110993,0.0014067949960008264,0.006292002974078059,0.006341829081065953,21.914001845987514,1.1294177606844673,2482153.0,4627.0,2592.0,10000.0,True,False
10,6,6489826403677147580,ML-DSA-87,0.0001861330820247531,0.00157324003521353,0.006546264048665762,0.0011415790067985654,0.006169117987155914,0.0062156469793990254,22.044468397973105,1.131448470365506,2482153.0,4627.0,2592.0,10000.0,True,False
10,6,12280992896868737224,ML-DSA-87,0.0001863189972937107,0.0012841520365327597,0.006387262023054063,0.0010540189687162638,0.006352646974846721,0.006397766061127186,10.75582344410941,1.1439689957676604,2482153.0,4627.0,2592.0,10000.0,True,False
10,7,8727961531508388599,ML-DSA-87,0.0006356580415740609,0.002514231950044632,0.007572877919301391,0.0011799540370702744,0.006281329086050391,0.006371609983034432,21.771681939950213,1.0671408102154352,2482153.0,4627.0,2592.0,10000.0,True,False
10,7,13751629626530335705,ML-DSA-87,0.00020824791863560677,0.004016008926555514,0.009527107933536172,0.001351158949546516,0.006200615898706019,0.006250770995393395,21.86796875903383,1.0701440419442356,2482153.0,4627.0,2592.0,10000.0,True,False
10,7,6489826403677147580,ML-DSA-87,0.0002006290014833212,0.0019039820181205869,0.007481988053768873,0.0011968439212068915,0.006200266070663929,0.0062492480501532555,22.15258173691109,1.050519964279839,2482153.0,4627.0,2592.0,10000.0,True,False
10,7,7016618655496152074,ML-DSA-87,0.0002619940787553787,0.0015075349947437644,0.006567367003299296,0.001106357085518539,0.006237654015421867,0.006286478950642049,22.313026434043422,1.0548315334815186,2482153.0,4627.0,2592.0,10000.0,True,False
10,7,12280992896868737224,ML-DSA-87,0.00019437202718108892,0.0014227339997887611,0.006344001041725278,0.0011052279733121395,0.006245372933335602,0.00629314302932471,10.877577584935352,1.0599437034168182,2482153.0,4627.0,2592.0,10000.0,True,False
10,8,7016618655496152074,ML-DSA-87,0.0003035039408132434,0.0033194510033354163,0.008230298990383744,0.001149018993601203,0.006255422020331025,0.006344925030134618,21.745880660018884,0.9678800964888673,2482153.0,4627.0,2592.0,10000.0,True,False
10,8,8727961531508388599,ML-DSA-87,0.00040184904355555773,0.0022978310007601976,0.010055343038402498,0.0011866199783980846,0.006258615059778094,0.006308192037977278,21.7676848329138,0.9832723446356983,2482153.0,4627.0,2592.0,10000.0,True,False
10,8,6489826403677147580,ML-DSA-87,0.00025568599812686443,0.0016641810070723295,0.007426689029671252,0.0012761439429596066,0.006202300894074142,0.006250126985833049,21.826244709081948,0.9834033248904414,2482153.0,4627.0,2592.0,10000.0,True,False
10,8,13751629626530335705,ML-DSA-87,0.0002499649999663234,0.0015731879975646734,0.006432641064748168,0.0011780590284615755,0.006298347027041018,0.006348071969114244,21.77192459604703,0.9922737627745436,2482153.0,4627.0,2592.0,10000.0,True,False
10,8,12280992896868737224,ML-DSA-87,0.0002461440162733197,0.0013616519281640649,0.006320988060906529,0.0011335420422255993,0.006247333018109202,0.006295264000073075,10.702421625028364,0.9839623093414611,2482153.0,4627.0,2592.0,10000.0,True,False
10,9,6489826403677147580,ML-DSA-87,0.0003088880330324173,0.0025219350354745984,0.009782759938389063,0.0013122130185365677,0.006603462970815599,0.00668638595379889,21.50467541697435,0.9185068633038396,2482153.0,4627.0,2592.0,10000.0,True,False
10,9,13751629626530335705,ML-DSA-87,0.0003754030913114548,0.001877747941762209,0.007615354028530419,0.0011951909400522709,0.006463138037361205,0.006511552957817912,21.662990874960087,0.9078540738207844,2482153.0,4627.0,2592.0,10000.0,True,False
10,9,8727961531508388599,ML-DSA-87,0.0003211459843441844,0.0021396740339696407,0.009219347964972258,0.0012220700737088919,0.006427146028727293,0.006474133930169046,21.845103044994175,0.9122836078508213,2482153.0,4627.0,2592.0,10000.0,True,False
10,9,7016618655496152074,ML-DSA-87,0.00037319702096283436,0.0017440210795029998,0.008182505029253662,0.0012278800131753087,0.006358340964652598,0.00640554609708488,21.772893731016666,0.8911925103908149,2482153.0,4627.0,2592.0,10000.0,True,False
10,9,12280992896868737224,ML-DSA-87,0.00024408695753663778,0.001388197997584939,0.00637937500141561,0.0012245370307937264,0.006293170037679374,0.006339802988804877,10.85310941701755,0.90908735124067,2482153.0,4627.0,2592.0,10000.0,True,False
10,10,7016618655496152074,ML-DSA-87,0.00018206203822046518,0.0021745440317317843,0.007556842057965696,0.0011434810003265738,0.0062053989386186,0.006292315083555877,21.532587766996585,0.8229067088506473,2482153.0,4627.0,2592.0,10000.0,True,False
10,10,6489826403677147580,ML-DSA-87,0.0001886429963633418,0.0016176720382645726,0.007523394073359668,0.0013746090698987246,0.006230728002265096,0.006277408916503191,21.787724313908257,0.8459020786392041,2482153.0,4627.0,2592.0,10000.0,True,False
10,10,13751629626530335705,ML-DSA-87,0.00025868997909128666,0.0023899299558252096,0.00828221207484603,0.0010956820333376527,0.0062582570826634765,0.0063032639445737,21.750246541923843,0.8607334643602371,2482153.0,4627.0,2592.0,10000.0,True,False
10,10,8727961531508388599,ML-DSA-87,0.00018701900262385607,0.0015813530189916492,0.00658585294149816,0.0010871069971472025,0.006210262072272599,0.006252672988921404,21.953612508950755,0.8543575306098682,2482153.0,4627.0,2592.0,10000.0,True,False
10,10,12280992896868737224,ML-DSA-87,0.0001834559952840209,0.0013635180657729506,0.006513818050734699,0.001090658945031464,0.0061891000950708985,0.006234833970665932,10.740575019037351,0.8548928863895587,2482153.0,4627.0,2592.0,10000.0,True,False
10,11,6489826403677147580,ML-DSA-87,0.0004833450075238943,0.004391321912407875,0.01024584798142314,0.001118091051466763,0.006266984972171485,0.006349289091303945,21.557253087987192,0.7916743179289297,2482153.0,4627.0,2592.0,10000.0,True,False
10,11,7016618655496152074,ML-DSA-87,0.0002775519387796521,0.001777546014636755,0.007175922044552863,0.0010796190472319722,0.006296306033618748,0.006342435022816062,21.783524740021676,0.7575084055764988,2482153.0,4627.0,2592.0,10000.0,True,False
10,11,8727961531508388599,ML-DSA-87,0.0002464309800416231,0.001821822952479124,0.007050569984130561,0.0011820330983027816,0.0062891889829188585,0.006334663019515574,22.015245455899276,0.7779057645283568,2482153.0,4627.0,2592.0,10000.0,True,False
10,11,13751629626530335705,ML-DSA-87,0.00024314201436936855,0.0015757459914311767,0.0065761220175772905,0.0011428500292822719,0.006233980995602906,0.006280570989474654,22.075946695986204,0.783172258077719,2482153.0,4627.0,2592.0,10000.0,True,False
10,11,12280992896868737224,ML-DSA-87,0.0001881580101326108,0.0014457849320024252,0.006242654984816909,0.0011483359849080443,0.0063384349923580885,0.006383323925547302,10.561524641001597,0.7877542823553085,2482153.0,4627.0,2592.0,10000.0,True,False
10,12,13751629626530335705,ML-DSA-87,0.0003944059135392308,0.00417301501147449,0.007355286972597241,0.0011437470093369484,0.006465054000727832,0.0065532049629837275,21.700971034006216,0.7349144897331445,2482153.0,4627.0,2592.0,10000.0,True,False
10,12,6489826403677147580,ML-DSA-87,0.0003161219647154212,0.002392327063716948,0.011293641990050673,0.0011446709977462888,0.006256213993765414,0.006304007023572922,21.8820818150416,0.7255421877383424,2482153.0,4627.0,2592.0,10000.0,True,False
10,12,8727961531508388599,ML-DSA-87,0.000511069898493588,0.0020714959828183055,0.007444732938893139,0.0012072210665792227,0.0061987790977582335,0.006255464977584779,22.075002920930274,0.7306816919733541,2482153.0,4627.0,2592.0,10000.0,True,False
10,12,7016618655496152074,ML-DSA-87,0.00019915797747671604,0.0015365919098258018,0.006724782986566424,0.001117271021939814,0.006228457088582218,0.006276116939261556,22.162304591038264,0.6966339693235132,2482153.0,4627.0,2592.0,10000.0,True,False
10,12,12280992896868737224,ML-DSA-87,0.00019184593111276627,0.0014058640226721764,0.006403835024684668,0.0011813680175691843,0.006298289983533323,0.006356913945637643,10.620667500072159,0.731263103766944,2482153.0,4627.0,2592.0,10000.0,True,False
10,13,6489826403677147580,ML-DSA-87,0.00033288204576820135,0.0018429930787533522,0.010700197075493634,0.001189604983665049,0.0062562760431319475,0.006348057999275625,21.859285778016783,0.6865356268402868,2482153.0,4627.0,2592.0,10000.0,True,False
10,13,8727961531508388599,ML-DSA-87,0.000369952991604805,0.003456940990872681,0.007942758966237307,0.0011036419309675694,0.006245278054848313,0.006303444039076567,21.850459230015986,0.6700144750527299,2482153.0,4627.0,2592.0,10000.0,True,False
10,13,7016618655496152074,ML-DSA-87,0.00026148511096835136,0.0017445930279791355,0.00715087098069489,0.0010854549473151565,0.006358012091368437,0.006428610999137163,21.927778438082896,0.6578536668238929,2482153.0,4627.0,2592.0,10000.0,True,False
10,13,13751629626530335705,ML-DSA-87,0.0002451640320941806,0.0015299370279535651,0.0067125390050932765,0.0010905340313911438,0.006182624027132988,0.006226006080396473,21.94228714494966,0.6738417924593051,2482153.0,4627.0,2592.0,10000.0,True,False
10,13,12280992896868737224,ML-DSA-87,0.0001838830066844821,0.0014499359531328082,0.006261677015572786,0.001094497973099351,0.00624885899014771,0.006297897081822157,10.626553168985993,0.6772101189667424,2482153.0,4627.0,2592.0,10000.0,True,False
10,14,13751629626530335705,ML-DSA-87,0.0002675249706953764,0.0016113159945234656,0.009000645950436592,0.0011296479497104883,0.0063868979923427105,0.006475555943325162,21.62245684408117,0.6257415366010924,2482153.0,4627.0,2592.0,10000.0,True,False
10,14,8727961531508388599,ML-DSA-87,0.0002862319815903902,0.0020879440708085895,0.009578590979799628,0.0013330669607967138,0.006287399097345769,0.006332277087494731,21.724602818023413,0.6259663196893546,2482153.0,4627.0,2592.0,10000.0,True,False
10,14,6489826403677147580,ML-DSA-87,0.0002547160256654024,0.0016540599754080176,0.007315807975828648,0.0011191159719601274,0.006292643025517464,0.006341634085401893,22.022759132902138,0.64898955986237,2482153.0,4627.0,2592.0,10000.0,True,False
10,14,7016618655496152074,ML-DSA-87,0.00018887489568442106,0.001523079932667315,0.006478980998508632,0.0010757810669019818,0.006254449021071196,0.006295938044786453,22.244738116976805,0.6098174970989791,2482153.0,4627.0,2592.0,10000.0,True,False
10,14,12280992896868737224,ML-DSA-87,0.00018536997959017754,0.0013967918930575252,0.0062293579103425145,0.0011334819719195366,0.006221356918103993,0.006264665978960693,10.734955936088227,0.6295299908152213,2482153.0,4627.0,2592.0,10000.0,True,False
10,15,8727961531508388599,ML-DSA-87,0.0005991209764033556,0.0024330620653927326,0.010192505083978176,0.0011171909281983972,0.006314508966170251,0.006412498070858419,21.767368139931932,0.5966439237371801,2482153.0,4627.0,2592.0,10000.0,True,False
10,15,13751629626530335705,ML-DSA-87,0.00025908101815730333,0.0016908150864765048,0.0072026519337669015,0.0011975119123235345,0.006295119062997401,0.006343708955682814,22.00708805595059,0.579992097656662,2482153.0,4627.0,2592.0,10000.0,True,False
10,15,7016618655496152074,ML-DSA-87,0.00025041005574166775,0.0015342470724135637,0.006704846047796309,0.0011315990705043077,0.006309380056336522,0.0063551259227097034,22.166192826000042,0.5666525641236061,2482153.0,4627.0,2592.0,10000.0,True,False
10,15,6489826403677147580,ML-DSA-87,0.0003227420384064317,0.002668512985110283,0.007803727989085019,0.0011125740129500628,0.006190710933879018,0.006233472959138453,22.094697188935243,0.5867435277079622,2482153.0,4627.0,2592.0,10000.0,True,False
10,15,12280992896868737224,ML-DSA-87,0.000187769066542387,0.0015017340192571282,0.006469422020018101,0.0011245040223002434,0.006216390989720821,0.0062678559916093946,10.747871742001735,0.6126203473074178,2482153.0,4627.0,2592.0,10000.0,True,False
10,16,8727961531508388599,ML-DSA-87,0.00047432701103389263,0.003376208944246173,0.0109924670541659,0.0012135120341554284,0.006215298897586763,0.006300144013948739,21.840858075069264,0.5596189121611583,2482153.0,4627.0,2592.0,10000.0,True,False
10,16,13751629626530335705,ML-DSA-87,0.0003681200323626399,0.001905892975628376,0.007385183009319007,0.001363599905744195,0.006303531001321971,0.006349590024910867,21.78679474699311,0.549245244481217,2482153.0,4627.0,2592.0,10000.0,True,False
10,16,6489826403677147580,ML-DSA-87,0.00027874100487679243,0.001809795037843287,0.007128433906473219,0.001158365048468113,0.006205935031175613,0.006255468004383147,22.059325862908736,0.5613020602078103,2482153.0,4627.0,2592.0,10000.0,True,False
10,16,7016618655496152074,ML-DSA-87,0.0001891909632831812,0.0018592990236356854,0.006542701972648501,0.00104757200460881,0.0062178479274734855,0.006259751971811056,22.107584694982506,0.5452095134475361,2482153.0,4627.0,2592.0,10000.0,True,False
10,16,12280992896868737224,ML-DSA-87,0.0001862109638750553,0.0013788340147584677,0.006365263951011002,0.0010632029734551907,0.00623071298468858,0.006275252904742956,10.738677729968913,0.5699215050155934,2482153.0,4627.0,2592.0,10000.0,True,False
10,17,6489826403677147580,ML-DSA-87,0.00043104495853185654,0.0035559210227802396,0.009570552967488766,0.0012227920815348625,0.006302256020717323,0.006388524081557989,21.72711548791267,0.5225057236778851,2482153.0,4627.0,2592.0,10000.0,True,False
10,17,13751629626530335705,ML-DSA-87,0.00025773304514586926,0.0016525050159543753,0.0071808380307629704,0.0012878311099484563,0.006297348998486996,0.006343581946566701,21.891763343010098,0.5138846389330424,2482153.0,4627.0,2592.0,10000.0,True,False
10,17,7016618655496152074,ML-DSA-87,0.000529724988155067,0.0032978960080072284,0.009604136925190687,0.0012759490637108684,0.006262016948312521,0.006306021939963102,21.833407453028485,0.506100588320448,2482153.0,4627.0,2592.0,10000.0,True,False
10,17,8727961531508388599,ML-DSA-87,0.0003635709872469306,0.0017163601005449891,0.0066691149258986115,0.0011506059672683477,0.006319668958894908,0.006364117958582938,21.92532189504709,0.518655925251234,2482153.0,4627.0,2592.0,10000.0,True,False
10,17,12280992896868737224,ML-DSA-87,0.0002446579746901989,0.0014895700151100755,0.006392459967173636,0.0012967820512130857,0.006317105027846992,0.006368975969962776,10.914131302968599,0.5195976473367252,2482153.0,4627.0,2592.0,10000.0,True,False
10,18,7016618655496152074,ML-DSA-87,0.00019257899839431047,0.0016010199906304479,0.007733892998658121,0.0011085279984399676,0.006288292002864182,0.0063714670250192285,21.743630845914595,0.480292248447387,2482153.0,4627.0,2592.0,10000.0,True,False
10,18,13751629626530335705,ML-DSA-87,0.000274564023129642,0.0015046350890770555,0.007222253014333546,0.0011319390032440424,0.006193988025188446,0.006243166979402304,21.80292546597775,0.46234734311176184,2482153.0,4627.0,2592.0,10000.0,True,False
10,18,8727961531508388599,ML-DSA-87,0.0003396939719095826,0.0017722930060699582,0.007063547032885253,0.0011203730246052146,0.006407508044503629,0.006452981033362448,21.889308716985397,0.498145250776134,2482153.0,4627.0,2592.0,10000.0,True,False
10,18,6489826403677147580,ML-DSA-87,0.0001928600249812007,0.0014825720572844148,0.006524950033053756,0.0012185960076749325,0.006240174057893455,0.006289315992034972,22.043626861996017,0.5083230758746402,2482153.0,4627.0,2592.0,10000.0,True,False
10,18,12280992896868737224,ML-DSA-87,0.00018708000425249338,0.002101105055771768,0.0064339779783040285,0.0010996490018442273,0.006277992972172797,0.00632442394271493,10.921549437916838,0.48026713731285103,2482153.0,4627.0,2592.0,10000.0,True,False
10,19,6489826403677147580,ML-DSA-87,0.00030280102510005236,0.0019171590683981776,0.007191157899796963,0.0011487070005387068,0.006257580011151731,0.006344029912725091,21.812506782938726,0.4715911740847765,2482153.0,4627.0,2592.0,10000.0,True,False
10,19,13751629626530335705,ML-DSA-87,0.00039787404239177704,0.0033420739928260446,0.010112446965649724,0.0010794459376484156,0.006290305987931788,0.006337859085761011,21.7796385550173,0.4636177071295798,2482153.0,4627.0,2592.0,10000.0,True,False
10,19,7016618655496152074,ML-DSA-87,0.0002978229895234108,0.0014741600025445223,0.006489417050033808,0.0014367009280249476,0.006225239019840956,0.00627243600320071,22.383714437950402,0.45724618529526,2482153.0,4627.0,2592.0,10000.0,True,False
10,19,8727961531508388599,ML-DSA-87,0.0003223320236429572,0.0017835700418800116,0.00710724201053381,0.0011012270115315914,0.006243329029530287,0.006290805991739035,22.367549528949894,0.4516569037442676,2482153.0,4627.0,2592.0,10000.0,True,False
10,19,12280992896868737224,ML-DSA-87,0.0002529529156163335,0.001480225007981062,0.006337026017718017,0.0011244929628446698,0.006221104064024985,0.006267129094339907,10.569090495002456,0.44383959274608104,2482153.0,4627.0,2592.0,10000.0,True,False
10,20,6489826403677147580,ML-DSA-87,0.000532679958269,0.0032270849915221334,0.010910664917901158,0.0010752821108326316,0.006223113974556327,0.00630232400726527,21.89149816299323,0.44573456439942405,2482153.0,4627.0,2592.0,10000.0,True,False
10,20,7016618655496152074,ML-DSA-87,0.00027439394034445286,0.0023550069890916348,0.0074648510199040174,0.0011394839966669679,0.006351086893118918,0.006394242984242737,22.064606125000864,0.42992641868444675,2482153.0,4627.0,2592.0,10000.0,True,False
10,20,13751629626530335705,ML-DSA-87,0.00024344399571418762,0.0015781869878992438,0.006493565975688398,0.0010542829986661673,0.006253602099604905,0.006296315114013851,22.194257949013263,0.46708947811692286,2482153.0,4627.0,2592.0,10000.0,True,False
10,20,8727961531508388599,ML-DSA-87,0.00032762496266514063,0.0017485229764133692,0.01065089798066765,0.0010833110427483916,0.006278040935285389,0.006323236972093582,22.15060757205356,0.43395418405961306,2482153.0,4627.0,2592.0,10000.0,True,False
10,20,12280992896868737224,ML-DSA-87,0.00018458999693393707,0.0013071540743112564,0.006302961031906307,0.001495736069045961,0.006222177995368838,0.006270447047427297,10.797823091037571,0.43514602895552357,2482153.0,4627.0,2592.0,10000.0,True,False
10,21,6489826403677147580,ML-DSA-87,0.00045881501864641905,0.003408193006180227,0.009389025974087417,0.0011017259676009417,0.0062238679965958,0.006308141048066318,21.640972236986272,0.40940044507884177,2482153.0,4627.0,2592.0,10000.0,True,False
10,21,8727961531508388599,ML-DSA-87,0.00026320607867091894,0.0019467000383883715,0.0072236990090459585,0.001136281993240118,0.00621939601842314,0.006268342025578022,21.761279208003543,0.3869188449616297,2482153.0,4627.0,2592.0,10000.0,True,False
10,21,7016618655496152074,ML-DSA-87,0.0003234159667044878,0.0019481260096654296,0.0070435970555990934,0.0010901689529418945,0.006282115005888045,0.006338339997455478,21.829650447005406,0.4006928352418894,2482153.0,4627.0,2592.0,10000.0,True,False
10,21,13751629626530335705,ML-DSA-87,0.00017749995458871126,0.0020223089959472418,0.006820269045419991,0.0011424650438129902,0.0062130020232871175,0.0062619809759780765,21.834444040083326,0.4145403202004231,2482153.0,4627.0,2592.0,10000.0,True,False
10,21,12280992896868737224,ML-DSA-87,0.00024943798780441284,0.0014518420211970806,0.006634802091866732,0.001072947052307427,0.006370768998749554,0.006415921030566096,10.547828475013375,0.39360444461212707,2482153.0,4627.0,2592.0,10000.0,True,False
10,22,7016618655496152074,ML-DSA-87,0.0004275239771232009,0.002136699971742928,0.010469636996276677,0.0011624220060184598,0.006583110080100596,0.006672899005934596,21.86378401296679,0.37726697847306634,2482153.0,4627.0,2592.0,10000.0,True,False
10,22,8727961531508388599,ML-DSA-87,0.00046237302012741566,0.0018474309472367167,0.007580178906209767,0.0011524850269779563,0.006234847009181976,0.006283850991167128,21.943098902935162,0.3786242987942724,2482153.0,4627.0,2592.0,10000.0,True,False
10,22,6489826403677147580,ML-DSA-87,0.00020224903710186481,0.001562168006785214,0.00750817998778075,0.0013480549678206444,0.006376150995492935,0.00642418407369405,22.084106666967273,0.40679727235553076,2482153.0,4627.0,2592.0,10000.0,True,False
10,22,13751629626530335705,ML-DSA-87,0.0002459010574966669,0.0014282050542533398,0.00653496605809778,0.0011187460040673614,0.006208179984241724,0.006253603030927479,22.15526577096898,0.3714931208072022,2482153.0,4627.0,2592.0,10000.0,True,False
10,22,12280992896868737224,ML-DSA-87,0.0001988409785553813,0.0014855749905109406,0.006424579070881009,0.0013461799826472998,0.006317897001281381,0.006362751009874046,10.62931890191976,0.38459868827453864,2482153.0,4627.0,2592.0,10000.0,True,False
10,23,8727961531508388599,ML-DSA-87,0.000301431049592793,0.002795425010845065,0.007218063925392926,0.001103636110201478,0.006290663965046406,0.006371338968165219,21.42142858193256,0.36103185285448125,2482153.0,4627.0,2592.0,10000.0,True,False
10,23,7016618655496152074,ML-DSA-87,0.00025565200485289097,0.0015539330197498202,0.006463623023591936,0.0011144989402964711,0.0063900339882820845,0.006438684999011457,21.739602321991697,0.3725098326814156,2482153.0,4627.0,2592.0,10000.0,True,False
10,23,13751629626530335705,ML-DSA-87,0.0003895789850503206,0.002055061049759388,0.00967697100713849,0.0011058299569413066,0.006334308069199324,0.00638129108119756,21.684997783973813,0.3571809049421987,2482153.0,4627.0,2592.0,10000.0,True,False
10,23,6489826403677147580,ML-DSA-87,0.0003840600838884711,0.00297364906873554,0.007396270986646414,0.0010658899554982781,0.006248935009352863,0.006295070052146912,21.765856415964663,0.3697498785822798,2482153.0,4627.0,2592.0,10000.0,True,False
10,23,12280992896868737224,ML-DSA-87,0.00019902107305824757,0.0013168778968974948,0.006358471000567079,0.0011106960009783506,0.006552887032739818,0.006598541047424078,10.650173035915941,0.34579681900862497,2482153.0,4627.0,2592.0,10000.0,True,False
10,24,7016618655496152074,ML-DSA-87,0.000516947009600699,0.002612764947116375,0.009266816079616547,0.0011235279962420464,0.006269679986871779,0.006357964011840522,21.634931176085956,0.3562994800960294,2482153.0,4627.0,2592.0,10000.0,True,False
10,24,8727961531508388599,ML-DSA-87,0.0004054080927744508,0.003325336962006986,0.009461893932893872,0.0011045749997720122,0.006190693937242031,0.0062363879987969995,21.50154565705452,0.33926162551404143,2482153.0,4627.0,2592.0,10000.0,True,False
10,24,13751629626530335705,ML-DSA-87,0.0003781260456889868,0.002300182939507067,0.00871579407248646,0.001153870951384306,0.006226111901924014,0.00627235893625766,21.8309736920055,0.33460609971310573,2482153.0,4627.0,2592.0,10000.0,True,False
10,24,6489826403677147580,ML-DSA-87,0.0002769069978967309,0.0017020771047100425,0.007231851923279464,0.0014142770087346435,0.006259616930037737,0.006306059076450765,21.580696490011178,0.3576887955966468,2482153.0,4627.0,2592.0,10000.0,True,False
10,24,12280992896868737224,ML-DSA-87,0.00018626509699970484,0.0014067870797589421,0.006281486013904214,0.0012024539755657315,0.006247543962672353,0.006296915002167225,10.694164586020634,0.34104797140228005,2482153.0,4627.0,2592.0,10000.0,True,False
10,25,6489826403677147580,ML-DSA-87,0.0005592879606410861,0.004617245984263718,0.009248706977814436,0.0010993860196322203,0.006319635082036257,0.0064054569229483604,21.50777994992677,0.3432045265639457,2482153.0,4627.0,2592.0,10000.0,True,False
10,25,8727961531508388599,ML-DSA-87,0.0002744710072875023,0.002831012010574341,0.010748756933026016,0.0011735409498214722,0.006233694031834602,0.0062833219999447465,21.55839916097466,0.3295318757633146,2482153.0,4627.0,2592.0,10000.0,True,False
10,25,13751629626530335705,ML-DSA-87,0.0002507469616830349,0.0017329180845990777,0.007478481973521411,0.0010851719416677952,0.006309445947408676,0.0063551029888913035,21.7294603229966,0.3404343896381819,2482153.0,4627.0,2592.0,10000.0,True,False
10,25,7016618655496152074,ML-DSA-87,0.00021767092403024435,0.0015032299561426044,0.006642114953137934,0.0011611580848693848,0.006263617076911032,0.006313357036560774,21.886089663021266,0.3322953549094689,2482153.0,4627.0,2592.0,10000.0,True,False
10,25,12280992896868737224,ML-DSA-87,0.0002527480246499181,0.0014406139962375164,0.00639931601472199,0.0011346740648150444,0.006273636012338102,0.006319383974187076,10.514084586990066,0.33542991486398843,2482153.0,4627.0,2592.0,10000.0,True,False
10,26,6489826403677147580,ML-DSA-87,0.0003584419609978795,0.0024415990337729454,0.007394821033813059,0.001095089945010841,0.006560535985045135,0.006634398945607245,21.352136222063564,0.32421068277376625,2482153.0,4627.0,2592.0,10000.0,True,False
10,26,13751629626530335705,ML-DSA-87,0.0004505050601437688,0.0028478989843279123,0.0074847949435934424,0.00114974204916507,0.00637889897916466,0.006422547972761095,21.679638552013785,0.3082753432492098,2482153.0,4627.0,2592.0,10000.0,True,False
10,26,7016618655496152074,ML-DSA-87,0.00020724500063806772,0.0017943449784070253,0.006929031922481954,0.0011144850868731737,0.00687169493176043,0.006920209969393909,21.85538248810917,0.32415459884669834,2482153.0,4627.0,2592.0,10000.0,True,False
10,26,8727961531508388599,ML-DSA-87,0.0002530239289626479,0.0021339799277484417,0.006690551061183214,0.001231629983521998,0.008072227006778121,0.008139429963193834,22.039038983988576,0.3042299848692581,2482153.0,4627.0,2592.0,10000.0,True,False
10,26,12280992896868737224,ML-DSA-87,0.00018315005581825972,0.001377481035888195,0.006429394008591771,0.001241725985892117,0.007861473015509546,0.007916397065855563,10.599598351982422,0.3124482860407843,2482153.0,4627.0,2592.0,10000.0,True,False
10,27,13751629626530335705,ML-DSA-87,0.0006622349610552192,0.004515858949162066,0.009224029025062919,0.0011051440378651023,0.006247497978620231,0.006335778976790607,21.57957543095108,0.31070949439072426,2482153.0,4627.0,2592.0,10000.0,True,False
10,27,7016618655496152074,ML-DSA-87,0.00033500592689961195,0.002266637049615383,0.010116547928191721,0.0011295450385659933,0.0062566029373556376,0.006305422051809728,21.806423655012622,0.29692646559066,2482153.0,4627.0,2592.0,10000.0,True,False
10,27,6489826403677147580,ML-DSA-87,0.00024833192583173513,0.002101177000440657,0.006972462986595929,0.0011599169811233878,0.006238639005459845,0.006286739022471011,21.92436014395207,0.3074594919789975,2482153.0,4627.0,2592.0,10000.0,True,False
10,27,8727961531508388599,ML-DSA-87,0.0002383870305493474,0.0014027059078216553,0.00642767793033272,0.0010902840876951814,0.006270476966165006,0.006318514933809638,22.000494891079143,0.3064679802602199,2482153.0,4627.0,2592.0,10000.0,True,False
10,27,12280992896868737224,ML-DSA-87,0.00026821205392479897,0.0014268539380282164,0.006640417035669088,0.0011053580092266202,0.006349920062348247,0.0063973149517551064,10.619047946063802,0.29874641553739817,2482153.0,4627.0,2592.0,10000.0,True,False
10,28,13751629626530335705,ML-DSA-87,0.0003819679841399193,0.003375053987838328,0.007826169021427631,0.0011106730671599507,0.006404596962966025,0.006494852947071195,21.540769753046334,0.27802476479475513,2482153.0,4627.0,2592.0,10000.0,True,False
10,28,6489826403677147580,ML-DSA-87,0.00041117193177342415,0.002529629971832037,0.010446299915201962,0.0013644240098074079,0.006451498018577695,0.006508792983368039,21.703223899938166,0.31404966695796543,2482153.0,4627.0,2592.0,10000.0,True,False
10,28,8727961531508388599,ML-DSA-87,0.00022196897771209478,0.0017787209944799542,0.007112993975169957,0.0010506859980523586,0.006325688911601901,0.006370335002429783,21.710988548002206,0.28014108405921595,2482153.0,4627.0,2592.0,10000.0,True,False
10,28,7016618655496152074,ML-DSA-87,0.00018782203551381826,0.0016144330147653818,0.006491753971204162,0.0011127199977636337,0.006211143918335438,0.0062551170121878386,21.80964579898864,0.2853734970283204,2482153.0,4627.0,2592.0,10000.0,True,False
10,28,12280992896868737224,ML-DSA-87,0.00018147495575249195,0.001351058017462492,0.006285862997174263,0.001109727076254785,0.006251321989111602,0.006311769946478307,10.720022163004614,0.28995908115999386,2482153.0,4627.0,2592.0,10000.0,True,False
10,29,7016618655496152074,ML-DSA-87,0.0002917730016633868,0.002300102962180972,0.010372021002694964,0.001135842059738934,0.006373631069436669,0.006458790972828865,21.79154067102354,0.2747777429849695,2482153.0,4627.0,2592.0,10000.0,True,False
10,29,6489826403677147580,ML-DSA-87,0.00024570804089307785,0.001963210990652442,0.0071486609522253275,0.0010679690167307854,0.0062096359906718135,0.006258865934796631,21.846265482949093,0.27449592293393366,2482153.0,4627.0,2592.0,10000.0,True,False
10,29,13751629626530335705,ML-DSA-87,0.0002621118910610676,0.0016497989417985082,0.007470851065590978,0.0010734469396993518,0.006311469012871385,0.0063749110559001565,21.942787355044857,0.2744597312451278,2482153.0,4627.0,2592.0,10000.0,True,False
10,29,8727961531508388599,ML-DSA-87,0.00018739898223429918,0.0014325330266728997,0.006543167983181775,0.0010981060331687331,0.006185307982377708,0.006233304040506482,22.00843365304172,0.28887398475104165,2482153.0,4627.0,2592.0,10000.0,True,False
10,29,12280992896868737224,ML-DSA-87,0.0002478909445926547,0.001374996965751052,0.006518760928884149,0.00108475296292454,0.006225913064554334,0.006272751954384148,10.736121566034853,0.2666211556077908,2482153.0,4627.0,2592.0,10000.0,True,False
10,30,13751629626530335705,ML-DSA-87,0.00038895499892532825,0.002959821023978293,0.01016525598242879,0.0011176900006830692,0.006260800058953464,0.0063618969870731235,21.453460391028784,0.2522513135931434,2482153.0,4627.0,2592.0,10000.0,True,False
10,30,6489826403677147580,ML-DSA-87,0.00029067695140838623,0.0020968139870092273,0.009566891007125378,0.0011192989768460393,0.0062291440553963184,0.0062762879533693194,21.95082561497111,0.27543889770147423,2482153.0,4627.0,2592.0,10000.0,True,False
10,30,7016618655496152074,ML-DSA-87,0.00027283793315291405,0.0028747180476784706,0.007163156056776643,0.0010887280805036426,0.006232089013792574,0.006322708912193775,21.92059394600801,0.27919262720825383,2482153.0,4627.0,2592.0,10000.0,True,False
10,30,8727961531508388599,ML-DSA-87,0.0002539249835535884,0.0014445959823206067,0.006563092931173742,0.0010913138976320624,0.006300023989751935,0.006342842010781169,22.150910523952916,0.26475836739714703,2482153.0,4627.0,2592.0,10000.0,True,False
10,30,12280992896868737224,ML-DSA-87,0.00018447707407176495,0.0013716339599341154,0.006494516972452402,0.0010855010477826,0.006286257994361222,0.0063319000182673335,10.931748736998998,0.2541937156626508,2482153.0,4627.0,2592.0,10000.0,True,False
