run,round,node_id,scheme,keygen_time,client_serialize_time,sign_time,server_serialize_time,verify_time,server_verify_total_time,train_time,train_loss,signed_payload_size,sig_size,pubkey_size,num_examples,sig_valid,has_nan
1,1,7262989383719591537,no_signature,0.0,0.0,0.0,0.0,0.0,0.0,21.488140199973714,1.9079048412676436,0.0,0.0,0.0,10000.0,True,False
1,1,10861380034469167905,no_signature,0.0,0.0,0.0,0.0,0.0,0.0,21.450856879004277,1.9192070861974844,0.0,0.0,0.0,10000.0,True,False
1,1,1973208627438902295,no_signature,0.0,0.0,0.0,0.0,0.0,0.0,21.552444000029936,1.8682018666983413,0.0,0.0,0.0,10000.0,True,False
1,1,14510926583893814279,no_signature,0.0,0.0,0.0,0.0,0.0,0.0,21.718204120988958,1.869180313695353,0.0,0.0,0.0,10000.0,True,False
1,1,4688939583857068653,no_signature,0.0,0.0,0.0,0.0,0.0,0.0,10.584143383021,1.9155706643296506,0.0,0.0,0.0,10000.0,True,False
1,2,10861380034469167905,no_signature,0.0,0.0,0.0,0.0,0.0,0.0,21.437281231977977,1.6517809819870484,0.0,0.0,0.0,10000.0,True,False
1,2,1973208627438902295,no_signature,0.0,0.0,0.0,0.0,0.0,0.0,21.57619633001741,1.6351895857923708,0.0,0.0,0.0,10000.0,True,False
1,2,14510926583893814279,no_signature,0.0,0.0,0.0,0.0,0.0,0.0,21.633762486977503,1.668449834131966,0.0,0.0,0.0,10000.0,True,False
1,2,7262989383719591537,no_signature,0.0,0.0,0.0,0.0,0.0,0.0,21.715709445008542,1.6775428700370911,0.0,0.0,0.0,10000.0,True,False
1,2,4688939583857068653,no_signature,0.0,0.0,0.0,0.0,0.0,0.0,10.641117904975545,1.6640770686701083,0.0,0.0,0.0,10000.0,True,False
1,3,7262989383719591537,no_signature,0.0,0.0,0.0,0.0,0.0,0.0,21.56424496800173,1.4387294135916346,0.0,0.0,0.0,10000.0,True,False
1,3,14510926583893814279,no_signature,0.0,0.0,0.0,0.0,0.0,0.0,21.825900344003458,1.4597454295752528,0.0,0.0,0.0,10000.0,True,False
1,3,1973208627438902295,no_signature,0.0,0.0,0.0,0.0,0.0,0.0,21.792691309005022,1.4518522136508467,0.0,0.0,0.0,10000.0,True,False
1,3,10861380034469167905,no_signature,0.0,0.0,0.0,0.0,0.0,0.0,21.824555809958838,1.4525296455755021,0.0,0.0,0.0,10000.0,True,False
1,3,4688939583857068653,no_signature,0.0,0.0,0.0,0.0,0.0,0.0,10.493464133993257,1.4517735317111395,0.0,0.0,0.0,10000.0,True,False
1,4,7262989383719591537,no_signature,0.0,0.0,0.0,0.0,0.0,0.0,21.49399726500269,1.3110909147765308,0.0,0.0,0.0,10000.0,True,False
1,4,1973208627438902295,no_signature,0.0,0.0,0.0,0.0,0.0,0.0,21.79378975694999,1.2809278740288732,0.0,0.0,0.0,10000.0,True,False
1,4,10861380034469167905,no_signature,0.0,0.0,0.0,0.0,0.0,0.0,22.000234516977798,1.323775300012229,0.0,0.0,0.0,10000.0,True,False
1,4,14510926583893814279,no_signature,0.0,0.0,0.0,0.0,0.0,0.0,22.115526365989354,1.2854856132699277,0.0,0.0,0.0,10000.0,True,False
1,4,4688939583857068653,no_signature,0.0,0.0,0.0,0.0,0.0,0.0,10.805210146005265,1.2740017390860536,0.0,0.0,0.0,10000.0,True,False
1,5,14510926583893814279,no_signature,0.0,0.0,0.0,0.0,0.0,0.0,21.688729176996276,1.1529514789581299,0.0,0.0,0.0,10000.0,True,False
1,5,10861380034469167905,no_signature,0.0,0.0,0.0,0.0,0.0,0.0,21.944676415005233,1.2032530578180625,0.0,0.0,0.0,10000.0,True,False
1,5,1973208627438902295,no_signature,0.0,0.0,0.0,0.0,0.0,0.0,21.907357413030695,1.158010038895348,0.0,0.0,0.0,10000.0,True,False
1,5,7262989383719591537,no_signature,0.0,0.0,0.0,0.0,0.0,0.0,21.95931461197324,1.1967839278733006,0.0,0.0,0.0,10000.0,True,False
1,5,4688939583857068653,no_signature,0.0,0.0,0.0,0.0,0.0,0.0,10.53067807701882,1.1524111331461337,0.0,0.0,0.0,10000.0,True,False
1,6,1973208627438902295,no_signature,0.0,0.0,0.0,0.0,0.0,0.0,21.29554697702406,1.0722391289263107,0.0,0.0,0.0,10000.0,True,False
1,6,10861380034469167905,no_signature,0.0,0.0,0.0,0.0,0.0,0.0,21.365902595978696,1.0924038549962516,0.0,0.0,0.0,10000.0,True,False
1,6,7262989383719591537,no_signature,0.0,0.0,0.0,0.0,0.0,0.0,21.4784527120064,1.0913825075085553,0.0,0.0,0.0,10000.0,True,False
1,6,14510926583893814279,no_signature,0.0,0.0,0.0,0.0,0.0,0.0,21.496633134025615,1.082544777720881,0.0,0.0,0.0,10000.0,True,False
1,6,4688939583857068653,no_signature,0.0,0.0,0.0,0.0,0.0,0.0,10.508464627026115,1.0707710029218143,0.0,0.0,0.0,10000.0,True,False
1,7,14510926583893814279,no_signature,0.0,0.0,0.0,0.0,0.0,0.0,21.152070011012256,0.9890477399285228,0.0,0.0,0.0,10000.0,True,False
1,7,7262989383719591537,no_signature,0.0,0.0,0.0,0.0,0.0,0.0,21.275657395017333,0.9913206509888743,0.0,0.0,0.0,10000.0,True,False
1,7,10861380034469167905,no_signature,0.0,0.0,0.0,0.0,0.0,0.0,21.466852024022955,1.012839839100457,0.0,0.0,0.0,10000.0,True,False
1,7,1973208627438902295,no_signature,0.0,0.0,0.0,0.0,0.0,0.0,21.448112044017762,1.0004659873037673,0.0,0.0,0.0,10000.0,True,False
1,7,4688939583857068653,no_signature,0.0,0.0,0.0,0.0,0.0,0.0,10.509519928018562,0.9888375256769955,0.0,0.0,0.0,10000.0,True,False
1,8,10861380034469167905,no_signature,0.0,0.0,0.0,0.0,0.0,0.0,21.684218403999694,0.9257218376897014,0.0,0.0,0.0,10000.0,True,False
1,8,1973208627438902295,no_signature,0.0,0.0,0.0,0.0,0.0,0.0,21.667475206020754,0.929821931801665,0.0,0.0,0.0,10000.0,True,False
1,8,7262989383719591537,no_signature,0.0,0.0,0.0,0.0,0.0,0.0,21.87078922300134,0.9058744712188221,0.0,0.0,0.0,10000.0,True,False
1,8,14510926583893814279,no_signature,0.0,0.0,0.0,0.0,0.0,0.0,21.84661677997792,0.9211475462578356,0.0,0.0,0.0,10000.0,True,False
1,8,4688939583857068653,no_signature,0.0,0.0,0.0,0.0,0.0,0.0,10.609993549995124,0.9233740459615811,0.0,0.0,0.0,10000.0,True,False
1,9,7262989383719591537,no_signature,0.0,0.0,0.0,0.0,0.0,0.0,21.65479314798722,0.8403511637696823,0.0,0.0,0.0,10000.0,True,False
1,9,10861380034469167905,no_signature,0.0,0.0,0.0,0.0,0.0,0.0,21.815754219016526,0.8755635694383432,0.0,0.0,0.0,10000.0,True,False
1,9,1973208627438902295,no_signature,0.0,0.0,0.0,0.0,0.0,0.0,21.7931958619738,0.8611563918308709,0.0,0.0,0.0,10000.0,True,False
1,9,14510926583893814279,no_signature,0.0,0.0,0.0,0.0,0.0,0.0,21.887711495975964,0.8705486725694456,0.0,0.0,0.0,10000.0,True,False
1,9,4688939583857068653,no_signature,0.0,0.0,0.0,0.0,0.0,0.0,10.700595781963784,0.8397721410178529,0.0,0.0,0.0,10000.0,True,False
1,10,7262989383719591537,no_signature,0.0,0.0,0.0,0.0,0.0,0.0,21.39643199101556,0.7867189802872107,0.0,0.0,0.0,10000.0,True,False
1,10,10861380034469167905,no_signature,0.0,0.0,0.0,0.0,0.0,0.0,21.4783972610021,0.808337549241587,0.0,0.0,0.0,10000.0,True,False
1,10,1973208627438902295,no_signature,0.0,0.0,0.0,0.0,0.0,0.0,21.649760028987657,0.7962552571829896,0.0,0.0,0.0,10000.0,True,False
1,10,14510926583893814279,no_signature,0.0,0.0,0.0,0.0,0.0,0.0,21.83653981401585,0.8015195857316922,0.0,0.0,0.0,10000.0,True,False
1,10,4688939583857068653,no_signature,0.0,0.0,0.0,0.0,0.0,0.0,10.63980545499362,0.7800790995073775,0.0,0.0,0.0,10000.0,True,False
1,11,7262989383719591537,no_signature,0.0,0.0,0.0,0.0,0.0,0.0,21.397887155006174,0.7255639647142574,0.0,0.0,0.0,10000.0,True,False
1,11,10861380034469167905,no_signature,0.0,0.0,0.0,0.0,0.0,0.0,21.552532255998813,0.7495199274331236,0.0,0.0,0.0,10000.0,True,False
1,11,14510926583893814279,no_signature,0.0,0.0,0.0,0.0,0.0,0.0,21.778371430991683,0.7434533264595099,0.0,0.0,0.0,10000.0,True,False
1,11,1973208627438902295,no_signature,0.0,0.0,0.0,0.0,0.0,0.0,21.762142280989792,0.750106575961311,0.0,0.0,0.0,10000.0,True,False
1,11,4688939583857068653,no_signature,0.0,0.0,0.0,0.0,0.0,0.0,10.631785381992813,0.7491270443216299,0.0,0.0,0.0,10000.0,True,False
1,12,7262989383719591537,no_signature,0.0,0.0,0.0,0.0,0.0,0.0,21.445231581048574,0.666069175464848,0.0,0.0,0.0,10000.0,True,False
1,12,10861380034469167905,no_signature,0.0,0.0,0.0,0.0,0.0,0.0,21.71770701900823,0.695853591584169,0.0,0.0,0.0,10000.0,True,False
1,12,1973208627438902295,no_signature,0.0,0.0,0.0,0.0,0.0,0.0,21.755443200992886,0.7019475566122098,0.0,0.0,0.0,10000.0,True,False
1,12,14510926583893814279,no_signature,0.0,0.0,0.0,0.0,0.0,0.0,21.695117994968314,0.6841177324327036,0.0,0.0,0.0,10000.0,True,False
1,12,4688939583857068653,no_signature,0.0,0.0,0.0,0.0,0.0,0.0,10.595034616999328,0.6821576175979152,0.0,0.0,0.0,10000.0,True,False
1,13,14510926583893814279,no_signature,0.0,0.0,0.0,0.0,0.0,0.0,21.573356314969715,0.6303817084469734,0.0,0.0,0.0,10000.0,True,False
1,13,7262989383719591537,no_signature,0.0,0.0,0.0,0.0,0.0,0.0,21.503001675009727,0.6307308271098823,0.0,0.0,0.0,10000.0,True,False
1,13,10861380034469167905,no_signature,0.0,0.0,0.0,0.0,0.0,0.0,21.562923663994297,0.6376761601755794,0.0,0.0,0.0,10000.0,True,False
1,13,1973208627438902295,no_signature,0.0,0.0,0.0,0.0,0.0,0.0,21.663836795953102,0.6460896007502421,0.0,0.0,0.0,10000.0,True,False
1,13,4688939583857068653,no_signature,0.0,0.0,0.0,0.0,0.0,0.0,10.731446105986834,0.6350697079500832,0.0,0.0,0.0,10000.0,True,False
1,14,7262989383719591537,no_signature,0.0,0.0,0.0,0.0,0.0,0.0,21.602066788997035,0.5929642990231514,0.0,0.0,0.0,10000.0,True,False
1,14,1973208627438902295,no_signature,0.0,0.0,0.0,0.0,0.0,0.0,21.794107912050094,0.6119389506146169,0.0,0.0,0.0,10000.0,True,False
1,14,14510926583893814279,no_signature,0.0,0.0,0.0,0.0,0.0,0.0,21.866584414965473,0.5994015728322842,0.0,0.0,0.0,10000.0,True,False
1,14,10861380034469167905,no_signature,0.0,0.0,0.0,0.0,0.0,0.0,22.186501257994678,0.6101779916320746,0.0,0.0,0.0,10000.0,True,False
1,14,4688939583857068653,no_signature,0.0,0.0,0.0,0.0,0.0,0.0,10.579178517975379,0.5956630529210971,0.0,0.0,0.0,10000.0,True,False
1,15,1973208627438902295,no_signature,0.0,0.0,0.0,0.0,0.0,0.0,21.840232210000977,0.5540576429127123,0.0,0.0,0.0,10000.0,True,False
1,15,14510926583893814279,no_signature,0.0,0.0,0.0,0.0,0.0,0.0,21.998088477004785,0.56271382912803,0.0,0.0,0.0,10000.0,True,False
1,15,10861380034469167905,no_signature,0.0,0.0,0.0,0.0,0.0,0.0,21.97362842404982,0.5684757070681348,0.0,0.0,0.0,10000.0,True,False
1,15,7262989383719591537,no_signature,0.0,0.0,0.0,0.0,0.0,0.0,22.044904024980497,0.54594022207581,0.0,0.0,0.0,10000.0,True,False
1,15,4688939583857068653,no_signature,0.0,0.0,0.0,0.0,0.0,0.0,10.865660768002272,0.549263313019904,0.0,0.0,0.0,10000.0,True,False
1,16,10861380034469167905,no_signature,0.0,0.0,0.0,0.0,0.0,0.0,21.810549716989044,0.5391940859952769,0.0,0.0,0.0,10000.0,True,False
1,16,7262989383719591537,no_signature,0.0,0.0,0.0,0.0,0.0,0.0,21.851134346972685,0.5206311546718351,0.0,0.0,0.0,10000.0,True,False
1,16,1973208627438902295,no_signature,0.0,0.0,0.0,0.0,0.0,0.0,21.84126680198824,0.5359240974814367,0.0,0.0,0.0,10000.0,True,False
1,16,14510926583893814279,no_signature,0.0,0.0,0.0,0.0,0.0,0.0,21.998070274014026,0.5146938585304319,0.0,0.0,0.0,10000.0,True,False
1,16,4688939583857068653,no_signature,0.0,0.0,0.0,0.0,0.0,0.0,10.777772452041972,0.526977995368905,0.0,0.0,0.0,10000.0,True,False
1,17,7262989383719591537,no_signature,0.0,0.0,0.0,0.0,0.0,0.0,21.3500140819815,0.48168393529761144,0.0,0.0,0.0,10000.0,True,False
1,17,1973208627438902295,no_signature,0.0,0.0,0.0,0.0,0.0,0.0,21.43240529805189,0.4866533914265541,0.0,0.0,0.0,10000.0,True,False
1,17,14510926583893814279,no_signature,0.0,0.0,0.0,0.0,0.0,0.0,21.626223775034305,0.47734221290594664,0.0,0.0,0.0,10000.0,True,False
1,17,10861380034469167905,no_signature,0.0,0.0,0.0,0.0,0.0,0.0,21.640780966961756,0.5079459162911002,0.0,0.0,0.0,10000.0,True,False
1,17,4688939583857068653,no_signature,0.0,0.0,0.0,0.0,0.0,0.0,10.543917495000642,0.4975130915963136,0.0,0.0,0.0,10000.0,True,False
1,18,10861380034469167905,no_signature,0.0,0.0,0.0,0.0,0.0,0.0,21.718995120027103,0.46266975070531374,0.0,0.0,0.0,10000.0,True,False
1,18,7262989383719591537,no_signature,0.0,0.0,0.0,0.0,0.0,0.0,21.79183549300069,0.46020438714613454,0.0,0.0,0.0,10000.0,True,False
1,18,14510926583893814279,no_signature,0.0,0.0,0.0,0.0,0.0,0.0,21.84755285794381,0.4508706145167065,0.0,0.0,0.0,10000.0,True,False
1,18,1973208627438902295,no_signature,0.0,0.0,0.0,0.0,0.0,0.0,21.990289051027503,0.44888988309822525,0.0,0.0,0.0,10000.0,True,False
1,18,4688939583857068653,no_signature,0.0,0.0,0.0,0.0,0.0,0.0,10.481443091004621,0.4622685921530183,0.0,0.0,0.0,10000.0,True,False
1,19,7262989383719591537,no_signature,0.0,0.0,0.0,0.0,0.0,0.0,22.04842462396482,0.4367776502506992,0.0,0.0,0.0,10000.0,True,False
1,19,14510926583893814279,no_signature,0.0,0.0,0.0,0.0,0.0,0.0,22.256616806029342,0.41431738079760594,0.0,0.0,0.0,10000.0,True,False
1,19,10861380034469167905,no_signature,0.0,0.0,0.0,0.0,0.0,0.0,22.309537464985624,0.42724050661197865,0.0,0.0,0.0,10000.0,True,False
1,19,1973208627438902295,no_signature,0.0,0.0,0.0,0.0,0.0,0.0,22.303741194016766,0.4463808525579806,0.0,0.0,0.0,10000.0,True,False
1,19,4688939583857068653,no_signature,0.0,0.0,0.0,0.0,0.0,0.0,10.666527618013788,0.44531212678363624,0.0,0.0,0.0,10000.0,True,False
1,20,10861380034469167905,no_signature,0.0,0.0,0.0,0.0,0.0,0.0,21.9672247870476,0.4144653230369948,0.0,0.0,0.0,10000.0,True,False
1,20,1973208627438902295,no_signature,0.0,0.0,0.0,0.0,0.0,0.0,22.508045466965996,0.4119244798387106,0.0,0.0,0.0,10000.0,True,False
1,20,14510926583893814279,no_signature,0.0,0.0,0.0,0.0,0.0,0.0,22.51844268903369,0.40363410491192825,0.0,0.0,0.0,10000.0,True,False
1,20,7262989383719591537,no_signature,0.0,0.0,0.0,0.0,0.0,0.0,22.61809705401538,0.3965759804924599,0.0,0.0,0.0,10000.0,True,False
1,20,4688939583857068653,no_signature,0.0,0.0,0.0,0.0,0.0,0.0,10.65558433701517,0.42249478711582983,0.0,0.0,0.0,10000.0,True,False
1,21,10861380034469167905,no_signature,0.0,0.0,0.0,0.0,0.0,0.0,22.030988704995252,0.38972786953226446,0.0,0.0,0.0,10000.0,True,False
1,21,7262989383719591537,no_signature,0.0,0.0,0.0,0.0,0.0,0.0,22.154062449990306,0.3791631456901923,0.0,0.0,0.0,10000.0,True,False
1,21,14510926583893814279,no_signature,0.0,0.0,0.0,0.0,0.0,0.0,22.13738855998963,0.3619721463461891,0.0,0.0,0.0,10000.0,True,False
1,21,1973208627438902295,no_signature,0.0,0.0,0.0,0.0,0.0,0.0,22.260614728031214,0.39138768716289785,0.0,0.0,0.0,10000.0,True,False
1,21,4688939583857068653,no_signature,0.0,0.0,0.0,0.0,0.0,0.0,10.49912175303325,0.3752145627811075,0.0,0.0,0.0,10000.0,True,False
1,22,10861380034469167905,no_signature,0.0,0.0,0.0,0.0,0.0,0.0,21.499408620002214,0.3788588788961402,0.0,0.0,0.0,10000.0,True,False
1,22,1973208627438902295,no_signature,0.0,0.0,0.0,0.0,0.0,0.0,21.828223622054793,0.35186014602633237,0.0,0.0,0.0,10000.0,True,False
1,22,14510926583893814279,no_signature,0.0,0.0,0.0,0.0,0.0,0.0,21.593099660996813,0.35292132471214993,0.0,0.0,0.0,10000.0,True,False
1,22,7262989383719591537,no_signature,0.0,0.0,0.0,0.0,0.0,0.0,21.879829237994272,0.3757741567515099,0.0,0.0,0.0,10000.0,True,False
1,22,4688939583857068653,no_signature,0.0,0.0,0.0,0.0,0.0,0.0,10.539381248003338,0.3506848747892597,0.0,0.0,0.0,10000.0,True,False
1,23,10861380034469167905,no_signature,0.0,0.0,0.0,0.0,0.0,0.0,21.917342539993115,0.35769611185255906,0.0,0.0,0.0,10000.0,True,False
1,23,7262989383719591537,no_signature,0.0,0.0,0.0,0.0,0.0,0.0,21.81461851502536,0.3411671529946545,0.0,0.0,0.0,10000.0,True,False
1,23,14510926583893814279,no_signature,0.0,0.0,0.0,0.0,0.0,0.0,22.00234955403721,0.3259159600832306,0.0,0.0,0.0,10000.0,True,False
1,23,1973208627438902295,no_signature,0.0,0.0,0.0,0.0,0.0,0.0,22.114218211034313,0.33507649349673585,0.0,0.0,0.0,10000.0,True,False
1,23,4688939583857068653,no_signature,0.0,0.0,0.0,0.0,0.0,0.0,10.700856613984797,0.3422236699646654,0.0,0.0,0.0,10000.0,True,False
1,24,1973208627438902295,no_signature,0.0,0.0,0.0,0.0,0.0,0.0,21.835166528995614,0.3419000122297448,0.0,0.0,0.0,10000.0,True,False
1,24,14510926583893814279,no_signature,0.0,0.0,0.0,0.0,0.0,0.0,22.124627371958923,0.3249104033498028,0.0,0.0,0.0,10000.0,True,False
1,24,7262989383719591537,no_signature,0.0,0.0,0.0,0.0,0.0,0.0,22.25665374501841,0.34040660673556045,0.0,0.0,0.0,10000.0,True,False
1,24,10861380034469167905,no_signature,0.0,0.0,0.0,0.0,0.0,0.0,22.412930952035822,0.3202193950529035,0.0,0.0,0.0,10000.0,True,False
1,24,4688939583857068653,no_signature,0.0,0.0,0.0,0.0,0.0,0.0,10.568191080994438,0.326930727323178,0.0,0.0,0.0,10000.0,True,False
1,25,1973208627438902295,no_signature,0.0,0.0,0.0,0.0,0.0,0.0,21.42261113098357,0.34422215733070155,0.0,0.0,0.0,10000.0,True,False
1,25,14510926583893814279,no_signature,0.0,0.0,0.0,0.0,0.0,0.0,21.81839393597329,0.3011235854969309,0.0,0.0,0.0,10000.0,True,False
1,25,7262989383719591537,no_signature,0.0,0.0,0.0,0.0,0.0,0.0,21.797215151018463,0.31875609687139717,0.0,0.0,0.0,10000.0,True,False
1,25,10861380034469167905,no_signature,0.0,0.0,0.0,0.0,0.0,0.0,21.848510783049278,0.32011422220046243,0.0,0.0,0.0,10000.0,True,False
1,25,4688939583857068653,no_signature,0.0,0.0,0.0,0.0,0.0,0.0,10.713244688056875,0.3182957447981968,0.0,0.0,0.0,10000.0,True,False
1,26,10861380034469167905,no_signature,0.0,0.0,0.0,0.0,0.0,0.0,21.7918112979969,0.29957881546430526,0.0,0.0,0.0,10000.0,True,False
1,26,14510926583893814279,no_signature,0.0,0.0,0.0,0.0,0.0,0.0,21.92252954596188,0.3038838758764152,0.0,0.0,0.0,10000.0,True,False
1,26,1973208627438902295,no_signature,0.0,0.0,0.0,0.0,0.0,0.0,21.850944390986115,0.2955370373092592,0.0,0.0,0.0,10000.0,True,False
1,26,7262989383719591537,no_signature,0.0,0.0,0.0,0.0,0.0,0.0,22.083625021972694,0.30597212817966224,0.0,0.0,0.0,10000.0,True,False
1,26,4688939583857068653,no_signature,0.0,0.0,0.0,0.0,0.0,0.0,10.712659779994283,0.3043440520442046,0.0,0.0,0.0,10000.0,True,False
1,27,10861380034469167905,no_signature,0.0,0.0,0.0,0.0,0.0,0.0,21.97406963602407,0.2938544009886563,0.0,0.0,0.0,10000.0,True,False
1,27,14510926583893814279,no_signature,0.0,0.0,0.0,0.0,0.0,0.0,22.177756044024136,0.2702239680300339,0.0,0.0,0.0,10000.0,True,False
1,27,7262989383719591537,no_signature,0.0,0.0,0.0,0.0,0.0,0.0,22.02914848801447,0.30833423444435903,0.0,0.0,0.0,10000.0,True,False
1,27,1973208627438902295,no_signature,0.0,0.0,0.0,0.0,0.0,0.0,22.125498745997902,0.27545288882512875,0.0,0.0,0.0,10000.0,True,False
1,27,4688939583857068653,no_signature,0.0,0.0,0.0,0.0,0.0,0.0,10.90783357998589,0.29027793891787435,0.0,0.0,0.0,10000.0,True,False
1,28,7262989383719591537,no_signature,0.0,0.0,0.0,0.0,0.0,0.0,21.474329707969446,0.2817824492840983,0.0,0.0,0.0,10000.0,True,False
1,28,14510926583893814279,no_signature,0.0,0.0,0.0,0.0,0.0,0.0,21.777037951978855,0.28669710673381404,0.0,0.0,0.0,10000.0,True,False
1,28,1973208627438902295,no_signature,0.0,0.0,0.0,0.0,0.0,0.0,21.875386737985536,0.2911229093541233,0.0,0.0,0.0,10000.0,True,False
1,28,10861380034469167905,no_signature,0.0,0.0,0.0,0.0,0.0,0.0,21.905526074988302,0.27495167627722356,0.0,0.0,0.0,10000.0,True,False
1,28,4688939583857068653,no_signature,0.0,0.0,0.0,0.0,0.0,0.0,10.565405251982156,0.2725618580057205,0.0,0.0,0.0,10000.0,True,False
1,29,1973208627438902295,no_signature,0.0,0.0,0.0,0.0,0.0,0.0,21.49156157602556,0.2525446885443938,0.0,0.0,0.0,10000.0,True,False
1,29,10861380034469167905,no_signature,0.0,0.0,0.0,0.0,0.0,0.0,21.717972750018816,0.2592146327174581,0.0,0.0,0.0,10000.0,True,False
1,29,7262989383719591537,no_signature,0.0,0.0,0.0,0.0,0.0,0.0,21.991355350997765,0.28149507164519233,0.0,0.0,0.0,10000.0,True,False
1,29,14510926583893814279,no_signature,0.0,0.0,0.0,0.0,0.0,0.0,22.0255824670312,0.2544057151316085,0.0,0.0,0.0,10000.0,True,False
1,29,4688939583857068653,no_signature,0.0,0.0,0.0,0.0,0.0,0.0,10.871918330027256,0.27596060175838444,0.0,0.0,0.0,10000.0,True,False
1,30,1973208627438902295,no_signature,0.0,0.0,0.0,0.0,0.0,0.0,22.410617351997644,0.2534725668976982,0.0,0.0,0.0,10000.0,True,False
1,30,10861380034469167905,no_signature,0.0,0.0,0.0,0.0,0.0,0.0,22.605861217016354,0.26094539342120815,0.0,0.0,0.0,10000.0,True,False
1,30,7262989383719591537,no_signature,0.0,0.0,0.0,0.0,0.0,0.0,22.695012905984186,0.2751457366635636,0.0,0.0,0.0,10000.0,True,False
1,30,14510926583893814279,no_signature,0.0,0.0,0.0,0.0,0.0,0.0,22.72814721101895,0.2368060082041721,0.0,0.0,0.0,10000.0,True,False
1,30,4688939583857068653,no_signature,0.0,0.0,0.0,0.0,0.0,0.0,10.746914631978143,0.2641070164902249,0.0,0.0,0.0,10000.0,True,False
2,1,3108056885359753739,no_signature,0.0,0.0,0.0,0.0,0.0,0.0,21.23071216599783,1.9538505420136376,0.0,0.0,0.0,10000.0,True,False
2,1,317774844517240746,no_signature,0.0,0.0,0.0,0.0,0.0,0.0,21.731083473016042,1.9516492335560223,0.0,0.0,0.0,10000.0,True,False
2,1,16134472285188712162,no_signature,0.0,0.0,0.0,0.0,0.0,0.0,21.77988489100244,1.932773409940945,0.0,0.0,0.0,10000.0,True,False
2,1,8118691061949297498,no_signature,0.0,0.0,0.0,0.0,0.0,0.0,21.81623309099814,1.945201638788461,0.0,0.0,0.0,10000.0,True,False
2,1,2899240654295613597,no_signature,0.0,0.0,0.0,0.0,0.0,0.0,10.606824322021566,1.9123577896398478,0.0,0.0,0.0,10000.0,True,False
2,2,3108056885359753739,no_signature,0.0,0.0,0.0,0.0,0.0,0.0,21.999610137019772,1.6680893707580078,0.0,0.0,0.0,10000.0,True,False
2,2,16134472285188712162,no_signature,0.0,0.0,0.0,0.0,0.0,0.0,22.167360822029877,1.6950635696752383,0.0,0.0,0.0,10000.0,True,False
2,2,317774844517240746,no_signature,0.0,0.0,0.0,0.0,0.0,0.0,22.239456359006,1.681007576445802,0.0,0.0,0.0,10000.0,True,False
2,2,8118691061949297498,no_signature,0.0,0.0,0.0,0.0,0.0,0.0,22.280201399989892,1.6829642872459971,0.0,0.0,0.0,10000.0,True,False
2,2,2899240654295613597,no_signature,0.0,0.0,0.0,0.0,0.0,0.0,10.63579705398297,1.6748222912462374,0.0,0.0,0.0,10000.0,True,False
2,3,8118691061949297498,no_signature,0.0,0.0,0.0,0.0,0.0,0.0,21.887008043006063,1.4731341596609486,0.0,0.0,0.0,10000.0,True,False
2,3,3108056885359753739,no_signature,0.0,0.0,0.0,0.0,0.0,0.0,21.906083895009942,1.5015655298964283,0.0,0.0,0.0,10000.0,True,False
2,3,317774844517240746,no_signature,0.0,0.0,0.0,0.0,0.0,0.0,22.17452547402354,1.5033484657351581,0.0,0.0,0.0,10000.0,True,False
2,3,16134472285188712162,no_signature,0.0,0.0,0.0,0.0,0.0,0.0,22.32204126601573,1.4927989417752519,0.0,0.0,0.0,10000.0,True,False
2,3,2899240654295613597,no_signature,0.0,0.0,0.0,0.0,0.0,0.0,10.670531746989582,1.4984367419355593,0.0,0.0,0.0,10000.0,True,False
2,4,317774844517240746,no_signature,0.0,0.0,0.0,0.0,0.0,0.0,21.75200230401242,1.3734434905905313,0.0,0.0,0.0,10000.0,True,False
2,4,8118691061949297498,no_signature,0.0,0.0,0.0,0.0,0.0,0.0,21.750422711949795,1.3521121043366746,0.0,0.0,0.0,10000.0,True,False
2,4,16134472285188712162,no_signature,0.0,0.0,0.0,0.0,0.0,0.0,21.816933155001607,1.3549482245414783,0.0,0.0,0.0,10000.0,True,False
2,4,3108056885359753739,no_signature,0.0,0.0,0.0,0.0,0.0,0.0,21.964378600008786,1.3710446624329296,0.0,0.0,0.0,10000.0,True,False
2,4,2899240654295613597,no_signature,0.0,0.0,0.0,0.0,0.0,0.0,10.557904610002879,1.3585876167391817,0.0,0.0,0.0,10000.0,True,False
2,5,8118691061949297498,no_signature,0.0,0.0,0.0,0.0,0.0,0.0,21.51639064901974,1.2429790209276608,0.0,0.0,0.0,10000.0,True,False
2,5,16134472285188712162,no_signature,0.0,0.0,0.0,0.0,0.0,0.0,21.67502082901774,1.26055973501632,0.0,0.0,0.0,10000.0,True,False
2,5,3108056885359753739,no_signature,0.0,0.0,0.0,0.0,0.0,0.0,21.75669786700746,1.2591176181555557,0.0,0.0,0.0,10000.0,True,False
2,5,317774844517240746,no_signature,0.0,0.0,0.0,0.0,0.0,0.0,22.009618885989767,1.2596901579025073,0.0,0.0,0.0,10000.0,True,False
2,5,2899240654295613597,no_signature,0.0,0.0,0.0,0.0,0.0,0.0,10.626063187024556,1.2529020975953855,0.0,0.0,0.0,10000.0,True,False
2,6,317774844517240746,no_signature,0.0,0.0,0.0,0.0,0.0,0.0,20.953590210003313,1.157770099731299,0.0,0.0,0.0,10000.0,True,False
2,6,8118691061949297498,no_signature,0.0,0.0,0.0,0.0,0.0,0.0,21.367156205000356,1.160827497323862,0.0,0.0,0.0,10000.0,True,False
2,6,3108056885359753739,no_signature,0.0,0.0,0.0,0.0,0.0,0.0,21.580036140978336,1.1553220364232413,0.0,0.0,0.0,10000.0,True,False
2,6,16134472285188712162,no_signature,0.0,0.0,0.0,0.0,0.0,0.0,21.78605593199609,1.1678182496049534,0.0,0.0,0.0,10000.0,True,False
2,6,2899240654295613597,no_signature,0.0,0.0,0.0,0.0,0.0,0.0,10.530561743013095,1.1490268650146338,0.0,0.0,0.0,10000.0,True,False
2,7,3108056885359753739,no_signature,0.0,0.0,0.0,0.0,0.0,0.0,21.79786571796285,1.0794954391333242,0.0,0.0,0.0,10000.0,True,False
2,7,317774844517240746,no_signature,0.0,0.0,0.0,0.0,0.0,0.0,21.981167602993082,1.0688790863695237,0.0,0.0,0.0,10000.0,True,False
2,7,8118691061949297498,no_signature,0.0,0.0,0.0,0.0,0.0,0.0,22.00434583396418,1.060517919901461,0.0,0.0,0.0,10000.0,True,False
2,7,16134472285188712162,no_signature,0.0,0.0,0.0,0.0,0.0,0.0,22.041483831009828,1.065957771513028,0.0,0.0,0.0,10000.0,True,False
2,7,2899240654295613597,no_signature,0.0,0.0,0.0,0.0,0.0,0.0,10.718265268020332,1.0667221698517235,0.0,0.0,0.0,10000.0,True,False
2,8,317774844517240746,no_signature,0.0,0.0,0.0,0.0,0.0,0.0,21.470701980986632,1.0063467555152723,0.0,0.0,0.0,10000.0,True,False
2,8,8118691061949297498,no_signature,0.0,0.0,0.0,0.0,0.0,0.0,21.61801639100304,0.9758164875994856,0.0,0.0,0.0,10000.0,True,False
2,8,16134472285188712162,no_signature,0.0,0.0,0.0,0.0,0.0,0.0,21.618084604968317,0.9952449628148978,0.0,0.0,0.0,10000.0,True,False
2,8,3108056885359753739,no_signature,0.0,0.0,0.0,0.0,0.0,0.0,21.69171683298191,0.9951789188689698,0.0,0.0,0.0,10000.0,True,False
2,8,2899240654295613597,no_signature,0.0,0.0,0.0,0.0,0.0,0.0,10.518643199000508,0.9955811804285446,0.0,0.0,0.0,10000.0,True,False
2,9,16134472285188712162,no_signature,0.0,0.0,0.0,0.0,0.0,0.0,21.780682578973938,0.9215686220330552,0.0,0.0,0.0,10000.0,True,False
2,9,317774844517240746,no_signature,0.0,0.0,0.0,0.0,0.0,0.0,21.86825919803232,0.9221885665156209,0.0,0.0,0.0,10000.0,True,False
2,9,3108056885359753739,no_signature,0.0,0.0,0.0,0.0,0.0,0.0,21.819645942014176,0.9202229851922288,0.0,0.0,0.0,10000.0,True,False
2,9,8118691061949297498,no_signature,0.0,0.0,0.0,0.0,0.0,0.0,22.00685931701446,0.9208650764185019,0.0,0.0,0.0,10000.0,True,False
2,9,2899240654295613597,no_signature,0.0,0.0,0.0,0.0,0.0,0.0,10.693757455970626,0.9313764640698418,0.0,0.0,0.0,10000.0,True,False
2,10,3108056885359753739,no_signature,0.0,0.0,0.0,0.0,0.0,0.0,21.4001129270182,0.8475924103785628,0.0,0.0,0.0,10000.0,True,False
2,10,317774844517240746,no_signature,0.0,0.0,0.0,0.0,0.0,0.0,21.86902943701716,0.8619526179072956,0.0,0.0,0.0,10000.0,True,False
2,10,16134472285188712162,no_signature,0.0,0.0,0.0,0.0,0.0,0.0,21.927918136992957,0.8434094056344261,0.0,0.0,0.0,10000.0,True,False
2,10,8118691061949297498,no_signature,0.0,0.0,0.0,0.0,0.0,0.0,22.269961187965237,0.8591121933140313,0.0,0.0,0.0,10000.0,True,False
2,10,2899240654295613597,no_signature,0.0,0.0,0.0,0.0,0.0,0.0,10.772075726999901,0.8435731510194345,0.0,0.0,0.0,10000.0,True,False
2,11,8118691061949297498,no_signature,0.0,0.0,0.0,0.0,0.0,0.0,21.845720071985852,0.7893635381620151,0.0,0.0,0.0,10000.0,True,False
2,11,3108056885359753739,no_signature,0.0,0.0,0.0,0.0,0.0,0.0,21.86566540802596,0.7931762731399018,0.0,0.0,0.0,10000.0,True,False
2,11,16134472285188712162,no_signature,0.0,0.0,0.0,0.0,0.0,0.0,22.006233254040126,0.7835796690596559,0.0,0.0,0.0,10000.0,True,False
2,11,317774844517240746,no_signature,0.0,0.0,0.0,0.0,0.0,0.0,22.08041371696163,0.8015207252182519,0.0,0.0,0.0,10000.0,True,False
2,11,2899240654295613597,no_signature,0.0,0.0,0.0,0.0,0.0,0.0,10.59117306896951,0.7934641375328405,0.0,0.0,0.0,10000.0,True,False
2,12,317774844517240746,no_signature,0.0,0.0,0.0,0.0,0.0,0.0,21.57348274497781,0.7446403196825387,0.0,0.0,0.0,10000.0,True,False
2,12,8118691061949297498,no_signature,0.0,0.0,0.0,0.0,0.0,0.0,21.59523514303146,0.7401848184034086,0.0,0.0,0.0,10000.0,True,False
2,12,16134472285188712162,no_signature,0.0,0.0,0.0,0.0,0.0,0.0,21.537626672012266,0.7204023657229762,0.0,0.0,0.0,10000.0,True,False
2,12,3108056885359753739,no_signature,0.0,0.0,0.0,0.0,0.0,0.0,21.655189413984772,0.7347111778137402,0.0,0.0,0.0,10000.0,True,False
2,12,2899240654295613597,no_signature,0.0,0.0,0.0,0.0,0.0,0.0,10.582741851045284,0.733328191569438,0.0,0.0,0.0,10000.0,True,False
2,13,16134472285188712162,no_signature,0.0,0.0,0.0,0.0,0.0,0.0,21.788606517016888,0.6782278470433177,0.0,0.0,0.0,10000.0,True,False
2,13,8118691061949297498,no_signature,0.0,0.0,0.0,0.0,0.0,0.0,21.842999232991133,0.679807398884822,0.0,0.0,0.0,10000.0,True,False
2,13,317774844517240746,no_signature,0.0,0.0,0.0,0.0,0.0,0.0,21.972735654970165,0.6937033236978914,0.0,0.0,0.0,10000.0,True,False
2,13,3108056885359753739,no_signature,0.0,0.0,0.0,0.0,0.0,0.0,21.96903038304299,0.6794933385837573,0.0,0.0,0.0,10000.0,True,False
2,13,2899240654295613597,no_signature,0.0,0.0,0.0,0.0,0.0,0.0,10.676907898974605,0.6937400077859434,0.0,0.0,0.0,10000.0,True,False
2,14,317774844517240746,no_signature,0.0,0.0,0.0,0.0,0.0,0.0,21.6484977749642,0.6514355065866401,0.0,0.0,0.0,10000.0,True,False
2,14,16134472285188712162,no_signature,0.0,0.0,0.0,0.0,0.0,0.0,21.705873683968093,0.6479479421061068,0.0,0.0,0.0,10000.0,True,False
2,14,8118691061949297498,no_signature,0.0,0.0,0.0,0.0,0.0,0.0,21.731894158001523,0.6347305885614297,0.0,0.0,0.0,10000.0,True,False
2,14,3108056885359753739,no_signature,0.0,0.0,0.0,0.0,0.0,0.0,21.782459258043673,0.6277201254480183,0.0,0.0,0.0,10000.0,True,False
2,14,2899240654295613597,no_signature,0.0,0.0,0.0,0.0,0.0,0.0,10.637446586042643,0.6286497822108741,0.0,0.0,0.0,10000.0,True,False
2,15,3108056885359753739,no_signature,0.0,0.0,0.0,0.0,0.0,0.0,21.294537362002302,0.5917155230388093,0.0,0.0,0.0,10000.0,True,False
2,15,16134472285188712162,no_signature,0.0,0.0,0.0,0.0,0.0,0.0,21.492304523999337,0.592586483675451,0.0,0.0,0.0,10000.0,True,False
2,15,317774844517240746,no_signature,0.0,0.0,0.0,0.0,0.0,0.0,21.72303382703103,0.5922783020967112,0.0,0.0,0.0,10000.0,True,False
2,15,8118691061949297498,no_signature,0.0,0.0,0.0,0.0,0.0,0.0,21.837517701031175,0.5809418142746432,0.0,0.0,0.0,10000.0,True,False
2,15,2899240654295613597,no_signature,0.0,0.0,0.0,0.0,0.0,0.0,10.514466541993897,0.5990372930233852,0.0,0.0,0.0,10000.0,True,False
2,16,8118691061949297498,no_signature,0.0,0.0,0.0,0.0,0.0,0.0,21.50189804000547,0.5504437616457954,0.0,0.0,0.0,10000.0,True,False
2,16,16134472285188712162,no_signature,0.0,0.0,0.0,0.0,0.0,0.0,21.69096698402427,0.5518405545181551,0.0,0.0,0.0,10000.0,True,False
2,16,3108056885359753739,no_signature,0.0,0.0,0.0,0.0,0.0,0.0,21.65474292600993,0.5677696946568002,0.0,0.0,0.0,10000.0,True,False
2,16,317774844517240746,no_signature,0.0,0.0,0.0,0.0,0.0,0.0,21.81169011403108,0.5640238167140812,0.0,0.0,0.0,10000.0,True,False
2,16,2899240654295613597,no_signature,0.0,0.0,0.0,0.0,0.0,0.0,10.634338799980469,0.5614337945660464,0.0,0.0,0.0,10000.0,True,False
2,17,3108056885359753739,no_signature,0.0,0.0,0.0,0.0,0.0,0.0,21.10959551599808,0.5239860088037797,0.0,0.0,0.0,10000.0,True,False
2,17,317774844517240746,no_signature,0.0,0.0,0.0,0.0,0.0,0.0,21.26718645199435,0.5332132160854035,0.0,0.0,0.0,10000.0,True,False
2,17,8118691061949297498,no_signature,0.0,0.0,0.0,0.0,0.0,0.0,21.18561873503495,0.5119408974751306,0.0,0.0,0.0,10000.0,True,False
2,17,16134472285188712162,no_signature,0.0,0.0,0.0,0.0,0.0,0.0,21.329314530012198,0.5296713434421597,0.0,0.0,0.0,10000.0,True,False
2,17,2899240654295613597,no_signature,0.0,0.0,0.0,0.0,0.0,0.0,10.66101007501129,0.5309023695608107,0.0,0.0,0.0,10000.0,True,False
2,18,16134472285188712162,no_signature,0.0,0.0,0.0,0.0,0.0,0.0,21.30979702703189,0.503731509593253,0.0,0.0,0.0,10000.0,True,False
2,18,3108056885359753739,no_signature,0.0,0.0,0.0,0.0,0.0,0.0,21.325404481031,0.4866385174849734,0.0,0.0,0.0,10000.0,True,False
2,18,8118691061949297498,no_signature,0.0,0.0,0.0,0.0,0.0,0.0,21.61888312496012,0.48848229731186127,0.0,0.0,0.0,10000.0,True,False
2,18,317774844517240746,no_signature,0.0,0.0,0.0,0.0,0.0,0.0,21.57129143900238,0.48492464483879244,0.0,0.0,0.0,10000.0,True,False
2,18,2899240654295613597,no_signature,0.0,0.0,0.0,0.0,0.0,0.0,10.49612247897312,0.5048075471156702,0.0,0.0,0.0,10000.0,True,False
2,19,8118691061949297498,no_signature,0.0,0.0,0.0,0.0,0.0,0.0,21.379489913000725,0.4497004195440787,0.0,0.0,0.0,10000.0,True,False
2,19,3108056885359753739,no_signature,0.0,0.0,0.0,0.0,0.0,0.0,21.58112833101768,0.4605830931030333,0.0,0.0,0.0,10000.0,True,False
2,19,317774844517240746,no_signature,0.0,0.0,0.0,0.0,0.0,0.0,21.566665560007095,0.47549991319164303,0.0,0.0,0.0,10000.0,True,False
2,19,16134472285188712162,no_signature,0.0,0.0,0.0,0.0,0.0,0.0,21.61391087801894,0.46253658615100307,0.0,0.0,0.0,10000.0,True,False
2,19,2899240654295613597,no_signature,0.0,0.0,0.0,0.0,0.0,0.0,10.693505859002471,0.46131838761722316,0.0,0.0,0.0,10000.0,True,False
2,20,16134472285188712162,no_signature,0.0,0.0,0.0,0.0,0.0,0.0,21.65618320601061,0.43487477548325215,0.0,0.0,0.0,10000.0,True,False
2,20,317774844517240746,no_signature,0.0,0.0,0.0,0.0,0.0,0.0,21.727465499017853,0.44339371131459315,0.0,0.0,0.0,10000.0,True,False
2,20,8118691061949297498,no_signature,0.0,0.0,0.0,0.0,0.0,0.0,21.769436626986135,0.45506196046849123,0.0,0.0,0.0,10000.0,True,False
2,20,3108056885359753739,no_signature,0.0,0.0,0.0,0.0,0.0,0.0,22.012600128015038,0.44697904127379195,0.0,0.0,0.0,10000.0,True,False
2,20,2899240654295613597,no_signature,0.0,0.0,0.0,0.0,0.0,0.0,10.547604324994609,0.4292009494924983,0.0,0.0,0.0,10000.0,True,False
2,21,3108056885359753739,no_signature,0.0,0.0,0.0,0.0,0.0,0.0,21.428253230988048,0.4001718884982621,0.0,0.0,0.0,10000.0,True,False
2,21,8118691061949297498,no_signature,0.0,0.0,0.0,0.0,0.0,0.0,21.722837373963557,0.41909191806535845,0.0,0.0,0.0,10000.0,True,False
2,21,16134472285188712162,no_signature,0.0,0.0,0.0,0.0,0.0,0.0,21.64747492800234,0.40946616899793425,0.0,0.0,0.0,10000.0,True,False
2,21,317774844517240746,no_signature,0.0,0.0,0.0,0.0,0.0,0.0,21.695017532038037,0.4136814935424457,0.0,0.0,0.0,10000.0,True,False
2,21,2899240654295613597,no_signature,0.0,0.0,0.0,0.0,0.0,0.0,10.548703036969528,0.42124359107936343,0.0,0.0,0.0,10000.0,True,False
2,22,8118691061949297498,no_signature,0.0,0.0,0.0,0.0,0.0,0.0,21.872190145018976,0.38261566986553014,0.0,0.0,0.0,10000.0,True,False
2,22,16134472285188712162,no_signature,0.0,0.0,0.0,0.0,0.0,0.0,21.933876267983578,0.3898112056271051,0.0,0.0,0.0,10000.0,True,False
2,22,317774844517240746,no_signature,0.0,0.0,0.0,0.0,0.0,0.0,22.162392330996227,0.3933608075246786,0.0,0.0,0.0,10000.0,True,False
2,22,3108056885359753739,no_signature,0.0,0.0,0.0,0.0,0.0,0.0,22.41722042299807,0.39876040297979937,0.0,0.0,0.0,10000.0,True,False
2,22,2899240654295613597,no_signature,0.0,0.0,0.0,0.0,0.0,0.0,10.709665606962517,0.39255807584467023,0.0,0.0,0.0,10000.0,True,False
2,23,8118691061949297498,no_signature,0.0,0.0,0.0,0.0,0.0,0.0,21.573869529995136,0.3785540694638658,0.0,0.0,0.0,10000.0,True,False
2,23,3108056885359753739,no_signature,0.0,0.0,0.0,0.0,0.0,0.0,21.325129195000045,0.37558589965854877,0.0,0.0,0.0,10000.0,True,False
2,23,317774844517240746,no_signature,0.0,0.0,0.0,0.0,0.0,0.0,21.654439713980537,0.35262108684633486,0.0,0.0,0.0,10000.0,True,False
2,23,16134472285188712162,no_signature,0.0,0.0,0.0,0.0,0.0,0.0,21.495730995957274,0.37594146262140227,0.0,0.0,0.0,10000.0,True,False
2,23,2899240654295613597,no_signature,0.0,0.0,0.0,0.0,0.0,0.0,10.885526033991482,0.38075301313873966,0.0,0.0,0.0,10000.0,True,False
2,24,8118691061949297498,no_signature,0.0,0.0,0.0,0.0,0.0,0.0,21.535267011029646,0.3520874104063851,0.0,0.0,0.0,10000.0,True,False
2,24,3108056885359753739,no_signature,0.0,0.0,0.0,0.0,0.0,0.0,21.65338732500095,0.39294589099328453,0.0,0.0,0.0,10000.0,True,False
2,24,16134472285188712162,no_signature,0.0,0.0,0.0,0.0,0.0,0.0,21.844285391038284,0.35316603119743945,0.0,0.0,0.0,10000.0,True,False
2,24,317774844517240746,no_signature,0.0,0.0,0.0,0.0,0.0,0.0,21.970100081001874,0.33839153439050523,0.0,0.0,0.0,10000.0,True,False
2,24,2899240654295613597,no_signature,0.0,0.0,0.0,0.0,0.0,0.0,10.546294596977532,0.3469828507943323,0.0,0.0,0.0,10000.0,True,False
2,25,16134472285188712162,no_signature,0.0,0.0,0.0,0.0,0.0,0.0,21.595574372971896,0.3402365635181911,0.0,0.0,0.0,10000.0,True,False
2,25,317774844517240746,no_signature,0.0,0.0,0.0,0.0,0.0,0.0,21.55487091600662,0.3288853304407086,0.0,0.0,0.0,10000.0,True,False
2,25,8118691061949297498,no_signature,0.0,0.0,0.0,0.0,0.0,0.0,21.59581657598028,0.34334281329422617,0.0,0.0,0.0,10000.0,True,False
2,25,3108056885359753739,no_signature,0.0,0.0,0.0,0.0,0.0,0.0,21.71098976401845,0.33416368699552246,0.0,0.0,0.0,10000.0,True,False
2,25,2899240654295613597,no_signature,0.0,0.0,0.0,0.0,0.0,0.0,10.704883292026352,0.3394503293606563,0.0,0.0,0.0,10000.0,True,False
2,26,16134472285188712162,no_signature,0.0,0.0,0.0,0.0,0.0,0.0,21.644654752977658,0.3272629314661621,0.0,0.0,0.0,10000.0,True,False
2,26,317774844517240746,no_signature,0.0,0.0,0.0,0.0,0.0,0.0,21.80596115195658,0.31966432711532033,0.0,0.0,0.0,10000.0,True,False
2,26,8118691061949297498,no_signature,0.0,0.0,0.0,0.0,0.0,0.0,21.841490275983233,0.2938281879998363,0.0,0.0,0.0,10000.0,True,False
2,26,3108056885359753739,no_signature,0.0,0.0,0.0,0.0,0.0,0.0,21.9974123800057,0.3297635854003183,0.0,0.0,0.0,10000.0,True,False
2,26,2899240654295613597,no_signature,0.0,0.0,0.0,0.0,0.0,0.0,10.639789727982134,0.31679031040709904,0.0,0.0,0.0,10000.0,True,False
2,27,3108056885359753739,no_signature,0.0,0.0,0.0,0.0,0.0,0.0,21.54831770202145,0.32814115642632447,0.0,0.0,0.0,10000.0,True,False
2,27,16134472285188712162,no_signature,0.0,0.0,0.0,0.0,0.0,0.0,21.619471801037434,0.29799440839497476,0.0,0.0,0.0,10000.0,True,False
2,27,317774844517240746,no_signature,0.0,0.0,0.0,0.0,0.0,0.0,21.74702722002985,0.30959722410423307,0.0,0.0,0.0,10000.0,True,False
2,27,8118691061949297498,no_signature,0.0,0.0,0.0,0.0,0.0,0.0,21.839615478005726,0.30411338898094414,0.0,0.0,0.0,10000.0,True,False
2,27,2899240654295613597,no_signature,0.0,0.0,0.0,0.0,0.0,0.0,10.667434788949322,0.30346485756236474,0.0,0.0,0.0,10000.0,True,False
2,28,16134472285188712162,no_signature,0.0,0.0,0.0,0.0,0.0,0.0,21.56120719399769,0.3125262770581598,0.0,0.0,0.0,10000.0,True,False
2,28,317774844517240746,no_signature,0.0,0.0,0.0,0.0,0.0,0.0,21.478506058978382,0.2901971247091818,0.0,0.0,0.0,10000.0,True,False
2,28,8118691061949297498,no_signature,0.0,0.0,0.0,0.0,0.0,0.0,21.63583975000074,0.2869279464444937,0.0,0.0,0.0,10000.0,True,False
2,28,3108056885359753739,no_signature,0.0,0.0,0.0,0.0,0.0,0.0,21.848828195012175,0.3008295555848973,0.0,0.0,0.0,10000.0,True,False
2,28,2899240654295613597,no_signature,0.0,0.0,0.0,0.0,0.0,0.0,10.655512596014887,0.28502591102631,0.0,0.0,0.0,10000.0,True,False
2,29,3108056885359753739,no_signature,0.0,0.0,0.0,0.0,0.0,0.0,21.09024704102194,0.2786960199336929,0.0,0.0,0.0,10000.0,True,False
2,29,16134472285188712162,no_signature,0.0,0.0,0.0,0.0,0.0,0.0,21.17949030600721,0.3003227295719992,0.0,0.0,0.0,10000.0,True,False
2,29,8118691061949297498,no_signature,0.0,0.0,0.0,0.0,0.0,0.0,21.247966221009847,0.28844173038794924,0.0,0.0,0.0,10000.0,True,False
2,29,317774844517240746,no_signature,0.0,0.0,0.0,0.0,0.0,0.0,21.306615104957018,0.2920883347699865,0.0,0.0,0.0,10000.0,True,False
2,29,2899240654295613597,no_signature,0.0,0.0,0.0,0.0,0.0,0.0,10.688799244002439,0.2734758053888037,0.0,0.0,0.0,10000.0,True,False
2,30,8118691061949297498,no_signature,0.0,0.0,0.0,0.0,0.0,0.0,21.795370912994258,0.25823410438335004,0.0,0.0,0.0,10000.0,True,False
2,30,317774844517240746,no_signature,0.0,0.0,0.0,0.0,0.0,0.0,21.875392785004806,0.28252682377980015,0.0,0.0,0.0,10000.0,True,False
2,30,3108056885359753739,no_signature,0.0,0.0,0.0,0.0,0.0,0.0,22.038186974998098,0.2919239845363417,0.0,0.0,0.0,10000.0,True,False
2,30,16134472285188712162,no_signature,0.0,0.0,0.0,0.0,0.0,0.0,22.14967849297682,0.27744965792928167,0.0,0.0,0.0,10000.0,True,False
2,30,2899240654295613597,no_signature,0.0,0.0,0.0,0.0,0.0,0.0,10.83153718005633,0.26939046715561765,0.0,0.0,0.0,10000.0,True,False
3,1,12663202724474397825,no_signature,0.0,0.0,0.0,0.0,0.0,0.0,21.58948215597775,1.8616281747817993,0.0,0.0,0.0,10000.0,True,False
3,1,17059512719609135085,no_signature,0.0,0.0,0.0,0.0,0.0,0.0,21.837561165040825,1.90264578101734,0.0,0.0,0.0,10000.0,True,False
3,1,11062987324512473549,no_signature,0.0,0.0,0.0,0.0,0.0,0.0,21.580888882977888,1.8319942505595783,0.0,0.0,0.0,10000.0,True,False
3,1,12559537449185282711,no_signature,0.0,0.0,0.0,0.0,0.0,0.0,21.755571225017775,1.842407361387064,0.0,0.0,0.0,10000.0,True,False
3,1,18169880943202073436,no_signature,0.0,0.0,0.0,0.0,0.0,0.0,10.646471931017004,1.8484171617526215,0.0,0.0,0.0,10000.0,True,False
3,2,17059512719609135085,no_signature,0.0,0.0,0.0,0.0,0.0,0.0,21.471865853993222,1.6430526526210407,0.0,0.0,0.0,10000.0,True,False
3,2,12663202724474397825,no_signature,0.0,0.0,0.0,0.0,0.0,0.0,21.588703979039565,1.60358693234075,0.0,0.0,0.0,10000.0,True,False
3,2,11062987324512473549,no_signature,0.0,0.0,0.0,0.0,0.0,0.0,21.692320550966542,1.5944211372552208,0.0,0.0,0.0,10000.0,True,False
3,2,12559537449185282711,no_signature,0.0,0.0,0.0,0.0,0.0,0.0,21.676936824980658,1.6234410540364421,0.0,0.0,0.0,10000.0,True,False
3,2,18169880943202073436,no_signature,0.0,0.0,0.0,0.0,0.0,0.0,10.626524931984022,1.6014585342650978,0.0,0.0,0.0,10000.0,True,False
3,3,12663202724474397825,no_signature,0.0,0.0,0.0,0.0,0.0,0.0,21.3759138250025,1.4275813097009262,0.0,0.0,0.0,10000.0,True,False
3,3,17059512719609135085,no_signature,0.0,0.0,0.0,0.0,0.0,0.0,21.656466674001422,1.4348889113234256,0.0,0.0,0.0,10000.0,True,False
3,3,12559537449185282711,no_signature,0.0,0.0,0.0,0.0,0.0,0.0,21.71166421601083,1.410994672165892,0.0,0.0,0.0,10000.0,True,False
3,3,11062987324512473549,no_signature,0.0,0.0,0.0,0.0,0.0,0.0,21.713638483022805,1.4147179096270674,0.0,0.0,0.0,10000.0,True,False
3,3,18169880943202073436,no_signature,0.0,0.0,0.0,0.0,0.0,0.0,10.618397722020745,1.429972855046915,0.0,0.0,0.0,10000.0,True,False
3,4,17059512719609135085,no_signature,0.0,0.0,0.0,0.0,0.0,0.0,21.62530254200101,1.2699298744384473,0.0,0.0,0.0,10000.0,True,False
3,4,12663202724474397825,no_signature,0.0,0.0,0.0,0.0,0.0,0.0,21.82415151799796,1.2847540986042816,0.0,0.0,0.0,10000.0,True,False
3,4,11062987324512473549,no_signature,0.0,0.0,0.0,0.0,0.0,0.0,21.889300534967333,1.287409584362286,0.0,0.0,0.0,10000.0,True,False
3,4,12559537449185282711,no_signature,0.0,0.0,0.0,0.0,0.0,0.0,22.05046585702803,1.2729864072875854,0.0,0.0,0.0,10000.0,True,False
3,4,18169880943202073436,no_signature,0.0,0.0,0.0,0.0,0.0,0.0,10.566502514993772,1.2995451098432937,0.0,0.0,0.0,10000.0,True,False
3,5,11062987324512473549,no_signature,0.0,0.0,0.0,0.0,0.0,0.0,21.530205370974727,1.1583992787443411,0.0,0.0,0.0,10000.0,True,False
3,5,17059512719609135085,no_signature,0.0,0.0,0.0,0.0,0.0,0.0,21.79971300502075,1.1742818311761363,0.0,0.0,0.0,10000.0,True,False
3,5,12559537449185282711,no_signature,0.0,0.0,0.0,0.0,0.0,0.0,21.78787480102619,1.1705926401546587,0.0,0.0,0.0,10000.0,True,False
3,5,12663202724474397825,no_signature,0.0,0.0,0.0,0.0,0.0,0.0,21.792211216990836,1.1728708566949009,0.0,0.0,0.0,10000.0,True,False
3,5,18169880943202073436,no_signature,0.0,0.0,0.0,0.0,0.0,0.0,10.580429032968823,1.1620687554819515,0.0,0.0,0.0,10000.0,True,False
3,6,17059512719609135085,no_signature,0.0,0.0,0.0,0.0,0.0,0.0,21.017378168005962,1.078975497533719,0.0,0.0,0.0,10000.0,True,False
3,6,11062987324512473549,no_signature,0.0,0.0,0.0,0.0,0.0,0.0,21.332618585962337,1.0892921192958331,0.0,0.0,0.0,10000.0,True,False
3,6,12663202724474397825,no_signature,0.0,0.0,0.0,0.0,0.0,0.0,21.440003907016944,1.084607666959397,0.0,0.0,0.0,10000.0,True,False
3,6,12559537449185282711,no_signature,0.0,0.0,0.0,0.0,0.0,0.0,21.46733699302422,1.0818164988447683,0.0,0.0,0.0,10000.0,True,False
3,6,18169880943202073436,no_signature,0.0,0.0,0.0,0.0,0.0,0.0,10.600618034019135,1.0763604225822911,0.0,0.0,0.0,10000.0,True,False
3,7,12559537449185282711,no_signature,0.0,0.0,0.0,0.0,0.0,0.0,21.356373453047127,0.9937890290071408,0.0,0.0,0.0,10000.0,True,False
3,7,17059512719609135085,no_signature,0.0,0.0,0.0,0.0,0.0,0.0,21.683792370022275,0.9907659185580171,0.0,0.0,0.0,10000.0,True,False
3,7,11062987324512473549,no_signature,0.0,0.0,0.0,0.0,0.0,0.0,21.845075928024016,1.0067593463883995,0.0,0.0,0.0,10000.0,True,False
3,7,12663202724474397825,no_signature,0.0,0.0,0.0,0.0,0.0,0.0,21.704492343997117,0.9801945972937746,0.0,0.0,0.0,10000.0,True,False
3,7,18169880943202073436,no_signature,0.0,0.0,0.0,0.0,0.0,0.0,10.760257993999403,0.9989545629999508,0.0,0.0,0.0,10000.0,True,False
3,8,17059512719609135085,no_signature,0.0,0.0,0.0,0.0,0.0,0.0,21.549185129988473,0.9340027207955004,0.0,0.0,0.0,10000.0,True,False
3,8,11062987324512473549,no_signature,0.0,0.0,0.0,0.0,0.0,0.0,21.641357533982955,0.9265146118383438,0.0,0.0,0.0,10000.0,True,False
3,8,12663202724474397825,no_signature,0.0,0.0,0.0,0.0,0.0,0.0,21.882379316026345,0.9258168517781523,0.0,0.0,0.0,10000.0,True,False
3,8,12559537449185282711,no_signature,0.0,0.0,0.0,0.0,0.0,0.0,22.077279035991523,0.9256399465254701,0.0,0.0,0.0,10000.0,True,False
3,8,18169880943202073436,no_signature,0.0,0.0,0.0,0.0,0.0,0.0,10.740904570033308,0.9275349434762717,0.0,0.0,0.0,10000.0,True,False
3,9,11062987324512473549,no_signature,0.0,0.0,0.0,0.0,0.0,0.0,21.345554505009204,0.8458943587903398,0.0,0.0,0.0,10000.0,True,False
3,9,17059512719609135085,no_signature,0.0,0.0,0.0,0.0,0.0,0.0,21.66173417097889,0.8590515683443782,0.0,0.0,0.0,10000.0,True,False
3,9,12663202724474397825,no_signature,0.0,0.0,0.0,0.0,0.0,0.0,21.735347165027633,0.8607750126538566,0.0,0.0,0.0,10000.0,True,False
3,9,12559537449185282711,no_signature,0.0,0.0,0.0,0.0,0.0,0.0,21.701144919963554,0.858639944761325,0.0,0.0,0.0,10000.0,True,False
3,9,18169880943202073436,no_signature,0.0,0.0,0.0,0.0,0.0,0.0,10.509680149029009,0.8751658902952846,0.0,0.0,0.0,10000.0,True,False
3,10,12559537449185282711,no_signature,0.0,0.0,0.0,0.0,0.0,0.0,21.472244406992104,0.800785169005394,0.0,0.0,0.0,10000.0,True,False
3,10,17059512719609135085,no_signature,0.0,0.0,0.0,0.0,0.0,0.0,21.568480312998872,0.8060925293463869,0.0,0.0,0.0,10000.0,True,False
3,10,11062987324512473549,no_signature,0.0,0.0,0.0,0.0,0.0,0.0,21.64599117299076,0.8058327083199169,0.0,0.0,0.0,10000.0,True,False
3,10,12663202724474397825,no_signature,0.0,0.0,0.0,0.0,0.0,0.0,21.80377384298481,0.8003573384338294,0.0,0.0,0.0,10000.0,True,False
3,10,18169880943202073436,no_signature,0.0,0.0,0.0,0.0,0.0,0.0,10.611930462997407,0.8166471286513173,0.0,0.0,0.0,10000.0,True,False
3,11,11062987324512473549,no_signature,0.0,0.0,0.0,0.0,0.0,0.0,21.506134926050436,0.7478430063579791,0.0,0.0,0.0,10000.0,True,False
3,11,12663202724474397825,no_signature,0.0,0.0,0.0,0.0,0.0,0.0,22.11762572597945,0.7345183972066964,0.0,0.0,0.0,10000.0,True,False
3,11,12559537449185282711,no_signature,0.0,0.0,0.0,0.0,0.0,0.0,22.052563568984624,0.7479274037737436,0.0,0.0,0.0,10000.0,True,False
3,11,17059512719609135085,no_signature,0.0,0.0,0.0,0.0,0.0,0.0,22.390646849991754,0.7608857609498234,0.0,0.0,0.0,10000.0,True,False
3,11,18169880943202073436,no_signature,0.0,0.0,0.0,0.0,0.0,0.0,10.78960164799355,0.7554647936798132,0.0,0.0,0.0,10000.0,True,False
3,12,12663202724474397825,no_signature,0.0,0.0,0.0,0.0,0.0,0.0,21.75289800297469,0.6820313212589715,0.0,0.0,0.0,10000.0,True,False
3,12,12559537449185282711,no_signature,0.0,0.0,0.0,0.0,0.0,0.0,21.86374604603043,0.695476978041303,0.0,0.0,0.0,10000.0,True,False
3,12,11062987324512473549,no_signature,0.0,0.0,0.0,0.0,0.0,0.0,21.896686777996365,0.6923580326306553,0.0,0.0,0.0,10000.0,True,False
3,12,17059512719609135085,no_signature,0.0,0.0,0.0,0.0,0.0,0.0,21.85121699597221,0.6849069116881099,0.0,0.0,0.0,10000.0,True,False
3,12,18169880943202073436,no_signature,0.0,0.0,0.0,0.0,0.0,0.0,10.795092619024217,0.7060189896498245,0.0,0.0,0.0,10000.0,True,False
3,13,12663202724474397825,no_signature,0.0,0.0,0.0,0.0,0.0,0.0,21.014016430999618,0.6365402952169839,0.0,0.0,0.0,10000.0,True,False
3,13,17059512719609135085,no_signature,0.0,0.0,0.0,0.0,0.0,0.0,21.14786104799714,0.6415896717542277,0.0,0.0,0.0,10000.0,True,False
3,13,11062987324512473549,no_signature,0.0,0.0,0.0,0.0,0.0,0.0,21.593527025019284,0.6333376191818295,0.0,0.0,0.0,10000.0,True,False
3,13,12559537449185282711,no_signature,0.0,0.0,0.0,0.0,0.0,0.0,21.361463144014124,0.6421739654942823,0.0,0.0,0.0,10000.0,True,False
3,13,18169880943202073436,no_signature,0.0,0.0,0.0,0.0,0.0,0.0,10.588839639967773,0.6504074315817211,0.0,0.0,0.0,10000.0,True,False
3,14,12663202724474397825,no_signature,0.0,0.0,0.0,0.0,0.0,0.0,21.406507702020463,0.6003054432785169,0.0,0.0,0.0,10000.0,True,False
3,14,12559537449185282711,no_signature,0.0,0.0,0.0,0.0,0.0,0.0,21.552236667019315,0.594850318298077,0.0,0.0,0.0,10000.0,True,False
3,14,17059512719609135085,no_signature,0.0,0.0,0.0,0.0,0.0,0.0,21.68272954103304,0.5960481577216626,0.0,0.0,0.0,10000.0,True,False
3,14,11062987324512473549,no_signature,0.0,0.0,0.0,0.0,0.0,0.0,21.64016490598442,0.6118705859437538,0.0,0.0,0.0,10000.0,True,False
3,14,18169880943202073436,no_signature,0.0,0.0,0.0,0.0,0.0,0.0,10.61416915198788,0.6134908513163035,0.0,0.0,0.0,10000.0,True,False
3,15,12559537449185282711,no_signature,0.0,0.0,0.0,0.0,0.0,0.0,21.449845505005214,0.5474253921760633,0.0,0.0,0.0,10000.0,True,False
3,15,12663202724474397825,no_signature,0.0,0.0,0.0,0.0,0.0,0.0,21.632775638019666,0.5496269166231537,0.0,0.0,0.0,10000.0,True,False
3,15,17059512719609135085,no_signature,0.0,0.0,0.0,0.0,0.0,0.0,21.797863312996924,0.5690778639798347,0.0,0.0,0.0,10000.0,True,False
3,15,11062987324512473549,no_signature,0.0,0.0,0.0,0.0,0.0,0.0,21.860095338022802,0.5735297915034782,0.0,0.0,0.0,10000.0,True,False
3,15,18169880943202073436,no_signature,0.0,0.0,0.0,0.0,0.0,0.0,10.690799668023828,0.5935387973682568,0.0,0.0,0.0,10000.0,True,False
3,16,11062987324512473549,no_signature,0.0,0.0,0.0,0.0,0.0,0.0,21.7050962120411,0.5077879178923921,0.0,0.0,0.0,10000.0,True,False
3,16,17059512719609135085,no_signature,0.0,0.0,0.0,0.0,0.0,0.0,21.880479111045133,0.5314813343266519,0.0,0.0,0.0,10000.0,True,False
3,16,12559537449185282711,no_signature,0.0,0.0,0.0,0.0,0.0,0.0,22.002153025008738,0.518751928945795,0.0,0.0,0.0,10000.0,True,False
3,16,12663202724474397825,no_signature,0.0,0.0,0.0,0.0,0.0,0.0,22.0769583209767,0.5324542298317908,0.0,0.0,0.0,10000.0,True,False
3,16,18169880943202073436,no_signature,0.0,0.0,0.0,0.0,0.0,0.0,10.860864355985541,0.5570952316728263,0.0,0.0,0.0,10000.0,True,False
3,17,12663202724474397825,no_signature,0.0,0.0,0.0,0.0,0.0,0.0,21.283807212021202,0.48617691097977445,0.0,0.0,0.0,10000.0,True,False
3,17,17059512719609135085,no_signature,0.0,0.0,0.0,0.0,0.0,0.0,21.674731645034626,0.4998421669720461,0.0,0.0,0.0,10000.0,True,False
3,17,12559537449185282711,no_signature,0.0,0.0,0.0,0.0,0.0,0.0,21.656782208010554,0.5092155032407362,0.0,0.0,0.0,10000.0,True,False
3,17,11062987324512473549,no_signature,0.0,0.0,0.0,0.0,0.0,0.0,21.675228915002663,0.5021681520885553,0.0,0.0,0.0,10000.0,True,False
3,17,18169880943202073436,no_signature,0.0,0.0,0.0,0.0,0.0,0.0,10.605150322953705,0.519986015943864,0.0,0.0,0.0,10000.0,True,False
3,18,12559537449185282711,no_signature,0.0,0.0,0.0,0.0,0.0,0.0,21.339401027013082,0.4746453407318733,0.0,0.0,0.0,10000.0,True,False
3,18,17059512719609135085,no_signature,0.0,0.0,0.0,0.0,0.0,0.0,21.43231038498925,0.44683630609164793,0.0,0.0,0.0,10000.0,True,False
3,18,12663202724474397825,no_signature,0.0,0.0,0.0,0.0,0.0,0.0,21.45795641100267,0.46264487281203653,0.0,0.0,0.0,10000.0,True,False
3,18,11062987324512473549,no_signature,0.0,0.0,0.0,0.0,0.0,0.0,21.51745529199252,0.4738174721289176,0.0,0.0,0.0,10000.0,True,False
3,18,18169880943202073436,no_signature,0.0,0.0,0.0,0.0,0.0,0.0,10.508650633972138,0.49707774441843977,0.0,0.0,0.0,10000.0,True,False
3,19,17059512719609135085,no_signature,0.0,0.0,0.0,0.0,0.0,0.0,21.41368878801586,0.4251801129787589,0.0,0.0,0.0,10000.0,True,False
3,19,12559537449185282711,no_signature,0.0,0.0,0.0,0.0,0.0,0.0,21.47703220997937,0.42359059740203064,0.0,0.0,0.0,10000.0,True,False
3,19,12663202724474397825,no_signature,0.0,0.0,0.0,0.0,0.0,0.0,21.541667870013043,0.4354413260762303,0.0,0.0,0.0,10000.0,True,False
3,19,11062987324512473549,no_signature,0.0,0.0,0.0,0.0,0.0,0.0,21.753126598952804,0.440222192234315,0.0,0.0,0.0,10000.0,True,False
3,19,18169880943202073436,no_signature,0.0,0.0,0.0,0.0,0.0,0.0,10.857410176016856,0.45981897120349136,0.0,0.0,0.0,10000.0,True,False
3,20,17059512719609135085,no_signature,0.0,0.0,0.0,0.0,0.0,0.0,21.166448639996815,0.41143111515040404,0.0,0.0,0.0,10000.0,True,False
3,20,12663202724474397825,no_signature,0.0,0.0,0.0,0.0,0.0,0.0,21.292100591002963,0.4046562743929628,0.0,0.0,0.0,10000.0,True,False
3,20,12559537449185282711,no_signature,0.0,0.0,0.0,0.0,0.0,0.0,21.34303061896935,0.38412086953655983,0.0,0.0,0.0,10000.0,True,False
3,20,11062987324512473549,no_signature,0.0,0.0,0.0,0.0,0.0,0.0,21.41840588103514,0.4264697213047229,0.0,0.0,0.0,10000.0,True,False
3,20,18169880943202073436,no_signature,0.0,0.0,0.0,0.0,0.0,0.0,10.664695235958789,0.4215533762884597,0.0,0.0,0.0,10000.0,True,False
3,21,17059512719609135085,no_signature,0.0,0.0,0.0,0.0,0.0,0.0,21.872026133001782,0.37038528093526635,0.0,0.0,0.0,10000.0,True,False
3,21,11062987324512473549,no_signature,0.0,0.0,0.0,0.0,0.0,0.0,22.085655284987297,0.3895224467062722,0.0,0.0,0.0,10000.0,True,False
3,21,12559537449185282711,no_signature,0.0,0.0,0.0,0.0,0.0,0.0,22.1128119660425,0.3722578236006034,0.0,0.0,0.0,10000.0,True,False
3,21,12663202724474397825,no_signature,0.0,0.0,0.0,0.0,0.0,0.0,22.291235464974307,0.3910466058019061,0.0,0.0,0.0,10000.0,True,False
3,21,18169880943202073436,no_signature,0.0,0.0,0.0,0.0,0.0,0.0,10.67391133500496,0.40021533679109983,0.0,0.0,0.0,10000.0,True,False
3,22,17059512719609135085,no_signature,0.0,0.0,0.0,0.0,0.0,0.0,21.545984632975888,0.35220108584712106,0.0,0.0,0.0,10000.0,True,False
3,22,11062987324512473549,no_signature,0.0,0.0,0.0,0.0,0.0,0.0,21.511126861034427,0.36987989479467603,0.0,0.0,0.0,10000.0,True,False
3,22,12559537449185282711,no_signature,0.0,0.0,0.0,0.0,0.0,0.0,21.50734393997118,0.36027682905856034,0.0,0.0,0.0,10000.0,True,False
3,22,12663202724474397825,no_signature,0.0,0.0,0.0,0.0,0.0,0.0,21.69002594903577,0.3713631431747692,0.0,0.0,0.0,10000.0,True,False
3,22,18169880943202073436,no_signature,0.0,0.0,0.0,0.0,0.0,0.0,10.885960411978886,0.37568311137965504,0.0,0.0,0.0,10000.0,True,False
3,23,11062987324512473549,no_signature,0.0,0.0,0.0,0.0,0.0,0.0,21.55437292298302,0.35279949084697915,0.0,0.0,0.0,10000.0,True,False
3,23,12663202724474397825,no_signature,0.0,0.0,0.0,0.0,0.0,0.0,21.808037095004693,0.3558591643776804,0.0,0.0,0.0,10000.0,True,False
3,23,12559537449185282711,no_signature,0.0,0.0,0.0,0.0,0.0,0.0,22.014695911027957,0.3363038056616347,0.0,0.0,0.0,10000.0,True,False
3,23,17059512719609135085,no_signature,0.0,0.0,0.0,0.0,0.0,0.0,21.923745177977253,0.3289144094081256,0.0,0.0,0.0,10000.0,True,False
3,23,18169880943202073436,no_signature,0.0,0.0,0.0,0.0,0.0,0.0,10.8448061599629,0.3502115462780201,0.0,0.0,0.0,10000.0,True,False
3,24,12559537449185282711,no_signature,0.0,0.0,0.0,0.0,0.0,0.0,21.35851544700563,0.32002015148227014,0.0,0.0,0.0,10000.0,True,False
3,24,17059512719609135085,no_signature,0.0,0.0,0.0,0.0,0.0,0.0,21.431585826037917,0.3306695258679291,0.0,0.0,0.0,10000.0,True,False
3,24,12663202724474397825,no_signature,0.0,0.0,0.0,0.0,0.0,0.0,21.571951377030928,0.3347876960643755,0.0,0.0,0.0,10000.0,True,False
3,24,11062987324512473549,no_signature,0.0,0.0,0.0,0.0,0.0,0.0,21.666832719987724,0.3266946858229538,0.0,0.0,0.0,10000.0,True,False
3,24,18169880943202073436,no_signature,0.0,0.0,0.0,0.0,0.0,0.0,10.68150839698501,0.3388903309820226,0.0,0.0,0.0,10000.0,True,False
3,25,12663202724474397825,no_signature,0.0,0.0,0.0,0.0,0.0,0.0,21.720158280979376,0.3119734985048707,0.0,0.0,0.0,10000.0,True,False
3,25,11062987324512473549,no_signature,0.0,0.0,0.0,0.0,0.0,0.0,21.792676348006353,0.3444212799409803,0.0,0.0,0.0,10000.0,True,False
3,25,12559537449185282711,no_signature,0.0,0.0,0.0,0.0,0.0,0.0,21.747316439985298,0.32162854912878275,0.0,0.0,0.0,10000.0,True,False
3,25,17059512719609135085,no_signature,0.0,0.0,0.0,0.0,0.0,0.0,21.89683982101269,0.30028623185111597,0.0,0.0,0.0,10000.0,True,False
3,25,18169880943202073436,no_signature,0.0,0.0,0.0,0.0,0.0,0.0,10.635547599988058,0.3213088396035087,0.0,0.0,0.0,10000.0,True,False
3,26,17059512719609135085,no_signature,0.0,0.0,0.0,0.0,0.0,0.0,21.305734127003234,0.295119575932979,0.0,0.0,0.0,10000.0,True,False
3,26,11062987324512473549,no_signature,0.0,0.0,0.0,0.0,0.0,0.0,21.395236703043338,0.32600080548746946,0.0,0.0,0.0,10000.0,True,False
3,26,12559537449185282711,no_signature,0.0,0.0,0.0,0.0,0.0,0.0,21.395174955017865,0.30543196240451914,0.0,0.0,0.0,10000.0,True,False
3,26,12663202724474397825,no_signature,0.0,0.0,0.0,0.0,0.0,0.0,21.36102094000671,0.304364840763386,0.0,0.0,0.0,10000.0,True,False
3,26,18169880943202073436,no_signature,0.0,0.0,0.0,0.0,0.0,0.0,10.61804479395505,0.29936117897577846,0.0,0.0,0.0,10000.0,True,False
3,27,17059512719609135085,no_signature,0.0,0.0,0.0,0.0,0.0,0.0,21.298393647011835,0.2881551032391981,0.0,0.0,0.0,10000.0,True,False
3,27,12559537449185282711,no_signature,0.0,0.0,0.0,0.0,0.0,0.0,21.524873248010408,0.26530005614951657,0.0,0.0,0.0,10000.0,True,False
3,27,11062987324512473549,no_signature,0.0,0.0,0.0,0.0,0.0,0.0,21.537332850974053,0.30477981826070305,0.0,0.0,0.0,10000.0,True,False
3,27,12663202724474397825,no_signature,0.0,0.0,0.0,0.0,0.0,0.0,21.495482279045973,0.2676266566772139,0.0,0.0,0.0,10000.0,True,False
3,27,18169880943202073436,no_signature,0.0,0.0,0.0,0.0,0.0,0.0,10.651486351969652,0.3022025883965456,0.0,0.0,0.0,10000.0,True,False
3,28,12663202724474397825,no_signature,0.0,0.0,0.0,0.0,0.0,0.0,21.291756937047467,0.2668698657193956,0.0,0.0,0.0,10000.0,True,False
3,28,11062987324512473549,no_signature,0.0,0.0,0.0,0.0,0.0,0.0,21.45786046102876,0.30339788353760927,0.0,0.0,0.0,10000.0,True,False
3,28,17059512719609135085,no_signature,0.0,0.0,0.0,0.0,0.0,0.0,21.63952215196332,0.26758443885899413,0.0,0.0,0.0,10000.0,True,False
3,28,12559537449185282711,no_signature,0.0,0.0,0.0,0.0,0.0,0.0,21.737986252002884,0.2777831842155812,0.0,0.0,0.0,10000.0,True,False
3,28,18169880943202073436,no_signature,0.0,0.0,0.0,0.0,0.0,0.0,10.658459330967162,0.2881475461910244,0.0,0.0,0.0,10000.0,True,False
3,29,12663202724474397825,no_signature,0.0,0.0,0.0,0.0,0.0,0.0,21.43609238299541,0.2697231870244284,0.0,0.0,0.0,10000.0,True,False
3,29,17059512719609135085,no_signature,0.0,0.0,0.0,0.0,0.0,0.0,21.481003005988896,0.2557220118359838,0.0,0.0,0.0,10000.0,True,False
3,29,11062987324512473549,no_signature,0.0,0.0,0.0,0.0,0.0,0.0,21.57796452898765,0.28424025430588035,0.0,0.0,0.0,10000.0,True,False
3,29,12559537449185282711,no_signature,0.0,0.0,0.0,0.0,0.0,0.0,21.834158275974914,0.26061111930668496,0.0,0.0,0.0,10000.0,True,False
3,29,18169880943202073436,no_signature,0.0,0.0,0.0,0.0,0.0,0.0,10.688072046963498,0.2521504453552988,0.0,0.0,0.0,10000.0,True,False
3,30,12663202724474397825,no_signature,0.0,0.0,0.0,0.0,0.0,0.0,21.804905238968786,0.2676021066961435,0.0,0.0,0.0,10000.0,True,False
3,30,11062987324512473549,no_signature,0.0,0.0,0.0,0.0,0.0,0.0,21.937028640008066,0.2564728560901363,0.0,0.0,0.0,10000.0,True,False
3,30,12559537449185282711,no_signature,0.0,0.0,0.0,0.0,0.0,0.0,22.060877741023432,0.23938924599938785,0.0,0.0,0.0,10000.0,True,False
3,30,17059512719609135085,no_signature,0.0,0.0,0.0,0.0,0.0,0.0,22.0817850860185,0.25804228574809684,0.0,0.0,0.0,10000.0,True,False
3,30,18169880943202073436,no_signature,0.0,0.0,0.0,0.0,0.0,0.0,10.836782724945806,0.2561005092167947,0.0,0.0,0.0,10000.0,True,False
4,1,11588743067519646845,no_signature,0.0,0.0,0.0,0.0,0.0,0.0,21.21506172604859,1.9329763909879203,0.0,0.0,0.0,10000.0,True,False
4,1,5015101895845240947,no_signature,0.0,0.0,0.0,0.0,0.0,0.0,21.190567896002904,1.915281142289646,0.0,0.0,0.0,10000.0,True,False
4,1,357864299791037057,no_signature,0.0,0.0,0.0,0.0,0.0,0.0,21.0886461820337,1.9269947872375146,0.0,0.0,0.0,10000.0,True,False
4,1,10031248089154592494,no_signature,0.0,0.0,0.0,0.0,0.0,0.0,21.121630506007932,1.8923838698445037,0.0,0.0,0.0,10000.0,True,False
4,1,63920548900581606,no_signature,0.0,0.0,0.0,0.0,0.0,0.0,10.5949199309689,1.9057433285271397,0.0,0.0,0.0,10000.0,True,False
4,2,11588743067519646845,no_signature,0.0,0.0,0.0,0.0,0.0,0.0,21.480960028013214,1.6333715995660605,0.0,0.0,0.0,10000.0,True,False
4,2,5015101895845240947,no_signature,0.0,0.0,0.0,0.0,0.0,0.0,21.5760014129919,1.6142164792496556,0.0,0.0,0.0,10000.0,True,False
4,2,357864299791037057,no_signature,0.0,0.0,0.0,0.0,0.0,0.0,21.658418741018977,1.6271931222452523,0.0,0.0,0.0,10000.0,True,False
4,2,10031248089154592494,no_signature,0.0,0.0,0.0,0.0,0.0,0.0,21.890726546989754,1.6656483217550162,0.0,0.0,0.0,10000.0,True,False
4,2,63920548900581606,no_signature,0.0,0.0,0.0,0.0,0.0,0.0,10.538770149985794,1.6536198088917107,0.0,0.0,0.0,10000.0,True,False
4,3,10031248089154592494,no_signature,0.0,0.0,0.0,0.0,0.0,0.0,21.621175423962995,1.5029292921669566,0.0,0.0,0.0,10000.0,True,False
4,3,5015101895845240947,no_signature,0.0,0.0,0.0,0.0,0.0,0.0,21.886438064975664,1.4698013794688751,0.0,0.0,0.0,10000.0,True,False
4,3,357864299791037057,no_signature,0.0,0.0,0.0,0.0,0.0,0.0,21.86516613897402,1.4783921491223784,0.0,0.0,0.0,10000.0,True,False
4,3,11588743067519646845,no_signature,0.0,0.0,0.0,0.0,0.0,0.0,21.98358758399263,1.4777514877410742,0.0,0.0,0.0,10000.0,True,False
4,3,63920548900581606,no_signature,0.0,0.0,0.0,0.0,0.0,0.0,10.833248344017193,1.4723122348419775,0.0,0.0,0.0,10000.0,True,False
4,4,5015101895845240947,no_signature,0.0,0.0,0.0,0.0,0.0,0.0,21.643618507951032,1.343580565132653,0.0,0.0,0.0,10000.0,True,False
4,4,10031248089154592494,no_signature,0.0,0.0,0.0,0.0,0.0,0.0,21.83592513302574,1.372672559544682,0.0,0.0,0.0,10000.0,True,False
4,4,357864299791037057,no_signature,0.0,0.0,0.0,0.0,0.0,0.0,21.793700509006158,1.3370760425972863,0.0,0.0,0.0,10000.0,True,False
4,4,11588743067519646845,no_signature,0.0,0.0,0.0,0.0,0.0,0.0,21.964787621982396,1.346511942510026,0.0,0.0,0.0,10000.0,True,False
4,4,63920548900581606,no_signature,0.0,0.0,0.0,0.0,0.0,0.0,10.777439813013189,1.3241505076329168,0.0,0.0,0.0,10000.0,True,False
4,5,11588743067519646845,no_signature,0.0,0.0,0.0,0.0,0.0,0.0,21.578273709048517,1.2319008869865833,0.0,0.0,0.0,10000.0,True,False
4,5,10031248089154592494,no_signature,0.0,0.0,0.0,0.0,0.0,0.0,21.922161402995698,1.2424664463098056,0.0,0.0,0.0,10000.0,True,False
4,5,5015101895845240947,no_signature,0.0,0.0,0.0,0.0,0.0,0.0,22.09829959104536,1.2179324398406397,0.0,0.0,0.0,10000.0,True,False
4,5,357864299791037057,no_signature,0.0,0.0,0.0,0.0,0.0,0.0,22.26141717901919,1.229779796859327,0.0,0.0,0.0,10000.0,True,False
4,5,63920548900581606,no_signature,0.0,0.0,0.0,0.0,0.0,0.0,10.626126471033785,1.2278815412673707,0.0,0.0,0.0,10000.0,True,False
4,6,10031248089154592494,no_signature,0.0,0.0,0.0,0.0,0.0,0.0,21.991827220015693,1.1495502608271833,0.0,0.0,0.0,10000.0,True,False
4,6,357864299791037057,no_signature,0.0,0.0,0.0,0.0,0.0,0.0,22.073452921002172,1.1435468413959295,0.0,0.0,0.0,10000.0,True,False
4,6,5015101895845240947,no_signature,0.0,0.0,0.0,0.0,0.0,0.0,22.160247895983048,1.1243036153217474,0.0,0.0,0.0,10000.0,True,False
4,6,11588743067519646845,no_signature,0.0,0.0,0.0,0.0,0.0,0.0,22.15995825600112,1.1398974236208028,0.0,0.0,0.0,10000.0,True,False
4,6,63920548900581606,no_signature,0.0,0.0,0.0,0.0,0.0,0.0,10.675632678961847,1.1311117850553494,0.0,0.0,0.0,10000.0,True,False
4,7,357864299791037057,no_signature,0.0,0.0,0.0,0.0,0.0,0.0,21.7229042420513,1.044334425903357,0.0,0.0,0.0,10000.0,True,False
4,7,5015101895845240947,no_signature,0.0,0.0,0.0,0.0,0.0,0.0,21.75372538395459,1.0498299853870283,0.0,0.0,0.0,10000.0,True,False
4,7,11588743067519646845,no_signature,0.0,0.0,0.0,0.0,0.0,0.0,21.734893544984516,1.066378667141302,0.0,0.0,0.0,10000.0,True,False
4,7,10031248089154592494,no_signature,0.0,0.0,0.0,0.0,0.0,0.0,21.854884670989122,1.0617198667968044,0.0,0.0,0.0,10000.0,True,False
4,7,63920548900581606,no_signature,0.0,0.0,0.0,0.0,0.0,0.0,10.511654775007628,1.0480089835084665,0.0,0.0,0.0,10000.0,True,False
4,8,5015101895845240947,no_signature,0.0,0.0,0.0,0.0,0.0,0.0,21.901651893975213,0.9637689552368066,0.0,0.0,0.0,10000.0,True,False
4,8,11588743067519646845,no_signature,0.0,0.0,0.0,0.0,0.0,0.0,22.33531999803381,0.9863958751050809,0.0,0.0,0.0,10000.0,True,False
4,8,10031248089154592494,no_signature,0.0,0.0,0.0,0.0,0.0,0.0,22.41151693399297,0.9789007590792049,0.0,0.0,0.0,10000.0,True,False
4,8,357864299791037057,no_signature,0.0,0.0,0.0,0.0,0.0,0.0,22.49439057300333,0.9790642543341785,0.0,0.0,0.0,10000.0,True,False
4,8,63920548900581606,no_signature,0.0,0.0,0.0,0.0,0.0,0.0,10.66010802902747,0.9656135172318345,0.0,0.0,0.0,10000.0,True,False
4,9,5015101895845240947,no_signature,0.0,0.0,0.0,0.0,0.0,0.0,22.189166538999416,0.8990894613174585,0.0,0.0,0.0,10000.0,True,False
4,9,357864299791037057,no_signature,0.0,0.0,0.0,0.0,0.0,0.0,22.579291499976534,0.9026194497609672,0.0,0.0,0.0,10000.0,True,False
4,9,10031248089154592494,no_signature,0.0,0.0,0.0,0.0,0.0,0.0,22.55664413899649,0.9274629234505919,0.0,0.0,0.0,10000.0,True,False
4,9,11588743067519646845,no_signature,0.0,0.0,0.0,0.0,0.0,0.0,22.60416433599312,0.9152074347669705,0.0,0.0,0.0,10000.0,True,False
4,9,63920548900581606,no_signature,0.0,0.0,0.0,0.0,0.0,0.0,10.577823291008826,0.9104538493263074,0.0,0.0,0.0,10000.0,True,False
4,10,357864299791037057,no_signature,0.0,0.0,0.0,0.0,0.0,0.0,21.931326953985263,0.8305497142834405,0.0,0.0,0.0,10000.0,True,False
4,10,11588743067519646845,no_signature,0.0,0.0,0.0,0.0,0.0,0.0,22.366234342975076,0.8425474727686982,0.0,0.0,0.0,10000.0,True,False
4,10,10031248089154592494,no_signature,0.0,0.0,0.0,0.0,0.0,0.0,22.398410688969307,0.8595642834044874,0.0,0.0,0.0,10000.0,True,False
4,10,5015101895845240947,no_signature,0.0,0.0,0.0,0.0,0.0,0.0,22.491280735004693,0.8310027099645938,0.0,0.0,0.0,10000.0,True,False
4,10,63920548900581606,no_signature,0.0,0.0,0.0,0.0,0.0,0.0,10.825957925990224,0.8438201664735715,0.0,0.0,0.0,10000.0,True,False
4,11,10031248089154592494,no_signature,0.0,0.0,0.0,0.0,0.0,0.0,21.872539110016078,0.8048406754629299,0.0,0.0,0.0,10000.0,True,False
4,11,357864299791037057,no_signature,0.0,0.0,0.0,0.0,0.0,0.0,22.10412664996693,0.793452583943693,0.0,0.0,0.0,10000.0,True,False
4,11,11588743067519646845,no_signature,0.0,0.0,0.0,0.0,0.0,0.0,22.203823885996826,0.7850026872020941,0.0,0.0,0.0,10000.0,True,False
4,11,5015101895845240947,no_signature,0.0,0.0,0.0,0.0,0.0,0.0,22.199327517999336,0.7722151285162369,0.0,0.0,0.0,10000.0,True,False
4,11,63920548900581606,no_signature,0.0,0.0,0.0,0.0,0.0,0.0,10.756287644966505,0.7853900942558678,0.0,0.0,0.0,10000.0,True,False
4,12,357864299791037057,no_signature,0.0,0.0,0.0,0.0,0.0,0.0,21.63833400805015,0.7233354113638972,0.0,0.0,0.0,10000.0,True,False
4,12,5015101895845240947,no_signature,0.0,0.0,0.0,0.0,0.0,0.0,21.744019813020714,0.7110585241843337,0.0,0.0,0.0,10000.0,True,False
4,12,10031248089154592494,no_signature,0.0,0.0,0.0,0.0,0.0,0.0,21.671426204033196,0.7542007483137302,0.0,0.0,0.0,10000.0,True,False
4,12,11588743067519646845,no_signature,0.0,0.0,0.0,0.0,0.0,0.0,21.87775587796932,0.7423469297611676,0.0,0.0,0.0,10000.0,True,False
4,12,63920548900581606,no_signature,0.0,0.0,0.0,0.0,0.0,0.0,10.762535339046735,0.7592321033485401,0.0,0.0,0.0,10000.0,True,False
4,13,10031248089154592494,no_signature,0.0,0.0,0.0,0.0,0.0,0.0,21.930891741998494,0.7143592137974292,0.0,0.0,0.0,10000.0,True,False
4,13,5015101895845240947,no_signature,0.0,0.0,0.0,0.0,0.0,0.0,22.020788296998944,0.6932237145904535,0.0,0.0,0.0,10000.0,True,False
4,13,11588743067519646845,no_signature,0.0,0.0,0.0,0.0,0.0,0.0,22.02464964298997,0.6902204684365671,0.0,0.0,0.0,10000.0,True,False
4,13,357864299791037057,no_signature,0.0,0.0,0.0,0.0,0.0,0.0,22.236088253033813,0.6890927631253252,0.0,0.0,0.0,10000.0,True,False
4,13,63920548900581606,no_signature,0.0,0.0,0.0,0.0,0.0,0.0,10.6117380069918,0.6900893108437236,0.0,0.0,0.0,10000.0,True,False
4,14,10031248089154592494,no_signature,0.0,0.0,0.0,0.0,0.0,0.0,22.1174960329663,0.659507472936909,0.0,0.0,0.0,10000.0,True,False
4,14,5015101895845240947,no_signature,0.0,0.0,0.0,0.0,0.0,0.0,22.131993627001066,0.6370243581529623,0.0,0.0,0.0,10000.0,True,False
4,14,357864299791037057,no_signature,0.0,0.0,0.0,0.0,0.0,0.0,22.194016904046293,0.6563271481198625,0.0,0.0,0.0,10000.0,True,False
4,14,11588743067519646845,no_signature,0.0,0.0,0.0,0.0,0.0,0.0,22.19980912603205,0.6420959245187406,0.0,0.0,0.0,10000.0,True,False
4,14,63920548900581606,no_signature,0.0,0.0,0.0,0.0,0.0,0.0,10.741544185031671,0.6379415491423287,0.0,0.0,0.0,10000.0,True,False
4,15,11588743067519646845,no_signature,0.0,0.0,0.0,0.0,0.0,0.0,21.83789434202481,0.6073649454469117,0.0,0.0,0.0,10000.0,True,False
4,15,10031248089154592494,no_signature,0.0,0.0,0.0,0.0,0.0,0.0,22.008926480019,0.6125504722515234,0.0,0.0,0.0,10000.0,True,False
4,15,5015101895845240947,no_signature,0.0,0.0,0.0,0.0,0.0,0.0,22.190128208021633,0.6000316357031797,0.0,0.0,0.0,10000.0,True,False
4,15,357864299791037057,no_signature,0.0,0.0,0.0,0.0,0.0,0.0,22.336842507007532,0.6178128694811948,0.0,0.0,0.0,10000.0,True,False
4,15,63920548900581606,no_signature,0.0,0.0,0.0,0.0,0.0,0.0,10.630550825037062,0.6106776403733336,0.0,0.0,0.0,10000.0,True,False
4,16,11588743067519646845,no_signature,0.0,0.0,0.0,0.0,0.0,0.0,21.963059708010405,0.5637112935891928,0.0,0.0,0.0,10000.0,True,False
4,16,357864299791037057,no_signature,0.0,0.0,0.0,0.0,0.0,0.0,21.963886260986328,0.5841657524339308,0.0,0.0,0.0,10000.0,True,False
4,16,5015101895845240947,no_signature,0.0,0.0,0.0,0.0,0.0,0.0,22.2208403859986,0.5529696647042093,0.0,0.0,0.0,10000.0,True,False
4,16,10031248089154592494,no_signature,0.0,0.0,0.0,0.0,0.0,0.0,22.356068300025072,0.5850795404598735,0.0,0.0,0.0,10000.0,True,False
4,16,63920548900581606,no_signature,0.0,0.0,0.0,0.0,0.0,0.0,10.55879067798378,0.5768363011149934,0.0,0.0,0.0,10000.0,True,False
4,17,5015101895845240947,no_signature,0.0,0.0,0.0,0.0,0.0,0.0,21.994499205960892,0.5300256812546295,0.0,0.0,0.0,10000.0,True,False
4,17,357864299791037057,no_signature,0.0,0.0,0.0,0.0,0.0,0.0,22.167257457971573,0.551021364978708,0.0,0.0,0.0,10000.0,True,False
4,17,11588743067519646845,no_signature,0.0,0.0,0.0,0.0,0.0,0.0,22.2031621549977,0.5310701974355184,0.0,0.0,0.0,10000.0,True,False
4,17,10031248089154592494,no_signature,0.0,0.0,0.0,0.0,0.0,0.0,22.285811923036817,0.5417188738291256,0.0,0.0,0.0,10000.0,True,False
4,17,63920548900581606,no_signature,0.0,0.0,0.0,0.0,0.0,0.0,11.051567093993071,0.5338801003683108,0.0,0.0,0.0,10000.0,True,False
4,18,10031248089154592494,no_signature,0.0,0.0,0.0,0.0,0.0,0.0,21.696142075001262,0.5016727080663886,0.0,0.0,0.0,10000.0,True,False
4,18,357864299791037057,no_signature,0.0,0.0,0.0,0.0,0.0,0.0,21.841174823988695,0.49903035999391787,0.0,0.0,0.0,10000.0,True,False
4,18,5015101895845240947,no_signature,0.0,0.0,0.0,0.0,0.0,0.0,22.08043255697703,0.48648281215716854,0.0,0.0,0.0,10000.0,True,False
4,18,11588743067519646845,no_signature,0.0,0.0,0.0,0.0,0.0,0.0,22.139220340002794,0.49690197758114757,0.0,0.0,0.0,10000.0,True,False
4,18,63920548900581606,no_signature,0.0,0.0,0.0,0.0,0.0,0.0,10.737861022003926,0.5126553741268838,0.0,0.0,0.0,10000.0,True,False
4,19,10031248089154592494,no_signature,0.0,0.0,0.0,0.0,0.0,0.0,21.9908078610315,0.4679420220490081,0.0,0.0,0.0,10000.0,True,False
4,19,357864299791037057,no_signature,0.0,0.0,0.0,0.0,0.0,0.0,22.027893753023818,0.46904198790843876,0.0,0.0,0.0,10000.0,True,False
4,19,5015101895845240947,no_signature,0.0,0.0,0.0,0.0,0.0,0.0,22.18525903497357,0.4623206278529411,0.0,0.0,0.0,10000.0,True,False
4,19,11588743067519646845,no_signature,0.0,0.0,0.0,0.0,0.0,0.0,22.261137188994326,0.4707575345072693,0.0,0.0,0.0,10000.0,True,False
4,19,63920548900581606,no_signature,0.0,0.0,0.0,0.0,0.0,0.0,10.747434881981462,0.47555424073062386,0.0,0.0,0.0,10000.0,True,False
4,20,5015101895845240947,no_signature,0.0,0.0,0.0,0.0,0.0,0.0,21.779746080981568,0.4387534698560691,0.0,0.0,0.0,10000.0,True,False
4,20,10031248089154592494,no_signature,0.0,0.0,0.0,0.0,0.0,0.0,22.05573604500387,0.4473827815355775,0.0,0.0,0.0,10000.0,True,False
4,20,357864299791037057,no_signature,0.0,0.0,0.0,0.0,0.0,0.0,22.076582862006035,0.4262787486596134,0.0,0.0,0.0,10000.0,True,False
4,20,11588743067519646845,no_signature,0.0,0.0,0.0,0.0,0.0,0.0,22.159497251035646,0.4353259569004226,0.0,0.0,0.0,10000.0,True,False
4,20,63920548900581606,no_signature,0.0,0.0,0.0,0.0,0.0,0.0,10.654588086996228,0.4603859688253544,0.0,0.0,0.0,10000.0,True,False
4,21,5015101895845240947,no_signature,0.0,0.0,0.0,0.0,0.0,0.0,21.91117135901004,0.4140113898026296,0.0,0.0,0.0,10000.0,True,False
4,21,357864299791037057,no_signature,0.0,0.0,0.0,0.0,0.0,0.0,21.974940493993927,0.4184875887113448,0.0,0.0,0.0,10000.0,True,False
4,21,11588743067519646845,no_signature,0.0,0.0,0.0,0.0,0.0,0.0,22.103582451993134,0.4277734386916168,0.0,0.0,0.0,10000.0,True,False
4,21,10031248089154592494,no_signature,0.0,0.0,0.0,0.0,0.0,0.0,22.08504927501781,0.4226742836411673,0.0,0.0,0.0,10000.0,True,False
4,21,63920548900581606,no_signature,0.0,0.0,0.0,0.0,0.0,0.0,10.612397460034117,0.42073208402794676,0.0,0.0,0.0,10000.0,True,False
4,22,5015101895845240947,no_signature,0.0,0.0,0.0,0.0,0.0,0.0,21.669795138994232,0.3857292713055881,0.0,0.0,0.0,10000.0,True,False
4,22,357864299791037057,no_signature,0.0,0.0,0.0,0.0,0.0,0.0,21.726391142001376,0.4017458070343295,0.0,0.0,0.0,10000.0,True,False
4,22,11588743067519646845,no_signature,0.0,0.0,0.0,0.0,0.0,0.0,21.952226317021996,0.39388155029378474,0.0,0.0,0.0,10000.0,True,False
4,22,10031248089154592494,no_signature,0.0,0.0,0.0,0.0,0.0,0.0,21.98826062201988,0.3986151841894601,0.0,0.0,0.0,10000.0,True,False
4,22,63920548900581606,no_signature,0.0,0.0,0.0,0.0,0.0,0.0,10.8415652270196,0.3861666569730249,0.0,0.0,0.0,10000.0,True,False
4,23,10031248089154592494,no_signature,0.0,0.0,0.0,0.0,0.0,0.0,21.457499462994747,0.37475996930300953,0.0,0.0,0.0,10000.0,True,False
4,23,357864299791037057,no_signature,0.0,0.0,0.0,0.0,0.0,0.0,21.551734775013756,0.38091309907765813,0.0,0.0,0.0,10000.0,True,False
4,23,11588743067519646845,no_signature,0.0,0.0,0.0,0.0,0.0,0.0,21.570734657056164,0.37532987869597567,0.0,0.0,0.0,10000.0,True,False
4,23,5015101895845240947,no_signature,0.0,0.0,0.0,0.0,0.0,0.0,21.717770293995272,0.37246962779978166,0.0,0.0,0.0,10000.0,True,False
4,23,63920548900581606,no_signature,0.0,0.0,0.0,0.0,0.0,0.0,10.67405258101644,0.41843062592819097,0.0,0.0,0.0,10000.0,True,False
4,24,10031248089154592494,no_signature,0.0,0.0,0.0,0.0,0.0,0.0,21.31357704696711,0.3658463192996554,0.0,0.0,0.0,10000.0,True,False
4,24,5015101895845240947,no_signature,0.0,0.0,0.0,0.0,0.0,0.0,21.39947708399268,0.3436095416739274,0.0,0.0,0.0,10000.0,True,False
4,24,357864299791037057,no_signature,0.0,0.0,0.0,0.0,0.0,0.0,21.556473155971617,0.3649209312701854,0.0,0.0,0.0,10000.0,True,False
4,24,11588743067519646845,no_signature,0.0,0.0,0.0,0.0,0.0,0.0,21.565684186003637,0.3635041219935107,0.0,0.0,0.0,10000.0,True,False
4,24,63920548900581606,no_signature,0.0,0.0,0.0,0.0,0.0,0.0,10.575407922966406,0.3577866730824732,0.0,0.0,0.0,10000.0,True,False
4,25,357864299791037057,no_signature,0.0,0.0,0.0,0.0,0.0,0.0,21.72537950903643,0.34112491321336397,0.0,0.0,0.0,10000.0,True,False
4,25,5015101895845240947,no_signature,0.0,0.0,0.0,0.0,0.0,0.0,21.861588095023762,0.3598611905468634,0.0,0.0,0.0,10000.0,True,False
4,25,10031248089154592494,no_signature,0.0,0.0,0.0,0.0,0.0,0.0,22.008753128990065,0.3435650772903079,0.0,0.0,0.0,10000.0,True,False
4,25,11588743067519646845,no_signature,0.0,0.0,0.0,0.0,0.0,0.0,22.14149891003035,0.3312288351898519,0.0,0.0,0.0,10000.0,True,False
4,25,63920548900581606,no_signature,0.0,0.0,0.0,0.0,0.0,0.0,10.602806135022547,0.3469314044787766,0.0,0.0,0.0,10000.0,True,False
4,26,11588743067519646845,no_signature,0.0,0.0,0.0,0.0,0.0,0.0,21.82228512596339,0.3309928618472653,0.0,0.0,0.0,10000.0,True,False
4,26,357864299791037057,no_signature,0.0,0.0,0.0,0.0,0.0,0.0,22.007456379011273,0.3396809583398909,0.0,0.0,0.0,10000.0,True,False
4,26,5015101895845240947,no_signature,0.0,0.0,0.0,0.0,0.0,0.0,22.117390491999686,0.33948570071234585,0.0,0.0,0.0,10000.0,True,False
4,26,10031248089154592494,no_signature,0.0,0.0,0.0,0.0,0.0,0.0,22.194168150017504,0.32236669285330005,0.0,0.0,0.0,10000.0,True,False
4,26,63920548900581606,no_signature,0.0,0.0,0.0,0.0,0.0,0.0,10.81933852401562,0.3357021325184538,0.0,0.0,0.0,10000.0,True,False
4,27,11588743067519646845,no_signature,0.0,0.0,0.0,0.0,0.0,0.0,21.19185279303929,0.31680667421932274,0.0,0.0,0.0,10000.0,True,False
4,27,10031248089154592494,no_signature,0.0,0.0,0.0,0.0,0.0,0.0,21.788422202982474,0.3068944930244749,0.0,0.0,0.0,10000.0,True,False
4,27,357864299791037057,no_signature,0.0,0.0,0.0,0.0,0.0,0.0,21.858418331015855,0.30387396446932047,0.0,0.0,0.0,10000.0,True,False
4,27,5015101895845240947,no_signature,0.0,0.0,0.0,0.0,0.0,0.0,21.986433601996396,0.3092008446783613,0.0,0.0,0.0,10000.0,True,False
4,27,63920548900581606,no_signature,0.0,0.0,0.0,0.0,0.0,0.0,10.74167384498287,0.319629982210541,0.0,0.0,0.0,10000.0,True,False
4,28,5015101895845240947,no_signature,0.0,0.0,0.0,0.0,0.0,0.0,22.07965057902038,0.3111913068809163,0.0,0.0,0.0,10000.0,True,False
4,28,11588743067519646845,no_signature,0.0,0.0,0.0,0.0,0.0,0.0,22.430470313993283,0.3028157949090575,0.0,0.0,0.0,10000.0,True,False
4,28,10031248089154592494,no_signature,0.0,0.0,0.0,0.0,0.0,0.0,22.366137640026864,0.30147922773378344,0.0,0.0,0.0,10000.0,True,False
4,28,357864299791037057,no_signature,0.0,0.0,0.0,0.0,0.0,0.0,22.420672222971916,0.32965980686497287,0.0,0.0,0.0,10000.0,True,False
4,28,63920548900581606,no_signature,0.0,0.0,0.0,0.0,0.0,0.0,10.838790506008081,0.30378554113500844,0.0,0.0,0.0,10000.0,True,False
4,29,11588743067519646845,no_signature,0.0,0.0,0.0,0.0,0.0,0.0,21.279506168037187,0.2874908468049293,0.0,0.0,0.0,10000.0,True,False
4,29,10031248089154592494,no_signature,0.0,0.0,0.0,0.0,0.0,0.0,21.445601653016638,0.2933013215058516,0.0,0.0,0.0,10000.0,True,False
4,29,357864299791037057,no_signature,0.0,0.0,0.0,0.0,0.0,0.0,21.611361026996747,0.3036608387420055,0.0,0.0,0.0,10000.0,True,False
4,29,5015101895845240947,no_signature,0.0,0.0,0.0,0.0,0.0,0.0,21.86010209599044,0.2752983075025054,0.0,0.0,0.0,10000.0,True,False
4,29,63920548900581606,no_signature,0.0,0.0,0.0,0.0,0.0,0.0,10.900698753015604,0.296694762480353,0.0,0.0,0.0,10000.0,True,False
4,30,5015101895845240947,no_signature,0.0,0.0,0.0,0.0,0.0,0.0,21.379929043992888,0.2804833341139955,0.0,0.0,0.0,10000.0,True,False
4,30,10031248089154592494,no_signature,0.0,0.0,0.0,0.0,0.0,0.0,21.480665480950847,0.28981919197094874,0.0,0.0,0.0,10000.0,True,False
4,30,11588743067519646845,no_signature,0.0,0.0,0.0,0.0,0.0,0.0,21.676823118003085,0.2838623593219172,0.0,0.0,0.0,10000.0,True,False
4,30,357864299791037057,no_signature,0.0,0.0,0.0,0.0,0.0,0.0,21.76339801499853,0.28304993736144074,0.0,0.0,0.0,10000.0,True,False
4,30,63920548900581606,no_signature,0.0,0.0,0.0,0.0,0.0,0.0,10.726927866984624,0.2852536439579486,0.0,0.0,0.0,10000.0,True,False
5,1,12569254696280007606,no_signature,0.0,0.0,0.0,0.0,0.0,0.0,21.293265754997265,1.9321768089605216,0.0,0.0,0.0,10000.0,True,False
5,1,4269004250940331536,no_signature,0.0,0.0,0.0,0.0,0.0,0.0,21.600444338982925,1.8951878612414716,0.0,0.0,0.0,10000.0,True,False
5,1,7575321682639174215,no_signature,0.0,0.0,0.0,0.0,0.0,0.0,21.454053689958528,1.9395339957441384,0.0,0.0,0.0,10000.0,True,False
5,1,4513958615462455589,no_signature,0.0,0.0,0.0,0.0,0.0,0.0,22.265095536014996,1.860388330377329,0.0,0.0,0.0,10000.0,True,False
5,1,1422494455821043708,no_signature,0.0,0.0,0.0,0.0,0.0,0.0,10.732734977966174,1.8878139032723424,0.0,0.0,0.0,10000.0,True,False
5,2,4513958615462455589,no_signature,0.0,0.0,0.0,0.0,0.0,0.0,21.71002282301197,1.6121714507428984,0.0,0.0,0.0,10000.0,True,False
5,2,4269004250940331536,no_signature,0.0,0.0,0.0,0.0,0.0,0.0,21.776728614990134,1.6609264935929173,0.0,0.0,0.0,10000.0,True,False
5,2,7575321682639174215,no_signature,0.0,0.0,0.0,0.0,0.0,0.0,21.80630845698761,1.6396082277876882,0.0,0.0,0.0,10000.0,True,False
5,2,12569254696280007606,no_signature,0.0,0.0,0.0,0.0,0.0,0.0,21.841380748024676,1.6459759188155396,0.0,0.0,0.0,10000.0,True,False
5,2,1422494455821043708,no_signature,0.0,0.0,0.0,0.0,0.0,0.0,10.458703839976806,1.6310056368002115,0.0,0.0,0.0,10000.0,True,False
5,3,12569254696280007606,no_signature,0.0,0.0,0.0,0.0,0.0,0.0,21.53507855697535,1.478321102480538,0.0,0.0,0.0,10000.0,True,False
5,3,4269004250940331536,no_signature,0.0,0.0,0.0,0.0,0.0,0.0,21.77004097600002,1.464577952512918,0.0,0.0,0.0,10000.0,True,False
5,3,4513958615462455589,no_signature,0.0,0.0,0.0,0.0,0.0,0.0,21.889185381005518,1.447812496282803,0.0,0.0,0.0,10000.0,True,False
5,3,7575321682639174215,no_signature,0.0,0.0,0.0,0.0,0.0,0.0,21.814095811976586,1.474694976410546,0.0,0.0,0.0,10000.0,True,False
5,3,1422494455821043708,no_signature,0.0,0.0,0.0,0.0,0.0,0.0,10.642260692024138,1.443900448445695,0.0,0.0,0.0,10000.0,True,False
5,4,12569254696280007606,no_signature,0.0,0.0,0.0,0.0,0.0,0.0,21.50131451501511,1.3330031022096214,0.0,0.0,0.0,10000.0,True,False
5,4,4513958615462455589,no_signature,0.0,0.0,0.0,0.0,0.0,0.0,21.57481328799622,1.329942163187094,0.0,0.0,0.0,10000.0,True,False
5,4,7575321682639174215,no_signature,0.0,0.0,0.0,0.0,0.0,0.0,21.751643322990276,1.3480913088725397,0.0,0.0,0.0,10000.0,True,False
5,4,4269004250940331536,no_signature,0.0,0.0,0.0,0.0,0.0,0.0,21.72712945897365,1.3202836214543912,0.0,0.0,0.0,10000.0,True,False
5,4,1422494455821043708,no_signature,0.0,0.0,0.0,0.0,0.0,0.0,10.704101770010311,1.3080637070317618,0.0,0.0,0.0,10000.0,True,False
5,5,4269004250940331536,no_signature,0.0,0.0,0.0,0.0,0.0,0.0,21.782585238979664,1.215113681154891,0.0,0.0,0.0,10000.0,True,False
5,5,4513958615462455589,no_signature,0.0,0.0,0.0,0.0,0.0,0.0,21.82673445099499,1.2101179622232723,0.0,0.0,0.0,10000.0,True,False
5,5,12569254696280007606,no_signature,0.0,0.0,0.0,0.0,0.0,0.0,21.85002498497488,1.2216827075321453,0.0,0.0,0.0,10000.0,True,False
5,5,7575321682639174215,no_signature,0.0,0.0,0.0,0.0,0.0,0.0,21.939880703983363,1.2238045007276077,0.0,0.0,0.0,10000.0,True,False
5,5,1422494455821043708,no_signature,0.0,0.0,0.0,0.0,0.0,0.0,10.613216387981083,1.2112629350762778,0.0,0.0,0.0,10000.0,True,False
5,6,4513958615462455589,no_signature,0.0,0.0,0.0,0.0,0.0,0.0,21.800577929010615,1.1467759386419107,0.0,0.0,0.0,10000.0,True,False
5,6,7575321682639174215,no_signature,0.0,0.0,0.0,0.0,0.0,0.0,21.83231986197643,1.134957935292119,0.0,0.0,0.0,10000.0,True,False
5,6,12569254696280007606,no_signature,0.0,0.0,0.0,0.0,0.0,0.0,21.90787602798082,1.1463809337097997,0.0,0.0,0.0,10000.0,True,False
5,6,4269004250940331536,no_signature,0.0,0.0,0.0,0.0,0.0,0.0,21.99089618801372,1.1254507006166843,0.0,0.0,0.0,10000.0,True,False
5,6,1422494455821043708,no_signature,0.0,0.0,0.0,0.0,0.0,0.0,10.549700623960234,1.1112947338305341,0.0,0.0,0.0,10000.0,True,False
5,7,4269004250940331536,no_signature,0.0,0.0,0.0,0.0,0.0,0.0,21.73740285699023,1.0377950031346026,0.0,0.0,0.0,10000.0,True,False
5,7,12569254696280007606,no_signature,0.0,0.0,0.0,0.0,0.0,0.0,21.63958952401299,1.0608893205373051,0.0,0.0,0.0,10000.0,True,False
5,7,4513958615462455589,no_signature,0.0,0.0,0.0,0.0,0.0,0.0,21.714070187008474,1.058410411730361,0.0,0.0,0.0,10000.0,True,False
5,7,7575321682639174215,no_signature,0.0,0.0,0.0,0.0,0.0,0.0,21.738530734961387,1.0606642940554756,0.0,0.0,0.0,10000.0,True,False
5,7,1422494455821043708,no_signature,0.0,0.0,0.0,0.0,0.0,0.0,11.006901860993821,1.044365686730455,0.0,0.0,0.0,10000.0,True,False
5,8,4513958615462455589,no_signature,0.0,0.0,0.0,0.0,0.0,0.0,21.656967665010598,0.9892127024479949,0.0,0.0,0.0,10000.0,True,False
5,8,4269004250940331536,no_signature,0.0,0.0,0.0,0.0,0.0,0.0,22.030523305002134,0.9762703304092724,0.0,0.0,0.0,10000.0,True,False
5,8,12569254696280007606,no_signature,0.0,0.0,0.0,0.0,0.0,0.0,22.104550429969095,0.9819493146178822,0.0,0.0,0.0,10000.0,True,False
5,8,7575321682639174215,no_signature,0.0,0.0,0.0,0.0,0.0,0.0,22.14846212900011,0.9748915495773474,0.0,0.0,0.0,10000.0,True,False
5,8,1422494455821043708,no_signature,0.0,0.0,0.0,0.0,0.0,0.0,10.485779981012456,0.9815643691597655,0.0,0.0,0.0,10000.0,True,False
5,9,4269004250940331536,no_signature,0.0,0.0,0.0,0.0,0.0,0.0,22.118189691973384,0.9056517658903956,0.0,0.0,0.0,10000.0,True,False
5,9,7575321682639174215,no_signature,0.0,0.0,0.0,0.0,0.0,0.0,22.195049014990218,0.917501828255364,0.0,0.0,0.0,10000.0,True,False
5,9,4513958615462455589,no_signature,0.0,0.0,0.0,0.0,0.0,0.0,22.36114055797225,0.9120626390551607,0.0,0.0,0.0,10000.0,True,False
5,9,12569254696280007606,no_signature,0.0,0.0,0.0,0.0,0.0,0.0,22.342002791003324,0.9278589876505513,0.0,0.0,0.0,10000.0,True,False
5,9,1422494455821043708,no_signature,0.0,0.0,0.0,0.0,0.0,0.0,10.795186338946223,0.903758790641547,0.0,0.0,0.0,10000.0,True,False
5,10,7575321682639174215,no_signature,0.0,0.0,0.0,0.0,0.0,0.0,22.026108909980394,0.845978030191062,0.0,0.0,0.0,10000.0,True,False
5,10,12569254696280007606,no_signature,0.0,0.0,0.0,0.0,0.0,0.0,21.978799789969344,0.8703027154310062,0.0,0.0,0.0,10000.0,True,False
5,10,4269004250940331536,no_signature,0.0,0.0,0.0,0.0,0.0,0.0,22.119065465056337,0.8403843521310118,0.0,0.0,0.0,10000.0,True,False
5,10,4513958615462455589,no_signature,0.0,0.0,0.0,0.0,0.0,0.0,22.229873863980174,0.8609075153978488,0.0,0.0,0.0,10000.0,True,False
5,10,1422494455821043708,no_signature,0.0,0.0,0.0,0.0,0.0,0.0,10.768035821965896,0.8465690130052476,0.0,0.0,0.0,10000.0,True,False
5,11,4513958615462455589,no_signature,0.0,0.0,0.0,0.0,0.0,0.0,21.927593477012124,0.7966860219979057,0.0,0.0,0.0,10000.0,True,False
5,11,12569254696280007606,no_signature,0.0,0.0,0.0,0.0,0.0,0.0,22.06405998999253,0.8250716236262275,0.0,0.0,0.0,10000.0,True,False
5,11,4269004250940331536,no_signature,0.0,0.0,0.0,0.0,0.0,0.0,22.11806076898938,0.7763712461383198,0.0,0.0,0.0,10000.0,True,False
5,11,7575321682639174215,no_signature,0.0,0.0,0.0,0.0,0.0,0.0,22.16110819997266,0.797867753254339,0.0,0.0,0.0,10000.0,True,False
5,11,1422494455821043708,no_signature,0.0,0.0,0.0,0.0,0.0,0.0,10.61791082797572,0.783585078419207,0.0,0.0,0.0,10000.0,True,False
5,12,4269004250940331536,no_signature,0.0,0.0,0.0,0.0,0.0,0.0,21.581958817958366,0.7243419701394181,0.0,0.0,0.0,10000.0,True,False
5,12,4513958615462455589,no_signature,0.0,0.0,0.0,0.0,0.0,0.0,21.88661091402173,0.7421647723014362,0.0,0.0,0.0,10000.0,True,False
5,12,12569254696280007606,no_signature,0.0,0.0,0.0,0.0,0.0,0.0,22.00706471898593,0.7499687781158727,0.0,0.0,0.0,10000.0,True,False
5,12,7575321682639174215,no_signature,0.0,0.0,0.0,0.0,0.0,0.0,22.10753450798802,0.7384668659573546,0.0,0.0,0.0,10000.0,True,False
5,12,1422494455821043708,no_signature,0.0,0.0,0.0,0.0,0.0,0.0,10.528668874001596,0.7373940691875573,0.0,0.0,0.0,10000.0,True,False
5,13,4513958615462455589,no_signature,0.0,0.0,0.0,0.0,0.0,0.0,21.40245988004608,0.6904805402595776,0.0,0.0,0.0,10000.0,True,False
5,13,7575321682639174215,no_signature,0.0,0.0,0.0,0.0,0.0,0.0,21.57748056098353,0.7058203506012695,0.0,0.0,0.0,10000.0,True,False
5,13,12569254696280007606,no_signature,0.0,0.0,0.0,0.0,0.0,0.0,21.278590692032594,0.6791415146935862,0.0,0.0,0.0,10000.0,True,False
5,13,4269004250940331536,no_signature,0.0,0.0,0.0,0.0,0.0,0.0,21.384068076964468,0.6872945346842749,0.0,0.0,0.0,10000.0,True,False
5,13,1422494455821043708,no_signature,0.0,0.0,0.0,0.0,0.0,0.0,10.820319726015441,0.6999186996263437,0.0,0.0,0.0,10000.0,True,False
5,14,7575321682639174215,no_signature,0.0,0.0,0.0,0.0,0.0,0.0,21.57309920701664,0.6449535621074252,0.0,0.0,0.0,10000.0,True,False
5,14,12569254696280007606,no_signature,0.0,0.0,0.0,0.0,0.0,0.0,21.706531895964872,0.656602587396154,0.0,0.0,0.0,10000.0,True,False
5,14,4269004250940331536,no_signature,0.0,0.0,0.0,0.0,0.0,0.0,21.940368601994123,0.6357422748836465,0.0,0.0,0.0,10000.0,True,False
5,14,4513958615462455589,no_signature,0.0,0.0,0.0,0.0,0.0,0.0,22.059657990001142,0.6516360920220138,0.0,0.0,0.0,10000.0,True,False
5,14,1422494455821043708,no_signature,0.0,0.0,0.0,0.0,0.0,0.0,10.696444656990934,0.6494657083536489,0.0,0.0,0.0,10000.0,True,False
5,15,4269004250940331536,no_signature,0.0,0.0,0.0,0.0,0.0,0.0,22.011476142972242,0.6072135081354041,0.0,0.0,0.0,10000.0,True,False
5,15,4513958615462455589,no_signature,0.0,0.0,0.0,0.0,0.0,0.0,22.072153635963332,0.6014077800769395,0.0,0.0,0.0,10000.0,True,False
5,15,12569254696280007606,no_signature,0.0,0.0,0.0,0.0,0.0,0.0,22.22664997901302,0.6181472919809933,0.0,0.0,0.0,10000.0,True,False
5,15,7575321682639174215,no_signature,0.0,0.0,0.0,0.0,0.0,0.0,22.182509445003234,0.5950706585313374,0.0,0.0,0.0,10000.0,True,False
5,15,1422494455821043708,no_signature,0.0,0.0,0.0,0.0,0.0,0.0,10.506064741988666,0.6105334589751764,0.0,0.0,0.0,10000.0,True,False
5,16,12569254696280007606,no_signature,0.0,0.0,0.0,0.0,0.0,0.0,21.75138611899456,0.5862415839022341,0.0,0.0,0.0,10000.0,True,False
5,16,4269004250940331536,no_signature,0.0,0.0,0.0,0.0,0.0,0.0,21.825588356994558,0.5612876854670314,0.0,0.0,0.0,10000.0,True,False
5,16,7575321682639174215,no_signature,0.0,0.0,0.0,0.0,0.0,0.0,21.94720709003741,0.5703312811581567,0.0,0.0,0.0,10000.0,True,False
5,16,4513958615462455589,no_signature,0.0,0.0,0.0,0.0,0.0,0.0,21.96279679995496,0.5741313110096767,0.0,0.0,0.0,10000.0,True,False
5,16,1422494455821043708,no_signature,0.0,0.0,0.0,0.0,0.0,0.0,10.669818317051977,0.5600390732526398,0.0,0.0,0.0,10000.0,True,False
5,17,12569254696280007606,no_signature,0.0,0.0,0.0,0.0,0.0,0.0,21.480415088997688,0.5420866183484324,0.0,0.0,0.0,10000.0,True,False
5,17,4513958615462455589,no_signature,0.0,0.0,0.0,0.0,0.0,0.0,21.826461659977213,0.5426141687999138,0.0,0.0,0.0,10000.0,True,False
5,17,4269004250940331536,no_signature,0.0,0.0,0.0,0.0,0.0,0.0,21.821564841957297,0.5453908303246712,0.0,0.0,0.0,10000.0,True,False
5,17,7575321682639174215,no_signature,0.0,0.0,0.0,0.0,0.0,0.0,21.80158881598618,0.5441688191169463,0.0,0.0,0.0,10000.0,True,False
5,17,1422494455821043708,no_signature,0.0,0.0,0.0,0.0,0.0,0.0,10.504235004016664,0.5513350675923946,0.0,0.0,0.0,10000.0,True,False
5,18,7575321682639174215,no_signature,0.0,0.0,0.0,0.0,0.0,0.0,22.05056700698333,0.5158665478705599,0.0,0.0,0.0,10000.0,True,False
5,18,4269004250940331536,no_signature,0.0,0.0,0.0,0.0,0.0,0.0,22.043667759979144,0.5047706359277327,0.0,0.0,0.0,10000.0,True,False
5,18,12569254696280007606,no_signature,0.0,0.0,0.0,0.0,0.0,0.0,22.032454010972288,0.5113811921268797,0.0,0.0,0.0,10000.0,True,False
5,18,4513958615462455589,no_signature,0.0,0.0,0.0,0.0,0.0,0.0,22.17209162202198,0.49637914579897263,0.0,0.0,0.0,10000.0,True,False
5,18,1422494455821043708,no_signature,0.0,0.0,0.0,0.0,0.0,0.0,10.678870566945989,0.4876850213224705,0.0,0.0,0.0,10000.0,True,False
5,19,12569254696280007606,no_signature,0.0,0.0,0.0,0.0,0.0,0.0,21.55514948698692,0.4770997842541708,0.0,0.0,0.0,10000.0,True,False
5,19,4269004250940331536,no_signature,0.0,0.0,0.0,0.0,0.0,0.0,21.79952062200755,0.4692846744324262,0.0,0.0,0.0,10000.0,True,False
5,19,4513958615462455589,no_signature,0.0,0.0,0.0,0.0,0.0,0.0,21.81290723499842,0.4808353931782916,0.0,0.0,0.0,10000.0,True,False
5,19,7575321682639174215,no_signature,0.0,0.0,0.0,0.0,0.0,0.0,22.09666785201989,0.4711419584961554,0.0,0.0,0.0,10000.0,True,False
5,19,1422494455821043708,no_signature,0.0,0.0,0.0,0.0,0.0,0.0,10.712799304979853,0.48095719153864885,0.0,0.0,0.0,10000.0,True,False
5,20,7575321682639174215,no_signature,0.0,0.0,0.0,0.0,0.0,0.0,21.395658433029894,0.4544516274104484,0.0,0.0,0.0,10000.0,True,False
5,20,4269004250940331536,no_signature,0.0,0.0,0.0,0.0,0.0,0.0,21.30069955898216,0.4268872989192843,0.0,0.0,0.0,10000.0,True,False
5,20,4513958615462455589,no_signature,0.0,0.0,0.0,0.0,0.0,0.0,21.459205669001676,0.45427707670191037,0.0,0.0,0.0,10000.0,True,False
5,20,12569254696280007606,no_signature,0.0,0.0,0.0,0.0,0.0,0.0,21.575877508032136,0.4420776306428372,0.0,0.0,0.0,10000.0,True,False
5,20,1422494455821043708,no_signature,0.0,0.0,0.0,0.0,0.0,0.0,10.746137122972868,0.44394193087427763,0.0,0.0,0.0,10000.0,True,False
5,21,4269004250940331536,no_signature,0.0,0.0,0.0,0.0,0.0,0.0,21.80399516702164,0.409941181665459,0.0,0.0,0.0,10000.0,True,False
5,21,7575321682639174215,no_signature,0.0,0.0,0.0,0.0,0.0,0.0,22.0698103409959,0.4466447796101292,0.0,0.0,0.0,10000.0,True,False
5,21,12569254696280007606,no_signature,0.0,0.0,0.0,0.0,0.0,0.0,22.026414492051117,0.42922554341867897,0.0,0.0,0.0,10000.0,True,False
5,21,4513958615462455589,no_signature,0.0,0.0,0.0,0.0,0.0,0.0,22.119098756986205,0.42689038121317047,0.0,0.0,0.0,10000.0,True,False
5,21,1422494455821043708,no_signature,0.0,0.0,0.0,0.0,0.0,0.0,10.639497290016152,0.42271102435244157,0.0,0.0,0.0,10000.0,True,False
5,22,4513958615462455589,no_signature,0.0,0.0,0.0,0.0,0.0,0.0,21.528702307958156,0.3922695447199832,0.0,0.0,0.0,10000.0,True,False
5,22,7575321682639174215,no_signature,0.0,0.0,0.0,0.0,0.0,0.0,21.67693999997573,0.4184342765430816,0.0,0.0,0.0,10000.0,True,False
5,22,12569254696280007606,no_signature,0.0,0.0,0.0,0.0,0.0,0.0,21.769244780007284,0.403308218660446,0.0,0.0,0.0,10000.0,True,False
5,22,4269004250940331536,no_signature,0.0,0.0,0.0,0.0,0.0,0.0,21.754762755997945,0.39795730176408545,0.0,0.0,0.0,10000.0,True,False
5,22,1422494455821043708,no_signature,0.0,0.0,0.0,0.0,0.0,0.0,10.851934807025827,0.41182213293882414,0.0,0.0,0.0,10000.0,True,False
5,23,7575321682639174215,no_signature,0.0,0.0,0.0,0.0,0.0,0.0,21.955693116993643,0.4075228041960313,0.0,0.0,0.0,10000.0,True,False
5,23,4269004250940331536,no_signature,0.0,0.0,0.0,0.0,0.0,0.0,21.989341841021087,0.3699882202290784,0.0,0.0,0.0,10000.0,True,False
5,23,4513958615462455589,no_signature,0.0,0.0,0.0,0.0,0.0,0.0,22.161359249963425,0.37722344439441025,0.0,0.0,0.0,10000.0,True,False
5,23,12569254696280007606,no_signature,0.0,0.0,0.0,0.0,0.0,0.0,22.149236062017735,0.3760992662725262,0.0,0.0,0.0,10000.0,True,False
5,23,1422494455821043708,no_signature,0.0,0.0,0.0,0.0,0.0,0.0,10.765202723967377,0.37640860376242824,0.0,0.0,0.0,10000.0,True,False
5,24,7575321682639174215,no_signature,0.0,0.0,0.0,0.0,0.0,0.0,21.792413739021868,0.3723639031253255,0.0,0.0,0.0,10000.0,True,False
5,24,4269004250940331536,no_signature,0.0,0.0,0.0,0.0,0.0,0.0,21.91469328594394,0.34357342132911706,0.0,0.0,0.0,10000.0,True,False
5,24,4513958615462455589,no_signature,0.0,0.0,0.0,0.0,0.0,0.0,22.09501841297606,0.36875254577234057,0.0,0.0,0.0,10000.0,True,False
5,24,12569254696280007606,no_signature,0.0,0.0,0.0,0.0,0.0,0.0,22.040964792948216,0.38104482271229495,0.0,0.0,0.0,10000.0,True,False
5,24,1422494455821043708,no_signature,0.0,0.0,0.0,0.0,0.0,0.0,10.769967881031334,0.3535583033747138,0.0,0.0,0.0,10000.0,True,False
5,25,4513958615462455589,no_signature,0.0,0.0,0.0,0.0,0.0,0.0,21.730030642997008,0.38341145012706235,0.0,0.0,0.0,10000.0,True,False
5,25,4269004250940331536,no_signature,0.0,0.0,0.0,0.0,0.0,0.0,22.00686612201389,0.3284869729169308,0.0,0.0,0.0,10000.0,True,False
5,25,7575321682639174215,no_signature,0.0,0.0,0.0,0.0,0.0,0.0,22.265634848969057,0.3528164565122832,0.0,0.0,0.0,10000.0,True,False
5,25,12569254696280007606,no_signature,0.0,0.0,0.0,0.0,0.0,0.0,22.030985461955424,0.3558583014879745,0.0,0.0,0.0,10000.0,True,False
5,25,1422494455821043708,no_signature,0.0,0.0,0.0,0.0,0.0,0.0,10.589049622009043,0.36010973457211315,0.0,0.0,0.0,10000.0,True,False
5,26,4269004250940331536,no_signature,0.0,0.0,0.0,0.0,0.0,0.0,21.25100486894371,0.3234990240244296,0.0,0.0,0.0,10000.0,True,False
5,26,7575321682639174215,no_signature,0.0,0.0,0.0,0.0,0.0,0.0,21.528036364004947,0.32796773789956357,0.0,0.0,0.0,10000.0,True,False
5,26,4513958615462455589,no_signature,0.0,0.0,0.0,0.0,0.0,0.0,21.533205726998858,0.3388715744726717,0.0,0.0,0.0,10000.0,True,False
5,26,12569254696280007606,no_signature,0.0,0.0,0.0,0.0,0.0,0.0,21.645608641032595,0.3177701145821153,0.0,0.0,0.0,10000.0,True,False
5,26,1422494455821043708,no_signature,0.0,0.0,0.0,0.0,0.0,0.0,10.744988163991366,0.32623570992168005,0.0,0.0,0.0,10000.0,True,False
5,27,4513958615462455589,no_signature,0.0,0.0,0.0,0.0,0.0,0.0,21.716485510987695,0.3321739514968313,0.0,0.0,0.0,10000.0,True,False
5,27,4269004250940331536,no_signature,0.0,0.0,0.0,0.0,0.0,0.0,21.807688720989972,0.3058047177011189,0.0,0.0,0.0,10000.0,True,False
5,27,7575321682639174215,no_signature,0.0,0.0,0.0,0.0,0.0,0.0,21.88045964099001,0.3310504043117737,0.0,0.0,0.0,10000.0,True,False
5,27,12569254696280007606,no_signature,0.0,0.0,0.0,0.0,0.0,0.0,22.00926363299368,0.30116246455905443,0.0,0.0,0.0,10000.0,True,False
5,27,1422494455821043708,no_signature,0.0,0.0,0.0,0.0,0.0,0.0,10.776972680992913,0.323302485352269,0.0,0.0,0.0,10000.0,True,False
5,28,12569254696280007606,no_signature,0.0,0.0,0.0,0.0,0.0,0.0,21.696899725007825,0.2886615909871083,0.0,0.0,0.0,10000.0,True,False
5,28,4513958615462455589,no_signature,0.0,0.0,0.0,0.0,0.0,0.0,22.119122924050316,0.31680851478052263,0.0,0.0,0.0,10000.0,True,False
5,28,4269004250940331536,no_signature,0.0,0.0,0.0,0.0,0.0,0.0,22.129611073003616,0.2922011243265729,0.0,0.0,0.0,10000.0,True,False
5,28,7575321682639174215,no_signature,0.0,0.0,0.0,0.0,0.0,0.0,22.21507986698998,0.32346533435120134,0.0,0.0,0.0,10000.0,True,False
5,28,1422494455821043708,no_signature,0.0,0.0,0.0,0.0,0.0,0.0,10.979769506957382,0.30022489518587725,0.0,0.0,0.0,10000.0,True,False
5,29,7575321682639174215,no_signature,0.0,0.0,0.0,0.0,0.0,0.0,22.008595673018135,0.3005727041994754,0.0,0.0,0.0,10000.0,True,False
5,29,12569254696280007606,no_signature,0.0,0.0,0.0,0.0,0.0,0.0,22.117330792010762,0.27562006932055466,0.0,0.0,0.0,10000.0,True,False
5,29,4513958615462455589,no_signature,0.0,0.0,0.0,0.0,0.0,0.0,22.25115788099356,0.2881299045276099,0.0,0.0,0.0,10000.0,True,False
5,29,4269004250940331536,no_signature,0.0,0.0,0.0,0.0,0.0,0.0,22.246989789011423,0.305180644710212,0.0,0.0,0.0,10000.0,True,False
5,29,1422494455821043708,no_signature,0.0,0.0,0.0,0.0,0.0,0.0,10.910865051962901,0.2904212403969583,0.0,0.0,0.0,10000.0,True,False
5,30,12569254696280007606,no_signature,0.0,0.0,0.0,0.0,0.0,0.0,22.082703652966302,0.2989454862800019,0.0,0.0,0.0,10000.0,True,False
5,30,4269004250940331536,no_signature,0.0,0.0,0.0,0.0,0.0,0.0,22.153136270004325,0.2874952890596296,0.0,0.0,0.0,10000.0,True,False
5,30,7575321682639174215,no_signature,0.0,0.0,0.0,0.0,0.0,0.0,22.147716878040228,0.2912288412114028,0.0,0.0,0.0,10000.0,True,False
5,30,4513958615462455589,no_signature,0.0,0.0,0.0,0.0,0.0,0.0,22.38159862998873,0.29098254904305687,0.0,0.0,0.0,10000.0,True,False
5,30,1422494455821043708,no_signature,0.0,0.0,0.0,0.0,0.0,0.0,10.623260491003748,0.28202154958686126,0.0,0.0,0.0,10000.0,True,False
6,1,17147241631062644215,no_signature,0.0,0.0,0.0,0.0,0.0,0.0,21.30703235103283,1.9505159721587793,0.0,0.0,0.0,10000.0,True,False
6,1,10818817559098313443,no_signature,0.0,0.0,0.0,0.0,0.0,0.0,21.836080927983858,1.8514891192555047,0.0,0.0,0.0,10000.0,True,False
6,1,10561777780321421068,no_signature,0.0,0.0,0.0,0.0,0.0,0.0,21.487735798000358,1.9135688250057232,0.0,0.0,0.0,10000.0,True,False
6,1,14421414279623461567,no_signature,0.0,0.0,0.0,0.0,0.0,0.0,21.834944481030107,1.901278124449733,0.0,0.0,0.0,10000.0,True,False
6,1,10720901608957204167,no_signature,0.0,0.0,0.0,0.0,0.0,0.0,10.447293662000448,1.9026744803681541,0.0,0.0,0.0,10000.0,True,False
6,2,10561777780321421068,no_signature,0.0,0.0,0.0,0.0,0.0,0.0,21.256332965916954,1.6706351304587466,0.0,0.0,0.0,10000.0,True,False
6,2,10818817559098313443,no_signature,0.0,0.0,0.0,0.0,0.0,0.0,21.284323771949857,1.6439612342145877,0.0,0.0,0.0,10000.0,True,False
6,2,14421414279623461567,no_signature,0.0,0.0,0.0,0.0,0.0,0.0,21.372614818974398,1.6320963644752868,0.0,0.0,0.0,10000.0,True,False
6,2,17147241631062644215,no_signature,0.0,0.0,0.0,0.0,0.0,0.0,21.585162644973025,1.6227553477302528,0.0,0.0,0.0,10000.0,True,False
6,2,10720901608957204167,no_signature,0.0,0.0,0.0,0.0,0.0,0.0,10.6335146559868,1.6310586891235255,0.0,0.0,0.0,10000.0,True,False
6,3,17147241631062644215,no_signature,0.0,0.0,0.0,0.0,0.0,0.0,21.895133098005317,1.459281251262933,0.0,0.0,0.0,10000.0,True,False
6,3,10818817559098313443,no_signature,0.0,0.0,0.0,0.0,0.0,0.0,21.89533399208449,1.4539630626337217,0.0,0.0,0.0,10000.0,True,False
6,3,14421414279623461567,no_signature,0.0,0.0,0.0,0.0,0.0,0.0,22.05894160689786,1.4681951375053333,0.0,0.0,0.0,10000.0,True,False
6,3,10561777780321421068,no_signature,0.0,0.0,0.0,0.0,0.0,0.0,22.05493913695682,1.472793262797042,0.0,0.0,0.0,10000.0,True,False
6,3,10720901608957204167,no_signature,0.0,0.0,0.0,0.0,0.0,0.0,10.496048617991619,1.4563045423632612,0.0,0.0,0.0,10000.0,True,False
6,4,14421414279623461567,no_signature,0.0,0.0,0.0,0.0,0.0,0.0,21.68203912198078,1.3305572050448042,0.0,0.0,0.0,10000.0,True,False
6,4,10561777780321421068,no_signature,0.0,0.0,0.0,0.0,0.0,0.0,21.85123553406447,1.3463444307970163,0.0,0.0,0.0,10000.0,True,False
6,4,10818817559098313443,no_signature,0.0,0.0,0.0,0.0,0.0,0.0,21.927854933892377,1.3149178054766915,0.0,0.0,0.0,10000.0,True,False
6,4,17147241631062644215,no_signature,0.0,0.0,0.0,0.0,0.0,0.0,22.243105079978704,1.3310277787641214,0.0,0.0,0.0,10000.0,True,False
6,4,10720901608957204167,no_signature,0.0,0.0,0.0,0.0,0.0,0.0,10.88332971604541,1.3239797968833973,0.0,0.0,0.0,10000.0,True,False
6,5,10561777780321421068,no_signature,0.0,0.0,0.0,0.0,0.0,0.0,21.7395878090756,1.2191761695919707,0.0,0.0,0.0,10000.0,True,False
6,5,14421414279623461567,no_signature,0.0,0.0,0.0,0.0,0.0,0.0,21.931485911947675,1.2070358765011016,0.0,0.0,0.0,10000.0,True,False
6,5,10818817559098313443,no_signature,0.0,0.0,0.0,0.0,0.0,0.0,21.869687633006833,1.2023000298216702,0.0,0.0,0.0,10000.0,True,False
6,5,17147241631062644215,no_signature,0.0,0.0,0.0,0.0,0.0,0.0,22.03829575702548,1.2232083329758323,0.0,0.0,0.0,10000.0,True,False
6,5,10720901608957204167,no_signature,0.0,0.0,0.0,0.0,0.0,0.0,10.599609507014975,1.2206358831530562,0.0,0.0,0.0,10000.0,True,False
6,6,10818817559098313443,no_signature,0.0,0.0,0.0,0.0,0.0,0.0,21.70258106593974,1.118178704866586,0.0,0.0,0.0,10000.0,True,False
6,6,10561777780321421068,no_signature,0.0,0.0,0.0,0.0,0.0,0.0,21.718311900971457,1.123168007253458,0.0,0.0,0.0,10000.0,True,False
6,6,17147241631062644215,no_signature,0.0,0.0,0.0,0.0,0.0,0.0,21.79072945890948,1.1402015084275803,0.0,0.0,0.0,10000.0,True,False
6,6,14421414279623461567,no_signature,0.0,0.0,0.0,0.0,0.0,0.0,22.058244145009667,1.1210966018823008,0.0,0.0,0.0,10000.0,True,False
6,6,10720901608957204167,no_signature,0.0,0.0,0.0,0.0,0.0,0.0,10.813015986001119,1.1186828563769404,0.0,0.0,0.0,10000.0,True,False
6,7,10561777780321421068,no_signature,0.0,0.0,0.0,0.0,0.0,0.0,21.73865117400419,1.0334289226288231,0.0,0.0,0.0,10000.0,True,False
6,7,17147241631062644215,no_signature,0.0,0.0,0.0,0.0,0.0,0.0,22.073646479984745,1.0589326340169571,0.0,0.0,0.0,10000.0,True,False
6,7,14421414279623461567,no_signature,0.0,0.0,0.0,0.0,0.0,0.0,22.107385247014463,1.044685379765666,0.0,0.0,0.0,10000.0,True,False
6,7,10818817559098313443,no_signature,0.0,0.0,0.0,0.0,0.0,0.0,22.065893519902602,1.0269832209276315,0.0,0.0,0.0,10000.0,True,False
6,7,10720901608957204167,no_signature,0.0,0.0,0.0,0.0,0.0,0.0,10.689816924044862,1.0408167218247923,0.0,0.0,0.0,10000.0,True,False
6,8,14421414279623461567,no_signature,0.0,0.0,0.0,0.0,0.0,0.0,21.20640321902465,0.9684312915840088,0.0,0.0,0.0,10000.0,True,False
6,8,10818817559098313443,no_signature,0.0,0.0,0.0,0.0,0.0,0.0,21.460088616004214,0.9590917675259014,0.0,0.0,0.0,10000.0,True,False
6,8,17147241631062644215,no_signature,0.0,0.0,0.0,0.0,0.0,0.0,21.583368369028904,0.9913838115363075,0.0,0.0,0.0,10000.0,True,False
6,8,10561777780321421068,no_signature,0.0,0.0,0.0,0.0,0.0,0.0,21.777410021051764,0.9573210699680134,0.0,0.0,0.0,10000.0,True,False
6,8,10720901608957204167,no_signature,0.0,0.0,0.0,0.0,0.0,0.0,10.570095504983328,0.9711044883956543,0.0,0.0,0.0,10000.0,True,False
6,9,10818817559098313443,no_signature,0.0,0.0,0.0,0.0,0.0,0.0,21.92380592401605,0.8873233654247686,0.0,0.0,0.0,10000.0,True,False
6,9,14421414279623461567,no_signature,0.0,0.0,0.0,0.0,0.0,0.0,21.990874037030153,0.9128526015022692,0.0,0.0,0.0,10000.0,True,False
6,9,17147241631062644215,no_signature,0.0,0.0,0.0,0.0,0.0,0.0,22.084179309080355,0.9165275661518779,0.0,0.0,0.0,10000.0,True,False
6,9,10561777780321421068,no_signature,0.0,0.0,0.0,0.0,0.0,0.0,22.04945473303087,0.8934305693966131,0.0,0.0,0.0,10000.0,True,False
6,9,10720901608957204167,no_signature,0.0,0.0,0.0,0.0,0.0,0.0,10.928901351988316,0.8951067196104092,0.0,0.0,0.0,10000.0,True,False
6,10,10561777780321421068,no_signature,0.0,0.0,0.0,0.0,0.0,0.0,21.833883620100096,0.838135653505691,0.0,0.0,0.0,10000.0,True,False
6,10,10818817559098313443,no_signature,0.0,0.0,0.0,0.0,0.0,0.0,22.17134467395954,0.8139378744573258,0.0,0.0,0.0,10000.0,True,False
6,10,17147241631062644215,no_signature,0.0,0.0,0.0,0.0,0.0,0.0,22.13809924002271,0.8556831477168269,0.0,0.0,0.0,10000.0,True,False
6,10,14421414279623461567,no_signature,0.0,0.0,0.0,0.0,0.0,0.0,22.3371636539232,0.8398135266364953,0.0,0.0,0.0,10000.0,True,False
6,10,10720901608957204167,no_signature,0.0,0.0,0.0,0.0,0.0,0.0,10.587140418007039,0.8383542818668932,0.0,0.0,0.0,10000.0,True,False
6,11,10818817559098313443,no_signature,0.0,0.0,0.0,0.0,0.0,0.0,21.6538823019946,0.7549388358196892,0.0,0.0,0.0,10000.0,True,False
6,11,10561777780321421068,no_signature,0.0,0.0,0.0,0.0,0.0,0.0,21.88773845497053,0.7627134020336139,0.0,0.0,0.0,10000.0,True,False
6,11,14421414279623461567,no_signature,0.0,0.0,0.0,0.0,0.0,0.0,22.165817495901138,0.7806562501401566,0.0,0.0,0.0,10000.0,True,False
6,11,17147241631062644215,no_signature,0.0,0.0,0.0,0.0,0.0,0.0,22.144022629014216,0.8135548200184545,0.0,0.0,0.0,10000.0,True,False
6,11,10720901608957204167,no_signature,0.0,0.0,0.0,0.0,0.0,0.0,10.702581338002346,0.7796254485083846,0.0,0.0,0.0,10000.0,True,False
6,12,10818817559098313443,no_signature,0.0,0.0,0.0,0.0,0.0,0.0,21.742714860942215,0.7081956091208961,0.0,0.0,0.0,10000.0,True,False
6,12,17147241631062644215,no_signature,0.0,0.0,0.0,0.0,0.0,0.0,21.809735597111285,0.7420934024995889,0.0,0.0,0.0,10000.0,True,False
6,12,14421414279623461567,no_signature,0.0,0.0,0.0,0.0,0.0,0.0,22.14738837897312,0.738730681685213,0.0,0.0,0.0,10000.0,True,False
6,12,10561777780321421068,no_signature,0.0,0.0,0.0,0.0,0.0,0.0,22.118655465892516,0.7189524696943478,0.0,0.0,0.0,10000.0,True,False
6,12,10720901608957204167,no_signature,0.0,0.0,0.0,0.0,0.0,0.0,10.576969887013547,0.7221589376941656,0.0,0.0,0.0,10000.0,True,False
6,13,17147241631062644215,no_signature,0.0,0.0,0.0,0.0,0.0,0.0,21.377831774996594,0.6915286813919156,0.0,0.0,0.0,10000.0,True,False
6,13,10818817559098313443,no_signature,0.0,0.0,0.0,0.0,0.0,0.0,21.797280146041885,0.6583160817527923,0.0,0.0,0.0,10000.0,True,False
6,13,14421414279623461567,no_signature,0.0,0.0,0.0,0.0,0.0,0.0,21.955333408899605,0.6683516972504866,0.0,0.0,0.0,10000.0,True,False
6,13,10561777780321421068,no_signature,0.0,0.0,0.0,0.0,0.0,0.0,22.172433336963877,0.6624502436326335,0.0,0.0,0.0,10000.0,True,False
6,13,10720901608957204167,no_signature,0.0,0.0,0.0,0.0,0.0,0.0,10.510579105000943,0.6871645067113276,0.0,0.0,0.0,10000.0,True,False
6,14,10818817559098313443,no_signature,0.0,0.0,0.0,0.0,0.0,0.0,21.830731245921925,0.6160241830558442,0.0,0.0,0.0,10000.0,True,False
6,14,17147241631062644215,no_signature,0.0,0.0,0.0,0.0,0.0,0.0,22.0288828429766,0.6519545944877707,0.0,0.0,0.0,10000.0,True,False
6,14,10561777780321421068,no_signature,0.0,0.0,0.0,0.0,0.0,0.0,22.156913244049065,0.6500173593624331,0.0,0.0,0.0,10000.0,True,False
6,14,14421414279623461567,no_signature,0.0,0.0,0.0,0.0,0.0,0.0,22.17010140698403,0.6281814070555348,0.0,0.0,0.0,10000.0,True,False
6,14,10720901608957204167,no_signature,0.0,0.0,0.0,0.0,0.0,0.0,10.726894721970893,0.6394330252307101,0.0,0.0,0.0,10000.0,True,False
6,15,10561777780321421068,no_signature,0.0,0.0,0.0,0.0,0.0,0.0,22.32448591000866,0.5852430926534695,0.0,0.0,0.0,10000.0,True,False
6,15,10818817559098313443,no_signature,0.0,0.0,0.0,0.0,0.0,0.0,22.47768144204747,0.5964281550897196,0.0,0.0,0.0,10000.0,True,False
6,15,17147241631062644215,no_signature,0.0,0.0,0.0,0.0,0.0,0.0,22.44332817394752,0.6215307911554464,0.0,0.0,0.0,10000.0,True,False
6,15,14421414279623461567,no_signature,0.0,0.0,0.0,0.0,0.0,0.0,22.598097849986516,0.5896551706872809,0.0,0.0,0.0,10000.0,True,False
6,15,10720901608957204167,no_signature,0.0,0.0,0.0,0.0,0.0,0.0,10.694689002935775,0.6030082651101553,0.0,0.0,0.0,10000.0,True,False
6,16,14421414279623461567,no_signature,0.0,0.0,0.0,0.0,0.0,0.0,21.316378782037646,0.5455480099985965,0.0,0.0,0.0,10000.0,True,False
6,16,17147241631062644215,no_signature,0.0,0.0,0.0,0.0,0.0,0.0,21.39070702495519,0.5639481323833664,0.0,0.0,0.0,10000.0,True,False
6,16,10818817559098313443,no_signature,0.0,0.0,0.0,0.0,0.0,0.0,21.61363760207314,0.5535514607263831,0.0,0.0,0.0,10000.0,True,False
6,16,10561777780321421068,no_signature,0.0,0.0,0.0,0.0,0.0,0.0,21.741328953998163,0.571190920988687,0.0,0.0,0.0,10000.0,True,False
6,16,10720901608957204167,no_signature,0.0,0.0,0.0,0.0,0.0,0.0,10.949331076000817,0.5469020477856119,0.0,0.0,0.0,10000.0,True,False
6,17,10561777780321421068,no_signature,0.0,0.0,0.0,0.0,0.0,0.0,22.06431533698924,0.5258326845023388,0.0,0.0,0.0,10000.0,True,False
6,17,14421414279623461567,no_signature,0.0,0.0,0.0,0.0,0.0,0.0,22.228812407003716,0.5119755018276338,0.0,0.0,0.0,10000.0,True,False
6,17,10818817559098313443,no_signature,0.0,0.0,0.0,0.0,0.0,0.0,22.284020469058305,0.5196288138889847,0.0,0.0,0.0,10000.0,True,False
6,17,17147241631062644215,no_signature,0.0,0.0,0.0,0.0,0.0,0.0,22.563509540981613,0.5362306455263315,0.0,0.0,0.0,10000.0,True,False
6,17,10720901608957204167,no_signature,0.0,0.0,0.0,0.0,0.0,0.0,11.000230145989917,0.5318880202575994,0.0,0.0,0.0,10000.0,True,False
6,18,17147241631062644215,no_signature,0.0,0.0,0.0,0.0,0.0,0.0,22.210012809024192,0.5145403468094695,0.0,0.0,0.0,10000.0,True,False
6,18,14421414279623461567,no_signature,0.0,0.0,0.0,0.0,0.0,0.0,22.321226569009013,0.47772176869618244,0.0,0.0,0.0,10000.0,True,False
6,18,10561777780321421068,no_signature,0.0,0.0,0.0,0.0,0.0,0.0,22.36388444597833,0.48204912345249434,0.0,0.0,0.0,10000.0,True,False
6,18,10818817559098313443,no_signature,0.0,0.0,0.0,0.0,0.0,0.0,22.476590813952498,0.48168516508973064,0.0,0.0,0.0,10000.0,True,False
6,18,10720901608957204167,no_signature,0.0,0.0,0.0,0.0,0.0,0.0,10.826318657025695,0.4988528967332154,0.0,0.0,0.0,10000.0,True,False
6,19,17147241631062644215,no_signature,0.0,0.0,0.0,0.0,0.0,0.0,22.001538411946967,0.46412339818458587,0.0,0.0,0.0,10000.0,True,False
6,19,10561777780321421068,no_signature,0.0,0.0,0.0,0.0,0.0,0.0,22.1256309049204,0.47165257709261516,0.0,0.0,0.0,10000.0,True,False
6,19,10818817559098313443,no_signature,0.0,0.0,0.0,0.0,0.0,0.0,22.159312408068217,0.4497684878460801,0.0,0.0,0.0,10000.0,True,False
6,19,14421414279623461567,no_signature,0.0,0.0,0.0,0.0,0.0,0.0,22.24972762307152,0.44794588009960734,0.0,0.0,0.0,10000.0,True,False
6,19,10720901608957204167,no_signature,0.0,0.0,0.0,0.0,0.0,0.0,11.023943494074047,0.47235186361728576,0.0,0.0,0.0,10000.0,True,False
6,20,14421414279623461567,no_signature,0.0,0.0,0.0,0.0,0.0,0.0,22.464617788908072,0.4379852469236896,0.0,0.0,0.0,10000.0,True,False
6,20,10561777780321421068,no_signature,0.0,0.0,0.0,0.0,0.0,0.0,22.48777389503084,0.44306114842645083,0.0,0.0,0.0,10000.0,True,False
6,20,17147241631062644215,no_signature,0.0,0.0,0.0,0.0,0.0,0.0,22.605122767970897,0.45746681082565277,0.0,0.0,0.0,10000.0,True,False
6,20,10818817559098313443,no_signature,0.0,0.0,0.0,0.0,0.0,0.0,22.583503082045354,0.45191766594212274,0.0,0.0,0.0,10000.0,True,False
6,20,10720901608957204167,no_signature,0.0,0.0,0.0,0.0,0.0,0.0,10.711919051012956,0.44312715424468724,0.0,0.0,0.0,10000.0,True,False
6,21,10561777780321421068,no_signature,0.0,0.0,0.0,0.0,0.0,0.0,22.30248518404551,0.4143963411373024,0.0,0.0,0.0,10000.0,True,False
6,21,10818817559098313443,no_signature,0.0,0.0,0.0,0.0,0.0,0.0,22.489553887047805,0.4149624148008827,0.0,0.0,0.0,10000.0,True,False
6,21,17147241631062644215,no_signature,0.0,0.0,0.0,0.0,0.0,0.0,22.593347524059936,0.420792497313632,0.0,0.0,0.0,10000.0,True,False
6,21,14421414279623461567,no_signature,0.0,0.0,0.0,0.0,0.0,0.0,22.579182179062627,0.40726646853569215,0.0,0.0,0.0,10000.0,True,False
6,21,10720901608957204167,no_signature,0.0,0.0,0.0,0.0,0.0,0.0,10.927082242909819,0.43352132465261906,0.0,0.0,0.0,10000.0,True,False
6,22,14421414279623461567,no_signature,0.0,0.0,0.0,0.0,0.0,0.0,21.9652437629411,0.39498228207825664,0.0,0.0,0.0,10000.0,True,False
6,22,10818817559098313443,no_signature,0.0,0.0,0.0,0.0,0.0,0.0,21.938322185073048,0.38169358618938315,0.0,0.0,0.0,10000.0,True,False
6,22,10561777780321421068,no_signature,0.0,0.0,0.0,0.0,0.0,0.0,21.979614253039472,0.38563067584146804,0.0,0.0,0.0,10000.0,True,False
6,22,17147241631062644215,no_signature,0.0,0.0,0.0,0.0,0.0,0.0,22.404510092921555,0.4007252538279175,0.0,0.0,0.0,10000.0,True,False
6,22,10720901608957204167,no_signature,0.0,0.0,0.0,0.0,0.0,0.0,10.590665523079224,0.3959522445689137,0.0,0.0,0.0,10000.0,True,False
6,23,10818817559098313443,no_signature,0.0,0.0,0.0,0.0,0.0,0.0,22.138180477079004,0.36578881942307034,0.0,0.0,0.0,10000.0,True,False
6,23,14421414279623461567,no_signature,0.0,0.0,0.0,0.0,0.0,0.0,22.216752563021146,0.3955141904469306,0.0,0.0,0.0,10000.0,True,False
6,23,17147241631062644215,no_signature,0.0,0.0,0.0,0.0,0.0,0.0,22.341439562966116,0.3581639846739249,0.0,0.0,0.0,10000.0,True,False
6,23,10561777780321421068,no_signature,0.0,0.0,0.0,0.0,0.0,0.0,22.68559677293524,0.3741259031450025,0.0,0.0,0.0,10000.0,True,False
6,23,10720901608957204167,no_signature,0.0,0.0,0.0,0.0,0.0,0.0,10.806412904988974,0.37655897491787094,0.0,0.0,0.0,10000.0,True,False
6,24,10818817559098313443,no_signature,0.0,0.0,0.0,0.0,0.0,0.0,21.95323865499813,0.36512622715958865,0.0,0.0,0.0,10000.0,True,False
6,24,14421414279623461567,no_signature,0.0,0.0,0.0,0.0,0.0,0.0,22.302408323041163,0.3548679735225896,0.0,0.0,0.0,10000.0,True,False
6,24,10561777780321421068,no_signature,0.0,0.0,0.0,0.0,0.0,0.0,22.53234562894795,0.36426307082610626,0.0,0.0,0.0,10000.0,True,False
6,24,17147241631062644215,no_signature,0.0,0.0,0.0,0.0,0.0,0.0,22.58547199901659,0.35256744734199047,0.0,0.0,0.0,10000.0,True,False
6,24,10720901608957204167,no_signature,0.0,0.0,0.0,0.0,0.0,0.0,10.635934052988887,0.3492648245368046,0.0,0.0,0.0,10000.0,True,False
6,25,17147241631062644215,no_signature,0.0,0.0,0.0,0.0,0.0,0.0,21.925657855928876,0.3612748331616457,0.0,0.0,0.0,10000.0,True,False
6,25,14421414279623461567,no_signature,0.0,0.0,0.0,0.0,0.0,0.0,22.00620969501324,0.3506443501597407,0.0,0.0,0.0,10000.0,True,False
6,25,10561777780321421068,no_signature,0.0,0.0,0.0,0.0,0.0,0.0,22.093530599959195,0.3446843752179283,0.0,0.0,0.0,10000.0,True,False
6,25,10818817559098313443,no_signature,0.0,0.0,0.0,0.0,0.0,0.0,22.182634567958303,0.3351746986712368,0.0,0.0,0.0,10000.0,True,False
6,25,10720901608957204167,no_signature,0.0,0.0,0.0,0.0,0.0,0.0,10.901115463930182,0.35393042353312143,0.0,0.0,0.0,10000.0,True,False
6,26,10818817559098313443,no_signature,0.0,0.0,0.0,0.0,0.0,0.0,21.78135567798745,0.33786296701064694,0.0,0.0,0.0,10000.0,True,False
6,26,14421414279623461567,no_signature,0.0,0.0,0.0,0.0,0.0,0.0,22.317047566990368,0.31605146126375316,0.0,0.0,0.0,10000.0,True,False
6,26,10561777780321421068,no_signature,0.0,0.0,0.0,0.0,0.0,0.0,22.302619392983615,0.31729810869696135,0.0,0.0,0.0,10000.0,True,False
6,26,17147241631062644215,no_signature,0.0,0.0,0.0,0.0,0.0,0.0,22.376021033967845,0.3367737895443131,0.0,0.0,0.0,10000.0,True,False
6,26,10720901608957204167,no_signature,0.0,0.0,0.0,0.0,0.0,0.0,10.8441607960267,0.33365828205590337,0.0,0.0,0.0,10000.0,True,False
6,27,10561777780321421068,no_signature,0.0,0.0,0.0,0.0,0.0,0.0,22.32345898693893,0.33010459881418713,0.0,0.0,0.0,10000.0,True,False
6,27,17147241631062644215,no_signature,0.0,0.0,0.0,0.0,0.0,0.0,22.438499643001705,0.3281562051634652,0.0,0.0,0.0,10000.0,True,False
6,27,14421414279623461567,no_signature,0.0,0.0,0.0,0.0,0.0,0.0,22.544701748993248,0.2961901664732399,0.0,0.0,0.0,10000.0,True,False
6,27,10818817559098313443,no_signature,0.0,0.0,0.0,0.0,0.0,0.0,22.549552862066776,0.31930963026460846,0.0,0.0,0.0,10000.0,True,False
6,27,10720901608957204167,no_signature,0.0,0.0,0.0,0.0,0.0,0.0,10.87027306505479,0.3124664103851829,0.0,0.0,0.0,10000.0,True,False
6,28,14421414279623461567,no_signature,0.0,0.0,0.0,0.0,0.0,0.0,21.285451940027997,0.3085146032172603,0.0,0.0,0.0,10000.0,True,False
6,28,10561777780321421068,no_signature,0.0,0.0,0.0,0.0,0.0,0.0,22.02696232602466,0.32769000940857984,0.0,0.0,0.0,10000.0,True,False
6,28,10818817559098313443,no_signature,0.0,0.0,0.0,0.0,0.0,0.0,22.335809084004723,0.2888424281483165,0.0,0.0,0.0,10000.0,True,False
6,28,17147241631062644215,no_signature,0.0,0.0,0.0,0.0,0.0,0.0,22.416974558960646,0.3014051211974063,0.0,0.0,0.0,10000.0,True,False
6,28,10720901608957204167,no_signature,0.0,0.0,0.0,0.0,0.0,0.0,11.00684504606761,0.3267030099707361,0.0,0.0,0.0,10000.0,True,False
6,29,17147241631062644215,no_signature,0.0,0.0,0.0,0.0,0.0,0.0,22.165317691047676,0.2909883698820473,0.0,0.0,0.0,10000.0,True,False
6,29,14421414279623461567,no_signature,0.0,0.0,0.0,0.0,0.0,0.0,22.36845972307492,0.30097228055522324,0.0,0.0,0.0,10000.0,True,False
6,29,10561777780321421068,no_signature,0.0,0.0,0.0,0.0,0.0,0.0,22.350689947023056,0.27288483717469886,0.0,0.0,0.0,10000.0,True,False
6,29,10818817559098313443,no_signature,0.0,0.0,0.0,0.0,0.0,0.0,22.38728758902289,0.2956576143620542,0.0,0.0,0.0,10000.0,True,False
6,29,10720901608957204167,no_signature,0.0,0.0,0.0,0.0,0.0,0.0,11.049107230035588,0.29997800871247826,0.0,0.0,0.0,10000.0,True,False
6,30,10561777780321421068,no_signature,0.0,0.0,0.0,0.0,0.0,0.0,22.25375107000582,0.2880609164805934,0.0,0.0,0.0,10000.0,True,False
6,30,10818817559098313443,no_signature,0.0,0.0,0.0,0.0,0.0,0.0,22.276266014087014,0.28960439360465484,0.0,0.0,0.0,10000.0,True,False
6,30,14421414279623461567,no_signature,0.0,0.0,0.0,0.0,0.0,0.0,22.319757053046487,0.28376544894838035,0.0,0.0,0.0,10000.0,True,False
6,30,17147241631062644215,no_signature,0.0,0.0,0.0,0.0,0.0,0.0,22.443856102996506,0.2779595807920725,0.0,0.0,0.0,10000.0,True,False
6,30,10720901608957204167,no_signature,0.0,0.0,0.0,0.0,0.0,0.0,10.935699188965373,0.2947503847691912,0.0,0.0,0.0,10000.0,True,False
7,1,1425513156077381957,no_signature,0.0,0.0,0.0,0.0,0.0,0.0,21.13821242703125,1.9646249499183874,0.0,0.0,0.0,10000.0,True,False
7,1,7477308524132079547,no_signature,0.0,0.0,0.0,0.0,0.0,0.0,21.194563242956065,1.8567343778884449,0.0,0.0,0.0,10000.0,True,False
7,1,14988187134393954137,no_signature,0.0,0.0,0.0,0.0,0.0,0.0,21.285239793010987,1.95971081203546,0.0,0.0,0.0,10000.0,True,False
7,1,2897994337489962316,no_signature,0.0,0.0,0.0,0.0,0.0,0.0,20.983452566084452,1.8713964399057454,0.0,0.0,0.0,10000.0,True,False
7,1,3200096042190583811,no_signature,0.0,0.0,0.0,0.0,0.0,0.0,10.761697539011948,1.9664205918296838,0.0,0.0,0.0,10000.0,True,False
7,2,14988187134393954137,no_signature,0.0,0.0,0.0,0.0,0.0,0.0,21.49022493395023,1.6335921436072158,0.0,0.0,0.0,10000.0,True,False
7,2,2897994337489962316,no_signature,0.0,0.0,0.0,0.0,0.0,0.0,21.660549583961256,1.6448975881448569,0.0,0.0,0.0,10000.0,True,False
7,2,7477308524132079547,no_signature,0.0,0.0,0.0,0.0,0.0,0.0,21.746217950014398,1.6583840412834583,0.0,0.0,0.0,10000.0,True,False
7,2,1425513156077381957,no_signature,0.0,0.0,0.0,0.0,0.0,0.0,21.94228345900774,1.6774003741840204,0.0,0.0,0.0,10000.0,True,False
7,2,3200096042190583811,no_signature,0.0,0.0,0.0,0.0,0.0,0.0,10.592004028032534,1.6597134423332092,0.0,0.0,0.0,10000.0,True,False
7,3,1425513156077381957,no_signature,0.0,0.0,0.0,0.0,0.0,0.0,21.504294504993595,1.4850198106643873,0.0,0.0,0.0,10000.0,True,False
7,3,7477308524132079547,no_signature,0.0,0.0,0.0,0.0,0.0,0.0,21.494381974916905,1.4979213478085331,0.0,0.0,0.0,10000.0,True,False
7,3,2897994337489962316,no_signature,0.0,0.0,0.0,0.0,0.0,0.0,21.872968817013316,1.4755023340828501,0.0,0.0,0.0,10000.0,True,False
7,3,14988187134393954137,no_signature,0.0,0.0,0.0,0.0,0.0,0.0,21.86746228695847,1.4711121109346994,0.0,0.0,0.0,10000.0,True,False
7,3,3200096042190583811,no_signature,0.0,0.0,0.0,0.0,0.0,0.0,10.598276086966507,1.4795531607664432,0.0,0.0,0.0,10000.0,True,False
7,4,7477308524132079547,no_signature,0.0,0.0,0.0,0.0,0.0,0.0,21.50829569203779,1.343550427462727,0.0,0.0,0.0,10000.0,True,False
7,4,2897994337489962316,no_signature,0.0,0.0,0.0,0.0,0.0,0.0,21.583156751003116,1.3537476310333885,0.0,0.0,0.0,10000.0,True,False
7,4,14988187134393954137,no_signature,0.0,0.0,0.0,0.0,0.0,0.0,21.613829941954464,1.3398394481823468,0.0,0.0,0.0,10000.0,True,False
7,4,1425513156077381957,no_signature,0.0,0.0,0.0,0.0,0.0,0.0,21.781525025959127,1.35342704849883,0.0,0.0,0.0,10000.0,True,False
7,4,3200096042190583811,no_signature,0.0,0.0,0.0,0.0,0.0,0.0,10.529033655999228,1.343489707658847,0.0,0.0,0.0,10000.0,True,False
7,5,1425513156077381957,no_signature,0.0,0.0,0.0,0.0,0.0,0.0,21.585095091024414,1.2198109000254744,0.0,0.0,0.0,10000.0,True,False
7,5,2897994337489962316,no_signature,0.0,0.0,0.0,0.0,0.0,0.0,21.57240929407999,1.2280790110746511,0.0,0.0,0.0,10000.0,True,False
7,5,14988187134393954137,no_signature,0.0,0.0,0.0,0.0,0.0,0.0,21.73803013691213,1.2500364146293543,0.0,0.0,0.0,10000.0,True,False
7,5,7477308524132079547,no_signature,0.0,0.0,0.0,0.0,0.0,0.0,21.80409679096192,1.2359673759807794,0.0,0.0,0.0,10000.0,True,False
7,5,3200096042190583811,no_signature,0.0,0.0,0.0,0.0,0.0,0.0,10.568210249999538,1.2383067379363428,0.0,0.0,0.0,10000.0,True,False
7,6,1425513156077381957,no_signature,0.0,0.0,0.0,0.0,0.0,0.0,21.46548623405397,1.1330950903816346,0.0,0.0,0.0,10000.0,True,False
7,6,14988187134393954137,no_signature,0.0,0.0,0.0,0.0,0.0,0.0,21.453449331922457,1.1218482107400132,0.0,0.0,0.0,10000.0,True,False
7,6,2897994337489962316,no_signature,0.0,0.0,0.0,0.0,0.0,0.0,21.72063795302529,1.1388868895201638,0.0,0.0,0.0,10000.0,True,False
7,6,7477308524132079547,no_signature,0.0,0.0,0.0,0.0,0.0,0.0,21.703841501032002,1.1278993081741822,0.0,0.0,0.0,10000.0,True,False
7,6,3200096042190583811,no_signature,0.0,0.0,0.0,0.0,0.0,0.0,10.740063505014405,1.116794259974751,0.0,0.0,0.0,10000.0,True,False
7,7,1425513156077381957,no_signature,0.0,0.0,0.0,0.0,0.0,0.0,21.41495932394173,1.0530443852321028,0.0,0.0,0.0,10000.0,True,False
7,7,14988187134393954137,no_signature,0.0,0.0,0.0,0.0,0.0,0.0,21.643565897014923,1.0436954056493009,0.0,0.0,0.0,10000.0,True,False
7,7,2897994337489962316,no_signature,0.0,0.0,0.0,0.0,0.0,0.0,21.770329802995548,1.0450775763287712,0.0,0.0,0.0,10000.0,True,False
7,7,7477308524132079547,no_signature,0.0,0.0,0.0,0.0,0.0,0.0,21.79529536899645,1.034452064920919,0.0,0.0,0.0,10000.0,True,False
7,7,3200096042190583811,no_signature,0.0,0.0,0.0,0.0,0.0,0.0,10.60982381994836,1.0420697190510197,0.0,0.0,0.0,10000.0,True,False
7,8,7477308524132079547,no_signature,0.0,0.0,0.0,0.0,0.0,0.0,21.43065970495809,0.9593341068718761,0.0,0.0,0.0,10000.0,True,False
7,8,2897994337489962316,no_signature,0.0,0.0,0.0,0.0,0.0,0.0,21.60061170789413,0.9746991613992868,0.0,0.0,0.0,10000.0,True,False
7,8,1425513156077381957,no_signature,0.0,0.0,0.0,0.0,0.0,0.0,21.909493466024287,0.9728182601852539,0.0,0.0,0.0,10000.0,True,False
7,8,14988187134393954137,no_signature,0.0,0.0,0.0,0.0,0.0,0.0,22.08807020902168,0.9613109144349449,0.0,0.0,0.0,10000.0,True,False
7,8,3200096042190583811,no_signature,0.0,0.0,0.0,0.0,0.0,0.0,10.578038493054919,0.9598032800724712,0.0,0.0,0.0,10000.0,True,False
7,9,1425513156077381957,no_signature,0.0,0.0,0.0,0.0,0.0,0.0,21.455422487924807,0.8952147968280049,0.0,0.0,0.0,10000.0,True,False
7,9,14988187134393954137,no_signature,0.0,0.0,0.0,0.0,0.0,0.0,21.57034629303962,0.9064947113442344,0.0,0.0,0.0,10000.0,True,False
7,9,2897994337489962316,no_signature,0.0,0.0,0.0,0.0,0.0,0.0,21.66155273001641,0.9049562561435821,0.0,0.0,0.0,10000.0,True,False
7,9,7477308524132079547,no_signature,0.0,0.0,0.0,0.0,0.0,0.0,21.74560976191424,0.8924687489533958,0.0,0.0,0.0,10000.0,True,False
7,9,3200096042190583811,no_signature,0.0,0.0,0.0,0.0,0.0,0.0,10.598323882906698,0.89091194352022,0.0,0.0,0.0,10000.0,True,False
7,10,2897994337489962316,no_signature,0.0,0.0,0.0,0.0,0.0,0.0,21.385667576105334,0.8538400682207113,0.0,0.0,0.0,10000.0,True,False
7,10,1425513156077381957,no_signature,0.0,0.0,0.0,0.0,0.0,0.0,21.39446665602736,0.8347175524067193,0.0,0.0,0.0,10000.0,True,False
7,10,7477308524132079547,no_signature,0.0,0.0,0.0,0.0,0.0,0.0,21.436676106997766,0.8123098941275868,0.0,0.0,0.0,10000.0,True,False
7,10,14988187134393954137,no_signature,0.0,0.0,0.0,0.0,0.0,0.0,21.499048589961603,0.8267831913769816,0.0,0.0,0.0,10000.0,True,False
7,10,3200096042190583811,no_signature,0.0,0.0,0.0,0.0,0.0,0.0,10.597762138932012,0.833243804998672,0.0,0.0,0.0,10000.0,True,False
7,11,14988187134393954137,no_signature,0.0,0.0,0.0,0.0,0.0,0.0,21.202668123994954,0.7765580030580679,0.0,0.0,0.0,10000.0,True,False
7,11,1425513156077381957,no_signature,0.0,0.0,0.0,0.0,0.0,0.0,21.295433731982484,0.7683992356347581,0.0,0.0,0.0,10000.0,True,False
7,11,2897994337489962316,no_signature,0.0,0.0,0.0,0.0,0.0,0.0,21.48286501597613,0.7891007827969786,0.0,0.0,0.0,10000.0,True,False
7,11,7477308524132079547,no_signature,0.0,0.0,0.0,0.0,0.0,0.0,21.53974178095814,0.7614074378920058,0.0,0.0,0.0,10000.0,True,False
7,11,3200096042190583811,no_signature,0.0,0.0,0.0,0.0,0.0,0.0,10.620089566917159,0.7676985678962245,0.0,0.0,0.0,10000.0,True,False
7,12,1425513156077381957,no_signature,0.0,0.0,0.0,0.0,0.0,0.0,21.109566236962564,0.7091369605102478,0.0,0.0,0.0,10000.0,True,False
7,12,2897994337489962316,no_signature,0.0,0.0,0.0,0.0,0.0,0.0,21.51398942898959,0.7270376854382765,0.0,0.0,0.0,10000.0,True,False
7,12,14988187134393954137,no_signature,0.0,0.0,0.0,0.0,0.0,0.0,21.595461296034046,0.7107634940943398,0.0,0.0,0.0,10000.0,True,False
7,12,7477308524132079547,no_signature,0.0,0.0,0.0,0.0,0.0,0.0,21.550553901004605,0.7184904066328043,0.0,0.0,0.0,10000.0,True,False
7,12,3200096042190583811,no_signature,0.0,0.0,0.0,0.0,0.0,0.0,10.732425332069397,0.7200316715354736,0.0,0.0,0.0,10000.0,True,False
7,13,14988187134393954137,no_signature,0.0,0.0,0.0,0.0,0.0,0.0,21.472866315045394,0.6854516101626161,0.0,0.0,0.0,10000.0,True,False
7,13,2897994337489962316,no_signature,0.0,0.0,0.0,0.0,0.0,0.0,21.730924241943285,0.6983585986561669,0.0,0.0,0.0,10000.0,True,False
7,13,1425513156077381957,no_signature,0.0,0.0,0.0,0.0,0.0,0.0,21.63171250699088,0.6585551168019779,0.0,0.0,0.0,10000.0,True,False
7,13,7477308524132079547,no_signature,0.0,0.0,0.0,0.0,0.0,0.0,21.650749147986062,0.6872691492588756,0.0,0.0,0.0,10000.0,True,False
7,13,3200096042190583811,no_signature,0.0,0.0,0.0,0.0,0.0,0.0,10.697936865966767,0.675495196336184,0.0,0.0,0.0,10000.0,True,False
7,14,1425513156077381957,no_signature,0.0,0.0,0.0,0.0,0.0,0.0,21.584066933952272,0.6210497725790682,0.0,0.0,0.0,10000.0,True,False
7,14,7477308524132079547,no_signature,0.0,0.0,0.0,0.0,0.0,0.0,21.653844880056567,0.6406457128520971,0.0,0.0,0.0,10000.0,True,False
7,14,14988187134393954137,no_signature,0.0,0.0,0.0,0.0,0.0,0.0,21.79267460294068,0.6410183971777511,0.0,0.0,0.0,10000.0,True,False
7,14,2897994337489962316,no_signature,0.0,0.0,0.0,0.0,0.0,0.0,21.857383013004437,0.6396239679604293,0.0,0.0,0.0,10000.0,True,False
7,14,3200096042190583811,no_signature,0.0,0.0,0.0,0.0,0.0,0.0,10.592793133924715,0.6326638323882707,0.0,0.0,0.0,10000.0,True,False
7,15,1425513156077381957,no_signature,0.0,0.0,0.0,0.0,0.0,0.0,21.491224124096334,0.589186761373529,0.0,0.0,0.0,10000.0,True,False
7,15,14988187134393954137,no_signature,0.0,0.0,0.0,0.0,0.0,0.0,21.75640554202255,0.5750834645983129,0.0,0.0,0.0,10000.0,True,False
7,15,7477308524132079547,no_signature,0.0,0.0,0.0,0.0,0.0,0.0,21.706521428073756,0.6072480337926374,0.0,0.0,0.0,10000.0,True,False
7,15,2897994337489962316,no_signature,0.0,0.0,0.0,0.0,0.0,0.0,21.788337393896654,0.5938174282304776,0.0,0.0,0.0,10000.0,True,False
7,15,3200096042190583811,no_signature,0.0,0.0,0.0,0.0,0.0,0.0,10.627672644914128,0.6127563956351326,0.0,0.0,0.0,10000.0,True,False
7,16,2897994337489962316,no_signature,0.0,0.0,0.0,0.0,0.0,0.0,21.26765157293994,0.5709543878111405,0.0,0.0,0.0,10000.0,True,False
7,16,7477308524132079547,no_signature,0.0,0.0,0.0,0.0,0.0,0.0,21.45535712398123,0.5568268346710327,0.0,0.0,0.0,10000.0,True,False
7,16,14988187134393954137,no_signature,0.0,0.0,0.0,0.0,0.0,0.0,21.757182907080278,0.5504617072141971,0.0,0.0,0.0,10000.0,True,False
7,16,1425513156077381957,no_signature,0.0,0.0,0.0,0.0,0.0,0.0,21.86295348103158,0.571899157267409,0.0,0.0,0.0,10000.0,True,False
7,16,3200096042190583811,no_signature,0.0,0.0,0.0,0.0,0.0,0.0,10.848533874959685,0.5693765437712495,0.0,0.0,0.0,10000.0,True,False
7,17,1425513156077381957,no_signature,0.0,0.0,0.0,0.0,0.0,0.0,21.454283875995316,0.530495450126763,0.0,0.0,0.0,10000.0,True,False
7,17,2897994337489962316,no_signature,0.0,0.0,0.0,0.0,0.0,0.0,21.500526263029315,0.5342389181756173,0.0,0.0,0.0,10000.0,True,False
7,17,14988187134393954137,no_signature,0.0,0.0,0.0,0.0,0.0,0.0,21.54275407199748,0.5184478582070468,0.0,0.0,0.0,10000.0,True,False
7,17,7477308524132079547,no_signature,0.0,0.0,0.0,0.0,0.0,0.0,21.591289844014682,0.5258687473238467,0.0,0.0,0.0,10000.0,True,False
7,17,3200096042190583811,no_signature,0.0,0.0,0.0,0.0,0.0,0.0,10.697933385963552,0.5378794876840739,0.0,0.0,0.0,10000.0,True,False
7,18,2897994337489962316,no_signature,0.0,0.0,0.0,0.0,0.0,0.0,21.146209015976638,0.49931855559253846,0.0,0.0,0.0,10000.0,True,False
7,18,14988187134393954137,no_signature,0.0,0.0,0.0,0.0,0.0,0.0,21.48244807496667,0.4988588610062965,0.0,0.0,0.0,10000.0,True,False
7,18,7477308524132079547,no_signature,0.0,0.0,0.0,0.0,0.0,0.0,21.492414406035095,0.4817534013273427,0.0,0.0,0.0,10000.0,True,False
7,18,1425513156077381957,no_signature,0.0,0.0,0.0,0.0,0.0,0.0,21.860884377965704,0.5285452370778821,0.0,0.0,0.0,10000.0,True,False
7,18,3200096042190583811,no_signature,0.0,0.0,0.0,0.0,0.0,0.0,10.584680012078024,0.5005934824482702,0.0,0.0,0.0,10000.0,True,False
7,19,2897994337489962316,no_signature,0.0,0.0,0.0,0.0,0.0,0.0,21.416319050011225,0.4600006439648688,0.0,0.0,0.0,10000.0,True,False
7,19,1425513156077381957,no_signature,0.0,0.0,0.0,0.0,0.0,0.0,21.570816691033542,0.4751842407563243,0.0,0.0,0.0,10000.0,True,False
7,19,14988187134393954137,no_signature,0.0,0.0,0.0,0.0,0.0,0.0,21.8334827569779,0.45562986805797007,0.0,0.0,0.0,10000.0,True,False
7,19,7477308524132079547,no_signature,0.0,0.0,0.0,0.0,0.0,0.0,22.006620823056437,0.46760660254012665,0.0,0.0,0.0,10000.0,True,False
7,19,3200096042190583811,no_signature,0.0,0.0,0.0,0.0,0.0,0.0,10.620471556088887,0.4699873256143004,0.0,0.0,0.0,10000.0,True,False
7,20,14988187134393954137,no_signature,0.0,0.0,0.0,0.0,0.0,0.0,21.617641031974927,0.4177632170518081,0.0,0.0,0.0,10000.0,True,False
7,20,2897994337489962316,no_signature,0.0,0.0,0.0,0.0,0.0,0.0,21.773336399928667,0.46009438859221463,0.0,0.0,0.0,10000.0,True,False
7,20,1425513156077381957,no_signature,0.0,0.0,0.0,0.0,0.0,0.0,22.051079256925732,0.44343476081951355,0.0,0.0,0.0,10000.0,True,False
7,20,7477308524132079547,no_signature,0.0,0.0,0.0,0.0,0.0,0.0,21.960236601997167,0.43184860597569913,0.0,0.0,0.0,10000.0,True,False
7,20,3200096042190583811,no_signature,0.0,0.0,0.0,0.0,0.0,0.0,10.694784990977496,0.4465116860565191,0.0,0.0,0.0,10000.0,True,False
7,21,14988187134393954137,no_signature,0.0,0.0,0.0,0.0,0.0,0.0,21.297783376998268,0.40245295866443137,0.0,0.0,0.0,10000.0,True,False
7,21,7477308524132079547,no_signature,0.0,0.0,0.0,0.0,0.0,0.0,21.320624246960506,0.429917495983382,0.0,0.0,0.0,10000.0,True,False
7,21,2897994337489962316,no_signature,0.0,0.0,0.0,0.0,0.0,0.0,21.468685501022264,0.42448417366610264,0.0,0.0,0.0,10000.0,True,False
7,21,1425513156077381957,no_signature,0.0,0.0,0.0,0.0,0.0,0.0,21.670937236049213,0.42157305818729507,0.0,0.0,0.0,10000.0,True,False
7,21,3200096042190583811,no_signature,0.0,0.0,0.0,0.0,0.0,0.0,10.99496789299883,0.4178809688066522,0.0,0.0,0.0,10000.0,True,False
7,22,1425513156077381957,no_signature,0.0,0.0,0.0,0.0,0.0,0.0,21.42804846202489,0.3741248817876362,0.0,0.0,0.0,10000.0,True,False
7,22,7477308524132079547,no_signature,0.0,0.0,0.0,0.0,0.0,0.0,21.68806997896172,0.4052469296404681,0.0,0.0,0.0,10000.0,True,False
7,22,14988187134393954137,no_signature,0.0,0.0,0.0,0.0,0.0,0.0,21.83481168700382,0.3783669826952508,0.0,0.0,0.0,10000.0,True,False
7,22,2897994337489962316,no_signature,0.0,0.0,0.0,0.0,0.0,0.0,21.850708072073758,0.40114082357349296,0.0,0.0,0.0,10000.0,True,False
7,22,3200096042190583811,no_signature,0.0,0.0,0.0,0.0,0.0,0.0,10.656045153038576,0.39517083606376247,0.0,0.0,0.0,10000.0,True,False
7,23,14988187134393954137,no_signature,0.0,0.0,0.0,0.0,0.0,0.0,21.68192788900342,0.37579358480692193,0.0,0.0,0.0,10000.0,True,False
7,23,7477308524132079547,no_signature,0.0,0.0,0.0,0.0,0.0,0.0,21.786227714037523,0.36701626622507844,0.0,0.0,0.0,10000.0,True,False
7,23,2897994337489962316,no_signature,0.0,0.0,0.0,0.0,0.0,0.0,21.723839722923003,0.37907443149164083,0.0,0.0,0.0,10000.0,True,False
7,23,1425513156077381957,no_signature,0.0,0.0,0.0,0.0,0.0,0.0,22.061015593935736,0.38424261187473996,0.0,0.0,0.0,10000.0,True,False
7,23,3200096042190583811,no_signature,0.0,0.0,0.0,0.0,0.0,0.0,10.645744676934555,0.37059301657739063,0.0,0.0,0.0,10000.0,True,False
7,24,14988187134393954137,no_signature,0.0,0.0,0.0,0.0,0.0,0.0,21.481549379997887,0.3609351225750753,0.0,0.0,0.0,10000.0,True,False
7,24,7477308524132079547,no_signature,0.0,0.0,0.0,0.0,0.0,0.0,21.64266473799944,0.350858759438506,0.0,0.0,0.0,10000.0,True,False
7,24,1425513156077381957,no_signature,0.0,0.0,0.0,0.0,0.0,0.0,21.68201890902128,0.34012036114788285,0.0,0.0,0.0,10000.0,True,False
7,24,2897994337489962316,no_signature,0.0,0.0,0.0,0.0,0.0,0.0,21.769583847024478,0.34283744237317254,0.0,0.0,0.0,10000.0,True,False
7,24,3200096042190583811,no_signature,0.0,0.0,0.0,0.0,0.0,0.0,10.63327367999591,0.3781874004525308,0.0,0.0,0.0,10000.0,True,False
7,25,2897994337489962316,no_signature,0.0,0.0,0.0,0.0,0.0,0.0,21.632670397055335,0.3331226899605482,0.0,0.0,0.0,10000.0,True,False
7,25,1425513156077381957,no_signature,0.0,0.0,0.0,0.0,0.0,0.0,21.772674498031847,0.3497419846764864,0.0,0.0,0.0,10000.0,True,False
7,25,7477308524132079547,no_signature,0.0,0.0,0.0,0.0,0.0,0.0,21.850777485989965,0.3484599189453434,0.0,0.0,0.0,10000.0,True,False
7,25,14988187134393954137,no_signature,0.0,0.0,0.0,0.0,0.0,0.0,21.946642277995124,0.3526896353195103,0.0,0.0,0.0,10000.0,True,False
7,25,3200096042190583811,no_signature,0.0,0.0,0.0,0.0,0.0,0.0,10.665187073056586,0.3449212071268608,0.0,0.0,0.0,10000.0,True,False
7,26,7477308524132079547,no_signature,0.0,0.0,0.0,0.0,0.0,0.0,21.566737599903718,0.32951980047136215,0.0,0.0,0.0,10000.0,True,False
7,26,2897994337489962316,no_signature,0.0,0.0,0.0,0.0,0.0,0.0,21.73141532007139,0.3207427749481683,0.0,0.0,0.0,10000.0,True,False
7,26,1425513156077381957,no_signature,0.0,0.0,0.0,0.0,0.0,0.0,21.92443644197192,0.3341144863873149,0.0,0.0,0.0,10000.0,True,False
7,26,14988187134393954137,no_signature,0.0,0.0,0.0,0.0,0.0,0.0,22.016463155974634,0.31172277384434643,0.0,0.0,0.0,10000.0,True,False
7,26,3200096042190583811,no_signature,0.0,0.0,0.0,0.0,0.0,0.0,10.655363582074642,0.3251915408087115,0.0,0.0,0.0,10000.0,True,False
7,27,7477308524132079547,no_signature,0.0,0.0,0.0,0.0,0.0,0.0,21.614764820900746,0.3084164140612101,0.0,0.0,0.0,10000.0,True,False
7,27,2897994337489962316,no_signature,0.0,0.0,0.0,0.0,0.0,0.0,21.835382721037604,0.3141018336002057,0.0,0.0,0.0,10000.0,True,False
7,27,14988187134393954137,no_signature,0.0,0.0,0.0,0.0,0.0,0.0,21.993812444037758,0.318060542556484,0.0,0.0,0.0,10000.0,True,False
7,27,1425513156077381957,no_signature,0.0,0.0,0.0,0.0,0.0,0.0,21.95634935295675,0.29901719647801867,0.0,0.0,0.0,10000.0,True,False
7,27,3200096042190583811,no_signature,0.0,0.0,0.0,0.0,0.0,0.0,10.758861581911333,0.31723316794130413,0.0,0.0,0.0,10000.0,True,False
7,28,1425513156077381957,no_signature,0.0,0.0,0.0,0.0,0.0,0.0,21.463766672997735,0.29269558668341905,0.0,0.0,0.0,10000.0,True,False
7,28,14988187134393954137,no_signature,0.0,0.0,0.0,0.0,0.0,0.0,21.82862321299035,0.27966249190990966,0.0,0.0,0.0,10000.0,True,False
7,28,7477308524132079547,no_signature,0.0,0.0,0.0,0.0,0.0,0.0,22.06308892997913,0.30688633248596764,0.0,0.0,0.0,10000.0,True,False
7,28,2897994337489962316,no_signature,0.0,0.0,0.0,0.0,0.0,0.0,22.02866649592761,0.31258820353028255,0.0,0.0,0.0,10000.0,True,False
7,28,3200096042190583811,no_signature,0.0,0.0,0.0,0.0,0.0,0.0,10.787309753941372,0.2954081127118057,0.0,0.0,0.0,10000.0,True,False
7,29,14988187134393954137,no_signature,0.0,0.0,0.0,0.0,0.0,0.0,21.327176232938655,0.30392165177653485,0.0,0.0,0.0,10000.0,True,False
7,29,7477308524132079547,no_signature,0.0,0.0,0.0,0.0,0.0,0.0,21.557666346081533,0.30467515838698456,0.0,0.0,0.0,10000.0,True,False
7,29,1425513156077381957,no_signature,0.0,0.0,0.0,0.0,0.0,0.0,21.512470948975533,0.284087599450038,0.0,0.0,0.0,10000.0,True,False
7,29,2897994337489962316,no_signature,0.0,0.0,0.0,0.0,0.0,0.0,21.85028156603221,0.2994755033415537,0.0,0.0,0.0,10000.0,True,False
7,29,3200096042190583811,no_signature,0.0,0.0,0.0,0.0,0.0,0.0,10.706512596923858,0.3017363061856169,0.0,0.0,0.0,10000.0,True,False
7,30,2897994337489962316,no_signature,0.0,0.0,0.0,0.0,0.0,0.0,21.24342357891146,0.29174618849965234,0.0,0.0,0.0,10000.0,True,False
7,30,1425513156077381957,no_signature,0.0,0.0,0.0,0.0,0.0,0.0,21.54924946394749,0.2678872448356507,0.0,0.0,0.0,10000.0,True,False
7,30,14988187134393954137,no_signature,0.0,0.0,0.0,0.0,0.0,0.0,21.5126232750481,0.2807310174781674,0.0,0.0,0.0,10000.0,True,False
7,30,7477308524132079547,no_signature,0.0,0.0,0.0,0.0,0.0,0.0,21.68601975007914,0.28869505651360644,0.0,0.0,0.0,10000.0,True,False
7,30,3200096042190583811,no_signature,0.0,0.0,0.0,0.0,0.0,0.0,10.620030940975994,0.28014302255062107,0.0,0.0,0.0,10000.0,True,False
8,1,7882091965800977816,no_signature,0.0,0.0,0.0,0.0,0.0,0.0,21.396560127963312,1.9357914517101007,0.0,0.0,0.0,10000.0,True,False
8,1,5868055280534005754,no_signature,0.0,0.0,0.0,0.0,0.0,0.0,21.854154433938675,1.9252677142810517,0.0,0.0,0.0,10000.0,True,False
8,1,1755940316714926241,no_signature,0.0,0.0,0.0,0.0,0.0,0.0,21.973509475006722,1.8750128818396181,0.0,0.0,0.0,10000.0,True,False
8,1,5681784552644415318,no_signature,0.0,0.0,0.0,0.0,0.0,0.0,21.79989384498913,1.8683447955896297,0.0,0.0,0.0,10000.0,True,False
8,1,4099677757661857653,no_signature,0.0,0.0,0.0,0.0,0.0,0.0,10.541326334001496,1.909565952258369,0.0,0.0,0.0,10000.0,True,False
8,2,5681784552644415318,no_signature,0.0,0.0,0.0,0.0,0.0,0.0,21.439212998957373,1.6208630811673004,0.0,0.0,0.0,10000.0,True,False
8,2,1755940316714926241,no_signature,0.0,0.0,0.0,0.0,0.0,0.0,21.413257829961367,1.618005996694961,0.0,0.0,0.0,10000.0,True,False
8,2,7882091965800977816,no_signature,0.0,0.0,0.0,0.0,0.0,0.0,21.724664493929595,1.6579809855348386,0.0,0.0,0.0,10000.0,True,False
8,2,5868055280534005754,no_signature,0.0,0.0,0.0,0.0,0.0,0.0,21.869694889057428,1.6212471510274722,0.0,0.0,0.0,10000.0,True,False
8,2,4099677757661857653,no_signature,0.0,0.0,0.0,0.0,0.0,0.0,10.653094527078792,1.6111729453546932,0.0,0.0,0.0,10000.0,True,False
8,3,5681784552644415318,no_signature,0.0,0.0,0.0,0.0,0.0,0.0,21.5975180050591,1.4520494315190056,0.0,0.0,0.0,10000.0,True,False
8,3,7882091965800977816,no_signature,0.0,0.0,0.0,0.0,0.0,0.0,21.622573701897636,1.4530968315685138,0.0,0.0,0.0,10000.0,True,False
8,3,1755940316714926241,no_signature,0.0,0.0,0.0,0.0,0.0,0.0,21.776331905974075,1.4580811197384478,0.0,0.0,0.0,10000.0,True,False
8,3,5868055280534005754,no_signature,0.0,0.0,0.0,0.0,0.0,0.0,21.81323035492096,1.4473101610954577,0.0,0.0,0.0,10000.0,True,False
8,3,4099677757661857653,no_signature,0.0,0.0,0.0,0.0,0.0,0.0,10.641440958017483,1.4694424128760926,0.0,0.0,0.0,10000.0,True,False
8,4,1755940316714926241,no_signature,0.0,0.0,0.0,0.0,0.0,0.0,21.409943851991557,1.3402391736880659,0.0,0.0,0.0,10000.0,True,False
8,4,7882091965800977816,no_signature,0.0,0.0,0.0,0.0,0.0,0.0,21.691125662997365,1.3435788086047187,0.0,0.0,0.0,10000.0,True,False
8,4,5681784552644415318,no_signature,0.0,0.0,0.0,0.0,0.0,0.0,21.87839388998691,1.3311371923254702,0.0,0.0,0.0,10000.0,True,False
8,4,5868055280534005754,no_signature,0.0,0.0,0.0,0.0,0.0,0.0,22.045461286092177,1.3086601183437312,0.0,0.0,0.0,10000.0,True,False
8,4,4099677757661857653,no_signature,0.0,0.0,0.0,0.0,0.0,0.0,10.630980394082144,1.3347518027019196,0.0,0.0,0.0,10000.0,True,False
8,5,7882091965800977816,no_signature,0.0,0.0,0.0,0.0,0.0,0.0,21.476471788948402,1.227625559694089,0.0,0.0,0.0,10000.0,True,False
8,5,5681784552644415318,no_signature,0.0,0.0,0.0,0.0,0.0,0.0,21.75972938700579,1.214082565741798,0.0,0.0,0.0,10000.0,True,False
8,5,5868055280534005754,no_signature,0.0,0.0,0.0,0.0,0.0,0.0,22.020475211087614,1.1986808813037202,0.0,0.0,0.0,10000.0,True,False
8,5,1755940316714926241,no_signature,0.0,0.0,0.0,0.0,0.0,0.0,22.04373301495798,1.2211771407447303,0.0,0.0,0.0,10000.0,True,False
8,5,4099677757661857653,no_signature,0.0,0.0,0.0,0.0,0.0,0.0,10.443122031982057,1.2292484523008427,0.0,0.0,0.0,10000.0,True,False
8,6,5868055280534005754,no_signature,0.0,0.0,0.0,0.0,0.0,0.0,21.527875306084752,1.1316756242380355,0.0,0.0,0.0,10000.0,True,False
8,6,5681784552644415318,no_signature,0.0,0.0,0.0,0.0,0.0,0.0,21.638577844947577,1.1084921291461005,0.0,0.0,0.0,10000.0,True,False
8,6,7882091965800977816,no_signature,0.0,0.0,0.0,0.0,0.0,0.0,21.83849068195559,1.131067338462074,0.0,0.0,0.0,10000.0,True,False
8,6,1755940316714926241,no_signature,0.0,0.0,0.0,0.0,0.0,0.0,21.89571217400953,1.126858512243143,0.0,0.0,0.0,10000.0,True,False
8,6,4099677757661857653,no_signature,0.0,0.0,0.0,0.0,0.0,0.0,10.49450871301815,1.134327183706692,0.0,0.0,0.0,10000.0,True,False
8,7,5868055280534005754,no_signature,0.0,0.0,0.0,0.0,0.0,0.0,21.53880452096928,1.0444586270343001,0.0,0.0,0.0,10000.0,True,False
8,7,1755940316714926241,no_signature,0.0,0.0,0.0,0.0,0.0,0.0,21.786719582043588,1.0288781653197048,0.0,0.0,0.0,10000.0,True,False
8,7,7882091965800977816,no_signature,0.0,0.0,0.0,0.0,0.0,0.0,21.917013467988,1.0583016164005754,0.0,0.0,0.0,10000.0,True,False
8,7,5681784552644415318,no_signature,0.0,0.0,0.0,0.0,0.0,0.0,22.135543721960858,1.034445725119533,0.0,0.0,0.0,10000.0,True,False
8,7,4099677757661857653,no_signature,0.0,0.0,0.0,0.0,0.0,0.0,10.527721785008907,1.066774351052202,0.0,0.0,0.0,10000.0,True,False
8,8,1755940316714926241,no_signature,0.0,0.0,0.0,0.0,0.0,0.0,22.050324255018495,0.9660200569005059,0.0,0.0,0.0,10000.0,True,False
8,8,7882091965800977816,no_signature,0.0,0.0,0.0,0.0,0.0,0.0,21.96464649203699,0.9835480355416624,0.0,0.0,0.0,10000.0,True,False
8,8,5868055280534005754,no_signature,0.0,0.0,0.0,0.0,0.0,0.0,22.050997247104533,0.95980708734296,0.0,0.0,0.0,10000.0,True,False
8,8,5681784552644415318,no_signature,0.0,0.0,0.0,0.0,0.0,0.0,22.172691004932858,0.9566782862424089,0.0,0.0,0.0,10000.0,True,False
8,8,4099677757661857653,no_signature,0.0,0.0,0.0,0.0,0.0,0.0,10.428214314975776,0.9806748470559288,0.0,0.0,0.0,10000.0,True,False
8,9,1755940316714926241,no_signature,0.0,0.0,0.0,0.0,0.0,0.0,21.220640880055726,0.8884733009833498,0.0,0.0,0.0,10000.0,True,False
8,9,5681784552644415318,no_signature,0.0,0.0,0.0,0.0,0.0,0.0,21.510597983025946,0.9037787285856546,0.0,0.0,0.0,10000.0,True,False
8,9,5868055280534005754,no_signature,0.0,0.0,0.0,0.0,0.0,0.0,21.40181989199482,0.9080001077712915,0.0,0.0,0.0,10000.0,True,False
8,9,7882091965800977816,no_signature,0.0,0.0,0.0,0.0,0.0,0.0,21.66670023102779,0.9273561744834669,0.0,0.0,0.0,10000.0,True,False
8,9,4099677757661857653,no_signature,0.0,0.0,0.0,0.0,0.0,0.0,10.558279127930291,0.9038718371821669,0.0,0.0,0.0,10000.0,True,False
8,10,7882091965800977816,no_signature,0.0,0.0,0.0,0.0,0.0,0.0,21.425743800937198,0.8380442327394272,0.0,0.0,0.0,10000.0,True,False
8,10,5868055280534005754,no_signature,0.0,0.0,0.0,0.0,0.0,0.0,21.4243680620566,0.8278648512431989,0.0,0.0,0.0,10000.0,True,False
8,10,5681784552644415318,no_signature,0.0,0.0,0.0,0.0,0.0,0.0,21.743273234926164,0.8323159622022519,0.0,0.0,0.0,10000.0,True,False
8,10,1755940316714926241,no_signature,0.0,0.0,0.0,0.0,0.0,0.0,21.903633440029807,0.8388752372691426,0.0,0.0,0.0,10000.0,True,False
8,10,4099677757661857653,no_signature,0.0,0.0,0.0,0.0,0.0,0.0,10.564421294024214,0.8441447677037206,0.0,0.0,0.0,10000.0,True,False
8,11,5681784552644415318,no_signature,0.0,0.0,0.0,0.0,0.0,0.0,21.337410675012507,0.7875029537529229,0.0,0.0,0.0,10000.0,True,False
8,11,5868055280534005754,no_signature,0.0,0.0,0.0,0.0,0.0,0.0,21.25412856496405,0.7741941866783288,0.0,0.0,0.0,10000.0,True,False
8,11,7882091965800977816,no_signature,0.0,0.0,0.0,0.0,0.0,0.0,21.37175903399475,0.7805870148225333,0.0,0.0,0.0,10000.0,True,False
8,11,1755940316714926241,no_signature,0.0,0.0,0.0,0.0,0.0,0.0,21.543557764030993,0.7701441788444885,0.0,0.0,0.0,10000.0,True,False
8,11,4099677757661857653,no_signature,0.0,0.0,0.0,0.0,0.0,0.0,10.706568542984314,0.7890262321923107,0.0,0.0,0.0,10000.0,True,False
8,12,5681784552644415318,no_signature,0.0,0.0,0.0,0.0,0.0,0.0,21.23578832205385,0.7452625740355197,0.0,0.0,0.0,10000.0,True,False
8,12,7882091965800977816,no_signature,0.0,0.0,0.0,0.0,0.0,0.0,21.493088463088498,0.7265281231639484,0.0,0.0,0.0,10000.0,True,False
8,12,1755940316714926241,no_signature,0.0,0.0,0.0,0.0,0.0,0.0,21.49663235398475,0.7299309739003927,0.0,0.0,0.0,10000.0,True,False
8,12,5868055280534005754,no_signature,0.0,0.0,0.0,0.0,0.0,0.0,21.616985589964315,0.7209449471376194,0.0,0.0,0.0,10000.0,True,False
8,12,4099677757661857653,no_signature,0.0,0.0,0.0,0.0,0.0,0.0,10.418599360040389,0.7351247681120333,0.0,0.0,0.0,10000.0,True,False
8,13,7882091965800977816,no_signature,0.0,0.0,0.0,0.0,0.0,0.0,21.553864737041295,0.692552565409543,0.0,0.0,0.0,10000.0,True,False
8,13,5868055280534005754,no_signature,0.0,0.0,0.0,0.0,0.0,0.0,21.514838479924947,0.6717679985224629,0.0,0.0,0.0,10000.0,True,False
8,13,5681784552644415318,no_signature,0.0,0.0,0.0,0.0,0.0,0.0,21.785572522087023,0.6759042836035403,0.0,0.0,0.0,10000.0,True,False
8,13,1755940316714926241,no_signature,0.0,0.0,0.0,0.0,0.0,0.0,21.805196864996105,0.6752686474365167,0.0,0.0,0.0,10000.0,True,False
8,13,4099677757661857653,no_signature,0.0,0.0,0.0,0.0,0.0,0.0,10.460840668994933,0.6836672704488325,0.0,0.0,0.0,10000.0,True,False
8,14,5868055280534005754,no_signature,0.0,0.0,0.0,0.0,0.0,0.0,21.696959592984058,0.6346028939889262,0.0,0.0,0.0,10000.0,True,False
8,14,7882091965800977816,no_signature,0.0,0.0,0.0,0.0,0.0,0.0,21.871702375006862,0.660867009466639,0.0,0.0,0.0,10000.0,True,False
8,14,1755940316714926241,no_signature,0.0,0.0,0.0,0.0,0.0,0.0,21.95774523203727,0.6309964693963718,0.0,0.0,0.0,10000.0,True,False
8,14,5681784552644415318,no_signature,0.0,0.0,0.0,0.0,0.0,0.0,22.257174067897722,0.6173536899847726,0.0,0.0,0.0,10000.0,True,False
8,14,4099677757661857653,no_signature,0.0,0.0,0.0,0.0,0.0,0.0,10.455009844037704,0.6304618362634898,0.0,0.0,0.0,10000.0,True,False
8,15,1755940316714926241,no_signature,0.0,0.0,0.0,0.0,0.0,0.0,21.925555579015054,0.5833717023079007,0.0,0.0,0.0,10000.0,True,False
8,15,7882091965800977816,no_signature,0.0,0.0,0.0,0.0,0.0,0.0,22.001029776060022,0.5996756782880226,0.0,0.0,0.0,10000.0,True,False
8,15,5868055280534005754,no_signature,0.0,0.0,0.0,0.0,0.0,0.0,22.190094807068817,0.590999455354846,0.0,0.0,0.0,10000.0,True,False
8,15,5681784552644415318,no_signature,0.0,0.0,0.0,0.0,0.0,0.0,22.16416562499944,0.5725067891180515,0.0,0.0,0.0,10000.0,True,False
8,15,4099677757661857653,no_signature,0.0,0.0,0.0,0.0,0.0,0.0,10.684114076080732,0.5902070025928294,0.0,0.0,0.0,10000.0,True,False
8,16,5868055280534005754,no_signature,0.0,0.0,0.0,0.0,0.0,0.0,21.453174004913308,0.5541543715630477,0.0,0.0,0.0,10000.0,True,False
8,16,7882091965800977816,no_signature,0.0,0.0,0.0,0.0,0.0,0.0,21.82247673906386,0.5580617255284287,0.0,0.0,0.0,10000.0,True,False
8,16,1755940316714926241,no_signature,0.0,0.0,0.0,0.0,0.0,0.0,21.8935945329722,0.5518390267325667,0.0,0.0,0.0,10000.0,True,False
8,16,5681784552644415318,no_signature,0.0,0.0,0.0,0.0,0.0,0.0,21.978398332954384,0.539158867332882,0.0,0.0,0.0,10000.0,True,False
8,16,4099677757661857653,no_signature,0.0,0.0,0.0,0.0,0.0,0.0,10.661885131034069,0.572057391073519,0.0,0.0,0.0,10000.0,True,False
8,17,5681784552644415318,no_signature,0.0,0.0,0.0,0.0,0.0,0.0,21.483702262979932,0.5005941362664722,0.0,0.0,0.0,10000.0,True,False
8,17,5868055280534005754,no_signature,0.0,0.0,0.0,0.0,0.0,0.0,21.457446875981987,0.533958081727306,0.0,0.0,0.0,10000.0,True,False
8,17,7882091965800977816,no_signature,0.0,0.0,0.0,0.0,0.0,0.0,21.824831484933384,0.5355098166000157,0.0,0.0,0.0,10000.0,True,False
8,17,1755940316714926241,no_signature,0.0,0.0,0.0,0.0,0.0,0.0,21.793202988919802,0.5341480465623708,0.0,0.0,0.0,10000.0,True,False
8,17,4099677757661857653,no_signature,0.0,0.0,0.0,0.0,0.0,0.0,10.686568580917083,0.5359760902512568,0.0,0.0,0.0,10000.0,True,False
8,18,5868055280534005754,no_signature,0.0,0.0,0.0,0.0,0.0,0.0,21.779666521935724,0.4971811929568886,0.0,0.0,0.0,10000.0,True,False
8,18,7882091965800977816,no_signature,0.0,0.0,0.0,0.0,0.0,0.0,21.73628910793923,0.4903008501572064,0.0,0.0,0.0,10000.0,True,False
8,18,1755940316714926241,no_signature,0.0,0.0,0.0,0.0,0.0,0.0,21.74165099300444,0.48871578518955855,0.0,0.0,0.0,10000.0,True,False
8,18,5681784552644415318,no_signature,0.0,0.0,0.0,0.0,0.0,0.0,21.846985633019358,0.49069935445206614,0.0,0.0,0.0,10000.0,True,False
8,18,4099677757661857653,no_signature,0.0,0.0,0.0,0.0,0.0,0.0,10.47265920904465,0.4992012248966641,0.0,0.0,0.0,10000.0,True,False
8,19,5868055280534005754,no_signature,0.0,0.0,0.0,0.0,0.0,0.0,21.652451617992483,0.4480642663201871,0.0,0.0,0.0,10000.0,True,False
8,19,1755940316714926241,no_signature,0.0,0.0,0.0,0.0,0.0,0.0,21.67077069100924,0.4745027571440505,0.0,0.0,0.0,10000.0,True,False
8,19,7882091965800977816,no_signature,0.0,0.0,0.0,0.0,0.0,0.0,21.83450223004911,0.4580345005213548,0.0,0.0,0.0,10000.0,True,False
8,19,5681784552644415318,no_signature,0.0,0.0,0.0,0.0,0.0,0.0,21.835961872013286,0.46587126978789084,0.0,0.0,0.0,10000.0,True,False
8,19,4099677757661857653,no_signature,0.0,0.0,0.0,0.0,0.0,0.0,10.50560489599593,0.4533865938361841,0.0,0.0,0.0,10000.0,True,False
8,20,5681784552644415318,no_signature,0.0,0.0,0.0,0.0,0.0,0.0,21.30442236806266,0.3947537083583423,0.0,0.0,0.0,10000.0,True,False
8,20,7882091965800977816,no_signature,0.0,0.0,0.0,0.0,0.0,0.0,21.239091273979284,0.43171882608268686,0.0,0.0,0.0,10000.0,True,False
8,20,5868055280534005754,no_signature,0.0,0.0,0.0,0.0,0.0,0.0,21.40332642698195,0.44207707918680517,0.0,0.0,0.0,10000.0,True,False
8,20,1755940316714926241,no_signature,0.0,0.0,0.0,0.0,0.0,0.0,21.391758669982664,0.41893534647961395,0.0,0.0,0.0,10000.0,True,False
8,20,4099677757661857653,no_signature,0.0,0.0,0.0,0.0,0.0,0.0,10.647924891090952,0.44876258736982133,0.0,0.0,0.0,10000.0,True,False
8,21,5868055280534005754,no_signature,0.0,0.0,0.0,0.0,0.0,0.0,22.00942603906151,0.41155772343182717,0.0,0.0,0.0,10000.0,True,False
8,21,5681784552644415318,no_signature,0.0,0.0,0.0,0.0,0.0,0.0,22.050955381942913,0.39242139913903445,0.0,0.0,0.0,10000.0,True,False
8,21,7882091965800977816,no_signature,0.0,0.0,0.0,0.0,0.0,0.0,22.042925550951622,0.40579381983834334,0.0,0.0,0.0,10000.0,True,False
8,21,1755940316714926241,no_signature,0.0,0.0,0.0,0.0,0.0,0.0,22.118684816989116,0.4472216871885446,0.0,0.0,0.0,10000.0,True,False
8,21,4099677757661857653,no_signature,0.0,0.0,0.0,0.0,0.0,0.0,10.572894921060652,0.40945287622636356,0.0,0.0,0.0,10000.0,True,False
8,22,5681784552644415318,no_signature,0.0,0.0,0.0,0.0,0.0,0.0,21.71297435404267,0.3539279371726151,0.0,0.0,0.0,10000.0,True,False
8,22,1755940316714926241,no_signature,0.0,0.0,0.0,0.0,0.0,0.0,21.62437496695202,0.4121867597115021,0.0,0.0,0.0,10000.0,True,False
8,22,7882091965800977816,no_signature,0.0,0.0,0.0,0.0,0.0,0.0,21.93750009103678,0.3927015343847604,0.0,0.0,0.0,10000.0,True,False
8,22,5868055280534005754,no_signature,0.0,0.0,0.0,0.0,0.0,0.0,22.038497566012666,0.3901751614458407,0.0,0.0,0.0,10000.0,True,False
8,22,4099677757661857653,no_signature,0.0,0.0,0.0,0.0,0.0,0.0,10.593903558095917,0.40388608328289927,0.0,0.0,0.0,10000.0,True,False
8,23,5868055280534005754,no_signature,0.0,0.0,0.0,0.0,0.0,0.0,21.52160042594187,0.38597192775053435,0.0,0.0,0.0,10000.0,True,False
8,23,1755940316714926241,no_signature,0.0,0.0,0.0,0.0,0.0,0.0,21.719411449041218,0.3796808698003332,0.0,0.0,0.0,10000.0,True,False
8,23,7882091965800977816,no_signature,0.0,0.0,0.0,0.0,0.0,0.0,21.763997384929098,0.37174663859636736,0.0,0.0,0.0,10000.0,True,False
8,23,5681784552644415318,no_signature,0.0,0.0,0.0,0.0,0.0,0.0,21.802986680995673,0.35596107375531344,0.0,0.0,0.0,10000.0,True,False
8,23,4099677757661857653,no_signature,0.0,0.0,0.0,0.0,0.0,0.0,10.509522299049422,0.3884464846953702,0.0,0.0,0.0,10000.0,True,False
8,24,5868055280534005754,no_signature,0.0,0.0,0.0,0.0,0.0,0.0,22.00231717491988,0.3600745023802494,0.0,0.0,0.0,10000.0,True,False
8,24,5681784552644415318,no_signature,0.0,0.0,0.0,0.0,0.0,0.0,22.114121460006572,0.34333085510046624,0.0,0.0,0.0,10000.0,True,False
8,24,7882091965800977816,no_signature,0.0,0.0,0.0,0.0,0.0,0.0,22.538914842996746,0.36886173647385057,0.0,0.0,0.0,10000.0,True,False
8,24,1755940316714926241,no_signature,0.0,0.0,0.0,0.0,0.0,0.0,22.501406237017363,0.35029445478645044,0.0,0.0,0.0,10000.0,True,False
8,24,4099677757661857653,no_signature,0.0,0.0,0.0,0.0,0.0,0.0,10.75014190596994,0.3613269454903734,0.0,0.0,0.0,10000.0,True,False
8,25,5681784552644415318,no_signature,0.0,0.0,0.0,0.0,0.0,0.0,21.575168479932472,0.33278658720084464,0.0,0.0,0.0,10000.0,True,False
8,25,7882091965800977816,no_signature,0.0,0.0,0.0,0.0,0.0,0.0,21.851649985997938,0.3300418038986409,0.0,0.0,0.0,10000.0,True,False
8,25,1755940316714926241,no_signature,0.0,0.0,0.0,0.0,0.0,0.0,22.21477429603692,0.34421861445763335,0.0,0.0,0.0,10000.0,True,False
8,25,5868055280534005754,no_signature,0.0,0.0,0.0,0.0,0.0,0.0,22.575132115976885,0.33227405338600197,0.0,0.0,0.0,10000.0,True,False
8,25,4099677757661857653,no_signature,0.0,0.0,0.0,0.0,0.0,0.0,10.769333000993356,0.3543140714714369,0.0,0.0,0.0,10000.0,True,False
8,26,7882091965800977816,no_signature,0.0,0.0,0.0,0.0,0.0,0.0,21.79797272803262,0.3217207859210765,0.0,0.0,0.0,10000.0,True,False
8,26,1755940316714926241,no_signature,0.0,0.0,0.0,0.0,0.0,0.0,22.44002764299512,0.3216180702843986,0.0,0.0,0.0,10000.0,True,False
8,26,5681784552644415318,no_signature,0.0,0.0,0.0,0.0,0.0,0.0,22.42428835807368,0.32125474577442337,0.0,0.0,0.0,10000.0,True,False
8,26,5868055280534005754,no_signature,0.0,0.0,0.0,0.0,0.0,0.0,22.4146090419963,0.30776415964790854,0.0,0.0,0.0,10000.0,True,False
8,26,4099677757661857653,no_signature,0.0,0.0,0.0,0.0,0.0,0.0,10.650985558051616,0.34110278224411866,0.0,0.0,0.0,10000.0,True,False
8,27,5868055280534005754,no_signature,0.0,0.0,0.0,0.0,0.0,0.0,21.753790720016696,0.30564161874621676,0.0,0.0,0.0,10000.0,True,False
8,27,5681784552644415318,no_signature,0.0,0.0,0.0,0.0,0.0,0.0,21.902152776019648,0.2860578781547257,0.0,0.0,0.0,10000.0,True,False
8,27,1755940316714926241,no_signature,0.0,0.0,0.0,0.0,0.0,0.0,21.9656546600163,0.30503039438717855,0.0,0.0,0.0,10000.0,True,False
8,27,7882091965800977816,no_signature,0.0,0.0,0.0,0.0,0.0,0.0,22.16318389994558,0.2950723020943066,0.0,0.0,0.0,10000.0,True,False
8,27,4099677757661857653,no_signature,0.0,0.0,0.0,0.0,0.0,0.0,10.638310023001395,0.320256414322611,0.0,0.0,0.0,10000.0,True,False
8,28,5868055280534005754,no_signature,0.0,0.0,0.0,0.0,0.0,0.0,21.760336445993744,0.27736104689181423,0.0,0.0,0.0,10000.0,True,False
8,28,7882091965800977816,no_signature,0.0,0.0,0.0,0.0,0.0,0.0,21.745191395981237,0.28712291615797925,0.0,0.0,0.0,10000.0,True,False
8,28,1755940316714926241,no_signature,0.0,0.0,0.0,0.0,0.0,0.0,21.8266036050627,0.31416233564308954,0.0,0.0,0.0,10000.0,True,False
8,28,5681784552644415318,no_signature,0.0,0.0,0.0,0.0,0.0,0.0,21.909094722010195,0.26052699314717487,0.0,0.0,0.0,10000.0,True,False
8,28,4099677757661857653,no_signature,0.0,0.0,0.0,0.0,0.0,0.0,10.726336382096633,0.2979139649820999,0.0,0.0,0.0,10000.0,True,False
8,29,5868055280534005754,no_signature,0.0,0.0,0.0,0.0,0.0,0.0,22.240186308976263,0.3080339948252474,0.0,0.0,0.0,10000.0,True,False
8,29,1755940316714926241,no_signature,0.0,0.0,0.0,0.0,0.0,0.0,22.337153311935253,0.3071351932367673,0.0,0.0,0.0,10000.0,True,False
8,29,5681784552644415318,no_signature,0.0,0.0,0.0,0.0,0.0,0.0,22.418391600018367,0.27298492897516147,0.0,0.0,0.0,10000.0,True,False
8,29,7882091965800977816,no_signature,0.0,0.0,0.0,0.0,0.0,0.0,22.4333748400677,0.2653719582747424,0.0,0.0,0.0,10000.0,True,False
8,29,4099677757661857653,no_signature,0.0,0.0,0.0,0.0,0.0,0.0,10.729383737081662,0.30712032166961284,0.0,0.0,0.0,10000.0,True,False
8,30,5868055280534005754,no_signature,0.0,0.0,0.0,0.0,0.0,0.0,22.011491189012304,0.2932788542763422,0.0,0.0,0.0,10000.0,True,False
8,30,1755940316714926241,no_signature,0.0,0.0,0.0,0.0,0.0,0.0,22.092150249984115,0.25362741711442344,0.0,0.0,0.0,10000.0,True,False
8,30,7882091965800977816,no_signature,0.0,0.0,0.0,0.0,0.0,0.0,22.11381457094103,0.2612359131699035,0.0,0.0,0.0,10000.0,True,False
8,30,5681784552644415318,no_signature,0.0,0.0,0.0,0.0,0.0,0.0,22.213295218069106,0.2493093324655566,0.0,0.0,0.0,10000.0,True,False
8,30,4099677757661857653,no_signature,0.0,0.0,0.0,0.0,0.0,0.0,10.822741860989481,0.2948640242163925,0.0,0.0,0.0,10000.0,True,False
9,1,18420080544252627097,no_signature,0.0,0.0,0.0,0.0,0.0,0.0,21.626531079993583,1.8667052576717096,0.0,0.0,0.0,10000.0,True,False
9,1,439543783324485736,no_signature,0.0,0.0,0.0,0.0,0.0,0.0,21.47517876792699,1.8877730780897048,0.0,0.0,0.0,10000.0,True,False
9,1,4307583493174912158,no_signature,0.0,0.0,0.0,0.0,0.0,0.0,21.546920535969548,1.9498847086970417,0.0,0.0,0.0,10000.0,True,False
9,1,6842396000238021773,no_signature,0.0,0.0,0.0,0.0,0.0,0.0,21.500957860960625,1.9003278832085215,0.0,0.0,0.0,10000.0,True,False
9,1,6620226551141318885,no_signature,0.0,0.0,0.0,0.0,0.0,0.0,10.766790948924609,1.9858979013400337,0.0,0.0,0.0,10000.0,True,False
9,2,18420080544252627097,no_signature,0.0,0.0,0.0,0.0,0.0,0.0,21.68407693505287,1.646125945420311,0.0,0.0,0.0,10000.0,True,False
9,2,4307583493174912158,no_signature,0.0,0.0,0.0,0.0,0.0,0.0,22.025536234956235,1.6737133180752348,0.0,0.0,0.0,10000.0,True,False
9,2,6842396000238021773,no_signature,0.0,0.0,0.0,0.0,0.0,0.0,22.139960877015255,1.6307214567074761,0.0,0.0,0.0,10000.0,True,False
9,2,439543783324485736,no_signature,0.0,0.0,0.0,0.0,0.0,0.0,22.373729424900375,1.6560458386668002,0.0,0.0,0.0,10000.0,True,False
9,2,6620226551141318885,no_signature,0.0,0.0,0.0,0.0,0.0,0.0,10.635408419999294,1.66698150170116,0.0,0.0,0.0,10000.0,True,False
9,3,439543783324485736,no_signature,0.0,0.0,0.0,0.0,0.0,0.0,21.841364212916233,1.4661286637044182,0.0,0.0,0.0,10000.0,True,False
9,3,6842396000238021773,no_signature,0.0,0.0,0.0,0.0,0.0,0.0,22.21559621405322,1.4428189733919625,0.0,0.0,0.0,10000.0,True,False
9,3,4307583493174912158,no_signature,0.0,0.0,0.0,0.0,0.0,0.0,22.298879269044846,1.4978265135813826,0.0,0.0,0.0,10000.0,True,False
9,3,18420080544252627097,no_signature,0.0,0.0,0.0,0.0,0.0,0.0,22.282619077945128,1.4645737388644355,0.0,0.0,0.0,10000.0,True,False
9,3,6620226551141318885,no_signature,0.0,0.0,0.0,0.0,0.0,0.0,10.79053566895891,1.4722931624982303,0.0,0.0,0.0,10000.0,True,False
9,4,4307583493174912158,no_signature,0.0,0.0,0.0,0.0,0.0,0.0,22.05120043491479,1.3597290371172726,0.0,0.0,0.0,10000.0,True,False
9,4,18420080544252627097,no_signature,0.0,0.0,0.0,0.0,0.0,0.0,22.420719048939645,1.3269067686586715,0.0,0.0,0.0,10000.0,True,False
9,4,6842396000238021773,no_signature,0.0,0.0,0.0,0.0,0.0,0.0,22.462415121961385,1.3241433015646644,0.0,0.0,0.0,10000.0,True,False
9,4,439543783324485736,no_signature,0.0,0.0,0.0,0.0,0.0,0.0,22.522876661038026,1.3310298778759404,0.0,0.0,0.0,10000.0,True,False
9,4,6620226551141318885,no_signature,0.0,0.0,0.0,0.0,0.0,0.0,10.57053210795857,1.33779374555277,0.0,0.0,0.0,10000.0,True,False
9,5,4307583493174912158,no_signature,0.0,0.0,0.0,0.0,0.0,0.0,22.113982699927874,1.217954530883521,0.0,0.0,0.0,10000.0,True,False
9,5,6842396000238021773,no_signature,0.0,0.0,0.0,0.0,0.0,0.0,22.006117990007624,1.2170105871681969,0.0,0.0,0.0,10000.0,True,False
9,5,18420080544252627097,no_signature,0.0,0.0,0.0,0.0,0.0,0.0,22.27231951605063,1.2190719602968747,0.0,0.0,0.0,10000.0,True,False
9,5,439543783324485736,no_signature,0.0,0.0,0.0,0.0,0.0,0.0,22.32983087701723,1.218381345081634,0.0,0.0,0.0,10000.0,True,False
9,5,6620226551141318885,no_signature,0.0,0.0,0.0,0.0,0.0,0.0,10.72439323097933,1.2262898159864992,0.0,0.0,0.0,10000.0,True,False
9,6,4307583493174912158,no_signature,0.0,0.0,0.0,0.0,0.0,0.0,22.55694506096188,1.1179731351118118,0.0,0.0,0.0,10000.0,True,False
9,6,18420080544252627097,no_signature,0.0,0.0,0.0,0.0,0.0,0.0,22.529094532015733,1.1122280526846742,0.0,0.0,0.0,10000.0,True,False
9,6,439543783324485736,no_signature,0.0,0.0,0.0,0.0,0.0,0.0,22.702444144990295,1.1144626371014994,0.0,0.0,0.0,10000.0,True,False
9,6,6842396000238021773,no_signature,0.0,0.0,0.0,0.0,0.0,0.0,22.65070320898667,1.1169206879009455,0.0,0.0,0.0,10000.0,True,False
9,6,6620226551141318885,no_signature,0.0,0.0,0.0,0.0,0.0,0.0,10.824376688920893,1.1298397183418274,0.0,0.0,0.0,10000.0,True,False
9,7,6842396000238021773,no_signature,0.0,0.0,0.0,0.0,0.0,0.0,22.10882699303329,1.0359646973137657,0.0,0.0,0.0,10000.0,True,False
9,7,18420080544252627097,no_signature,0.0,0.0,0.0,0.0,0.0,0.0,22.232759198988788,1.030282124448508,0.0,0.0,0.0,10000.0,True,False
9,7,439543783324485736,no_signature,0.0,0.0,0.0,0.0,0.0,0.0,22.434108111076057,1.0371957069006972,0.0,0.0,0.0,10000.0,True,False
9,7,4307583493174912158,no_signature,0.0,0.0,0.0,0.0,0.0,0.0,22.425361735979095,1.0297420535224695,0.0,0.0,0.0,10000.0,True,False
9,7,6620226551141318885,no_signature,0.0,0.0,0.0,0.0,0.0,0.0,10.649651633924805,1.0434843556949507,0.0,0.0,0.0,10000.0,True,False
9,8,6842396000238021773,no_signature,0.0,0.0,0.0,0.0,0.0,0.0,21.652120604994707,0.9621410137548233,0.0,0.0,0.0,10000.0,True,False
9,8,18420080544252627097,no_signature,0.0,0.0,0.0,0.0,0.0,0.0,22.005434783990495,0.9602331107321639,0.0,0.0,0.0,10000.0,True,False
9,8,4307583493174912158,no_signature,0.0,0.0,0.0,0.0,0.0,0.0,21.90075314301066,0.9790677770067708,0.0,0.0,0.0,10000.0,True,False
9,8,439543783324485736,no_signature,0.0,0.0,0.0,0.0,0.0,0.0,22.10014625894837,0.9609581372989252,0.0,0.0,0.0,10000.0,True,False
9,8,6620226551141318885,no_signature,0.0,0.0,0.0,0.0,0.0,0.0,10.73019651696086,0.9704294500830836,0.0,0.0,0.0,10000.0,True,False
9,9,4307583493174912158,no_signature,0.0,0.0,0.0,0.0,0.0,0.0,22.25920726393815,0.9037161752248344,0.0,0.0,0.0,10000.0,True,False
9,9,439543783324485736,no_signature,0.0,0.0,0.0,0.0,0.0,0.0,22.48228738689795,0.8993505448007736,0.0,0.0,0.0,10000.0,True,False
9,9,18420080544252627097,no_signature,0.0,0.0,0.0,0.0,0.0,0.0,22.589710906962864,0.8806660623310473,0.0,0.0,0.0,10000.0,True,False
9,9,6842396000238021773,no_signature,0.0,0.0,0.0,0.0,0.0,0.0,22.60874267097097,0.9044722628098326,0.0,0.0,0.0,10000.0,True,False
9,9,6620226551141318885,no_signature,0.0,0.0,0.0,0.0,0.0,0.0,10.695490438025445,0.8902375418157242,0.0,0.0,0.0,10000.0,True,False
9,10,6842396000238021773,no_signature,0.0,0.0,0.0,0.0,0.0,0.0,22.58527463010978,0.8424589977668117,0.0,0.0,0.0,10000.0,True,False
9,10,4307583493174912158,no_signature,0.0,0.0,0.0,0.0,0.0,0.0,22.728781938087195,0.8252395241024395,0.0,0.0,0.0,10000.0,True,False
9,10,18420080544252627097,no_signature,0.0,0.0,0.0,0.0,0.0,0.0,22.81925230892375,0.8242510731894368,0.0,0.0,0.0,10000.0,True,False
9,10,439543783324485736,no_signature,0.0,0.0,0.0,0.0,0.0,0.0,22.862700877944008,0.8508804984176501,0.0,0.0,0.0,10000.0,True,False
9,10,6620226551141318885,no_signature,0.0,0.0,0.0,0.0,0.0,0.0,10.763622247963212,0.82693473818584,0.0,0.0,0.0,10000.0,True,False
9,11,18420080544252627097,no_signature,0.0,0.0,0.0,0.0,0.0,0.0,21.764354932005517,0.7640674623389976,0.0,0.0,0.0,10000.0,True,False
9,11,6842396000238021773,no_signature,0.0,0.0,0.0,0.0,0.0,0.0,21.83971080300398,0.7837690557725132,0.0,0.0,0.0,10000.0,True,False
9,11,4307583493174912158,no_signature,0.0,0.0,0.0,0.0,0.0,0.0,22.070929658948444,0.7790050116209938,0.0,0.0,0.0,10000.0,True,False
9,11,439543783324485736,no_signature,0.0,0.0,0.0,0.0,0.0,0.0,22.155449536046945,0.7657713092649325,0.0,0.0,0.0,10000.0,True,False
9,11,6620226551141318885,no_signature,0.0,0.0,0.0,0.0,0.0,0.0,10.920415773056448,0.7664754474505829,0.0,0.0,0.0,10000.0,True,False
9,12,6842396000238021773,no_signature,0.0,0.0,0.0,0.0,0.0,0.0,22.062742236070335,0.7067522995959455,0.0,0.0,0.0,10000.0,True,False
9,12,439543783324485736,no_signature,0.0,0.0,0.0,0.0,0.0,0.0,22.104767633019947,0.7175241072242633,0.0,0.0,0.0,10000.0,True,False
9,12,18420080544252627097,no_signature,0.0,0.0,0.0,0.0,0.0,0.0,22.148504259064794,0.7074666496235341,0.0,0.0,0.0,10000.0,True,False
9,12,4307583493174912158,no_signature,0.0,0.0,0.0,0.0,0.0,0.0,22.38280575699173,0.7163781098569163,0.0,0.0,0.0,10000.0,True,False
9,12,6620226551141318885,no_signature,0.0,0.0,0.0,0.0,0.0,0.0,10.587128611048684,0.7183449769172424,0.0,0.0,0.0,10000.0,True,False
9,13,6842396000238021773,no_signature,0.0,0.0,0.0,0.0,0.0,0.0,21.962948662927374,0.6605464927019021,0.0,0.0,0.0,10000.0,True,False
9,13,18420080544252627097,no_signature,0.0,0.0,0.0,0.0,0.0,0.0,22.165401658043265,0.652183015649311,0.0,0.0,0.0,10000.0,True,False
9,13,4307583493174912158,no_signature,0.0,0.0,0.0,0.0,0.0,0.0,22.113122991053388,0.6719104211075237,0.0,0.0,0.0,10000.0,True,False
9,13,439543783324485736,no_signature,0.0,0.0,0.0,0.0,0.0,0.0,22.24830762995407,0.6679201255115076,0.0,0.0,0.0,10000.0,True,False
9,13,6620226551141318885,no_signature,0.0,0.0,0.0,0.0,0.0,0.0,10.777284933021292,0.6862151151933609,0.0,0.0,0.0,10000.0,True,False
9,14,6842396000238021773,no_signature,0.0,0.0,0.0,0.0,0.0,0.0,21.844754058052786,0.6169682530739817,0.0,0.0,0.0,10000.0,True,False
9,14,18420080544252627097,no_signature,0.0,0.0,0.0,0.0,0.0,0.0,22.070719007984735,0.606203103824831,0.0,0.0,0.0,10000.0,True,False
9,14,4307583493174912158,no_signature,0.0,0.0,0.0,0.0,0.0,0.0,22.170813950011507,0.6227720935171405,0.0,0.0,0.0,10000.0,True,False
9,14,439543783324485736,no_signature,0.0,0.0,0.0,0.0,0.0,0.0,22.16251148201991,0.6168140995140654,0.0,0.0,0.0,10000.0,True,False
9,14,6620226551141318885,no_signature,0.0,0.0,0.0,0.0,0.0,0.0,10.999550814041868,0.6201027406575962,0.0,0.0,0.0,10000.0,True,False
9,15,439543783324485736,no_signature,0.0,0.0,0.0,0.0,0.0,0.0,22.01215749210678,0.5806481093882372,0.0,0.0,0.0,10000.0,True,False
9,15,18420080544252627097,no_signature,0.0,0.0,0.0,0.0,0.0,0.0,22.078835468972102,0.5875520884705047,0.0,0.0,0.0,10000.0,True,False
9,15,6842396000238021773,no_signature,0.0,0.0,0.0,0.0,0.0,0.0,22.15677058196161,0.5800169702059925,0.0,0.0,0.0,10000.0,True,False
9,15,4307583493174912158,no_signature,0.0,0.0,0.0,0.0,0.0,0.0,22.172513421042822,0.5920866863272441,0.0,0.0,0.0,10000.0,True,False
9,15,6620226551141318885,no_signature,0.0,0.0,0.0,0.0,0.0,0.0,10.80437490507029,0.5750104360068187,0.0,0.0,0.0,10000.0,True,False
9,16,6842396000238021773,no_signature,0.0,0.0,0.0,0.0,0.0,0.0,22.47882733901497,0.538941122442722,0.0,0.0,0.0,10000.0,True,False
9,16,18420080544252627097,no_signature,0.0,0.0,0.0,0.0,0.0,0.0,22.56305929797236,0.5342330129596943,0.0,0.0,0.0,10000.0,True,False
9,16,439543783324485736,no_signature,0.0,0.0,0.0,0.0,0.0,0.0,22.532872917014174,0.5425049182705985,0.0,0.0,0.0,10000.0,True,False
9,16,4307583493174912158,no_signature,0.0,0.0,0.0,0.0,0.0,0.0,22.644317387021147,0.5607445345471461,0.0,0.0,0.0,10000.0,True,False
9,16,6620226551141318885,no_signature,0.0,0.0,0.0,0.0,0.0,0.0,10.769120197976008,0.5574644613808717,0.0,0.0,0.0,10000.0,True,False
9,17,4307583493174912158,no_signature,0.0,0.0,0.0,0.0,0.0,0.0,22.03136172797531,0.5228805852869448,0.0,0.0,0.0,10000.0,True,False
9,17,18420080544252627097,no_signature,0.0,0.0,0.0,0.0,0.0,0.0,22.024092487059534,0.5014811575638886,0.0,0.0,0.0,10000.0,True,False
9,17,6842396000238021773,no_signature,0.0,0.0,0.0,0.0,0.0,0.0,22.26918703399133,0.5131671286809939,0.0,0.0,0.0,10000.0,True,False
9,17,439543783324485736,no_signature,0.0,0.0,0.0,0.0,0.0,0.0,22.432723163976334,0.5134142266866117,0.0,0.0,0.0,10000.0,True,False
9,17,6620226551141318885,no_signature,0.0,0.0,0.0,0.0,0.0,0.0,10.870928951073438,0.5108879104780313,0.0,0.0,0.0,10000.0,True,False
9,18,439543783324485736,no_signature,0.0,0.0,0.0,0.0,0.0,0.0,22.388345462968573,0.49395190009746115,0.0,0.0,0.0,10000.0,True,False
9,18,6842396000238021773,no_signature,0.0,0.0,0.0,0.0,0.0,0.0,22.475104806013405,0.4730154033214711,0.0,0.0,0.0,10000.0,True,False
9,18,4307583493174912158,no_signature,0.0,0.0,0.0,0.0,0.0,0.0,22.518649619072676,0.4845105971807775,0.0,0.0,0.0,10000.0,True,False
9,18,18420080544252627097,no_signature,0.0,0.0,0.0,0.0,0.0,0.0,22.827552556991577,0.4755248833423891,0.0,0.0,0.0,10000.0,True,False
9,18,6620226551141318885,no_signature,0.0,0.0,0.0,0.0,0.0,0.0,10.801179674919695,0.4889790171715684,0.0,0.0,0.0,10000.0,True,False
9,19,6842396000238021773,no_signature,0.0,0.0,0.0,0.0,0.0,0.0,21.68414051400032,0.4477404017156115,0.0,0.0,0.0,10000.0,True,False
9,19,4307583493174912158,no_signature,0.0,0.0,0.0,0.0,0.0,0.0,21.836746376939118,0.46717533452537496,0.0,0.0,0.0,10000.0,True,False
9,19,18420080544252627097,no_signature,0.0,0.0,0.0,0.0,0.0,0.0,22.0244100530399,0.4608133417456009,0.0,0.0,0.0,10000.0,True,False
9,19,439543783324485736,no_signature,0.0,0.0,0.0,0.0,0.0,0.0,22.215128125040792,0.4475498670301498,0.0,0.0,0.0,10000.0,True,False
9,19,6620226551141318885,no_signature,0.0,0.0,0.0,0.0,0.0,0.0,10.826798893045634,0.48614158571813815,0.0,0.0,0.0,10000.0,True,False
9,20,18420080544252627097,no_signature,0.0,0.0,0.0,0.0,0.0,0.0,21.938297329004854,0.4281987199744287,0.0,0.0,0.0,10000.0,True,False
9,20,439543783324485736,no_signature,0.0,0.0,0.0,0.0,0.0,0.0,22.061139238998294,0.43268493634943195,0.0,0.0,0.0,10000.0,True,False
9,20,4307583493174912158,no_signature,0.0,0.0,0.0,0.0,0.0,0.0,22.179193398100324,0.45401997083482654,0.0,0.0,0.0,10000.0,True,False
9,20,6842396000238021773,no_signature,0.0,0.0,0.0,0.0,0.0,0.0,22.244208040996455,0.4215473913001462,0.0,0.0,0.0,10000.0,True,False
9,20,6620226551141318885,no_signature,0.0,0.0,0.0,0.0,0.0,0.0,10.742851839051582,0.43016888364887657,0.0,0.0,0.0,10000.0,True,False
9,21,4307583493174912158,no_signature,0.0,0.0,0.0,0.0,0.0,0.0,21.67529567598831,0.41008919138854116,0.0,0.0,0.0,10000.0,True,False
9,21,6842396000238021773,no_signature,0.0,0.0,0.0,0.0,0.0,0.0,21.7610273770988,0.39345878514999777,0.0,0.0,0.0,10000.0,True,False
9,21,439543783324485736,no_signature,0.0,0.0,0.0,0.0,0.0,0.0,21.882959933020175,0.40320704979137684,0.0,0.0,0.0,10000.0,True,False
9,21,18420080544252627097,no_signature,0.0,0.0,0.0,0.0,0.0,0.0,22.048946456983685,0.41155131458164973,0.0,0.0,0.0,10000.0,True,False
9,21,6620226551141318885,no_signature,0.0,0.0,0.0,0.0,0.0,0.0,10.609033556072973,0.4381576623981848,0.0,0.0,0.0,10000.0,True,False
9,22,6842396000238021773,no_signature,0.0,0.0,0.0,0.0,0.0,0.0,21.439302002894692,0.3743964726873004,0.0,0.0,0.0,10000.0,True,False
9,22,4307583493174912158,no_signature,0.0,0.0,0.0,0.0,0.0,0.0,21.664336772984825,0.3824045183137059,0.0,0.0,0.0,10000.0,True,False
9,22,18420080544252627097,no_signature,0.0,0.0,0.0,0.0,0.0,0.0,21.69934968301095,0.3805485814095686,0.0,0.0,0.0,10000.0,True,False
9,22,439543783324485736,no_signature,0.0,0.0,0.0,0.0,0.0,0.0,21.933750210911967,0.37185672981242024,0.0,0.0,0.0,10000.0,True,False
9,22,6620226551141318885,no_signature,0.0,0.0,0.0,0.0,0.0,0.0,10.744701878982596,0.39024869762599085,0.0,0.0,0.0,10000.0,True,False
9,23,4307583493174912158,no_signature,0.0,0.0,0.0,0.0,0.0,0.0,21.179662248003297,0.3699666022891387,0.0,0.0,0.0,10000.0,True,False
9,23,6842396000238021773,no_signature,0.0,0.0,0.0,0.0,0.0,0.0,21.357097322004847,0.33915186107765655,0.0,0.0,0.0,10000.0,True,False
9,23,18420080544252627097,no_signature,0.0,0.0,0.0,0.0,0.0,0.0,21.564753379905596,0.36742636949990315,0.0,0.0,0.0,10000.0,True,False
9,23,439543783324485736,no_signature,0.0,0.0,0.0,0.0,0.0,0.0,21.731363849015906,0.35917680733167706,0.0,0.0,0.0,10000.0,True,False
9,23,6620226551141318885,no_signature,0.0,0.0,0.0,0.0,0.0,0.0,10.82971008203458,0.38045849641279195,0.0,0.0,0.0,10000.0,True,False
9,24,18420080544252627097,no_signature,0.0,0.0,0.0,0.0,0.0,0.0,21.60837969405111,0.33450832104566286,0.0,0.0,0.0,10000.0,True,False
9,24,4307583493174912158,no_signature,0.0,0.0,0.0,0.0,0.0,0.0,22.494400570984,0.3598167241607516,0.0,0.0,0.0,10000.0,True,False
9,24,6842396000238021773,no_signature,0.0,0.0,0.0,0.0,0.0,0.0,22.4820852749981,0.33935476349482235,0.0,0.0,0.0,10000.0,True,False
9,24,439543783324485736,no_signature,0.0,0.0,0.0,0.0,0.0,0.0,22.430723701952957,0.33445115957540067,0.0,0.0,0.0,10000.0,True,False
9,24,6620226551141318885,no_signature,0.0,0.0,0.0,0.0,0.0,0.0,10.773719446966425,0.35001530037663237,0.0,0.0,0.0,10000.0,True,False
9,25,4307583493174912158,no_signature,0.0,0.0,0.0,0.0,0.0,0.0,21.510351842967793,0.3515800841929266,0.0,0.0,0.0,10000.0,True,False
9,25,439543783324485736,no_signature,0.0,0.0,0.0,0.0,0.0,0.0,21.748255367972888,0.3401134564457967,0.0,0.0,0.0,10000.0,True,False
9,25,18420080544252627097,no_signature,0.0,0.0,0.0,0.0,0.0,0.0,22.01676454092376,0.3193810000843086,0.0,0.0,0.0,10000.0,True,False
9,25,6842396000238021773,no_signature,0.0,0.0,0.0,0.0,0.0,0.0,22.035131889977492,0.3036588261397883,0.0,0.0,0.0,10000.0,True,False
9,25,6620226551141318885,no_signature,0.0,0.0,0.0,0.0,0.0,0.0,10.547204070026055,0.3430502617243713,0.0,0.0,0.0,10000.0,True,False
9,26,439543783324485736,no_signature,0.0,0.0,0.0,0.0,0.0,0.0,22.359040707931854,0.3236761149212409,0.0,0.0,0.0,10000.0,True,False
9,26,4307583493174912158,no_signature,0.0,0.0,0.0,0.0,0.0,0.0,22.375600421102718,0.34833257510282173,0.0,0.0,0.0,10000.0,True,False
9,26,6842396000238021773,no_signature,0.0,0.0,0.0,0.0,0.0,0.0,22.4912419290049,0.3091250244563761,0.0,0.0,0.0,10000.0,True,False
9,26,18420080544252627097,no_signature,0.0,0.0,0.0,0.0,0.0,0.0,22.501925137010403,0.3053068346269548,0.0,0.0,0.0,10000.0,True,False
9,26,6620226551141318885,no_signature,0.0,0.0,0.0,0.0,0.0,0.0,10.643830605084077,0.3421274955345752,0.0,0.0,0.0,10000.0,True,False
9,27,18420080544252627097,no_signature,0.0,0.0,0.0,0.0,0.0,0.0,21.93968310195487,0.30903665402371544,0.0,0.0,0.0,10000.0,True,False
9,27,439543783324485736,no_signature,0.0,0.0,0.0,0.0,0.0,0.0,22.094239363097586,0.31044901847190703,0.0,0.0,0.0,10000.0,True,False
9,27,4307583493174912158,no_signature,0.0,0.0,0.0,0.0,0.0,0.0,22.147351257968694,0.31208740077918756,0.0,0.0,0.0,10000.0,True,False
9,27,6842396000238021773,no_signature,0.0,0.0,0.0,0.0,0.0,0.0,22.17920289002359,0.3115633638968435,0.0,0.0,0.0,10000.0,True,False
9,27,6620226551141318885,no_signature,0.0,0.0,0.0,0.0,0.0,0.0,10.919766228995286,0.3144723635550719,0.0,0.0,0.0,10000.0,True,False
9,28,6842396000238021773,no_signature,0.0,0.0,0.0,0.0,0.0,0.0,21.960338030010462,0.29681686829543485,0.0,0.0,0.0,10000.0,True,False
9,28,18420080544252627097,no_signature,0.0,0.0,0.0,0.0,0.0,0.0,21.908522909972817,0.3001870747184018,0.0,0.0,0.0,10000.0,True,False
9,28,4307583493174912158,no_signature,0.0,0.0,0.0,0.0,0.0,0.0,22.031422975007445,0.3001675238273443,0.0,0.0,0.0,10000.0,True,False
9,28,439543783324485736,no_signature,0.0,0.0,0.0,0.0,0.0,0.0,22.03578362299595,0.3007715361106534,0.0,0.0,0.0,10000.0,True,False
9,28,6620226551141318885,no_signature,0.0,0.0,0.0,0.0,0.0,0.0,10.870211675064638,0.31496881670095384,0.0,0.0,0.0,10000.0,True,False
9,29,18420080544252627097,no_signature,0.0,0.0,0.0,0.0,0.0,0.0,21.897651246981695,0.28694159334403474,0.0,0.0,0.0,10000.0,True,False
9,29,4307583493174912158,no_signature,0.0,0.0,0.0,0.0,0.0,0.0,22.311602860921994,0.28922136322098274,0.0,0.0,0.0,10000.0,True,False
9,29,6842396000238021773,no_signature,0.0,0.0,0.0,0.0,0.0,0.0,22.3313607419841,0.2852084751303394,0.0,0.0,0.0,10000.0,True,False
9,29,439543783324485736,no_signature,0.0,0.0,0.0,0.0,0.0,0.0,22.533195174997672,0.287981586129116,0.0,0.0,0.0,10000.0,True,False
9,29,6620226551141318885,no_signature,0.0,0.0,0.0,0.0,0.0,0.0,10.640015651937574,0.30065540243803074,0.0,0.0,0.0,10000.0,True,False
9,30,18420080544252627097,no_signature,0.0,0.0,0.0,0.0,0.0,0.0,21.706100351992063,0.28558298645573804,0.0,0.0,0.0,10000.0,True,False
9,30,439543783324485736,no_signature,0.0,0.0,0.0,0.0,0.0,0.0,21.991550848004408,0.2766060288102863,0.0,0.0,0.0,10000.0,True,False
9,30,6842396000238021773,no_signature,0.0,0.0,0.0,0.0,0.0,0.0,22.0051160689909,0.26636360873045706,0.0,0.0,0.0,10000.0,True,False
9,30,4307583493174912158,no_signature,0.0,0.0,0.0,0.0,0.0,0.0,22.240747840027325,0.2630615905105782,0.0,0.0,0.0,10000.0,True,False
9,30,6620226551141318885,no_signature,0.0,0.0,0.0,0.0,0.0,0.0,10.773396110045724,0.2954445952830759,0.0,0.0,0.0,10000.0,True,False
10,1,5089011328700497659,no_signature,0.0,0.0,0.0,0.0,0.0,0.0,22.517183820018545,1.9432063011315683,0.0,0.0,0.0,10000.0,True,False
10,1,5436792588107025134,no_signature,0.0,0.0,0.0,0.0,0.0,0.0,22.387373320991173,1.9049614039472877,0.0,0.0,0.0,10000.0,True,False
10,1,11521230800712061265,no_signature,0.0,0.0,0.0,0.0,0.0,0.0,22.6424852500204,1.922461090758205,0.0,0.0,0.0,10000.0,True,False
10,1,2975213144287685976,no_signature,0.0,0.0,0.0,0.0,0.0,0.0,22.73386724793818,1.9089593388402044,0.0,0.0,0.0,10000.0,True,False
10,1,12262221690006976018,no_signature,0.0,0.0,0.0,0.0,0.0,0.0,10.672529987990856,1.9346152650662505,0.0,0.0,0.0,10000.0,True,False
10,2,5436792588107025134,no_signature,0.0,0.0,0.0,0.0,0.0,0.0,21.698712563957088,1.6909286690215333,0.0,0.0,0.0,10000.0,True,False
10,2,2975213144287685976,no_signature,0.0,0.0,0.0,0.0,0.0,0.0,22.001105592004023,1.685919115337701,0.0,0.0,0.0,10000.0,True,False
10,2,5089011328700497659,no_signature,0.0,0.0,0.0,0.0,0.0,0.0,22.3143900569994,1.6923789387693802,0.0,0.0,0.0,10000.0,True,False
10,2,11521230800712061265,no_signature,0.0,0.0,0.0,0.0,0.0,0.0,22.385249707032926,1.6756435019520526,0.0,0.0,0.0,10000.0,True,False
10,2,12262221690006976018,no_signature,0.0,0.0,0.0,0.0,0.0,0.0,10.79167414305266,1.6572849365849844,0.0,0.0,0.0,10000.0,True,False
10,3,2975213144287685976,no_signature,0.0,0.0,0.0,0.0,0.0,0.0,22.02475438802503,1.4974057885785452,0.0,0.0,0.0,10000.0,True,False
10,3,5436792588107025134,no_signature,0.0,0.0,0.0,0.0,0.0,0.0,22.005858852993697,1.4803700984095614,0.0,0.0,0.0,10000.0,True,False
10,3,11521230800712061265,no_signature,0.0,0.0,0.0,0.0,0.0,0.0,22.124625902972184,1.4729678455633097,0.0,0.0,0.0,10000.0,True,False
10,3,5089011328700497659,no_signature,0.0,0.0,0.0,0.0,0.0,0.0,22.263391467975453,1.5047121080346764,0.0,0.0,0.0,10000.0,True,False
10,3,12262221690006976018,no_signature,0.0,0.0,0.0,0.0,0.0,0.0,10.630764503963292,1.4387555644154169,0.0,0.0,0.0,10000.0,True,False
10,4,11521230800712061265,no_signature,0.0,0.0,0.0,0.0,0.0,0.0,22.173501437995583,1.3457882615704886,0.0,0.0,0.0,10000.0,True,False
10,4,2975213144287685976,no_signature,0.0,0.0,0.0,0.0,0.0,0.0,22.351138224010356,1.3376151805106824,0.0,0.0,0.0,10000.0,True,False
10,4,5089011328700497659,no_signature,0.0,0.0,0.0,0.0,0.0,0.0,22.421186334104277,1.336117619523606,0.0,0.0,0.0,10000.0,True,False
10,4,5436792588107025134,no_signature,0.0,0.0,0.0,0.0,0.0,0.0,22.495452912990004,1.343781758992436,0.0,0.0,0.0,10000.0,True,False
10,4,12262221690006976018,no_signature,0.0,0.0,0.0,0.0,0.0,0.0,10.813094586017542,1.3409241588351826,0.0,0.0,0.0,10000.0,True,False
10,5,11521230800712061265,no_signature,0.0,0.0,0.0,0.0,0.0,0.0,21.71804474410601,1.2341280339624936,0.0,0.0,0.0,10000.0,True,False
10,5,2975213144287685976,no_signature,0.0,0.0,0.0,0.0,0.0,0.0,21.91765146004036,1.2163294414742687,0.0,0.0,0.0,10000.0,True,False
10,5,5436792588107025134,no_signature,0.0,0.0,0.0,0.0,0.0,0.0,22.250160568975843,1.2359554116337443,0.0,0.0,0.0,10000.0,True,False
10,5,5089011328700497659,no_signature,0.0,0.0,0.0,0.0,0.0,0.0,22.280643008067273,1.2258706169006544,0.0,0.0,0.0,10000.0,True,False
10,5,12262221690006976018,no_signature,0.0,0.0,0.0,0.0,0.0,0.0,10.550963339977898,1.232535411945928,0.0,0.0,0.0,10000.0,True,False
10,6,5089011328700497659,no_signature,0.0,0.0,0.0,0.0,0.0,0.0,22.050033282954246,1.138631100281359,0.0,0.0,0.0,10000.0,True,False
10,6,5436792588107025134,no_signature,0.0,0.0,0.0,0.0,0.0,0.0,22.195419883006252,1.137540255682156,0.0,0.0,0.0,10000.0,True,False
10,6,2975213144287685976,no_signature,0.0,0.0,0.0,0.0,0.0,0.0,22.117230574018322,1.1362517365632347,0.0,0.0,0.0,10000.0,True,False
10,6,11521230800712061265,no_signature,0.0,0.0,0.0,0.0,0.0,0.0,22.189489810029045,1.1471117673971403,0.0,0.0,0.0,10000.0,True,False
10,6,12262221690006976018,no_signature,0.0,0.0,0.0,0.0,0.0,0.0,10.658060223911889,1.1370450168752824,0.0,0.0,0.0,10000.0,True,False
10,7,2975213144287685976,no_signature,0.0,0.0,0.0,0.0,0.0,0.0,22.209604494972154,1.0596196933295399,0.0,0.0,0.0,10000.0,True,False
10,7,5436792588107025134,no_signature,0.0,0.0,0.0,0.0,0.0,0.0,22.25636643706821,1.0685212682611265,0.0,0.0,0.0,10000.0,True,False
10,7,5089011328700497659,no_signature,0.0,0.0,0.0,0.0,0.0,0.0,22.42803604202345,1.0546305153887874,0.0,0.0,0.0,10000.0,True,False
10,7,11521230800712061265,no_signature,0.0,0.0,0.0,0.0,0.0,0.0,22.48284066899214,1.0421110623941634,0.0,0.0,0.0,10000.0,True,False
10,7,12262221690006976018,no_signature,0.0,0.0,0.0,0.0,0.0,0.0,10.633566006086767,1.0695599490842118,0.0,0.0,0.0,10000.0,True,False
10,8,5436792588107025134,no_signature,0.0,0.0,0.0,0.0,0.0,0.0,21.418100918992423,0.9762442972713385,0.0,0.0,0.0,10000.0,True,False
10,8,2975213144287685976,no_signature,0.0,0.0,0.0,0.0,0.0,0.0,21.518448822083883,0.9696540373582809,0.0,0.0,0.0,10000.0,True,False
10,8,11521230800712061265,no_signature,0.0,0.0,0.0,0.0,0.0,0.0,21.54025773401372,0.9877671974535567,0.0,0.0,0.0,10000.0,True,False
10,8,5089011328700497659,no_signature,0.0,0.0,0.0,0.0,0.0,0.0,21.737655641976744,0.9844032914493792,0.0,0.0,0.0,10000.0,True,False
10,8,12262221690006976018,no_signature,0.0,0.0,0.0,0.0,0.0,0.0,10.541760521940887,0.9949401780820122,0.0,0.0,0.0,10000.0,True,False
10,9,11521230800712061265,no_signature,0.0,0.0,0.0,0.0,0.0,0.0,22.044826438999735,0.9218709625946447,0.0,0.0,0.0,10000.0,True,False
10,9,2975213144287685976,no_signature,0.0,0.0,0.0,0.0,0.0,0.0,22.16992559505161,0.891630008102606,0.0,0.0,0.0,10000.0,True,False
10,9,5089011328700497659,no_signature,0.0,0.0,0.0,0.0,0.0,0.0,22.191217134939507,0.9247798126536055,0.0,0.0,0.0,10000.0,True,False
10,9,5436792588107025134,no_signature,0.0,0.0,0.0,0.0,0.0,0.0,22.37154211802408,0.9100893619723214,0.0,0.0,0.0,10000.0,True,False
10,9,12262221690006976018,no_signature,0.0,0.0,0.0,0.0,0.0,0.0,10.527723111095838,0.920554511082439,0.0,0.0,0.0,10000.0,True,False
10,10,5436792588107025134,no_signature,0.0,0.0,0.0,0.0,0.0,0.0,22.117917311028577,0.8426086122806842,0.0,0.0,0.0,10000.0,True,False
10,10,2975213144287685976,no_signature,0.0,0.0,0.0,0.0,0.0,0.0,22.16415666998364,0.8309292700915291,0.0,0.0,0.0,10000.0,True,False
10,10,11521230800712061265,no_signature,0.0,0.0,0.0,0.0,0.0,0.0,22.30095352209173,0.8553929502685992,0.0,0.0,0.0,10000.0,True,False
10,10,5089011328700497659,no_signature,0.0,0.0,0.0,0.0,0.0,0.0,22.382630327017978,0.8453940030294486,0.0,0.0,0.0,10000.0,True,False
10,10,12262221690006976018,no_signature,0.0,0.0,0.0,0.0,0.0,0.0,10.704092234023847,0.8549019176358232,0.0,0.0,0.0,10000.0,True,False
10,11,11521230800712061265,no_signature,0.0,0.0,0.0,0.0,0.0,0.0,22.51315377303399,0.7932442181026593,0.0,0.0,0.0,10000.0,True,False
10,11,2975213144287685976,no_signature,0.0,0.0,0.0,0.0,0.0,0.0,22.482226943946443,0.771316132796839,0.0,0.0,0.0,10000.0,True,False
10,11,5089011328700497659,no_signature,0.0,0.0,0.0,0.0,0.0,0.0,22.471542670973577,0.7892332776381185,0.0,0.0,0.0,10000.0,True,False
10,11,5436792588107025134,no_signature,0.0,0.0,0.0,0.0,0.0,0.0,22.77666325797327,0.7853193368774634,0.0,0.0,0.0,10000.0,True,False
10,11,12262221690006976018,no_signature,0.0,0.0,0.0,0.0,0.0,0.0,10.604433745029382,0.7804476840617939,0.0,0.0,0.0,10000.0,True,False
10,12,11521230800712061265,no_signature,0.0,0.0,0.0,0.0,0.0,0.0,22.12752293399535,0.7390862953262969,0.0,0.0,0.0,10000.0,True,False
10,12,2975213144287685976,no_signature,0.0,0.0,0.0,0.0,0.0,0.0,22.433650902006775,0.7096110339077136,0.0,0.0,0.0,10000.0,True,False
10,12,5436792588107025134,no_signature,0.0,0.0,0.0,0.0,0.0,0.0,22.6874174940167,0.7358012362219655,0.0,0.0,0.0,10000.0,True,False
10,12,5089011328700497659,no_signature,0.0,0.0,0.0,0.0,0.0,0.0,22.777470021042973,0.7325050375950984,0.0,0.0,0.0,10000.0,True,False
10,12,12262221690006976018,no_signature,0.0,0.0,0.0,0.0,0.0,0.0,10.721691875020042,0.7448018691695917,0.0,0.0,0.0,10000.0,True,False
10,13,11521230800712061265,no_signature,0.0,0.0,0.0,0.0,0.0,0.0,22.22635208896827,0.6937052852715166,0.0,0.0,0.0,10000.0,True,False
10,13,2975213144287685976,no_signature,0.0,0.0,0.0,0.0,0.0,0.0,22.348230809904635,0.6677233420383816,0.0,0.0,0.0,10000.0,True,False
10,13,5089011328700497659,no_signature,0.0,0.0,0.0,0.0,0.0,0.0,22.541967262979597,0.6634776053813319,0.0,0.0,0.0,10000.0,True,False
10,13,5436792588107025134,no_signature,0.0,0.0,0.0,0.0,0.0,0.0,22.607331592938863,0.6903102314129425,0.0,0.0,0.0,10000.0,True,False
10,13,12262221690006976018,no_signature,0.0,0.0,0.0,0.0,0.0,0.0,10.771431565051898,0.6922731227196824,0.0,0.0,0.0,10000.0,True,False
10,14,2975213144287685976,no_signature,0.0,0.0,0.0,0.0,0.0,0.0,22.039861854049377,0.6195457050689874,0.0,0.0,0.0,10000.0,True,False
10,14,11521230800712061265,no_signature,0.0,0.0,0.0,0.0,0.0,0.0,22.083743019029498,0.6433647124055094,0.0,0.0,0.0,10000.0,True,False
10,14,5436792588107025134,no_signature,0.0,0.0,0.0,0.0,0.0,0.0,22.102692694985308,0.6498609523708447,0.0,0.0,0.0,10000.0,True,False
10,14,5089011328700497659,no_signature,0.0,0.0,0.0,0.0,0.0,0.0,22.21596577996388,0.6202019117891598,0.0,0.0,0.0,10000.0,True,False
10,14,12262221690006976018,no_signature,0.0,0.0,0.0,0.0,0.0,0.0,10.87771262100432,0.63974266032727,0.0,0.0,0.0,10000.0,True,False
10,15,5089011328700497659,no_signature,0.0,0.0,0.0,0.0,0.0,0.0,21.48908278392628,0.5833174961562545,0.0,0.0,0.0,10000.0,True,False
10,15,5436792588107025134,no_signature,0.0,0.0,0.0,0.0,0.0,0.0,21.921448039938696,0.5833810127486055,0.0,0.0,0.0,10000.0,True,False
10,15,2975213144287685976,no_signature,0.0,0.0,0.0,0.0,0.0,0.0,22.086060732020997,0.5756832364553841,0.0,0.0,0.0,10000.0,True,False
10,15,11521230800712061265,no_signature,0.0,0.0,0.0,0.0,0.0,0.0,22.16877868201118,0.6052397457293619,0.0,0.0,0.0,10000.0,True,False
10,15,12262221690006976018,no_signature,0.0,0.0,0.0,0.0,0.0,0.0,10.492399555980228,0.595590310117688,0.0,0.0,0.0,10000.0,True,False
10,16,2975213144287685976,no_signature,0.0,0.0,0.0,0.0,0.0,0.0,22.455690186005086,0.5648640668430267,0.0,0.0,0.0,10000.0,True,False
10,16,11521230800712061265,no_signature,0.0,0.0,0.0,0.0,0.0,0.0,22.568608133937232,0.5621322848069401,0.0,0.0,0.0,10000.0,True,False
10,16,5436792588107025134,no_signature,0.0,0.0,0.0,0.0,0.0,0.0,22.599867512937635,0.5672512905904279,0.0,0.0,0.0,10000.0,True,False
10,16,5089011328700497659,no_signature,0.0,0.0,0.0,0.0,0.0,0.0,22.647929504979402,0.5470660900155576,0.0,0.0,0.0,10000.0,True,False
10,16,12262221690006976018,no_signature,0.0,0.0,0.0,0.0,0.0,0.0,10.547886518063024,0.5649642919460995,0.0,0.0,0.0,10000.0,True,False
10,17,5436792588107025134,no_signature,0.0,0.0,0.0,0.0,0.0,0.0,22.429419053019956,0.5360875412250479,0.0,0.0,0.0,10000.0,True,False
10,17,2975213144287685976,no_signature,0.0,0.0,0.0,0.0,0.0,0.0,22.59977518802043,0.5150825682634743,0.0,0.0,0.0,10000.0,True,False
10,17,5089011328700497659,no_signature,0.0,0.0,0.0,0.0,0.0,0.0,22.726695814053528,0.5038467378150255,0.0,0.0,0.0,10000.0,True,False
10,17,11521230800712061265,no_signature,0.0,0.0,0.0,0.0,0.0,0.0,22.79390390694607,0.5390399611367586,0.0,0.0,0.0,10000.0,True,False
10,17,12262221690006976018,no_signature,0.0,0.0,0.0,0.0,0.0,0.0,10.960867473040707,0.5230996725015556,0.0,0.0,0.0,10000.0,True,False
10,18,11521230800712061265,no_signature,0.0,0.0,0.0,0.0,0.0,0.0,22.190474095055833,0.5041212685430012,0.0,0.0,0.0,10000.0,True,False
10,18,5436792588107025134,no_signature,0.0,0.0,0.0,0.0,0.0,0.0,22.182809477089904,0.5008269475219539,0.0,0.0,0.0,10000.0,True,False
10,18,2975213144287685976,no_signature,0.0,0.0,0.0,0.0,0.0,0.0,22.34934825601522,0.48002063641294884,0.0,0.0,0.0,10000.0,True,False
10,18,5089011328700497659,no_signature,0.0,0.0,0.0,0.0,0.0,0.0,22.55823717894964,0.48426749638189526,0.0,0.0,0.0,10000.0,True,False
10,18,12262221690006976018,no_signature,0.0,0.0,0.0,0.0,0.0,0.0,10.634579227073118,0.4732082739484291,0.0,0.0,0.0,10000.0,True,False
10,19,5089011328700497659,no_signature,0.0,0.0,0.0,0.0,0.0,0.0,22.160938416956924,0.4451609019207926,0.0,0.0,0.0,10000.0,True,False
10,19,5436792588107025134,no_signature,0.0,0.0,0.0,0.0,0.0,0.0,22.27159445802681,0.4682871594239538,0.0,0.0,0.0,10000.0,True,False
10,19,11521230800712061265,no_signature,0.0,0.0,0.0,0.0,0.0,0.0,22.43966770602856,0.4586425926595831,0.0,0.0,0.0,10000.0,True,False
10,19,2975213144287685976,no_signature,0.0,0.0,0.0,0.0,0.0,0.0,22.371508376905695,0.4521360810572347,0.0,0.0,0.0,10000.0,True,False
10,19,12262221690006976018,no_signature,0.0,0.0,0.0,0.0,0.0,0.0,10.644657633034512,0.4593646160413187,0.0,0.0,0.0,10000.0,True,False
10,20,5089011328700497659,no_signature,0.0,0.0,0.0,0.0,0.0,0.0,22.39270305703394,0.4376802085735166,0.0,0.0,0.0,10000.0,True,False
10,20,11521230800712061265,no_signature,0.0,0.0,0.0,0.0,0.0,0.0,22.410111604025587,0.4472963678927277,0.0,0.0,0.0,10000.0,True,False
10,20,5436792588107025134,no_signature,0.0,0.0,0.0,0.0,0.0,0.0,22.41896944597829,0.4321936761168912,0.0,0.0,0.0,10000.0,True,False
10,20,2975213144287685976,no_signature,0.0,0.0,0.0,0.0,0.0,0.0,22.456086914986372,0.42320822479245,0.0,0.0,0.0,10000.0,True,False
10,20,12262221690006976018,no_signature,0.0,0.0,0.0,0.0,0.0,0.0,10.919181442004628,0.46017085028865845,0.0,0.0,0.0,10000.0,True,False
10,21,2975213144287685976,no_signature,0.0,0.0,0.0,0.0,0.0,0.0,21.92270808701869,0.41894278678293234,0.0,0.0,0.0,10000.0,True,False
10,21,5436792588107025134,no_signature,0.0,0.0,0.0,0.0,0.0,0.0,22.0815735909855,0.40738211200831415,0.0,0.0,0.0,10000.0,True,False
10,21,5089011328700497659,no_signature,0.0,0.0,0.0,0.0,0.0,0.0,22.220343529013917,0.3992601239833588,0.0,0.0,0.0,10000.0,True,False
10,21,11521230800712061265,no_signature,0.0,0.0,0.0,0.0,0.0,0.0,22.300620310008526,0.3929817776103465,0.0,0.0,0.0,10000.0,True,False
10,21,12262221690006976018,no_signature,0.0,0.0,0.0,0.0,0.0,0.0,10.631996485986747,0.4204503017516372,0.0,0.0,0.0,10000.0,True,False
10,22,5089011328700497659,no_signature,0.0,0.0,0.0,0.0,0.0,0.0,22.52184764307458,0.3773931388121348,0.0,0.0,0.0,10000.0,True,False
10,22,5436792588107025134,no_signature,0.0,0.0,0.0,0.0,0.0,0.0,22.638142619049177,0.3818293915877041,0.0,0.0,0.0,10000.0,True,False
10,22,11521230800712061265,no_signature,0.0,0.0,0.0,0.0,0.0,0.0,22.690147803979926,0.37942087742836234,0.0,0.0,0.0,10000.0,True,False
10,22,2975213144287685976,no_signature,0.0,0.0,0.0,0.0,0.0,0.0,22.670104000950232,0.3787484561917357,0.0,0.0,0.0,10000.0,True,False
10,22,12262221690006976018,no_signature,0.0,0.0,0.0,0.0,0.0,0.0,10.592882305034436,0.38755804263114835,0.0,0.0,0.0,10000.0,True,False
10,23,5436792588107025134,no_signature,0.0,0.0,0.0,0.0,0.0,0.0,22.361424588016234,0.38780093965486595,0.0,0.0,0.0,10000.0,True,False
10,23,2975213144287685976,no_signature,0.0,0.0,0.0,0.0,0.0,0.0,22.60455763200298,0.3570459007371824,0.0,0.0,0.0,10000.0,True,False
10,23,11521230800712061265,no_signature,0.0,0.0,0.0,0.0,0.0,0.0,22.790557138971053,0.37222354272350716,0.0,0.0,0.0,10000.0,True,False
10,23,5089011328700497659,no_signature,0.0,0.0,0.0,0.0,0.0,0.0,22.71808162506204,0.36827258129839224,0.0,0.0,0.0,10000.0,True,False
10,23,12262221690006976018,no_signature,0.0,0.0,0.0,0.0,0.0,0.0,10.644388465909287,0.3864726229918936,0.0,0.0,0.0,10000.0,True,False
10,24,11521230800712061265,no_signature,0.0,0.0,0.0,0.0,0.0,0.0,22.49586490401998,0.3578138017116454,0.0,0.0,0.0,10000.0,True,False
10,24,5436792588107025134,no_signature,0.0,0.0,0.0,0.0,0.0,0.0,22.47369902790524,0.37041274237985045,0.0,0.0,0.0,10000.0,True,False
10,24,5089011328700497659,no_signature,0.0,0.0,0.0,0.0,0.0,0.0,22.705224639968947,0.34738669674486494,0.0,0.0,0.0,10000.0,True,False
10,24,2975213144287685976,no_signature,0.0,0.0,0.0,0.0,0.0,0.0,22.708264857996255,0.35060909333915563,0.0,0.0,0.0,10000.0,True,False
10,24,12262221690006976018,no_signature,0.0,0.0,0.0,0.0,0.0,0.0,10.596150732017122,0.33746917580906005,0.0,0.0,0.0,10000.0,True,False
10,25,5436792588107025134,no_signature,0.0,0.0,0.0,0.0,0.0,0.0,22.143632591003552,0.33156947392863206,0.0,0.0,0.0,10000.0,True,False
10,25,5089011328700497659,no_signature,0.0,0.0,0.0,0.0,0.0,0.0,22.25407692498993,0.32505917468200474,0.0,0.0,0.0,10000.0,True,False
10,25,11521230800712061265,no_signature,0.0,0.0,0.0,0.0,0.0,0.0,22.231908872025087,0.3475365044248585,0.0,0.0,0.0,10000.0,True,False
10,25,2975213144287685976,no_signature,0.0,0.0,0.0,0.0,0.0,0.0,22.30608548503369,0.33750694129651726,0.0,0.0,0.0,10000.0,True,False
10,25,12262221690006976018,no_signature,0.0,0.0,0.0,0.0,0.0,0.0,10.645792301977053,0.33987613223915614,0.0,0.0,0.0,10000.0,True,False
10,26,2975213144287685976,no_signature,0.0,0.0,0.0,0.0,0.0,0.0,22.22543260490056,0.3295323348279816,0.0,0.0,0.0,10000.0,True,False
10,26,11521230800712061265,no_signature,0.0,0.0,0.0,0.0,0.0,0.0,22.367441752925515,0.3099775700740659,0.0,0.0,0.0,10000.0,True,False
10,26,5436792588107025134,no_signature,0.0,0.0,0.0,0.0,0.0,0.0,22.331370177096687,0.35355802300496225,0.0,0.0,0.0,10000.0,True,False
10,26,5089011328700497659,no_signature,0.0,0.0,0.0,0.0,0.0,0.0,22.694505830993876,0.2890756216596443,0.0,0.0,0.0,10000.0,True,False
10,26,12262221690006976018,no_signature,0.0,0.0,0.0,0.0,0.0,0.0,10.657451903098263,0.3290165517770777,0.0,0.0,0.0,10000.0,True,False
10,27,5089011328700497659,no_signature,0.0,0.0,0.0,0.0,0.0,0.0,22.209947037976235,0.2933947542044795,0.0,0.0,0.0,10000.0,True,False
10,27,11521230800712061265,no_signature,0.0,0.0,0.0,0.0,0.0,0.0,22.219519890029915,0.29784433074896566,0.0,0.0,0.0,10000.0,True,False
10,27,5436792588107025134,no_signature,0.0,0.0,0.0,0.0,0.0,0.0,22.310288291075267,0.306287793577247,0.0,0.0,0.0,10000.0,True,False
10,27,2975213144287685976,no_signature,0.0,0.0,0.0,0.0,0.0,0.0,22.449930500937626,0.31475991278309556,0.0,0.0,0.0,10000.0,True,False
10,27,12262221690006976018,no_signature,0.0,0.0,0.0,0.0,0.0,0.0,11.014398881001398,0.32582291965477,0.0,0.0,0.0,10000.0,True,False
10,28,5089011328700497659,no_signature,0.0,0.0,0.0,0.0,0.0,0.0,22.21382825903129,0.27739836569554127,0.0,0.0,0.0,10000.0,True,False
10,28,5436792588107025134,no_signature,0.0,0.0,0.0,0.0,0.0,0.0,22.342536626034416,0.33032374415165794,0.0,0.0,0.0,10000.0,True,False
10,28,11521230800712061265,no_signature,0.0,0.0,0.0,0.0,0.0,0.0,22.432048415997997,0.26777602674606177,0.0,0.0,0.0,10000.0,True,False
10,28,2975213144287685976,no_signature,0.0,0.0,0.0,0.0,0.0,0.0,22.658340026042424,0.3026378523296537,0.0,0.0,0.0,10000.0,True,False
10,28,12262221690006976018,no_signature,0.0,0.0,0.0,0.0,0.0,0.0,10.529323952039704,0.3043474504611077,0.0,0.0,0.0,10000.0,True,False
10,29,5436792588107025134,no_signature,0.0,0.0,0.0,0.0,0.0,0.0,22.032936224946752,0.28032046734852295,0.0,0.0,0.0,10000.0,True,False
10,29,11521230800712061265,no_signature,0.0,0.0,0.0,0.0,0.0,0.0,22.480401542969048,0.2986443973676013,0.0,0.0,0.0,10000.0,True,False
10,29,5089011328700497659,no_signature,0.0,0.0,0.0,0.0,0.0,0.0,22.687656596070156,0.27425983954316224,0.0,0.0,0.0,10000.0,True,False
10,29,2975213144287685976,no_signature,0.0,0.0,0.0,0.0,0.0,0.0,22.603657153085805,0.29710070361880164,0.0,0.0,0.0,10000.0,True,False
10,29,12262221690006976018,no_signature,0.0,0.0,0.0,0.0,0.0,0.0,10.778970125946216,0.2866698681561354,0.0,0.0,0.0,10000.0,True,False
10,30,11521230800712061265,no_signature,0.0,0.0,0.0,0.0,0.0,0.0,22.514785573934205,0.25990675497962273,0.0,0.0,0.0,10000.0,True,False
10,30,2975213144287685976,no_signature,0.0,0.0,0.0,0.0,0.0,0.0,22.69519778492395,0.2854768693813096,0.0,0.0,0.0,10000.0,True,False
10,30,5436792588107025134,no_signature,0.0,0.0,0.0,0.0,0.0,0.0,22.853256213013083,0.27548363783840124,0.0,0.0,0.0,10000.0,True,False
10,30,5089011328700497659,no_signature,0.0,0.0,0.0,0.0,0.0,0.0,22.875502811046317,0.27268583229118093,0.0,0.0,0.0,10000.0,True,False
10,30,12262221690006976018,no_signature,0.0,0.0,0.0,0.0,0.0,0.0,10.81398989004083,0.28722256031437826,0.0,0.0,0.0,10000.0,True,False
