run,round,node_id,scheme,keygen_time,client_serialize_time,sign_time,server_serialize_time,verify_time,server_verify_total_time,train_time,train_loss,signed_payload_size,sig_size,pubkey_size,num_examples,sig_valid,has_nan
1,1,16991272053234864089,SLH_DSA_PURE_SHA2_128S,0.16846031602472067,0.003217254998162389,0.9656531590153463,0.001149096991866827,0.01091546198586002,0.011035959993023425,21.38164074998349,1.869180313695353,2482153.0,7856.0,32.0,10000.0,True,False
1,1,17575321175383556808,SLH_DSA_PURE_SHA2_128S,0.1882309730281122,0.0018416789826005697,0.7178413370274939,0.001158858009148389,0.01082618598593399,0.010923765017651021,21.591181943949778,1.8682018666983413,2482153.0,7856.0,32.0,10000.0,True,False
1,1,9158286688925014640,SLH_DSA_PURE_SHA2_128S,0.08144226000877097,0.0019015700090676546,0.6377205839962699,0.0011244919733144343,0.011416325985919684,0.01146468601655215,22.14906141202664,1.9192070861974844,2482153.0,7856.0,32.0,10000.0,True,False
1,1,17085139999429205279,SLH_DSA_PURE_SHA2_128S,0.13774559402372688,0.0020381719805300236,0.6393406130373478,0.00117151701124385,0.010904385999310762,0.010967874026391655,21.924485586001538,1.9079048412676436,2482153.0,7856.0,32.0,10000.0,True,False
1,1,2666512937478765477,SLH_DSA_PURE_SHA2_128S,0.07648134097689763,0.0013588009751401842,0.6039926490047947,0.0011044079437851906,0.010744258004706353,0.010793213034048676,10.620347032963764,1.9155706643296506,2482153.0,7856.0,32.0,10000.0,True,False
1,2,9158286688925014640,SLH_DSA_PURE_SHA2_128S,0.08642546803457662,0.0023541770060546696,0.6322562000132166,0.0013841729960404336,0.01065792900044471,0.010752322035841644,21.81320248200791,1.654506605654098,2482153.0,7856.0,32.0,10000.0,True,False
1,2,17085139999429205279,SLH_DSA_PURE_SHA2_128S,0.08589885599212721,0.002101377001963556,0.6299554349971004,0.0013438499881885946,0.010703773004934192,0.010754247021395713,21.838959646003786,1.6893312352153058,2482153.0,7856.0,32.0,10000.0,True,False
1,2,16991272053234864089,SLH_DSA_PURE_SHA2_128S,0.08157612796640024,0.0014620969886891544,0.6522039899718948,0.0013398000155575573,0.010811582033056766,0.010876382992137223,21.92056748503819,1.66270257718266,2482153.0,7856.0,32.0,10000.0,True,False
1,2,17575321175383556808,SLH_DSA_PURE_SHA2_128S,0.08010391495190561,0.0014255240093916655,0.6304480989929289,0.0010926459799520671,0.010773165966384113,0.010821924021001905,21.948141546046827,1.628189140615372,2482153.0,7856.0,32.0,10000.0,True,False
1,2,2666512937478765477,SLH_DSA_PURE_SHA2_128S,0.07605870196130127,0.001401578017976135,0.600848215050064,0.001074289029929787,0.01087763102259487,0.010924134985543787,10.521460317017045,1.6536243357978309,2482153.0,7856.0,32.0,10000.0,True,False
1,3,17085139999429205279,SLH_DSA_PURE_SHA2_128S,0.1536241719732061,0.0017680019955150783,0.6379897279548459,0.0010577269713394344,0.010838804999366403,0.010930372984148562,21.728157431003638,1.4599739370254663,2482153.0,7856.0,32.0,10000.0,True,False
1,3,17575321175383556808,SLH_DSA_PURE_SHA2_128S,0.17463511496316642,0.0016458930331282318,0.6547632399597205,0.0011725450167432427,0.01068021496757865,0.010726644017267972,21.800455646996852,1.4350601657510946,2482153.0,7856.0,32.0,10000.0,True,False
1,3,16991272053234864089,SLH_DSA_PURE_SHA2_128S,0.07857961201807484,0.0013877470046281815,0.6300615500076674,0.001109900011215359,0.010793538007419556,0.01084010599879548,21.976833631983027,1.444333466287619,2482153.0,7856.0,32.0,10000.0,True,False
1,3,9158286688925014640,SLH_DSA_PURE_SHA2_128S,0.1639551179832779,0.001321048999670893,0.6497788149863482,0.0010817230213433504,0.010911037970799953,0.010954822995699942,21.872807605017442,1.4463121279740867,2482153.0,7856.0,32.0,10000.0,True,False
1,3,2666512937478765477,SLH_DSA_PURE_SHA2_128S,0.07639577297959477,0.0016235839575529099,0.6011687629506923,0.0010523730306886137,0.010818652983289212,0.01086426799884066,10.751698273990769,1.441671082196525,2482153.0,7856.0,32.0,10000.0,True,False
1,4,9158286688925014640,SLH_DSA_PURE_SHA2_128S,0.15845296502811834,0.0032390530104748905,1.1050746929831803,0.001079258043318987,0.010803189012221992,0.010887219978030771,21.347689430986065,1.2941782491656537,2482153.0,7856.0,32.0,10000.0,True,False
1,4,16991272053234864089,SLH_DSA_PURE_SHA2_128S,0.19024415803141892,0.00177582202013582,0.7906518939998932,0.0010685919551178813,0.010954433993902057,0.01100217504426837,21.707164966966957,1.291263281537321,2482153.0,7856.0,32.0,10000.0,True,False
1,4,17085139999429205279,SLH_DSA_PURE_SHA2_128S,0.07985094399191439,0.0014663010369986296,0.6329487690236419,0.0013620020472444594,0.01077431399608031,0.010821777977980673,22.011682837968692,1.2971377184215827,2482153.0,7856.0,32.0,10000.0,True,False
1,4,17575321175383556808,SLH_DSA_PURE_SHA2_128S,0.14894470799481496,0.0014743430074304342,0.706267818051856,0.0010828020167537034,0.011451918981038034,0.011517707025632262,21.8900582040078,1.306359532542122,2482153.0,7856.0,32.0,10000.0,True,False
1,4,2666512937478765477,SLH_DSA_PURE_SHA2_128S,0.077648256032262,0.0014054630300961435,0.6115991999977268,0.001100639987271279,0.010839171009138227,0.010887403972446918,10.60511081700679,1.2945343379776317,2482153.0,7856.0,32.0,10000.0,True,False
1,5,17575321175383556808,SLH_DSA_PURE_SHA2_128S,0.08431978098815307,0.0018952669925056398,0.6388626480475068,0.0010533390450291336,0.010922478046268225,0.011004767031408846,22.086080722976476,1.176943647214018,2482153.0,7856.0,32.0,10000.0,True,False
1,5,9158286688925014640,SLH_DSA_PURE_SHA2_128S,0.1436337570194155,0.0016611149767413735,0.6349611399928108,0.001058936002664268,0.01109398901462555,0.011142281000502408,22.01556305901613,1.1817859662607455,2482153.0,7856.0,32.0,10000.0,True,False
1,5,16991272053234864089,SLH_DSA_PURE_SHA2_128S,0.1455514130066149,0.0018594050197862089,0.6559855450177565,0.0013064859667792916,0.010755733004771173,0.010802020027767867,22.06271998101147,1.1718085057819232,2482153.0,7856.0,32.0,10000.0,True,False
1,5,17085139999429205279,SLH_DSA_PURE_SHA2_128S,0.07923308102181181,0.001367792021483183,0.6283805990242399,0.0010169119923375547,0.0107005619793199,0.01074300502659753,22.266777484037448,1.1840356230354918,2482153.0,7856.0,32.0,10000.0,True,False
1,5,2666512937478765477,SLH_DSA_PURE_SHA2_128S,0.07574031600961462,0.0013370829983614385,0.6000600359984674,0.0013174430350773036,0.010789837979245931,0.010837248002644628,10.722971460025292,1.1536819757744907,2482153.0,7856.0,32.0,10000.0,True,False
1,6,17085139999429205279,SLH_DSA_PURE_SHA2_128S,0.14977093500783667,0.002236807020381093,0.8751592849730514,0.0011184110189788043,0.010695575037971139,0.010775651026051491,21.802173070027493,1.084168650281315,2482153.0,7856.0,32.0,10000.0,True,False
1,6,16991272053234864089,SLH_DSA_PURE_SHA2_128S,0.0862530079903081,0.001974421029444784,0.6518431880394928,0.0011555220116861165,0.010692436946555972,0.01074449100997299,22.098264981003013,1.0800333424878958,2482153.0,7856.0,32.0,10000.0,True,False
1,6,9158286688925014640,SLH_DSA_PURE_SHA2_128S,0.08457512996392325,0.0015073689864948392,0.6585340470192023,0.0010953090386465192,0.010616604005917907,0.01066110999090597,22.239177527022548,1.0832426629889125,2482153.0,7856.0,32.0,10000.0,True,False
1,6,17575321175383556808,SLH_DSA_PURE_SHA2_128S,0.07937802595552057,0.0013719729613512754,0.6237463869620115,0.0011562170111574233,0.01065039203967899,0.01070287701440975,22.488830742018763,1.0825231077191166,2482153.0,7856.0,32.0,10000.0,True,False
1,6,2666512937478765477,SLH_DSA_PURE_SHA2_128S,0.07623234699713066,0.0013515879982151091,0.6002833989914507,0.001416671962942928,0.010825476027093828,0.010887787968385965,10.530112327018287,1.0639558021252908,2482153.0,7856.0,32.0,10000.0,True,False
1,7,16991272053234864089,SLH_DSA_PURE_SHA2_128S,0.14928959897952154,0.0018566439975984395,0.7646101710270159,0.001446288952138275,0.011554846947547048,0.011642867000773549,21.562996677996125,0.9942664696385686,2482153.0,7856.0,32.0,10000.0,True,False
1,7,9158286688925014640,SLH_DSA_PURE_SHA2_128S,0.14212501602014527,0.0019105140236206353,0.7187584299826995,0.0013769820216111839,0.011455753992777318,0.011504157038871199,21.8539395389962,1.0128667054656215,2482153.0,7856.0,32.0,10000.0,True,False
1,7,17085139999429205279,SLH_DSA_PURE_SHA2_128S,0.08021507802186534,0.0014496719813905656,0.6475094390334561,0.00177347898716107,0.011002619983628392,0.011052382993511856,22.175054596038535,0.9962268471717834,2482153.0,7856.0,32.0,10000.0,True,False
1,7,17575321175383556808,SLH_DSA_PURE_SHA2_128S,0.16595891199540347,0.0016385980416089296,0.8439958189846948,0.0010662400163710117,0.010745315987151116,0.010802575969137251,22.135950002993923,1.008537809593609,2482153.0,7856.0,32.0,10000.0,True,False
1,7,2666512937478765477,SLH_DSA_PURE_SHA2_128S,0.07808915805071592,0.0017221529851667583,0.6112329149618745,0.0013376179849728942,0.01079778402345255,0.010842583025805652,10.710824166948441,0.9970942612844534,2482153.0,7856.0,32.0,10000.0,True,False
1,8,9158286688925014640,SLH_DSA_PURE_SHA2_128S,0.08936552796512842,0.002576383005362004,0.6456696219975129,0.0010342170135118067,0.010766103980131447,0.010850092978216708,21.991343625006266,0.9234534557254169,2482153.0,7856.0,32.0,10000.0,True,False
1,8,17085139999429205279,SLH_DSA_PURE_SHA2_128S,0.08671359700383618,0.002034724981058389,0.691192033002153,0.0011503809946589172,0.0107042680028826,0.010751824011094868,22.06825053197099,0.9235782616625959,2482153.0,7856.0,32.0,10000.0,True,False
1,8,17575321175383556808,SLH_DSA_PURE_SHA2_128S,0.12623979401541874,0.001458396960515529,0.6268215219606645,0.0010627169976942241,0.010766743042040616,0.01081182702910155,22.233088537992444,0.9147526691325556,2482153.0,7856.0,32.0,10000.0,True,False
1,8,16991272053234864089,SLH_DSA_PURE_SHA2_128S,0.08559904497815296,0.0013514140155166388,0.6269916879828088,0.0011105479788966477,0.010956953978165984,0.011005333042703569,22.297004836029373,0.925576219067406,2482153.0,7856.0,32.0,10000.0,True,False
1,8,2666512937478765477,SLH_DSA_PURE_SHA2_128S,0.07678212400060147,0.0013783180038444698,0.6018222729908302,0.001138793013524264,0.010785661987029016,0.010833376029040664,10.689379755989648,0.89954535506023,2482153.0,7856.0,32.0,10000.0,True,False
1,9,17085139999429205279,SLH_DSA_PURE_SHA2_128S,0.08826186403166503,0.0024721819791011512,0.6518101129913703,0.001080614048987627,0.010817007045261562,0.010897230997215956,21.923798882984556,0.8819173177400716,2482153.0,7856.0,32.0,10000.0,True,False
1,9,16991272053234864089,SLH_DSA_PURE_SHA2_128S,0.12958395102759823,0.0014769730041734874,0.6530634349910542,0.001064649026375264,0.010716621007304639,0.010763736965600401,22.030313107999973,0.8623394840441573,2482153.0,7856.0,32.0,10000.0,True,False
1,9,9158286688925014640,SLH_DSA_PURE_SHA2_128S,0.14664571202592924,0.0018779500387609005,0.7312827169662341,0.0011202750029042363,0.010621746012475342,0.010674377030227333,22.10589892300777,0.8702468746386397,2482153.0,7856.0,32.0,10000.0,True,False
1,9,17575321175383556808,SLH_DSA_PURE_SHA2_128S,0.07906435197219253,0.0013758899876847863,0.6224633919773623,0.0010808419901877642,0.010734838026110083,0.010780358978081495,22.375535490980837,0.8541945426608808,2482153.0,7856.0,32.0,10000.0,True,False
1,9,2666512937478765477,SLH_DSA_PURE_SHA2_128S,0.07645029900595546,0.0013490109704434872,0.6017835660022683,0.0010929799755103886,0.010682961030397564,0.010725615953560919,10.622747663001064,0.840526737629796,2482153.0,7856.0,32.0,10000.0,True,False
1,10,17575321175383556808,SLH_DSA_PURE_SHA2_128S,0.08598224999150261,0.0015237759798765182,0.6531260030460544,0.0010535339824855328,0.01071597496047616,0.01079754502279684,21.576822927978355,0.8007372896701764,2482153.0,7856.0,32.0,10000.0,True,False
1,10,9158286688925014640,SLH_DSA_PURE_SHA2_128S,0.08540015702601522,0.00198272499255836,0.6651537279831246,0.001134530990384519,0.010841322946362197,0.010888233955483884,21.59924032300478,0.791633451137299,2482153.0,7856.0,32.0,10000.0,True,False
1,10,16991272053234864089,SLH_DSA_PURE_SHA2_128S,0.14618103799875826,0.001592145999893546,0.7430494099971838,0.0010888969991356134,0.010772271954920143,0.010820174997206777,21.501421674969606,0.7981882500477111,2482153.0,7856.0,32.0,10000.0,True,False
1,10,17085139999429205279,SLH_DSA_PURE_SHA2_128S,0.16488593799294904,0.0016090210410766304,0.7743711060029455,0.0011189270298928022,0.010732124967034906,0.010780971031636,21.90582186100073,0.8094714193012768,2482153.0,7856.0,32.0,10000.0,True,False
1,10,2666512937478765477,SLH_DSA_PURE_SHA2_128S,0.0778730139718391,0.0014637440326623619,0.6174598970101215,0.0010977099882438779,0.011153944011311978,0.011200734006706625,10.580506478028838,0.7765977047026729,2482153.0,7856.0,32.0,10000.0,True,False
1,11,17085139999429205279,SLH_DSA_PURE_SHA2_128S,0.09084286697907373,0.003068081976380199,0.6464117449941114,0.0012751449830830097,0.010746687999926507,0.010835325985681266,21.74787883704994,0.7530270464504107,2482153.0,7856.0,32.0,10000.0,True,False
1,11,9158286688925014640,SLH_DSA_PURE_SHA2_128S,0.08666675601853058,0.0024087189813144505,0.6386124810087495,0.0013565369881689548,0.011186493968125433,0.011232203978579491,21.822074734023772,0.7318951622746623,2482153.0,7856.0,32.0,10000.0,True,False
1,11,16991272053234864089,SLH_DSA_PURE_SHA2_128S,0.08124431903706864,0.001478885009419173,0.6310443539987318,0.0010574599727988243,0.010824616998434067,0.010866855969652534,22.00632189202588,0.7399656522673921,2482153.0,7856.0,32.0,10000.0,True,False
1,11,17575321175383556808,SLH_DSA_PURE_SHA2_128S,0.08011442300630733,0.001352486026007682,0.6310050309984945,0.001506535045336932,0.010788110026624054,0.010835347988177091,22.05961994000245,0.7422559592670526,2482153.0,7856.0,32.0,10000.0,True,False
1,11,2666512937478765477,SLH_DSA_PURE_SHA2_128S,0.07582021498819813,0.0013406590442173183,0.6018061800277792,0.0010866239899769425,0.010816238995175809,0.010859632981009781,10.566864171996713,0.7228690303933506,2482153.0,7856.0,32.0,10000.0,True,False
1,12,9158286688925014640,SLH_DSA_PURE_SHA2_128S,0.1404340750304982,0.003154772042762488,0.6304222629987635,0.0010511809960007668,0.010940828011371195,0.011019811034202576,21.983913105970714,0.68010617411746,2482153.0,7856.0,32.0,10000.0,True,False
1,12,17575321175383556808,SLH_DSA_PURE_SHA2_128S,0.11723714001709595,0.0015877959667705,0.639700889994856,0.0011180549627169967,0.010731637012213469,0.010777977004181594,22.038764472992625,0.6916993238960212,2482153.0,7856.0,32.0,10000.0,True,False
1,12,17085139999429205279,SLH_DSA_PURE_SHA2_128S,0.08209916698979214,0.001433307013940066,0.6323615849833004,0.0014778540353290737,0.010805703001096845,0.010858670982997864,22.130618265015073,0.7035547139259953,2482153.0,7856.0,32.0,10000.0,True,False
1,12,16991272053234864089,SLH_DSA_PURE_SHA2_128S,0.07936375995632261,0.0013346030027605593,0.6296888400102034,0.0010789860389195383,0.010836757952347398,0.010893197963014245,22.180054789991118,0.6867212605552552,2482153.0,7856.0,32.0,10000.0,True,False
1,12,2666512937478765477,SLH_DSA_PURE_SHA2_128S,0.07659185404190794,0.0013297919649630785,0.6005363849690184,0.0014466089778579772,0.011129816004540771,0.011185657000169158,10.551928624976426,0.6684015035248412,2482153.0,7856.0,32.0,10000.0,True,False
1,13,9158286688925014640,SLH_DSA_PURE_SHA2_128S,0.09902395599056035,0.00178695801878348,0.6893779480014928,0.0018059450085274875,0.011267171998042613,0.011361724988091737,21.268664969946258,0.630064486457517,2482153.0,7856.0,32.0,10000.0,True,False
1,13,16991272053234864089,SLH_DSA_PURE_SHA2_128S,0.0946137550054118,0.0017869879957288504,0.8086073730373755,0.001648042001761496,0.01123748195823282,0.01128719700500369,21.176943539001513,0.6399198387044306,2482153.0,7856.0,32.0,10000.0,True,False
1,13,17085139999429205279,SLH_DSA_PURE_SHA2_128S,0.08444393594982103,0.0016756170080043375,0.7183001660159789,0.001413686026353389,0.011113387008663267,0.011162119975779206,21.32959118700819,0.6162379948071207,2482153.0,7856.0,32.0,10000.0,True,False
1,13,17575321175383556808,SLH_DSA_PURE_SHA2_128S,0.24106649396708235,0.0019231110345572233,0.8291558849741705,0.0015786500298418105,0.01082278898684308,0.01087468903278932,21.451981392980088,0.6253581186072134,2482153.0,7856.0,32.0,10000.0,True,False
1,13,2666512937478765477,SLH_DSA_PURE_SHA2_128S,0.07723599096061662,0.0014173599774949253,0.613415002997499,0.001403139962349087,0.010704858985263854,0.010757296986412257,10.726085740025155,0.6417223681895116,2482153.0,7856.0,32.0,10000.0,True,False
1,14,9158286688925014640,SLH_DSA_PURE_SHA2_128S,0.08452394499909133,0.0018517340067774057,0.6529112239950337,0.0011576410033740103,0.010702706989832222,0.010787400009576231,21.995245550002437,0.5830124900363886,2482153.0,7856.0,32.0,10000.0,True,False
1,14,17085139999429205279,SLH_DSA_PURE_SHA2_128S,0.10002206603530794,0.0015903339954093099,0.6507390789920464,0.0010670009651221335,0.01078837102977559,0.010837166977580637,21.952500537969172,0.5895597015183193,2482153.0,7856.0,32.0,10000.0,True,False
1,14,17575321175383556808,SLH_DSA_PURE_SHA2_128S,0.08553446200676262,0.0016116230399347842,0.6516786440042779,0.0013292509829625487,0.010690597002394497,0.010743997991085052,21.9304903660086,0.5794405920770221,2482153.0,7856.0,32.0,10000.0,True,False
1,14,16991272053234864089,SLH_DSA_PURE_SHA2_128S,0.07956079702125862,0.0013475900050252676,0.6170666830148548,0.0010864540236070752,0.010570458020083606,0.010617970023304224,22.416046846017707,0.586170468158044,2482153.0,7856.0,32.0,10000.0,True,False
1,14,2666512937478765477,SLH_DSA_PURE_SHA2_128S,0.07597444800194353,0.0013660130207426846,0.6004823090042919,0.001075005973689258,0.011966085992753506,0.01201004401082173,10.620310478028841,0.5756428592121259,2482153.0,7856.0,32.0,10000.0,True,False
1,15,17575321175383556808,SLH_DSA_PURE_SHA2_128S,0.10313812003005296,0.00189438700908795,0.8067615799955092,0.001126559975091368,0.010737817035987973,0.010822901967912912,21.46725540998159,0.540890099712835,2482153.0,7856.0,32.0,10000.0,True,False
1,15,16991272053234864089,SLH_DSA_PURE_SHA2_128S,0.13511323800776154,0.0017664629849605262,0.6357921939925291,0.0012681870139203966,0.011121037998236716,0.011172030994202942,21.729325255029835,0.5450552625539965,2482153.0,7856.0,32.0,10000.0,True,False
1,15,9158286688925014640,SLH_DSA_PURE_SHA2_128S,0.08531508001033217,0.0015932409442029893,0.6364828699734062,0.0011032530455850065,0.010738543991465122,0.010788396990392357,21.833548837981652,0.5525080909530005,2482153.0,7856.0,32.0,10000.0,True,False
1,15,17085139999429205279,SLH_DSA_PURE_SHA2_128S,0.08025093999458477,0.0013814279809594154,0.6503486930159852,0.0010906700044870377,0.010833460022695363,0.010881020978558809,21.965053660969716,0.551770286045421,2482153.0,7856.0,32.0,10000.0,True,False
1,15,2666512937478765477,SLH_DSA_PURE_SHA2_128S,0.07655839796643704,0.0015836950042285025,0.6025178989511915,0.0011155949905514717,0.01089229597710073,0.010943478031549603,10.74207104096422,0.5480091166310608,2482153.0,7856.0,32.0,10000.0,True,False
1,16,16991272053234864089,SLH_DSA_PURE_SHA2_128S,0.10453839501133189,0.0017372440197505057,0.6736229420057498,0.0011433069594204426,0.010691320989280939,0.010776554001495242,21.68968045100337,0.5044483459248139,2482153.0,7856.0,32.0,10000.0,True,False
1,16,9158286688925014640,SLH_DSA_PURE_SHA2_128S,0.07925282599171624,0.0014720960170961916,0.70309028000338,0.0010792540269903839,0.010698995960410684,0.01074785995297134,21.785044453979935,0.5185569345939178,2482153.0,7856.0,32.0,10000.0,True,False
1,16,17575321175383556808,SLH_DSA_PURE_SHA2_128S,0.17314923700178042,0.0015505680348724127,1.053259528009221,0.0011327120009809732,0.010736001015175134,0.010781484947074205,21.62586429202929,0.5240651628198906,2482153.0,7856.0,32.0,10000.0,True,False
1,16,17085139999429205279,SLH_DSA_PURE_SHA2_128S,0.17850185296265408,0.001529438013676554,1.0213474030024372,0.0011801820364780724,0.010815761983394623,0.010863726027309895,21.696537598967552,0.5099620005211082,2482153.0,7856.0,32.0,10000.0,True,False
1,16,2666512937478765477,SLH_DSA_PURE_SHA2_128S,0.07852518098661676,0.0017077199881896377,0.6130011649802327,0.0011232909746468067,0.01066858001286164,0.010714294970966876,10.618856658984441,0.5245850110134949,2482153.0,7856.0,32.0,10000.0,True,False
1,17,17085139999429205279,SLH_DSA_PURE_SHA2_128S,0.08609493100084364,0.0039311309810727835,0.642617836012505,0.001112703001126647,0.011293299961835146,0.01138527796138078,21.69465277402196,0.4840767974325548,2482153.0,7856.0,32.0,10000.0,True,False
1,17,17575321175383556808,SLH_DSA_PURE_SHA2_128S,0.0851024390431121,0.001790256006643176,0.6308229300193489,0.001187287038192153,0.010739071993157268,0.01078601402696222,21.85245694598416,0.4726624600946332,2482153.0,7856.0,32.0,10000.0,True,False
1,17,16991272053234864089,SLH_DSA_PURE_SHA2_128S,0.14486316597322002,0.005628586048260331,0.7460476759588346,0.0018076550331898034,0.011071949964389205,0.011138999019749463,21.602997676993255,0.49066834693280653,2482153.0,7856.0,32.0,10000.0,True,False
1,17,9158286688925014640,SLH_DSA_PURE_SHA2_128S,0.0793392860214226,0.001392651000060141,0.6273416350013576,0.0011030310415662825,0.01069280895171687,0.010742889018729329,21.95564890798414,0.48045048966242104,2482153.0,7856.0,32.0,10000.0,True,False
1,17,2666512937478765477,SLH_DSA_PURE_SHA2_128S,0.07608765200711787,0.0013992449967190623,0.6030042680213228,0.0010541569790802896,0.010772084002383053,0.010817667003720999,10.635657414968591,0.48477757006836014,2482153.0,7856.0,32.0,10000.0,True,False
1,18,16991272053234864089,SLH_DSA_PURE_SHA2_128S,0.08643321495037526,0.00188714504474774,0.6552640559966676,0.001078067987691611,0.010793393012136221,0.010881235997658223,21.6483263859991,0.43706721040649343,2482153.0,7856.0,32.0,10000.0,True,False
1,18,17575321175383556808,SLH_DSA_PURE_SHA2_128S,0.1247889039805159,0.0018541489844210446,0.6684836330241524,0.0011054230271838605,0.010783939971588552,0.010832027008291334,21.747738921956625,0.4586961256167569,2482153.0,7856.0,32.0,10000.0,True,False
1,18,17085139999429205279,SLH_DSA_PURE_SHA2_128S,0.15936280600726604,0.0018237460171803832,0.838725007022731,0.0011789379641413689,0.01062982901930809,0.01067832496482879,21.528999894973822,0.442296665274916,2482153.0,7856.0,32.0,10000.0,True,False
1,18,9158286688925014640,SLH_DSA_PURE_SHA2_128S,0.07984371698694304,0.0014004789991304278,0.6238920749747194,0.0014065090217627585,0.010905681992881,0.010957601014524698,22.104332043032628,0.4448735041442675,2482153.0,7856.0,32.0,10000.0,True,False
1,18,2666512937478765477,SLH_DSA_PURE_SHA2_128S,0.07677296502515674,0.0013740540016442537,0.600026908039581,0.0011466300347819924,0.01088204700499773,0.010934158985037357,10.76836030202685,0.4601560875463981,2482153.0,7856.0,32.0,10000.0,True,False
1,19,17085139999429205279,SLH_DSA_PURE_SHA2_128S,0.08693167200544849,0.002260109002236277,0.6994685680256225,0.001190723036415875,0.011075783986598253,0.011157059983815998,21.470659844984766,0.40063772456178937,2482153.0,7856.0,32.0,10000.0,True,False
1,19,17575321175383556808,SLH_DSA_PURE_SHA2_128S,0.08527781302109361,0.0015422769938595593,0.7053671029862016,0.0011120560229755938,0.011196280014701188,0.01124501199228689,21.706999522983097,0.40790116706619056,2482153.0,7856.0,32.0,10000.0,True,False
1,19,9158286688925014640,SLH_DSA_PURE_SHA2_128S,0.16023501101881266,0.0016934279701672494,0.7971020920085721,0.0011259189923293889,0.010783189034555107,0.010828101949300617,21.62320508301491,0.41851316701275665,2482153.0,7856.0,32.0,10000.0,True,False
1,19,16991272053234864089,SLH_DSA_PURE_SHA2_128S,0.08058516099117696,0.0013885750086046755,0.9210759690031409,0.0010927189723588526,0.01075657899491489,0.01080288999946788,22.045394290005788,0.4228431871785714,2482153.0,7856.0,32.0,10000.0,True,False
1,19,2666512937478765477,SLH_DSA_PURE_SHA2_128S,0.07760520098963752,0.001547000021673739,0.614929023955483,0.001194533018860966,0.010671492957044393,0.010717789991758764,10.828988250985276,0.4238626018237953,2482153.0,7856.0,32.0,10000.0,True,False
1,20,17575321175383556808,SLH_DSA_PURE_SHA2_128S,0.08796268102014437,0.0030872609931975603,0.6457417679484934,0.0011122020077891648,0.011020170990377665,0.011108011996839195,22.178399179014377,0.4032439867409464,2482153.0,7856.0,32.0,10000.0,True,False
1,20,16991272053234864089,SLH_DSA_PURE_SHA2_128S,0.12428411899600178,0.0017116479575634003,0.6375942109734751,0.0011970239575020969,0.010947302042040974,0.01099463301943615,22.248689927975647,0.39402956770846065,2482153.0,7856.0,32.0,10000.0,True,False
1,20,17085139999429205279,SLH_DSA_PURE_SHA2_128S,0.09432813298190013,0.00139391899574548,0.626662109978497,0.0013065320090390742,0.01071071601472795,0.01075511402450502,22.50901649298612,0.3978873623457675,2482153.0,7856.0,32.0,10000.0,True,False
1,20,9158286688925014640,SLH_DSA_PURE_SHA2_128S,0.10813718900317326,0.0014005519915372133,0.6309784240438603,0.0010803350014612079,0.010702191037125885,0.010748895001597703,22.462020140024833,0.3949110403704567,2482153.0,7856.0,32.0,10000.0,True,False
1,20,2666512937478765477,SLH_DSA_PURE_SHA2_128S,0.07591751299332827,0.0013271329808048904,0.6015067410189658,0.0010651390184648335,0.010861759015824646,0.01090602099429816,10.68554228101857,0.4076609610529325,2482153.0,7856.0,32.0,10000.0,True,False
1,21,9158286688925014640,SLH_DSA_PURE_SHA2_128S,0.08805881900480017,0.0017363919760100543,0.6373915200238116,0.001190537994261831,0.010702131025027484,0.010794208035804331,21.952248297980987,0.38406681870452514,2482153.0,7856.0,32.0,10000.0,True,False
1,21,17575321175383556808,SLH_DSA_PURE_SHA2_128S,0.08684321900364012,0.002812600985635072,0.6390652810223401,0.0011589799541980028,0.010856134002096951,0.010906601964961737,21.9615565679851,0.3711361907386837,2482153.0,7856.0,32.0,10000.0,True,False
1,21,17085139999429205279,SLH_DSA_PURE_SHA2_128S,0.07994482503272593,0.0014436590136028826,0.6277519150171429,0.0012041829759255052,0.010734579991549253,0.010783025994896889,22.15101540699834,0.36105624855623936,2482153.0,7856.0,32.0,10000.0,True,False
1,21,16991272053234864089,SLH_DSA_PURE_SHA2_128S,0.08089563902467489,0.001383970957249403,0.6274051240179688,0.0011889750021509826,0.010724659019615501,0.01079359999857843,22.109787339984905,0.3794164604093796,2482153.0,7856.0,32.0,10000.0,True,False
1,21,2666512937478765477,SLH_DSA_PURE_SHA2_128S,0.07604002195876092,0.001334686006885022,0.6011862889863551,0.0010922930086962879,0.010838878981303424,0.010887194017414004,10.645536841999274,0.384409070389863,2482153.0,7856.0,32.0,10000.0,True,False
1,22,16991272053234864089,SLH_DSA_PURE_SHA2_128S,0.15801635500974953,0.0014817119808867574,0.6354339440003969,0.0010878139873966575,0.010685815010219812,0.010771264031063765,22.198482106963638,0.35957614607668625,2482153.0,7856.0,32.0,10000.0,True,False
1,22,17575321175383556808,SLH_DSA_PURE_SHA2_128S,0.1646161469980143,0.001691114972345531,0.6315888910321519,0.001123049994930625,0.010763994010630995,0.010812703985720873,22.16824618098326,0.335813733865135,2482153.0,7856.0,32.0,10000.0,True,False
1,22,17085139999429205279,SLH_DSA_PURE_SHA2_128S,0.15985397901386023,0.001559399999678135,0.6636523140477948,0.0010693120420910418,0.01064553699688986,0.010690548981074244,22.2101510129869,0.3608304818901724,2482153.0,7856.0,32.0,10000.0,True,False
1,22,9158286688925014640,SLH_DSA_PURE_SHA2_128S,0.13920498301740736,0.0015294509939849377,0.8506867380347103,0.0011882309918291867,0.01076420396566391,0.010812374006491154,22.17711133294506,0.3682269034282373,2482153.0,7856.0,32.0,10000.0,True,False
1,22,2666512937478765477,SLH_DSA_PURE_SHA2_128S,0.07835174998035654,0.0015718439826741815,0.604505526018329,0.0010657000239007175,0.010724678984843194,0.010771089990157634,10.834167495951988,0.3596300361916042,2482153.0,7856.0,32.0,10000.0,True,False
1,23,17575321175383556808,SLH_DSA_PURE_SHA2_128S,0.0995301739894785,0.003443816036451608,0.6450538319768384,0.0011211049859412014,0.010719079989939928,0.010804668010678142,22.033110655029304,0.3295500644872459,2482153.0,7856.0,32.0,10000.0,True,False
1,23,17085139999429205279,SLH_DSA_PURE_SHA2_128S,0.14622168301139027,0.001493855961598456,0.7560245089698583,0.0011689980165101588,0.010698929021600634,0.010746634972747415,21.986606225022115,0.32784359047662454,2482153.0,7856.0,32.0,10000.0,True,False
1,23,9158286688925014640,SLH_DSA_PURE_SHA2_128S,0.08541131997480989,0.0015260300133377314,0.6707776520051993,0.0013452970306389034,0.01076853199629113,0.010816134978085756,22.16935388901038,0.3407396435672149,2482153.0,7856.0,32.0,10000.0,True,False
1,23,16991272053234864089,SLH_DSA_PURE_SHA2_128S,0.07986512302886695,0.0013715509558096528,0.6264848280115984,0.0010871870326809585,0.010814655979629606,0.010863804025575519,22.406152284005657,0.33867571178300027,2482153.0,7856.0,32.0,10000.0,True,False
1,23,2666512937478765477,SLH_DSA_PURE_SHA2_128S,0.07624989695614204,0.0014114140067249537,0.6014566799858585,0.0010537239722907543,0.010641889995895326,0.01068515598308295,10.851166998967528,0.3466329933932652,2482153.0,7856.0,32.0,10000.0,True,False
1,24,16991272053234864089,SLH_DSA_PURE_SHA2_128S,0.15294922300381586,0.001765071996487677,0.6887362150009722,0.0010935459868051112,0.010730252950452268,0.010817647038493305,22.217816182004754,0.31686224824281783,2482153.0,7856.0,32.0,10000.0,True,False
1,24,17085139999429205279,SLH_DSA_PURE_SHA2_128S,0.12714551598764956,0.0015567060327157378,0.6412761169485748,0.0011467259610071778,0.010927191993687302,0.010976863966789097,22.364159609016497,0.31311667819296163,2482153.0,7856.0,32.0,10000.0,True,False
1,24,9158286688925014640,SLH_DSA_PURE_SHA2_128S,0.14870588498888537,0.001740509003866464,0.6553068070206791,0.0011564019951038063,0.010690798982977867,0.010766390012577176,22.473306776955724,0.3117336802982008,2482153.0,7856.0,32.0,10000.0,True,False
1,24,17575321175383556808,SLH_DSA_PURE_SHA2_128S,0.07983164401957765,0.0013531179865822196,0.625967176980339,0.0011151700164191425,0.0111045420053415,0.01115225802641362,22.678744863020256,0.31788650138999897,2482153.0,7856.0,32.0,10000.0,True,False
1,24,2666512937478765477,SLH_DSA_PURE_SHA2_128S,0.0768989910138771,0.0013433939893729985,0.6009995210333727,0.0011233939439989626,0.01079124998068437,0.010840817005373538,10.70433741400484,0.32941061567616303,2482153.0,7856.0,32.0,10000.0,True,False
1,25,17085139999429205279,SLH_DSA_PURE_SHA2_128S,0.12328267400152981,0.0017294600256718695,0.7337260160129517,0.0011943600256927311,0.011254284996539354,0.011348791013006121,21.989777701965068,0.29379600668087985,2482153.0,7856.0,32.0,10000.0,True,False
1,25,9158286688925014640,SLH_DSA_PURE_SHA2_128S,0.1299371459754184,0.0014686600188724697,0.6337285350309685,0.0011012900504283607,0.011078364972490817,0.011130251979921013,22.085272905998863,0.31937584155402815,2482153.0,7856.0,32.0,10000.0,True,False
1,25,17575321175383556808,SLH_DSA_PURE_SHA2_128S,0.07954094198066741,0.0013858869788236916,0.6300413089920767,0.0010732249938882887,0.010849817015696317,0.010894496983382851,22.180241730995476,0.32523754444241093,2482153.0,7856.0,32.0,10000.0,True,False
1,25,16991272053234864089,SLH_DSA_PURE_SHA2_128S,0.1788493429776281,0.00165475596440956,0.6355364129994996,0.001084827003069222,0.010719668993260711,0.010768149979412556,22.038791267958004,0.30954113295569585,2482153.0,7856.0,32.0,10000.0,True,False
1,25,2666512937478765477,SLH_DSA_PURE_SHA2_128S,0.07691623800201342,0.001350307953543961,0.6084155409480445,0.0011122319847345352,0.010745352949015796,0.010792400978971273,10.850152060971595,0.2943313073860809,2482153.0,7856.0,32.0,10000.0,True,False
1,26,16991272053234864089,SLH_DSA_PURE_SHA2_128S,0.14296273898798972,0.0018097939901053905,0.788602257031016,0.0011225600028410554,0.01076958398334682,0.010868477984331548,22.027966228022706,0.28302654378062575,2482153.0,7856.0,32.0,10000.0,True,False
1,26,17085139999429205279,SLH_DSA_PURE_SHA2_128S,0.09719084901735187,0.0021379340323619545,0.8795758810010739,0.0011623689788393676,0.01072059798752889,0.01076498004840687,22.22767922905041,0.2841534120218156,2482153.0,7856.0,32.0,10000.0,True,False
1,26,9158286688925014640,SLH_DSA_PURE_SHA2_128S,0.08479196997359395,0.0016348949866369367,0.7623315830132924,0.001367720018606633,0.011900154990144074,0.011950010026339442,22.42325965600321,0.28081063346151774,2482153.0,7856.0,32.0,10000.0,True,False
1,26,17575321175383556808,SLH_DSA_PURE_SHA2_128S,0.08105360198533162,0.0014685409842059016,0.6188294210005552,0.0011359929922036827,0.010699199978262186,0.010748747969046235,22.931945363990963,0.30390304714715044,2482153.0,7856.0,32.0,10000.0,True,False
1,26,2666512937478765477,SLH_DSA_PURE_SHA2_128S,0.07768876501359046,0.0013716500252485275,0.6047729330020957,0.0010486429673619568,0.010692588984966278,0.01073736499529332,10.684370231989305,0.3113927902310146,2482153.0,7856.0,32.0,10000.0,True,False
1,27,17085139999429205279,SLH_DSA_PURE_SHA2_128S,0.08779549301834777,0.0017749399994499981,0.8156726690358482,0.0011072030174545944,0.010790295025799423,0.010882607952225953,21.698051490995567,0.27726289467289505,2482153.0,7856.0,32.0,10000.0,True,False
1,27,9158286688925014640,SLH_DSA_PURE_SHA2_128S,0.12737168901367113,0.0019576679915189743,0.6530148729798384,0.0011840939987450838,0.011047533014789224,0.01110056700417772,21.825354892003816,0.2959771103436907,2482153.0,7856.0,32.0,10000.0,True,False
1,27,16991272053234864089,SLH_DSA_PURE_SHA2_128S,0.08457385405199602,0.0015057449927553535,0.6298032740014605,0.0010909350239671767,0.010877122986130416,0.010924758040346205,22.152556298009586,0.2786363168580892,2482153.0,7856.0,32.0,10000.0,True,False
1,27,17575321175383556808,SLH_DSA_PURE_SHA2_128S,0.07992955099325627,0.0013695749803446233,0.6392549779848196,0.0013421470066532493,0.01072186598321423,0.0107764340355061,22.22125868598232,0.2646931994824667,2482153.0,7856.0,32.0,10000.0,True,False
1,27,2666512937478765477,SLH_DSA_PURE_SHA2_128S,0.07607465697219595,0.001354465028271079,0.6017088280059397,0.0011181360459886491,0.010736189025919884,0.010784577985759825,10.78222149098292,0.27801013198092034,2482153.0,7856.0,32.0,10000.0,True,False
1,28,16991272053234864089,SLH_DSA_PURE_SHA2_128S,0.15416705899406224,0.0019280160195194185,0.6343822759808972,0.0011007420253008604,0.010918801999650896,0.011000149010214955,22.070002107007895,0.2598193681887396,2482153.0,7856.0,32.0,10000.0,True,False
1,28,17575321175383556808,SLH_DSA_PURE_SHA2_128S,0.1611771850148216,0.001675640989560634,0.6524407740216702,0.0011513540521264076,0.010698015976231545,0.010748068045359105,22.09764522500336,0.268236683418278,2482153.0,7856.0,32.0,10000.0,True,False
1,28,9158286688925014640,SLH_DSA_PURE_SHA2_128S,0.17554879799718037,0.0016212309710681438,0.7167368059745058,0.0011497500236146152,0.010765446000732481,0.010811209969688207,22.21530147001613,0.2708160795327931,2482153.0,7856.0,32.0,10000.0,True,False
1,28,17085139999429205279,SLH_DSA_PURE_SHA2_128S,0.08101613004691899,0.0013834009878337383,0.6858506099670194,0.001096675987355411,0.010910790006164461,0.010959390958305448,22.290690866997465,0.2690424471215818,2482153.0,7856.0,32.0,10000.0,True,False
1,28,2666512937478765477,SLH_DSA_PURE_SHA2_128S,0.07650183100486174,0.0013611899921670556,0.6011193110025488,0.0010731570073403418,0.010671317984815687,0.010716035962104797,10.71714680903824,0.2794782223935706,2482153.0,7856.0,32.0,10000.0,True,False
1,29,17575321175383556808,SLH_DSA_PURE_SHA2_128S,0.09908889699727297,0.0025817740242928267,0.6906369480420835,0.0010646430309861898,0.011068510997574776,0.011172164988238364,22.193952816014644,0.2532501330274862,2482153.0,7856.0,32.0,10000.0,True,False
1,29,17085139999429205279,SLH_DSA_PURE_SHA2_128S,0.08497195498785004,0.0016660669934935868,0.6289118590066209,0.0011645769700407982,0.011059944983571768,0.01111013098852709,22.335553142009303,0.2600263750530964,2482153.0,7856.0,32.0,10000.0,True,False
1,29,16991272053234864089,SLH_DSA_PURE_SHA2_128S,0.145522864011582,0.0014737930032424629,0.6306844179634936,0.001130113028921187,0.0110302260145545,0.011080702010076493,22.255387623037677,0.2500470920998496,2482153.0,7856.0,32.0,10000.0,True,False
1,29,9158286688925014640,SLH_DSA_PURE_SHA2_128S,0.08024446200579405,0.0014056260115467012,0.6317066890187562,0.0011256839497946203,0.010707175999414176,0.010754162969533354,22.39528221602086,0.28702819653408834,2482153.0,7856.0,32.0,10000.0,True,False
1,29,2666512937478765477,SLH_DSA_PURE_SHA2_128S,0.07666996703483164,0.0013476359890773892,0.6020132980193011,0.0011627700296230614,0.010710865957662463,0.010759873024653643,10.862841502006631,0.26574435259904355,2482153.0,7856.0,32.0,10000.0,True,False
1,30,9158286688925014640,SLH_DSA_PURE_SHA2_128S,0.08658757800003514,0.003919305047020316,0.6721101820003241,0.0011307940003462136,0.010731065005529672,0.010821183037478477,22.031485629966483,0.24375388675708526,2482153.0,7856.0,32.0,10000.0,True,False
1,30,16991272053234864089,SLH_DSA_PURE_SHA2_128S,0.08588918903842568,0.0027315380284562707,0.6330121750361286,0.0011088339961133897,0.010757241980172694,0.010802256991155446,22.221363288001157,0.24348023918623957,2482153.0,7856.0,32.0,10000.0,True,False
1,30,17085139999429205279,SLH_DSA_PURE_SHA2_128S,0.10367320297518745,0.0014873839681968093,0.6611161929904483,0.0011442239629104733,0.010810134990606457,0.010867326986044645,22.33517860498978,0.2556244744115863,2482153.0,7856.0,32.0,10000.0,True,False
1,30,17575321175383556808,SLH_DSA_PURE_SHA2_128S,0.0795121060218662,0.001376050990074873,0.6283482720027678,0.0010757939890027046,0.010867695033084601,0.01091326994355768,22.352435145992786,0.24189461725087058,2482153.0,7856.0,32.0,10000.0,True,False
1,30,2666512937478765477,SLH_DSA_PURE_SHA2_128S,0.07627546100411564,0.0013774249819107354,0.6014624509843998,0.0011440319940447807,0.010820649040397257,0.010870238998904824,10.902841011004057,0.24960330707845263,2482153.0,7856.0,32.0,10000.0,True,False
2,1,8574047381244813979,SLH_DSA_PURE_SHA2_128S,0.12606676801806316,0.0016636440414004028,0.6298017330118455,0.0018799699610099196,0.010853898013010621,0.011003090010490268,21.71666992100654,1.932773409940945,2482153.0,7856.0,32.0,10000.0,True,False
2,1,10933862899769684967,SLH_DSA_PURE_SHA2_128S,0.15863707498647273,0.002967937965877354,0.8599831069586799,0.0013185509596951306,0.011018125980626792,0.011105417972430587,21.510678262042347,1.9516492335560223,2482153.0,7856.0,32.0,10000.0,True,False
2,1,18030308139012470640,SLH_DSA_PURE_SHA2_128S,0.10604834801051766,0.00169818801805377,0.6333638840005733,0.0010984480031765997,0.010956504032947123,0.011021397018339485,21.543026781990193,1.9538505420136376,2482153.0,7856.0,32.0,10000.0,True,False
2,1,2135552855974365639,SLH_DSA_PURE_SHA2_128S,0.17664966301526874,0.0015564430505037308,0.7190132350078784,0.0011924279970116913,0.011040348967071623,0.011108553037047386,21.662716525956057,1.945201638788461,2482153.0,7856.0,32.0,10000.0,True,False
2,1,5367311999650551094,SLH_DSA_PURE_SHA2_128S,0.07687029702356085,0.0013381019816733897,0.5999692680197768,0.001065657997969538,0.011107383004855365,0.01115979696623981,10.667978770972695,1.9123577896398478,2482153.0,7856.0,32.0,10000.0,True,False
2,2,18030308139012470640,SLH_DSA_PURE_SHA2_128S,0.10052204999374226,0.0019206069991923869,0.6379708569729701,0.0011095100198872387,0.0107687339768745,0.010868760000448674,21.46651275997283,1.6438039583139146,2482153.0,7856.0,32.0,10000.0,True,False
2,2,2135552855974365639,SLH_DSA_PURE_SHA2_128S,0.08419342996785417,0.0016004850040189922,0.6343262390000746,0.0010623619891703129,0.010764017002657056,0.010815499990712851,21.528372727974784,1.6814740012628964,2482153.0,7856.0,32.0,10000.0,True,False
2,2,8574047381244813979,SLH_DSA_PURE_SHA2_128S,0.08420604898128659,0.001923002942930907,0.6346198050305247,0.0013478529872372746,0.010771558969281614,0.010837112029548734,21.539272816036828,1.6884208380604704,2482153.0,7856.0,32.0,10000.0,True,False
2,2,10933862899769684967,SLH_DSA_PURE_SHA2_128S,0.07979758305009454,0.0013665659935213625,0.6250627359841019,0.00118444103281945,0.01069256803020835,0.010746682994067669,21.704614109010436,1.6835460327684688,2482153.0,7856.0,32.0,10000.0,True,False
2,2,5367311999650551094,SLH_DSA_PURE_SHA2_128S,0.07614420598838478,0.0013285069726407528,0.6012677199905738,0.0010600090026855469,0.0107320660026744,0.010776246024761349,10.65153014997486,1.6892999246859322,2482153.0,7856.0,32.0,10000.0,True,False
2,3,2135552855974365639,SLH_DSA_PURE_SHA2_128S,0.08773244102485478,0.002234792977105826,0.7389113249955699,0.0010963170207105577,0.010802900011185557,0.010891804995480925,21.564470067969523,1.4734475662152227,2482153.0,7856.0,32.0,10000.0,True,False
2,3,10933862899769684967,SLH_DSA_PURE_SHA2_128S,0.14804864895995706,0.002454039000440389,0.692644250986632,0.001082998001947999,0.010790264990646392,0.01084448304027319,21.85829675302375,1.4986708836433607,2482153.0,7856.0,32.0,10000.0,True,False
2,3,8574047381244813979,SLH_DSA_PURE_SHA2_128S,0.08672190102515742,0.0018999049789272249,0.633579149027355,0.0011269020033068955,0.01062165101757273,0.010669909999705851,22.01264968101168,1.4940296640030493,2482153.0,7856.0,32.0,10000.0,True,False
2,3,18030308139012470640,SLH_DSA_PURE_SHA2_128S,0.11859396001091227,0.001369631034322083,0.6283342789974995,0.0010708710178732872,0.011199895001482219,0.01124925899785012,22.159703566983808,1.4875296740867079,2482153.0,7856.0,32.0,10000.0,True,False
2,3,5367311999650551094,SLH_DSA_PURE_SHA2_128S,0.07671821000985801,0.001357003056909889,0.6005796649842523,0.0010799599695019424,0.010756810021121055,0.010805621976032853,10.533298082009424,1.4766356305192454,2482153.0,7856.0,32.0,10000.0,True,False
2,4,8574047381244813979,SLH_DSA_PURE_SHA2_128S,0.1452299930388108,0.0015491810045205057,0.6860786179895513,0.0012942019966430962,0.011078561015892774,0.011173790029715747,21.19372124300571,1.3647482499908716,2482153.0,7856.0,32.0,10000.0,True,False
2,4,10933862899769684967,SLH_DSA_PURE_SHA2_128S,0.14851198496762663,0.0024752269964665174,0.7093022429617122,0.0014091890188865364,0.011199423985090107,0.011260022001806647,21.194798102020286,1.3484482279600807,2482153.0,7856.0,32.0,10000.0,True,False
2,4,2135552855974365639,SLH_DSA_PURE_SHA2_128S,0.15618470404297113,0.0014521820121444762,0.6356566270114854,0.0015675660106353462,0.01089104701532051,0.010950567957479507,21.398411923029926,1.3642789572953415,2482153.0,7856.0,32.0,10000.0,True,False
2,4,18030308139012470640,SLH_DSA_PURE_SHA2_128S,0.24188133201096207,0.0016824289923533797,0.9019632759736851,0.0014400160289369524,0.011073055036831647,0.011134102009236813,21.34715527697699,1.3610797638710315,2482153.0,7856.0,32.0,10000.0,True,False
2,4,5367311999650551094,SLH_DSA_PURE_SHA2_128S,0.07807609695009887,0.0014279349707067013,0.6177952020079829,0.0013759559951722622,0.01106801797868684,0.011122274037916213,10.584987870010082,1.3513951492004883,2482153.0,7856.0,32.0,10000.0,True,False
2,5,10933862899769684967,SLH_DSA_PURE_SHA2_128S,0.109509110043291,0.0020472260075621307,0.6941269380040467,0.0011136379907839,0.010675919998902828,0.010774839960504323,21.657244821020868,1.2579160919204688,2482153.0,7856.0,32.0,10000.0,True,False
2,5,2135552855974365639,SLH_DSA_PURE_SHA2_128S,0.09362996905110776,0.001428140967618674,0.6327920149778947,0.0010808039805851877,0.010620936984196305,0.01067262701690197,21.87117891397793,1.2430644642811615,2482153.0,7856.0,32.0,10000.0,True,False
2,5,8574047381244813979,SLH_DSA_PURE_SHA2_128S,0.0802589840022847,0.0013936489704065025,0.6303012229618616,0.0010815709829330444,0.011160175024997443,0.011210984957870096,21.93165093899006,1.2519139451340746,2482153.0,7856.0,32.0,10000.0,True,False
2,5,18030308139012470640,SLH_DSA_PURE_SHA2_128S,0.07980188599321991,0.0013956359471194446,0.6321834080154076,0.0011613410315476358,0.0108628100133501,0.0109149559866637,21.942468024033587,1.2537939363775161,2482153.0,7856.0,32.0,10000.0,True,False
2,5,5367311999650551094,SLH_DSA_PURE_SHA2_128S,0.07627253903774545,0.0013335749972611666,0.5991661839652807,0.001193189003970474,0.010697955964133143,0.010756902978755534,10.658574334986042,1.2551786455864342,2482153.0,7856.0,32.0,10000.0,True,False
2,6,2135552855974365639,SLH_DSA_PURE_SHA2_128S,0.12920556997414678,0.0015205469680950046,0.6303579229861498,0.0010774469701573253,0.011135637992992997,0.011227258015424013,21.931077625020407,1.134475723813517,2482153.0,7856.0,32.0,10000.0,True,False
2,6,8574047381244813979,SLH_DSA_PURE_SHA2_128S,0.11228804400889203,0.001592327025718987,0.6297322280006483,0.0010770109947770834,0.01077544700819999,0.010826805024407804,21.96645210403949,1.146116316508942,2482153.0,7856.0,32.0,10000.0,True,False
2,6,10933862899769684967,SLH_DSA_PURE_SHA2_128S,0.1385561330243945,0.0014052269980311394,0.6292339650099166,0.0012679569772444665,0.010782202996779233,0.010834198037628084,21.938334245001897,1.1704014021748552,2482153.0,7856.0,32.0,10000.0,True,False
2,6,18030308139012470640,SLH_DSA_PURE_SHA2_128S,0.07978279801318422,0.0013757779961451888,0.6281499940087087,0.0010768380016088486,0.010745787003543228,0.010794742032885551,22.05937853397336,1.1578928154116621,2482153.0,7856.0,32.0,10000.0,True,False
2,6,5367311999650551094,SLH_DSA_PURE_SHA2_128S,0.07591507397592068,0.0013341630110517144,0.6017263340181671,0.001148768002167344,0.01061650097835809,0.01066369703039527,10.771641540981364,1.150355786370774,2482153.0,7856.0,32.0,10000.0,True,False
2,7,2135552855974365639,SLH_DSA_PURE_SHA2_128S,0.08761803398374468,0.0016067150281742215,0.6481041670194827,0.0011627239873632789,0.011070216016378254,0.011152036022394896,21.55508366099093,1.0601941880326682,2482153.0,7856.0,32.0,10000.0,True,False
2,7,10933862899769684967,SLH_DSA_PURE_SHA2_128S,0.08695502299815416,0.002741806034464389,0.6830306299962103,0.001167468959465623,0.011370056017767638,0.011416481051128358,21.581670227984432,1.0734641390105786,2482153.0,7856.0,32.0,10000.0,True,False
2,7,8574047381244813979,SLH_DSA_PURE_SHA2_128S,0.08391926501644775,0.0015355889918282628,0.6368127489695325,0.0014523730496875942,0.011173137987498194,0.011223223991692066,21.613501376996282,1.0582526747030192,2482153.0,7856.0,32.0,10000.0,True,False
2,7,18030308139012470640,SLH_DSA_PURE_SHA2_128S,0.07994698901893571,0.0013719109701924026,0.6446515150018968,0.0011353930458426476,0.010935495956800878,0.010986423993017524,21.896103789040353,1.059480927337092,2482153.0,7856.0,32.0,10000.0,True,False
2,7,5367311999650551094,SLH_DSA_PURE_SHA2_128S,0.07639559300150722,0.0013326980406418443,0.6465119390049949,0.0011715100263245404,0.011049430002458394,0.01109571399865672,10.69810827600304,1.059877591582533,2482153.0,7856.0,32.0,10000.0,True,False
2,8,8574047381244813979,SLH_DSA_PURE_SHA2_128S,0.13681936403736472,0.0030011519556865096,0.7563771330169402,0.0010939590283669531,0.01086229900829494,0.010949204035568982,21.841810290992726,0.9973856195474204,2482153.0,7856.0,32.0,10000.0,True,False
2,8,10933862899769684967,SLH_DSA_PURE_SHA2_128S,0.08684763603378087,0.0017719549941830337,0.64800332399318,0.0011410239967517555,0.010676185018382967,0.01072762900730595,22.065299485984724,0.9788477096123437,2482153.0,7856.0,32.0,10000.0,True,False
2,8,18030308139012470640,SLH_DSA_PURE_SHA2_128S,0.11419763101730496,0.0014477890217676759,0.6264711690018885,0.001087889017071575,0.010925490991212428,0.010975175013300031,22.342038157978095,0.9695813213103115,2482153.0,7856.0,32.0,10000.0,True,False
2,8,2135552855974365639,SLH_DSA_PURE_SHA2_128S,0.07968997600255534,0.0013739249552600086,0.6413327099871822,0.001117195002734661,0.010713804978877306,0.010765670042019337,22.41710595204495,0.97680297351112,2482153.0,7856.0,32.0,10000.0,True,False
2,8,5367311999650551094,SLH_DSA_PURE_SHA2_128S,0.07696083100745454,0.0013660980039276183,0.5992812640033662,0.00112981500569731,0.010713878960814327,0.010762827994767576,10.656630226003472,0.9897224099491351,2482153.0,7856.0,32.0,10000.0,True,False
2,9,18030308139012470640,SLH_DSA_PURE_SHA2_128S,0.08806289895437658,0.002196785993874073,0.6600431140395813,0.0010768629726953804,0.010726737033110112,0.010824048018548638,21.738769123039674,0.9109988880043213,2482153.0,7856.0,32.0,10000.0,True,False
2,9,2135552855974365639,SLH_DSA_PURE_SHA2_128S,0.12332936900202185,0.001464643981307745,0.6304099629633129,0.001134745019953698,0.010797564988024533,0.010846703953575343,22.0723191210418,0.9200486813109523,2482153.0,7856.0,32.0,10000.0,True,False
2,9,10933862899769684967,SLH_DSA_PURE_SHA2_128S,0.07999124599155039,0.0013986790436320007,0.630246322019957,0.0010803360491991043,0.010711213981267065,0.010759434953797609,22.151466301002074,0.9133572595568892,2482153.0,7856.0,32.0,10000.0,True,False
2,9,8574047381244813979,SLH_DSA_PURE_SHA2_128S,0.0961812759633176,0.0013888099929317832,0.6289144679903984,0.0011109740007668734,0.01072978600859642,0.010780819051433355,22.128394073981326,0.9069627186360831,2482153.0,7856.0,32.0,10000.0,True,False
2,9,5367311999650551094,SLH_DSA_PURE_SHA2_128S,0.07600736402673647,0.0013262010179460049,0.601510375039652,0.0010682180291041732,0.010815222980454564,0.010862905997782946,10.684159287018701,0.9144997131138944,2482153.0,7856.0,32.0,10000.0,True,False
2,10,18030308139012470640,SLH_DSA_PURE_SHA2_128S,0.08690292399842292,0.003470472991466522,0.6485671669943258,0.0011160100111737847,0.01079896098235622,0.01088713202625513,21.816280357015785,0.8332899261396914,2482153.0,7856.0,32.0,10000.0,True,False
2,10,8574047381244813979,SLH_DSA_PURE_SHA2_128S,0.08579443098278716,0.0019918340258300304,0.6369803610141389,0.0011195220286026597,0.010727075976319611,0.010774126974865794,22.063035715022124,0.8353587773661263,2482153.0,7856.0,32.0,10000.0,True,False
2,10,2135552855974365639,SLH_DSA_PURE_SHA2_128S,0.1536523710237816,0.001416935003362596,0.6265204980154522,0.0013889180263504386,0.010789443971589208,0.010842917021363974,22.130138662992977,0.8293718381430775,2482153.0,7856.0,32.0,10000.0,True,False
2,10,10933862899769684967,SLH_DSA_PURE_SHA2_128S,0.11313611699733883,0.0014179910067468882,0.6278513200231828,0.0013418029993772507,0.010811631043907255,0.010860331996809691,22.291329900966957,0.8505524235030714,2482153.0,7856.0,32.0,10000.0,True,False
2,10,5367311999650551094,SLH_DSA_PURE_SHA2_128S,0.07632240396924317,0.0013682040153071284,0.6003274110262282,0.0010716060060076416,0.010764242033474147,0.010808836028445512,10.571555386006366,0.8520344844260536,2482153.0,7856.0,32.0,10000.0,True,False
2,11,2135552855974365639,SLH_DSA_PURE_SHA2_128S,0.14471360301831737,0.0015321369864977896,0.6308661290095188,0.0011795159662142396,0.010912464000284672,0.010990835959091783,22.318321395956445,0.776612112697321,2482153.0,7856.0,32.0,10000.0,True,False
2,11,18030308139012470640,SLH_DSA_PURE_SHA2_128S,0.1656977369566448,0.002570291981101036,0.6651883439626545,0.0010887240059673786,0.010982322972267866,0.011026955966372043,22.203574059007224,0.7628572725069028,2482153.0,7856.0,32.0,10000.0,True,False
2,11,8574047381244813979,SLH_DSA_PURE_SHA2_128S,0.09714830701705068,0.0016608620062470436,0.6322181830182672,0.001120854984037578,0.010701566003262997,0.010751811030786484,22.351973710989114,0.780326104678285,2482153.0,7856.0,32.0,10000.0,True,False
2,11,10933862899769684967,SLH_DSA_PURE_SHA2_128S,0.08007471798919141,0.0013685000012628734,0.7040310380398296,0.0011026120046153665,0.010718326026108116,0.01076833700062707,22.39755196403712,0.7880899939007653,2482153.0,7856.0,32.0,10000.0,True,False
2,11,5367311999650551094,SLH_DSA_PURE_SHA2_128S,0.0764341180329211,0.0013705079909414053,0.6007627230137587,0.0011093550128862262,0.010669199982658029,0.010719193029217422,10.57348100002855,0.7865699866709237,2482153.0,7856.0,32.0,10000.0,True,False
2,12,18030308139012470640,SLH_DSA_PURE_SHA2_128S,0.0864823919837363,0.0021167920203879476,0.6729840170009993,0.0011331600253470242,0.010690184019040316,0.010778126015793532,21.888439125032164,0.7044986847776193,2482153.0,7856.0,32.0,10000.0,True,False
2,12,10933862899769684967,SLH_DSA_PURE_SHA2_128S,0.1616633420344442,0.0017358960467390716,0.6568552340031601,0.0010812930413521826,0.010837445966899395,0.010887279000598937,22.10571771999821,0.7391809777329905,2482153.0,7856.0,32.0,10000.0,True,False
2,12,2135552855974365639,SLH_DSA_PURE_SHA2_128S,0.14486907102400437,0.0018752770265564322,0.8094748609582894,0.0011351850116625428,0.010737880016677082,0.010786956991069019,22.149103891977575,0.7206315768126863,2482153.0,7856.0,32.0,10000.0,True,False
2,12,8574047381244813979,SLH_DSA_PURE_SHA2_128S,0.08643073996063322,0.0013755919644609094,0.6329378540394828,0.0010875550215132535,0.011062385980039835,0.011112279025837779,22.690812585002277,0.7109604859694886,2482153.0,7856.0,32.0,10000.0,True,False
2,12,5367311999650551094,SLH_DSA_PURE_SHA2_128S,0.0761429889826104,0.0013467769604176283,0.601198686985299,0.001303530007135123,0.010620836983434856,0.010669801034964621,10.562135275977198,0.7444701994093843,2482153.0,7856.0,32.0,10000.0,True,False
2,13,18030308139012470640,SLH_DSA_PURE_SHA2_128S,0.15165242599323392,0.003096623986493796,0.7740234810044058,0.0010794780100695789,0.010799709998536855,0.010892851976677775,21.761741552967578,0.663849339936488,2482153.0,7856.0,32.0,10000.0,True,False
2,13,2135552855974365639,SLH_DSA_PURE_SHA2_128S,0.15885436302050948,0.0028856450226157904,0.8654736719909124,0.0010736830299720168,0.010825694014783949,0.010872493963688612,21.7957602670067,0.6653144892793112,2482153.0,7856.0,32.0,10000.0,True,False
2,13,8574047381244813979,SLH_DSA_PURE_SHA2_128S,0.08503282500896603,0.001571953995153308,0.638415536028333,0.0013974030152894557,0.010793358029332012,0.010841147974133492,22.20481289399322,0.6648063444957947,2482153.0,7856.0,32.0,10000.0,True,False
2,13,10933862899769684967,SLH_DSA_PURE_SHA2_128S,0.1005573789589107,0.0013388119987212121,0.6237703730002977,0.0011079630348831415,0.010936641949228942,0.010987698973622173,22.386884970008396,0.6816996229818454,2482153.0,7856.0,32.0,10000.0,True,False
2,13,5367311999650551094,SLH_DSA_PURE_SHA2_128S,0.07610142102930695,0.0013545189867727458,0.5990331840002909,0.0011170810321345925,0.010688745009247214,0.010735111951362342,10.830176736984868,0.7026524597558731,2482153.0,7856.0,32.0,10000.0,True,False
2,14,18030308139012470640,SLH_DSA_PURE_SHA2_128S,0.1737646340043284,0.0019749559578485787,0.6392501670052297,0.0010991690214723349,0.010970633011311293,0.011063463985919952,21.647988352982793,0.6172002738419051,2482153.0,7856.0,32.0,10000.0,True,False
2,14,10933862899769684967,SLH_DSA_PURE_SHA2_128S,0.08586744300555438,0.0017543069552630186,0.6313233650289476,0.0011254679993726313,0.010753901966381818,0.010804527963045985,21.87957703199936,0.6183245548139364,2482153.0,7856.0,32.0,10000.0,True,False
2,14,8574047381244813979,SLH_DSA_PURE_SHA2_128S,0.08049765997566283,0.0014407859998755157,0.6333434850093909,0.0010898259934037924,0.010676564008463174,0.010735048039350659,21.964701289020013,0.6298804835627635,2482153.0,7856.0,32.0,10000.0,True,False
2,14,2135552855974365639,SLH_DSA_PURE_SHA2_128S,0.17901427403558046,0.0016413440462201834,0.9514215560047887,0.001074262021575123,0.010820746014360338,0.010869237943552434,21.711610783997457,0.6053518496525173,2482153.0,7856.0,32.0,10000.0,True,False
2,14,5367311999650551094,SLH_DSA_PURE_SHA2_128S,0.07735234301071614,0.001668885990511626,0.6007802470121533,0.0012418940314091742,0.010962345986627042,0.011021854006685317,10.860017112980131,0.6460782920066922,2482153.0,7856.0,32.0,10000.0,True,False
2,15,8574047381244813979,SLH_DSA_PURE_SHA2_128S,0.15013703401200473,0.0024542249739170074,0.6507144649513066,0.001073352003004402,0.01205763703910634,0.012146105000283569,22.005577131989412,0.592407717086827,2482153.0,7856.0,32.0,10000.0,True,False
2,15,18030308139012470640,SLH_DSA_PURE_SHA2_128S,0.08426295302342623,0.0016479630139656365,0.6313992330105975,0.0010783729958347976,0.011002439947333187,0.011054551985580474,22.166956959990785,0.5719656805260874,2482153.0,7856.0,32.0,10000.0,True,False
2,15,10933862899769684967,SLH_DSA_PURE_SHA2_128S,0.08482783898944035,0.0016673019854351878,0.6306088270503096,0.0011421850067563355,0.011115262983366847,0.011164041003212333,22.156714562966954,0.6018340787567651,2482153.0,7856.0,32.0,10000.0,True,False
2,15,2135552855974365639,SLH_DSA_PURE_SHA2_128S,0.07994561403756961,0.001315740984864533,0.6276512009790167,0.001081881986465305,0.010835804976522923,0.010886378993745893,22.27853263000725,0.5856542665594683,2482153.0,7856.0,32.0,10000.0,True,False
2,15,5367311999650551094,SLH_DSA_PURE_SHA2_128S,0.07588440197287127,0.0013500609784387052,0.5996723109856248,0.0011374920140951872,0.010799128038343042,0.010848824982531369,10.776822590036318,0.6097124536959128,2482153.0,7856.0,32.0,10000.0,True,False
2,16,8574047381244813979,SLH_DSA_PURE_SHA2_128S,0.0849060770124197,0.0031841250020079315,0.6387393799959682,0.001205340027809143,0.010691038041841239,0.010784007958136499,21.858660089957993,0.5550018284029473,2482153.0,7856.0,32.0,10000.0,True,False
2,16,2135552855974365639,SLH_DSA_PURE_SHA2_128S,0.08436188200721517,0.0017703429912216961,0.6341237549786456,0.0010869550169445574,0.010744264000095427,0.0107987149967812,21.873524099995848,0.5233363753166823,2482153.0,7856.0,32.0,10000.0,True,False
2,16,18030308139012470640,SLH_DSA_PURE_SHA2_128S,0.08520540001336485,0.0031455470016226172,0.6355894550215453,0.0012960220337845385,0.0108184979762882,0.010865009971894324,21.859140048036352,0.548536663750014,2482153.0,7856.0,32.0,10000.0,True,False
2,16,10933862899769684967,SLH_DSA_PURE_SHA2_128S,0.07981216395273805,0.0013278560363687575,0.6309284470044076,0.0010702310246415436,0.010699496022425592,0.010747799999080598,22.06398682598956,0.5541005287521754,2482153.0,7856.0,32.0,10000.0,True,False
2,16,5367311999650551094,SLH_DSA_PURE_SHA2_128S,0.07610159803880379,0.0013363960315473378,0.6007313529844396,0.0010440100450068712,0.010786397964693606,0.010829977982211858,10.905621954007074,0.5706261710022775,2482153.0,7856.0,32.0,10000.0,True,False
2,17,2135552855974365639,SLH_DSA_PURE_SHA2_128S,0.14881552703445777,0.004054885997902602,0.6852818399784155,0.0011297010350972414,0.010796946007758379,0.010886200005188584,21.78896411199821,0.5124395245227951,2482153.0,7856.0,32.0,10000.0,True,False
2,17,8574047381244813979,SLH_DSA_PURE_SHA2_128S,0.08015378698473796,0.0014577870024368167,0.6346559369703755,0.0011627699714154005,0.010837015986908227,0.010886905016377568,22.247989821014926,0.5238455170259689,2482153.0,7856.0,32.0,10000.0,True,False
2,17,10933862899769684967,SLH_DSA_PURE_SHA2_128S,0.08983406302286312,0.0013918940094299614,0.7068471959792078,0.0011272220290265977,0.010824511002283543,0.010884229035582393,22.15320162003627,0.5275128956812735,2482153.0,7856.0,32.0,10000.0,True,False
2,17,18030308139012470640,SLH_DSA_PURE_SHA2_128S,0.17573946999618784,0.0016037269961088896,0.8234427830320783,0.001100744993891567,0.01072013599332422,0.010770099994260818,22.135620996996295,0.5146495787837444,2482153.0,7856.0,32.0,10000.0,True,False
2,17,5367311999650551094,SLH_DSA_PURE_SHA2_128S,0.07715696503873914,0.0013719999697059393,0.6061679580016062,0.0011921599507331848,0.010765746992547065,0.01081405597506091,10.83882729196921,0.523067231376331,2482153.0,7856.0,32.0,10000.0,True,False
2,18,18030308139012470640,SLH_DSA_PURE_SHA2_128S,0.1084404030116275,0.003260802011936903,0.6719002350000665,0.001118048036005348,0.010790797998197377,0.010889808996580541,22.209313440020196,0.47486605807043875,2482153.0,7856.0,32.0,10000.0,True,False
2,18,10933862899769684967,SLH_DSA_PURE_SHA2_128S,0.07962721399962902,0.0014486159780062735,0.629590043972712,0.0010500680073164403,0.010790370055474341,0.010840118979103863,22.416534585005138,0.4829365692247217,2482153.0,7856.0,32.0,10000.0,True,False
2,18,8574047381244813979,SLH_DSA_PURE_SHA2_128S,0.08033423399319872,0.0013753519742749631,0.6293721749680117,0.0011077310191467404,0.010546394973061979,0.010593665996566415,22.4335950469831,0.5041404541093892,2482153.0,7856.0,32.0,10000.0,True,False
2,18,2135552855974365639,SLH_DSA_PURE_SHA2_128S,0.0949860520195216,0.001519199984613806,0.6358137539937161,0.0010929230484180152,0.01190842897631228,0.01195772603387013,22.40426335198572,0.47529037069445984,2482153.0,7856.0,32.0,10000.0,True,False
2,18,5367311999650551094,SLH_DSA_PURE_SHA2_128S,0.07623205095296726,0.0014129150076769292,0.6004538749693893,0.0010597200016491115,0.0106265340000391,0.01067363697802648,10.511008394998498,0.4911885416974275,2482153.0,7856.0,32.0,10000.0,True,False
2,19,18030308139012470640,SLH_DSA_PURE_SHA2_128S,0.08072591200470924,0.0015108440420590341,0.6272465629735962,0.0011005789856426418,0.011005656968336552,0.011095432040747255,22.313354943995364,0.44230569026673944,2482153.0,7856.0,32.0,10000.0,True,False
2,19,10933862899769684967,SLH_DSA_PURE_SHA2_128S,0.07912139798281714,0.0013555550249293447,0.6312784609617665,0.0011093590292148292,0.010708725021686405,0.010755234980024397,22.32510730001377,0.47074201669746313,2482153.0,7856.0,32.0,10000.0,True,False
2,19,2135552855974365639,SLH_DSA_PURE_SHA2_128S,0.14115189004223794,0.0014101790147833526,0.6330975030432455,0.0013658530078828335,0.01073952397564426,0.010788131970912218,22.292885297967587,0.4455977671574385,2482153.0,7856.0,32.0,10000.0,True,False
2,19,8574047381244813979,SLH_DSA_PURE_SHA2_128S,0.1401332159875892,0.0016587600111961365,0.6292059440165758,0.0011024149716831744,0.010737119009718299,0.010786522994749248,22.307027978997212,0.4580983901783205,2482153.0,7856.0,32.0,10000.0,True,False
2,19,5367311999650551094,SLH_DSA_PURE_SHA2_128S,0.07676710997475311,0.001356848981231451,0.6027681800187565,0.0010584639967419207,0.010831317980773747,0.010876196960452944,10.587192496052012,0.473689406509169,2482153.0,7856.0,32.0,10000.0,True,False
2,20,8574047381244813979,SLH_DSA_PURE_SHA2_128S,0.13702154398197308,0.0019557829946279526,0.7027731420239434,0.0010690930066630244,0.010698435013182461,0.01078822900308296,22.147804645006545,0.4357450300107558,2482153.0,7856.0,32.0,10000.0,True,False
2,20,10933862899769684967,SLH_DSA_PURE_SHA2_128S,0.08423977094935253,0.0014728819951415062,0.6299562510102987,0.0010983970132656395,0.010677905986085534,0.010728694964200258,22.28844905202277,0.4151260093116341,2482153.0,7856.0,32.0,10000.0,True,False
2,20,18030308139012470640,SLH_DSA_PURE_SHA2_128S,0.14715135504957289,0.0020180600113235414,1.0363970960024744,0.0010893209837377071,0.010796993970870972,0.010847184981685132,22.021796101995278,0.42443692271773237,2482153.0,7856.0,32.0,10000.0,True,False
2,20,2135552855974365639,SLH_DSA_PURE_SHA2_128S,0.17552111099939793,0.0015601399936713278,0.8498291890136898,0.0010916140163317323,0.010811490996275097,0.010860040958505124,22.42792066500988,0.4181109963954923,2482153.0,7856.0,32.0,10000.0,True,False
2,20,5367311999650551094,SLH_DSA_PURE_SHA2_128S,0.07828898902516812,0.0013825760106556118,0.6004779990180396,0.0010814010165631771,0.011186752992216498,0.01124634500592947,10.59791936900001,0.43763671057245224,2482153.0,7856.0,32.0,10000.0,True,False
2,21,10933862899769684967,SLH_DSA_PURE_SHA2_128S,0.15804798802128062,0.002319021034054458,0.6839863029890694,0.0011311129783280194,0.010784682992380112,0.01087261998327449,21.659850005002227,0.4088622779755023,2482153.0,7856.0,32.0,10000.0,True,False
2,21,18030308139012470640,SLH_DSA_PURE_SHA2_128S,0.084592466999311,0.0018350030295550823,0.6443410609499551,0.0010971640003845096,0.010755710012745112,0.01081528002396226,22.06233230099315,0.3998744107318667,2482153.0,7856.0,32.0,10000.0,True,False
2,21,2135552855974365639,SLH_DSA_PURE_SHA2_128S,0.11602809198666364,0.0020140300039201975,0.6330392950330861,0.001246686966624111,0.011272486008238047,0.011341440957039595,21.991757658019196,0.3928790318663604,2482153.0,7856.0,32.0,10000.0,True,False
2,21,8574047381244813979,SLH_DSA_PURE_SHA2_128S,0.07962904096348211,0.0013172400067560375,0.6298128580092452,0.001135725004132837,0.010836114990524948,0.010887829004786909,22.166112399019767,0.41858266478481765,2482153.0,7856.0,32.0,10000.0,True,False
2,21,5367311999650551094,SLH_DSA_PURE_SHA2_128S,0.07634759199572727,0.0013852439587935805,0.5997602769639343,0.0011142269941046834,0.010957407008390874,0.011006534972693771,10.73760312300874,0.4297396657280267,2482153.0,7856.0,32.0,10000.0,True,False
2,22,2135552855974365639,SLH_DSA_PURE_SHA2_128S,0.11590805603191257,0.0035927409771829844,0.6507060320000164,0.0010848570382222533,0.010959186998661608,0.01105075003579259,21.994859130005352,0.3827510300797586,2482153.0,7856.0,32.0,10000.0,True,False
2,22,8574047381244813979,SLH_DSA_PURE_SHA2_128S,0.08493185800034553,0.0017679579905234277,0.6404329930082895,0.001119991997256875,0.010784957965370268,0.010832765023224056,22.102978598035406,0.4090526581060486,2482153.0,7856.0,32.0,10000.0,True,False
2,22,18030308139012470640,SLH_DSA_PURE_SHA2_128S,0.16253906401107088,0.0016373919788748026,0.6947430840227753,0.0013125609839335084,0.011097634036559612,0.011154938023537397,22.16019561700523,0.39209686171192043,2482153.0,7856.0,32.0,10000.0,True,False
2,22,10933862899769684967,SLH_DSA_PURE_SHA2_128S,0.1003648720216006,0.0013734709937125444,0.6283674589940347,0.0010949370334856212,0.010779604024719447,0.010830418032128364,22.355670561024453,0.39122032812281776,2482153.0,7856.0,32.0,10000.0,True,False
2,22,5367311999650551094,SLH_DSA_PURE_SHA2_128S,0.0763913849950768,0.0013080830103717744,0.6010448100278154,0.001024303026497364,0.010723165003582835,0.010766986000817269,10.707092258962803,0.407114256563159,2482153.0,7856.0,32.0,10000.0,True,False
2,23,8574047381244813979,SLH_DSA_PURE_SHA2_128S,0.12407037301454693,0.0029937970102764666,0.6429758020094596,0.001143795030657202,0.010741681966464967,0.010837314010132104,22.365695483982563,0.38250631613496205,2482153.0,7856.0,32.0,10000.0,True,False
2,23,2135552855974365639,SLH_DSA_PURE_SHA2_128S,0.08553344296524301,0.0025615050108172,0.6414115850348026,0.0011131750070489943,0.010845735028851777,0.010896156018134207,22.423339221975766,0.3632432734266447,2482153.0,7856.0,32.0,10000.0,True,False
2,23,10933862899769684967,SLH_DSA_PURE_SHA2_128S,0.1800597789697349,0.0018765240092761815,0.7222969249705784,0.001268821011763066,0.010701790975872427,0.010752225003670901,22.472958475002088,0.370299510952359,2482153.0,7856.0,32.0,10000.0,True,False
2,23,18030308139012470640,SLH_DSA_PURE_SHA2_128S,0.08050106302835047,0.001388232980389148,0.6294816940207966,0.0011186079937033355,0.010718875972088426,0.010767798987217247,22.681650400045328,0.373939116473515,2482153.0,7856.0,32.0,10000.0,True,False
2,23,5367311999650551094,SLH_DSA_PURE_SHA2_128S,0.07647289795568213,0.0013504679664038122,0.6015570189920254,0.0011529609910212457,0.010713230003602803,0.010764431965071708,10.941116513044108,0.3643253935923496,2482153.0,7856.0,32.0,10000.0,True,False
2,24,2135552855974365639,SLH_DSA_PURE_SHA2_128S,0.08877980301622301,0.002420581004116684,0.6359981800196692,0.0010650709737092257,0.010776547947898507,0.010867502016481012,22.040238004992716,0.3418663026506123,2482153.0,7856.0,32.0,10000.0,True,False
2,24,18030308139012470640,SLH_DSA_PURE_SHA2_128S,0.085355790972244,0.001682861999142915,0.6303137540235184,0.0010572770261205733,0.010788751009386033,0.010839127993676811,22.155076490016654,0.3538201542261738,2482153.0,7856.0,32.0,10000.0,True,False
2,24,10933862899769684967,SLH_DSA_PURE_SHA2_128S,0.12776453397236764,0.0013749230420216918,0.6321598630165681,0.0010635399958118796,0.010938768042251468,0.010984905995428562,22.172880680998787,0.35265353482407025,2482153.0,7856.0,32.0,10000.0,True,False
2,24,8574047381244813979,SLH_DSA_PURE_SHA2_128S,0.089022244035732,0.001350387989077717,0.6279177610413171,0.001047495985403657,0.0107702849782072,0.01081860699923709,22.248694562993478,0.3447987374227744,2482153.0,7856.0,32.0,10000.0,True,False
2,24,5367311999650551094,SLH_DSA_PURE_SHA2_128S,0.07644259900553152,0.0013659929973073304,0.5999515390140004,0.0013086360413581133,0.010784875019453466,0.010830960993189365,10.663257023028564,0.354044488253304,2482153.0,7856.0,32.0,10000.0,True,False
2,25,10933862899769684967,SLH_DSA_PURE_SHA2_128S,0.1646640970138833,0.002524658979382366,0.6972531619830988,0.001105457020457834,0.010838005982805043,0.01092615001834929,22.0934541040333,0.3299179240323294,2482153.0,7856.0,32.0,10000.0,True,False
2,25,2135552855974365639,SLH_DSA_PURE_SHA2_128S,0.08299522200832143,0.0013966579572297633,0.632260417973157,0.0010904600494541228,0.010974001022987068,0.011020459001883864,22.263372185989283,0.31694507231108676,2482153.0,7856.0,32.0,10000.0,True,False
2,25,8574047381244813979,SLH_DSA_PURE_SHA2_128S,0.17716066999128088,0.001436955004464835,0.6299951369874179,0.0013482460053637624,0.010985196975525469,0.011033818998839706,22.216713519010227,0.3520021074787734,2482153.0,7856.0,32.0,10000.0,True,False
2,25,18030308139012470640,SLH_DSA_PURE_SHA2_128S,0.07904107600916177,0.001443496032152325,0.664306964026764,0.00113246199907735,0.010679505998268723,0.010738319018855691,22.311287552001886,0.32276005746897896,2482153.0,7856.0,32.0,10000.0,True,False
2,25,5367311999650551094,SLH_DSA_PURE_SHA2_128S,0.07676600897684693,0.0014074249775148928,0.5966179299866781,0.0010494340094737709,0.010926049028057605,0.010972723946906626,10.688477011979558,0.3494791667134807,2482153.0,7856.0,32.0,10000.0,True,False
2,26,18030308139012470640,SLH_DSA_PURE_SHA2_128S,0.1436760249780491,0.00233794201631099,0.704552709008567,0.0011768870172090828,0.010848192032426596,0.010939750005491078,22.244744644965976,0.3249068880251374,2482153.0,7856.0,32.0,10000.0,True,False
2,26,8574047381244813979,SLH_DSA_PURE_SHA2_128S,0.14393253397429362,0.0015104799531400204,0.6285243949969299,0.0010852470295503736,0.010820702998898923,0.010880571033339947,22.510044408030808,0.3277942242082982,2482153.0,7856.0,32.0,10000.0,True,False
2,26,2135552855974365639,SLH_DSA_PURE_SHA2_128S,0.10953596304170787,0.0019318719860166311,0.6326230049598962,0.0011069609900005162,0.010664039989933372,0.01073918998008594,22.483045812987257,0.3182326148772916,2482153.0,7856.0,32.0,10000.0,True,False
2,26,10933862899769684967,SLH_DSA_PURE_SHA2_128S,0.08009270299226046,0.0013636279618367553,0.6276945490390062,0.0010704020387493074,0.011029439978301525,0.011080497992224991,22.69405899301637,0.3096174514932802,2482153.0,7856.0,32.0,10000.0,True,False
2,26,5367311999650551094,SLH_DSA_PURE_SHA2_128S,0.07667571998899803,0.0012998569873161614,0.5990562809747644,0.0010670790215954185,0.010822153999470174,0.010871167993173003,10.739259087014943,0.31108567666354625,2482153.0,7856.0,32.0,10000.0,True,False
2,27,2135552855974365639,SLH_DSA_PURE_SHA2_128S,0.08536540204659104,0.0015621790080331266,0.6272304190206341,0.0010860569891519845,0.010983664018567652,0.011076585971750319,22.366768462001346,0.2870420512710564,2482153.0,7856.0,32.0,10000.0,True,False
2,27,10933862899769684967,SLH_DSA_PURE_SHA2_128S,0.1576862019719556,0.0017511040205135942,0.6732138880179264,0.0011149200145155191,0.010970622999593616,0.011020081001333892,22.273063214030117,0.3168615350952021,2482153.0,7856.0,32.0,10000.0,True,False
2,27,18030308139012470640,SLH_DSA_PURE_SHA2_128S,0.08256823098054156,0.0013555780169554055,0.649701634014491,0.0010816939757205546,0.010782145021948963,0.010849897982552648,22.39492196700303,0.2962203755820045,2482153.0,7856.0,32.0,10000.0,True,False
2,27,8574047381244813979,SLH_DSA_PURE_SHA2_128S,0.11703879595734179,0.0014527150196954608,0.6644194190157577,0.0010766240302473307,0.01083693205146119,0.010888793040066957,22.448664528958034,0.31334887076535234,2482153.0,7856.0,32.0,10000.0,True,False
2,27,5367311999650551094,SLH_DSA_PURE_SHA2_128S,0.07620946102542803,0.0013561389641836286,0.598063521028962,0.001070511993020773,0.010787517006974667,0.010835886001586914,10.702319070987869,0.3100054552094243,2482153.0,7856.0,32.0,10000.0,True,False
2,28,18030308139012470640,SLH_DSA_PURE_SHA2_128S,0.08502185897668824,0.0027096589910797775,0.6384389970335178,0.0011398300412110984,0.010862846043892205,0.010959928040392697,22.253187940979842,0.292844990232644,2482153.0,7856.0,32.0,10000.0,True,False
2,28,8574047381244813979,SLH_DSA_PURE_SHA2_128S,0.1167295640334487,0.0028348310152068734,0.6425905770156533,0.001047159021254629,0.01076187298167497,0.010816335037816316,22.31405539897969,0.30834164867808406,2482153.0,7856.0,32.0,10000.0,True,False
2,28,10933862899769684967,SLH_DSA_PURE_SHA2_128S,0.14772147499024868,0.0018185100052505732,0.6672629259992391,0.0013732420047745109,0.01065909001044929,0.010707286011893302,22.3556584379985,0.2815581937848677,2482153.0,7856.0,32.0,10000.0,True,False
2,28,2135552855974365639,SLH_DSA_PURE_SHA2_128S,0.07961859495844692,0.0015853259828872979,0.6252349559799768,0.0010632710182107985,0.010649381030816585,0.010699742997530848,22.638602415972855,0.29081784534199645,2482153.0,7856.0,32.0,10000.0,True,False
2,28,5367311999650551094,SLH_DSA_PURE_SHA2_128S,0.07612082897685468,0.0014185469481162727,0.5996657320065424,0.0010874550207518041,0.01078948803478852,0.010833952983375639,10.615089042985346,0.28531596623435496,2482153.0,7856.0,32.0,10000.0,True,False
2,29,10933862899769684967,SLH_DSA_PURE_SHA2_128S,0.08560244500404224,0.001971176010556519,0.6303031889838167,0.0011376479524187744,0.010858392983209342,0.010949067014735192,22.280349228007253,0.273984413501024,2482153.0,7856.0,32.0,10000.0,True,False
2,29,18030308139012470640,SLH_DSA_PURE_SHA2_128S,0.14440270699560642,0.00219179003033787,0.6375003110151738,0.001070517988409847,0.01080790301784873,0.010857303976081312,22.22201149497414,0.2719182216133863,2482153.0,7856.0,32.0,10000.0,True,False
2,29,8574047381244813979,SLH_DSA_PURE_SHA2_128S,0.08645343797979876,0.0013965480029582977,0.6378568729851395,0.0013835840509273112,0.01086350402329117,0.010915687016677111,22.389159688027576,0.2962178279148837,2482153.0,7856.0,32.0,10000.0,True,False
2,29,2135552855974365639,SLH_DSA_PURE_SHA2_128S,0.09433397301472723,0.0013408270315267146,0.6331364779616706,0.0010583880357444286,0.01070795999839902,0.010758518998045474,22.376823402009904,0.2798000982986352,2482153.0,7856.0,32.0,10000.0,True,False
2,29,5367311999650551094,SLH_DSA_PURE_SHA2_128S,0.07665828301105648,0.0013089620042592287,0.6005731640034355,0.001124017988331616,0.010753834969364107,0.010802031960338354,10.78653901600046,0.26965904630536136,2482153.0,7856.0,32.0,10000.0,True,False
2,30,10933862899769684967,SLH_DSA_PURE_SHA2_128S,0.08764314599102363,0.0021255769534036517,0.6430916640092619,0.0010893360013142228,0.010756461007986218,0.010853257030248642,22.000189126003534,0.26685477187559487,2482153.0,7856.0,32.0,10000.0,True,False
2,30,2135552855974365639,SLH_DSA_PURE_SHA2_128S,0.08649247296852991,0.0018158250022679567,0.6387080249842256,0.0011116450186818838,0.010948791983537376,0.010997219011187553,22.106284748006146,0.27945181780075207,2482153.0,7856.0,32.0,10000.0,True,False
2,30,8574047381244813979,SLH_DSA_PURE_SHA2_128S,0.08489033300429583,0.001593441003933549,0.6293693460174836,0.0013315199757926166,0.010760103003121912,0.010806687001604587,22.216510041966103,0.2653047574048761,2482153.0,7856.0,32.0,10000.0,True,False
2,30,18030308139012470640,SLH_DSA_PURE_SHA2_128S,0.0795004490064457,0.001350918028037995,0.6267650630325079,0.0011179059511050582,0.010677876009140164,0.010728708002716303,22.303655410010833,0.2638046690590156,2482153.0,7856.0,32.0,10000.0,True,False
2,30,5367311999650551094,SLH_DSA_PURE_SHA2_128S,0.07650905597256497,0.0015517539577558637,0.6005721740075387,0.001061400049366057,0.010846449004020542,0.01089300203602761,10.658855448011309,0.2786733690313043,2482153.0,7856.0,32.0,10000.0,True,False
3,1,13304702118984046328,SLH_DSA_PURE_SHA2_128S,0.1811844629701227,0.002663905033841729,0.7813744450104423,0.001959294022526592,0.010800241958349943,0.010940119973383844,22.096243714971934,1.90264578101734,2482153.0,7856.0,32.0,10000.0,True,False
3,1,7444840067837624884,SLH_DSA_PURE_SHA2_128S,0.10151955502806231,0.0015117900329641998,0.6353392529999837,0.0013141779927536845,0.010837790032383054,0.010924988018814474,22.34222651901655,1.8616281747817993,2482153.0,7856.0,32.0,10000.0,True,False
3,1,9662723147744772592,SLH_DSA_PURE_SHA2_128S,0.09499767300439999,0.0015228769625537097,0.6331952440086752,0.001271051005460322,0.011172179016284645,0.011233754048589617,22.19438269198872,1.8319942505595783,2482153.0,7856.0,32.0,10000.0,True,False
3,1,4697714148593857380,SLH_DSA_PURE_SHA2_128S,0.14669090695679188,0.0016235819784924388,0.6326567400246859,0.0014335960149765015,0.011285831045825034,0.011345601989887655,21.985114292998333,1.842407361387064,2482153.0,7856.0,32.0,10000.0,True,False
3,1,8460157605053705793,SLH_DSA_PURE_SHA2_128S,0.07633617299143225,0.001357927976641804,0.6022575509850867,0.001072690007276833,0.010781818011309952,0.010839535971172154,10.567390501033515,1.8484171617526215,2482153.0,7856.0,32.0,10000.0,True,False
3,2,4697714148593857380,SLH_DSA_PURE_SHA2_128S,0.0868634749785997,0.001718103012535721,0.6441788470256142,0.0012829229817725718,0.010790545959025621,0.010880500019993633,22.094719841028564,1.6234410540364421,2482153.0,7856.0,32.0,10000.0,True,False
3,2,7444840067837624884,SLH_DSA_PURE_SHA2_128S,0.15043086098739877,0.0021163169876672328,0.742239739978686,0.0010767710045911372,0.010675641999114305,0.010730901965871453,21.872861287964042,1.60358693234075,2482153.0,7856.0,32.0,10000.0,True,False
3,2,9662723147744772592,SLH_DSA_PURE_SHA2_128S,0.08296005002921447,0.0015188910183496773,0.6321021820185706,0.0011093299835920334,0.010816657973919064,0.010901520028710365,22.24839950801106,1.5944211372552208,2482153.0,7856.0,32.0,10000.0,True,False
3,2,13304702118984046328,SLH_DSA_PURE_SHA2_128S,0.07910671399440616,0.0013644979917444289,0.6538649029680528,0.001115427992772311,0.010676476988010108,0.010727083019446582,22.280137598980218,1.6430526526210407,2482153.0,7856.0,32.0,10000.0,True,False
3,2,8460157605053705793,SLH_DSA_PURE_SHA2_128S,0.07619545597117394,0.0013615689822472632,0.6011929149972275,0.0010856890003196895,0.010767615982331336,0.010817555012181401,10.716678025957663,1.6014585342650978,2482153.0,7856.0,32.0,10000.0,True,False
3,3,9662723147744772592,SLH_DSA_PURE_SHA2_128S,0.08468136098235846,0.0022232219926081598,0.672721489041578,0.0011596429976634681,0.011034549970645458,0.011126913013868034,21.837874285003636,1.4205162603253374,2482153.0,7856.0,32.0,10000.0,True,False
3,3,13304702118984046328,SLH_DSA_PURE_SHA2_128S,0.08570878795580938,0.0015098550356924534,0.6466298190061934,0.00110055401455611,0.010647693008650094,0.010697153978981078,21.840464870037977,1.4305203027618578,2482153.0,7856.0,32.0,10000.0,True,False
3,3,4697714148593857380,SLH_DSA_PURE_SHA2_128S,0.14352673199027777,0.001780875027179718,0.7481951549998485,0.0013294760137796402,0.010730959998909384,0.010779374977573752,21.725050158973318,1.4180260546291217,2482153.0,7856.0,32.0,10000.0,True,False
3,3,7444840067837624884,SLH_DSA_PURE_SHA2_128S,0.09245400899089873,0.0016192669863812625,0.6275121659855358,0.0011602010345086455,0.010708872985560447,0.010760245029814541,22.121804910013452,1.4196987803370809,2482153.0,7856.0,32.0,10000.0,True,False
3,3,8460157605053705793,SLH_DSA_PURE_SHA2_128S,0.07642895798198879,0.0014029319863766432,0.6057503700139932,0.0010369300143793225,0.01098998897941783,0.011036740033887327,10.80575769598363,1.4343930326711636,2482153.0,7856.0,32.0,10000.0,True,False
3,4,9662723147744772592,SLH_DSA_PURE_SHA2_128S,0.1547160519985482,0.002845953975338489,0.7124693330260925,0.0011649869848042727,0.010852492996491492,0.010940087027847767,21.35319716797676,1.2814070005386402,2482153.0,7856.0,32.0,10000.0,True,False
3,4,13304702118984046328,SLH_DSA_PURE_SHA2_128S,0.0795861899969168,0.001387756026815623,0.6305565760121681,0.0010676980018615723,0.010798736999277025,0.010850700025912374,21.60727225599112,1.299049942066875,2482153.0,7856.0,32.0,10000.0,True,False
3,4,4697714148593857380,SLH_DSA_PURE_SHA2_128S,0.16461761901155114,0.00227499904576689,0.9250749599887058,0.0010653719655238092,0.010717625031247735,0.010765587037894875,21.384687940997537,1.2905403748868753,2482153.0,7856.0,32.0,10000.0,True,False
3,4,7444840067837624884,SLH_DSA_PURE_SHA2_128S,0.1769086149870418,0.0015819109976291656,0.8315268979640678,0.0011309960391372442,0.011210338969249278,0.011264079948887229,21.53981930000009,1.2838809823456663,2482153.0,7856.0,32.0,10000.0,True,False
3,4,8460157605053705793,SLH_DSA_PURE_SHA2_128S,0.07850318198325112,0.0017419239738956094,0.601771640998777,0.001082253991626203,0.010767223022412509,0.010815056040883064,10.461878921021707,1.2976787330243533,2482153.0,7856.0,32.0,10000.0,True,False
3,5,7444840067837624884,SLH_DSA_PURE_SHA2_128S,0.15430901903891936,0.0023519789683632553,0.6544546179939061,0.0010959249921143055,0.010658587038051337,0.010750399029348046,21.42074605403468,1.1733179374243885,2482153.0,7856.0,32.0,10000.0,True,False
3,5,4697714148593857380,SLH_DSA_PURE_SHA2_128S,0.08701410499634221,0.0022596429917030036,0.6506248150253668,0.0010985780390910804,0.010642102977726609,0.010686562047339976,21.430416393035557,1.1696704820322152,2482153.0,7856.0,32.0,10000.0,True,False
3,5,13304702118984046328,SLH_DSA_PURE_SHA2_128S,0.08404125802917406,0.001505363965407014,0.6400916199781932,0.0014278250164352357,0.010736728028859943,0.010784803016576916,21.600720069021918,1.1648179245071288,2482153.0,7856.0,32.0,10000.0,True,False
3,5,9662723147744772592,SLH_DSA_PURE_SHA2_128S,0.07974278304027393,0.0013815370039083064,0.6233474100008607,0.0010984300170093775,0.010895916959270835,0.010946213034912944,21.81673259200761,1.1677058638094333,2482153.0,7856.0,32.0,10000.0,True,False
3,5,8460157605053705793,SLH_DSA_PURE_SHA2_128S,0.07686264399671927,0.0013357059797272086,0.6011509060044773,0.0011104149743914604,0.010700131009798497,0.010745357954874635,10.581247232039459,1.163242162035677,2482153.0,7856.0,32.0,10000.0,True,False
3,6,4697714148593857380,SLH_DSA_PURE_SHA2_128S,0.08567074401071295,0.0017860170337371528,0.6613211729563773,0.0010834200074896216,0.011042267025914043,0.011132268002256751,21.57793807500275,1.0751786786146438,2482153.0,7856.0,32.0,10000.0,True,False
3,6,9662723147744772592,SLH_DSA_PURE_SHA2_128S,0.08403157501015812,0.0017430189764127135,0.6481826269882731,0.001096378022339195,0.01077632000669837,0.010826469049789011,21.59274406003533,1.0764660796227927,2482153.0,7856.0,32.0,10000.0,True,False
3,6,13304702118984046328,SLH_DSA_PURE_SHA2_128S,0.16177677502855659,0.0016983399982564151,0.8115634319838136,0.0010878359898924828,0.010789095016662031,0.010849145997781307,21.495427923975512,1.0751310920182127,2482153.0,7856.0,32.0,10000.0,True,False
3,6,7444840067837624884,SLH_DSA_PURE_SHA2_128S,0.08844041603151709,0.0013502909569069743,0.650539772992488,0.0011088139726780355,0.011424870986957103,0.01147456601029262,22.02358172496315,1.072360782768018,2482153.0,7856.0,32.0,10000.0,True,False
3,6,8460157605053705793,SLH_DSA_PURE_SHA2_128S,0.0764468259876594,0.0013960539945401251,0.602555237011984,0.001119024003855884,0.010734394018072635,0.010785873979330063,10.66648921801243,1.0825065225838852,2482153.0,7856.0,32.0,10000.0,True,False
3,7,13304702118984046328,SLH_DSA_PURE_SHA2_128S,0.08659377496223897,0.0019313289667479694,0.6539748709765263,0.0012033339589834213,0.011088439030572772,0.011170962010510266,21.523101011000108,1.011111293928311,2482153.0,7856.0,32.0,10000.0,True,False
3,7,9662723147744772592,SLH_DSA_PURE_SHA2_128S,0.14887560898205265,0.0015448990161530674,0.82035148300929,0.0012879340210929513,0.011709118029102683,0.011759602988604456,21.405145751021337,1.010632955323393,2482153.0,7856.0,32.0,10000.0,True,False
3,7,4697714148593857380,SLH_DSA_PURE_SHA2_128S,0.0855091959820129,0.002057218982372433,0.6321370800142176,0.001421330962330103,0.011103940953034908,0.011160421010572463,21.51113716099644,0.996962897598553,2482153.0,7856.0,32.0,10000.0,True,False
3,7,7444840067837624884,SLH_DSA_PURE_SHA2_128S,0.07965219597099349,0.0013326629996299744,0.6262586759985425,0.001341933966614306,0.01106362696737051,0.011143530020490289,21.611878914991394,0.9999581711551252,2482153.0,7856.0,32.0,10000.0,True,False
3,7,8460157605053705793,SLH_DSA_PURE_SHA2_128S,0.07592298899544403,0.0013792680110782385,0.6065552749787457,0.0014994550147093832,0.015862602973356843,0.015911914000753313,10.551789360994007,1.0113318136896188,2482153.0,7856.0,32.0,10000.0,True,False
3,8,4697714148593857380,SLH_DSA_PURE_SHA2_128S,0.08715455298079178,0.0021412359783425927,0.7091173779917881,0.0010519190109334886,0.010840973991435021,0.010923722002189606,21.167941070976667,0.9335556280689118,2482153.0,7856.0,32.0,10000.0,True,False
3,8,7444840067837624884,SLH_DSA_PURE_SHA2_128S,0.0860470249899663,0.0019203060073778033,0.6810848610475659,0.0010841070325113833,0.010852624021936208,0.01090191601542756,21.549325024010614,0.9148971769756402,2482153.0,7856.0,32.0,10000.0,True,False
3,8,13304702118984046328,SLH_DSA_PURE_SHA2_128S,0.08638078003423288,0.001473437005188316,0.6723789169918746,0.0011222879984416068,0.010834991990122944,0.010884782997891307,21.68437760998495,0.9295623699506632,2482153.0,7856.0,32.0,10000.0,True,False
3,8,9662723147744772592,SLH_DSA_PURE_SHA2_128S,0.07889857597183436,0.0015012500225566328,0.6440269430167973,0.0010763959726318717,0.010703709034714848,0.010751231980975717,22.325606782047544,0.9256304977610469,2482153.0,7856.0,32.0,10000.0,True,False
3,8,8460157605053705793,SLH_DSA_PURE_SHA2_128S,0.07808035198831931,0.0014350319979712367,0.6070635599899106,0.0010771860252134502,0.010745268024038523,0.01079534797463566,10.838533697999083,0.9401106081260279,2482153.0,7856.0,32.0,10000.0,True,False
3,9,9662723147744772592,SLH_DSA_PURE_SHA2_128S,0.15968984802020714,0.0018788209999911487,0.6640072209993377,0.001116483996156603,0.01085261203115806,0.010936047998256981,22.200675467029214,0.8633715617009246,2482153.0,7856.0,32.0,10000.0,True,False
3,9,13304702118984046328,SLH_DSA_PURE_SHA2_128S,0.11570764298085123,0.001996191975194961,0.6481912920135073,0.0011702330084517598,0.012081449967809021,0.01213494298281148,22.303704686986748,0.8667428874360106,2482153.0,7856.0,32.0,10000.0,True,False
3,9,4697714148593857380,SLH_DSA_PURE_SHA2_128S,0.07964628003537655,0.0014128829934634268,0.6317200449993834,0.0011950810439884663,0.010781357006635517,0.010843828960787505,22.481660133984406,0.8492397474595152,2482153.0,7856.0,32.0,10000.0,True,False
3,9,7444840067837624884,SLH_DSA_PURE_SHA2_128S,0.13687098398804665,0.0014839249779470265,0.6295010250178166,0.0011343699879944324,0.010697736986912787,0.010748258035164326,22.37067361100344,0.8541601077436258,2482153.0,7856.0,32.0,10000.0,True,False
3,9,8460157605053705793,SLH_DSA_PURE_SHA2_128S,0.07682775100693107,0.0013342710444703698,0.6017037270357832,0.0011536840465851128,0.010703153966460377,0.0107618150068447,10.892798566026613,0.8673957397762578,2482153.0,7856.0,32.0,10000.0,True,False
3,10,13304702118984046328,SLH_DSA_PURE_SHA2_128S,0.08643295400543138,0.0019140280201099813,0.6477203609538265,0.0011352319852449,0.010798101022373885,0.010885586030781269,22.043097658955958,0.8153831175150582,2482153.0,7856.0,32.0,10000.0,True,False
3,10,9662723147744772592,SLH_DSA_PURE_SHA2_128S,0.14741872303420678,0.002177142014261335,0.7660720440326259,0.001087785989511758,0.0106606199988164,0.010709098016377538,21.829473885998596,0.7967329431836978,2482153.0,7856.0,32.0,10000.0,True,False
3,10,4697714148593857380,SLH_DSA_PURE_SHA2_128S,0.08447607001289725,0.0017281390028074384,0.6327082040370442,0.0011622980237007141,0.010688556008972228,0.010737208009231836,22.186306405987125,0.8004727433093439,2482153.0,7856.0,32.0,10000.0,True,False
3,10,7444840067837624884,SLH_DSA_PURE_SHA2_128S,0.07973476499319077,0.001373484032228589,0.6252581829903647,0.0010864930227398872,0.010676347999833524,0.010723969026003033,22.21020364703145,0.8076998415751199,2482153.0,7856.0,32.0,10000.0,True,False
3,10,8460157605053705793,SLH_DSA_PURE_SHA2_128S,0.07657962304074317,0.0013085390091873705,0.6051455549895763,0.001130305987317115,0.010666866030078381,0.010713680007029325,10.763978282979224,0.8177973285269814,2482153.0,7856.0,32.0,10000.0,True,False
3,11,7444840067837624884,SLH_DSA_PURE_SHA2_128S,0.14871460595168173,0.001775949029251933,0.6433558050193824,0.0011068080202676356,0.010695253033190966,0.010791020991746336,21.81045561499195,0.7333819377250945,2482153.0,7856.0,32.0,10000.0,True,False
3,11,4697714148593857380,SLH_DSA_PURE_SHA2_128S,0.16249286604579538,0.005098221998196095,0.7960961860371754,0.0011031950125470757,0.010623551032040268,0.010671741038095206,21.637515932961833,0.7308338862210036,2482153.0,7856.0,32.0,10000.0,True,False
3,11,9662723147744772592,SLH_DSA_PURE_SHA2_128S,0.18271505599841475,0.0015884089516475797,0.6444782200269401,0.0011067689629271626,0.01082245196448639,0.01087195798754692,21.89442530699307,0.7471564384504629,2482153.0,7856.0,32.0,10000.0,True,False
3,11,13304702118984046328,SLH_DSA_PURE_SHA2_128S,0.079734158993233,0.0013926299870945513,0.6446493020048365,0.0011508219758979976,0.010623218026012182,0.010672149015590549,22.031633274978958,0.769280553244935,2482153.0,7856.0,32.0,10000.0,True,False
3,11,8460157605053705793,SLH_DSA_PURE_SHA2_128S,0.07773383497260511,0.0013510449789464474,0.60432270396268,0.0011522510321810842,0.011143476993311197,0.011204136011656374,10.734878346032929,0.7704358861659663,2482153.0,7856.0,32.0,10000.0,True,False
3,12,13304702118984046328,SLH_DSA_PURE_SHA2_128S,0.11132542503764853,0.0024551410460844636,0.6355746509507298,0.001364358002319932,0.010882442991714925,0.010965313005726784,22.134298170974944,0.7092806888750186,2482153.0,7856.0,32.0,10000.0,True,False
3,12,9662723147744772592,SLH_DSA_PURE_SHA2_128S,0.08418696199078113,0.0015193179715424776,0.6449801109847613,0.0014059540117159486,0.010615601961035281,0.01066476502455771,22.216218978981487,0.6805015895218133,2482153.0,7856.0,32.0,10000.0,True,False
3,12,4697714148593857380,SLH_DSA_PURE_SHA2_128S,0.0870059750159271,0.001753221033141017,0.6513975249836221,0.0013202609843574464,0.010882575996220112,0.010929218027740717,22.188320373010356,0.6782842170411405,2482153.0,7856.0,32.0,10000.0,True,False
3,12,7444840067837624884,SLH_DSA_PURE_SHA2_128S,0.08056288800435141,0.001398536958731711,0.6304481209954247,0.0013816800201311707,0.010933511017356068,0.010982468957081437,22.291781796026044,0.692630476868762,2482153.0,7856.0,32.0,10000.0,True,False
3,12,8460157605053705793,SLH_DSA_PURE_SHA2_128S,0.08152175298891962,0.001425781985744834,0.5983354820054956,0.00132438400760293,0.010804330988321453,0.010851523955352604,10.848906339961104,0.7027188874662113,2482153.0,7856.0,32.0,10000.0,True,False
3,13,7444840067837624884,SLH_DSA_PURE_SHA2_128S,0.12718796503031626,0.0015253960154950619,0.6459227270097472,0.0011120880371890962,0.010684850974939764,0.010770449007395655,22.107516250980552,0.6307740209106439,2482153.0,7856.0,32.0,10000.0,True,False
3,13,4697714148593857380,SLH_DSA_PURE_SHA2_128S,0.08446839504176751,0.002229548990726471,0.6402069510077126,0.0011611979571171105,0.010579565016087145,0.010629135998897254,22.103328467987012,0.6492983458188776,2482153.0,7856.0,32.0,10000.0,True,False
3,13,9662723147744772592,SLH_DSA_PURE_SHA2_128S,0.1502469380502589,0.0016210029716603458,0.664041414973326,0.0014379190397448838,0.010937822982668877,0.011004853993654251,22.232062169990968,0.6360763493961039,2482153.0,7856.0,32.0,10000.0,True,False
3,13,13304702118984046328,SLH_DSA_PURE_SHA2_128S,0.08026158600114286,0.0013607729924842715,0.6301867550355382,0.0011637780116871,0.01085579302161932,0.010902239009737968,22.40274656994734,0.6620211563885402,2482153.0,7856.0,32.0,10000.0,True,False
3,13,8460157605053705793,SLH_DSA_PURE_SHA2_128S,0.07592728099552915,0.0013921440113335848,0.603791784029454,0.0013090019929222763,0.010676364996470511,0.010722509992774576,10.685590006003622,0.6755449456957202,2482153.0,7856.0,32.0,10000.0,True,False
3,14,7444840067837624884,SLH_DSA_PURE_SHA2_128S,0.1345085829962045,0.002316216006875038,0.6520985889947042,0.0010892230202443898,0.010755391966085881,0.010840196046046913,22.244748032011557,0.5964221496718188,2482153.0,7856.0,32.0,10000.0,True,False
3,14,4697714148593857380,SLH_DSA_PURE_SHA2_128S,0.18569881899747998,0.0016614969936199486,0.7058571429806761,0.0013348369975574315,0.010649307980202138,0.010697724006604403,22.36035054997774,0.5969829491961497,2482153.0,7856.0,32.0,10000.0,True,False
3,14,9662723147744772592,SLH_DSA_PURE_SHA2_128S,0.18465466500492766,0.0016379180015064776,0.706492537050508,0.0010380580206401646,0.010677255981136113,0.010721523023676127,22.349146002030466,0.6074126479677118,2482153.0,7856.0,32.0,10000.0,True,False
3,14,13304702118984046328,SLH_DSA_PURE_SHA2_128S,0.08000528701813892,0.0013732120278291404,0.6405871979659423,0.0013559599756263196,0.010661755979526788,0.010711442970205098,22.742204690992367,0.6144437012961879,2482153.0,7856.0,32.0,10000.0,True,False
3,14,8460157605053705793,SLH_DSA_PURE_SHA2_128S,0.0759785280097276,0.001359528978355229,0.6031955979997292,0.0010423310450278223,0.010860665002837777,0.01090542203746736,10.560835012001917,0.6005230469111437,2482153.0,7856.0,32.0,10000.0,True,False
3,15,13304702118984046328,SLH_DSA_PURE_SHA2_128S,0.15401955001289025,0.0018509019864723086,0.680472947016824,0.0011048229644075036,0.010816582012921572,0.01090377802029252,22.033228628977668,0.5739520682980077,2482153.0,7856.0,32.0,10000.0,True,False
3,15,7444840067837624884,SLH_DSA_PURE_SHA2_128S,0.08613196900114417,0.0017932840273715556,0.646577519015409,0.001088012009859085,0.010766719991806895,0.010816149995662272,22.147951887978707,0.5545063704942552,2482153.0,7856.0,32.0,10000.0,True,False
3,15,4697714148593857380,SLH_DSA_PURE_SHA2_128S,0.08556736703030765,0.0017053839983418584,0.6381750339642167,0.00109819695353508,0.01084468001499772,0.010890123958233744,22.2821214919677,0.5582811846353185,2482153.0,7856.0,32.0,10000.0,True,False
3,15,9662723147744772592,SLH_DSA_PURE_SHA2_128S,0.07982345100026578,0.0014133139629848301,0.6240416250075214,0.0010486730025149882,0.010804160963743925,0.010851728031411767,22.458390024024993,0.5434171826647113,2482153.0,7856.0,32.0,10000.0,True,False
3,15,8460157605053705793,SLH_DSA_PURE_SHA2_128S,0.07624013000167906,0.0013716000248678029,0.6061158510274254,0.0010686699533835053,0.01079934899462387,0.01084525597980246,10.671502095996402,0.5709404701146835,2482153.0,7856.0,32.0,10000.0,True,False
3,16,9662723147744772592,SLH_DSA_PURE_SHA2_128S,0.0841844099923037,0.002056627010460943,0.628639601985924,0.0010879830224439502,0.010919661959633231,0.011007911001797765,22.04916220298037,0.5346784737591926,2482153.0,7856.0,32.0,10000.0,True,False
3,16,7444840067837624884,SLH_DSA_PURE_SHA2_128S,0.16403055499540642,0.002634347998537123,0.702603249985259,0.0010871740523725748,0.01118312100879848,0.011232596996705979,21.883844755007885,0.524249757464511,2482153.0,7856.0,32.0,10000.0,True,False
3,16,4697714148593857380,SLH_DSA_PURE_SHA2_128S,0.0814098659902811,0.0013759449939243495,0.632960891991388,0.001179403974674642,0.010665477020666003,0.010714769014157355,22.153274832002353,0.5372725086399732,2482153.0,7856.0,32.0,10000.0,True,False
3,16,13304702118984046328,SLH_DSA_PURE_SHA2_128S,0.16364741598954424,0.0015515380073338747,0.6303003469947726,0.0011456710053607821,0.010860586015041918,0.010912776051554829,22.031305491982494,0.5316374052684909,2482153.0,7856.0,32.0,10000.0,True,False
3,16,8460157605053705793,SLH_DSA_PURE_SHA2_128S,0.07607329200254753,0.0013608179870061576,0.6010677290032618,0.001139498024713248,0.010648016992490739,0.010696873010601848,10.845266928023193,0.5497662808162908,2482153.0,7856.0,32.0,10000.0,True,False
3,17,9662723147744772592,SLH_DSA_PURE_SHA2_128S,0.08266467595240101,0.0016136919730342925,0.6350705799995922,0.0010894490405917168,0.010725203028414398,0.010818407987244427,21.714351164002437,0.49352398077948406,2482153.0,7856.0,32.0,10000.0,True,False
3,17,13304702118984046328,SLH_DSA_PURE_SHA2_128S,0.17948692699428648,0.0015869479975663126,0.706704909040127,0.001148390001617372,0.010775798000395298,0.01086103095440194,21.741586725984234,0.4878849695606258,2482153.0,7856.0,32.0,10000.0,True,False
3,17,7444840067837624884,SLH_DSA_PURE_SHA2_128S,0.17783990100724623,0.0016822479665279388,0.7157773050130345,0.0013577630161307752,0.010756751988083124,0.010804953053593636,21.674208829994313,0.46153836904432827,2482153.0,7856.0,32.0,10000.0,True,False
3,17,4697714148593857380,SLH_DSA_PURE_SHA2_128S,0.0802762369858101,0.0014628469944000244,0.8774503669701517,0.0011344439699314535,0.010898283973801881,0.010944273031782359,21.81054254504852,0.5034455310957976,2482153.0,7856.0,32.0,10000.0,True,False
3,17,8460157605053705793,SLH_DSA_PURE_SHA2_128S,0.08002638001926243,0.0014097850071266294,0.6277618950116448,0.0013263039872981608,0.010735406016465276,0.010781452991068363,10.560983854986262,0.5193221722476589,2482153.0,7856.0,32.0,10000.0,True,False
3,18,4697714148593857380,SLH_DSA_PURE_SHA2_128S,0.14566034404560924,0.00218069099355489,0.6655113740125671,0.001092414022423327,0.01090203202329576,0.01098868896951899,22.107335279986728,0.4647045762370379,2482153.0,7856.0,32.0,10000.0,True,False
3,18,13304702118984046328,SLH_DSA_PURE_SHA2_128S,0.16683767799986526,0.002410594024695456,0.7386784539557993,0.0011010320158675313,0.011958811024669558,0.012017649947665632,22.300486793043092,0.46297383123336316,2482153.0,7856.0,32.0,10000.0,True,False
3,18,9662723147744772592,SLH_DSA_PURE_SHA2_128S,0.07884745503542945,0.0013627910520881414,0.6310713000129908,0.0011214370024390519,0.010757845011539757,0.01080467802239582,22.548626931966282,0.453848214022601,2482153.0,7856.0,32.0,10000.0,True,False
3,18,7444840067837624884,SLH_DSA_PURE_SHA2_128S,0.1844442340079695,0.0019132960005663335,0.6420706150238402,0.001093079976271838,0.010905119008384645,0.010955071018543094,22.415161279030144,0.456645754162972,2482153.0,7856.0,32.0,10000.0,True,False
3,18,8460157605053705793,SLH_DSA_PURE_SHA2_128S,0.07567988603841513,0.0013269430492073298,0.6069192559807561,0.001115997030865401,0.010720313992351294,0.010771283006761223,10.539232803042978,0.48074706240345877,2482153.0,7856.0,32.0,10000.0,True,False
3,19,7444840067837624884,SLH_DSA_PURE_SHA2_128S,0.14875169098377228,0.002299999992828816,0.731128646992147,0.0013614239869639277,0.010880990012083203,0.010963795997668058,21.509093686006963,0.4445420819611405,2482153.0,7856.0,32.0,10000.0,True,False
3,19,9662723147744772592,SLH_DSA_PURE_SHA2_128S,0.14023687300505117,0.0013885960215702653,0.6301383909885772,0.0013080749777145684,0.010764982958789915,0.010813133034389466,21.879627207003068,0.4451412500236362,2482153.0,7856.0,32.0,10000.0,True,False
3,19,4697714148593857380,SLH_DSA_PURE_SHA2_128S,0.09193621197482571,0.0014814329915679991,0.6536469529964961,0.0013760850415565073,0.010951129021123052,0.011003255029208958,21.863914642017335,0.4529314197052401,2482153.0,7856.0,32.0,10000.0,True,False
3,19,13304702118984046328,SLH_DSA_PURE_SHA2_128S,0.1107948049902916,0.0013876419980078936,0.6321023950004019,0.001093464030418545,0.010923638008534908,0.010973882977850735,21.936297426989768,0.43286755050535497,2482153.0,7856.0,32.0,10000.0,True,False
3,19,8460157605053705793,SLH_DSA_PURE_SHA2_128S,0.07634215097641572,0.0013636400108225644,0.5992732900194824,0.0016393489786423743,0.010699978971388191,0.01075378997484222,10.541034611989744,0.4628474758789181,2482153.0,7856.0,32.0,10000.0,True,False
3,20,4697714148593857380,SLH_DSA_PURE_SHA2_128S,0.11514959298074245,0.002295713988132775,0.6995862120529637,0.001185776956845075,0.011323907994665205,0.011405288008973002,21.472393709002063,0.39893042197980627,2482153.0,7856.0,32.0,10000.0,True,False
3,20,13304702118984046328,SLH_DSA_PURE_SHA2_128S,0.08624536398565397,0.00164052500622347,0.693501316010952,0.0012004559976048768,0.010917795996647328,0.01096338196657598,21.724907856958453,0.4133527430262381,2482153.0,7856.0,32.0,10000.0,True,False
3,20,9662723147744772592,SLH_DSA_PURE_SHA2_128S,0.15857733297161758,0.002658437006175518,0.9477355160051957,0.0011523119756020606,0.010905013012234122,0.010951316973660141,21.47502551000798,0.40173383407628005,2482153.0,7856.0,32.0,10000.0,True,False
3,20,7444840067837624884,SLH_DSA_PURE_SHA2_128S,0.08876135700847954,0.0013271539937704802,0.8576063570217229,0.0012884550378657877,0.011059026001021266,0.01110692200018093,21.736778462014627,0.40909399922651507,2482153.0,7856.0,32.0,10000.0,True,False
3,20,8460157605053705793,SLH_DSA_PURE_SHA2_128S,0.1152450519730337,0.0017479670350439847,0.617522482003551,0.0011727000237442553,0.01097443699836731,0.011019178025890142,10.447401579993311,0.41887659863970533,2482153.0,7856.0,32.0,10000.0,True,False
3,21,13304702118984046328,SLH_DSA_PURE_SHA2_128S,0.08694896404631436,0.0019877899903804064,0.7122377550113015,0.0011314099538139999,0.010670849995221943,0.010762002028059214,21.971684445044957,0.39485851685091045,2482153.0,7856.0,32.0,10000.0,True,False
3,21,9662723147744772592,SLH_DSA_PURE_SHA2_128S,0.08789032197091728,0.0015267669805325568,0.6431898550363258,0.0010842090123333037,0.010743679013103247,0.0107952969847247,22.15124380699126,0.3924303301981987,2482153.0,7856.0,32.0,10000.0,True,False
3,21,4697714148593857380,SLH_DSA_PURE_SHA2_128S,0.07941102102631703,0.001399527012836188,0.6289491190109402,0.0014058530214242637,0.010683402011636645,0.010729289031587541,22.327395341999363,0.3985316089500254,2482153.0,7856.0,32.0,10000.0,True,False
3,21,7444840067837624884,SLH_DSA_PURE_SHA2_128S,0.08886259200517088,0.0014687420334666967,0.6269475219887681,0.0010664130095392466,0.010778003023006022,0.010823711985722184,22.299049903987907,0.40077616283878353,2482153.0,7856.0,32.0,10000.0,True,False
3,21,8460157605053705793,SLH_DSA_PURE_SHA2_128S,0.07601930102100596,0.0016779060242697597,0.6009945410187356,0.001326774014160037,0.01067647198215127,0.010722303995862603,10.605950705998112,0.37291757925785485,2482153.0,7856.0,32.0,10000.0,True,False
3,22,7444840067837624884,SLH_DSA_PURE_SHA2_128S,0.08456328394822776,0.0020208160276524723,0.6398117640055716,0.0010904120281338692,0.010765521030407399,0.010873507999349385,22.104152629035525,0.3521554902933847,2482153.0,7856.0,32.0,10000.0,True,False
3,22,9662723147744772592,SLH_DSA_PURE_SHA2_128S,0.1609459409955889,0.00354329397669062,0.7644013530225493,0.0011546029709279537,0.010798213013913482,0.010847800003830343,21.90654315298889,0.36695866392086296,2482153.0,7856.0,32.0,10000.0,True,False
3,22,13304702118984046328,SLH_DSA_PURE_SHA2_128S,0.18361170799471438,0.0017223680042661726,0.6676805990282446,0.0011069300235249102,0.010681313986424357,0.010739916004240513,22.081370772968512,0.3620837594549091,2482153.0,7856.0,32.0,10000.0,True,False
3,22,4697714148593857380,SLH_DSA_PURE_SHA2_128S,0.07951400399906561,0.0013717090478166938,0.6275630299933255,0.0011100280098617077,0.011130949016660452,0.01117968198377639,22.330949776049238,0.3634769098726086,2482153.0,7856.0,32.0,10000.0,True,False
3,22,8460157605053705793,SLH_DSA_PURE_SHA2_128S,0.07668136799475178,0.0013455419684760273,0.608266931027174,0.001102980982977897,0.010814979032147676,0.010867316043004394,10.940918379987124,0.37581786765202213,2482153.0,7856.0,32.0,10000.0,True,False
3,23,9662723147744772592,SLH_DSA_PURE_SHA2_128S,0.18387553497450426,0.0022137879859656096,0.6792149120010436,0.001064303971361369,0.010894517006818205,0.010982181003782898,21.9807523850468,0.36964583034945514,2482153.0,7856.0,32.0,10000.0,True,False
3,23,4697714148593857380,SLH_DSA_PURE_SHA2_128S,0.08719398797256872,0.0014678500010631979,0.9250651270267554,0.001081797992810607,0.010675983037799597,0.010724825027864426,21.939154843974393,0.33803395452959756,2482153.0,7856.0,32.0,10000.0,True,False
3,23,7444840067837624884,SLH_DSA_PURE_SHA2_128S,0.18078829598380253,0.002327197988051921,0.9791426450246945,0.0013942670193500817,0.01070913701551035,0.010755985975265503,21.951954595046118,0.34529199783865827,2482153.0,7856.0,32.0,10000.0,True,False
3,23,13304702118984046328,SLH_DSA_PURE_SHA2_128S,0.08094329602317885,0.0013805400230921805,0.7109706079936586,0.0010652909986674786,0.010903925052843988,0.010947829985525459,22.29857752402313,0.3401891345533129,2482153.0,7856.0,32.0,10000.0,True,False
3,23,8460157605053705793,SLH_DSA_PURE_SHA2_128S,0.07735299703199416,0.0013932459987699986,0.6013006310095079,0.001375335967168212,0.0107371790218167,0.010783017030917108,10.777621205023024,0.3494247473097933,2482153.0,7856.0,32.0,10000.0,True,False
3,24,4697714148593857380,SLH_DSA_PURE_SHA2_128S,0.088198997953441,0.0031936659943312407,0.6571730660507455,0.0011794689926318824,0.010774144029710442,0.010866846016142517,21.96333906200016,0.31210709293447314,2482153.0,7856.0,32.0,10000.0,True,False
3,24,9662723147744772592,SLH_DSA_PURE_SHA2_128S,0.0851704059750773,0.0020518969977274537,0.6486262760008685,0.0011353479931131005,0.011081923032179475,0.011130469967611134,22.074081143015064,0.32490855148032355,2482153.0,7856.0,32.0,10000.0,True,False
3,24,7444840067837624884,SLH_DSA_PURE_SHA2_128S,0.08440238499315456,0.0015403080033138394,0.6538148809922859,0.0011348300031386316,0.011014491028618068,0.011067042010836303,22.121788095973898,0.3347953404686726,2482153.0,7856.0,32.0,10000.0,True,False
3,24,13304702118984046328,SLH_DSA_PURE_SHA2_128S,0.07973684795433655,0.0013571789604611695,0.6210134130087681,0.0010907999821938574,0.010748365020845085,0.010796632966957986,22.512064258975442,0.33472301007751315,2482153.0,7856.0,32.0,10000.0,True,False
3,24,8460157605053705793,SLH_DSA_PURE_SHA2_128S,0.07642127695726231,0.001322958036325872,0.5999842769815587,0.0011276520090177655,0.01136086304904893,0.011411659012082964,10.689602112979628,0.3376520196282373,2482153.0,7856.0,32.0,10000.0,True,False
3,25,7444840067837624884,SLH_DSA_PURE_SHA2_128S,0.12401777098421007,0.0017571939970366657,0.7559136179625057,0.0011018170043826103,0.01079786999616772,0.010888893040828407,22.135484450031072,0.30942339413820175,2482153.0,7856.0,32.0,10000.0,True,False
3,25,9662723147744772592,SLH_DSA_PURE_SHA2_128S,0.1444379109889269,0.0019746790057979524,0.6378562260069884,0.0011060750111937523,0.010717477998696268,0.010768493986688554,22.211376284016296,0.33164403746469906,2482153.0,7856.0,32.0,10000.0,True,False
3,25,13304702118984046328,SLH_DSA_PURE_SHA2_128S,0.0784799950197339,0.0013409410021267831,0.6310871110181324,0.001348433957900852,0.011020143982023,0.01106896298006177,22.46563122200314,0.32555496522906824,2482153.0,7856.0,32.0,10000.0,True,False
3,25,4697714148593857380,SLH_DSA_PURE_SHA2_128S,0.14383506000740454,0.0014323479845188558,0.6291786769870669,0.0011089149629697204,0.010733691975474358,0.010780785989481956,22.411548179981764,0.31978404927201354,2482153.0,7856.0,32.0,10000.0,True,False
3,25,8460157605053705793,SLH_DSA_PURE_SHA2_128S,0.07630790397524834,0.0013044369989074767,0.6003317250288092,0.001366341020911932,0.010694734985008836,0.010739366989582777,10.777283877017908,0.3060788315997575,2482153.0,7856.0,32.0,10000.0,True,False
3,26,4697714148593857380,SLH_DSA_PURE_SHA2_128S,0.09524417901411653,0.0015125880017876625,0.643757828976959,0.0011039369856007397,0.010810581967234612,0.01090492302319035,21.744744053983595,0.3185369989183098,2482153.0,7856.0,32.0,10000.0,True,False
3,26,9662723147744772592,SLH_DSA_PURE_SHA2_128S,0.0848875209921971,0.002291979966685176,0.6434735410148278,0.0011111490312032402,0.010822427982930094,0.01087263599038124,21.799772577011026,0.3116226795891199,2482153.0,7856.0,32.0,10000.0,True,False
3,26,13304702118984046328,SLH_DSA_PURE_SHA2_128S,0.14918098197085783,0.0023952749907039106,0.974001071008388,0.0011464340495876968,0.010767434956505895,0.010828409984242171,21.48957060498651,0.29559085300317206,2482153.0,7856.0,32.0,10000.0,True,False
3,26,7444840067837624884,SLH_DSA_PURE_SHA2_128S,0.07958219602005556,0.0013991770101711154,0.6277477049734443,0.0010830149985849857,0.010700802959036082,0.010749653971288353,22.01932708104141,0.29505717044714064,2482153.0,7856.0,32.0,10000.0,True,False
3,26,8460157605053705793,SLH_DSA_PURE_SHA2_128S,0.07602044497616589,0.0016995719633996487,0.601412531977985,0.0011478810338303447,0.010884515009820461,0.010935769008938223,10.811986227985471,0.28892010488449194,2482153.0,7856.0,32.0,10000.0,True,False
3,27,7444840067837624884,SLH_DSA_PURE_SHA2_128S,0.08723944897064939,0.001513151975814253,0.6628685510368086,0.001083645038306713,0.010731987014878541,0.010819621034897864,21.871179584006313,0.30046302950331055,2482153.0,7856.0,32.0,10000.0,True,False
3,27,4697714148593857380,SLH_DSA_PURE_SHA2_128S,0.16089099098462611,0.0017966769519262016,0.6934043120127171,0.001146969967521727,0.010852770006749779,0.010903879010584205,21.92462860199157,0.2797346440948748,2482153.0,7856.0,32.0,10000.0,True,False
3,27,13304702118984046328,SLH_DSA_PURE_SHA2_128S,0.09537989902310073,0.0014606540207751095,0.7990628689876758,0.0013323029852472246,0.010901450994424522,0.010947995993774384,22.036371766997036,0.2699800754849689,2482153.0,7856.0,32.0,10000.0,True,False
3,27,9662723147744772592,SLH_DSA_PURE_SHA2_128S,0.08023863704875112,0.0013476110179908574,0.6256262630340643,0.0011270749964751303,0.010630161967128515,0.010678674036171287,22.52620655100327,0.29846915366654747,2482153.0,7856.0,32.0,10000.0,True,False
3,27,8460157605053705793,SLH_DSA_PURE_SHA2_128S,0.07602431799750775,0.0013261199928820133,0.6004650329705328,0.0013067550025880337,0.010641032014973462,0.010686163965146989,11.076260361005552,0.2914426906834752,2482153.0,7856.0,32.0,10000.0,True,False
3,28,7444840067837624884,SLH_DSA_PURE_SHA2_128S,0.1424655730370432,0.003299250965937972,0.7555200919741765,0.001132359029725194,0.010733678995165974,0.010823295044247061,21.735982310958207,0.26687699973437423,2482153.0,7856.0,32.0,10000.0,True,False
3,28,13304702118984046328,SLH_DSA_PURE_SHA2_128S,0.15749836299801245,0.002098329016007483,0.6705945520079695,0.0011137740220874548,0.010722634964622557,0.01077044999692589,21.89935498900013,0.27590895811179145,2482153.0,7856.0,32.0,10000.0,True,False
3,28,4697714148593857380,SLH_DSA_PURE_SHA2_128S,0.08550782001111656,0.00176439800998196,0.6578712850459851,0.0011264600325375795,0.010870338010136038,0.010920413013081998,22.06499852699926,0.28242396293267513,2482153.0,7856.0,32.0,10000.0,True,False
3,28,9662723147744772592,SLH_DSA_PURE_SHA2_128S,0.07969714101636782,0.001355100015643984,0.6285736440331675,0.0011067710001952946,0.010993706993758678,0.011047284991946071,22.17043732298771,0.2932307147316801,2482153.0,7856.0,32.0,10000.0,True,False
3,28,8460157605053705793,SLH_DSA_PURE_SHA2_128S,0.07649329700507224,0.0013288779882714152,0.600352399982512,0.0011834449833258986,0.01064481702633202,0.01069430896313861,10.836743809981272,0.2845057197846472,2482153.0,7856.0,32.0,10000.0,True,False
3,29,4697714148593857380,SLH_DSA_PURE_SHA2_128S,0.18562497396487743,0.001954577979631722,0.6493210199987516,0.0011036230134777725,0.010822757962159812,0.010915268037933856,21.895022629003506,0.26661363420279,2482153.0,7856.0,32.0,10000.0,True,False
3,29,13304702118984046328,SLH_DSA_PURE_SHA2_128S,0.16255013400223106,0.0016858140006661415,0.7622729089925997,0.0010826530051417649,0.010813685948960483,0.010862642957363278,21.846978840010706,0.2705652200908492,2482153.0,7856.0,32.0,10000.0,True,False
3,29,9662723147744772592,SLH_DSA_PURE_SHA2_128S,0.17547351401299238,0.0014681780012324452,0.7087135629844852,0.0013313620002008975,0.01072692999150604,0.010772890993393958,22.05653129395796,0.28144408449677144,2482153.0,7856.0,32.0,10000.0,True,False
3,29,7444840067837624884,SLH_DSA_PURE_SHA2_128S,0.18485235795378685,0.0017251159879378974,0.8963585059973411,0.0010790370288304985,0.010668567032553256,0.010712993040215224,21.88128772401251,0.2671941585515956,2482153.0,7856.0,32.0,10000.0,True,False
3,29,8460157605053705793,SLH_DSA_PURE_SHA2_128S,0.07796748803230003,0.0016673330101184547,0.6027517809998244,0.001323303033132106,0.010731216985732317,0.010775778035167605,10.847903001005761,0.2939630914695216,2482153.0,7856.0,32.0,10000.0,True,False
3,30,7444840067837624884,SLH_DSA_PURE_SHA2_128S,0.08689809101633728,0.0017101330449804664,0.6576931730378419,0.0011449530138634145,0.010737412958405912,0.010826673998963088,21.974333312013187,0.273828881607501,2482153.0,7856.0,32.0,10000.0,True,False
3,30,13304702118984046328,SLH_DSA_PURE_SHA2_128S,0.1486460579908453,0.001956966007128358,0.6901191829820164,0.0010934720048680902,0.01084638002794236,0.010895162005908787,21.952320757962298,0.252377683390527,2482153.0,7856.0,32.0,10000.0,True,False
3,30,4697714148593857380,SLH_DSA_PURE_SHA2_128S,0.08400350902229548,0.001824186008889228,0.6383910379954614,0.0011362459626980126,0.010803927027154714,0.010853372979909182,22.205346357019152,0.2518757867214743,2482153.0,7856.0,32.0,10000.0,True,False
3,30,9662723147744772592,SLH_DSA_PURE_SHA2_128S,0.07968521403381601,0.0013449189718812704,0.6301693319692276,0.0010863859788514674,0.010651035991031677,0.010701105988118798,22.430745727033354,0.2639008700983754,2482153.0,7856.0,32.0,10000.0,True,False
3,30,8460157605053705793,SLH_DSA_PURE_SHA2_128S,0.07710375398164615,0.0014036300126463175,0.6010525539750233,0.0011202640016563237,0.010742412996478379,0.010790713015012443,10.796536909008864,0.26359555709767885,2482153.0,7856.0,32.0,10000.0,True,False
4,1,3129705597323214588,SLH_DSA_PURE_SHA2_128S,0.2231766990153119,0.0021982869948260486,0.7521556580322795,0.0011294669820927083,0.010820376046467572,0.010951579024549574,21.27323604898993,1.915281142289646,2482153.0,7856.0,32.0,10000.0,True,False
4,1,2990553835051354076,SLH_DSA_PURE_SHA2_128S,0.08607616298831999,0.0019915280281566083,0.631864631024655,0.001159031002316624,0.011045917985029519,0.01113425602670759,21.31659258797299,1.9329763909879203,2482153.0,7856.0,32.0,10000.0,True,False
4,1,10828164059483025627,SLH_DSA_PURE_SHA2_128S,0.16015607700683177,0.00281611701939255,1.2214078360120766,0.0010837799636647105,0.010783376987092197,0.010836714995093644,21.32015845697606,1.8923838698445037,2482153.0,7856.0,32.0,10000.0,True,False
4,1,12511779349924136613,SLH_DSA_PURE_SHA2_128S,0.17678939399775118,0.0017630250076763332,0.8606346640153788,0.00114651198964566,0.010697981982957572,0.010752409987617284,21.30562567099696,1.9269947872375146,2482153.0,7856.0,32.0,10000.0,True,False
4,1,4472048431810813670,SLH_DSA_PURE_SHA2_128S,0.07769031601492316,0.0014426440466195345,0.6130682209623046,0.001063635980244726,0.010814342997036874,0.01086618797853589,10.798415158002172,1.9057433285271397,2482153.0,7856.0,32.0,10000.0,True,False
4,2,12511779349924136613,SLH_DSA_PURE_SHA2_128S,0.15819712303346023,0.002208156045526266,0.7260787370032631,0.0010665460140444338,0.010733706993050873,0.010828778031282127,21.65977092902176,1.638730890453814,2482153.0,7856.0,32.0,10000.0,True,False
4,2,2990553835051354076,SLH_DSA_PURE_SHA2_128S,0.0844829769921489,0.0018131020478904247,0.6268238819902763,0.0011361429933458567,0.010786694998387247,0.010857345012482256,21.911264865018893,1.6211205789456353,2482153.0,7856.0,32.0,10000.0,True,False
4,2,10828164059483025627,SLH_DSA_PURE_SHA2_128S,0.07981969101820141,0.0015856929821893573,0.6327990879653953,0.0013087970437482,0.010776199982501566,0.010841773997526616,21.95312251400901,1.66839208960914,2482153.0,7856.0,32.0,10000.0,True,False
4,2,3129705597323214588,SLH_DSA_PURE_SHA2_128S,0.14584013097919524,0.0017869520233944058,0.629668292007409,0.0011506520095281303,0.010738038981799036,0.010791903012432158,21.91961118998006,1.6257439154786424,2482153.0,7856.0,32.0,10000.0,True,False
4,2,4472048431810813670,SLH_DSA_PURE_SHA2_128S,0.0773888070252724,0.00133645097957924,0.6014873019885272,0.0010423199855722487,0.010761243989691138,0.010806420992594212,10.705584956973325,1.653632588660755,2482153.0,7856.0,32.0,10000.0,True,False
4,3,2990553835051354076,SLH_DSA_PURE_SHA2_128S,0.08785541297402233,0.0022660610266029835,0.653306285967119,0.0011639069998636842,0.01083218096755445,0.010923532012384385,21.40399963501841,1.4639042855832523,2482153.0,7856.0,32.0,10000.0,True,False
4,3,10828164059483025627,SLH_DSA_PURE_SHA2_128S,0.14543158101150766,0.0019242229755036533,0.6740532600088045,0.001090135017875582,0.010693514021113515,0.010746031010057777,21.548312285973225,1.5071390699654723,2482153.0,7856.0,32.0,10000.0,True,False
4,3,12511779349924136613,SLH_DSA_PURE_SHA2_128S,0.11759404803160578,0.0014984430163167417,0.6275958509650081,0.0011312940041534603,0.01068051002221182,0.010732222988735884,21.710346831008792,1.4684192938164782,2482153.0,7856.0,32.0,10000.0,True,False
4,3,3129705597323214588,SLH_DSA_PURE_SHA2_128S,0.07982851698761806,0.0013770299847237766,0.6298848660080694,0.0011588430497795343,0.010780262004118413,0.010831406980287284,21.79048791702371,1.4804482899915676,2482153.0,7856.0,32.0,10000.0,True,False
4,3,4472048431810813670,SLH_DSA_PURE_SHA2_128S,0.07598410703940317,0.001432919001672417,0.6003374019637704,0.0011037919903174043,0.01070014899596572,0.010774263006169349,10.849633382982574,1.4677187948942947,2482153.0,7856.0,32.0,10000.0,True,False
4,4,10828164059483025627,SLH_DSA_PURE_SHA2_128S,0.1268511819653213,0.001708152994979173,0.6946437800070271,0.0013041860074736178,0.011007201974280179,0.011085365957114846,21.331201039953157,1.3731385901713142,2482153.0,7856.0,32.0,10000.0,True,False
4,4,12511779349924136613,SLH_DSA_PURE_SHA2_128S,0.1492141999769956,0.0016116200131364167,0.7083280819933861,0.001176642021164298,0.010911722958553582,0.01096192596014589,21.39518335199682,1.3551389298880825,2482153.0,7856.0,32.0,10000.0,True,False
4,4,3129705597323214588,SLH_DSA_PURE_SHA2_128S,0.11527450801804662,0.0017011730233207345,0.682791028986685,0.0010899449698626995,0.0109903120319359,0.011037838004995137,21.53657092701178,1.3273369801311066,2482153.0,7856.0,32.0,10000.0,True,False
4,4,2990553835051354076,SLH_DSA_PURE_SHA2_128S,0.07940159802092239,0.0013618809753097594,0.6649775989935733,0.0011925450526177883,0.010924706002697349,0.010975911980494857,21.680132870038506,1.3446789090625775,2482153.0,7856.0,32.0,10000.0,True,False
4,4,4472048431810813670,SLH_DSA_PURE_SHA2_128S,0.09211417502956465,0.001551219029352069,0.6408782890066504,0.0011424749973230064,0.011143818031996489,0.011192546982783824,10.784428206970915,1.3369992188752269,2482153.0,7856.0,32.0,10000.0,True,False
4,5,3129705597323214588,SLH_DSA_PURE_SHA2_128S,0.08720758999697864,0.0026625239988788962,0.6426712319953367,0.0011272759875282645,0.01090871699852869,0.01099574496038258,21.957930299977306,1.232700962989856,2482153.0,7856.0,32.0,10000.0,True,False
4,5,2990553835051354076,SLH_DSA_PURE_SHA2_128S,0.08566717500798404,0.0016247379826381803,0.6368704849737696,0.001057029003277421,0.01070173003245145,0.010750425979495049,22.0513489570003,1.2259862508636694,2482153.0,7856.0,32.0,10000.0,True,False
4,5,10828164059483025627,SLH_DSA_PURE_SHA2_128S,0.08032764500239864,0.0013416929868981242,0.6308732239995152,0.0014095010119490325,0.01062439102679491,0.010674266959540546,22.255842451995704,1.2527687907599794,2482153.0,7856.0,32.0,10000.0,True,False
4,5,12511779349924136613,SLH_DSA_PURE_SHA2_128S,0.0844966089935042,0.0016176379867829382,0.6467158560408279,0.001084231014829129,0.010709603026043624,0.010760413017123938,22.14538891694974,1.2359969014176926,2482153.0,7856.0,32.0,10000.0,True,False
4,5,4472048431810813670,SLH_DSA_PURE_SHA2_128S,0.0764232570072636,0.0013740209979005158,0.6030127309495583,0.0010823460179381073,0.011194874998182058,0.011241349042393267,10.663115946983453,1.2222747107664236,2482153.0,7856.0,32.0,10000.0,True,False
4,6,12511779349924136613,SLH_DSA_PURE_SHA2_128S,0.1611884049489163,0.0031844429904595017,0.6914324260433204,0.0010589529993012547,0.01065906003350392,0.010747605992946774,21.612928789982107,1.1547692661849074,2482153.0,7856.0,32.0,10000.0,True,False
4,6,3129705597323214588,SLH_DSA_PURE_SHA2_128S,0.08503561996622011,0.001724311034195125,0.6473296700278297,0.0011381549993529916,0.010800682008266449,0.010853325016796589,22.082794429035857,1.119563165754556,2482153.0,7856.0,32.0,10000.0,True,False
4,6,2990553835051354076,SLH_DSA_PURE_SHA2_128S,0.16038519400171936,0.002038391015958041,0.7508549750200473,0.0011001829989254475,0.010794890986289829,0.010844026983249933,22.003085747011937,1.1440795355330642,2482153.0,7856.0,32.0,10000.0,True,False
4,6,10828164059483025627,SLH_DSA_PURE_SHA2_128S,0.08030706999124959,0.001477641984820366,0.6255824479740113,0.0011296870070509613,0.010752972972113639,0.010807676997501403,22.387064445007127,1.1637181211203431,2482153.0,7856.0,32.0,10000.0,True,False
4,6,4472048431810813670,SLH_DSA_PURE_SHA2_128S,0.0764146139845252,0.0013290219940245152,0.6015293190139346,0.001056612003594637,0.010771105997264385,0.010820847004652023,10.528992488980293,1.1245844421295312,2482153.0,7856.0,32.0,10000.0,True,False
4,7,10828164059483025627,SLH_DSA_PURE_SHA2_128S,0.08685299195349216,0.0033290739520452917,0.6637880629859865,0.0011419780203141272,0.010808161983732134,0.01089633401716128,21.569790159992408,1.0662258751095293,2482153.0,7856.0,32.0,10000.0,True,False
4,7,2990553835051354076,SLH_DSA_PURE_SHA2_128S,0.14210800599539652,0.0021361979888752103,0.6947151289787143,0.0010345940245315433,0.010779439006000757,0.010828108992427588,21.495092230965383,1.049413090887161,2482153.0,7856.0,32.0,10000.0,True,False
4,7,12511779349924136613,SLH_DSA_PURE_SHA2_128S,0.10254007601179183,0.001463478954974562,0.6284883400076069,0.001403214002493769,0.010755530965980142,0.010805109981447458,21.86230123601854,1.0576778484609561,2482153.0,7856.0,32.0,10000.0,True,False
4,7,3129705597323214588,SLH_DSA_PURE_SHA2_128S,0.08023369702277705,0.0014006069977767766,0.6329194009886123,0.0010695650125853717,0.011054837028495967,0.011109823011793196,21.96958622802049,1.0421951934933282,2482153.0,7856.0,32.0,10000.0,True,False
4,7,4472048431810813670,SLH_DSA_PURE_SHA2_128S,0.07633443200029433,0.0013599750236608088,0.5984341339790262,0.0010799070005305111,0.01100154803134501,0.011048470973037183,10.612655106000602,1.0689770832610206,2482153.0,7856.0,32.0,10000.0,True,False
4,8,3129705597323214588,SLH_DSA_PURE_SHA2_128S,0.14940194902010262,0.0018957250285893679,0.6509140470298007,0.0011508690076880157,0.010912213008850813,0.011008629982825369,21.747518435993697,0.966146685730535,2482153.0,7856.0,32.0,10000.0,True,False
4,8,2990553835051354076,SLH_DSA_PURE_SHA2_128S,0.15140024304855615,0.0018908759811893106,0.7053418009891175,0.0010876830201596022,0.010865133022889495,0.010914745973423123,21.716102891019545,0.9701317598263677,2482153.0,7856.0,32.0,10000.0,True,False
4,8,10828164059483025627,SLH_DSA_PURE_SHA2_128S,0.15928664099192247,0.0014108669711276889,0.6340303440229036,0.001077102031558752,0.011244849010836333,0.011296408949419856,21.864638556959108,0.9740620417335925,2482153.0,7856.0,32.0,10000.0,True,False
4,8,12511779349924136613,SLH_DSA_PURE_SHA2_128S,0.08061186503618956,0.0013865120126865804,0.6311271620215848,0.0010589089943096042,0.010784651967696846,0.010833776963409036,21.949493787018582,0.9931727967704066,2482153.0,7856.0,32.0,10000.0,True,False
4,8,4472048431810813670,SLH_DSA_PURE_SHA2_128S,0.07710162398871034,0.0014145229943096638,0.6004704009974375,0.001154441968537867,0.010681315965484828,0.010733440984040499,10.67751590401167,0.9737794287859822,2482153.0,7856.0,32.0,10000.0,True,False
4,9,12511779349924136613,SLH_DSA_PURE_SHA2_128S,0.15372598404064775,0.0023055009660311043,0.7442513310234062,0.0011343290098011494,0.010698764002881944,0.01082717499230057,21.66624768800102,0.9188404228931037,2482153.0,7856.0,32.0,10000.0,True,False
4,9,2990553835051354076,SLH_DSA_PURE_SHA2_128S,0.08537235099356622,0.002569747040979564,0.648916068021208,0.0010969009599648416,0.010866242984775454,0.010915360995568335,21.935644969984423,0.9119075722397326,2482153.0,7856.0,32.0,10000.0,True,False
4,9,3129705597323214588,SLH_DSA_PURE_SHA2_128S,0.1037552380003035,0.0014873369946144521,0.627683638012968,0.0011273580021224916,0.010704912012442946,0.01075520901940763,22.267251872981433,0.8959121159471262,2482153.0,7856.0,32.0,10000.0,True,False
4,9,10828164059483025627,SLH_DSA_PURE_SHA2_128S,0.0850455230101943,0.001371731050312519,0.6599527149810456,0.001106983982026577,0.010701632010750473,0.010758850956335664,22.240200168977026,0.9171327156380723,2482153.0,7856.0,32.0,10000.0,True,False
4,9,4472048431810813670,SLH_DSA_PURE_SHA2_128S,0.07659693504683673,0.0013455050066113472,0.600406794983428,0.001126305025536567,0.01076120900688693,0.010811464977450669,10.596786937967408,0.9180728702689893,2482153.0,7856.0,32.0,10000.0,True,False
4,10,10828164059483025627,SLH_DSA_PURE_SHA2_128S,0.13636183697963133,0.0015055930125527084,0.6363992530386895,0.0010520549840293825,0.01087018201360479,0.010959959006868303,21.880886524973903,0.8520811545772674,2482153.0,7856.0,32.0,10000.0,True,False
4,10,2990553835051354076,SLH_DSA_PURE_SHA2_128S,0.12227910599904135,0.0017931690090335906,0.6389248130144551,0.0011027879663743079,0.010890805977396667,0.010943182045593858,21.939322314050514,0.8524765487010486,2482153.0,7856.0,32.0,10000.0,True,False
4,10,12511779349924136613,SLH_DSA_PURE_SHA2_128S,0.13534621003782377,0.00156964804045856,0.6874524659942836,0.0010758359567262232,0.010703817999456078,0.010755747032817453,21.883236969995778,0.856421107396531,2482153.0,7856.0,32.0,10000.0,True,False
4,10,3129705597323214588,SLH_DSA_PURE_SHA2_128S,0.07928592897951603,0.001372212020214647,0.6247587949619628,0.0010947959963232279,0.01073173200711608,0.010781745018903166,22.13970086403424,0.8339982046105991,2482153.0,7856.0,32.0,10000.0,True,False
4,10,4472048431810813670,SLH_DSA_PURE_SHA2_128S,0.07599364500492811,0.001445700996555388,0.6022827900014818,0.0010699079721234739,0.010734265961218625,0.01078255899483338,10.601078084029723,0.8564428971788753,2482153.0,7856.0,32.0,10000.0,True,False
4,11,2990553835051354076,SLH_DSA_PURE_SHA2_128S,0.16207599599147215,0.0018417999963276088,0.7684847339987755,0.0012944280169904232,0.0128690279670991,0.01299069804372266,21.533432837983128,0.7804693436851136,2482153.0,7856.0,32.0,10000.0,True,False
4,11,10828164059483025627,SLH_DSA_PURE_SHA2_128S,0.14648303599096835,0.0017647569766268134,0.9667028929688968,0.0012399780098348856,0.011159436020534486,0.011216227023396641,21.509399991016835,0.7909847110414657,2482153.0,7856.0,32.0,10000.0,True,False
4,11,12511779349924136613,SLH_DSA_PURE_SHA2_128S,0.08546829101396725,0.0014788639964535832,0.6860169600113295,0.0013244699803180993,0.010763181024231017,0.010812117019668221,21.829303712002,0.7939437157429826,2482153.0,7856.0,32.0,10000.0,True,False
4,11,3129705597323214588,SLH_DSA_PURE_SHA2_128S,0.18534013198222965,0.0015917129931040108,0.9324589069583453,0.0010956740006804466,0.01093711401335895,0.010988277033902705,21.799131593026686,0.7740872865096449,2482153.0,7856.0,32.0,10000.0,True,False
4,11,4472048431810813670,SLH_DSA_PURE_SHA2_128S,0.07697436603484675,0.0013443210045807064,0.611916902998928,0.0010470409761182964,0.01080201898002997,0.010847661993466318,10.559786152036395,0.7968834215840592,2482153.0,7856.0,32.0,10000.0,True,False
4,12,3129705597323214588,SLH_DSA_PURE_SHA2_128S,0.0857075359672308,0.0021568830125033855,0.6396052759955637,0.0011021379614248872,0.010889162949752063,0.01098503201501444,21.508895338047296,0.7399817734671096,2482153.0,7856.0,32.0,10000.0,True,False
4,12,2990553835051354076,SLH_DSA_PURE_SHA2_128S,0.08498608303489164,0.0016603459953330457,0.6321735670208,0.0011894700000993907,0.010682510037440807,0.010734883951954544,21.65054568403866,0.7395690860458837,2482153.0,7856.0,32.0,10000.0,True,False
4,12,10828164059483025627,SLH_DSA_PURE_SHA2_128S,0.16213224799139425,0.0018697180203162134,0.7032319690333679,0.0011654029949568212,0.0107295629568398,0.010781053977552801,21.515232470992487,0.7522070838239627,2482153.0,7856.0,32.0,10000.0,True,False
4,12,12511779349924136613,SLH_DSA_PURE_SHA2_128S,0.099591167003382,0.0013911459827795625,0.6404891299898736,0.001108216994907707,0.010866509983316064,0.010916666011326015,21.80317681498127,0.7295806210833236,2482153.0,7856.0,32.0,10000.0,True,False
4,12,4472048431810813670,SLH_DSA_PURE_SHA2_128S,0.07624038495123386,0.0013764530303888023,0.6026426390162669,0.001098612032365054,0.010741089005023241,0.010791325999889523,10.913646319007967,0.7423672614196619,2482153.0,7856.0,32.0,10000.0,True,False
4,13,12511779349924136613,SLH_DSA_PURE_SHA2_128S,0.0865348550141789,0.001983033027499914,0.64024756901199,0.0011117359972558916,0.010804109973832965,0.010892632009927183,21.965943088987842,0.6825176566934433,2482153.0,7856.0,32.0,10000.0,True,False
4,13,3129705597323214588,SLH_DSA_PURE_SHA2_128S,0.08446258399635553,0.0018213110161013901,0.6302331510232762,0.001096139953006059,0.010921409993898124,0.010974229022394866,22.107394812977873,0.6839808855955594,2482153.0,7856.0,32.0,10000.0,True,False
4,13,10828164059483025627,SLH_DSA_PURE_SHA2_128S,0.15865355299320072,0.001725533977150917,0.691687271988485,0.0010806669597513974,0.010812993976287544,0.010858172026928514,21.937325367005542,0.6996439603475717,2482153.0,7856.0,32.0,10000.0,True,False
4,13,2990553835051354076,SLH_DSA_PURE_SHA2_128S,0.09392523695714772,0.0013904229854233563,0.6286728709819727,0.0010658910032361746,0.010813025990501046,0.010862225026357919,22.196136782993563,0.681382314798931,2482153.0,7856.0,32.0,10000.0,True,False
4,13,4472048431810813670,SLH_DSA_PURE_SHA2_128S,0.07665083295432851,0.0013612030306831002,0.6002790270140395,0.0010958730126731098,0.010769284970592707,0.010816936963237822,10.629465135047212,0.7016940222094996,2482153.0,7856.0,32.0,10000.0,True,False
4,14,12511779349924136613,SLH_DSA_PURE_SHA2_128S,0.08566198695916682,0.0015155929722823203,0.7279200250050053,0.0012866510078310966,0.011116768990177661,0.011204200971405953,21.537272670015227,0.6280398913941825,2482153.0,7856.0,32.0,10000.0,True,False
4,14,3129705597323214588,SLH_DSA_PURE_SHA2_128S,0.08538567897630855,0.001654987980145961,0.6777006469783373,0.00132672896143049,0.010915717983152717,0.010983789979945868,21.543410515994765,0.639881895872922,2482153.0,7856.0,32.0,10000.0,True,False
4,14,2990553835051354076,SLH_DSA_PURE_SHA2_128S,0.08650794095592573,0.0015649589477106929,0.672188616998028,0.0017016169731505215,0.011001988023053855,0.011060559016186744,21.635493457026314,0.6296811510627263,2482153.0,7856.0,32.0,10000.0,True,False
4,14,10828164059483025627,SLH_DSA_PURE_SHA2_128S,0.08818730601342395,0.0027907720068469644,1.0639303749776445,0.0016072950093075633,0.010926322953309864,0.011006112967152148,21.35982193099335,0.6468693015579218,2482153.0,7856.0,32.0,10000.0,True,False
4,14,4472048431810813670,SLH_DSA_PURE_SHA2_128S,0.07734076998895034,0.0014961090055294335,0.6151372670428827,0.0016479649930261075,0.011036576004698873,0.011095356952864677,10.728090631018858,0.6310467241099849,2482153.0,7856.0,32.0,10000.0,True,False
4,15,10828164059483025627,SLH_DSA_PURE_SHA2_128S,0.14693266100948676,0.0022450779797509313,0.6431777690304443,0.00106426898855716,0.010895131039433181,0.010986804030835629,21.826840973983053,0.6197253186910298,2482153.0,7856.0,32.0,10000.0,True,False
4,15,2990553835051354076,SLH_DSA_PURE_SHA2_128S,0.0851350300363265,0.0014906139695085585,0.6331062809913419,0.0011212960234843194,0.010641053959261626,0.01069245598046109,22.019226925971452,0.5926239454089263,2482153.0,7856.0,32.0,10000.0,True,False
4,15,12511779349924136613,SLH_DSA_PURE_SHA2_128S,0.1558942859992385,0.0014083859859965742,0.630703283008188,0.001099743996746838,0.010698392987251282,0.010748828004579991,21.973590520967264,0.6059074687500732,2482153.0,7856.0,32.0,10000.0,True,False
4,15,3129705597323214588,SLH_DSA_PURE_SHA2_128S,0.09558418503729627,0.001369926962070167,0.625313781958539,0.0011654840200208127,0.010795233014505357,0.010846716002561152,22.068890132999513,0.5947199965151735,2482153.0,7856.0,32.0,10000.0,True,False
4,15,4472048431810813670,SLH_DSA_PURE_SHA2_128S,0.07681296695955098,0.0013644120190292597,0.6042646080022678,0.0012565000215545297,0.010773776040878147,0.010824659024365246,10.657264080015011,0.6060030187804478,2482153.0,7856.0,32.0,10000.0,True,False
4,16,3129705597323214588,SLH_DSA_PURE_SHA2_128S,0.08779182401485741,0.0034427909995429218,0.6563831170205958,0.0010875849984586239,0.010680023988243192,0.010771218978334218,21.80960767500801,0.5689261056506596,2482153.0,7856.0,32.0,10000.0,True,False
4,16,12511779349924136613,SLH_DSA_PURE_SHA2_128S,0.13572732399916276,0.0017061079852283,0.6481605129665695,0.0010947330156341195,0.01066358300158754,0.010734117997344583,21.95090547198197,0.5885722479595544,2482153.0,7856.0,32.0,10000.0,True,False
4,16,10828164059483025627,SLH_DSA_PURE_SHA2_128S,0.08475107204867527,0.0015101099852472544,0.6440056900028139,0.0010703190346248448,0.01083471003221348,0.010883591021411121,22.00564340595156,0.5766339025701197,2482153.0,7856.0,32.0,10000.0,True,False
4,16,2990553835051354076,SLH_DSA_PURE_SHA2_128S,0.07985012599965557,0.0013618560042232275,0.6231718839844689,0.0010868110111914575,0.010812831984367222,0.010863848961889744,22.34185713599436,0.5476723197407235,2482153.0,7856.0,32.0,10000.0,True,False
4,16,4472048431810813670,SLH_DSA_PURE_SHA2_128S,0.0760112670250237,0.0013636910007335246,0.6022656109998934,0.0010557440109550953,0.010880867019295692,0.010929715004749596,10.689138157002162,0.5662156035439275,2482153.0,7856.0,32.0,10000.0,True,False
4,17,10828164059483025627,SLH_DSA_PURE_SHA2_128S,0.14284698996925727,0.0016439140308648348,0.7210854419972748,0.0012113790144212544,0.011372068023774773,0.01145792001625523,21.32566648599459,0.5486144508464268,2482153.0,7856.0,32.0,10000.0,True,False
4,17,3129705597323214588,SLH_DSA_PURE_SHA2_128S,0.16187117499066517,0.002889360999688506,0.7557974219671451,0.0014445330016314983,0.017597590980585665,0.0176493710023351,21.596930892032105,0.540411716975724,2482153.0,7856.0,32.0,10000.0,True,False
4,17,2990553835051354076,SLH_DSA_PURE_SHA2_128S,0.17675712797790766,0.0014923110138624907,0.6274041490396485,0.0014300750335678458,0.02505367703270167,0.02511573297670111,21.663072256022133,0.5118148472671882,2482153.0,7856.0,32.0,10000.0,True,False
4,17,12511779349924136613,SLH_DSA_PURE_SHA2_128S,0.07920049596577883,0.0014062169939279556,0.6319785810192116,0.0012468459899537265,0.011447936994954944,0.011502673965878785,21.760340210050344,0.5511926722983582,2482153.0,7856.0,32.0,10000.0,True,False
4,17,4472048431810813670,SLH_DSA_PURE_SHA2_128S,0.07634125999175012,0.001356212014798075,0.5980581580079161,0.0011611920199356973,0.011061355995479971,0.011110068007837981,10.83518215501681,0.5470795649261521,2482153.0,7856.0,32.0,10000.0,True,False
4,18,3129705597323214588,SLH_DSA_PURE_SHA2_128S,0.08835257502505556,0.0016148919821716845,0.636909231019672,0.0012720139930024743,0.011281043000053614,0.011374722002074122,21.8573869910324,0.5092969645683567,2482153.0,7856.0,32.0,10000.0,True,False
4,18,12511779349924136613,SLH_DSA_PURE_SHA2_128S,0.07898170303087682,0.001732181990519166,0.6282330789836124,0.0010655189980752766,0.010765537968836725,0.010817629983648658,21.918409876001533,0.4979757018173084,2482153.0,7856.0,32.0,10000.0,True,False
4,18,2990553835051354076,SLH_DSA_PURE_SHA2_128S,0.15290884900605306,0.0013738640118390322,0.6345785189769231,0.001131005003117025,0.01102875400101766,0.011082270997576416,21.91954638698371,0.4695123861939572,2482153.0,7856.0,32.0,10000.0,True,False
4,18,10828164059483025627,SLH_DSA_PURE_SHA2_128S,0.16688728798180819,0.0015845950110815465,0.6758240410126746,0.0010855110012926161,0.010711325972806662,0.010762193996924907,21.82939153094776,0.5059758847394881,2482153.0,7856.0,32.0,10000.0,True,False
4,18,4472048431810813670,SLH_DSA_PURE_SHA2_128S,0.07626948499819264,0.0013990500010550022,0.6020152490236796,0.001182240026537329,0.010660051018930972,0.01071109902113676,10.69829510996351,0.5215271695043904,2482153.0,7856.0,32.0,10000.0,True,False
4,19,10828164059483025627,SLH_DSA_PURE_SHA2_128S,0.08654216298600659,0.00193280098028481,0.6984930370235816,0.0010779719450511038,0.010785057966131717,0.010865959979128093,21.829098621034063,0.4973225425155208,2482153.0,7856.0,32.0,10000.0,True,False
4,19,2990553835051354076,SLH_DSA_PURE_SHA2_128S,0.16257924301316962,0.0029768410022370517,0.6588106830022298,0.0011087619932368398,0.010793250985443592,0.010847942030522972,21.82416336098686,0.4491423536508609,2482153.0,7856.0,32.0,10000.0,True,False
4,19,3129705597323214588,SLH_DSA_PURE_SHA2_128S,0.07976280600996688,0.0013582740211859345,0.6288237179978751,0.0010714529780671,0.01080032903701067,0.010845431999769062,22.12028916698182,0.4550451694157558,2482153.0,7856.0,32.0,10000.0,True,False
4,19,12511779349924136613,SLH_DSA_PURE_SHA2_128S,0.08421003399416804,0.001454968994949013,0.6323791749891825,0.00112761597847566,0.010789588966872543,0.010842965974006802,22.049819015024696,0.47733069906314723,2482153.0,7856.0,32.0,10000.0,True,False
4,19,4472048431810813670,SLH_DSA_PURE_SHA2_128S,0.07630688499193639,0.0013441889896057546,0.6010768910055049,0.0011236550053581595,0.010691550036426634,0.01073747396003455,10.757086164026987,0.5035721298438102,2482153.0,7856.0,32.0,10000.0,True,False
4,20,3129705597323214588,SLH_DSA_PURE_SHA2_128S,0.1423705699853599,0.0021965119522064924,0.7131071230396628,0.0015171479899436235,0.010718986042775214,0.010807744052726775,21.210581808001734,0.4323344245886269,2482153.0,7856.0,32.0,10000.0,True,False
4,20,2990553835051354076,SLH_DSA_PURE_SHA2_128S,0.15929657203378156,0.0024039859999902546,0.671203636971768,0.0013275840319693089,0.010708294983487576,0.010755141032859683,21.566225198970642,0.4388968099604923,2482153.0,7856.0,32.0,10000.0,True,False
4,20,12511779349924136613,SLH_DSA_PURE_SHA2_128S,0.08366191299865022,0.0014984990120865405,0.6318328420165926,0.0010732319788075984,0.010701986029744148,0.010746765998192132,21.69808571296744,0.44905007166413075,2482153.0,7856.0,32.0,10000.0,True,False
4,20,10828164059483025627,SLH_DSA_PURE_SHA2_128S,0.07944516895804554,0.0013644190039485693,0.6254550430458039,0.0011466180440038443,0.01074755098670721,0.010798825009260327,21.774710151017644,0.4338729742604989,2482153.0,7856.0,32.0,10000.0,True,False
4,20,4472048431810813670,SLH_DSA_PURE_SHA2_128S,0.0765616639982909,0.0013348039938136935,0.5997919109649956,0.0014013510080985725,0.010716614022385329,0.010769991029519588,10.579268403002061,0.4639199851943662,2482153.0,7856.0,32.0,10000.0,True,False
4,21,10828164059483025627,SLH_DSA_PURE_SHA2_128S,0.1597998759825714,0.002287807990796864,0.7960406359634362,0.001086660020519048,0.01083148899488151,0.010922821995336562,21.35226800199598,0.43188766771540665,2482153.0,7856.0,32.0,10000.0,True,False
4,21,12511779349924136613,SLH_DSA_PURE_SHA2_128S,0.08163879002677277,0.0014483699924312532,0.6335755159961991,0.0011349549749866128,0.010719563986640424,0.010814216977450997,21.889953202975448,0.4158975351125764,2482153.0,7856.0,32.0,10000.0,True,False
4,21,2990553835051354076,SLH_DSA_PURE_SHA2_128S,0.08510243601631373,0.001605699013452977,0.7142865630448796,0.0011050329776480794,0.011249461967963725,0.011298603028990328,21.743508786021266,0.4152407965090233,2482153.0,7856.0,32.0,10000.0,True,False
4,21,3129705597323214588,SLH_DSA_PURE_SHA2_128S,0.16184034198522568,0.0017613990348763764,0.8754776190035045,0.0011727249948307872,0.011000683007296175,0.011052764020860195,21.6936231990112,0.40462461193969934,2482153.0,7856.0,32.0,10000.0,True,False
4,21,4472048431810813670,SLH_DSA_PURE_SHA2_128S,0.07795894896844402,0.001358616049401462,0.6055401479825377,0.0010889619588851929,0.011122765019536018,0.011171893973369151,10.742562211002223,0.4559570661040779,2482153.0,7856.0,32.0,10000.0,True,False
4,22,10828164059483025627,SLH_DSA_PURE_SHA2_128S,0.1498701829696074,0.002458898990880698,0.70600512198871,0.0010731209767982364,0.01075766800204292,0.010845428972970694,21.75996388401836,0.4165132111369873,2482153.0,7856.0,32.0,10000.0,True,False
4,22,2990553835051354076,SLH_DSA_PURE_SHA2_128S,0.17222415399737656,0.0016825650236569345,0.6483958730241284,0.001066405966412276,0.011067972984164953,0.011118594033177942,21.942393212055322,0.38234019666886365,2482153.0,7856.0,32.0,10000.0,True,False
4,22,12511779349924136613,SLH_DSA_PURE_SHA2_128S,0.14859489200171083,0.0013519299682229757,0.6310238019796088,0.0011257750447839499,0.010674960038159043,0.010724662977736443,22.03882524900837,0.4025376698436638,2482153.0,7856.0,32.0,10000.0,True,False
4,22,3129705597323214588,SLH_DSA_PURE_SHA2_128S,0.07925664004869759,0.0014088329626247287,0.628492183983326,0.0011398799833841622,0.011029426997993141,0.01108255097642541,22.12158785999054,0.3948154589399315,2482153.0,7856.0,32.0,10000.0,True,False
4,22,4472048431810813670,SLH_DSA_PURE_SHA2_128S,0.07632782903965563,0.0013332139933481812,0.6007499609841034,0.0010842210031114519,0.010813984961714596,0.010863653966225684,10.5644937279867,0.43081577813115934,2482153.0,7856.0,32.0,10000.0,True,False
4,23,12511779349924136613,SLH_DSA_PURE_SHA2_128S,0.1608607440139167,0.0041250959620811045,0.7851302410126664,0.001129898999352008,0.010785272985231131,0.010872847982682288,21.3436859609792,0.3766465126313626,2482153.0,7856.0,32.0,10000.0,True,False
4,23,2990553835051354076,SLH_DSA_PURE_SHA2_128S,0.0861504630302079,0.0015241180080920458,0.6655820569721982,0.001034202054142952,0.010942990018520504,0.010991260001901537,21.556975702987984,0.38289385339536797,2482153.0,7856.0,32.0,10000.0,True,False
4,23,10828164059483025627,SLH_DSA_PURE_SHA2_128S,0.0796270560240373,0.0013420420000329614,0.6345132010173984,0.001358638983219862,0.010599625995382667,0.0106518060201779,21.777900462970138,0.3844144991911448,2482153.0,7856.0,32.0,10000.0,True,False
4,23,3129705597323214588,SLH_DSA_PURE_SHA2_128S,0.11373856000136584,0.001465582987293601,0.6291389440302737,0.0010527410195209086,0.01072246499825269,0.010780907003208995,21.751723819004837,0.3840921058977088,2482153.0,7856.0,32.0,10000.0,True,False
4,23,4472048431810813670,SLH_DSA_PURE_SHA2_128S,0.07666435203282163,0.0013528299750760198,0.600703876989428,0.0010265749879181385,0.010819199029356241,0.010865557007491589,10.640654960996471,0.4105254081985393,2482153.0,7856.0,32.0,10000.0,True,False
4,24,10828164059483025627,SLH_DSA_PURE_SHA2_128S,0.16006049001589417,0.0032794299768283963,0.8274951450293884,0.0013239050167612731,0.011078711017034948,0.011159401969052851,21.26044192997506,0.3707999619818962,2482153.0,7856.0,32.0,10000.0,True,False
4,24,3129705597323214588,SLH_DSA_PURE_SHA2_128S,0.10248520103050396,0.0013841959880664945,0.6770476360106841,0.001245390041731298,0.010833979002200067,0.010883368027862161,21.767880255007185,0.35514898970128056,2482153.0,7856.0,32.0,10000.0,True,False
4,24,2990553835051354076,SLH_DSA_PURE_SHA2_128S,0.0809220930095762,0.00144765101140365,0.6823465329944156,0.0011372959706932306,0.011722602997906506,0.011772614961955696,21.840996432991233,0.3680036703344827,2482153.0,7856.0,32.0,10000.0,True,False
4,24,12511779349924136613,SLH_DSA_PURE_SHA2_128S,0.1423687839997001,0.0014795809984207153,0.8629293289850466,0.0011418850044719875,0.011052248999476433,0.011106065998319536,21.684057867969386,0.34538967756572336,2482153.0,7856.0,32.0,10000.0,True,False
4,24,4472048431810813670,SLH_DSA_PURE_SHA2_128S,0.07616274297470227,0.0014147129841148853,0.6507349859457463,0.0012743980041705072,0.010877104999963194,0.01092846505343914,10.469586081977468,0.37712037262801357,2482153.0,7856.0,32.0,10000.0,True,False
4,25,3129705597323214588,SLH_DSA_PURE_SHA2_128S,0.15850450500147417,0.0015886180335655808,0.6467821580008604,0.0010612430050969124,0.010824728000443429,0.010921961045823991,21.72754230798455,0.35204479568146957,2482153.0,7856.0,32.0,10000.0,True,False
4,25,10828164059483025627,SLH_DSA_PURE_SHA2_128S,0.1520055319997482,0.001628861005883664,0.7084257929818705,0.0010980300139635801,0.01069687504786998,0.010748633998446167,21.799213720019907,0.3341648290885952,2482153.0,7856.0,32.0,10000.0,True,False
4,25,2990553835051354076,SLH_DSA_PURE_SHA2_128S,0.08490315702510998,0.0020717160077765584,0.6443256509955972,0.001089099037926644,0.010945044050458819,0.01099123602034524,21.859979238011874,0.3483482808910144,2482153.0,7856.0,32.0,10000.0,True,False
4,25,12511779349924136613,SLH_DSA_PURE_SHA2_128S,0.07920893299160525,0.0013792120153084397,0.6423968069721013,0.0010527109843678772,0.010724078980274498,0.010774313006550074,22.103774242976215,0.3404245421040458,2482153.0,7856.0,32.0,10000.0,True,False
4,25,4472048431810813670,SLH_DSA_PURE_SHA2_128S,0.07665713800815865,0.0013840289902873337,0.6018551290035248,0.001285295991692692,0.010736886004451662,0.010786262981127948,10.761695622000843,0.3740443625508216,2482153.0,7856.0,32.0,10000.0,True,False
4,26,10828164059483025627,SLH_DSA_PURE_SHA2_128S,0.16217264800798148,0.0019744960009120405,0.6686209749896079,0.0013511420111171901,0.010793958965223283,0.010885925963521004,21.61651920399163,0.33113806728666395,2482153.0,7856.0,32.0,10000.0,True,False
4,26,3129705597323214588,SLH_DSA_PURE_SHA2_128S,0.08709445205749944,0.001661342044826597,0.6279898699722253,0.001338510017376393,0.010668931005056947,0.010723618033807725,21.73175627901219,0.3167342858749052,2482153.0,7856.0,32.0,10000.0,True,False
4,26,12511779349924136613,SLH_DSA_PURE_SHA2_128S,0.10161935503128916,0.0013945760438218713,0.6289806119748391,0.0010620460379868746,0.012027563992887735,0.012094895995687693,21.813191881985404,0.32469618820641843,2482153.0,7856.0,32.0,10000.0,True,False
4,26,2990553835051354076,SLH_DSA_PURE_SHA2_128S,0.08173647202784196,0.0013075289898552,0.6665507779689506,0.001112844969611615,0.010931427008472383,0.010985394997987896,21.800889863050543,0.30643055885256576,2482153.0,7856.0,32.0,10000.0,True,False
4,26,4472048431810813670,SLH_DSA_PURE_SHA2_128S,0.07630433398298919,0.0013389220112003386,0.5999211750458926,0.001369178993627429,0.010770667053293437,0.010822901036590338,10.692149807990063,0.34517587239023884,2482153.0,7856.0,32.0,10000.0,True,False
4,27,3129705597323214588,SLH_DSA_PURE_SHA2_128S,0.15668479399755597,0.002735132002271712,0.817560194991529,0.0011491680052131414,0.010735543968621641,0.010825535049661994,21.584727590961847,0.3239377872607769,2482153.0,7856.0,32.0,10000.0,True,False
4,27,2990553835051354076,SLH_DSA_PURE_SHA2_128S,0.08867120801005512,0.0015915829571895301,0.6393417019862682,0.0011023450060747564,0.010750022949650884,0.010801378986798227,21.740161016001366,0.3089083374251787,2482153.0,7856.0,32.0,10000.0,True,False
4,27,10828164059483025627,SLH_DSA_PURE_SHA2_128S,0.07905293197836727,0.001359870017040521,0.628521999984514,0.0011312070419080555,0.01074257999425754,0.010794902977067977,22.003070624021348,0.31484343217590605,2482153.0,7856.0,32.0,10000.0,True,False
4,27,12511779349924136613,SLH_DSA_PURE_SHA2_128S,0.18039046396734193,0.0015213430160656571,0.6352986939600669,0.001064920041244477,0.010625463037285954,0.010676498990505934,21.756321336957626,0.3146633014987452,2482153.0,7856.0,32.0,10000.0,True,False
4,27,4472048431810813670,SLH_DSA_PURE_SHA2_128S,0.07641701394459233,0.0013683949946425855,0.6004436620278284,0.001111429010052234,0.010680998966563493,0.010731056972872466,10.758238674025051,0.3297315757563963,2482153.0,7856.0,32.0,10000.0,True,False
4,28,12511779349924136613,SLH_DSA_PURE_SHA2_128S,0.08703108399640769,0.0017630590009503067,0.6457168529741466,0.001073207997251302,0.010865243035368621,0.010957628022879362,21.519250882964116,0.3045864322850594,2482153.0,7856.0,32.0,10000.0,True,False
4,28,3129705597323214588,SLH_DSA_PURE_SHA2_128S,0.1012296819826588,0.0022293669753707945,0.6414532189955935,0.0010855630389414728,0.010725802974775434,0.010775786999147385,21.729469329002313,0.3046217191638574,2482153.0,7856.0,32.0,10000.0,True,False
4,28,10828164059483025627,SLH_DSA_PURE_SHA2_128S,0.11703465704340488,0.0016681569977663457,0.6368378479965031,0.0010715440148487687,0.010737765987869352,0.010786350991111249,21.695168041973375,0.3165099480034658,2482153.0,7856.0,32.0,10000.0,True,False
4,28,2990553835051354076,SLH_DSA_PURE_SHA2_128S,0.07965487003093585,0.001354680978693068,0.6249889499740675,0.0011405979748815298,0.010932253033388406,0.010985170025378466,21.87815769802546,0.27571676184792226,2482153.0,7856.0,32.0,10000.0,True,False
4,28,4472048431810813670,SLH_DSA_PURE_SHA2_128S,0.07613657996989787,0.0013942330260761082,0.6018085340037942,0.0011089449981227517,0.010795991984196007,0.010845470998901874,10.635262684023473,0.32444546661434914,2482153.0,7856.0,32.0,10000.0,True,False
4,29,10828164059483025627,SLH_DSA_PURE_SHA2_128S,0.15116473101079464,0.0025615739868953824,0.8025519670336507,0.0011175869731232524,0.010942968947347254,0.011030892957933247,21.912673380051274,0.3109348873695591,2482153.0,7856.0,32.0,10000.0,True,False
4,29,3129705597323214588,SLH_DSA_PURE_SHA2_128S,0.0868014749721624,0.00167647103080526,0.6309766260092147,0.0010364599875174463,0.010809814964886755,0.010857918008696288,22.361124039045535,0.2812878325754128,2482153.0,7856.0,32.0,10000.0,True,False
4,29,12511779349924136613,SLH_DSA_PURE_SHA2_128S,0.07991319999564439,0.001394782040733844,0.6284985580132343,0.0013195600477047265,0.010732991970144212,0.01078182301716879,22.4220563560375,0.2832525870405709,2482153.0,7856.0,32.0,10000.0,True,False
4,29,2990553835051354076,SLH_DSA_PURE_SHA2_128S,0.08049341896548867,0.0013811090029776096,0.6409593090065755,0.0010762360179796815,0.010687070956919342,0.010737546952441335,22.416253019997384,0.28521897194508355,2482153.0,7856.0,32.0,10000.0,True,False
4,29,4472048431810813670,SLH_DSA_PURE_SHA2_128S,0.07633211102802306,0.0013930430286563933,0.6026891270303167,0.0013891920098103583,0.010903382033575326,0.010951453004963696,10.690710928000044,0.30436380455767315,2482153.0,7856.0,32.0,10000.0,True,False
4,30,10828164059483025627,SLH_DSA_PURE_SHA2_128S,0.14855009998427704,0.0018356299842707813,0.7349684810033068,0.001190119015518576,0.010843779949937016,0.010937603015918285,21.792027632996906,0.2966699410548297,2482153.0,7856.0,32.0,10000.0,True,False
4,30,2990553835051354076,SLH_DSA_PURE_SHA2_128S,0.08629992295755073,0.0016040690243244171,0.6502273220103234,0.00111808703513816,0.010940862994175404,0.010991221002768725,21.995354507002048,0.2795890836140361,2482153.0,7856.0,32.0,10000.0,True,False
4,30,3129705597323214588,SLH_DSA_PURE_SHA2_128S,0.08495798503281549,0.0015260910149663687,0.63761744502699,0.001148607989307493,0.010853964020498097,0.010904747003223747,22.232197167992126,0.3028253562787113,2482153.0,7856.0,32.0,10000.0,True,False
4,30,12511779349924136613,SLH_DSA_PURE_SHA2_128S,0.0797690490144305,0.0013342179590836167,0.622720861050766,0.0010572890168987215,0.010925551992841065,0.010974623030051589,22.217975631996524,0.27094667471763784,2482153.0,7856.0,32.0,10000.0,True,False
4,30,4472048431810813670,SLH_DSA_PURE_SHA2_128S,0.075892927008681,0.0014299690374173224,0.6002782710129395,0.0012139230384491384,0.011314567003864795,0.011366744001861662,10.754057851037942,0.29445229763664993,2482153.0,7856.0,32.0,10000.0,True,False
5,1,5316478693591743789,SLH_DSA_PURE_SHA2_128S,0.1640424820361659,0.002603708009701222,0.8928851390373893,0.0011662449687719345,0.010817949019838125,0.010956151993013918,21.547193455975503,1.8951878612414716,2482153.0,7856.0,32.0,10000.0,True,False
5,1,16885596653903991254,SLH_DSA_PURE_SHA2_128S,0.18788665701868013,0.002503563999198377,0.7968099740101025,0.001834678987506777,0.01068747095996514,0.010794591042213142,21.35382091102656,1.860388330377329,2482153.0,7856.0,32.0,10000.0,True,False
5,1,13260457786890834743,SLH_DSA_PURE_SHA2_128S,0.1624640990048647,0.002565678965765983,0.694947469048202,0.0010543509852141142,0.01094606303377077,0.01099887304008007,21.801582041953225,1.9395339957441384,2482153.0,7856.0,32.0,10000.0,True,False
5,1,15672765454438342715,SLH_DSA_PURE_SHA2_128S,0.127607855014503,0.0017230789526365697,0.7089921680162661,0.0010624590213410556,0.01106193201849237,0.011158720997627825,21.761783644964453,1.9321768089605216,2482153.0,7856.0,32.0,10000.0,True,False
5,1,7531628734914538739,SLH_DSA_PURE_SHA2_128S,0.07619177899323404,0.0013642359990626574,0.6027237310190685,0.0010721900034695864,0.010769912973046303,0.010822000040207058,10.69350975099951,1.8878139032723424,2482153.0,7856.0,32.0,10000.0,True,False
5,2,13260457786890834743,SLH_DSA_PURE_SHA2_128S,0.0876559320022352,0.002110615954734385,0.6379077599849552,0.0010360220330767334,0.010963117994833738,0.011059866985306144,21.538074456970207,1.6492607978205331,2482153.0,7856.0,32.0,10000.0,True,False
5,2,5316478693591743789,SLH_DSA_PURE_SHA2_128S,0.08531455299817026,0.0015439529670402408,0.6286065310123377,0.0010823250049725175,0.01084902201546356,0.010901509958785027,21.637494163005613,1.6437467538510648,2482153.0,7856.0,32.0,10000.0,True,False
5,2,15672765454438342715,SLH_DSA_PURE_SHA2_128S,0.0853454889729619,0.0016511310241185129,0.6312426140066236,0.001361262984573841,0.010795961949042976,0.010867787001188844,21.64403378003044,1.6323532555430842,2482153.0,7856.0,32.0,10000.0,True,False
5,2,16885596653903991254,SLH_DSA_PURE_SHA2_128S,0.07984761300031096,0.0013839760213159025,0.6261291940463707,0.0010848520323634148,0.010802593023981899,0.010854457970708609,21.751895260007586,1.6247815072726899,2482153.0,7856.0,32.0,10000.0,True,False
5,2,7531628734914538739,SLH_DSA_PURE_SHA2_128S,0.07686102797742933,0.0013100290088914335,0.6028814879828133,0.0010317720007151365,0.01071151002543047,0.010757212003227323,10.676452861982398,1.6289088722235097,2482153.0,7856.0,32.0,10000.0,True,False
5,3,16885596653903991254,SLH_DSA_PURE_SHA2_128S,0.12806843797443435,0.0030183480121195316,0.6326924889581278,0.0010378460283391178,0.010774110967759043,0.010863348026759923,21.62336809397675,1.4596502499077648,2482153.0,7856.0,32.0,10000.0,True,False
5,3,13260457786890834743,SLH_DSA_PURE_SHA2_128S,0.1350968109909445,0.002443803008645773,0.6315079419873655,0.0011410369770601392,0.010896949039306492,0.010950430005323142,21.708873994997703,1.4748570138273147,2482153.0,7856.0,32.0,10000.0,True,False
5,3,5316478693591743789,SLH_DSA_PURE_SHA2_128S,0.08358381799189374,0.0023100919788703322,0.6328189460327849,0.0010487169492989779,0.010986890003550798,0.01103649300057441,21.759652028034907,1.477024538067583,2482153.0,7856.0,32.0,10000.0,True,False
5,3,15672765454438342715,SLH_DSA_PURE_SHA2_128S,0.0983479610295035,0.0014182290178723633,0.6291103570256382,0.001056505017913878,0.011067898012697697,0.011121716001071036,21.77524765598355,1.467435813749941,2482153.0,7856.0,32.0,10000.0,True,False
5,3,7531628734914538739,SLH_DSA_PURE_SHA2_128S,0.07605648098979145,0.0015756789944134653,0.6012781700119376,0.0010812460095621645,0.010789124993607402,0.01083777699386701,10.606278140039649,1.4570390595414768,2482153.0,7856.0,32.0,10000.0,True,False
5,4,15672765454438342715,SLH_DSA_PURE_SHA2_128S,0.08607588399900123,0.001745637971907854,0.7081992960302159,0.0011221780441701412,0.010905647010076791,0.010990429029334337,21.261252558033448,1.3434885161372419,2482153.0,7856.0,32.0,10000.0,True,False
5,4,16885596653903991254,SLH_DSA_PURE_SHA2_128S,0.08633761398959905,0.0018059670110233128,0.6863530270056799,0.001139834988862276,0.010989824018906802,0.011038636963348836,21.274005824991036,1.332160764418471,2482153.0,7856.0,32.0,10000.0,True,False
5,4,5316478693591743789,SLH_DSA_PURE_SHA2_128S,0.14928699703887105,0.0014353920123539865,0.708533548982814,0.0014553200453519821,0.011071513989008963,0.01111811597365886,21.339026508037932,1.3450180185488618,2482153.0,7856.0,32.0,10000.0,True,False
5,4,13260457786890834743,SLH_DSA_PURE_SHA2_128S,0.11188068898627535,0.001340252987574786,0.8794237489928491,0.0010873629944399,0.010868260986171663,0.010917853040155023,21.35987402300816,1.3424505658043078,2482153.0,7856.0,32.0,10000.0,True,False
5,4,7531628734914538739,SLH_DSA_PURE_SHA2_128S,0.07751665503019467,0.0014876140048727393,0.6132909669540823,0.0010913769947364926,0.010862908966373652,0.010918594023678452,10.624108714982867,1.3280927203714656,2482153.0,7856.0,32.0,10000.0,True,False
5,5,5316478693591743789,SLH_DSA_PURE_SHA2_128S,0.08515331702074036,0.0014884399715811014,0.6376607780111954,0.0010448630200698972,0.010871499020140618,0.0109511410119012,21.658452450996265,1.2191754204396623,2482153.0,7856.0,32.0,10000.0,True,False
5,5,15672765454438342715,SLH_DSA_PURE_SHA2_128S,0.12871373095549643,0.0017917549703270197,0.6668839670019224,0.0011338829644955695,0.010673034004867077,0.01072371902409941,21.63375131401699,1.218920650383154,2482153.0,7856.0,32.0,10000.0,True,False
5,5,13260457786890834743,SLH_DSA_PURE_SHA2_128S,0.14759105100529268,0.0018817399977706373,0.7341092380229384,0.0010647000162862241,0.01078001398127526,0.010826785990502685,21.533350015990436,1.2297341846429501,2482153.0,7856.0,32.0,10000.0,True,False
5,5,16885596653903991254,SLH_DSA_PURE_SHA2_128S,0.07975051301764324,0.0013411699910648167,0.6254854410071857,0.001150667027104646,0.010677882994059473,0.010728230990935117,21.914207005000208,1.222695718748501,2482153.0,7856.0,32.0,10000.0,True,False
5,5,7531628734914538739,SLH_DSA_PURE_SHA2_128S,0.0759017170057632,0.001334681990556419,0.6022474429919384,0.0010714019881561399,0.01070596999488771,0.010751529014669359,10.593180869997013,1.2229323415710522,2482153.0,7856.0,32.0,10000.0,True,False
5,6,5316478693591743789,SLH_DSA_PURE_SHA2_128S,0.08674679999239743,0.0021239580237306654,0.7328258359921165,0.0013985519763082266,0.011307223001495004,0.011395040026400238,21.454120876966044,1.1287394068873347,2482153.0,7856.0,32.0,10000.0,True,False
5,6,15672765454438342715,SLH_DSA_PURE_SHA2_128S,0.0886900780024007,0.0021869319607503712,0.6576563699636608,0.001360408030450344,0.010678507969714701,0.01072738302173093,21.659492933016736,1.142031956594973,2482153.0,7856.0,32.0,10000.0,True,False
5,6,13260457786890834743,SLH_DSA_PURE_SHA2_128S,0.0842351809842512,0.0019780650036409497,0.634853212046437,0.0010460999910719693,0.010695339005906135,0.01074742601485923,21.854156957007945,1.1421738617336408,2482153.0,7856.0,32.0,10000.0,True,False
5,6,16885596653903991254,SLH_DSA_PURE_SHA2_128S,0.07967761304462329,0.0016166119603440166,0.6290089730173349,0.0011327870306558907,0.010787017992697656,0.01083839702187106,21.959167378023267,1.115278642779341,2482153.0,7856.0,32.0,10000.0,True,False
5,6,7531628734914538739,SLH_DSA_PURE_SHA2_128S,0.07638136501191184,0.0014036429929547012,0.6030463590286672,0.001733425015117973,0.010666545014828444,0.010722218954470009,10.602663872996345,1.1190499579563689,2482153.0,7856.0,32.0,10000.0,True,False
5,7,15672765454438342715,SLH_DSA_PURE_SHA2_128S,0.08705136296339333,0.0021237460314296186,0.8447318460093811,0.0011163249728269875,0.010760108998510987,0.010851537983398885,21.12799217295833,1.0439930050708235,2482153.0,7856.0,32.0,10000.0,True,False
5,7,16885596653903991254,SLH_DSA_PURE_SHA2_128S,0.1246741819777526,0.0021398019744083285,0.6303901330102235,0.0011239709565415978,0.01079140801448375,0.010841206996701658,21.681413778977003,1.043073347582223,2482153.0,7856.0,32.0,10000.0,True,False
5,7,13260457786890834743,SLH_DSA_PURE_SHA2_128S,0.07967896299669519,0.0024804569547995925,0.6314142529736273,0.0011536299716681242,0.010790277039632201,0.010840036033187062,21.49321190000046,1.0708678713240944,2482153.0,7856.0,32.0,10000.0,True,False
5,7,5316478693591743789,SLH_DSA_PURE_SHA2_128S,0.07969328801846132,0.0019908850081264973,0.6344045409932733,0.001117828011047095,0.010692354990169406,0.010744123021140695,21.496324378007557,1.0416602781786324,2482153.0,7856.0,32.0,10000.0,True,False
5,7,7531628734914538739,SLH_DSA_PURE_SHA2_128S,0.07623578596394509,0.0016385429771617055,0.6004949249909259,0.0010969620198011398,0.010658848972525448,0.010707488982006907,10.841014840989374,1.0291312209333474,2482153.0,7856.0,32.0,10000.0,True,False
5,8,16885596653903991254,SLH_DSA_PURE_SHA2_128S,0.15663583303103223,0.001832965004723519,0.6381713380105793,0.001019629999063909,0.01073432998964563,0.010820018011145294,21.6948715680046,0.9614151090669175,2482153.0,7856.0,32.0,10000.0,True,False
5,8,13260457786890834743,SLH_DSA_PURE_SHA2_128S,0.16734490997623652,0.002235734020359814,0.7167258199770004,0.0010471100104041398,0.010739359015133232,0.010790597007144243,21.69757539400598,0.9845763831473768,2482153.0,7856.0,32.0,10000.0,True,False
5,8,15672765454438342715,SLH_DSA_PURE_SHA2_128S,0.1846810970455408,0.0017497739754617214,0.6363172749988735,0.0010357220307923853,0.010756441974081099,0.010802520031575114,21.819513717957307,0.9712889377301493,2482153.0,7856.0,32.0,10000.0,True,False
5,8,5316478693591743789,SLH_DSA_PURE_SHA2_128S,0.07967328402446583,0.0013810580130666494,0.632015902956482,0.0010362250031903386,0.010837458015885204,0.010886688018217683,22.003941592993215,0.9744271317990824,2482153.0,7856.0,32.0,10000.0,True,False
5,8,7531628734914538739,SLH_DSA_PURE_SHA2_128S,0.07574488298268989,0.001326052995864302,0.6015534269972704,0.0010503249941393733,0.010706019005738199,0.010752943984698504,10.630686641961802,0.9644889594457401,2482153.0,7856.0,32.0,10000.0,True,False
5,9,5316478693591743789,SLH_DSA_PURE_SHA2_128S,0.12758607300929725,0.0028004220221191645,0.6361243459978141,0.001040617993567139,0.010745593986939639,0.010834664048161358,21.517671603010967,0.9115736630206672,2482153.0,7856.0,32.0,10000.0,True,False
5,9,15672765454438342715,SLH_DSA_PURE_SHA2_128S,0.14316379599040374,0.001446081034373492,0.6280540499719791,0.0011582820443436503,0.01079505996312946,0.010841485986020416,21.610162383003626,0.9201590770159286,2482153.0,7856.0,32.0,10000.0,True,False
5,9,16885596653903991254,SLH_DSA_PURE_SHA2_128S,0.08662765502231196,0.0016626659780740738,0.6290359330014326,0.0013825439964421093,0.010662507964298129,0.010713807016145438,21.72253223095322,0.9052184638314353,2482153.0,7856.0,32.0,10000.0,True,False
5,9,13260457786890834743,SLH_DSA_PURE_SHA2_128S,0.07981279696105048,0.0015200160560198128,0.630271025991533,0.0010868150275200605,0.010675227036699653,0.01072398602264002,21.73376464098692,0.9098773672938728,2482153.0,7856.0,32.0,10000.0,True,False
5,9,7531628734914538739,SLH_DSA_PURE_SHA2_128S,0.07618573395302519,0.0013704599696211517,0.6030461269547231,0.0010270920465700328,0.010878222994506359,0.010925059032160789,10.553937027987558,0.9054975169725692,2482153.0,7856.0,32.0,10000.0,True,False
5,10,16885596653903991254,SLH_DSA_PURE_SHA2_128S,0.16093585104681551,0.0030129359802231193,0.7811690740054473,0.0011156569817103446,0.01084890600759536,0.010944280016701669,21.660179393016733,0.8342712077850731,2482153.0,7856.0,32.0,10000.0,True,False
5,10,5316478693591743789,SLH_DSA_PURE_SHA2_128S,0.08521017403108999,0.0014912859769538045,0.6687111899955198,0.0011384569806978106,0.01066173700382933,0.010713184019550681,21.886954295041505,0.843626469278488,2482153.0,7856.0,32.0,10000.0,True,False
5,10,13260457786890834743,SLH_DSA_PURE_SHA2_128S,0.08512343600159511,0.0014991139760240912,0.6341213280102238,0.0011558279511518776,0.010756390984170139,0.010806905047502369,21.935708188975696,0.8565980636368925,2482153.0,7856.0,32.0,10000.0,True,False
5,10,15672765454438342715,SLH_DSA_PURE_SHA2_128S,0.08029864099808037,0.0013422819902189076,0.6268703149980865,0.0011273290147073567,0.01110964803956449,0.011159997957292944,22.12027890700847,0.8603749194274695,2482153.0,7856.0,32.0,10000.0,True,False
5,10,7531628734914538739,SLH_DSA_PURE_SHA2_128S,0.07612761901691556,0.0013090100255794823,0.6024800660088658,0.0011103359865956008,0.010765257000457495,0.010815698013175279,10.855433078017086,0.8570136072727057,2482153.0,7856.0,32.0,10000.0,True,False
5,11,13260457786890834743,SLH_DSA_PURE_SHA2_128S,0.08164735801983625,0.0015287389978766441,0.6339941929909401,0.0010506920516490936,0.010916344006545842,0.01100763602880761,21.64988921501208,0.8050931325545326,2482153.0,7856.0,32.0,10000.0,True,False
5,11,15672765454438342715,SLH_DSA_PURE_SHA2_128S,0.19015948701417074,0.0019225760479457676,0.8289801540086046,0.001118611020501703,0.010725924978032708,0.0107764289714396,21.46835366502637,0.7975062627476245,2482153.0,7856.0,32.0,10000.0,True,False
5,11,5316478693591743789,SLH_DSA_PURE_SHA2_128S,0.18763581302482635,0.0022158880019560456,1.1183704870054498,0.0010468160035088658,0.010710748028941453,0.010757786978501827,21.44005673401989,0.7917388875644428,2482153.0,7856.0,32.0,10000.0,True,False
5,11,16885596653903991254,SLH_DSA_PURE_SHA2_128S,0.07989025500137359,0.0015703300014138222,0.9742327179992571,0.0010997849749401212,0.010767915984615684,0.010819531977176666,21.681875216017943,0.7904990456831722,2482153.0,7856.0,32.0,10000.0,True,False
5,11,7531628734914538739,SLH_DSA_PURE_SHA2_128S,0.07700264197774231,0.001354309031739831,0.6063930970267393,0.0010510010179132223,0.0107981440378353,0.01084602897753939,10.566882717015687,0.7892003068908716,2482153.0,7856.0,32.0,10000.0,True,False
5,12,13260457786890834743,SLH_DSA_PURE_SHA2_128S,0.14683370001148432,0.0035698869614861906,0.6966862229746766,0.0011338440235704184,0.010720507998485118,0.010815626999828964,21.72346856002696,0.7438430189610289,2482153.0,7856.0,32.0,10000.0,True,False
5,12,15672765454438342715,SLH_DSA_PURE_SHA2_128S,0.0800100609776564,0.0016530519933439791,0.6299926330102608,0.0011097919777967036,0.010959770996123552,0.011010185990016907,22.00263498001732,0.7258099691745953,2482153.0,7856.0,32.0,10000.0,True,False
5,12,16885596653903991254,SLH_DSA_PURE_SHA2_128S,0.16291917499620467,0.0015058069839142263,0.6305958880111575,0.0017407879931852221,0.010743126971647143,0.010793577996082604,21.912326915015,0.7324536509883289,2482153.0,7856.0,32.0,10000.0,True,False
5,12,5316478693591743789,SLH_DSA_PURE_SHA2_128S,0.1366904680035077,0.0014031599857844412,0.6280003050342202,0.001061208953615278,0.010778340976685286,0.010827749967575073,21.935052190965507,0.7368449612547414,2482153.0,7856.0,32.0,10000.0,True,False
5,12,7531628734914538739,SLH_DSA_PURE_SHA2_128S,0.07579156901920214,0.0013919229968450963,0.6020407640025951,0.0010517920018173754,0.010844882985111326,0.010891304002143443,10.646967487991787,0.7484494670511435,2482153.0,7856.0,32.0,10000.0,True,False
5,13,5316478693591743789,SLH_DSA_PURE_SHA2_128S,0.14913319400511682,0.0017185050528496504,0.712424194032792,0.0011039369856007397,0.010764267994090915,0.010854079970158637,21.716792965016793,0.6795209430086727,2482153.0,7856.0,32.0,10000.0,True,False
5,13,13260457786890834743,SLH_DSA_PURE_SHA2_128S,0.08608839701628312,0.0017009649891406298,0.6435610789922066,0.00151793600525707,0.010765807004645467,0.010820483963470906,21.791904632002115,0.6960308369094381,2482153.0,7856.0,32.0,10000.0,True,False
5,13,15672765454438342715,SLH_DSA_PURE_SHA2_128S,0.08496642397949472,0.001668810029514134,0.6563784530153498,0.0011274209828116,0.010821741016115993,0.01087232498684898,21.976976778008975,0.692382453872373,2482153.0,7856.0,32.0,10000.0,True,False
5,13,16885596653903991254,SLH_DSA_PURE_SHA2_128S,0.08019705500919372,0.0013799070147797465,0.6294049429707229,0.0010920870117843151,0.010809100000187755,0.010860998998396099,22.10413857799722,0.6796313255263594,2482153.0,7856.0,32.0,10000.0,True,False
5,13,7531628734914538739,SLH_DSA_PURE_SHA2_128S,0.07635664503322914,0.0013433750136755407,0.6011080759926699,0.00107325502904132,0.010797197988722473,0.010847883997485042,10.680159764015116,0.6942390679075314,2482153.0,7856.0,32.0,10000.0,True,False
5,14,16885596653903991254,SLH_DSA_PURE_SHA2_128S,0.1435134870116599,0.002739429008215666,0.8109843249549158,0.0012113190023228526,0.010806881997268647,0.010888246993999928,21.1550754380296,0.6552805191221328,2482153.0,7856.0,32.0,10000.0,True,False
5,14,13260457786890834743,SLH_DSA_PURE_SHA2_128S,0.08445397700415924,0.0018226910033263266,1.0821534920250997,0.0011376899783499539,0.010837415989954025,0.010884499992243946,21.586192763003055,0.6523448259304887,2482153.0,7856.0,32.0,10000.0,True,False
5,14,15672765454438342715,SLH_DSA_PURE_SHA2_128S,0.16102202597539872,0.0028907739906571805,1.1437688300502487,0.0011533129727467895,0.010881684022024274,0.010928568022791296,21.473491531040054,0.6598383866179104,2482153.0,7856.0,32.0,10000.0,True,False
5,14,5316478693591743789,SLH_DSA_PURE_SHA2_128S,0.07967066596029326,0.0014398610219359398,0.8019598710234277,0.0011608090135268867,0.01102746999822557,0.01107548299478367,22.00947205198463,0.654987595975399,2482153.0,7856.0,32.0,10000.0,True,False
5,14,7531628734914538739,SLH_DSA_PURE_SHA2_128S,0.07729969097999856,0.0018492909730412066,0.6514320490532555,0.0011746389791369438,0.010970627015922219,0.011016973992809653,10.453792619984597,0.6514641859660895,2482153.0,7856.0,32.0,10000.0,True,False
5,15,5316478693591743789,SLH_DSA_PURE_SHA2_128S,0.08714362600585446,0.0027369229937903583,0.6446421560249291,0.0010936670005321503,0.010789167019538581,0.010875839972868562,21.74620453303214,0.6106569320439531,2482153.0,7856.0,32.0,10000.0,True,False
5,15,13260457786890834743,SLH_DSA_PURE_SHA2_128S,0.08426845399662852,0.0027432069764472544,0.6371745090000331,0.001063161005731672,0.010752796952147037,0.010800320014823228,21.851354384969454,0.6080606211179171,2482153.0,7856.0,32.0,10000.0,True,False
5,15,16885596653903991254,SLH_DSA_PURE_SHA2_128S,0.08644935698248446,0.0020001110387966037,0.6444273350061849,0.0013455720036290586,0.01068691402906552,0.010734716022852808,21.783183773979545,0.6121126949406279,2482153.0,7856.0,32.0,10000.0,True,False
5,15,15672765454438342715,SLH_DSA_PURE_SHA2_128S,0.08003688504686579,0.0013712639920413494,0.6237768159480765,0.0010570629965513945,0.010787154024001211,0.010835168010089546,22.058527320972644,0.6026757222633011,2482153.0,7856.0,32.0,10000.0,True,False
5,15,7531628734914538739,SLH_DSA_PURE_SHA2_128S,0.07603095000376925,0.001351994986180216,0.6027307499898598,0.0010895439772866666,0.010764539008960128,0.010810335981659591,10.709075657010544,0.6010056423207822,2482153.0,7856.0,32.0,10000.0,True,False
5,16,16885596653903991254,SLH_DSA_PURE_SHA2_128S,0.1493391760159284,0.0031295520020648837,0.7115029960405082,0.001066334021743387,0.010790302010718733,0.010867960983887315,21.21009376400616,0.5631092459725114,2482153.0,7856.0,32.0,10000.0,True,False
5,16,13260457786890834743,SLH_DSA_PURE_SHA2_128S,0.0866269399994053,0.0025479510077275336,0.6924039839650504,0.001088822027668357,0.010824332013726234,0.010875754000153393,21.498220345005393,0.5759379429201158,2482153.0,7856.0,32.0,10000.0,True,False
5,16,5316478693591743789,SLH_DSA_PURE_SHA2_128S,0.08081516798119992,0.0014497680240310729,0.6254312149831094,0.0010353910038247705,0.010915615013800561,0.010960946034174412,21.75892523000948,0.5634844811103595,2482153.0,7856.0,32.0,10000.0,True,False
5,16,15672765454438342715,SLH_DSA_PURE_SHA2_128S,0.07999059197027236,0.001626621000468731,0.6260108590358868,0.0010787280043587089,0.01069854199886322,0.010746427986305207,21.79013954201946,0.5637062788485719,2482153.0,7856.0,32.0,10000.0,True,False
5,16,7531628734914538739,SLH_DSA_PURE_SHA2_128S,0.07609701401088387,0.0015752739855088294,0.600016328971833,0.0011000600061379373,0.01085941499331966,0.01091970899142325,10.639860235969536,0.5565272012410073,2482153.0,7856.0,32.0,10000.0,True,False
5,17,13260457786890834743,SLH_DSA_PURE_SHA2_128S,0.14729832799639553,0.0025637049693614244,0.6852534420322627,0.0010252529755234718,0.01104384398786351,0.011132760031614453,21.149955787986983,0.5383925313076463,2482153.0,7856.0,32.0,10000.0,True,False
5,17,5316478693591743789,SLH_DSA_PURE_SHA2_128S,0.16280200297478586,0.002265546005219221,0.9124356289976276,0.001045965007506311,0.010676538979168981,0.010725722997449338,21.113476484955754,0.5220110963065975,2482153.0,7856.0,32.0,10000.0,True,False
5,17,15672765454438342715,SLH_DSA_PURE_SHA2_128S,0.08256334002362564,0.0014985849848017097,0.6430349189904518,0.0010418639867566526,0.010661129956133664,0.010708137997426093,21.505549088004045,0.5342937622802516,2482153.0,7856.0,32.0,10000.0,True,False
5,17,16885596653903991254,SLH_DSA_PURE_SHA2_128S,0.17353251995518804,0.0015710259904153645,0.6576852059806697,0.0010424230131320655,0.010685914021451026,0.010734957992099226,21.736351427040063,0.5254322149264165,2482153.0,7856.0,32.0,10000.0,True,False
5,17,7531628734914538739,SLH_DSA_PURE_SHA2_128S,0.07616150798276067,0.0013238739920780063,0.5961979860439897,0.0010376659920439124,0.010747606051154435,0.010795297974254936,10.612023942056112,0.5242865694740328,2482153.0,7856.0,32.0,10000.0,True,False
5,18,16885596653903991254,SLH_DSA_PURE_SHA2_128S,0.12822262395638973,0.0015170309925451875,0.6413725969614461,0.001129601034335792,0.010965744033455849,0.01105774100869894,21.654841826995835,0.4901279389334563,2482153.0,7856.0,32.0,10000.0,True,False
5,18,5316478693591743789,SLH_DSA_PURE_SHA2_128S,0.08471491502132267,0.0017232129466719925,0.6731702130055055,0.0010871289996430278,0.010817091970238835,0.010863547038752586,21.746125516016036,0.49485047173481017,2482153.0,7856.0,32.0,10000.0,True,False
5,18,15672765454438342715,SLH_DSA_PURE_SHA2_128S,0.14585586998146027,0.001712682016659528,0.8073819800047204,0.0013725509634241462,0.01059727999381721,0.010646732000168413,21.620246299018618,0.504246034537451,2482153.0,7856.0,32.0,10000.0,True,False
5,18,13260457786890834743,SLH_DSA_PURE_SHA2_128S,0.17577284201979637,0.0015837060054764152,0.6787319270079024,0.0010882029891945422,0.010907836025580764,0.010956497979350388,21.85790238296613,0.5205267698834308,2482153.0,7856.0,32.0,10000.0,True,False
5,18,7531628734914538739,SLH_DSA_PURE_SHA2_128S,0.0764566789730452,0.0015809549950063229,0.6012049690471031,0.001215804019011557,0.011166999000124633,0.011219162959605455,10.675992192002013,0.47065929910197807,2482153.0,7856.0,32.0,10000.0,True,False
5,19,5316478693591743789,SLH_DSA_PURE_SHA2_128S,0.13515156198991463,0.0017127399914897978,0.6395953970495611,0.0010514779714867473,0.01081230299314484,0.01090079004643485,21.682918399979826,0.4655539559813353,2482153.0,7856.0,32.0,10000.0,True,False
5,19,13260457786890834743,SLH_DSA_PURE_SHA2_128S,0.08475512900622562,0.0015823860303498805,0.6345550180412829,0.0011581649887375534,0.010753758018836379,0.010805441008415073,21.78236155497143,0.45983469391021486,2482153.0,7856.0,32.0,10000.0,True,False
5,19,15672765454438342715,SLH_DSA_PURE_SHA2_128S,0.08401024295017123,0.0016918029868975282,0.6327856199932285,0.0011141430004499853,0.010741586971562356,0.010791736014652997,21.816556873964146,0.47443563272111333,2482153.0,7856.0,32.0,10000.0,True,False
5,19,16885596653903991254,SLH_DSA_PURE_SHA2_128S,0.07984445797046646,0.0013529160059988499,0.626027446007356,0.0011459820088930428,0.010630322038196027,0.010679106984753162,21.913397313968744,0.4506314910662631,2482153.0,7856.0,32.0,10000.0,True,False
5,19,7531628734914538739,SLH_DSA_PURE_SHA2_128S,0.07632512098643929,0.0013755589607171714,0.6024582930258475,0.0010761679732240736,0.010898509994149208,0.010949851013720036,10.617694040003698,0.4413559483393979,2482153.0,7856.0,32.0,10000.0,True,False
5,20,15672765454438342715,SLH_DSA_PURE_SHA2_128S,0.11528144200565293,0.0015856449608691037,0.6415124020422809,0.0010954360477626324,0.010706649045459926,0.010795842972584069,21.75855110900011,0.44141987297005547,2482153.0,7856.0,32.0,10000.0,True,False
5,20,5316478693591743789,SLH_DSA_PURE_SHA2_128S,0.1657600220059976,0.00297781900735572,0.6750890630064532,0.0010314509854651988,0.010801306052599102,0.010853735031560063,21.82463100401219,0.4487573578656196,2482153.0,7856.0,32.0,10000.0,True,False
5,20,16885596653903991254,SLH_DSA_PURE_SHA2_128S,0.16534473100909963,0.001723919005598873,0.631708889035508,0.0010885640513151884,0.010747633001301438,0.010798349045217037,21.926523615955375,0.4626056082939473,2482153.0,7856.0,32.0,10000.0,True,False
5,20,13260457786890834743,SLH_DSA_PURE_SHA2_128S,0.07905553496675566,0.001437183003872633,0.6299937069998123,0.0013091129949316382,0.010764653037767857,0.01081862102728337,22.034739004971925,0.48158228496155037,2482153.0,7856.0,32.0,10000.0,True,False
5,20,7531628734914538739,SLH_DSA_PURE_SHA2_128S,0.07615814200835302,0.001409610966220498,0.6028689420199953,0.0010953680030070245,0.010685316985473037,0.010735559975728393,10.655480876972433,0.4336968817816565,2482153.0,7856.0,32.0,10000.0,True,False
5,21,16885596653903991254,SLH_DSA_PURE_SHA2_128S,0.21534256299491972,0.0019193959888070822,0.8182435429771431,0.0011090689804404974,0.011361155018676072,0.01144902699161321,21.281658608000726,0.43406310057440123,2482153.0,7856.0,32.0,10000.0,True,False
5,21,13260457786890834743,SLH_DSA_PURE_SHA2_128S,0.17485798202687874,0.001621918985620141,0.770042908960022,0.0011238990118727088,0.010742629994638264,0.010790853993967175,21.774451631994452,0.44099405993329593,2482153.0,7856.0,32.0,10000.0,True,False
5,21,15672765454438342715,SLH_DSA_PURE_SHA2_128S,0.18167526100296527,0.001566984981764108,1.019078705983702,0.001334213011432439,0.011374859954230487,0.0114246949669905,21.674505999020766,0.4328497272377578,2482153.0,7856.0,32.0,10000.0,True,False
5,21,5316478693591743789,SLH_DSA_PURE_SHA2_128S,0.16405010601738468,0.0024619410396553576,1.1934870679979213,0.0011081130360253155,0.010864127019885927,0.010914572980254889,21.524672785017174,0.41894799979707115,2482153.0,7856.0,32.0,10000.0,True,False
5,21,7531628734914538739,SLH_DSA_PURE_SHA2_128S,0.08883062098175287,0.0013776799896731973,0.6062785050016828,0.001021393050905317,0.010725210013333708,0.010771061002742499,10.635714898991864,0.4012101097954824,2482153.0,7856.0,32.0,10000.0,True,False
5,22,5316478693591743789,SLH_DSA_PURE_SHA2_128S,0.15795472799800336,0.004033695033285767,0.6678577900165692,0.0011294679716229439,0.010829125007148832,0.010924712987616658,21.77677041903371,0.40941558162363384,2482153.0,7856.0,32.0,10000.0,True,False
5,22,13260457786890834743,SLH_DSA_PURE_SHA2_128S,0.15904565597884357,0.0024682629737071693,0.6980865229852498,0.0011495280195958912,0.010794063040520996,0.010846193006727844,22.016544265963603,0.4000026202275635,2482153.0,7856.0,32.0,10000.0,True,False
5,22,16885596653903991254,SLH_DSA_PURE_SHA2_128S,0.08516358601627871,0.0016534579917788506,0.6351613929728046,0.0012242450029589236,0.010702391969971359,0.010756510018836707,22.173453654977493,0.39495177064745574,2482153.0,7856.0,32.0,10000.0,True,False
5,22,15672765454438342715,SLH_DSA_PURE_SHA2_128S,0.1023990249959752,0.0013729509664699435,0.6262259399518371,0.001215088996104896,0.010957018006592989,0.01100860198494047,22.271018823958002,0.40371317852038546,2482153.0,7856.0,32.0,10000.0,True,False
5,22,7531628734914538739,SLH_DSA_PURE_SHA2_128S,0.07616361096734181,0.0012944649788551033,0.6013545279856771,0.0011062140110880136,0.010681402985937893,0.010732082999311388,10.720598004001658,0.384482779334814,2482153.0,7856.0,32.0,10000.0,True,False
5,23,15672765454438342715,SLH_DSA_PURE_SHA2_128S,0.0858967259991914,0.0023714920389465988,0.6456921760109253,0.001069167978130281,0.010662838001735508,0.010753633978310972,21.8381928820163,0.3772952319078219,2482153.0,7856.0,32.0,10000.0,True,False
5,23,16885596653903991254,SLH_DSA_PURE_SHA2_128S,0.1444876089808531,0.0026553099742159247,0.8041000770172104,0.0011120729614049196,0.010670071002095938,0.010720658989157528,21.66492496302817,0.3654181990867701,2482153.0,7856.0,32.0,10000.0,True,False
5,23,13260457786890834743,SLH_DSA_PURE_SHA2_128S,0.08508188201813027,0.0016064770170487463,0.629336132958997,0.0010664970031939447,0.011003933963365853,0.011053655005525798,22.091153224988375,0.3909080858824376,2482153.0,7856.0,32.0,10000.0,True,False
5,23,5316478693591743789,SLH_DSA_PURE_SHA2_128S,0.08019857696490362,0.0012974159908480942,0.6296029340010136,0.0011138910194858909,0.010774026974104345,0.010824583005160093,22.187180695007555,0.36809763374824683,2482153.0,7856.0,32.0,10000.0,True,False
5,23,7531628734914538739,SLH_DSA_PURE_SHA2_128S,0.07586171798175201,0.0013353900285437703,0.6007424349663779,0.001044476986862719,0.010743714985437691,0.010791748005431145,10.742257480043918,0.37493561137729464,2482153.0,7856.0,32.0,10000.0,True,False
5,24,15672765454438342715,SLH_DSA_PURE_SHA2_128S,0.1641424140543677,0.0018907369812950492,0.6897156009799801,0.0011163950548507273,0.010896641993895173,0.010989305970724672,21.535843040037435,0.335957176197832,2482153.0,7856.0,32.0,10000.0,True,False
5,24,16885596653903991254,SLH_DSA_PURE_SHA2_128S,0.08019530703313649,0.001401685003656894,0.6657404070138,0.0010786399943754077,0.010685953951906413,0.010732790979091078,21.93536647502333,0.35936911857445925,2482153.0,7856.0,32.0,10000.0,True,False
5,24,5316478693591743789,SLH_DSA_PURE_SHA2_128S,0.08205632300814614,0.0018219559569843113,0.7131526709999889,0.0013394419802352786,0.010826575045939535,0.010874894040171057,21.839439297968056,0.36232622096184103,2482153.0,7856.0,32.0,10000.0,True,False
5,24,13260457786890834743,SLH_DSA_PURE_SHA2_128S,0.142854047997389,0.0022550949943251908,1.1591918389895,0.0010771320085041225,0.010816832014825195,0.010867330012843013,21.353388375020586,0.37687758493502016,2482153.0,7856.0,32.0,10000.0,True,False
5,24,7531628734914538739,SLH_DSA_PURE_SHA2_128S,0.07747240003664047,0.0014641059678979218,0.6144301360473037,0.0010302909649908543,0.010655416990630329,0.010729489964433014,10.787605950026773,0.3470945727651397,2482153.0,7856.0,32.0,10000.0,True,False
5,25,13260457786890834743,SLH_DSA_PURE_SHA2_128S,0.12591117701958865,0.0022937050089240074,0.6704168910509907,0.0011444170377217233,0.010743692982941866,0.010834229993633926,21.723831182986032,0.3680650037475311,2482153.0,7856.0,32.0,10000.0,True,False
5,25,5316478693591743789,SLH_DSA_PURE_SHA2_128S,0.08579653402557597,0.0016098059713840485,0.633991475973744,0.001106768031604588,0.011605929990764707,0.011658260016702116,21.945243622001726,0.3404280356408213,2482153.0,7856.0,32.0,10000.0,True,False
5,25,15672765454438342715,SLH_DSA_PURE_SHA2_128S,0.13004937203368172,0.0017262969631701708,0.6295427730074152,0.0010745199979282916,0.010849484009668231,0.010901646979618818,21.89630339795258,0.35532076906460447,2482153.0,7856.0,32.0,10000.0,True,False
5,25,16885596653903991254,SLH_DSA_PURE_SHA2_128S,0.08008184802019969,0.0015652350266464055,0.6287205099943094,0.00107751099858433,0.010741439007688314,0.010789622028823942,22.024550763017032,0.3475350177409455,2482153.0,7856.0,32.0,10000.0,True,False
5,25,7531628734914538739,SLH_DSA_PURE_SHA2_128S,0.07583651901222765,0.0013458789908327162,0.5996796149993315,0.001118829008191824,0.011080397001933306,0.011130856990348548,10.782209033030085,0.3461851682766867,2482153.0,7856.0,32.0,10000.0,True,False
5,26,13260457786890834743,SLH_DSA_PURE_SHA2_128S,0.14736095297848806,0.0027292859740555286,0.728188505047001,0.0010455049923621118,0.010694399999920279,0.010799380950629711,21.696646323951427,0.3217812456494084,2482153.0,7856.0,32.0,10000.0,True,False
5,26,16885596653903991254,SLH_DSA_PURE_SHA2_128S,0.08575938601279631,0.0020462789689190686,0.6404535690089688,0.0010554370237514377,0.010747457039542496,0.010797955037560314,21.903712787025142,0.3393732447433062,2482153.0,7856.0,32.0,10000.0,True,False
5,26,5316478693591743789,SLH_DSA_PURE_SHA2_128S,0.08536367397755384,0.0018237460171803832,0.6382949990220368,0.0010443279752507806,0.010695752978790551,0.010745889972895384,22.03667048603529,0.319262514039636,2482153.0,7856.0,32.0,10000.0,True,False
5,26,15672765454438342715,SLH_DSA_PURE_SHA2_128S,0.07966861000750214,0.0013535230536945164,0.624194014002569,0.001179619983304292,0.01070061995415017,0.010762179968878627,22.198332694009878,0.33698278783073726,2482153.0,7856.0,32.0,10000.0,True,False
5,26,7531628734914538739,SLH_DSA_PURE_SHA2_128S,0.07624017400667071,0.0013313720119185746,0.5989182610064745,0.0010531479492783546,0.01078353903722018,0.010830376006197184,10.742691406048834,0.33022395821329886,2482153.0,7856.0,32.0,10000.0,True,False
5,27,13260457786890834743,SLH_DSA_PURE_SHA2_128S,0.08033281099051237,0.002361266000661999,0.6708362970384769,0.0010433950228616595,0.010950158000923693,0.011032200010959059,21.653703771997243,0.33614968539947593,2482153.0,7856.0,32.0,10000.0,True,False
5,27,16885596653903991254,SLH_DSA_PURE_SHA2_128S,0.08032700204057619,0.0023139300174079835,0.6998975530150346,0.0010889690020121634,0.010791166976559907,0.010837707028258592,21.644467458012514,0.3248207904175281,2482153.0,7856.0,32.0,10000.0,True,False
5,27,5316478693591743789,SLH_DSA_PURE_SHA2_128S,0.08144945901585743,0.001934255997184664,0.689864914980717,0.0015808370080776513,0.01062115200329572,0.010672723990865052,21.660029754042625,0.3009705668071303,2482153.0,7856.0,32.0,10000.0,True,False
5,27,15672765454438342715,SLH_DSA_PURE_SHA2_128S,0.14316845900611952,0.0028418709989637136,1.0407346040010452,0.0010641299886628985,0.011054471018724144,0.011105302022770047,21.46105780400103,0.3096442576274633,2482153.0,7856.0,32.0,10000.0,True,False
5,27,7531628734914538739,SLH_DSA_PURE_SHA2_128S,0.07832425500964746,0.0014164620079100132,0.6222585720242932,0.0010757860145531595,0.01073065702803433,0.010778108960948884,10.951114993018564,0.30614124335491427,2482153.0,7856.0,32.0,10000.0,True,False
5,28,15672765454438342715,SLH_DSA_PURE_SHA2_128S,0.08736479101935402,0.0025710000190883875,0.6457546019810252,0.0011196979903616011,0.010787293023895472,0.010877515014726669,21.969605844991747,0.29654214257737416,2482153.0,7856.0,32.0,10000.0,True,False
5,28,13260457786890834743,SLH_DSA_PURE_SHA2_128S,0.1298107230104506,0.0017955920193344355,0.6358067310065962,0.0010753949754871428,0.010706595028750598,0.010756545991171151,22.059249969956,0.3239326538628164,2482153.0,7856.0,32.0,10000.0,True,False
5,28,16885596653903991254,SLH_DSA_PURE_SHA2_128S,0.13773358601611108,0.0014693490229547024,0.6267028170404956,0.0011268630041740835,0.010654000972863287,0.010703659965656698,22.190975818026345,0.3031577102720184,2482153.0,7856.0,32.0,10000.0,True,False
5,28,5316478693591743789,SLH_DSA_PURE_SHA2_128S,0.0800817389972508,0.0013836940051987767,0.6278622460085899,0.001057590008713305,0.010727646993473172,0.010777604999020696,22.310918896982912,0.28332986862074355,2482153.0,7856.0,32.0,10000.0,True,False
5,28,7531628734914538739,SLH_DSA_PURE_SHA2_128S,0.07594567199703306,0.0012883890303783119,0.6003751559765078,0.0011141760041937232,0.010640877997502685,0.010690991999581456,10.784952036978211,0.2937975038934987,2482153.0,7856.0,32.0,10000.0,True,False
5,29,15672765454438342715,SLH_DSA_PURE_SHA2_128S,0.0871501819929108,0.002154115994926542,0.6550154480501078,0.0010661869891919196,0.010824223980307579,0.010908373980782926,21.915538339002524,0.2954108026592781,2482153.0,7856.0,32.0,10000.0,True,False
5,29,16885596653903991254,SLH_DSA_PURE_SHA2_128S,0.09672955196583644,0.0018705690163187683,0.6434353609802201,0.0010360160376876593,0.010988381982315332,0.011081320990342647,22.056240384990815,0.290029583946644,2482153.0,7856.0,32.0,10000.0,True,False
5,29,13260457786890834743,SLH_DSA_PURE_SHA2_128S,0.08438325097085908,0.002433003974147141,0.6429972720216028,0.001107805990613997,0.011288680019788444,0.011350670014508069,22.08696768101072,0.2952990298309682,2482153.0,7856.0,32.0,10000.0,True,False
5,29,5316478693591743789,SLH_DSA_PURE_SHA2_128S,0.08002825599396601,0.0013655659859068692,0.6229991680011153,0.00109424302354455,0.010721653001382947,0.010772729001473635,22.372708836977836,0.27686369745135186,2482153.0,7856.0,32.0,10000.0,True,False
5,29,7531628734914538739,SLH_DSA_PURE_SHA2_128S,0.07642878702608868,0.0013431499828584492,0.5996968729887158,0.0010385240311734378,0.010755371011327952,0.010803484998177737,10.7029964409885,0.2992706895484544,2482153.0,7856.0,32.0,10000.0,True,False
5,30,16885596653903991254,SLH_DSA_PURE_SHA2_128S,0.18816958303796127,0.0030380560201592743,0.7176862630294636,0.0011785220121964812,0.01099279202753678,0.01107716403203085,21.483131090993993,0.2825013761313412,2482153.0,7856.0,32.0,10000.0,True,False
5,30,5316478693591743789,SLH_DSA_PURE_SHA2_128S,0.18740689801052213,0.0023155059898272157,0.9290029180119745,0.001157955965027213,0.010912734956946224,0.01095800002804026,21.473575532028917,0.27985112155198505,2482153.0,7856.0,32.0,10000.0,True,False
5,30,15672765454438342715,SLH_DSA_PURE_SHA2_128S,0.12382382998475805,0.0013387370272539556,0.7040759900119156,0.0013986669946461916,0.011198139982298017,0.011249401024542749,21.69549359905068,0.277614795974792,2482153.0,7856.0,32.0,10000.0,True,False
5,30,13260457786890834743,SLH_DSA_PURE_SHA2_128S,0.13378469395684078,0.0014179430436342955,0.7082609670469537,0.0010729950154200196,0.011165758012793958,0.0112169100320898,21.66576329799136,0.29474578834638687,2482153.0,7856.0,32.0,10000.0,True,False
5,30,7531628734914538739,SLH_DSA_PURE_SHA2_128S,0.07801984396064654,0.0015114910202100873,0.6136143959593028,0.0010787870269268751,0.011006171989720315,0.011053378053475171,10.758537596964743,0.2654486474225494,2482153.0,7856.0,32.0,10000.0,True,False
6,1,5169300115399602530,SLH_DSA_PURE_SHA2_128S,0.22868665400892496,0.0017268609954044223,0.6987621479202062,0.0010936480248346925,0.01113834697753191,0.011261558975093067,21.374496640986763,1.901278124449733,2482153.0,7856.0,32.0,10000.0,True,False
6,1,10872935227029823233,SLH_DSA_PURE_SHA2_128S,0.08608773804735392,0.001759020029567182,0.6395657290704548,0.001137545914389193,0.011252847965806723,0.011356258997693658,21.651092963060364,1.8514891192555047,2482153.0,7856.0,32.0,10000.0,True,False
6,1,8461025508408985254,SLH_DSA_PURE_SHA2_128S,0.08055562502704561,0.0014559309929609299,0.6331974540371448,0.0010877649765461683,0.01106494094710797,0.011115235043689609,21.81223902804777,1.9135688250057232,2482153.0,7856.0,32.0,10000.0,True,False
6,1,9271363626837488265,SLH_DSA_PURE_SHA2_128S,0.1673626669216901,0.0022756169782951474,1.0138066839426756,0.001212403061799705,0.01088973495643586,0.010945243062451482,21.341656688950025,1.9505159721587793,2482153.0,7856.0,32.0,10000.0,True,False
6,1,7634825589392091322,SLH_DSA_PURE_SHA2_128S,0.07850017305463552,0.001499071018770337,0.6139100010041147,0.001173826982267201,0.01090713997837156,0.010956287966109812,10.630648301099427,1.9026744803681541,2482153.0,7856.0,32.0,10000.0,True,False
6,2,9271363626837488265,SLH_DSA_PURE_SHA2_128S,0.15890983096323907,0.0018360309768468142,0.8560623009689152,0.0010866780066862702,0.010971604031510651,0.011074103997088969,21.231608189991675,1.6194522506512774,2482153.0,7856.0,32.0,10000.0,True,False
6,2,10872935227029823233,SLH_DSA_PURE_SHA2_128S,0.08638900599908084,0.001936066895723343,0.64081911300309,0.0010684550506994128,0.010826862999238074,0.010880907997488976,21.51410686399322,1.6420991634027646,2482153.0,7856.0,32.0,10000.0,True,False
6,2,5169300115399602530,SLH_DSA_PURE_SHA2_128S,0.18668980104848742,0.0018821608973667026,0.6450529770227149,0.0014560939744114876,0.010782605037093163,0.010849714977666736,21.59291231702082,1.624025484243521,2482153.0,7856.0,32.0,10000.0,True,False
6,2,8461025508408985254,SLH_DSA_PURE_SHA2_128S,0.07951257401145995,0.0013499560300260782,0.6278276520315558,0.0010760020231828094,0.010798912961035967,0.010850775055587292,21.78398492303677,1.6601322645577379,2482153.0,7856.0,32.0,10000.0,True,False
6,2,7634825589392091322,SLH_DSA_PURE_SHA2_128S,0.07601007795892656,0.0013248639879748225,0.6052121219690889,0.0010848280508071184,0.01080092298798263,0.010849228943698108,10.675785670988262,1.629838286878202,2482153.0,7856.0,32.0,10000.0,True,False
6,3,5169300115399602530,SLH_DSA_PURE_SHA2_128S,0.14900672796647996,0.0019239470129832625,0.6628352799452841,0.0010929229902103543,0.010790160042233765,0.010880499030463398,21.345935043063946,1.4600795532186952,2482153.0,7856.0,32.0,10000.0,True,False
6,3,9271363626837488265,SLH_DSA_PURE_SHA2_128S,0.1605015309760347,0.002335820929147303,0.7102268600137904,0.0010282649891451001,0.010805297060869634,0.010850617079995573,21.521541167981923,1.4584687186506229,2482153.0,7856.0,32.0,10000.0,True,False
6,3,8461025508408985254,SLH_DSA_PURE_SHA2_128S,0.07885393896140158,0.0013337329728528857,0.6298291460843757,0.0010575719643384218,0.010694651980884373,0.010742452926933765,21.825172788929194,1.4729860457368553,2482153.0,7856.0,32.0,10000.0,True,False
6,3,10872935227029823233,SLH_DSA_PURE_SHA2_128S,0.13996524701360613,0.0015268439892679453,0.63270812202245,0.0010235849767923355,0.010759709984995425,0.010803057928569615,21.75308264803607,1.470390037225839,2482153.0,7856.0,32.0,10000.0,True,False
6,3,7634825589392091322,SLH_DSA_PURE_SHA2_128S,0.0765131680527702,0.0013218660606071353,0.6000951760215685,0.0010687879985198379,0.010663538007065654,0.010711344075389206,10.621449508005753,1.4540688024161341,2482153.0,7856.0,32.0,10000.0,True,False
6,4,8461025508408985254,SLH_DSA_PURE_SHA2_128S,0.08867015107534826,0.0020595149835571647,0.7021095009986311,0.0010586800053715706,0.010592421982437372,0.01067227206658572,21.216727565042675,1.3370471316785477,2482153.0,7856.0,32.0,10000.0,True,False
6,4,5169300115399602530,SLH_DSA_PURE_SHA2_128S,0.08255580393597484,0.0016658060485497117,0.6311791889602318,0.001060314942151308,0.010745116975158453,0.01079729595221579,21.57395701704081,1.3109290005680851,2482153.0,7856.0,32.0,10000.0,True,False
6,4,10872935227029823233,SLH_DSA_PURE_SHA2_128S,0.11821170896291733,0.0018266449915245175,0.6792081430321559,0.0010688420152291656,0.010782736935652792,0.010827874997630715,21.422665898920968,1.324453933932149,2482153.0,7856.0,32.0,10000.0,True,False
6,4,9271363626837488265,SLH_DSA_PURE_SHA2_128S,0.11851274396758527,0.001465764013119042,0.6333188660209998,0.0010633779456838965,0.010810798965394497,0.010862533003091812,21.62343398097437,1.3253558139069774,2482153.0,7856.0,32.0,10000.0,True,False
6,4,7634825589392091322,SLH_DSA_PURE_SHA2_128S,0.07653970899991691,0.0014107420574873686,0.5996683610137552,0.001097557949833572,0.010656489990651608,0.010700837010517716,10.561262432020158,1.3275084019468997,2482153.0,7856.0,32.0,10000.0,True,False
6,5,10872935227029823233,SLH_DSA_PURE_SHA2_128S,0.11086143390275538,0.0017256670398637652,0.6731377729447559,0.0011397789930924773,0.011101537034846842,0.011179915978573263,21.321810238994658,1.2059798775770414,2482153.0,7856.0,32.0,10000.0,True,False
6,5,8461025508408985254,SLH_DSA_PURE_SHA2_128S,0.08013385708909482,0.0013288740301504731,0.7014761449536309,0.0012057569110766053,0.010931764030829072,0.010978802922181785,21.45477315201424,1.2304510637974968,2482153.0,7856.0,32.0,10000.0,True,False
6,5,5169300115399602530,SLH_DSA_PURE_SHA2_128S,0.11768109502736479,0.0014195640105754137,0.6876318219583482,0.0010861570481210947,0.011005488922819495,0.011049823020584881,21.39915048808325,1.205931240567765,2482153.0,7856.0,32.0,10000.0,True,False
6,5,9271363626837488265,SLH_DSA_PURE_SHA2_128S,0.092294976930134,0.001716378959827125,0.9051235050428659,0.0011069390457123518,0.010857685934752226,0.010915327933616936,21.43282428092789,1.2087717677076784,2482153.0,7856.0,32.0,10000.0,True,False
6,5,7634825589392091322,SLH_DSA_PURE_SHA2_128S,0.07684319803956896,0.0015122949844226241,0.6535298100207001,0.0010936548933386803,0.01077559299301356,0.01082019496243447,10.570111766923219,1.2052653534724689,2482153.0,7856.0,32.0,10000.0,True,False
6,6,9271363626837488265,SLH_DSA_PURE_SHA2_128S,0.12065986997913569,0.003298266092315316,0.6432270329678431,0.0010608489392325282,0.01070834998972714,0.010800434974953532,21.324638218968175,1.1344742788293491,2482153.0,7856.0,32.0,10000.0,True,False
6,6,10872935227029823233,SLH_DSA_PURE_SHA2_128S,0.14894193806685507,0.001748428912833333,0.7068518620217219,0.00110400200355798,0.010690320981666446,0.010743445018306375,21.39833490306046,1.115905713920776,2482153.0,7856.0,32.0,10000.0,True,False
6,6,8461025508408985254,SLH_DSA_PURE_SHA2_128S,0.0857151378877461,0.0015914490213617682,0.6401156600331888,0.0010674879886209965,0.010724182007834315,0.010771916015073657,21.513428258011118,1.1251882569858442,2482153.0,7856.0,32.0,10000.0,True,False
6,6,5169300115399602530,SLH_DSA_PURE_SHA2_128S,0.07923658704385161,0.001366415061056614,0.6251298669958487,0.0010874969884753227,0.010756065021269023,0.010815827990882099,21.700271159992553,1.1158927618124235,2482153.0,7856.0,32.0,10000.0,True,False
6,6,7634825589392091322,SLH_DSA_PURE_SHA2_128S,0.07723221695050597,0.0016384640475735068,0.6036542099900544,0.0011139800772070885,0.010837808949872851,0.010885644936934114,10.53957659599837,1.1182864108405555,2482153.0,7856.0,32.0,10000.0,True,False
6,7,5169300115399602530,SLH_DSA_PURE_SHA2_128S,0.14767809200566262,0.0030652870191261172,0.6483441629679874,0.001199604943394661,0.010773551068268716,0.010869153076782823,21.424826194997877,1.026134719673437,2482153.0,7856.0,32.0,10000.0,True,False
6,7,8461025508408985254,SLH_DSA_PURE_SHA2_128S,0.08520795707590878,0.0015129700768738985,0.639594190986827,0.0011556940153241158,0.01060359994880855,0.010654852027073503,21.5942387690302,1.0482113209966653,2482153.0,7856.0,32.0,10000.0,True,False
6,7,10872935227029823233,SLH_DSA_PURE_SHA2_128S,0.08455322706140578,0.0016956389881670475,0.650611404911615,0.001130571006797254,0.010766385006718338,0.010818597045727074,21.617218939005397,1.0486919144852855,2482153.0,7856.0,32.0,10000.0,True,False
6,7,9271363626837488265,SLH_DSA_PURE_SHA2_128S,0.07989557692781091,0.0015595899894833565,0.6232906259829178,0.0011915609939023852,0.010656664031557739,0.010709782945923507,21.877629576949403,1.0729256870266728,2482153.0,7856.0,32.0,10000.0,True,False
6,7,7634825589392091322,SLH_DSA_PURE_SHA2_128S,0.0763124410295859,0.0013141980161890388,0.5998243420617655,0.0011176869738847017,0.010697406949475408,0.010747902910225093,10.598700753995217,1.0437075076773525,2482153.0,7856.0,32.0,10000.0,True,False
6,8,9271363626837488265,SLH_DSA_PURE_SHA2_128S,0.08563769597094506,0.0016190719325095415,0.6321845350321382,0.0010792480316013098,0.010783580946736038,0.010873252060264349,21.52799485391006,0.9933873378811553,2482153.0,7856.0,32.0,10000.0,True,False
6,8,10872935227029823233,SLH_DSA_PURE_SHA2_128S,0.08603915001731366,0.0018519710283726454,0.6337330379756168,0.001152278040535748,0.010806170059368014,0.010857693036086857,21.49551843397785,0.9532266712417237,2482153.0,7856.0,32.0,10000.0,True,False
6,8,5169300115399602530,SLH_DSA_PURE_SHA2_128S,0.12857968197204173,0.0015129309613257647,0.6316384469391778,0.0011004250263795257,0.010779096046462655,0.010830431012436748,21.539237022050656,0.961633144190517,2482153.0,7856.0,32.0,10000.0,True,False
6,8,8461025508408985254,SLH_DSA_PURE_SHA2_128S,0.07941595802549273,0.0013784789480268955,0.6588525669649243,0.0011190660297870636,0.010724417981691658,0.010773643967695534,21.637766658095643,0.9799042497389614,2482153.0,7856.0,32.0,10000.0,True,False
6,8,7634825589392091322,SLH_DSA_PURE_SHA2_128S,0.07600478699896485,0.0013405319768935442,0.6007474560756236,0.001123544992879033,0.011223084991797805,0.011285573011264205,10.53660245705396,0.9697483512349784,2482153.0,7856.0,32.0,10000.0,True,False
6,9,10872935227029823233,SLH_DSA_PURE_SHA2_128S,0.15252215694636106,0.001677399966865778,0.6434767050668597,0.0011203389149159193,0.010996238910593092,0.011075884918682277,21.23325032007415,0.8766947083960707,2482153.0,7856.0,32.0,10000.0,True,False
6,9,9271363626837488265,SLH_DSA_PURE_SHA2_128S,0.08218876901082695,0.0016492089489474893,0.6329967059427872,0.0011817669728770852,0.010968472110107541,0.011018140939995646,21.479752708924934,0.9239163655823412,2482153.0,7856.0,32.0,10000.0,True,False
6,9,5169300115399602530,SLH_DSA_PURE_SHA2_128S,0.15808475599624217,0.001428913907147944,0.629569343989715,0.0011822039959952235,0.010954510071314871,0.011024020961485803,21.36721530999057,0.8959128778582564,2482153.0,7856.0,32.0,10000.0,True,False
6,9,8461025508408985254,SLH_DSA_PURE_SHA2_128S,0.10205958597362041,0.0014061189722269773,0.6279763040365651,0.0011248179944232106,0.011390924104489386,0.011440441943705082,21.519652746035717,0.8995830627104726,2482153.0,7856.0,32.0,10000.0,True,False
6,9,7634825589392091322,SLH_DSA_PURE_SHA2_128S,0.0761643280275166,0.0013113640015944839,0.6328583559952676,0.001300912001170218,0.01095728506334126,0.011024673003703356,10.493013662984595,0.9051718563317491,2482153.0,7856.0,32.0,10000.0,True,False
6,10,10872935227029823233,SLH_DSA_PURE_SHA2_128S,0.1261325660161674,0.0020384449744597077,0.6684705649968237,0.0010894290171563625,0.010816468042321503,0.010898442007601261,21.389461404061876,0.8314732058931844,2482153.0,7856.0,32.0,10000.0,True,False
6,10,5169300115399602530,SLH_DSA_PURE_SHA2_128S,0.1675962049048394,0.001876860042102635,0.6769907400012016,0.001076847082003951,0.010825330973602831,0.010876871994696558,21.478225579019636,0.8220238853186465,2482153.0,7856.0,32.0,10000.0,True,False
6,10,9271363626837488265,SLH_DSA_PURE_SHA2_128S,0.15615486295428127,0.0014315680600702763,0.6737552810227498,0.0011022220132872462,0.011123541044071317,0.011169114033691585,21.554693825077266,0.8608156491201907,2482153.0,7856.0,32.0,10000.0,True,False
6,10,8461025508408985254,SLH_DSA_PURE_SHA2_128S,0.07961788401007652,0.0013885929947718978,0.6312536339974031,0.0010653060162439942,0.010758746066130698,0.010809976025484502,21.671422261046246,0.8411386430073089,2482153.0,7856.0,32.0,10000.0,True,False
6,10,7634825589392091322,SLH_DSA_PURE_SHA2_128S,0.07632593694142997,0.0015318639343604445,0.603473648079671,0.001073842984624207,0.010851263999938965,0.010896409978158772,10.623772869003005,0.8425006565575401,2482153.0,7856.0,32.0,10000.0,True,False
6,11,10872935227029823233,SLH_DSA_PURE_SHA2_128S,0.08739565103314817,0.002090411027893424,0.6322049320442602,0.0010776219423860312,0.010906697949394584,0.01099311897996813,21.65476782398764,0.7735259256804713,2482153.0,7856.0,32.0,10000.0,True,False
6,11,5169300115399602530,SLH_DSA_PURE_SHA2_128S,0.08512694702949375,0.0015420280396938324,0.6293181109940633,0.0011404500110074878,0.010630797012709081,0.010682685999199748,21.609189952956513,0.7849912911463088,2482153.0,7856.0,32.0,10000.0,True,False
6,11,9271363626837488265,SLH_DSA_PURE_SHA2_128S,0.13776066293939948,0.0015055820113047957,0.6280670290580019,0.0010623610578477383,0.010698241996578872,0.010745966923423111,21.625017192098312,0.7930207326294134,2482153.0,7856.0,32.0,10000.0,True,False
6,11,8461025508408985254,SLH_DSA_PURE_SHA2_128S,0.08007958997040987,0.0016310788923874497,0.6306717660045251,0.0010958979837596416,0.01079717802349478,0.010847350931726396,21.787138808052987,0.8036193453465788,2482153.0,7856.0,32.0,10000.0,True,False
6,11,7634825589392091322,SLH_DSA_PURE_SHA2_128S,0.07605191192124039,0.0013115430483594537,0.5996899839956313,0.0010958390776067972,0.010755348950624466,0.010802917066030204,10.619724908960052,0.7809600777471789,2482153.0,7856.0,32.0,10000.0,True,False
6,12,8461025508408985254,SLH_DSA_PURE_SHA2_128S,0.08698606595862657,0.0016184980049729347,0.6529934459831566,0.0011200980516150594,0.010838184040039778,0.010920887114480138,21.4064829419367,0.7395336389446411,2482153.0,7856.0,32.0,10000.0,True,False
6,12,5169300115399602530,SLH_DSA_PURE_SHA2_128S,0.10905642609577626,0.0019560859072953463,0.6324867139337584,0.001081167021766305,0.010887781041674316,0.010937656043097377,21.672560548060574,0.7294239015720142,2482153.0,7856.0,32.0,10000.0,True,False
6,12,9271363626837488265,SLH_DSA_PURE_SHA2_128S,0.0849448749795556,0.0019044809741899371,0.6345768849132583,0.0011437470093369484,0.01105420000385493,0.011100000003352761,21.689923748956062,0.7364558159067227,2482153.0,7856.0,32.0,10000.0,True,False
6,12,10872935227029823233,SLH_DSA_PURE_SHA2_128S,0.07985196099616587,0.0016168300062417984,0.6272049400722608,0.00110307103022933,0.010960448067635298,0.011007006047293544,21.778786584036425,0.7265700274191725,2482153.0,7856.0,32.0,10000.0,True,False
6,12,7634825589392091322,SLH_DSA_PURE_SHA2_128S,0.07606085494626313,0.0013151949970051646,0.6008131729904562,0.0011874129995703697,0.012770137982442975,0.012813479057513177,10.657238766900264,0.7441814556337012,2482153.0,7856.0,32.0,10000.0,True,False
6,13,10872935227029823233,SLH_DSA_PURE_SHA2_128S,0.08603974198922515,0.001772420946508646,0.6519899721024558,0.0010197990341112018,0.010706842062063515,0.010785955004394054,21.68806847499218,0.6711725639268613,2482153.0,7856.0,32.0,10000.0,True,False
6,13,5169300115399602530,SLH_DSA_PURE_SHA2_128S,0.16383595496881753,0.0020924099953845143,0.790255848900415,0.001076547079719603,0.010754470946267247,0.010804214049130678,21.63381067395676,0.6710458096033468,2482153.0,7856.0,32.0,10000.0,True,False
6,13,9271363626837488265,SLH_DSA_PURE_SHA2_128S,0.07972288795281202,0.002052254043519497,0.6303532959427685,0.0013654379872605205,0.011336677940562367,0.01138647401239723,21.997877716086805,0.6851507473867923,2482153.0,7856.0,32.0,10000.0,True,False
6,13,8461025508408985254,SLH_DSA_PURE_SHA2_128S,0.1212023840053007,0.0022995879407972097,0.6287477700971067,0.0011096360394731164,0.010782937984913588,0.010830602957867086,22.00081975304056,0.7000148305401634,2482153.0,7856.0,32.0,10000.0,True,False
6,13,7634825589392091322,SLH_DSA_PURE_SHA2_128S,0.07604763202834874,0.0013632150366902351,0.599802310927771,0.0010851360857486725,0.01066118897870183,0.010711031965911388,10.592607778962702,0.6899691509029355,2482153.0,7856.0,32.0,10000.0,True,False
6,14,10872935227029823233,SLH_DSA_PURE_SHA2_128S,0.13629825098905712,0.0035328359808772802,0.6710903570055962,0.0010997609933838248,0.010736115043982863,0.010821987059898674,21.781451742979698,0.6273098305439035,2482153.0,7856.0,32.0,10000.0,True,False
6,14,5169300115399602530,SLH_DSA_PURE_SHA2_128S,0.08642304397653788,0.0014711989788338542,0.646245268988423,0.0010320120491087437,0.01126666902564466,0.011313949944451451,21.90909566998016,0.6255139028921295,2482153.0,7856.0,32.0,10000.0,True,False
6,14,9271363626837488265,SLH_DSA_PURE_SHA2_128S,0.17123654601164162,0.001765996916219592,0.6346976900240406,0.0011088839964941144,0.01069952198304236,0.010749537032097578,21.972547687008046,0.6290816666123966,2482153.0,7856.0,32.0,10000.0,True,False
6,14,8461025508408985254,SLH_DSA_PURE_SHA2_128S,0.1527802620548755,0.001690589007921517,0.7181569100357592,0.0010391129180788994,0.011089971056208014,0.011135622044093907,22.039761872962117,0.6540579322618417,2482153.0,7856.0,32.0,10000.0,True,False
6,14,7634825589392091322,SLH_DSA_PURE_SHA2_128S,0.0777071169577539,0.001506208092905581,0.6022406039992347,0.001231007045134902,0.010664360015653074,0.010717633995227516,10.572459427989088,0.6636469514368061,2482153.0,7856.0,32.0,10000.0,True,False
6,15,8461025508408985254,SLH_DSA_PURE_SHA2_128S,0.08760619291570038,0.0022370759397745132,0.6478229789063334,0.0010327210184186697,0.01081559609156102,0.010894480044953525,21.87141820800025,0.609084306838223,2482153.0,7856.0,32.0,10000.0,True,False
6,15,5169300115399602530,SLH_DSA_PURE_SHA2_128S,0.08161682391073555,0.0015849550254642963,0.6316388481063768,0.0011225100606679916,0.010624940041452646,0.01067637000232935,22.16670040995814,0.5935133251424034,2482153.0,7856.0,32.0,10000.0,True,False
6,15,10872935227029823233,SLH_DSA_PURE_SHA2_128S,0.16567809495609254,0.0017159129492938519,0.6613280740566552,0.0010546999983489513,0.010702758911065757,0.01074697298463434,22.103799764998257,0.618385140602581,2482153.0,7856.0,32.0,10000.0,True,False
6,15,9271363626837488265,SLH_DSA_PURE_SHA2_128S,0.13914655800908804,0.0016337899724021554,0.6488825930282474,0.0010796149726957083,0.010763263097032905,0.010812615044414997,22.217794901924208,0.6063402561476817,2482153.0,7856.0,32.0,10000.0,True,False
6,15,7634825589392091322,SLH_DSA_PURE_SHA2_128S,0.07627628708723933,0.0014452009927481413,0.6014097159495577,0.0010568340076133609,0.010781069053336978,0.010824835975654423,10.913414450013079,0.613558082142101,2482153.0,7856.0,32.0,10000.0,True,False
6,16,10872935227029823233,SLH_DSA_PURE_SHA2_128S,0.16017154301516712,0.002497101086191833,0.9101121589774266,0.0010783509351313114,0.010688164038583636,0.010769198997877538,21.28844178293366,0.5753948905359442,2482153.0,7856.0,32.0,10000.0,True,False
6,16,9271363626837488265,SLH_DSA_PURE_SHA2_128S,0.1232312920037657,0.0020093730418011546,0.6425837100250646,0.0011307899840176105,0.010647411923855543,0.010699847945943475,21.64919651101809,0.5696609166388313,2482153.0,7856.0,32.0,10000.0,True,False
6,16,8461025508408985254,SLH_DSA_PURE_SHA2_128S,0.09707867994438857,0.00157782097812742,0.6359168629860505,0.0010949569987133145,0.01076583401300013,0.010810917941853404,21.757902035024017,0.5766942729167759,2482153.0,7856.0,32.0,10000.0,True,False
6,16,5169300115399602530,SLH_DSA_PURE_SHA2_128S,0.10155016498174518,0.0013799519510939717,0.6251684579765424,0.0011246490757912397,0.010655964957550168,0.010707791079767048,21.96395461994689,0.5508619680072362,2482153.0,7856.0,32.0,10000.0,True,False
6,16,7634825589392091322,SLH_DSA_PURE_SHA2_128S,0.07685182604473084,0.0013449200196191669,0.5991203759331256,0.0010648670140653849,0.011169955949299037,0.011214144993573427,10.684227837948129,0.5743872499027953,2482153.0,7856.0,32.0,10000.0,True,False
6,17,10872935227029823233,SLH_DSA_PURE_SHA2_128S,0.15020771301351488,0.002697870950214565,0.6689137059729546,0.0010916090104728937,0.010863122064620256,0.010953729040920734,21.281145687913522,0.5230977818869744,2482153.0,7856.0,32.0,10000.0,True,False
6,17,5169300115399602530,SLH_DSA_PURE_SHA2_128S,0.10925664904061705,0.0014991550706326962,0.6851883929921314,0.0011413529282435775,0.010689249029383063,0.010740529978647828,21.393731654039584,0.5311693633421541,2482153.0,7856.0,32.0,10000.0,True,False
6,17,9271363626837488265,SLH_DSA_PURE_SHA2_128S,0.12448008300270885,0.0014998799888417125,0.627091555041261,0.001081279944628477,0.01075875700917095,0.010806988924741745,21.455004119081423,0.5190056861161043,2482153.0,7856.0,32.0,10000.0,True,False
6,17,8461025508408985254,SLH_DSA_PURE_SHA2_128S,0.08384865999687463,0.0013710249913856387,0.6312922720098868,0.0011130539933219552,0.010632327059283853,0.010682477965019643,21.49159964697901,0.5266928390894359,2482153.0,7856.0,32.0,10000.0,True,False
6,17,7634825589392091322,SLH_DSA_PURE_SHA2_128S,0.07598475692793727,0.0013505880488082767,0.5999633868923411,0.0011630239896476269,0.010745428036898375,0.010795874986797571,10.804441191023216,0.5300554459015973,2482153.0,7856.0,32.0,10000.0,True,False
6,18,10872935227029823233,SLH_DSA_PURE_SHA2_128S,0.15040894492994994,0.002763050957582891,0.632317729992792,0.0011844829423353076,0.010806367034092546,0.010887627024203539,21.697671420988627,0.4910268128965609,2482153.0,7856.0,32.0,10000.0,True,False
6,18,9271363626837488265,SLH_DSA_PURE_SHA2_128S,0.13819325400982052,0.001373106031678617,0.6296077199513093,0.001065631047822535,0.011297131073661149,0.011342067969962955,21.81527085392736,0.4892576012296227,2482153.0,7856.0,32.0,10000.0,True,False
6,18,8461025508408985254,SLH_DSA_PURE_SHA2_128S,0.08228626102209091,0.0014766150852665305,0.6319946100702509,0.0011845960980281234,0.010832932079210877,0.010877102031372488,21.885901113972068,0.5020433541672965,2482153.0,7856.0,32.0,10000.0,True,False
6,18,5169300115399602530,SLH_DSA_PURE_SHA2_128S,0.08923354803118855,0.0016535950126126409,0.6294534259941429,0.0011300789192318916,0.010798475006595254,0.010843849973753095,21.929838438984007,0.5052020174864763,2482153.0,7856.0,32.0,10000.0,True,False
6,18,7634825589392091322,SLH_DSA_PURE_SHA2_128S,0.07614664605353028,0.0015907569322735071,0.6015938620548695,0.0011728990357369184,0.010834685992449522,0.010876663029193878,10.629271255922504,0.504175202278331,2482153.0,7856.0,32.0,10000.0,True,False
6,19,10872935227029823233,SLH_DSA_PURE_SHA2_128S,0.08565194497350603,0.003063512034714222,0.6532997479662299,0.0010571859311312437,0.010738029959611595,0.010820487979799509,21.69856286002323,0.48931258243208114,2482153.0,7856.0,32.0,10000.0,True,False
6,19,8461025508408985254,SLH_DSA_PURE_SHA2_128S,0.08564872003626078,0.0014525100123137236,0.6567610959755257,0.0011138200061395764,0.010745357954874635,0.01079565694089979,21.827907036989927,0.47721299169638665,2482153.0,7856.0,32.0,10000.0,True,False
6,19,5169300115399602530,SLH_DSA_PURE_SHA2_128S,0.158228405052796,0.00252961996011436,0.8783433900680393,0.0013743960298597813,0.01076466403901577,0.010812651016749442,21.573669158970006,0.4667384114782936,2482153.0,7856.0,32.0,10000.0,True,False
6,19,9271363626837488265,SLH_DSA_PURE_SHA2_128S,0.07938536105211824,0.0013503219233825803,0.6267423299141228,0.0010636680526658893,0.010746859014034271,0.010795517009682953,22.168437230051495,0.47197014375473745,2482153.0,7856.0,32.0,10000.0,True,False
6,19,7634825589392091322,SLH_DSA_PURE_SHA2_128S,0.07622917089611292,0.0013826589565724134,0.6001891809282824,0.0011454919585958123,0.01081429491750896,0.010861188056878746,10.540988918044604,0.464507111380942,2482153.0,7856.0,32.0,10000.0,True,False
6,20,10872935227029823233,SLH_DSA_PURE_SHA2_128S,0.15957503800746053,0.0034544389927759767,0.7818084699101746,0.0010972949676215649,0.010855672997422516,0.010964066023007035,21.49166438903194,0.43704373588839085,2482153.0,7856.0,32.0,10000.0,True,False
6,20,9271363626837488265,SLH_DSA_PURE_SHA2_128S,0.08239291294012219,0.0015044810716062784,0.632497138925828,0.0011667440412566066,0.010672570089809597,0.010720739024691284,21.967108157929033,0.43423199648864735,2482153.0,7856.0,32.0,10000.0,True,False
6,20,8461025508408985254,SLH_DSA_PURE_SHA2_128S,0.07993362192064524,0.0016429619863629341,0.6289780139923096,0.001066806958988309,0.01079711108468473,0.010842691990546882,21.96416108298581,0.4523034853557238,2482153.0,7856.0,32.0,10000.0,True,False
6,20,5169300115399602530,SLH_DSA_PURE_SHA2_128S,0.12929895299021155,0.0013929350534453988,0.6304047389421612,0.0011043200502172112,0.01067003607749939,0.010719752055592835,21.925022747018375,0.43298130053372236,2482153.0,7856.0,32.0,10000.0,True,False
6,20,7634825589392091322,SLH_DSA_PURE_SHA2_128S,0.07635054306592792,0.001345115015283227,0.6030405929777771,0.0010789060033857822,0.010954014956951141,0.011003127903677523,10.734651852981187,0.4335470032006407,2482153.0,7856.0,32.0,10000.0,True,False
6,21,10872935227029823233,SLH_DSA_PURE_SHA2_128S,0.1423722649924457,0.0031252719927579165,0.7078919240739197,0.001084755058400333,0.010921663953922689,0.01102679199539125,21.451316507998854,0.40099881501933826,2482153.0,7856.0,32.0,10000.0,True,False
6,21,5169300115399602530,SLH_DSA_PURE_SHA2_128S,0.08532837999518961,0.0018651419086381793,0.6670949159888551,0.0011333739385008812,0.010666965041309595,0.01071805297397077,21.733573290053755,0.4160327635223445,2482153.0,7856.0,32.0,10000.0,True,False
6,21,8461025508408985254,SLH_DSA_PURE_SHA2_128S,0.08040461700875312,0.0013984550023451447,0.630077920970507,0.0012623789953067899,0.011046851053833961,0.01109530997928232,21.659868748043664,0.4170980093399652,2482153.0,7856.0,32.0,10000.0,True,False
6,21,9271363626837488265,SLH_DSA_PURE_SHA2_128S,0.08169458399061114,0.0017301240004599094,0.6280500099528581,0.0011288379319012165,0.010659480933099985,0.010711767943575978,21.631109628942795,0.42458265186689154,2482153.0,7856.0,32.0,10000.0,True,False
6,21,7634825589392091322,SLH_DSA_PURE_SHA2_128S,0.07642256701365113,0.0013983069220557809,0.6011741609545425,0.0010704470332711935,0.010556023917160928,0.010601149057038128,10.824376597069204,0.43201334945286235,2482153.0,7856.0,32.0,10000.0,True,False
6,22,9271363626837488265,SLH_DSA_PURE_SHA2_128S,0.08688208204694092,0.0022985570831224322,0.6342465869383886,0.0010936729377135634,0.010800214018672705,0.01088140404317528,21.837764472933486,0.39834493783097297,2482153.0,7856.0,32.0,10000.0,True,False
6,22,8461025508408985254,SLH_DSA_PURE_SHA2_128S,0.07936667604371905,0.001380434026941657,0.6286724850069731,0.0011117589892819524,0.010905007016845047,0.010953836026601493,22.00582795997616,0.3879624663736112,2482153.0,7856.0,32.0,10000.0,True,False
6,22,10872935227029823233,SLH_DSA_PURE_SHA2_128S,0.12158804398495704,0.0014764349907636642,0.6336936430307105,0.0013332009548321366,0.011671571992337704,0.011718322057276964,21.98706570500508,0.39411196002540305,2482153.0,7856.0,32.0,10000.0,True,False
6,22,5169300115399602530,SLH_DSA_PURE_SHA2_128S,0.15284046297892928,0.001448052003979683,0.67636785202194,0.0011952059576287866,0.010835492983460426,0.010882091941311955,21.907097585964948,0.3986281678080559,2482153.0,7856.0,32.0,10000.0,True,False
6,22,7634825589392091322,SLH_DSA_PURE_SHA2_128S,0.07608571602031589,0.00160321407020092,0.6010500289266929,0.0011473010526970029,0.010914291953667998,0.010958508006297052,10.57261292799376,0.4101634503226168,2482153.0,7856.0,32.0,10000.0,True,False
6,23,8461025508408985254,SLH_DSA_PURE_SHA2_128S,0.16077599092386663,0.00407072901725769,0.6754245049087331,0.001102049951441586,0.010825145989656448,0.01091192802414298,21.43412194994744,0.38651543805679195,2482153.0,7856.0,32.0,10000.0,True,False
6,23,10872935227029823233,SLH_DSA_PURE_SHA2_128S,0.11682355694938451,0.0015194209991022944,0.6274485579924658,0.0010123300598934293,0.010819267015904188,0.010865168063901365,21.651753594982438,0.35724781501812103,2482153.0,7856.0,32.0,10000.0,True,False
6,23,5169300115399602530,SLH_DSA_PURE_SHA2_128S,0.08389662706758827,0.0014229960506781936,0.6654997749719769,0.0011027620639652014,0.010680984007194638,0.010729977046139538,21.69156748102978,0.3883242560580325,2482153.0,7856.0,32.0,10000.0,True,False
6,23,9271363626837488265,SLH_DSA_PURE_SHA2_128S,0.07988836499862373,0.0013836310245096684,0.6312017930904403,0.0010332579258829355,0.01109390496276319,0.011140493908897042,21.72386907308828,0.3729324757207792,2482153.0,7856.0,32.0,10000.0,True,False
6,23,7634825589392091322,SLH_DSA_PURE_SHA2_128S,0.07611017092131078,0.0013640859397128224,0.6002042499603704,0.0010906000388786197,0.010711894021369517,0.010758379008620977,10.786482829018496,0.37442338474082965,2482153.0,7856.0,32.0,10000.0,True,False
6,24,9271363626837488265,SLH_DSA_PURE_SHA2_128S,0.15857632597908378,0.0035790889523923397,0.7457155679585412,0.0011384969111531973,0.010660442989319563,0.010741738951765,21.39071041997522,0.36440794468640136,2482153.0,7856.0,32.0,10000.0,True,False
6,24,10872935227029823233,SLH_DSA_PURE_SHA2_128S,0.11548018793109804,0.0016310050850734115,0.628524758038111,0.0010947980917990208,0.01124126696959138,0.011294428957626224,21.763409327017143,0.34888111943075545,2482153.0,7856.0,32.0,10000.0,True,False
6,24,8461025508408985254,SLH_DSA_PURE_SHA2_128S,0.08439296495635062,0.0015136100118979812,0.6311968100490049,0.0010665560839697719,0.010932452976703644,0.010978393023833632,21.75637471594382,0.3774524552348894,2482153.0,7856.0,32.0,10000.0,True,False
6,24,5169300115399602530,SLH_DSA_PURE_SHA2_128S,0.07936219300609082,0.001411530072800815,0.6285724599147215,0.001190640963613987,0.010802959091961384,0.010854535037651658,21.84893621201627,0.3632430444938687,2482153.0,7856.0,32.0,10000.0,True,False
6,24,7634825589392091322,SLH_DSA_PURE_SHA2_128S,0.07622340298257768,0.0013317710254341364,0.6017914719413966,0.0011205320479348302,0.010809245985001326,0.010855589061975479,10.704092261032201,0.36002029654995416,2482153.0,7856.0,32.0,10000.0,True,False
6,25,9271363626837488265,SLH_DSA_PURE_SHA2_128S,0.08734905393794179,0.0018962499452754855,0.6497965219896287,0.0012232540175318718,0.03180288500152528,0.03190349810756743,21.186125067994,0.34427340376003385,2482153.0,7856.0,32.0,10000.0,True,False
6,25,10872935227029823233,SLH_DSA_PURE_SHA2_128S,0.12770942004863173,0.0014055880019441247,0.6293134129373357,0.0033465769374743104,0.013652484049089253,0.013708075974136591,21.46562711603474,0.32839781551148756,2482153.0,7856.0,32.0,10000.0,True,False
6,25,5169300115399602530,SLH_DSA_PURE_SHA2_128S,0.15919617493636906,0.0016986329574137926,0.6580867690499872,0.001263058977201581,0.01090761402156204,0.010954311001114547,21.312582049053162,0.3412827810766503,2482153.0,7856.0,32.0,10000.0,True,False
6,25,8461025508408985254,SLH_DSA_PURE_SHA2_128S,0.07908464595675468,0.0013778859283775091,0.6301954040536657,0.0012788879685103893,0.011119071044959128,0.011164953000843525,21.44835298100952,0.35725474025542364,2482153.0,7856.0,32.0,10000.0,True,False
6,25,7634825589392091322,SLH_DSA_PURE_SHA2_128S,0.07719381107017398,0.0013503580121323466,0.6043916390044615,0.0012333299964666367,0.011060410994105041,0.011110753985121846,10.81225875299424,0.34801426670475366,2482153.0,7856.0,32.0,10000.0,True,False
6,26,9271363626837488265,SLH_DSA_PURE_SHA2_128S,0.15983735909685493,0.0018261299701407552,0.7242840859107673,0.0012081549502909184,0.011116086971014738,0.011206758092157543,21.544816834968515,0.34135543495809406,2482153.0,7856.0,32.0,10000.0,True,False
6,26,10872935227029823233,SLH_DSA_PURE_SHA2_128S,0.14503349899314344,0.0014904079725965858,0.6300823100609705,0.001144271926023066,0.010709477006457746,0.010761343059130013,21.67918215203099,0.3095981954826048,2482153.0,7856.0,32.0,10000.0,True,False
6,26,8461025508408985254,SLH_DSA_PURE_SHA2_128S,0.08071903802920133,0.0014250929234549403,0.6298001710092649,0.0010758200660347939,0.010814209934324026,0.010863378993235528,21.839901515981182,0.3508194700901072,2482153.0,7856.0,32.0,10000.0,True,False
6,26,5169300115399602530,SLH_DSA_PURE_SHA2_128S,0.09557926491834223,0.0013419949682429433,0.6295138569548726,0.0011917599476873875,0.010793389985337853,0.010845527984201908,21.815870705991983,0.33096654503085554,2482153.0,7856.0,32.0,10000.0,True,False
6,26,7634825589392091322,SLH_DSA_PURE_SHA2_128S,0.0757658319780603,0.0013966179685667157,0.6021300939610228,0.0010762099409475923,0.010783498990349472,0.010831556981429458,10.796071961056441,0.333975015338302,2482153.0,7856.0,32.0,10000.0,True,False
6,27,8461025508408985254,SLH_DSA_PURE_SHA2_128S,0.0875001479871571,0.0016031599370762706,0.6507466360926628,0.001325680990703404,0.010804780991747975,0.010897116968408227,21.40898865100462,0.33088495145542934,2482153.0,7856.0,32.0,10000.0,True,False
6,27,10872935227029823233,SLH_DSA_PURE_SHA2_128S,0.14965324103832245,0.0017438039649277925,0.6629567550262436,0.001047828933224082,0.01120195898693055,0.011246187961660326,21.48394002194982,0.3219827836373458,2482153.0,7856.0,32.0,10000.0,True,False
6,27,5169300115399602530,SLH_DSA_PURE_SHA2_128S,0.09808002097997814,0.0015160639304667711,0.6262720080558211,0.001544244005344808,0.0107228250708431,0.010773835936561227,21.696936449036002,0.3214548188057124,2482153.0,7856.0,32.0,10000.0,True,False
6,27,9271363626837488265,SLH_DSA_PURE_SHA2_128S,0.07959592097904533,0.0013955869944766164,0.6289675970328972,0.0011188460048288107,0.011017943965271115,0.011062834993936121,21.75425648095552,0.3263149033434475,2482153.0,7856.0,32.0,10000.0,True,False
6,27,7634825589392091322,SLH_DSA_PURE_SHA2_128S,0.07602177106309682,0.0013382280012592673,0.599815326044336,0.0013024129439145327,0.010726117994636297,0.010774976923130453,10.949148869025521,0.3020273486134438,2482153.0,7856.0,32.0,10000.0,True,False
6,28,5169300115399602530,SLH_DSA_PURE_SHA2_128S,0.08705547591671348,0.001866959035396576,0.705631825956516,0.0010247529717162251,0.010766963008791208,0.01085108402185142,21.51424385397695,0.3009002165944753,2482153.0,7856.0,32.0,10000.0,True,False
6,28,10872935227029823233,SLH_DSA_PURE_SHA2_128S,0.08560877200216055,0.0018222059588879347,0.6466517898952588,0.0010990670416504145,0.010848785983398557,0.010898115928284824,21.81090212299023,0.29173420281253587,2482153.0,7856.0,32.0,10000.0,True,False
6,28,8461025508408985254,SLH_DSA_PURE_SHA2_128S,0.08493923197966069,0.0014938389649614692,0.6319032369647175,0.0010416459990665317,0.010931205935776234,0.010975694051012397,21.799993227003142,0.305059900681396,2482153.0,7856.0,32.0,10000.0,True,False
6,28,9271363626837488265,SLH_DSA_PURE_SHA2_128S,0.08015380706638098,0.0013486869866028428,0.6273532069753855,0.001057766960002482,0.010940256994217634,0.0109851110028103,21.882290160050616,0.29735290109159085,2482153.0,7856.0,32.0,10000.0,True,False
6,28,7634825589392091322,SLH_DSA_PURE_SHA2_128S,0.0760811660438776,0.0015969909727573395,0.6010309950215742,0.0011197050334885716,0.012203093967400491,0.012245186022482812,10.620705727953464,0.29157617654853735,2482153.0,7856.0,32.0,10000.0,True,False
6,29,5169300115399602530,SLH_DSA_PURE_SHA2_128S,0.082762649981305,0.0014677619328722358,0.6983771619852632,0.0012144630309194326,0.010841287090443075,0.010953465942293406,21.325038342969492,0.3089457071291806,2482153.0,7856.0,32.0,10000.0,True,False
6,29,9271363626837488265,SLH_DSA_PURE_SHA2_128S,0.14907334395684302,0.0013804299524053931,0.7063399510225281,0.001224903971888125,0.011847047018818557,0.011895421077497303,21.337743503041565,0.29755412034851053,2482153.0,7856.0,32.0,10000.0,True,False
6,29,8461025508408985254,SLH_DSA_PURE_SHA2_128S,0.07914845901541412,0.0013934180606156588,0.6936386459274217,0.0011618740390986204,0.011030019028112292,0.011075861053541303,21.43779723404441,0.30442436708185,2482153.0,7856.0,32.0,10000.0,True,False
6,29,10872935227029823233,SLH_DSA_PURE_SHA2_128S,0.11687898403033614,0.001469879993237555,0.8433512470219284,0.0012098380830138922,0.011002672952599823,0.011049624998122454,21.337911645066924,0.2749668563286158,2482153.0,7856.0,32.0,10000.0,True,False
6,29,7634825589392091322,SLH_DSA_PURE_SHA2_128S,0.07610741595271975,0.0013386409264057875,0.6493965279078111,0.0012109390227124095,0.011151440907269716,0.011194808059372008,10.593357298988849,0.28521401819418934,2482153.0,7856.0,32.0,10000.0,True,False
6,30,8461025508408985254,SLH_DSA_PURE_SHA2_128S,0.14619921299163252,0.001818759017623961,0.6749273649184033,0.0010514899622648954,0.01092398096807301,0.011032368056476116,21.576563143054955,0.310439910285157,2482153.0,7856.0,32.0,10000.0,True,False
6,30,5169300115399602530,SLH_DSA_PURE_SHA2_128S,0.0857369020814076,0.00203774799592793,0.6399343580706045,0.001119381980970502,0.010963575099594891,0.011019361088983715,21.791386970086023,0.2977609743175213,2482153.0,7856.0,32.0,10000.0,True,False
6,30,10872935227029823233,SLH_DSA_PURE_SHA2_128S,0.0853782850317657,0.0016070010606199503,0.6320271310396492,0.0010648909956216812,0.0108976059127599,0.010944652953185141,21.849681884981692,0.26519373331082086,2482153.0,7856.0,32.0,10000.0,True,False
6,30,9271363626837488265,SLH_DSA_PURE_SHA2_128S,0.07977274293079972,0.0013367289211601019,0.6269862320041284,0.001080609974451363,0.011103752069175243,0.011154675972647965,21.95106355799362,0.26973495381057094,2482153.0,7856.0,32.0,10000.0,True,False
6,30,7634825589392091322,SLH_DSA_PURE_SHA2_128S,0.0763094580033794,0.0013947959523648024,0.5984203820116818,0.0011459420202299953,0.010696915094740689,0.010741153033450246,10.750635082018562,0.28267723834439634,2482153.0,7856.0,32.0,10000.0,True,False
7,1,3924907995072381140,SLH_DSA_PURE_SHA2_128S,0.15292901394423097,0.001833994989283383,0.7852448750054464,0.0011274210410192609,0.010866348049603403,0.01099735009483993,21.320308433030732,1.8713964399057454,2482153.0,7856.0,32.0,10000.0,True,False
7,1,1569410296315975700,SLH_DSA_PURE_SHA2_128S,0.160466433968395,0.0028413559775799513,1.0972893829457462,0.0010814020643010736,0.01108433201443404,0.011178861022926867,21.368358897976577,1.95971081203546,2482153.0,7856.0,32.0,10000.0,True,False
7,1,1377035699800630558,SLH_DSA_PURE_SHA2_128S,0.09399857698008418,0.0017434480832889676,0.634710859041661,0.0010572040919214487,0.010766971972770989,0.010815514018759131,21.66424337308854,1.8567343778884449,2482153.0,7856.0,32.0,10000.0,True,False
7,1,9482418115293836347,SLH_DSA_PURE_SHA2_128S,0.18347377004101872,0.0017992280190810561,0.7739837430417538,0.001098430948331952,0.010897386935539544,0.010949930059723556,21.60967536899261,1.9646249499183874,2482153.0,7856.0,32.0,10000.0,True,False
7,1,17453022494065398452,SLH_DSA_PURE_SHA2_128S,0.07832674006931484,0.0014751889975741506,0.61566375894472,0.001095772022381425,0.010681715095415711,0.010731042013503611,10.474970408948138,1.9664205918296838,2482153.0,7856.0,32.0,10000.0,True,False
7,2,1569410296315975700,SLH_DSA_PURE_SHA2_128S,0.14146010694094002,0.002545379917137325,0.6902751669986174,0.001124165952205658,0.010746630025096238,0.010838335030712187,21.262502735015005,1.629765320128907,2482153.0,7856.0,32.0,10000.0,True,False
7,2,9482418115293836347,SLH_DSA_PURE_SHA2_128S,0.07960384001489729,0.0013938250485807657,0.6307323429500684,0.0019046548986807466,0.010685259941965342,0.010742070968262851,21.71177649695892,1.6614355134506957,2482153.0,7856.0,32.0,10000.0,True,False
7,2,3924907995072381140,SLH_DSA_PURE_SHA2_128S,0.08139134803786874,0.0013972120359539986,0.6295309590641409,0.0014036130160093307,0.010974182980135083,0.011039895005524158,21.679330399958417,1.6830276871641603,2482153.0,7856.0,32.0,10000.0,True,False
7,2,1377035699800630558,SLH_DSA_PURE_SHA2_128S,0.11785227805376053,0.0014353999868035316,0.6605538699077442,0.0012674219906330109,0.010816936031915247,0.010879301000386477,21.629737916053273,1.6590292918415497,2482153.0,7856.0,32.0,10000.0,True,False
7,2,17453022494065398452,SLH_DSA_PURE_SHA2_128S,0.07653429999481887,0.0016901750350371003,0.5996645770501345,0.0010905960807576776,0.010780422948300838,0.010828370926901698,10.550609720987268,1.6652669521947256,2482153.0,7856.0,32.0,10000.0,True,False
7,3,9482418115293836347,SLH_DSA_PURE_SHA2_128S,0.14583230600692332,0.002352791023440659,0.6850417669629678,0.0011008509900420904,0.010933761019259691,0.011016406933777034,21.449427637038752,1.4779468561513736,2482153.0,7856.0,32.0,10000.0,True,False
7,3,1377035699800630558,SLH_DSA_PURE_SHA2_128S,0.1147139510139823,0.0014847819693386555,0.629426582949236,0.0011122439755126834,0.010706103057600558,0.010757977957837284,21.63804051990155,1.4748346546587472,2482153.0,7856.0,32.0,10000.0,True,False
7,3,3924907995072381140,SLH_DSA_PURE_SHA2_128S,0.08085657993797213,0.0013239509426057339,0.635270721046254,0.001070925034582615,0.01078713103197515,0.010830693994648755,21.7246718009701,1.466527402781831,2482153.0,7856.0,32.0,10000.0,True,False
7,3,1569410296315975700,SLH_DSA_PURE_SHA2_128S,0.0806761150015518,0.0013581659877672791,0.6290477669099346,0.001104287919588387,0.010807469952851534,0.010855334927327931,21.700650037033483,1.4655430813947805,2482153.0,7856.0,32.0,10000.0,True,False
7,3,17453022494065398452,SLH_DSA_PURE_SHA2_128S,0.07607888500206172,0.0013072130968794227,0.5994951209286228,0.0011134069645777345,0.010730898939073086,0.010775990900583565,10.559165525948629,1.4664858421578575,2482153.0,7856.0,32.0,10000.0,True,False
7,4,1569410296315975700,SLH_DSA_PURE_SHA2_128S,0.169900264008902,0.0015889200149104,0.629459029994905,0.0010720250429585576,0.010842318064533174,0.010926748043857515,21.663237852044404,1.340193157378858,2482153.0,7856.0,32.0,10000.0,True,False
7,4,1377035699800630558,SLH_DSA_PURE_SHA2_128S,0.17572846298571676,0.0017898950027301908,0.669592642923817,0.0010938920313492417,0.010841308045201004,0.010893453960306942,21.65251635306049,1.3471383168674504,2482153.0,7856.0,32.0,10000.0,True,False
7,4,3924907995072381140,SLH_DSA_PURE_SHA2_128S,0.0848295820178464,0.001718867919407785,0.6302453869720921,0.0010460419580340385,0.01069119106978178,0.010736619005911052,21.790485854959115,1.338677964461878,2482153.0,7856.0,32.0,10000.0,True,False
7,4,9482418115293836347,SLH_DSA_PURE_SHA2_128S,0.08015774597879499,0.0014210290974006057,0.6296351740602404,0.0010823520133271813,0.010739885969087481,0.010792243061587214,21.821071443031542,1.3468693073946065,2482153.0,7856.0,32.0,10000.0,True,False
7,4,17453022494065398452,SLH_DSA_PURE_SHA2_128S,0.07645722897723317,0.0013293639058247209,0.6005931909894571,0.0012836649548262358,0.010787738021463156,0.010833562002517283,10.467978739994578,1.3454476408303355,2482153.0,7856.0,32.0,10000.0,True,False
7,5,3924907995072381140,SLH_DSA_PURE_SHA2_128S,0.14879825804382563,0.003554847091436386,0.7779414179967716,0.0011826949194073677,0.011072402936406434,0.011171206017024815,21.074311621952802,1.228166437377564,2482153.0,7856.0,32.0,10000.0,True,False
7,5,1377035699800630558,SLH_DSA_PURE_SHA2_128S,0.08449952898081392,0.0017908229492604733,0.6880327739054337,0.0011982889845967293,0.011361723067238927,0.011409981059841812,21.54314084595535,1.23930149146924,2482153.0,7856.0,32.0,10000.0,True,False
7,5,9482418115293836347,SLH_DSA_PURE_SHA2_128S,0.08594176592305303,0.0018688830314204097,0.9112064010696486,0.0014399330830201507,0.011026856955140829,0.011077599017880857,21.373746823053807,1.2250516205169142,2482153.0,7856.0,32.0,10000.0,True,False
7,5,1569410296315975700,SLH_DSA_PURE_SHA2_128S,0.0798180759884417,0.0013479850022122264,0.6907197670079768,0.0014174369862303138,0.011199592961929739,0.011256678961217403,21.758026815019548,1.213897465707395,2482153.0,7856.0,32.0,10000.0,True,False
7,5,17453022494065398452,SLH_DSA_PURE_SHA2_128S,0.07633256400004029,0.0013952170265838504,0.6422873269766569,0.0012337199877947569,0.011031184927560389,0.011081294971518219,10.400467791012488,1.2315928119059187,2482153.0,7856.0,32.0,10000.0,True,False
7,6,3924907995072381140,SLH_DSA_PURE_SHA2_128S,0.14200065797194839,0.00383889302611351,0.7710195669205859,0.0010324110044166446,0.010782840079627931,0.010861795046366751,21.46821382502094,1.134160922072566,2482153.0,7856.0,32.0,10000.0,True,False
7,6,1569410296315975700,SLH_DSA_PURE_SHA2_128S,0.0855983579531312,0.0019158059731125832,0.638827032991685,0.0013474919833242893,0.011171116959303617,0.011222862987779081,21.722254485008307,1.114945829485933,2482153.0,7856.0,32.0,10000.0,True,False
7,6,1377035699800630558,SLH_DSA_PURE_SHA2_128S,0.07988257904071361,0.0016747319605201483,0.6286431689513847,0.0010539080249145627,0.010798232047818601,0.010843600030057132,21.91825060802512,1.1352777083080037,2482153.0,7856.0,32.0,10000.0,True,False
7,6,9482418115293836347,SLH_DSA_PURE_SHA2_128S,0.10040072700940073,0.0016428249655291438,0.6259782110573724,0.0013301459839567542,0.010692919953726232,0.010741527075879276,21.917182603036053,1.131218736925826,2482153.0,7856.0,32.0,10000.0,True,False
7,6,17453022494065398452,SLH_DSA_PURE_SHA2_128S,0.07620071701239794,0.001352073042653501,0.601569602964446,0.0010542100062593818,0.0107263590907678,0.010771858971565962,10.346809968003072,1.1343617180284982,2482153.0,7856.0,32.0,10000.0,True,False
7,7,1569410296315975700,SLH_DSA_PURE_SHA2_128S,0.08656442596111447,0.0016256649978458881,0.6435833499999717,0.0011286820517852902,0.010737171047367156,0.010832543019205332,21.622947431984358,1.0374415153131697,2482153.0,7856.0,32.0,10000.0,True,False
7,7,1377035699800630558,SLH_DSA_PURE_SHA2_128S,0.08586984500288963,0.001748280948959291,0.6559600350446999,0.0011196130653843284,0.010895602055825293,0.010946058086119592,21.62518291908782,1.057250316150653,2482153.0,7856.0,32.0,10000.0,True,False
7,7,3924907995072381140,SLH_DSA_PURE_SHA2_128S,0.08092889899853617,0.0014913019258528948,0.6279828309779987,0.0013706410536542535,0.010757506941445172,0.010809568921104074,21.84041398903355,1.042065569101431,2482153.0,7856.0,32.0,10000.0,True,False
7,7,9482418115293836347,SLH_DSA_PURE_SHA2_128S,0.08053629100322723,0.001615638961084187,0.631004630937241,0.001114712911657989,0.01107142900582403,0.011122171999886632,21.89154750201851,1.0480219749406503,2482153.0,7856.0,32.0,10000.0,True,False
7,7,17453022494065398452,SLH_DSA_PURE_SHA2_128S,0.07726726296823472,0.0013438969617709517,0.6004743560915813,0.0010959469946101308,0.010950771975331008,0.01099750108551234,10.535925760050304,1.0580377017918485,2482153.0,7856.0,32.0,10000.0,True,False
7,8,3924907995072381140,SLH_DSA_PURE_SHA2_128S,0.08669020002707839,0.002291223034262657,0.6515490839956328,0.0010920190252363682,0.010769454995170236,0.010851131984964013,21.969751705997624,0.9804050452031267,2482153.0,7856.0,32.0,10000.0,True,False
7,8,9482418115293836347,SLH_DSA_PURE_SHA2_128S,0.10809040197636932,0.002392653957940638,0.6378642229828984,0.0012933409307152033,0.010673108045011759,0.010722604929469526,21.912652972037904,0.9604599578692891,2482153.0,7856.0,32.0,10000.0,True,False
7,8,1377035699800630558,SLH_DSA_PURE_SHA2_128S,0.08001463999971747,0.001382041024044156,0.6283263489603996,0.0010765839833766222,0.010718756006099284,0.010762644931674004,22.13181164697744,0.9669809474731786,2482153.0,7856.0,32.0,10000.0,True,False
7,8,1569410296315975700,SLH_DSA_PURE_SHA2_128S,0.08114968694280833,0.0017637109849601984,0.6289621259784326,0.0014961559791117907,0.010741537087596953,0.010793115943670273,22.107941829948686,0.9727451401396682,2482153.0,7856.0,32.0,10000.0,True,False
7,8,17453022494065398452,SLH_DSA_PURE_SHA2_128S,0.07633210392668843,0.0013843959895893931,0.6034384749364108,0.001033815904520452,0.010694713913835585,0.010738935088738799,10.396371648996137,0.970942327580132,2482153.0,7856.0,32.0,10000.0,True,False
7,9,1377035699800630558,SLH_DSA_PURE_SHA2_128S,0.10755091905593872,0.0015125839272513986,0.6305040189763531,0.001111655030399561,0.010646263021044433,0.010732038994319737,21.677376291016117,0.9162002111585758,2482153.0,7856.0,32.0,10000.0,True,False
7,9,1569410296315975700,SLH_DSA_PURE_SHA2_128S,0.16100557101890445,0.0027874240186065435,0.6774641320807859,0.0011479109525680542,0.010862907976843417,0.010911789955571294,21.391802516998723,0.8921607583285139,2482153.0,7856.0,32.0,10000.0,True,False
7,9,3924907995072381140,SLH_DSA_PURE_SHA2_128S,0.07937333988957107,0.0013446760131046176,0.6293762200511992,0.0013779449509456754,0.010796613991260529,0.010845351032912731,21.596486508031376,0.9042628447468669,2482153.0,7856.0,32.0,10000.0,True,False
7,9,9482418115293836347,SLH_DSA_PURE_SHA2_128S,0.13555743196047843,0.0016604949487373233,0.6486192450392991,0.0011513580102473497,0.0107450409559533,0.010794527013786137,21.530913150985725,0.9023729337099642,2482153.0,7856.0,32.0,10000.0,True,False
7,9,17453022494065398452,SLH_DSA_PURE_SHA2_128S,0.07564747100695968,0.001328865997493267,0.6010409520240501,0.0011246720096096396,0.010857040993869305,0.010903756017796695,10.736544857965782,0.9080685867478673,2482153.0,7856.0,32.0,10000.0,True,False
7,10,1569410296315975700,SLH_DSA_PURE_SHA2_128S,0.1474144400563091,0.0026785889640450478,0.8087218319997191,0.0011096149682998657,0.010766376974061131,0.010845530079677701,21.786439088988118,0.8437831345648049,2482153.0,7856.0,32.0,10000.0,True,False
7,10,3924907995072381140,SLH_DSA_PURE_SHA2_128S,0.08710056904237717,0.0017512330086901784,0.6460544370347634,0.001138265011832118,0.010694007971324027,0.010742568993009627,22.032277191989124,0.8474177846702905,2482153.0,7856.0,32.0,10000.0,True,False
7,10,1377035699800630558,SLH_DSA_PURE_SHA2_128S,0.09778365504462272,0.0015810920158401132,0.657693321001716,0.0010458099422976375,0.010778232011944056,0.010821815929375589,22.167084836983122,0.8578294560360832,2482153.0,7856.0,32.0,10000.0,True,False
7,10,9482418115293836347,SLH_DSA_PURE_SHA2_128S,0.08025075099430978,0.0013684019213542342,0.6246542599983513,0.0010692729847505689,0.010813224944286048,0.010861283983103931,22.37749453901779,0.8425939136419814,2482153.0,7856.0,32.0,10000.0,True,False
7,10,17453022494065398452,SLH_DSA_PURE_SHA2_128S,0.07605809404049069,0.0013413199922069907,0.6005078230518848,0.0010600619716569781,0.012114404002204537,0.012159509002231061,10.845643148059025,0.8379623824224686,2482153.0,7856.0,32.0,10000.0,True,False
7,11,1569410296315975700,SLH_DSA_PURE_SHA2_128S,0.15049816202372313,0.0015912740491330624,0.8577388470293954,0.0010139918886125088,0.010746949003078043,0.01082594902254641,21.385072242002934,0.763648342400694,2482153.0,7856.0,32.0,10000.0,True,False
7,11,1377035699800630558,SLH_DSA_PURE_SHA2_128S,0.08650257298722863,0.0015501669840887189,0.695816467050463,0.0010643540881574154,0.010814085020683706,0.010864532901905477,21.724545033997856,0.8008741478379161,2482153.0,7856.0,32.0,10000.0,True,False
7,11,3924907995072381140,SLH_DSA_PURE_SHA2_128S,0.0839301620144397,0.0017936630174517632,0.6323746130801737,0.0010593889746814966,0.010797692113555968,0.010843476047739387,22.01375132193789,0.7799192678433257,2482153.0,7856.0,32.0,10000.0,True,False
7,11,9482418115293836347,SLH_DSA_PURE_SHA2_128S,0.07985728199128062,0.0013679389376193285,0.6225659099873155,0.0010999960359185934,0.010751653928309679,0.010798712028190494,22.204206126974896,0.7673633907930538,2482153.0,7856.0,32.0,10000.0,True,False
7,11,17453022494065398452,SLH_DSA_PURE_SHA2_128S,0.0763899190351367,0.0013324370374903083,0.6029454789822921,0.0010871910490095615,0.010999482008628547,0.011046572006307542,10.502621731022373,0.7863910982783991,2482153.0,7856.0,32.0,10000.0,True,False
7,12,3924907995072381140,SLH_DSA_PURE_SHA2_128S,0.15580566704738885,0.0025474820286035538,0.7335900729522109,0.0011255639838054776,0.010717383935116231,0.010803372017107904,21.501152549055405,0.7264302748555954,2482153.0,7856.0,32.0,10000.0,True,False
7,12,1569410296315975700,SLH_DSA_PURE_SHA2_128S,0.16618027503136545,0.0014691230608150363,0.6277674599550664,0.0010970199946314096,0.010766557999886572,0.010815971996635199,21.789171447977424,0.7089682038599691,2482153.0,7856.0,32.0,10000.0,True,False
7,12,1377035699800630558,SLH_DSA_PURE_SHA2_128S,0.07925042207352817,0.001467603025957942,0.6300593180349097,0.0013900210615247488,0.010720491991378367,0.010767832980491221,21.902093433891423,0.7316999430664051,2482153.0,7856.0,32.0,10000.0,True,False
7,12,9482418115293836347,SLH_DSA_PURE_SHA2_128S,0.14241164596751332,0.001606635982170701,0.6459797360002995,0.001095550018362701,0.010744127910584211,0.010789097985252738,21.83922792598605,0.7184581274327378,2482153.0,7856.0,32.0,10000.0,True,False
7,12,17453022494065398452,SLH_DSA_PURE_SHA2_128S,0.07659241592045873,0.001362712006084621,0.6010209519881755,0.0011127750622108579,0.010806795093230903,0.010853454936295748,10.559823515941389,0.7131690073984499,2482153.0,7856.0,32.0,10000.0,True,False
7,13,3924907995072381140,SLH_DSA_PURE_SHA2_128S,0.15721116994973272,0.0018164420034736395,0.6942398649407551,0.0010232359636574984,0.010681757004931569,0.0107582479249686,21.00978746509645,0.7016642503083323,2482153.0,7856.0,32.0,10000.0,True,False
7,13,1377035699800630558,SLH_DSA_PURE_SHA2_128S,0.08554747805465013,0.001958161941729486,0.6326747050043195,0.0012012759689241648,0.011410971987061203,0.011462039081379771,21.444911847938783,0.6824446026319132,2482153.0,7856.0,32.0,10000.0,True,False
7,13,1569410296315975700,SLH_DSA_PURE_SHA2_128S,0.07984064891934395,0.0015996990259736776,0.6441233990481123,0.0011012700852006674,0.010704169049859047,0.01074862398672849,21.50156586803496,0.6611466841242565,2482153.0,7856.0,32.0,10000.0,True,False
7,13,9482418115293836347,SLH_DSA_PURE_SHA2_128S,0.08102982398122549,0.001481205108575523,0.6294290230143815,0.0010818729642778635,0.010763696976937354,0.010811115964315832,21.456055672024377,0.6658589446696991,2482153.0,7856.0,32.0,10000.0,True,False
7,13,17453022494065398452,SLH_DSA_PURE_SHA2_128S,0.07614309398923069,0.0013654170325025916,0.600975731969811,0.0010611090110614896,0.010711195063777268,0.01075652102008462,10.389570571947843,0.6811733873793111,2482153.0,7856.0,32.0,10000.0,True,False
7,14,1569410296315975700,SLH_DSA_PURE_SHA2_128S,0.08691506495233625,0.0017955160001292825,0.6373242490226403,0.0010438429890200496,0.010813185013830662,0.010892604943364859,22.123264985973947,0.6215907985838457,2482153.0,7856.0,32.0,10000.0,True,False
7,14,3924907995072381140,SLH_DSA_PURE_SHA2_128S,0.1420716040302068,0.003123924951069057,0.709142041974701,0.001078822067938745,0.010751800029538572,0.010800215997733176,21.955751870991662,0.6435469888602964,2482153.0,7856.0,32.0,10000.0,True,False
7,14,1377035699800630558,SLH_DSA_PURE_SHA2_128S,0.08532118902076036,0.0018989219097420573,0.6351213860325515,0.0010591140016913414,0.010731450049206614,0.0107764289714396,21.99618963501416,0.6413252656214153,2482153.0,7856.0,32.0,10000.0,True,False
7,14,9482418115293836347,SLH_DSA_PURE_SHA2_128S,0.07997400499880314,0.0013604899868369102,0.6504512160317972,0.0010686370078474283,0.01080066803842783,0.010845836019143462,22.194896756089292,0.615595612520227,2482153.0,7856.0,32.0,10000.0,True,False
7,14,17453022494065398452,SLH_DSA_PURE_SHA2_128S,0.07680416805669665,0.0013535380130633712,0.6029734939802438,0.0010164249688386917,0.010697001009248197,0.010738522047176957,10.529315756051801,0.6337122847906317,2482153.0,7856.0,32.0,10000.0,True,False
7,15,3924907995072381140,SLH_DSA_PURE_SHA2_128S,0.15760750498156995,0.003997502964921296,0.68712300399784,0.0010638490784913301,0.010877738008275628,0.010957511025480926,21.684937371057458,0.6069228931809195,2482153.0,7856.0,32.0,10000.0,True,False
7,15,1569410296315975700,SLH_DSA_PURE_SHA2_128S,0.08513019909150898,0.0016465999651700258,0.6546835938934237,0.0011275439755991101,0.011280269944109023,0.011327874031849205,21.94628469098825,0.5948299056472489,2482153.0,7856.0,32.0,10000.0,True,False
7,15,1377035699800630558,SLH_DSA_PURE_SHA2_128S,0.16126043803524226,0.0020615829853340983,0.8676409099716693,0.0013084689853712916,0.010809852974489331,0.01088151999283582,21.886183605063707,0.6102446268874997,2482153.0,7856.0,32.0,10000.0,True,False
7,15,9482418115293836347,SLH_DSA_PURE_SHA2_128S,0.11514144402462989,0.0016619960078969598,0.62197524192743,0.0010995770571753383,0.010895020910538733,0.010941501008346677,22.44394226395525,0.577642348175422,2482153.0,7856.0,32.0,10000.0,True,False
7,15,17453022494065398452,SLH_DSA_PURE_SHA2_128S,0.07608142693061382,0.0013878580648452044,0.6039108569966629,0.0011297110468149185,0.010867194039747119,0.010914123035036027,10.563976361998357,0.5842373248296805,2482153.0,7856.0,32.0,10000.0,True,False
7,16,9482418115293836347,SLH_DSA_PURE_SHA2_128S,0.08702687197364867,0.00215909699909389,0.6752423950238153,0.0010298010893166065,0.010720368940383196,0.010798983974382281,21.53834208799526,0.5402566266897768,2482153.0,7856.0,32.0,10000.0,True,False
7,16,1377035699800630558,SLH_DSA_PURE_SHA2_128S,0.08597328199539334,0.0013912329450249672,0.6322190549690276,0.001142670982517302,0.011433363077230752,0.01148404204286635,22.200772747048177,0.5693009506208828,2482153.0,7856.0,32.0,10000.0,True,False
7,16,3924907995072381140,SLH_DSA_PURE_SHA2_128S,0.13640295690856874,0.0013538900529965758,0.6319372850703076,0.0010546270059421659,0.010961082996800542,0.01100469205994159,22.09663216106128,0.5681662032017692,2482153.0,7856.0,32.0,10000.0,True,False
7,16,1569410296315975700,SLH_DSA_PURE_SHA2_128S,0.08457548299338669,0.0015339469537138939,0.6303307570051402,0.0010521509684622288,0.010969991097226739,0.011015212978236377,22.124335985979997,0.5613944440270765,2482153.0,7856.0,32.0,10000.0,True,False
7,16,17453022494065398452,SLH_DSA_PURE_SHA2_128S,0.07636601594276726,0.0013317330740392208,0.598842296982184,0.0011018159566447139,0.010668362956494093,0.010711828013882041,10.647630937979557,0.5533524852353163,2482153.0,7856.0,32.0,10000.0,True,False
7,17,9482418115293836347,SLH_DSA_PURE_SHA2_128S,0.16147161298431456,0.001871410058811307,0.7201126309810206,0.0010603340342640877,0.010736164986155927,0.01082826394122094,21.45908065594267,0.5195370133811483,2482153.0,7856.0,32.0,10000.0,True,False
7,17,3924907995072381140,SLH_DSA_PURE_SHA2_128S,0.10850954602938145,0.002243608934804797,0.6736097360262647,0.0011100679403170943,0.01069280703086406,0.010736960917711258,21.394353984040208,0.532878115987435,2482153.0,7856.0,32.0,10000.0,True,False
7,17,1377035699800630558,SLH_DSA_PURE_SHA2_128S,0.080667122034356,0.0014477260410785675,0.6288054400356486,0.0010208790190517902,0.010755038005299866,0.010797243099659681,21.550071228062734,0.5286755437929981,2482153.0,7856.0,32.0,10000.0,True,False
7,17,1569410296315975700,SLH_DSA_PURE_SHA2_128S,0.09603878401685506,0.0013789189979434013,0.628006953978911,0.0010778600117191672,0.010687206988222897,0.010731141082942486,21.82684092898853,0.5244150714228709,2482153.0,7856.0,32.0,10000.0,True,False
7,17,17453022494065398452,SLH_DSA_PURE_SHA2_128S,0.07606833300087601,0.0012878980487585068,0.6007491379277781,0.001104433904401958,0.01100773096550256,0.011054607923142612,10.623873631004244,0.5182827783944889,2482153.0,7856.0,32.0,10000.0,True,False
7,18,9482418115293836347,SLH_DSA_PURE_SHA2_128S,0.15481830295175314,0.0030122239841148257,0.9123307779664174,0.0010992869501933455,0.010774075984954834,0.010851202998310328,22.13995382899884,0.48321336514938373,2482153.0,7856.0,32.0,10000.0,True,False
7,18,1569410296315975700,SLH_DSA_PURE_SHA2_128S,0.166750367032364,0.0026799809420481324,0.7064034129725769,0.0013208519667387009,0.01074822002556175,0.010798958945088089,22.312498399987817,0.4797433792068935,2482153.0,7856.0,32.0,10000.0,True,False
7,18,3924907995072381140,SLH_DSA_PURE_SHA2_128S,0.07943657296709716,0.0014042779803276062,0.6300639100372791,0.0010420799953863025,0.010790999047458172,0.010834087966941297,22.618443352985196,0.5090731440927274,2482153.0,7856.0,32.0,10000.0,True,False
7,18,1377035699800630558,SLH_DSA_PURE_SHA2_128S,0.18448495399206877,0.0015848450129851699,0.8145622130250558,0.0013122690143063664,0.010691623901948333,0.010739322984591126,22.475683064898476,0.4996009484742777,2482153.0,7856.0,32.0,10000.0,True,False
7,18,17453022494065398452,SLH_DSA_PURE_SHA2_128S,0.07635287393350154,0.0013323189923539758,0.6173154729185626,0.001123315072618425,0.010752392932772636,0.010796910966746509,10.62508935004007,0.4741969024673247,2482153.0,7856.0,32.0,10000.0,True,False
7,19,9482418115293836347,SLH_DSA_PURE_SHA2_128S,0.16020503209438175,0.003079841029830277,0.7774281679885462,0.0010927009861916304,0.010881801950745285,0.010961087071336806,21.754851904930547,0.44251678689433555,2482153.0,7856.0,32.0,10000.0,True,False
7,19,1377035699800630558,SLH_DSA_PURE_SHA2_128S,0.09233302203938365,0.001870947889983654,0.6768898689188063,0.0011098249815404415,0.010743068996816874,0.010790483909659088,22.119872040930204,0.46753295373540527,2482153.0,7856.0,32.0,10000.0,True,False
7,19,3924907995072381140,SLH_DSA_PURE_SHA2_128S,0.11386101902462542,0.002168885082937777,0.6279351089615375,0.0013432350242510438,0.01082648802548647,0.0108717349357903,22.141091109020635,0.48175912764601814,2482153.0,7856.0,32.0,10000.0,True,False
7,19,1569410296315975700,SLH_DSA_PURE_SHA2_128S,0.07918613799847662,0.002201993949711323,0.6270628300262615,0.001145693939179182,0.010676066973246634,0.010721122031100094,22.175869001075625,0.4719061838022579,2482153.0,7856.0,32.0,10000.0,True,False
7,19,17453022494065398452,SLH_DSA_PURE_SHA2_128S,0.07603996596299112,0.0015556539874523878,0.6000305430497974,0.001102656009607017,0.010710292030125856,0.010757162934169173,10.655381008982658,0.452084213447647,2482153.0,7856.0,32.0,10000.0,True,False
7,20,1569410296315975700,SLH_DSA_PURE_SHA2_128S,0.14540728996507823,0.0022903200006112456,0.6683393929852173,0.001094053965061903,0.01078240608330816,0.01086070598103106,21.790893190074712,0.43289243973815406,2482153.0,7856.0,32.0,10000.0,True,False
7,20,3924907995072381140,SLH_DSA_PURE_SHA2_128S,0.08637548901606351,0.002786403987556696,0.7510545179247856,0.001328074955381453,0.010690146940760314,0.010739192017354071,21.757191451033577,0.46432874573710053,2482153.0,7856.0,32.0,10000.0,True,False
7,20,9482418115293836347,SLH_DSA_PURE_SHA2_128S,0.09045403299387544,0.0015260940417647362,0.6309918130282313,0.0010716120013967156,0.010691090021282434,0.010733481030911207,22.061766049009748,0.4326338692547414,2482153.0,7856.0,32.0,10000.0,True,False
7,20,1377035699800630558,SLH_DSA_PURE_SHA2_128S,0.08004478109069169,0.0016403590561822057,0.6248062090016901,0.0012701250379905105,0.01064896397292614,0.010694877011701465,22.200394384912215,0.4440517584784343,2482153.0,7856.0,32.0,10000.0,True,False
7,20,17453022494065398452,SLH_DSA_PURE_SHA2_128S,0.07596110308077186,0.001351312967017293,0.6003391580889001,0.0010470750275999308,0.01077409996651113,0.010816499008797109,10.559071790077724,0.4319448699228489,2482153.0,7856.0,32.0,10000.0,True,False
7,21,1377035699800630558,SLH_DSA_PURE_SHA2_128S,0.08396766800433397,0.0018316629575565457,0.6555035359924659,0.001109672011807561,0.010878465021960437,0.010968763031996787,22.1731567439856,0.43122433286945755,2482153.0,7856.0,32.0,10000.0,True,False
7,21,3924907995072381140,SLH_DSA_PURE_SHA2_128S,0.1591899540508166,0.0027518809074535966,0.6889247470535338,0.00129966891836375,0.010711284005083144,0.010758564923889935,21.930726396036334,0.43065936425432993,2482153.0,7856.0,32.0,10000.0,True,False
7,21,1569410296315975700,SLH_DSA_PURE_SHA2_128S,0.1464267699047923,0.002709893975406885,0.740871349000372,0.0013484369264915586,0.010739541961811483,0.010792084969580173,21.960058953030966,0.41044741950500696,2482153.0,7856.0,32.0,10000.0,True,False
7,21,9482418115293836347,SLH_DSA_PURE_SHA2_128S,0.08007560996338725,0.0013682410353794694,0.629435649025254,0.0010947579285129905,0.010713941999711096,0.01076017995364964,22.356706570950337,0.41286949691371605,2482153.0,7856.0,32.0,10000.0,True,False
7,21,17453022494065398452,SLH_DSA_PURE_SHA2_128S,0.07646667305380106,0.0013225729344412684,0.6042471820255741,0.0012026129988953471,0.010644168010912836,0.010689240065403283,10.682921567931771,0.3890978123742742,2482153.0,7856.0,32.0,10000.0,True,False
7,22,9482418115293836347,SLH_DSA_PURE_SHA2_128S,0.08701401099096984,0.0018717290367931128,0.6465020079631358,0.0010702830040827394,0.010908399010077119,0.010987787041813135,22.12990634003654,0.3766414045859069,2482153.0,7856.0,32.0,10000.0,True,False
7,22,3924907995072381140,SLH_DSA_PURE_SHA2_128S,0.1311339089879766,0.0016035449225455523,0.6410064770607278,0.0013619589153677225,0.010738476063124835,0.010797145077958703,22.2300643469207,0.41328802301932255,2482153.0,7856.0,32.0,10000.0,True,False
7,22,1377035699800630558,SLH_DSA_PURE_SHA2_128S,0.0847114430507645,0.0015353430062532425,0.637998057063669,0.0010816750582307577,0.011015249998308718,0.011057481984607875,22.262454514042474,0.3934988970734393,2482153.0,7856.0,32.0,10000.0,True,False
7,22,1569410296315975700,SLH_DSA_PURE_SHA2_128S,0.0798146560555324,0.0013479490298777819,0.624221937963739,0.0013851890107616782,0.010817197035066783,0.010865937918424606,22.507572834962048,0.3956606067693272,2482153.0,7856.0,32.0,10000.0,True,False
7,22,17453022494065398452,SLH_DSA_PURE_SHA2_128S,0.07568382995668799,0.0013235369697213173,0.6019579990534112,0.0010247339960187674,0.011326895910315216,0.011369936051778495,11.023810365004465,0.37963318296324333,2482153.0,7856.0,32.0,10000.0,True,False
7,23,1377035699800630558,SLH_DSA_PURE_SHA2_128S,0.14506720402278006,0.0014395429752767086,0.6279000219656155,0.0010896429885178804,0.010855350992642343,0.010951359989121556,22.024974126019515,0.36596113352622756,2482153.0,7856.0,32.0,10000.0,True,False
7,23,9482418115293836347,SLH_DSA_PURE_SHA2_128S,0.09608354803640395,0.0013858109014108777,0.6296215170295909,0.001049633021466434,0.010750522022135556,0.010795495007187128,22.148466565995477,0.37875384761812014,2482153.0,7856.0,32.0,10000.0,True,False
7,23,1569410296315975700,SLH_DSA_PURE_SHA2_128S,0.08015844109468162,0.001436250051483512,0.6297372239641845,0.0013503769878298044,0.010674922028556466,0.010720483027398586,22.133347388007678,0.36935825358418684,2482153.0,7856.0,32.0,10000.0,True,False
7,23,3924907995072381140,SLH_DSA_PURE_SHA2_128S,0.08252744900528342,0.0014025269774720073,0.6305000130087137,0.0010691160568967462,0.010923031019046903,0.010969269904308021,22.118826185003854,0.3880211955454117,2482153.0,7856.0,32.0,10000.0,True,False
7,23,17453022494065398452,SLH_DSA_PURE_SHA2_128S,0.07610732002649456,0.0013784130569547415,0.6012567480793223,0.0011272890260443091,0.010822628973983228,0.0108674579532817,10.708010751055554,0.3616755757117852,2482153.0,7856.0,32.0,10000.0,True,False
7,24,9482418115293836347,SLH_DSA_PURE_SHA2_128S,0.09376108401920646,0.0018737149657681584,0.6423564560245723,0.0012068550568073988,0.010766466963104904,0.010845685028471053,22.19539953302592,0.3644262850968935,2482153.0,7856.0,32.0,10000.0,True,False
7,24,3924907995072381140,SLH_DSA_PURE_SHA2_128S,0.1579857839969918,0.0023221849696710706,0.7382017839699984,0.001093087950721383,0.010766176972538233,0.010812632041051984,22.16817576403264,0.3687806610604183,2482153.0,7856.0,32.0,10000.0,True,False
7,24,1377035699800630558,SLH_DSA_PURE_SHA2_128S,0.08473264903295785,0.0015406450256705284,0.6287888559745625,0.001017651055008173,0.010804662946611643,0.010847699013538659,22.38302810001187,0.34686176418163145,2482153.0,7856.0,32.0,10000.0,True,False
7,24,1569410296315975700,SLH_DSA_PURE_SHA2_128S,0.10095985897351056,0.0013055299641564488,0.6266505429521203,0.001063471077941358,0.010965733090415597,0.011011580936610699,22.50166355201509,0.3321068722980853,2482153.0,7856.0,32.0,10000.0,True,False
7,24,17453022494065398452,SLH_DSA_PURE_SHA2_128S,0.07574474299326539,0.0013530630385503173,0.6008805389283225,0.001055827015079558,0.010758653981611133,0.01080163603182882,10.655382688972168,0.3427383232588014,2482153.0,7856.0,32.0,10000.0,True,False
7,25,1569410296315975700,SLH_DSA_PURE_SHA2_128S,0.08320608001668006,0.0014194059185683727,0.6340932460734621,0.0011815560283139348,0.010954782017506659,0.011035450035706162,21.93695620202925,0.3259687571616742,2482153.0,7856.0,32.0,10000.0,True,False
7,25,1377035699800630558,SLH_DSA_PURE_SHA2_128S,0.15906322398222983,0.002995855058543384,0.7864140340825543,0.001067371922545135,0.010773356072604656,0.010818167007528245,21.72179363493342,0.3611800533841355,2482153.0,7856.0,32.0,10000.0,True,False
7,25,9482418115293836347,SLH_DSA_PURE_SHA2_128S,0.1612266149604693,0.004068228066898882,1.0575693290447816,0.0010630610631778836,0.010697262012399733,0.01073921995703131,21.650727687054314,0.33249372781251374,2482153.0,7856.0,32.0,10000.0,True,False
7,25,3924907995072381140,SLH_DSA_PURE_SHA2_128S,0.1757231850642711,0.0016181659884750843,0.6432523470139131,0.001061439048498869,0.01070066902320832,0.010744731989689171,22.061681716004387,0.36326029780767144,2482153.0,7856.0,32.0,10000.0,True,False
7,25,17453022494065398452,SLH_DSA_PURE_SHA2_128S,0.07753020396921784,0.0016502500511705875,0.607521237921901,0.0010874050203710794,0.010914481012150645,0.010957352933473885,10.6142393280752,0.33962613084136295,2482153.0,7856.0,32.0,10000.0,True,False
7,26,1377035699800630558,SLH_DSA_PURE_SHA2_128S,0.17869725497439504,0.0014460989041253924,0.6300492830341682,0.0010880950139835477,0.01089168805629015,0.010992850991897285,22.238624026998878,0.317236921626527,2482153.0,7856.0,32.0,10000.0,True,False
7,26,9482418115293836347,SLH_DSA_PURE_SHA2_128S,0.11576696904376149,0.001495263073593378,0.6269942320650443,0.0011322030331939459,0.010699179023504257,0.010747071006335318,22.30347534304019,0.319843414804925,2482153.0,7856.0,32.0,10000.0,True,False
7,26,1569410296315975700,SLH_DSA_PURE_SHA2_128S,0.16809846903197467,0.0014325861120596528,0.6335445480654016,0.001073512015864253,0.010934519930742681,0.010982095962390304,22.246719643939286,0.3254569502615819,2482153.0,7856.0,32.0,10000.0,True,False
7,26,3924907995072381140,SLH_DSA_PURE_SHA2_128S,0.07940809207502753,0.0016108429990708828,0.6303036009194329,0.0010870109545066953,0.010793401044793427,0.01083985692821443,22.379033102071844,0.32599341214155425,2482153.0,7856.0,32.0,10000.0,True,False
7,26,17453022494065398452,SLH_DSA_PURE_SHA2_128S,0.07598407100886106,0.001322844997048378,0.6019191319355741,0.00113112002145499,0.010919439024291933,0.010962693020701408,10.76089523092378,0.31803495720320474,2482153.0,7856.0,32.0,10000.0,True,False
7,27,1569410296315975700,SLH_DSA_PURE_SHA2_128S,0.0834331848891452,0.0014442539541050792,0.6284563550725579,0.001047732075676322,0.01072668598499149,0.01080436201300472,21.962847611051984,0.3144100371736307,2482153.0,7856.0,32.0,10000.0,True,False
7,27,1377035699800630558,SLH_DSA_PURE_SHA2_128S,0.0826051359763369,0.0014646729687228799,0.6310868849977851,0.0011824460234493017,0.010887769982218742,0.010934842051938176,21.974718724028207,0.30785205087270406,2482153.0,7856.0,32.0,10000.0,True,False
7,27,3924907995072381140,SLH_DSA_PURE_SHA2_128S,0.09466534305829555,0.0013880960177630186,0.6298917980166152,0.001065614982508123,0.010650451993569732,0.010694162920117378,22.02283270400949,0.30362797116253754,2482153.0,7856.0,32.0,10000.0,True,False
7,27,9482418115293836347,SLH_DSA_PURE_SHA2_128S,0.13893144100438803,0.0014681130414828658,0.639707506983541,0.0011053889757022262,0.010832709027454257,0.01088003406766802,21.93046075105667,0.31901777687872324,2482153.0,7856.0,32.0,10000.0,True,False
7,27,17453022494065398452,SLH_DSA_PURE_SHA2_128S,0.07598540489561856,0.0013017670717090368,0.6044650239637122,0.001100447028875351,0.01073804299812764,0.010781705030240119,10.849877566914074,0.30155837929884965,2482153.0,7856.0,32.0,10000.0,True,False
7,28,3924907995072381140,SLH_DSA_PURE_SHA2_128S,0.08654867496807128,0.0028499530162662268,0.6346653189975768,0.0012590059777721763,0.03206990205217153,0.0321646019583568,22.019431590102613,0.30729857619149614,2482153.0,7856.0,32.0,10000.0,True,False
7,28,1569410296315975700,SLH_DSA_PURE_SHA2_128S,0.15892992808949202,0.001830830005928874,0.636783711030148,0.001210103975608945,0.024724110960960388,0.02477760601323098,21.990484101930633,0.29927877862208757,2482153.0,7856.0,32.0,10000.0,True,False
7,28,9482418115293836347,SLH_DSA_PURE_SHA2_128S,0.08092294994276017,0.0014695519348606467,0.6272224300773814,0.0015054899267852306,0.010897325002588332,0.01094544492661953,22.08919013198465,0.28653842061103435,2482153.0,7856.0,32.0,10000.0,True,False
7,28,1377035699800630558,SLH_DSA_PURE_SHA2_128S,0.08584868803154677,0.0013796399580314755,0.7015415549976751,0.0011850419687107205,0.011192362988367677,0.011242020060308278,22.178681000950746,0.29684452877153816,2482153.0,7856.0,32.0,10000.0,True,False
7,28,17453022494065398452,SLH_DSA_PURE_SHA2_128S,0.0763035899726674,0.0015883450396358967,0.6000434999587014,0.0013035780284553766,0.010833063977770507,0.010884538060054183,10.779855695087463,0.2959268125169836,2482153.0,7856.0,32.0,10000.0,True,False
7,29,1569410296315975700,SLH_DSA_PURE_SHA2_128S,0.15819114004261792,0.0027913899393752217,0.866006075986661,0.0010003179777413607,0.010887286975048482,0.010968490969389677,21.71692136407364,0.3053121759159008,2482153.0,7856.0,32.0,10000.0,True,False
7,29,1377035699800630558,SLH_DSA_PURE_SHA2_128S,0.08483359008096159,0.0017507370794191957,0.6429318030131981,0.001331348903477192,0.010762316989712417,0.010811763000674546,22.32478527002968,0.2828104961470079,2482153.0,7856.0,32.0,10000.0,True,False
7,29,3924907995072381140,SLH_DSA_PURE_SHA2_128S,0.1422203719848767,0.0026412809966132045,0.8534547199960798,0.0009999939939007163,0.010685979039408267,0.010727009968832135,22.008734019007534,0.31084003762309304,2482153.0,7856.0,32.0,10000.0,True,False
7,29,9482418115293836347,SLH_DSA_PURE_SHA2_128S,0.07976483297534287,0.0014126510359346867,0.6248081410303712,0.0013449430698528886,0.010770321008749306,0.010818468988873065,22.55939853505697,0.2673814352036427,2482153.0,7856.0,32.0,10000.0,True,False
7,29,17453022494065398452,SLH_DSA_PURE_SHA2_128S,0.07633232395164669,0.0014044080162420869,0.6007847700966522,0.0010229339823126793,0.011206654948182404,0.011249487986788154,10.57604642806109,0.29416962517737844,2482153.0,7856.0,32.0,10000.0,True,False
7,30,9482418115293836347,SLH_DSA_PURE_SHA2_128S,0.1488682449562475,0.003038311959244311,0.6984220860758796,0.0011094009969383478,0.010989457950927317,0.011097954004071653,21.877766755991615,0.25646791585680906,2482153.0,7856.0,32.0,10000.0,True,False
7,30,3924907995072381140,SLH_DSA_PURE_SHA2_128S,0.08550706796813756,0.0021090760128572583,0.6430343999527395,0.001050664926879108,0.010787612060084939,0.010833130101673305,22.238410599064082,0.27887583966143786,2482153.0,7856.0,32.0,10000.0,True,False
7,30,1569410296315975700,SLH_DSA_PURE_SHA2_128S,0.14622895000502467,0.0020447600400075316,0.6981070239562541,0.0013912570429965854,0.010709902038797736,0.010755519033409655,22.105483195977286,0.27629984189539003,2482153.0,7856.0,32.0,10000.0,True,False
7,30,1377035699800630558,SLH_DSA_PURE_SHA2_128S,0.07971415901556611,0.0016035730950534344,0.6242417020257562,0.0010709859197959304,0.01082266098819673,0.010901662986725569,22.470301697030663,0.2693612500653266,2482153.0,7856.0,32.0,10000.0,True,False
7,30,17453022494065398452,SLH_DSA_PURE_SHA2_128S,0.07609433797188103,0.0013740570284426212,0.5999592159641907,0.0011247139191254973,0.010974514065310359,0.011020552017726004,11.08081371197477,0.27233610477241965,2482153.0,7856.0,32.0,10000.0,True,False
8,1,11736455458900867235,SLH_DSA_PURE_SHA2_128S,0.14158218703232706,0.001676390995271504,0.8348075470421463,0.001077465945854783,0.010935341939330101,0.011069249012507498,21.335225288989022,1.8683447955896297,2482153.0,7856.0,32.0,10000.0,True,False
8,1,12399542506031539004,SLH_DSA_PURE_SHA2_128S,0.1560509599512443,0.001628168043680489,0.696220749989152,0.0011661079479381442,0.0109922019764781,0.011081397999078035,21.68232735595666,1.9252677142810517,2482153.0,7856.0,32.0,10000.0,True,False
8,1,8712470804803283718,SLH_DSA_PURE_SHA2_128S,0.0839680980425328,0.0015105589991435409,0.6340535170165822,0.0010479240445420146,0.010778624098747969,0.010826807003468275,21.524474270059727,1.8750128818396181,2482153.0,7856.0,32.0,10000.0,True,False
8,1,7453796548718555071,SLH_DSA_PURE_SHA2_128S,0.16633710102178156,0.0018909239443019032,0.8880164850270376,0.0011122029973194003,0.010828902944922447,0.010884601040743291,21.549518847023137,1.9357914517101007,2482153.0,7856.0,32.0,10000.0,True,False
8,1,7444366702105618305,SLH_DSA_PURE_SHA2_128S,0.07688923901878297,0.0015650690766051412,0.6139066859614104,0.001089568017050624,0.010876566986553371,0.010931537952274084,10.684637600090355,1.909565952258369,2482153.0,7856.0,32.0,10000.0,True,False
8,2,8712470804803283718,SLH_DSA_PURE_SHA2_128S,0.1481686980696395,0.0026616540271788836,0.6446890210499987,0.0012166679371148348,0.010734125971794128,0.010824408032931387,21.989845616044477,1.6294769229599462,2482153.0,7856.0,32.0,10000.0,True,False
8,2,11736455458900867235,SLH_DSA_PURE_SHA2_128S,0.11424182401970029,0.0013874140568077564,0.6289073210209608,0.0011331919813528657,0.010854552034288645,0.010909028933383524,22.1161649270216,1.6177547541670143,2482153.0,7856.0,32.0,10000.0,True,False
8,2,7453796548718555071,SLH_DSA_PURE_SHA2_128S,0.08481528202537447,0.0017153199296444654,0.6304147499613464,0.0010985629633069038,0.010810591978952289,0.010878451983444393,22.08880060201045,1.6486333810483305,2482153.0,7856.0,32.0,10000.0,True,False
8,2,12399542506031539004,SLH_DSA_PURE_SHA2_128S,0.0804544419515878,0.0014980209525674582,0.6310239400481805,0.0011112489737570286,0.010893770027905703,0.010944720939733088,22.241896288003772,1.6213875666213111,2482153.0,7856.0,32.0,10000.0,True,False
8,2,7444366702105618305,SLH_DSA_PURE_SHA2_128S,0.07698820193763822,0.0013288509799167514,0.6006740399170667,0.001088903984054923,0.010681745014153421,0.010731764952652156,10.580128795001656,1.6163850565687916,2482153.0,7856.0,32.0,10000.0,True,False
8,3,7453796548718555071,SLH_DSA_PURE_SHA2_128S,0.08629152399953455,0.0017246260540559888,0.6421752170426771,0.0011245619971305132,0.010607462958432734,0.010691525996662676,21.597288298071362,1.453552307031406,2482153.0,7856.0,32.0,10000.0,True,False
8,3,8712470804803283718,SLH_DSA_PURE_SHA2_128S,0.14941715204622597,0.0015400790143758059,0.6846106490120292,0.0011209419462829828,0.010830253944732249,0.010884235030971467,21.64021587104071,1.4710084521732392,2482153.0,7856.0,32.0,10000.0,True,False
8,3,11736455458900867235,SLH_DSA_PURE_SHA2_128S,0.08517005201429129,0.0020923420088365674,0.701105090091005,0.0014848969876766205,0.010630144039168954,0.010691739968024194,21.627119285054505,1.4543074236129419,2482153.0,7856.0,32.0,10000.0,True,False
8,3,12399542506031539004,SLH_DSA_PURE_SHA2_128S,0.09138328104745597,0.0013130269944667816,0.6264380880165845,0.0011401589727029204,0.010758450953289866,0.010809645988047123,21.912636835011654,1.4578499993958032,2482153.0,7856.0,32.0,10000.0,True,False
8,3,7444366702105618305,SLH_DSA_PURE_SHA2_128S,0.07622997194994241,0.001316684065386653,0.6019199230941013,0.001386991934850812,0.01073327602352947,0.010781606077216566,10.72466120205354,1.4633499505801704,2482153.0,7856.0,32.0,10000.0,True,False
8,4,8712470804803283718,SLH_DSA_PURE_SHA2_128S,0.0851157009601593,0.0019532450241968036,0.64179714594502,0.0011235199635848403,0.010812454973347485,0.010903807007707655,21.652959194034338,1.338458242126928,2482153.0,7856.0,32.0,10000.0,True,False
8,4,7453796548718555071,SLH_DSA_PURE_SHA2_128S,0.0859307210193947,0.0018746469868347049,0.6398322460008785,0.001072710962034762,0.010821255040355027,0.010870361933484674,21.679095419007353,1.3435834615756148,2482153.0,7856.0,32.0,10000.0,True,False
8,4,12399542506031539004,SLH_DSA_PURE_SHA2_128S,0.12304075306747109,0.0019399760058149695,0.6410319039132446,0.0011052970075979829,0.011024339008145034,0.0110758519731462,21.52613616094459,1.3328322907225392,2482153.0,7856.0,32.0,10000.0,True,False
8,4,11736455458900867235,SLH_DSA_PURE_SHA2_128S,0.08003550698049366,0.0014183149905875325,0.6265971440589055,0.0011196100385859609,0.011103486991487443,0.011173453996889293,21.837880664970726,1.3238868258250789,2482153.0,7856.0,32.0,10000.0,True,False
8,4,7444366702105618305,SLH_DSA_PURE_SHA2_128S,0.07658305403310806,0.0014280900359153748,0.6010628240182996,0.0010973940370604396,0.010797483031637967,0.010875897016376257,10.617958105984144,1.3279171532716234,2482153.0,7856.0,32.0,10000.0,True,False
8,5,11736455458900867235,SLH_DSA_PURE_SHA2_128S,0.1035016180248931,0.0015724909026175737,0.6393508979817852,0.0013611679896712303,0.017227238975465298,0.017340696998871863,21.89512768702116,1.2127947927283023,2482153.0,7856.0,32.0,10000.0,True,False
8,5,8712470804803283718,SLH_DSA_PURE_SHA2_128S,0.07996185007505119,0.0014299540780484676,0.6323902730364352,0.0014167020563036203,0.010977180092595518,0.011033985996618867,22.130484621040523,1.224146440387153,2482153.0,7856.0,32.0,10000.0,True,False
8,5,12399542506031539004,SLH_DSA_PURE_SHA2_128S,0.16345749201718718,0.0038024409441277385,1.1334621120477095,0.0016991010634228587,0.01132325897924602,0.011378032038919628,21.633290766039863,1.2085544006131328,2482153.0,7856.0,32.0,10000.0,True,False
8,5,7453796548718555071,SLH_DSA_PURE_SHA2_128S,0.186867289012298,0.002477009897120297,0.9652505019912496,0.0011970970081165433,0.010887018986977637,0.010941305081360042,21.89871750806924,1.2224871148697485,2482153.0,7856.0,32.0,10000.0,True,False
8,5,7444366702105618305,SLH_DSA_PURE_SHA2_128S,0.0788674660725519,0.0017064859857782722,0.6084170989925042,0.001598050002939999,0.010977537953294814,0.011028363951481879,10.586066643940285,1.2267107045688568,2482153.0,7856.0,32.0,10000.0,True,False
8,6,12399542506031539004,SLH_DSA_PURE_SHA2_128S,0.11881491099484265,0.0018781760009005666,0.6394894740078598,0.001077987952157855,0.010907771997153759,0.010997885023243725,21.91902867797762,1.1213668070662135,2482153.0,7856.0,32.0,10000.0,True,False
8,6,11736455458900867235,SLH_DSA_PURE_SHA2_128S,0.08628648705780506,0.0024070199579000473,0.7018387430580333,0.0010561890667304397,0.01088855299167335,0.010936029022559524,21.943088502041064,1.1109495332446724,2482153.0,7856.0,32.0,10000.0,True,False
8,6,8712470804803283718,SLH_DSA_PURE_SHA2_128S,0.1242196710081771,0.002096073003485799,0.6339525879593566,0.0011603180319070816,0.01105001603718847,0.011101567069999874,21.998945120023564,1.1107442498968814,2482153.0,7856.0,32.0,10000.0,True,False
8,6,7453796548718555071,SLH_DSA_PURE_SHA2_128S,0.08002053503878415,0.0013621740508824587,0.629443799960427,0.0011251840041950345,0.010783564066514373,0.01083076698705554,22.231272293953225,1.128563570519225,2482153.0,7856.0,32.0,10000.0,True,False
8,6,7444366702105618305,SLH_DSA_PURE_SHA2_128S,0.07637379807420075,0.0013385950587689877,0.5996037940494716,0.0012083399342373013,0.010876051033847034,0.010929560987278819,10.661297762999311,1.1268690188471882,2482153.0,7856.0,32.0,10000.0,True,False
8,7,11736455458900867235,SLH_DSA_PURE_SHA2_128S,0.14492667303420603,0.002057995996437967,0.795567307039164,0.0010844930075109005,0.010721854981966317,0.01080892700701952,21.726571803097613,1.026151315282328,2482153.0,7856.0,32.0,10000.0,True,False
8,7,7453796548718555071,SLH_DSA_PURE_SHA2_128S,0.08550342102535069,0.0018431380158290267,0.6326503960881382,0.001145032001659274,0.010729767964221537,0.010782507946714759,22.227601856924593,1.0388842212696807,2482153.0,7856.0,32.0,10000.0,True,False
8,7,12399542506031539004,SLH_DSA_PURE_SHA2_128S,0.16176487191114575,0.0018765139393508434,0.6842957530170679,0.0013833470875397325,0.010610928991809487,0.010657907114364207,22.05690677894745,1.0228292218412454,2482153.0,7856.0,32.0,10000.0,True,False
8,7,8712470804803283718,SLH_DSA_PURE_SHA2_128S,0.10146445606369525,0.0013697569957002997,0.6275686060544103,0.001129564014263451,0.01090380095411092,0.010959835024550557,22.235805224976502,1.0429221056520748,2482153.0,7856.0,32.0,10000.0,True,False
8,7,7444366702105618305,SLH_DSA_PURE_SHA2_128S,0.07723830395843834,0.0013092379085719585,0.6009846309898421,0.0013243600260466337,0.010817333008162677,0.01086609996855259,10.72061463794671,1.0436542468329968,2482153.0,7856.0,32.0,10000.0,True,False
8,8,7453796548718555071,SLH_DSA_PURE_SHA2_128S,0.14664541301317513,0.0023533999919891357,0.6442522940924391,0.0011830090079456568,0.010984652093611658,0.011072063003666699,21.92238651390653,0.9676799574218238,2482153.0,7856.0,32.0,10000.0,True,False
8,8,12399542506031539004,SLH_DSA_PURE_SHA2_128S,0.11356898909434676,0.0017939540557563305,0.6363599400501698,0.0011682409094646573,0.010835399967618287,0.010881859925575554,21.98525423288811,0.9693617292296011,2482153.0,7856.0,32.0,10000.0,True,False
8,8,11736455458900867235,SLH_DSA_PURE_SHA2_128S,0.16117694193962961,0.0014083629939705133,0.6301716009620577,0.0011279849568381906,0.01071615400724113,0.010766802006401122,22.172122390009463,0.9457596722311867,2482153.0,7856.0,32.0,10000.0,True,False
8,8,8712470804803283718,SLH_DSA_PURE_SHA2_128S,0.08934144699014723,0.0014124060980975628,0.6267107570311055,0.0011506410082802176,0.011063487967476249,0.01111711491830647,22.261168522993103,0.9422157680074247,2482153.0,7856.0,32.0,10000.0,True,False
8,8,7444366702105618305,SLH_DSA_PURE_SHA2_128S,0.07626387604977936,0.001335024950094521,0.6012474780436605,0.0010965319816023111,0.010807295911945403,0.01085793599486351,10.622869849088602,0.9707321287534488,2482153.0,7856.0,32.0,10000.0,True,False
8,9,12399542506031539004,SLH_DSA_PURE_SHA2_128S,0.1400942869950086,0.0023165829479694366,0.7037962159374729,0.0010888129472732544,0.010880792047828436,0.010959862032905221,21.671411039074883,0.8949350541392074,2482153.0,7856.0,32.0,10000.0,True,False
8,9,7453796548718555071,SLH_DSA_PURE_SHA2_128S,0.10277822404168546,0.0013568870490416884,0.6325693050166592,0.00117544608656317,0.010648592025972903,0.010699538979679346,22.038098382996395,0.8993659541248894,2482153.0,7856.0,32.0,10000.0,True,False
8,9,8712470804803283718,SLH_DSA_PURE_SHA2_128S,0.1626720130443573,0.0030801629181951284,0.8775441170437261,0.0014159290585666895,0.010841387906111777,0.010890241013839841,21.813094884040765,0.8785220368411213,2482153.0,7856.0,32.0,10000.0,True,False
8,9,11736455458900867235,SLH_DSA_PURE_SHA2_128S,0.17535489099100232,0.001592579996213317,0.7909802680369467,0.0011256849393248558,0.01076900598127395,0.010821289033629,22.014448882080615,0.8891167741614028,2482153.0,7856.0,32.0,10000.0,True,False
8,9,7444366702105618305,SLH_DSA_PURE_SHA2_128S,0.07746169401798397,0.0015075119445100427,0.6112410670612007,0.001333083026111126,0.010894058970734477,0.01094195304904133,10.647798318066634,0.902041609723347,2482153.0,7856.0,32.0,10000.0,True,False
8,10,7453796548718555071,SLH_DSA_PURE_SHA2_128S,0.08527842105831951,0.0017503980780020356,0.6295152979437262,0.0011023679981008172,0.010674383025616407,0.010758198099210858,22.23422775696963,0.8372041163162682,2482153.0,7856.0,32.0,10000.0,True,False
8,10,11736455458900867235,SLH_DSA_PURE_SHA2_128S,0.11906175001058728,0.0019095210591331124,0.7584319199668244,0.0011240129824727774,0.01076281804125756,0.010809566942043602,22.059809899074025,0.8295889018823545,2482153.0,7856.0,32.0,10000.0,True,False
8,10,12399542506031539004,SLH_DSA_PURE_SHA2_128S,0.07894755795132369,0.0013885879889130592,0.6295690870610997,0.001109895994886756,0.011885013082064688,0.01193494105245918,22.335718670976348,0.8473606087719671,2482153.0,7856.0,32.0,10000.0,True,False
8,10,8712470804803283718,SLH_DSA_PURE_SHA2_128S,0.16534739802591503,0.0014202480670064688,0.6293530820403248,0.0011978859547525644,0.01063759799581021,0.010685342946089804,22.26300606993027,0.8322582243920896,2482153.0,7856.0,32.0,10000.0,True,False
8,10,7444366702105618305,SLH_DSA_PURE_SHA2_128S,0.07651190098840743,0.001423654961399734,0.602958757081069,0.0010800020536407828,0.010746086947619915,0.01079463807400316,10.860648543108255,0.8414150479788216,2482153.0,7856.0,32.0,10000.0,True,False
8,11,11736455458900867235,SLH_DSA_PURE_SHA2_128S,0.0874024499207735,0.0016044329386204481,0.6853030929341912,0.0011039780220016837,0.01090404496062547,0.010986004956066608,21.795500972075388,0.7660928589467424,2482153.0,7856.0,32.0,10000.0,True,False
8,11,8712470804803283718,SLH_DSA_PURE_SHA2_128S,0.14344639505725354,0.0020898570073768497,0.9117835209472105,0.0011189429787918925,0.010796303045935929,0.010847453959286213,21.46149457001593,0.7853685020448301,2482153.0,7856.0,32.0,10000.0,True,False
8,11,7453796548718555071,SLH_DSA_PURE_SHA2_128S,0.08519454707857221,0.001554472022689879,0.6345483919139951,0.0013746449258178473,0.010637209052219987,0.010684046894311905,22.116043932037428,0.7837877594434415,2482153.0,7856.0,32.0,10000.0,True,False
8,11,12399542506031539004,SLH_DSA_PURE_SHA2_128S,0.07921106100548059,0.001359900925308466,0.6265406419988722,0.0011613040696829557,0.010743233026005328,0.010796805028803647,22.256799243972637,0.785835856637254,2482153.0,7856.0,32.0,10000.0,True,False
8,11,7444366702105618305,SLH_DSA_PURE_SHA2_128S,0.0759372339816764,0.0013551890151575208,0.6021525471005589,0.0014122399734333158,0.010816709022037685,0.0108639569953084,10.656104561057873,0.7735039761272101,2482153.0,7856.0,32.0,10000.0,True,False
8,12,11736455458900867235,SLH_DSA_PURE_SHA2_128S,0.09981548599898815,0.0016449170652776957,0.6460718549787998,0.0010707990732043982,0.010789336985908449,0.010874300030991435,21.67019168997649,0.7335859681375492,2482153.0,7856.0,32.0,10000.0,True,False
8,12,12399542506031539004,SLH_DSA_PURE_SHA2_128S,0.0851621360052377,0.0015760600799694657,0.644003079039976,0.0011597040574997663,0.010789809981361032,0.010836469009518623,21.48295357299503,0.7374580930977964,2482153.0,7856.0,32.0,10000.0,True,False
8,12,8712470804803283718,SLH_DSA_PURE_SHA2_128S,0.0849107849644497,0.001810724032111466,0.6400025779148564,0.0010951630538329482,0.010716007091104984,0.010766196064651012,21.765807156916708,0.7169700506777047,2482153.0,7856.0,32.0,10000.0,True,False
8,12,7453796548718555071,SLH_DSA_PURE_SHA2_128S,0.07991159008815885,0.0013988320715725422,0.64300183695741,0.0011285929940640926,0.010697062010876834,0.01074358494952321,21.79191005101893,0.7375655747450198,2482153.0,7856.0,32.0,10000.0,True,False
8,12,7444366702105618305,SLH_DSA_PURE_SHA2_128S,0.07588522403966635,0.0013056870084255934,0.6020786949666217,0.0011150100035592914,0.010684431996196508,0.010732782073318958,10.59465047402773,0.725578669113473,2482153.0,7856.0,32.0,10000.0,True,False
8,13,12399542506031539004,SLH_DSA_PURE_SHA2_128S,0.1619615430245176,0.002878065104596317,0.8197524209972471,0.001064648968167603,0.010690903989598155,0.010771169094368815,21.536447829916142,0.6913393369307533,2482153.0,7856.0,32.0,10000.0,True,False
8,13,7453796548718555071,SLH_DSA_PURE_SHA2_128S,0.14713387296069413,0.002199329901486635,0.691600346006453,0.0011468100128695369,0.010709199006669223,0.01075693394523114,21.86183275899384,0.6888625140959462,2482153.0,7856.0,32.0,10000.0,True,False
8,13,8712470804803283718,SLH_DSA_PURE_SHA2_128S,0.11033641803078353,0.0015219040215015411,0.6589895699871704,0.001333046006038785,0.010683456901460886,0.01073073095176369,21.989327442017384,0.6619202740276202,2482153.0,7856.0,32.0,10000.0,True,False
8,13,11736455458900867235,SLH_DSA_PURE_SHA2_128S,0.07989274302963167,0.0015144359786063433,0.6239199381088838,0.001148903975263238,0.010725843021646142,0.01078788808081299,22.533016610890627,0.6726528258559803,2482153.0,7856.0,32.0,10000.0,True,False
8,13,7444366702105618305,SLH_DSA_PURE_SHA2_128S,0.07808643800672144,0.0016543699894100428,0.6011492360848933,0.0013189400779083371,0.010746864951215684,0.010796240996569395,10.54913243604824,0.6914243299406938,2482153.0,7856.0,32.0,10000.0,True,False
8,14,7453796548718555071,SLH_DSA_PURE_SHA2_128S,0.1605691430158913,0.002212046063505113,0.6827692560618743,0.0010668300092220306,0.0106935640797019,0.010777005925774574,22.086367523064837,0.6567231577853806,2482153.0,7856.0,32.0,10000.0,True,False
8,14,11736455458900867235,SLH_DSA_PURE_SHA2_128S,0.08602575492113829,0.0017548040486872196,0.6306877780007198,0.0011828229762613773,0.010734707931987941,0.010785079910419881,22.25767011498101,0.6398663952970467,2482153.0,7856.0,32.0,10000.0,True,False
8,14,12399542506031539004,SLH_DSA_PURE_SHA2_128S,0.07908310205675662,0.001415475970134139,0.6302790520712733,0.0011297180317342281,0.011434118961915374,0.01148381398525089,22.30857998004649,0.6397858376558215,2482153.0,7856.0,32.0,10000.0,True,False
8,14,8712470804803283718,SLH_DSA_PURE_SHA2_128S,0.14110735803842545,0.0014114349614828825,0.6583649449748918,0.0011817819904536009,0.010784309008158743,0.010832641972228885,22.221456788945943,0.6376881438988847,2482153.0,7856.0,32.0,10000.0,True,False
8,14,7444366702105618305,SLH_DSA_PURE_SHA2_128S,0.07624912401661277,0.0013248600298538804,0.6013748400146142,0.00111976801417768,0.010883837006986141,0.010933301993645728,10.574791574035771,0.6341094142807939,2482153.0,7856.0,32.0,10000.0,True,False
8,15,8712470804803283718,SLH_DSA_PURE_SHA2_128S,0.15841665701009333,0.002043343032710254,0.6682905970374122,0.0010954419849440455,0.01071497006341815,0.01079718500841409,21.74986909807194,0.5817772538041155,2482153.0,7856.0,32.0,10000.0,True,False
8,15,12399542506031539004,SLH_DSA_PURE_SHA2_128S,0.14371586998458952,0.002038778970018029,0.8913410239620134,0.0011316790478304029,0.010864494019187987,0.010914099984802306,21.694903341005556,0.6073968786115463,2482153.0,7856.0,32.0,10000.0,True,False
8,15,11736455458900867235,SLH_DSA_PURE_SHA2_128S,0.08451248798519373,0.0015024000313133001,0.6637275019893423,0.001329940976575017,0.010764042963273823,0.010810881038196385,22.13789737492334,0.600501645332613,2482153.0,7856.0,32.0,10000.0,True,False
8,15,7453796548718555071,SLH_DSA_PURE_SHA2_128S,0.08037183701526374,0.001650923048146069,0.6244567719986662,0.0011168670607730746,0.010969804949127138,0.01102190907113254,22.403943774057552,0.5958646411617724,2482153.0,7856.0,32.0,10000.0,True,False
8,15,7444366702105618305,SLH_DSA_PURE_SHA2_128S,0.07614372810348868,0.001388645963743329,0.6006456160685048,0.0013788409996777773,0.010806430014781654,0.010854759020730853,10.61133359791711,0.5941305414984782,2482153.0,7856.0,32.0,10000.0,True,False
8,16,11736455458900867235,SLH_DSA_PURE_SHA2_128S,0.13717429607640952,0.0028571849688887596,0.6421277219196782,0.001310839899815619,0.011366332997567952,0.011482556932605803,21.492109021986835,0.5493548534179743,2482153.0,7856.0,32.0,10000.0,True,False
8,16,7453796548718555071,SLH_DSA_PURE_SHA2_128S,0.07945787208154798,0.0014041480608284473,0.6286998410942033,0.0013180460082367063,0.011230251053348184,0.011276504024863243,21.682221819995902,0.5594448978289629,2482153.0,7856.0,32.0,10000.0,True,False
8,16,8712470804803283718,SLH_DSA_PURE_SHA2_128S,0.07954458799213171,0.0014741469640284777,0.6308217910118401,0.0013119170907884836,0.011030085966922343,0.01108661899343133,21.76666271907743,0.5410819513062699,2482153.0,7856.0,32.0,10000.0,True,False
8,16,12399542506031539004,SLH_DSA_PURE_SHA2_128S,0.1483906329376623,0.0025478850584477186,0.7325898959534243,0.0013380630407482386,0.011240486055612564,0.011289346031844616,21.50609077408444,0.569079478589681,2482153.0,7856.0,32.0,10000.0,True,False
8,16,7444366702105618305,SLH_DSA_PURE_SHA2_128S,0.07634124590549618,0.0013717500260099769,0.6425500800833106,0.0011908620363101363,0.010956001933664083,0.011004986008629203,10.648651360999793,0.5627134542483777,2482153.0,7856.0,32.0,10000.0,True,False
8,17,11736455458900867235,SLH_DSA_PURE_SHA2_128S,0.08941107103601098,0.002022271044552326,0.6815574110951275,0.0010493589797988534,0.010776487062685192,0.010853921994566917,21.704090086044744,0.5222940326343996,2482153.0,7856.0,32.0,10000.0,True,False
8,17,7453796548718555071,SLH_DSA_PURE_SHA2_128S,0.14417748095002025,0.0015510829398408532,0.6897483461070806,0.001099168905057013,0.01064762007445097,0.010696548968553543,21.927837530965917,0.5405826224639012,2482153.0,7856.0,32.0,10000.0,True,False
8,17,12399542506031539004,SLH_DSA_PURE_SHA2_128S,0.14976845600176603,0.001768878079019487,0.7265137020731345,0.0012926779454573989,0.01070261700078845,0.01074840605724603,22.16176909103524,0.5364459058442436,2482153.0,7856.0,32.0,10000.0,True,False
8,17,8712470804803283718,SLH_DSA_PURE_SHA2_128S,0.16317071299999952,0.0015597149031236768,0.697910554939881,0.0011422738898545504,0.011001637089066207,0.011049578082747757,22.529074485995807,0.5230021367010217,2482153.0,7856.0,32.0,10000.0,True,False
8,17,7444366702105618305,SLH_DSA_PURE_SHA2_128S,0.07672954304143786,0.0013932239962741733,0.5989464080194011,0.0013555740006268024,0.010998674086295068,0.01104584604036063,10.617008678033017,0.5505024443347805,2482153.0,7856.0,32.0,10000.0,True,False
8,18,11736455458900867235,SLH_DSA_PURE_SHA2_128S,0.08611319097690284,0.0018295840127393603,0.6394394560484216,0.0010359409498050809,0.01112666493281722,0.011213605059310794,21.899953849962912,0.5023785224571206,2482153.0,7856.0,32.0,10000.0,True,False
8,18,7453796548718555071,SLH_DSA_PURE_SHA2_128S,0.1476190930698067,0.003690068027935922,0.6861471320735291,0.0011596640106290579,0.010627989890053868,0.010675269993953407,21.73986743495334,0.5066455772545296,2482153.0,7856.0,32.0,10000.0,True,False
8,18,8712470804803283718,SLH_DSA_PURE_SHA2_128S,0.08490746293682605,0.0015356509247794747,0.634481264045462,0.0010692640207707882,0.010690411902032793,0.010736962081864476,21.999046555021778,0.47753060831667515,2482153.0,7856.0,32.0,10000.0,True,False
8,18,12399542506031539004,SLH_DSA_PURE_SHA2_128S,0.0802101920126006,0.0013130410807207227,0.6249890490435064,0.0011944740545004606,0.010680064908228815,0.010729613015428185,22.14051547506824,0.505522395058657,2482153.0,7856.0,32.0,10000.0,True,False
8,18,7444366702105618305,SLH_DSA_PURE_SHA2_128S,0.0766189630376175,0.0013699089176952839,0.6045429209480062,0.0010729230707511306,0.010694524040445685,0.010741720907390118,10.891263926052488,0.4926431536936341,2482153.0,7856.0,32.0,10000.0,True,False
8,19,12399542506031539004,SLH_DSA_PURE_SHA2_128S,0.0805639079771936,0.0013955449685454369,0.6275445020291954,0.0010943569941446185,0.011310685076750815,0.011391345062293112,22.351529510924593,0.4702909978957603,2482153.0,7856.0,32.0,10000.0,True,False
8,19,7453796548718555071,SLH_DSA_PURE_SHA2_128S,0.15969370701350272,0.0036161739844828844,0.6963690830161795,0.001077429042197764,0.010683435015380383,0.01073143701069057,22.126753057003953,0.4630719536957078,2482153.0,7856.0,32.0,10000.0,True,False
8,19,8712470804803283718,SLH_DSA_PURE_SHA2_128S,0.08420960593502969,0.001564522972330451,0.6304288560058922,0.0014144879532977939,0.010654860991053283,0.01070122595410794,22.281888128025457,0.45889659806752736,2482153.0,7856.0,32.0,10000.0,True,False
8,19,11736455458900867235,SLH_DSA_PURE_SHA2_128S,0.1031363260699436,0.0016414319397881627,0.6287504869978875,0.0011470329482108355,0.010729856905527413,0.010814273031428456,22.3440110150259,0.46487941502477415,2482153.0,7856.0,32.0,10000.0,True,False
8,19,7444366702105618305,SLH_DSA_PURE_SHA2_128S,0.07688341103494167,0.0013598899822682142,0.6010281620547175,0.0013756270054727793,0.010959715000353754,0.011006851913407445,10.720047208946198,0.4819795340507889,2482153.0,7856.0,32.0,10000.0,True,False
8,20,12399542506031539004,SLH_DSA_PURE_SHA2_128S,0.08482659107539803,0.001627666992135346,0.6367063090438023,0.001051879022270441,0.010835629072971642,0.010922307963483036,21.817180356942117,0.4621387758432105,2482153.0,7856.0,32.0,10000.0,True,False
8,20,7453796548718555071,SLH_DSA_PURE_SHA2_128S,0.2406795599963516,0.003487573005259037,0.8033738560043275,0.0011641349410638213,0.011535341036505997,0.011587012093514204,21.579059379990213,0.46124344372663634,2482153.0,7856.0,32.0,10000.0,True,False
8,20,8712470804803283718,SLH_DSA_PURE_SHA2_128S,0.16218032804317772,0.002202762058004737,0.9068589920643717,0.0013579520164057612,0.011101107927970588,0.011157796951010823,21.710075594950467,0.44133511045203805,2482153.0,7856.0,32.0,10000.0,True,False
8,20,11736455458900867235,SLH_DSA_PURE_SHA2_128S,0.17550368804950267,0.0016330219805240631,0.8081984020536765,0.0013131439918652177,0.011159623973071575,0.011213632067665458,21.929248021100648,0.4533919368427211,2482153.0,7856.0,32.0,10000.0,True,False
8,20,7444366702105618305,SLH_DSA_PURE_SHA2_128S,0.0773662879364565,0.0014844350516796112,0.6191475369269028,0.0013125629629939795,0.010984465945512056,0.011061107041314244,10.639781275065616,0.4523214504521447,2482153.0,7856.0,32.0,10000.0,True,False
8,21,11736455458900867235,SLH_DSA_PURE_SHA2_128S,0.08698078105226159,0.002130212029442191,0.6311130919493735,0.0011357289040461183,0.010730404988862574,0.010822020005434752,21.6679716600338,0.40100885449816437,2482153.0,7856.0,32.0,10000.0,True,False
8,21,8712470804803283718,SLH_DSA_PURE_SHA2_128S,0.08612901996821165,0.0022965340176597238,0.632665904937312,0.0010983409592881799,0.010772236972115934,0.010822443990036845,21.725929204025306,0.41745406312469285,2482153.0,7856.0,32.0,10000.0,True,False
8,21,7453796548718555071,SLH_DSA_PURE_SHA2_128S,0.08052293106447905,0.0013874570140615106,0.630249044043012,0.001375788007862866,0.010738193988800049,0.01078320702072233,21.817556358058937,0.426581470385051,2482153.0,7856.0,32.0,10000.0,True,False
8,21,12399542506031539004,SLH_DSA_PURE_SHA2_128S,0.08096124301664531,0.0015146840596571565,0.6673373699886724,0.0011074879439547658,0.01081957807764411,0.010868632001802325,21.825399511959404,0.4311345916289015,2482153.0,7856.0,32.0,10000.0,True,False
8,21,7444366702105618305,SLH_DSA_PURE_SHA2_128S,0.0760309249162674,0.0013822540640830994,0.6006609739270061,0.0013215410290285945,0.010828110040165484,0.010871722013689578,11.006714600021951,0.4018913373981897,2482153.0,7856.0,32.0,10000.0,True,False
8,22,8712470804803283718,SLH_DSA_PURE_SHA2_128S,0.14986933791078627,0.0019603909458965063,0.7069504749961197,0.0010664579458534718,0.011137283989228308,0.01122608792502433,21.734065135009587,0.3979998286456441,2482153.0,7856.0,32.0,10000.0,True,False
8,22,11736455458900867235,SLH_DSA_PURE_SHA2_128S,0.08493885595817119,0.0019886080408468843,0.6421316659543663,0.0011139210546389222,0.010837519075721502,0.010883422917686403,22.11633744603023,0.40494870106740216,2482153.0,7856.0,32.0,10000.0,True,False
8,22,12399542506031539004,SLH_DSA_PURE_SHA2_128S,0.14840508007910103,0.0023018569918349385,0.7525324219604954,0.0010972530581057072,0.010633807978592813,0.010681870975531638,22.02221677999478,0.40324871070659196,2482153.0,7856.0,32.0,10000.0,True,False
8,22,7453796548718555071,SLH_DSA_PURE_SHA2_128S,0.08004780393093824,0.0013308899942785501,0.6291783310007304,0.0011454550549387932,0.0110616140300408,0.011128899990580976,22.43356871395372,0.3858086883950348,2482153.0,7856.0,32.0,10000.0,True,False
8,22,7444366702105618305,SLH_DSA_PURE_SHA2_128S,0.07654576003551483,0.001325911027379334,0.6000357739394531,0.0010940979700535536,0.010733474045991898,0.010780901997350156,10.753967990051024,0.40524206899058896,2482153.0,7856.0,32.0,10000.0,True,False
8,23,12399542506031539004,SLH_DSA_PURE_SHA2_128S,0.08616473793517798,0.0015678060008212924,0.6335922490106896,0.0010888779070228338,0.010685818968340755,0.01077244698535651,21.483169569983147,0.3847937334400301,2482153.0,7856.0,32.0,10000.0,True,False
8,23,8712470804803283718,SLH_DSA_PURE_SHA2_128S,0.17010964499786496,0.0017446089768782258,0.680649233981967,0.0011327300453558564,0.010701677994802594,0.010751337045803666,21.54850842698943,0.3766727704590502,2482153.0,7856.0,32.0,10000.0,True,False
8,23,11736455458900867235,SLH_DSA_PURE_SHA2_128S,0.17251013102941215,0.0014580759452655911,0.6284523550421,0.001437402912415564,0.01083251100499183,0.010881060035899282,21.546996674034745,0.38443246531707886,2482153.0,7856.0,32.0,10000.0,True,False
8,23,7453796548718555071,SLH_DSA_PURE_SHA2_128S,0.07949654408730567,0.0014119669795036316,0.6578181909862906,0.0010623449925333261,0.010651579941622913,0.010695150005631149,21.697210991056636,0.37365508288406907,2482153.0,7856.0,32.0,10000.0,True,False
8,23,7444366702105618305,SLH_DSA_PURE_SHA2_128S,0.07584788801614195,0.0013710689963772893,0.5983854359947145,0.001103844027966261,0.010669782990589738,0.010718436911702156,10.793424781993963,0.38446866163609034,2482153.0,7856.0,32.0,10000.0,True,False
8,24,7453796548718555071,SLH_DSA_PURE_SHA2_128S,0.11082543502561748,0.0015516800340265036,0.6410308759659529,0.0014087880263105035,0.011368850013241172,0.011458431021310389,21.706738848006353,0.35562495114847115,2482153.0,7856.0,32.0,10000.0,True,False
8,24,11736455458900867235,SLH_DSA_PURE_SHA2_128S,0.08427311002742499,0.002095608040690422,0.6544927029171959,0.0012805690057575703,0.010972882038913667,0.011026035062968731,21.763539465959184,0.35326255004876816,2482153.0,7856.0,32.0,10000.0,True,False
8,24,8712470804803283718,SLH_DSA_PURE_SHA2_128S,0.0802000230178237,0.0014525570441037416,0.6317972459364682,0.001639959984458983,0.011014115996658802,0.011069110943935812,21.94509867799934,0.3540965784251833,2482153.0,7856.0,32.0,10000.0,True,False
8,24,12399542506031539004,SLH_DSA_PURE_SHA2_128S,0.16884042497258633,0.0018333980115130544,0.9370851960266009,0.001233090995810926,0.011032119975425303,0.011084022000432014,21.732571418047883,0.3664761389837788,2482153.0,7856.0,32.0,10000.0,True,False
8,24,7444366702105618305,SLH_DSA_PURE_SHA2_128S,0.0780259050661698,0.001470025978051126,0.6146533890860155,0.0015882179141044617,0.010971336043439806,0.01102101500146091,10.566789168049581,0.36751071796321066,2482153.0,7856.0,32.0,10000.0,True,False
8,25,12399542506031539004,SLH_DSA_PURE_SHA2_128S,0.08556002902332693,0.0017071410547941923,0.6902350870659575,0.001066187978722155,0.010786116938106716,0.010862685972824693,21.392839748994447,0.3568578243148498,2482153.0,7856.0,32.0,10000.0,True,False
8,25,7453796548718555071,SLH_DSA_PURE_SHA2_128S,0.161412290064618,0.0020667220233008265,0.9528193909209222,0.0012202230282127857,0.011011829948984087,0.011066253995522857,21.307004404021427,0.345410862085097,2482153.0,7856.0,32.0,10000.0,True,False
8,25,11736455458900867235,SLH_DSA_PURE_SHA2_128S,0.1070659279357642,0.0017642100574448705,0.6882616740185767,0.0011290130205452442,0.011197356972843409,0.01124826306477189,22.081673678942025,0.3399906655544409,2482153.0,7856.0,32.0,10000.0,True,False
8,25,8712470804803283718,SLH_DSA_PURE_SHA2_128S,0.07861100998707116,0.0014143050648272038,0.6818722700700164,0.0010884819785133004,0.011971978936344385,0.012020191992633045,22.610708112013526,0.3362770394865459,2482153.0,7856.0,32.0,10000.0,True,False
8,25,7444366702105618305,SLH_DSA_PURE_SHA2_128S,0.07598360802512616,0.0013054340379312634,0.6003132620826364,0.001075193053111434,0.01079591503366828,0.010842342977412045,10.612267958000302,0.36086408037858936,2482153.0,7856.0,32.0,10000.0,True,False
8,26,12399542506031539004,SLH_DSA_PURE_SHA2_128S,0.0858360769925639,0.0017499930690973997,0.6684930360643193,0.0010339170694351196,0.010714699979871511,0.010790868080221117,21.748850519070402,0.32278227758334993,2482153.0,7856.0,32.0,10000.0,True,False
8,26,7453796548718555071,SLH_DSA_PURE_SHA2_128S,0.14294518099632114,0.0021523479372262955,0.7212366990279406,0.0010644260328263044,0.011064362013712525,0.011115308036096394,21.74288243497722,0.3268337106271186,2482153.0,7856.0,32.0,10000.0,True,False
8,26,11736455458900867235,SLH_DSA_PURE_SHA2_128S,0.1486268340377137,0.0017508979653939605,0.6248966729035601,0.0010888209799304605,0.010724519030191004,0.010770188993774354,22.059519047965296,0.31213989089460326,2482153.0,7856.0,32.0,10000.0,True,False
8,26,8712470804803283718,SLH_DSA_PURE_SHA2_128S,0.07932860404253006,0.0014373360900208354,0.6259610389824957,0.0010525420075282454,0.01087502809241414,0.01092290598899126,22.20798578299582,0.32429227084308243,2482153.0,7856.0,32.0,10000.0,True,False
8,26,7444366702105618305,SLH_DSA_PURE_SHA2_128S,0.07591545896138996,0.0013500349596142769,0.6008136479649693,0.0011004561092704535,0.011182670015841722,0.011227197013795376,10.648251645034179,0.3085879184433613,2482153.0,7856.0,32.0,10000.0,True,False
8,27,12399542506031539004,SLH_DSA_PURE_SHA2_128S,0.14950429706368595,0.0019993900787085295,0.7034014129312709,0.001083439914509654,0.01066069898661226,0.01074579800479114,21.808077824069187,0.3253882470296714,2482153.0,7856.0,32.0,10000.0,True,False
8,27,11736455458900867235,SLH_DSA_PURE_SHA2_128S,0.08486536704003811,0.0018183219945058227,0.6421256629982963,0.0011687730439007282,0.011153877945616841,0.011202254914678633,22.084529535961337,0.31493818188181366,2482153.0,7856.0,32.0,10000.0,True,False
8,27,8712470804803283718,SLH_DSA_PURE_SHA2_128S,0.15006370400078595,0.0023311449913308024,0.7040911730146036,0.001314888009801507,0.01132700894959271,0.011372248991392553,22.078442186000757,0.3114563578117889,2482153.0,7856.0,32.0,10000.0,True,False
8,27,7453796548718555071,SLH_DSA_PURE_SHA2_128S,0.07965263701044023,0.0013546380214393139,0.62914794893004,0.00102946104016155,0.010771689936518669,0.010815121000632644,22.380538388970308,0.3090410236783992,2482153.0,7856.0,32.0,10000.0,True,False
8,27,7444366702105618305,SLH_DSA_PURE_SHA2_128S,0.07610828592441976,0.0013246970484033227,0.6008355329977348,0.001367280026897788,0.010714572970755398,0.010759064927697182,10.650559632922523,0.3187152101716306,2482153.0,7856.0,32.0,10000.0,True,False
8,28,12399542506031539004,SLH_DSA_PURE_SHA2_128S,0.15575839194934815,0.003154654987156391,0.9262362590525299,0.0010680770501494408,0.010649558971635997,0.010724156978540123,21.62622327299323,0.3132748216347465,2482153.0,7856.0,32.0,10000.0,True,False
8,28,8712470804803283718,SLH_DSA_PURE_SHA2_128S,0.1470395770156756,0.0019519119523465633,0.8499356120591983,0.001058825058862567,0.011286761960946023,0.011333156959153712,21.76522084500175,0.2674411130658449,2482153.0,7856.0,32.0,10000.0,True,False
8,28,7453796548718555071,SLH_DSA_PURE_SHA2_128S,0.18711033300496638,0.0016747670015320182,0.7564634829759598,0.0010762769961729646,0.01072274090256542,0.010765791055746377,21.88338900601957,0.2975723030761229,2482153.0,7856.0,32.0,10000.0,True,False
8,28,11736455458900867235,SLH_DSA_PURE_SHA2_128S,0.07981509901583195,0.0014822020893916488,0.8087107880273834,0.0010918080806732178,0.01079779106657952,0.01084296207409352,22.192338729044423,0.30171121356074515,2482153.0,7856.0,32.0,10000.0,True,False
8,28,7444366702105618305,SLH_DSA_PURE_SHA2_128S,0.07806708000134677,0.0014406770933419466,0.6097355629317462,0.0010322809685021639,0.010800163028761744,0.010868281009607017,10.904739214922301,0.32072937859299655,2482153.0,7856.0,32.0,10000.0,True,False
8,29,12399542506031539004,SLH_DSA_PURE_SHA2_128S,0.09780658991076052,0.00206718104891479,0.6393024590797722,0.0011057490482926369,0.010717686032876372,0.010800412041135132,21.938197000068612,0.29391747536569146,2482153.0,7856.0,32.0,10000.0,True,False
8,29,11736455458900867235,SLH_DSA_PURE_SHA2_128S,0.08478293393272907,0.0017769660335034132,0.6495591009734198,0.0010712930234149098,0.010738312033936381,0.010786417056806386,21.904104957939126,0.3001571217947565,2482153.0,7856.0,32.0,10000.0,True,False
8,29,7453796548718555071,SLH_DSA_PURE_SHA2_128S,0.08419464994221926,0.001857465016655624,0.6389840790070593,0.0010634050704538822,0.010883018025197089,0.010925838956609368,21.967254312010482,0.27100050486415955,2482153.0,7856.0,32.0,10000.0,True,False
8,29,8712470804803283718,SLH_DSA_PURE_SHA2_128S,0.07984378200490028,0.0013604999985545874,0.6254860439803451,0.001066182041540742,0.010700880084186792,0.010749356006272137,22.14660898502916,0.28250275573696193,2482153.0,7856.0,32.0,10000.0,True,False
8,29,7444366702105618305,SLH_DSA_PURE_SHA2_128S,0.07617770705837756,0.0013877629535272717,0.6008088960079476,0.0010944419773295522,0.010926945018582046,0.010969756986014545,10.58516899892129,0.31380705852299545,2482153.0,7856.0,32.0,10000.0,True,False
8,30,12399542506031539004,SLH_DSA_PURE_SHA2_128S,0.11305202695075423,0.0022667699959129095,0.6356593149248511,0.001116883009672165,0.011063440004363656,0.011142187984660268,22.322113170055673,0.27978502887452894,2482153.0,7856.0,32.0,10000.0,True,False
8,30,11736455458900867235,SLH_DSA_PURE_SHA2_128S,0.18453093094285578,0.0016797489952296019,0.7029760119039565,0.0012006700271740556,0.010768559062853456,0.010820556082762778,22.392524327966385,0.286207517784553,2482153.0,7856.0,32.0,10000.0,True,False
8,30,7453796548718555071,SLH_DSA_PURE_SHA2_128S,0.18254056992009282,0.0018402909627184272,0.6908434319775552,0.001091263024136424,0.010803747922182083,0.010849019978195429,22.363546237000264,0.27277709238793546,2482153.0,7856.0,32.0,10000.0,True,False
8,30,8712470804803283718,SLH_DSA_PURE_SHA2_128S,0.07940418599173427,0.0014705020003020763,0.6325262800091878,0.0011632159585133195,0.01087313296739012,0.010921904002316296,22.5745638810331,0.2970895048099966,2482153.0,7856.0,32.0,10000.0,True,False
8,30,7444366702105618305,SLH_DSA_PURE_SHA2_128S,0.07587950699962676,0.0013264570152387023,0.6036887230584398,0.0010771950474008918,0.010753523092716932,0.010798397939652205,10.71846981800627,0.3030424079368302,2482153.0,7856.0,32.0,10000.0,True,False
9,1,17176377281631021634,SLH_DSA_PURE_SHA2_128S,0.13694713194854558,0.0023227110505104065,0.6859749500872567,0.0021597050363197923,0.010881628026254475,0.011013788054697216,21.930210159975104,1.9003278832085215,2482153.0,7856.0,32.0,10000.0,True,False
9,1,15115151027618017331,SLH_DSA_PURE_SHA2_128S,0.14723772497382015,0.001842590980231762,0.6387149599613622,0.001935067935846746,0.010716530960053205,0.010807152022607625,21.820890397997573,1.9498847086970417,2482153.0,7856.0,32.0,10000.0,True,False
9,1,8878844847626642732,SLH_DSA_PURE_SHA2_128S,0.08047194499522448,0.0014127850299701095,0.637618426932022,0.0013606600696220994,0.010716528980992734,0.010768715059384704,21.90555413789116,1.8667052576717096,2482153.0,7856.0,32.0,10000.0,True,False
9,1,12302357664512701460,SLH_DSA_PURE_SHA2_128S,0.16146971797570586,0.0020733749261125922,1.0748806670308113,0.0012992770643904805,0.01070661994162947,0.01075948600191623,21.703089062008075,1.8877730780897048,2482153.0,7856.0,32.0,10000.0,True,False
9,1,17110627128125647400,SLH_DSA_PURE_SHA2_128S,0.07835615298245102,0.0013632389018312097,0.6155079769669101,0.0010826620273292065,0.011110178078524768,0.011160892900079489,10.71760041906964,1.9858979013400337,2482153.0,7856.0,32.0,10000.0,True,False
9,2,8878844847626642732,SLH_DSA_PURE_SHA2_128S,0.09388427203521132,0.0014630869263783097,0.6232423949986696,0.0012012800434604287,0.010755040915682912,0.010847489931620657,21.697179423994385,1.6388822474037876,2482153.0,7856.0,32.0,10000.0,True,False
9,2,17176377281631021634,SLH_DSA_PURE_SHA2_128S,0.08172891801223159,0.0013888360699638724,0.6299940058961511,0.001075139967724681,0.01088651199825108,0.010936231934465468,21.760966836009175,1.6374859337608654,2482153.0,7856.0,32.0,10000.0,True,False
9,2,15115151027618017331,SLH_DSA_PURE_SHA2_128S,0.10028175194747746,0.0016264199512079358,0.6305357969831675,0.0010708110639825463,0.010682492982596159,0.010744404047727585,21.83707210700959,1.6735999382342013,2482153.0,7856.0,32.0,10000.0,True,False
9,2,12302357664512701460,SLH_DSA_PURE_SHA2_128S,0.15473637799732387,0.0013832530239596963,0.6314294980838895,0.0011069270549342036,0.011148847988806665,0.011244504014030099,21.73253860103432,1.6517411382815328,2482153.0,7856.0,32.0,10000.0,True,False
9,2,17110627128125647400,SLH_DSA_PURE_SHA2_128S,0.07626673905178905,0.001485302927903831,0.5998381410026923,0.0011656900169327855,0.01073085400275886,0.010776467970572412,10.653784528025426,1.6652662868316943,2482153.0,7856.0,32.0,10000.0,True,False
9,3,8878844847626642732,SLH_DSA_PURE_SHA2_128S,0.12286426406353712,0.0019310179632157087,0.6340339289745316,0.0010974269825965166,0.010792625020258129,0.01088307099416852,21.5406115060905,1.4642029240870247,2482153.0,7856.0,32.0,10000.0,True,False
9,3,12302357664512701460,SLH_DSA_PURE_SHA2_128S,0.08512967603746802,0.0017088799504563212,0.6432997139636427,0.0010281960712745786,0.01081236801110208,0.010862044990062714,21.624302558018826,1.4740672180066094,2482153.0,7856.0,32.0,10000.0,True,False
9,3,15115151027618017331,SLH_DSA_PURE_SHA2_128S,0.10421943198889494,0.001461990992538631,0.6302068820223212,0.0010370139498263597,0.01082457008305937,0.010869693011045456,21.691050520981662,1.4968383967305143,2482153.0,7856.0,32.0,10000.0,True,False
9,3,17176377281631021634,SLH_DSA_PURE_SHA2_128S,0.07964541506953537,0.0015512621030211449,0.6292656150180846,0.0010751310037449002,0.01074551697820425,0.010795420035719872,21.739027436939068,1.4428818248712216,2482153.0,7856.0,32.0,10000.0,True,False
9,3,17110627128125647400,SLH_DSA_PURE_SHA2_128S,0.0757710209582001,0.0012959480518475175,0.6012552520260215,0.0010722869774326682,0.011014390969648957,0.01106176502071321,10.478317050961778,1.4804029872242255,2482153.0,7856.0,32.0,10000.0,True,False
9,4,15115151027618017331,SLH_DSA_PURE_SHA2_128S,0.08715749601833522,0.001901785028167069,0.6570835720049217,0.0011231759563088417,0.010758714051917195,0.010844544041901827,21.413996390998363,1.323863900698031,2482153.0,7856.0,32.0,10000.0,True,False
9,4,17176377281631021634,SLH_DSA_PURE_SHA2_128S,0.14353157405275851,0.002414903021417558,0.7547747129574418,0.0011496220249682665,0.010832620901055634,0.010884549003094435,21.248816860024817,1.3222986924381683,2482153.0,7856.0,32.0,10000.0,True,False
9,4,12302357664512701460,SLH_DSA_PURE_SHA2_128S,0.16326284303795546,0.0017164460150524974,0.7083923999452963,0.0011169819626957178,0.010724912048317492,0.010791533975861967,21.50928096997086,1.3153110190321462,2482153.0,7856.0,32.0,10000.0,True,False
9,4,8878844847626642732,SLH_DSA_PURE_SHA2_128S,0.08022209897171706,0.0013425240758806467,0.6245949070435017,0.0010568149155005813,0.01077809405978769,0.010836689034476876,21.87019544595387,1.3286601882011364,2482153.0,7856.0,32.0,10000.0,True,False
9,4,17110627128125647400,SLH_DSA_PURE_SHA2_128S,0.07626581494696438,0.0013873169664293528,0.6010284890653566,0.0014342899667099118,0.01060868997592479,0.010658276965841651,10.63212185096927,1.3354730743188827,2482153.0,7856.0,32.0,10000.0,True,False
9,5,15115151027618017331,SLH_DSA_PURE_SHA2_128S,0.08619981701485813,0.00237177696544677,0.7139843230834231,0.0011799379717558622,0.011028024018742144,0.011114150052890182,20.816902807098813,1.2275583317485481,2482153.0,7856.0,32.0,10000.0,True,False
9,5,8878844847626642732,SLH_DSA_PURE_SHA2_128S,0.14639186905696988,0.0015014560194686055,0.8355712270131335,0.0013013139832764864,0.010918069980107248,0.0109718480380252,20.76765605690889,1.2147948673357978,2482153.0,7856.0,32.0,10000.0,True,False
9,5,17176377281631021634,SLH_DSA_PURE_SHA2_128S,0.08383550797589123,0.0016174910124391317,0.8408120170934126,0.0011392469750717282,0.010855054017156363,0.010900335037149489,21.211364813963883,1.2201240323602962,2482153.0,7856.0,32.0,10000.0,True,False
9,5,12302357664512701460,SLH_DSA_PURE_SHA2_128S,0.15056541096419096,0.0014423769898712635,0.7456402420066297,0.0012971659889444709,0.011710328981280327,0.011760339955799282,21.3871565440204,1.2171214860849107,2482153.0,7856.0,32.0,10000.0,True,False
9,5,17110627128125647400,SLH_DSA_PURE_SHA2_128S,0.07649383996613324,0.0013964540557935834,0.6515372389694676,0.0014031999744474888,0.01094723294954747,0.011007864959537983,10.534862773027271,1.2268101317813982,2482153.0,7856.0,32.0,10000.0,True,False
9,6,15115151027618017331,SLH_DSA_PURE_SHA2_128S,0.1437145200325176,0.001579968025907874,0.6985036008991301,0.0011448159348219633,0.010777734918519855,0.010863911011256278,21.44378225901164,1.1300921946668778,2482153.0,7856.0,32.0,10000.0,True,False
9,6,8878844847626642732,SLH_DSA_PURE_SHA2_128S,0.0857597419526428,0.001627444988116622,0.643437413033098,0.0010694699594751,0.010869827936403453,0.010916584054939449,21.543294750037603,1.1305623979995045,2482153.0,7856.0,32.0,10000.0,True,False
9,6,12302357664512701460,SLH_DSA_PURE_SHA2_128S,0.12763076706323773,0.001392495003528893,0.6250817929394543,0.0011414740001782775,0.010710212984122336,0.010758768068626523,21.726699208957143,1.1332018402056954,2482153.0,7856.0,32.0,10000.0,True,False
9,6,17176377281631021634,SLH_DSA_PURE_SHA2_128S,0.08026137691922486,0.0013775959378108382,0.6476742050144821,0.0010656389640644193,0.010748881031759083,0.010795237962156534,21.82244049804285,1.1219077119812035,2482153.0,7856.0,32.0,10000.0,True,False
9,6,17110627128125647400,SLH_DSA_PURE_SHA2_128S,0.07631619495805353,0.0013699079863727093,0.6013971200445667,0.0011056279763579369,0.010954291094094515,0.01100229297298938,10.806971821002662,1.1324477405212938,2482153.0,7856.0,32.0,10000.0,True,False
9,7,12302357664512701460,SLH_DSA_PURE_SHA2_128S,0.15854546194896102,0.0022544109961017966,0.7074606560636312,0.0011543569853529334,0.010750003973953426,0.010835899040102959,21.662614214001223,1.0472001734252174,2482153.0,7856.0,32.0,10000.0,True,False
9,7,17176377281631021634,SLH_DSA_PURE_SHA2_128S,0.09463823400437832,0.00161115697119385,0.6343314830446616,0.001331245992332697,0.010834442917257547,0.01088645902927965,21.913436859031208,1.0385115368488116,2482153.0,7856.0,32.0,10000.0,True,False
9,7,8878844847626642732,SLH_DSA_PURE_SHA2_128S,0.15414913301356137,0.0025322779547423124,0.6304206158965826,0.0010928569827228785,0.010731727932579815,0.010780147043988109,21.93299385998398,1.0438360395713355,2482153.0,7856.0,32.0,10000.0,True,False
9,7,15115151027618017331,SLH_DSA_PURE_SHA2_128S,0.07992185896728188,0.0013032229617238045,0.6303081170190126,0.0011317119933664799,0.010671843076124787,0.010720628080889583,22.06453340302687,1.0459561553626016,2482153.0,7856.0,32.0,10000.0,True,False
9,7,17110627128125647400,SLH_DSA_PURE_SHA2_128S,0.07628422300331295,0.0014102670829743147,0.6028931189794093,0.001297410111874342,0.010792398010380566,0.010875785956159234,10.780192945967428,1.039300959331159,2482153.0,7856.0,32.0,10000.0,True,False
9,8,8878844847626642732,SLH_DSA_PURE_SHA2_128S,0.15871792996767908,0.0029991320334374905,0.6543632079847157,0.0012359459651634097,0.010871378006413579,0.01098989590536803,21.87410425604321,0.9711142199964949,2482153.0,7856.0,32.0,10000.0,True,False
9,8,12302357664512701460,SLH_DSA_PURE_SHA2_128S,0.08642843004781753,0.001864115009084344,0.646887298906222,0.0010919410269707441,0.010873278952203691,0.010916804079897702,21.913360640988685,0.9584918389685999,2482153.0,7856.0,32.0,10000.0,True,False
9,8,15115151027618017331,SLH_DSA_PURE_SHA2_128S,0.13786710402928293,0.0014909319579601288,0.630242471001111,0.0011416779598221183,0.010988335008732975,0.011037681018933654,22.08046381303575,0.9667679997869193,2482153.0,7856.0,32.0,10000.0,True,False
9,8,17176377281631021634,SLH_DSA_PURE_SHA2_128S,0.07957896799780428,0.0016002960037440062,0.628297541057691,0.0013699679402634501,0.011010405025444925,0.011061468976549804,22.201636256999336,0.9634688216657303,2482153.0,7856.0,32.0,10000.0,True,False
9,8,17110627128125647400,SLH_DSA_PURE_SHA2_128S,0.07586372795049101,0.0014293499989435077,0.6010645219357684,0.0010973380412906408,0.01105428405571729,0.011103248922154307,10.452562920982018,0.9737684675298941,2482153.0,7856.0,32.0,10000.0,True,False
9,9,8878844847626642732,SLH_DSA_PURE_SHA2_128S,0.16158690198790282,0.0018824719591066241,0.6292066829046234,0.0015109030064195395,0.011184600065462291,0.011280081002041698,21.70033057196997,0.8974836838131134,2482153.0,7856.0,32.0,10000.0,True,False
9,9,17176377281631021634,SLH_DSA_PURE_SHA2_128S,0.07876069203484803,0.0014523649588227272,0.6325946160359308,0.0013821510365232825,0.011102403979748487,0.011155601940117776,21.732779887970537,0.9193312147269234,2482153.0,7856.0,32.0,10000.0,True,False
9,9,15115151027618017331,SLH_DSA_PURE_SHA2_128S,0.15616766700986773,0.0023944710846990347,1.2810381089802831,0.001490452908910811,0.011638022027909756,0.01169763004872948,21.245269714971073,0.9084581639439153,2482153.0,7856.0,32.0,10000.0,True,False
9,9,12302357664512701460,SLH_DSA_PURE_SHA2_128S,0.18779934500344098,0.001553179114125669,1.1595686220098287,0.001312415930442512,0.011066872044466436,0.011118758004158735,21.41548567893915,0.8868819062892621,2482153.0,7856.0,32.0,10000.0,True,False
9,9,17110627128125647400,SLH_DSA_PURE_SHA2_128S,0.0780565730528906,0.0015171560226008296,0.6146362860454246,0.0012516069691628218,0.011011881986632943,0.011060556978918612,10.5847753159469,0.8925255414205618,2482153.0,7856.0,32.0,10000.0,True,False
9,10,17176377281631021634,SLH_DSA_PURE_SHA2_128S,0.08604766905773431,0.0016607140423730016,0.6330628270516172,0.0010890830308198929,0.010615942999720573,0.010699335020035505,21.675188309978694,0.8352542398170161,2482153.0,7856.0,32.0,10000.0,True,False
9,10,15115151027618017331,SLH_DSA_PURE_SHA2_128S,0.08516121201682836,0.002054777927696705,0.6330247179139405,0.0010594249470159411,0.010710283066146076,0.010757319978438318,21.7174992490327,0.8486138161378928,2482153.0,7856.0,32.0,10000.0,True,False
9,10,8878844847626642732,SLH_DSA_PURE_SHA2_128S,0.16167793096974492,0.002125261933542788,0.7194729240145534,0.0011243829503655434,0.010620158980600536,0.010668116039596498,21.650558635010384,0.8303352450600828,2482153.0,7856.0,32.0,10000.0,True,False
9,10,12302357664512701460,SLH_DSA_PURE_SHA2_128S,0.14660228008870035,0.0013514419551938772,0.6271942220628262,0.0010616850340738893,0.010838326998054981,0.010881788097321987,21.855729907983914,0.827389126482863,2482153.0,7856.0,32.0,10000.0,True,False
9,10,17110627128125647400,SLH_DSA_PURE_SHA2_128S,0.0760755049996078,0.0013465170050039887,0.6020621289499104,0.0010593569604679942,0.010654538054950535,0.010699755046516657,10.536966929095797,0.8297139594730097,2482153.0,7856.0,32.0,10000.0,True,False
9,11,17176377281631021634,SLH_DSA_PURE_SHA2_128S,0.16007014701608568,0.001797672943212092,0.6616998249664903,0.0010909599950537086,0.01065699802711606,0.01074551499914378,21.768690858967602,0.7693399318014852,2482153.0,7856.0,32.0,10000.0,True,False
9,11,12302357664512701460,SLH_DSA_PURE_SHA2_128S,0.12616416299715638,0.0018580149626359344,0.62884260492865,0.0011135590029880404,0.010814564069733024,0.010861388989724219,21.827725259005092,0.7632250107896213,2482153.0,7856.0,32.0,10000.0,True,False
9,11,8878844847626642732,SLH_DSA_PURE_SHA2_128S,0.08287885203026235,0.0013885420048609376,0.6290114730363712,0.0011002850951626897,0.010826178011484444,0.010875124018639326,21.855296266032383,0.7689167514871865,2482153.0,7856.0,32.0,10000.0,True,False
9,11,15115151027618017331,SLH_DSA_PURE_SHA2_128S,0.09028276801109314,0.0016299750423058867,0.6459209299646318,0.0010836559813469648,0.010649512987583876,0.010694561991840601,21.921012714039534,0.7933544320420335,2482153.0,7856.0,32.0,10000.0,True,False
9,11,17110627128125647400,SLH_DSA_PURE_SHA2_128S,0.07629181398078799,0.0013354209950193763,0.6018062280490994,0.0010828080121427774,0.01090881903655827,0.01097776903770864,10.581224875990301,0.7611480890847624,2482153.0,7856.0,32.0,10000.0,True,False
9,12,17176377281631021634,SLH_DSA_PURE_SHA2_128S,0.14306662301532924,0.0015275360783562064,0.7026331480592489,0.0012602420756593347,0.01125127705745399,0.011397836962714791,21.560606603045017,0.7354160751968908,2482153.0,7856.0,32.0,10000.0,True,False
9,12,12302357664512701460,SLH_DSA_PURE_SHA2_128S,0.08560606406535953,0.0032008140115067363,0.6353901339462027,0.0011085689766332507,0.010655667982064188,0.010700257029384375,21.64570333599113,0.7094679307728149,2482153.0,7856.0,32.0,10000.0,True,False
9,12,15115151027618017331,SLH_DSA_PURE_SHA2_128S,0.16682282695546746,0.001836705021560192,0.6555887931026518,0.0011289779795333743,0.010767803993076086,0.010816561989486217,21.84986942994874,0.7343275933600844,2482153.0,7856.0,32.0,10000.0,True,False
9,12,8878844847626642732,SLH_DSA_PURE_SHA2_128S,0.1414589430205524,0.00162445695605129,0.6267074280185625,0.0010966380359604955,0.01124265801627189,0.011288922978565097,21.959139209007844,0.7099520746892253,2482153.0,7856.0,32.0,10000.0,True,False
9,12,17110627128125647400,SLH_DSA_PURE_SHA2_128S,0.07601996301673353,0.001360708032734692,0.6002709900494665,0.0011282899649813771,0.010771699016913772,0.01082034595310688,10.817527535953559,0.7237227044452113,2482153.0,7856.0,32.0,10000.0,True,False
9,13,17176377281631021634,SLH_DSA_PURE_SHA2_128S,0.16470850200857967,0.001750010997056961,0.6845875990111381,0.0012344669084995985,0.011743491049855947,0.011835110955871642,21.660581238917075,0.6613943100261231,2482153.0,7856.0,32.0,10000.0,True,False
9,13,15115151027618017331,SLH_DSA_PURE_SHA2_128S,0.159220524947159,0.0031642409740015864,0.9600814339937642,0.0013704699231311679,0.012860296061262488,0.012928001000545919,21.4416540840175,0.682444042529161,2482153.0,7856.0,32.0,10000.0,True,False
9,13,12302357664512701460,SLH_DSA_PURE_SHA2_128S,0.08446486596949399,0.0016013699350878596,0.8828098400263116,0.0013515730388462543,0.01190375501755625,0.011958885006606579,21.748956625000574,0.6709278068317773,2482153.0,7856.0,32.0,10000.0,True,False
9,13,8878844847626642732,SLH_DSA_PURE_SHA2_128S,0.17536649003159255,0.0015019800048321486,0.719689334044233,0.001187058980576694,0.01125003700144589,0.011301437974907458,21.895986629999243,0.6609480374822982,2482153.0,7856.0,32.0,10000.0,True,False
9,13,17110627128125647400,SLH_DSA_PURE_SHA2_128S,0.07911638205405325,0.0015297849895432591,0.6111287110252306,0.0013615550706163049,0.011471448000520468,0.011528941919095814,10.52362502401229,0.6651135948709787,2482153.0,7856.0,32.0,10000.0,True,False
9,14,15115151027618017331,SLH_DSA_PURE_SHA2_128S,0.08582109201233834,0.0022051760461181402,0.6415858030086383,0.0011272019473835826,0.010932769975624979,0.011012770002707839,22.04316422797274,0.633602621837165,2482153.0,7856.0,32.0,10000.0,True,False
9,14,12302357664512701460,SLH_DSA_PURE_SHA2_128S,0.08487852301914245,0.001668781042098999,0.6311462640296668,0.0011376399779692292,0.010884455987252295,0.010933108977042139,22.110195073997602,0.6437776175836405,2482153.0,7856.0,32.0,10000.0,True,False
9,14,8878844847626642732,SLH_DSA_PURE_SHA2_128S,0.1493034539744258,0.00175068702083081,0.7070257510058582,0.0010621440596878529,0.010753202019259334,0.010798619943670928,21.934041835949756,0.6155483612118248,2482153.0,7856.0,32.0,10000.0,True,False
9,14,17176377281631021634,SLH_DSA_PURE_SHA2_128S,0.079375896952115,0.0013174829073250294,0.6273273399565369,0.0010941489599645138,0.010661412961781025,0.010708256973885,22.276520014973357,0.6400136117356273,2482153.0,7856.0,32.0,10000.0,True,False
9,14,17110627128125647400,SLH_DSA_PURE_SHA2_128S,0.0762394790071994,0.0013244610745459795,0.5998317629564553,0.001184404012747109,0.010689927032217383,0.010736229945905507,10.60246276401449,0.6209238395808985,2482153.0,7856.0,32.0,10000.0,True,False
9,15,8878844847626642732,SLH_DSA_PURE_SHA2_128S,0.15205014508683234,0.0028527039103209972,0.6764395770151168,0.0012423270381987095,0.0106954260263592,0.010773790068924427,21.67580382199958,0.575286114930559,2482153.0,7856.0,32.0,10000.0,True,False
9,15,17176377281631021634,SLH_DSA_PURE_SHA2_128S,0.16300994402263314,0.0017057559452950954,0.6452637210022658,0.0013679410330951214,0.010660308063961565,0.010707199922762811,21.876469995942898,0.5661291253214447,2482153.0,7856.0,32.0,10000.0,True,False
9,15,12302357664512701460,SLH_DSA_PURE_SHA2_128S,0.11927550996188074,0.0017998069524765015,0.6468977100448683,0.0010391119867563248,0.0106634619878605,0.010709643014706671,21.971533836913295,0.5918452316603531,2482153.0,7856.0,32.0,10000.0,True,False
9,15,15115151027618017331,SLH_DSA_PURE_SHA2_128S,0.07989065709989518,0.0015503580216318369,0.6221283921040595,0.001367563963867724,0.010673101991415024,0.010718625038862228,22.31058882304933,0.5809619318182095,2482153.0,7856.0,32.0,10000.0,True,False
9,15,17110627128125647400,SLH_DSA_PURE_SHA2_128S,0.07614319596905261,0.0013371709501370788,0.6017997419694439,0.0010457559255883098,0.010843216092325747,0.010888025048188865,10.619664503028616,0.5876511079006301,2482153.0,7856.0,32.0,10000.0,True,False
9,16,15115151027618017331,SLH_DSA_PURE_SHA2_128S,0.08603928494267166,0.0015570810064673424,0.6414448389550671,0.0011032309848815203,0.010691453935578465,0.010781681980006397,21.973626433988102,0.5474555866834455,2482153.0,7856.0,32.0,10000.0,True,False
9,16,12302357664512701460,SLH_DSA_PURE_SHA2_128S,0.14507100696209818,0.001663370057940483,0.6919342619366944,0.0010748939821496606,0.010647107032127678,0.010695004952140152,22.024346355930902,0.546865624670213,2482153.0,7856.0,32.0,10000.0,True,False
9,16,8878844847626642732,SLH_DSA_PURE_SHA2_128S,0.10469882900360972,0.001669257995672524,0.6267813680460677,0.001129372976720333,0.010685385088436306,0.010731323971413076,22.14025432395283,0.5261356560186076,2482153.0,7856.0,32.0,10000.0,True,False
9,16,17176377281631021634,SLH_DSA_PURE_SHA2_128S,0.08966914296615869,0.001407101983204484,0.6322573700454086,0.0010702849831432104,0.01071863598190248,0.010768175940029323,22.228893174091354,0.5448603358464881,2482153.0,7856.0,32.0,10000.0,True,False
9,16,17110627128125647400,SLH_DSA_PURE_SHA2_128S,0.07651318900752813,0.001372574013657868,0.603318904992193,0.0011355819879099727,0.01092949602752924,0.010978057980537415,10.756630302988924,0.5453047323138854,2482153.0,7856.0,32.0,10000.0,True,False
9,17,12302357664512701460,SLH_DSA_PURE_SHA2_128S,0.08661560295149684,0.001901149982586503,0.6535931919934228,0.001085883006453514,0.010811435990035534,0.01089688902720809,21.38398382999003,0.5357740958111165,2482153.0,7856.0,32.0,10000.0,True,False
9,17,15115151027618017331,SLH_DSA_PURE_SHA2_128S,0.14222935889847577,0.0014988050097599626,0.7337466609897092,0.001090364996343851,0.01077794493176043,0.010825250064954162,21.36675191798713,0.5232697351100727,2482153.0,7856.0,32.0,10000.0,True,False
9,17,8878844847626642732,SLH_DSA_PURE_SHA2_128S,0.1603772749658674,0.0017290899995714426,0.8969385259551927,0.0013852540869265795,0.010618870030157268,0.010668216040357947,21.498261513072066,0.49416955993079337,2482153.0,7856.0,32.0,10000.0,True,False
9,17,17176377281631021634,SLH_DSA_PURE_SHA2_128S,0.17557611700613052,0.0015740350354462862,0.6952971779974177,0.0010849949903786182,0.01075181900523603,0.010805636993609369,21.79849271592684,0.5152811304615519,2482153.0,7856.0,32.0,10000.0,True,False
9,17,17110627128125647400,SLH_DSA_PURE_SHA2_128S,0.07716408208943903,0.0014951101038604975,0.6105937410611659,0.0014122440479695797,0.010704352986067533,0.010754865943454206,10.563952015014365,0.5198251631039496,2482153.0,7856.0,32.0,10000.0,True,False
9,18,12302357664512701460,SLH_DSA_PURE_SHA2_128S,0.14019729406572878,0.003646716009825468,0.6906094660516828,0.0010804419871419668,0.010859342059120536,0.010942839900963008,21.621001404011622,0.49107598727003643,2482153.0,7856.0,32.0,10000.0,True,False
9,18,15115151027618017331,SLH_DSA_PURE_SHA2_128S,0.08556489797774702,0.00192936509847641,0.6301373979076743,0.0010898900218307972,0.010719669982790947,0.010760530014522374,21.840018294053152,0.49414119345787616,2482153.0,7856.0,32.0,10000.0,True,False
9,18,17176377281631021634,SLH_DSA_PURE_SHA2_128S,0.07961537502706051,0.0013601969694718719,0.6277803899720311,0.0010863119969144464,0.010798671981319785,0.010848880046978593,21.95057205692865,0.4685553804087563,2482153.0,7856.0,32.0,10000.0,True,False
9,18,8878844847626642732,SLH_DSA_PURE_SHA2_128S,0.11879926489200443,0.0017374280141666532,0.6292991440277547,0.0010546150151640177,0.01072866003960371,0.01077234500553459,21.863333852030337,0.4696937408000707,2482153.0,7856.0,32.0,10000.0,True,False
9,18,17110627128125647400,SLH_DSA_PURE_SHA2_128S,0.07615675299894065,0.0013724620221182704,0.6004783200332895,0.0011319739278405905,0.010959380073472857,0.011006878921762109,10.619037994998507,0.5057089288894552,2482153.0,7856.0,32.0,10000.0,True,False
9,19,8878844847626642732,SLH_DSA_PURE_SHA2_128S,0.08695036103017628,0.001847640029154718,0.6770624649943784,0.0011995049426332116,0.01070045109372586,0.010799534968100488,21.61247143300716,0.44530918048664975,2482153.0,7856.0,32.0,10000.0,True,False
9,19,17176377281631021634,SLH_DSA_PURE_SHA2_128S,0.08658218407072127,0.0022142839152365923,0.6343185879522935,0.0011185009498149157,0.010830965009517968,0.010882047936320305,21.712682135985233,0.44209231097048846,2482153.0,7856.0,32.0,10000.0,True,False
9,19,12302357664512701460,SLH_DSA_PURE_SHA2_128S,0.09409107896499336,0.0014041370013728738,0.6275532060535625,0.0011712879640981555,0.010665623005479574,0.010711959912441671,21.875598303042352,0.4451473373741197,2482153.0,7856.0,32.0,10000.0,True,False
9,19,15115151027618017331,SLH_DSA_PURE_SHA2_128S,0.1339440419105813,0.0014195370022207499,0.6509517829399556,0.0010757290292531252,0.01080881804227829,0.010855304077267647,21.810371068888344,0.49114142758206436,2482153.0,7856.0,32.0,10000.0,True,False
9,19,17110627128125647400,SLH_DSA_PURE_SHA2_128S,0.07576951698865741,0.0013802669709548354,0.6018942549126223,0.0011257949518039823,0.010765849030576646,0.010813915985636413,10.763147074962035,0.45207557452027314,2482153.0,7856.0,32.0,10000.0,True,False
9,20,15115151027618017331,SLH_DSA_PURE_SHA2_128S,0.1472958530066535,0.003424634924158454,0.6881249130237848,0.001054483000189066,0.01074521301779896,0.010835376917384565,21.836361509980634,0.4616317414997009,2482153.0,7856.0,32.0,10000.0,True,False
9,20,8878844847626642732,SLH_DSA_PURE_SHA2_128S,0.0852603450184688,0.0016037309542298317,0.6615377829875797,0.0012807640014216304,0.010674861026927829,0.010720118996687233,22.17096781299915,0.422792812089284,2482153.0,7856.0,32.0,10000.0,True,False
9,20,12302357664512701460,SLH_DSA_PURE_SHA2_128S,0.16208729892969131,0.0014521840494126081,0.6253494900884107,0.001087673008441925,0.010875587002374232,0.010924733011052012,22.24801017693244,0.44103216803588047,2482153.0,7856.0,32.0,10000.0,True,False
9,20,17176377281631021634,SLH_DSA_PURE_SHA2_128S,0.09950862603727728,0.0014298169407993555,0.6310172260273248,0.0013942379737272859,0.010819807997904718,0.010868594981729984,22.36910486605484,0.4136801404378618,2482153.0,7856.0,32.0,10000.0,True,False
9,20,17110627128125647400,SLH_DSA_PURE_SHA2_128S,0.07617020804900676,0.0016139830695465207,0.6014133100397885,0.0010785890044644475,0.01070770900696516,0.010754388058558106,10.65453950909432,0.4400473135038496,2482153.0,7856.0,32.0,10000.0,True,False
9,21,15115151027618017331,SLH_DSA_PURE_SHA2_128S,0.14166820305399597,0.0018440280109643936,0.6819236639421433,0.0011226310161873698,0.011269310023635626,0.011361966957338154,21.57011791993864,0.4156109207687667,2482153.0,7856.0,32.0,10000.0,True,False
9,21,17176377281631021634,SLH_DSA_PURE_SHA2_128S,0.14109418401494622,0.0017306080553680658,0.6406882160808891,0.0010383049957454205,0.010954782948829234,0.010997287929058075,21.698521035024896,0.3981290466595477,2482153.0,7856.0,32.0,10000.0,True,False
9,21,8878844847626642732,SLH_DSA_PURE_SHA2_128S,0.16416511498391628,0.0029142539715394378,0.7642255600076169,0.001062411000020802,0.010761977988295257,0.01081856107339263,21.801130559993908,0.40426345488514764,2482153.0,7856.0,32.0,10000.0,True,False
9,21,12302357664512701460,SLH_DSA_PURE_SHA2_128S,0.08001651603262872,0.0017641669837757945,0.7363166139693931,0.0010282109724357724,0.010808745981194079,0.010853394982405007,22.004892515018582,0.4146979623161756,2482153.0,7856.0,32.0,10000.0,True,False
9,21,17110627128125647400,SLH_DSA_PURE_SHA2_128S,0.07772475900128484,0.0014328759862110019,0.6093108149943873,0.0011530130868777633,0.010766213992610574,0.010812121909111738,10.87156924593728,0.4158699512065123,2482153.0,7856.0,32.0,10000.0,True,False
9,22,8878844847626642732,SLH_DSA_PURE_SHA2_128S,0.14396476408001035,0.0019654729403555393,0.6919902289519086,0.0010620920220389962,0.010791770066134632,0.010875905049033463,21.818742286995985,0.384939344498677,2482153.0,7856.0,32.0,10000.0,True,False
9,22,12302357664512701460,SLH_DSA_PURE_SHA2_128S,0.14548997697420418,0.0019127610139548779,0.6883852559840307,0.0013119140639901161,0.010728697990998626,0.010780710028484464,21.935921474010684,0.38565221480049267,2482153.0,7856.0,32.0,10000.0,True,False
9,22,15115151027618017331,SLH_DSA_PURE_SHA2_128S,0.08000747195910662,0.001373854000121355,0.6290513599524274,0.0013753460953012109,0.010758289019577205,0.010807492071762681,22.23194826906547,0.39216494415633785,2482153.0,7856.0,32.0,10000.0,True,False
9,22,17176377281631021634,SLH_DSA_PURE_SHA2_128S,0.08519652602262795,0.0014156750403344631,0.6322382760699838,0.001074142986908555,0.011587005923502147,0.011633132002316415,22.128616991918534,0.38201524800927444,2482153.0,7856.0,32.0,10000.0,True,False
9,22,17110627128125647400,SLH_DSA_PURE_SHA2_128S,0.07648919394705445,0.0015337669756263494,0.5998101859586313,0.0013622050173580647,0.010658066952601075,0.010708297020755708,10.770876956987195,0.39179665549768333,2482153.0,7856.0,32.0,10000.0,True,False
9,23,17176377281631021634,SLH_DSA_PURE_SHA2_128S,0.0859367490047589,0.0014816420152783394,0.6432805740041658,0.0010895290179178119,0.011158167035318911,0.011245678062550724,22.126596402027644,0.3619162736894985,2482153.0,7856.0,32.0,10000.0,True,False
9,23,15115151027618017331,SLH_DSA_PURE_SHA2_128S,0.08663288806565106,0.0016722430009394884,0.7432716289767995,0.0011290439870208502,0.0108075519092381,0.010853303014300764,22.011460558976978,0.3841386556375427,2482153.0,7856.0,32.0,10000.0,True,False
9,23,8878844847626642732,SLH_DSA_PURE_SHA2_128S,0.11331566702574492,0.0017652580281719565,0.6745147299952805,0.001144911046139896,0.0107529959641397,0.010801338939927518,22.154694627039135,0.3624866951149873,2482153.0,7856.0,32.0,10000.0,True,False
9,23,12302357664512701460,SLH_DSA_PURE_SHA2_128S,0.07951148098800331,0.0013714120723307133,0.624182668980211,0.0010479709599167109,0.01112464105244726,0.011176601983606815,22.40095087699592,0.37727437116289003,2482153.0,7856.0,32.0,10000.0,True,False
9,23,17110627128125647400,SLH_DSA_PURE_SHA2_128S,0.07678283005952835,0.001409537042491138,0.5990014020353556,0.0011197320418432355,0.010911633959040046,0.010958435945212841,10.609580299002118,0.3608432924583221,2482153.0,7856.0,32.0,10000.0,True,False
9,24,12302357664512701460,SLH_DSA_PURE_SHA2_128S,0.0865984819829464,0.0029721490573138,0.654275857959874,0.0010911839781329036,0.010865641990676522,0.010956890066154301,21.70479060593061,0.3315235794292757,2482153.0,7856.0,32.0,10000.0,True,False
9,24,15115151027618017331,SLH_DSA_PURE_SHA2_128S,0.16154075402300805,0.0025597100611776114,0.7470689929323271,0.001111660967580974,0.01079923496581614,0.010847584111616015,21.621678060968406,0.37457582359306346,2482153.0,7856.0,32.0,10000.0,True,False
9,24,17176377281631021634,SLH_DSA_PURE_SHA2_128S,0.10380297503434122,0.0015506829367950559,0.6282029049471021,0.0011349869892001152,0.010833865031599998,0.01088025700300932,21.689136796980165,0.3314884519948365,2482153.0,7856.0,32.0,10000.0,True,False
9,24,8878844847626642732,SLH_DSA_PURE_SHA2_128S,0.07974867103621364,0.0015725980047136545,0.6764008540194482,0.0010653199860826135,0.010716932942159474,0.010764908976852894,21.84931930305902,0.3260946763804355,2482153.0,7856.0,32.0,10000.0,True,False
9,24,17110627128125647400,SLH_DSA_PURE_SHA2_128S,0.07558630593121052,0.0016519880155101418,0.6017624660162255,0.0010677629616111517,0.010793986963108182,0.010849979938939214,10.677220555022359,0.34492721048275976,2482153.0,7856.0,32.0,10000.0,True,False
9,25,17176377281631021634,SLH_DSA_PURE_SHA2_128S,0.0844763380009681,0.0016272231005132198,0.6306921880459413,0.0011072780471295118,0.010916915023699403,0.011004874017089605,22.02797442500014,0.3290261954214936,2482153.0,7856.0,32.0,10000.0,True,False
9,25,12302357664512701460,SLH_DSA_PURE_SHA2_128S,0.1617972970707342,0.0021323070395737886,0.7291905890451744,0.0010678028920665383,0.0106918920064345,0.010734722949564457,21.849596479907632,0.3222284696523112,2482153.0,7856.0,32.0,10000.0,True,False
9,25,15115151027618017331,SLH_DSA_PURE_SHA2_128S,0.08048264600802213,0.0015989519888535142,0.6411880940431729,0.0010743699967861176,0.010822958080098033,0.010868793935514987,22.114180799922906,0.3443550183571661,2482153.0,7856.0,32.0,10000.0,True,False
9,25,8878844847626642732,SLH_DSA_PURE_SHA2_128S,0.17939478100743145,0.0015219679335132241,0.6364153319736943,0.0010596869979053736,0.010745612089522183,0.010788972023874521,22.037766332970932,0.32197519194129437,2482153.0,7856.0,32.0,10000.0,True,False
9,25,17110627128125647400,SLH_DSA_PURE_SHA2_128S,0.07676447089761496,0.0013782780151814222,0.6009470779681578,0.0010642500128597021,0.010857728077098727,0.010903478018008173,10.640073706046678,0.33595734928993465,2482153.0,7856.0,32.0,10000.0,True,False
9,26,17176377281631021634,SLH_DSA_PURE_SHA2_128S,0.14374160999432206,0.0032624410232529044,0.665949056041427,0.0010865849908441305,0.010803170967847109,0.010890249977819622,21.824170922045596,0.28841092494634774,2482153.0,7856.0,32.0,10000.0,True,False
9,26,15115151027618017331,SLH_DSA_PURE_SHA2_128S,0.138337840908207,0.0021481889998540282,0.7376587910111994,0.0011328510008752346,0.010695546981878579,0.010743852006271482,22.032756922999397,0.32457573962258024,2482153.0,7856.0,32.0,10000.0,True,False
9,26,12302357664512701460,SLH_DSA_PURE_SHA2_128S,0.10509060102049261,0.0014406139962375164,0.6251660230336711,0.001317651942372322,0.01137461792677641,0.011424177908338606,22.31793550704606,0.3232419759767076,2482153.0,7856.0,32.0,10000.0,True,False
9,26,8878844847626642732,SLH_DSA_PURE_SHA2_128S,0.07982374599669129,0.001645948039367795,0.7031041460577399,0.0011445810087025166,0.01104700705036521,0.011096386006101966,22.41920037206728,0.309597615509654,2482153.0,7856.0,32.0,10000.0,True,False
9,26,17110627128125647400,SLH_DSA_PURE_SHA2_128S,0.07594868307933211,0.001327782985754311,0.6002284269779921,0.001088340999558568,0.010793516063131392,0.010841652052477002,10.654398630023934,0.33793384853167274,2482153.0,7856.0,32.0,10000.0,True,False
9,27,15115151027618017331,SLH_DSA_PURE_SHA2_128S,0.1440709619782865,0.0019358129939064384,0.6782358520431444,0.0010489380219951272,0.010753895970992744,0.01084317802451551,21.723481112974696,0.3193663434176066,2482153.0,7856.0,32.0,10000.0,True,False
9,27,17176377281631021634,SLH_DSA_PURE_SHA2_128S,0.14475993206724524,0.0017162349540740252,0.6502179449889809,0.001397231942974031,0.010720422025769949,0.010769365006126463,21.889463917003013,0.30477009362097796,2482153.0,7856.0,32.0,10000.0,True,False
9,27,12302357664512701460,SLH_DSA_PURE_SHA2_128S,0.08409790904261172,0.0014396939659491181,0.6322038179496303,0.0010453229770064354,0.010773180052638054,0.010821242001838982,22.053341100923717,0.29483692128264816,2482153.0,7856.0,32.0,10000.0,True,False
9,27,8878844847626642732,SLH_DSA_PURE_SHA2_128S,0.08222691307310015,0.001378554035909474,0.644294964033179,0.0013087010011076927,0.010997020988725126,0.011047138017602265,22.09945530805271,0.31447931136281343,2482153.0,7856.0,32.0,10000.0,True,False
9,27,17110627128125647400,SLH_DSA_PURE_SHA2_128S,0.07618454599287361,0.001406362047418952,0.6023226419929415,0.0010399060556665063,0.010714092990383506,0.010769040090963244,10.667368435999379,0.32020063073442767,2482153.0,7856.0,32.0,10000.0,True,False
9,28,17176377281631021634,SLH_DSA_PURE_SHA2_128S,0.08414184302091599,0.0015145340003073215,0.6410693579819053,0.0011309490073472261,0.010695700068026781,0.010780130047351122,21.581120369024575,0.2926893304838552,2482153.0,7856.0,32.0,10000.0,True,False
9,28,12302357664512701460,SLH_DSA_PURE_SHA2_128S,0.17426915490068495,0.001733858953230083,0.733845369075425,0.0010516199981793761,0.010887032025493681,0.010933765093795955,21.44028522109147,0.2826311509928312,2482153.0,7856.0,32.0,10000.0,True,False
9,28,15115151027618017331,SLH_DSA_PURE_SHA2_128S,0.18471612106077373,0.001706484006717801,0.6849125069566071,0.0013752420200034976,0.010688264039345086,0.010735019925050437,21.504658474004827,0.30369722237066626,2482153.0,7856.0,32.0,10000.0,True,False
9,28,8878844847626642732,SLH_DSA_PURE_SHA2_128S,0.07970301201567054,0.0013361109886318445,0.6232958439504728,0.0011040259851142764,0.010698255966417491,0.010744691942818463,21.78291009098757,0.2905712874275974,2482153.0,7856.0,32.0,10000.0,True,False
9,28,17110627128125647400,SLH_DSA_PURE_SHA2_128S,0.07631187990773469,0.0013108649291098118,0.6012642859714106,0.0010852109408006072,0.010772240930236876,0.010819058981724083,10.703427700907923,0.28917664697411627,2482153.0,7856.0,32.0,10000.0,True,False
9,29,17176377281631021634,SLH_DSA_PURE_SHA2_128S,0.16502763598691672,0.0020721680484712124,0.676822064910084,0.0011260929750278592,0.010810011997818947,0.010897462954744697,21.669477709918283,0.27132169443506976,2482153.0,7856.0,32.0,10000.0,True,False
9,29,12302357664512701460,SLH_DSA_PURE_SHA2_128S,0.14580507890786976,0.001400628942064941,0.6293417740380391,0.0011310779955238104,0.010735225980170071,0.010778862982988358,21.797143992967904,0.29508896126373174,2482153.0,7856.0,32.0,10000.0,True,False
9,29,15115151027618017331,SLH_DSA_PURE_SHA2_128S,0.07929404091555625,0.001429920899681747,0.6301026899600402,0.0010279309935867786,0.01074266096111387,0.010786063969135284,21.88395546306856,0.2922947276353884,2482153.0,7856.0,32.0,10000.0,True,False
9,29,8878844847626642732,SLH_DSA_PURE_SHA2_128S,0.15039711096324027,0.0017937120283022523,0.6538731430191547,0.0010940689826384187,0.010699699050746858,0.01074670604430139,21.71583552309312,0.284934156027566,2482153.0,7856.0,32.0,10000.0,True,False
9,29,17110627128125647400,SLH_DSA_PURE_SHA2_128S,0.0758609629701823,0.0012907800264656544,0.6014149390393868,0.0010958079947158694,0.010667558992281556,0.01070883497595787,10.728138647973537,0.2973821757844063,2482153.0,7856.0,32.0,10000.0,True,False
9,30,12302357664512701460,SLH_DSA_PURE_SHA2_128S,0.08413847105111927,0.001378290937282145,0.6340059990761802,0.0010952079901471734,0.010711914044804871,0.010798763018101454,22.066593997064047,0.2667338692318327,2482153.0,7856.0,32.0,10000.0,True,False
9,30,8878844847626642732,SLH_DSA_PURE_SHA2_128S,0.1436398740625009,0.001705795992165804,0.630071850027889,0.0010627430165186524,0.010918503976427019,0.010967048001475632,21.96663456899114,0.27851303166578917,2482153.0,7856.0,32.0,10000.0,True,False
9,30,17176377281631021634,SLH_DSA_PURE_SHA2_128S,0.14296618790831417,0.0014518529642373323,0.629809790989384,0.0013633060734719038,0.010720667080022395,0.010770216933451593,21.971763086970896,0.2686804814250045,2482153.0,7856.0,32.0,10000.0,True,False
9,30,15115151027618017331,SLH_DSA_PURE_SHA2_128S,0.07952955400105566,0.001484968001022935,0.6295107660116628,0.0010712170042097569,0.010691944975405931,0.010740302968770266,22.109335854067467,0.28316313359208,2482153.0,7856.0,32.0,10000.0,True,False
9,30,17110627128125647400,SLH_DSA_PURE_SHA2_128S,0.07639390707481652,0.001359913032501936,0.6003178069368005,0.0011243600165471435,0.010657693957909942,0.010715002077631652,10.748786701937206,0.306544600857999,2482153.0,7856.0,32.0,10000.0,True,False
10,1,12129766243414126824,SLH_DSA_PURE_SHA2_128S,0.14178020902909338,0.0023054699413478374,0.8905879000667483,0.0022270629415288568,0.010842895018868148,0.011012159986421466,22.075149073963985,1.9432063011315683,2482153.0,7856.0,32.0,10000.0,True,False
10,1,2020391454054904277,SLH_DSA_PURE_SHA2_128S,0.14461591804865748,0.0016131839947775006,0.7973905400140211,0.0013385639758780599,0.010803587967529893,0.010892709018662572,22.239738767035306,1.9089593388402044,2482153.0,7856.0,32.0,10000.0,True,False
10,1,17112158135623214319,SLH_DSA_PURE_SHA2_128S,0.0812567250104621,0.0016287590842694044,0.6346172000048682,0.0011391389416530728,0.010761481942608953,0.010814613080583513,22.491722200997174,1.922461090758205,2482153.0,7856.0,32.0,10000.0,True,False
10,1,12967847895177283022,SLH_DSA_PURE_SHA2_128S,0.1051725420402363,0.0015329209854826331,0.8952695279149339,0.001360025955364108,0.0110332400072366,0.01111242501065135,22.131007025018334,1.9049614039472877,2482153.0,7856.0,32.0,10000.0,True,False
10,1,7381103947230550439,SLH_DSA_PURE_SHA2_128S,0.07783469697460532,0.0017231879755854607,0.6131276560481638,0.0011353499721735716,0.01142083597369492,0.011475946987047791,10.737883880035952,1.9346152650662505,2482153.0,7856.0,32.0,10000.0,True,False
10,2,17112158135623214319,SLH_DSA_PURE_SHA2_128S,0.08709679392632097,0.0021627740934491158,0.6327636820496991,0.0011054400820285082,0.010702992090955377,0.010792869958095253,22.18462722201366,1.6564142075590431,2482153.0,7856.0,32.0,10000.0,True,False
10,2,12129766243414126824,SLH_DSA_PURE_SHA2_128S,0.08683938789181411,0.0019551859004423022,0.6319841219810769,0.0011368549894541502,0.010861772927455604,0.010915004997514188,22.224614906939678,1.6837728770015339,2482153.0,7856.0,32.0,10000.0,True,False
10,2,2020391454054904277,SLH_DSA_PURE_SHA2_128S,0.08022591506596655,0.0016711140051484108,0.6273640330182388,0.0010943160159513354,0.010812654974870384,0.010878600063733757,22.337074436014518,1.6954755162278685,2482153.0,7856.0,32.0,10000.0,True,False
10,2,12967847895177283022,SLH_DSA_PURE_SHA2_128S,0.0812256729695946,0.0013683310244232416,0.6309993170434609,0.0011651919921860099,0.0110910750227049,0.011144852032884955,22.31789085699711,1.6904912440540691,2482153.0,7856.0,32.0,10000.0,True,False
10,2,7381103947230550439,SLH_DSA_PURE_SHA2_128S,0.07663514104206115,0.0013784519396722317,0.600736063090153,0.0011160520371049643,0.010711041046306491,0.010759404976852238,10.563604495953768,1.6500375724067322,2482153.0,7856.0,32.0,10000.0,True,False
10,3,2020391454054904277,SLH_DSA_PURE_SHA2_128S,0.15340472804382443,0.002910831943154335,0.6919038990745321,0.0011009020963683724,0.010791013948619366,0.01091963506769389,21.844471989083104,1.4679842644606154,2482153.0,7856.0,32.0,10000.0,True,False
10,3,17112158135623214319,SLH_DSA_PURE_SHA2_128S,0.08633205597288907,0.0015209740959107876,0.6376454840647057,0.0010729579953476787,0.01076483295764774,0.01081779901869595,22.09685825696215,1.4791107960402394,2482153.0,7856.0,32.0,10000.0,True,False
10,3,12129766243414126824,SLH_DSA_PURE_SHA2_128S,0.08008850598707795,0.001431056996807456,0.6278589230496436,0.001182163949124515,0.0109124950831756,0.010964407003484666,22.272446639020927,1.4812225131942822,2482153.0,7856.0,32.0,10000.0,True,False
10,3,12967847895177283022,SLH_DSA_PURE_SHA2_128S,0.08107286796439439,0.00140725402161479,0.6280141409952193,0.0011120910057798028,0.010835736989974976,0.010885015944950283,22.260206646984443,1.4710494036110826,2482153.0,7856.0,32.0,10000.0,True,False
10,3,7381103947230550439,SLH_DSA_PURE_SHA2_128S,0.0762233940185979,0.0013728729682043195,0.6003381340997294,0.001151910051703453,0.010631634970195591,0.010682307998649776,10.62932184303645,1.444717523198539,2482153.0,7856.0,32.0,10000.0,True,False
10,4,12129766243414126824,SLH_DSA_PURE_SHA2_128S,0.1609593820758164,0.0031837369315326214,0.7067701469641179,0.0011172839440405369,0.010699777980335057,0.010791028034873307,21.44643745594658,1.3308566332625125,2482153.0,7856.0,32.0,10000.0,True,False
10,4,17112158135623214319,SLH_DSA_PURE_SHA2_128S,0.14614076109137386,0.002594009041786194,0.7060444890521467,0.0010794010013341904,0.010734147042967379,0.010780557058751583,21.795053078909405,1.3619341351353704,2482153.0,7856.0,32.0,10000.0,True,False
10,4,2020391454054904277,SLH_DSA_PURE_SHA2_128S,0.11262748297303915,0.0015606029191985726,0.6291131980251521,0.0011235869023948908,0.010688588954508305,0.010740261059254408,21.693416586960666,1.341117102878924,2482153.0,7856.0,32.0,10000.0,True,False
10,4,12967847895177283022,SLH_DSA_PURE_SHA2_128S,0.08022644906304777,0.001328710000962019,0.6311418829718605,0.0010703479638323188,0.010698319063521922,0.010747428983449936,22.02066355594434,1.3488164085168808,2482153.0,7856.0,32.0,10000.0,True,False
10,4,7381103947230550439,SLH_DSA_PURE_SHA2_128S,0.07597334997262806,0.0013810379896312952,0.6026977800065652,0.0011475629871711135,0.010867277043871582,0.010917739942669868,10.811526329023764,1.3368150009133946,2482153.0,7856.0,32.0,10000.0,True,False
10,5,12129766243414126824,SLH_DSA_PURE_SHA2_128S,0.14642639295198023,0.00327416998334229,0.6670745679875836,0.0011530319461598992,0.010764225968159735,0.01085342199075967,21.87189250497613,1.2346512406778793,2482153.0,7856.0,32.0,10000.0,True,False
10,5,12967847895177283022,SLH_DSA_PURE_SHA2_128S,0.08373258006758988,0.0017884599510580301,0.6336732030613348,0.0011112079955637455,0.010995043092407286,0.011045499006286263,22.092357608955353,1.232417619266449,2482153.0,7856.0,32.0,10000.0,True,False
10,5,17112158135623214319,SLH_DSA_PURE_SHA2_128S,0.08036276896018535,0.0014084490248933434,0.6314864829182625,0.0013594479532912374,0.010806333040818572,0.010855832020752132,22.150656106998213,1.2432819246864928,2482153.0,7856.0,32.0,10000.0,True,False
10,5,2020391454054904277,SLH_DSA_PURE_SHA2_128S,0.1784201409900561,0.001757403020747006,0.709270176012069,0.0011762010399252176,0.011377993039786816,0.011427899007685483,21.91578620998189,1.2379939801776751,2482153.0,7856.0,32.0,10000.0,True,False
10,5,7381103947230550439,SLH_DSA_PURE_SHA2_128S,0.07736854301765561,0.001376237953081727,0.6032681489596143,0.0013455160660669208,0.010682181920856237,0.010733079980127513,10.68918751901947,1.2365808374584673,2482153.0,7856.0,32.0,10000.0,True,False
10,6,12129766243414126824,SLH_DSA_PURE_SHA2_128S,0.1523241139948368,0.0018385659204795957,0.6299170000711456,0.001109351054765284,0.010750293033197522,0.010836884030140936,21.883830195991322,1.16256682846112,2482153.0,7856.0,32.0,10000.0,True,False
10,6,12967847895177283022,SLH_DSA_PURE_SHA2_128S,0.10389536898583174,0.0015035179676488042,0.628150847973302,0.001103546004742384,0.010867335018701851,0.01091739593539387,22.09334421204403,1.1424936402720003,2482153.0,7856.0,32.0,10000.0,True,False
10,6,2020391454054904277,SLH_DSA_PURE_SHA2_128S,0.08183877705596387,0.0013746200129389763,0.6311870459467173,0.001127541996538639,0.01074582792352885,0.01080178003758192,22.12179295695387,1.1430523679279292,2482153.0,7856.0,32.0,10000.0,True,False
10,6,17112158135623214319,SLH_DSA_PURE_SHA2_128S,0.0799370399909094,0.001359393005259335,0.6297520030057058,0.0011044100392609835,0.010761142009869218,0.010813738917931914,22.077079462003894,1.1581432114774808,2482153.0,7856.0,32.0,10000.0,True,False
10,6,7381103947230550439,SLH_DSA_PURE_SHA2_128S,0.07608011597767472,0.0016323450254276395,0.601093061035499,0.0011387598933652043,0.011403991025872529,0.011453011073172092,10.980306064011529,1.150497192201523,2482153.0,7856.0,32.0,10000.0,True,False
10,7,17112158135623214319,SLH_DSA_PURE_SHA2_128S,0.09337148594204336,0.001861118944361806,0.6437577119795606,0.001369602046906948,0.010700782062485814,0.010785577003844082,22.07253421493806,1.086532331217592,2482153.0,7856.0,32.0,10000.0,True,False
10,7,2020391454054904277,SLH_DSA_PURE_SHA2_128S,0.13909717893693596,0.002411536988802254,0.7424558320781216,0.001401841058395803,0.011038166005164385,0.011088773026131094,21.95405566098634,1.0714020772863881,2482153.0,7856.0,32.0,10000.0,True,False
10,7,12967847895177283022,SLH_DSA_PURE_SHA2_128S,0.08685798302758485,0.0014349520206451416,0.653483691974543,0.0013447169912979007,0.010718705016188323,0.010770531021989882,22.34596930106636,1.0741842796627326,2482153.0,7856.0,32.0,10000.0,True,False
10,7,12129766243414126824,SLH_DSA_PURE_SHA2_128S,0.07997783902101219,0.0013990069273859262,0.6288349030073732,0.0011439209338277578,0.010823706979863346,0.010879411944188178,22.355229376931675,1.0662172894698743,2482153.0,7856.0,32.0,10000.0,True,False
10,7,7381103947230550439,SLH_DSA_PURE_SHA2_128S,0.07615213294047862,0.0013758341083303094,0.6036252359626815,0.0015276559861376882,0.010818453039973974,0.010869232006371021,10.83691561606247,1.0716066004369205,2482153.0,7856.0,32.0,10000.0,True,False
10,8,2020391454054904277,SLH_DSA_PURE_SHA2_128S,0.08620517095550895,0.0018947849748656154,0.693281457060948,0.0011277870507910848,0.010895979939959943,0.010978162987157702,21.55679940409027,0.9902728029523795,2482153.0,7856.0,32.0,10000.0,True,False
10,8,17112158135623214319,SLH_DSA_PURE_SHA2_128S,0.10266200709156692,0.0015191070269793272,0.675303268013522,0.0014064610004425049,0.010900271940045059,0.010947150061838329,21.62094137701206,1.0211416592422766,2482153.0,7856.0,32.0,10000.0,True,False
10,8,12967847895177283022,SLH_DSA_PURE_SHA2_128S,0.1532906530192122,0.001462817075662315,0.635337769985199,0.0011559430276975036,0.010848348960280418,0.010894419043324888,21.74984958290588,0.9928512809375605,2482153.0,7856.0,32.0,10000.0,True,False
10,8,12129766243414126824,SLH_DSA_PURE_SHA2_128S,0.15838397201150656,0.0023686069762334228,1.0746389239793643,0.0014162319712340832,0.010890973964706063,0.010938612977042794,21.459000639035366,0.9995066635905744,2482153.0,7856.0,32.0,10000.0,True,False
10,8,7381103947230550439,SLH_DSA_PURE_SHA2_128S,0.07758923096116632,0.0014799840282648802,0.6357927239732817,0.0013914009323343635,0.011104053002782166,0.011151574901305139,10.603125893045217,0.9888776514096002,2482153.0,7856.0,32.0,10000.0,True,False
10,9,12129766243414126824,SLH_DSA_PURE_SHA2_128S,0.08581891504582018,0.002162595046684146,0.6335044850129634,0.0011466849828138947,0.010773980990052223,0.010866906028240919,22.171946811955422,0.9179284983930497,2482153.0,7856.0,32.0,10000.0,True,False
10,9,12967847895177283022,SLH_DSA_PURE_SHA2_128S,0.15075659402646124,0.0019407130312174559,0.6737643730593845,0.0011420280206948519,0.010734580922871828,0.010817065020091832,22.043009001994506,0.9283882233852776,2482153.0,7856.0,32.0,10000.0,True,False
10,9,2020391454054904277,SLH_DSA_PURE_SHA2_128S,0.08192266896367073,0.0014665300259366632,0.6290575180901214,0.0011038609081879258,0.010839566006325185,0.010891117970459163,22.263149983016774,0.9056430873208152,2482153.0,7856.0,32.0,10000.0,True,False
10,9,17112158135623214319,SLH_DSA_PURE_SHA2_128S,0.07991071103606373,0.0013726779725402594,0.6324254180071875,0.0011335009476169944,0.010679315077140927,0.0107301059179008,22.307045980007388,0.9419225281991136,2482153.0,7856.0,32.0,10000.0,True,False
10,9,7381103947230550439,SLH_DSA_PURE_SHA2_128S,0.07746312802191824,0.0013284330489113927,0.6018767619971186,0.0011213480029255152,0.010848794947378337,0.010898011969402432,10.731755942921154,0.9095126064821554,2482153.0,7856.0,32.0,10000.0,True,False
10,10,17112158135623214319,SLH_DSA_PURE_SHA2_128S,0.15262945904396474,0.001549753942526877,0.712363772909157,0.0010777460411190987,0.010702524101361632,0.010791360982693732,21.921047641080804,0.8783828436185758,2482153.0,7856.0,32.0,10000.0,True,False
10,10,12967847895177283022,SLH_DSA_PURE_SHA2_128S,0.16474062006454915,0.0017815870232880116,0.6501852719811723,0.0011070170439779758,0.01078302797395736,0.010839271009899676,22.093944414053112,0.8794795034792476,2482153.0,7856.0,32.0,10000.0,True,False
10,10,2020391454054904277,SLH_DSA_PURE_SHA2_128S,0.08003826893400401,0.001384899951517582,0.6318920640042052,0.001085310010239482,0.010748325032182038,0.010795920970849693,22.25708864000626,0.8492188486999597,2482153.0,7856.0,32.0,10000.0,True,False
10,10,12129766243414126824,SLH_DSA_PURE_SHA2_128S,0.11127055902034044,0.0013406738871708512,0.6282566209556535,0.0010877150343731046,0.010733028990216553,0.010793725028634071,22.24698062497191,0.8607326705996602,2482153.0,7856.0,32.0,10000.0,True,False
10,10,7381103947230550439,SLH_DSA_PURE_SHA2_128S,0.07687166298273951,0.0013772620586678386,0.6028434479376301,0.0010687760077416897,0.010917642968706787,0.010966015048325062,10.803973276051693,0.8688086024678934,2482153.0,7856.0,32.0,10000.0,True,False
10,11,17112158135623214319,SLH_DSA_PURE_SHA2_128S,0.14099883998278528,0.0018109449883922935,0.6845946629764512,0.0014324579387903214,0.01094697997905314,0.011026780004613101,21.54222069797106,0.8213317026250279,2482153.0,7856.0,32.0,10000.0,True,False
10,11,2020391454054904277,SLH_DSA_PURE_SHA2_128S,0.15597162500489503,0.0018478609854355454,0.8006929529365152,0.0013702069409191608,0.011062334990128875,0.011107836035080254,21.693644975079224,0.7794666977736134,2482153.0,7856.0,32.0,10000.0,True,False
10,11,12967847895177283022,SLH_DSA_PURE_SHA2_128S,0.08481924189254642,0.0017404559766873717,0.6364186130231246,0.001403558999300003,0.011015440919436514,0.011064447928220034,22.073103077011183,0.809784087891015,2482153.0,7856.0,32.0,10000.0,True,False
10,11,12129766243414126824,SLH_DSA_PURE_SHA2_128S,0.07979433098807931,0.0013470940757542849,0.624807853018865,0.0011530580231919885,0.011034499038942158,0.011083213961683214,22.10708792100195,0.8030409031211377,2482153.0,7856.0,32.0,10000.0,True,False
10,11,7381103947230550439,SLH_DSA_PURE_SHA2_128S,0.07607351697515696,0.0013613119954243302,0.6008343279827386,0.0013912779977545142,0.011127655045129359,0.011185757000930607,10.725054052076302,0.802638945202477,2482153.0,7856.0,32.0,10000.0,True,False
10,12,12129766243414126824,SLH_DSA_PURE_SHA2_128S,0.09677200100850314,0.0014751020353287458,0.6301282499916852,0.001196489087305963,0.010716346092522144,0.010814952082000673,21.928695898037404,0.7551403278931261,2482153.0,7856.0,32.0,10000.0,True,False
10,12,17112158135623214319,SLH_DSA_PURE_SHA2_128S,0.07981328899040818,0.001431391923688352,0.63370035297703,0.0011256400030106306,0.010921041015535593,0.010973496944643557,22.03741276508663,0.7605278053032324,2482153.0,7856.0,32.0,10000.0,True,False
10,12,12967847895177283022,SLH_DSA_PURE_SHA2_128S,0.09075513400603086,0.0015071210218593478,0.6314662349177524,0.0013618459925055504,0.010665106936357915,0.010713936993852258,22.016379356966354,0.7461143708743226,2482153.0,7856.0,32.0,10000.0,True,False
10,12,2020391454054904277,SLH_DSA_PURE_SHA2_128S,0.17354335892014205,0.0016149840084835887,0.859765785979107,0.0013486669631674886,0.010758957010693848,0.010806655045598745,21.916041527991183,0.7212276959809633,2482153.0,7856.0,32.0,10000.0,True,False
10,12,7381103947230550439,SLH_DSA_PURE_SHA2_128S,0.0793282570084557,0.001942430972121656,0.6049952680477872,0.0011447579599916935,0.01069218898192048,0.01074471790343523,10.750743981916457,0.7399047019001775,2482153.0,7856.0,32.0,10000.0,True,False
10,13,12129766243414126824,SLH_DSA_PURE_SHA2_128S,0.09372786793392152,0.001824560109525919,0.6364118769997731,0.0010893750004470348,0.01084012701176107,0.010922278044745326,22.004251900943927,0.6924724183714809,2482153.0,7856.0,32.0,10000.0,True,False
10,13,12967847895177283022,SLH_DSA_PURE_SHA2_128S,0.12315648689400405,0.001749777002260089,0.6376216129865497,0.0010609299642965198,0.011083759949542582,0.011133264983072877,22.02543085999787,0.7089393170782552,2482153.0,7856.0,32.0,10000.0,True,False
10,13,17112158135623214319,SLH_DSA_PURE_SHA2_128S,0.1479022529674694,0.00196406792383641,0.648767277947627,0.0011103719007223845,0.011179916909895837,0.01122995000332594,22.062235968071036,0.7123385854898551,2482153.0,7856.0,32.0,10000.0,True,False
10,13,2020391454054904277,SLH_DSA_PURE_SHA2_128S,0.07961594802327454,0.001394956954754889,0.6284894099226221,0.001110302982851863,0.010907322051934898,0.010956782032735646,22.2533646740485,0.6821354192476303,2482153.0,7856.0,32.0,10000.0,True,False
10,13,7381103947230550439,SLH_DSA_PURE_SHA2_128S,0.0759562139865011,0.0013983219396322966,0.6010431160684675,0.0013222990091890097,0.010787304025143385,0.010837708017788827,10.80820611002855,0.69636252998544,2482153.0,7856.0,32.0,10000.0,True,False
10,14,12967847895177283022,SLH_DSA_PURE_SHA2_128S,0.08771176601294428,0.0033093879465013742,0.6615556729957461,0.0011987460311502218,0.010756165953353047,0.010836472967639565,21.964363021892495,0.6541216544354685,2482153.0,7856.0,32.0,10000.0,True,False
10,14,17112158135623214319,SLH_DSA_PURE_SHA2_128S,0.08532380103133619,0.0016549709253013134,0.6776339090429246,0.0011711260303854942,0.010787731036543846,0.0108333540847525,22.099870992009528,0.6593976115075925,2482153.0,7856.0,32.0,10000.0,True,False
10,14,2020391454054904277,SLH_DSA_PURE_SHA2_128S,0.08450121700298041,0.0015381090342998505,0.6521870270371437,0.0010983450338244438,0.010692771058529615,0.010739909019321203,22.137356844963506,0.6360167868363972,2482153.0,7856.0,32.0,10000.0,True,False
10,14,12129766243414126824,SLH_DSA_PURE_SHA2_128S,0.07991638395469636,0.0014024990377947688,0.6221935069188476,0.0011382999364286661,0.010738689918071032,0.010787438950501382,22.602726386045106,0.6377154034785569,2482153.0,7856.0,32.0,10000.0,True,False
10,14,7381103947230550439,SLH_DSA_PURE_SHA2_128S,0.0763238649815321,0.0013282600557431579,0.602593901916407,0.0011595910182222724,0.010804724995978177,0.010853830957785249,10.813342903973535,0.6619303189337064,2482153.0,7856.0,32.0,10000.0,True,False
10,15,12129766243414126824,SLH_DSA_PURE_SHA2_128S,0.08754972496535629,0.0017266249051317573,0.6524498340440914,0.0010837120935320854,0.01072586397640407,0.010808015940710902,21.38876189000439,0.6263982949974819,2482153.0,7856.0,32.0,10000.0,True,False
10,15,12967847895177283022,SLH_DSA_PURE_SHA2_128S,0.14124416501726955,0.0019691820489242673,0.7252926629735157,0.0011531990021467209,0.010632717981934547,0.01068240508902818,21.603814926929772,0.6098359227775575,2482153.0,7856.0,32.0,10000.0,True,False
10,15,2020391454054904277,SLH_DSA_PURE_SHA2_128S,0.08515077701304108,0.0016059450572356582,0.6487591580953449,0.001080836053006351,0.01069060293957591,0.01073820807505399,21.64523551496677,0.6024427735529387,2482153.0,7856.0,32.0,10000.0,True,False
10,15,17112158135623214319,SLH_DSA_PURE_SHA2_128S,0.07942951598670334,0.0013642311096191406,0.6260991429444402,0.0011761150090023875,0.010675171972252429,0.010726385982707143,21.954718558932655,0.615668420236522,2482153.0,7856.0,32.0,10000.0,True,False
10,15,7381103947230550439,SLH_DSA_PURE_SHA2_128S,0.07612578198313713,0.0013597499346360564,0.6001353380270302,0.0010802329052239656,0.010692230076529086,0.010739271063357592,10.707218617084436,0.6023420957735361,2482153.0,7856.0,32.0,10000.0,True,False
10,16,12129766243414126824,SLH_DSA_PURE_SHA2_128S,0.14843057293910533,0.00253592396620661,0.7912209449568763,0.001080529997125268,0.010763569036498666,0.010853108949959278,21.60621221596375,0.5837919567934812,2482153.0,7856.0,32.0,10000.0,True,False
10,16,2020391454054904277,SLH_DSA_PURE_SHA2_128S,0.08530710602644831,0.0015901479637250304,0.6460594610543922,0.0010631360346451402,0.010922437068074942,0.010972840012982488,22.073302918928675,0.5584729425966168,2482153.0,7856.0,32.0,10000.0,True,False
10,16,12967847895177283022,SLH_DSA_PURE_SHA2_128S,0.08320881193503737,0.0015591040719300508,0.6571472879732028,0.0010421560145914555,0.010936305043287575,0.010984714957885444,22.329435769934207,0.5868998494820473,2482153.0,7856.0,32.0,10000.0,True,False
10,16,17112158135623214319,SLH_DSA_PURE_SHA2_128S,0.07975307595916092,0.0013763600727543235,0.627328563015908,0.0013738590059801936,0.010815439047291875,0.010864096926525235,22.393465769011527,0.5751566890353402,2482153.0,7856.0,32.0,10000.0,True,False
10,16,7381103947230550439,SLH_DSA_PURE_SHA2_128S,0.07625333499163389,0.0013577659847214818,0.5998802699614316,0.00107377499807626,0.010828347061760724,0.010878984932787716,10.657077434007078,0.5616318754578075,2482153.0,7856.0,32.0,10000.0,True,False
10,17,2020391454054904277,SLH_DSA_PURE_SHA2_128S,0.14658972597680986,0.0017648660577833652,0.6665600480046123,0.001071231090463698,0.011040993966162205,0.011132642044685781,21.786778812063858,0.5202363790295566,2482153.0,7856.0,32.0,10000.0,True,False
10,17,12967847895177283022,SLH_DSA_PURE_SHA2_128S,0.14864143694285303,0.0017957329982891679,0.6354615669697523,0.001087184064090252,0.010922426008619368,0.010971245937980711,21.985878915991634,0.5556046388234003,2482153.0,7856.0,32.0,10000.0,True,False
10,17,17112158135623214319,SLH_DSA_PURE_SHA2_128S,0.15255868807435036,0.0026911819586530328,0.6341252239653841,0.0013778189895674586,0.01064074004534632,0.010690705035813153,22.060614921036176,0.53764871557871,2482153.0,7856.0,32.0,10000.0,True,False
10,17,12129766243414126824,SLH_DSA_PURE_SHA2_128S,0.07931084802839905,0.001334346947260201,0.6299716230714694,0.001105717965401709,0.011400770978070796,0.01145267195533961,22.23006167099811,0.5385706833423898,2482153.0,7856.0,32.0,10000.0,True,False
10,17,7381103947230550439,SLH_DSA_PURE_SHA2_128S,0.07582353299949318,0.0013888219837099314,0.599090536008589,0.0013401269679889083,0.010863811941817403,0.01091396901756525,10.969780387938954,0.5326054971962692,2482153.0,7856.0,32.0,10000.0,True,False
10,18,2020391454054904277,SLH_DSA_PURE_SHA2_128S,0.08757196401711553,0.0017637299606576562,0.6638634639093652,0.0010940410429611802,0.010719156940467656,0.010819141985848546,21.940348446951248,0.5022571524872947,2482153.0,7856.0,32.0,10000.0,True,False
10,18,12967847895177283022,SLH_DSA_PURE_SHA2_128S,0.08484701602719724,0.0014889960875734687,0.6439597569406033,0.001083752023987472,0.0108883649809286,0.01093926199246198,22.18351189699024,0.5153167398985677,2482153.0,7856.0,32.0,10000.0,True,False
10,18,17112158135623214319,SLH_DSA_PURE_SHA2_128S,0.08461831999011338,0.0020753099815919995,0.657217615051195,0.0011766500538215041,0.010791730019263923,0.010843656957149506,22.229745718999766,0.5029303559634727,2482153.0,7856.0,32.0,10000.0,True,False
10,18,12129766243414126824,SLH_DSA_PURE_SHA2_128S,0.07972881593741477,0.0013702589785680175,0.6248171320185065,0.0010921169305220246,0.010962811065837741,0.01101305999327451,22.5396855029976,0.5012898582834214,2482153.0,7856.0,32.0,10000.0,True,False
10,18,7381103947230550439,SLH_DSA_PURE_SHA2_128S,0.07608949800487608,0.001356801949441433,0.6022848770953715,0.0011074698995798826,0.010739087010733783,0.01078794605564326,10.877868936979212,0.4824908141629955,2482153.0,7856.0,32.0,10000.0,True,False
10,19,17112158135623214319,SLH_DSA_PURE_SHA2_128S,0.086145039065741,0.0020140010165050626,0.637967478018254,0.0011404040269553661,0.011054925038479269,0.01113125600386411,21.660658281994984,0.46558504202328743,2482153.0,7856.0,32.0,10000.0,True,False
10,19,12129766243414126824,SLH_DSA_PURE_SHA2_128S,0.08438487502280623,0.0016479420010000467,0.7052921300055459,0.001178958103992045,0.011472843936644495,0.011533068027347326,21.787599333096296,0.47204125760057675,2482153.0,7856.0,32.0,10000.0,True,False
10,19,2020391454054904277,SLH_DSA_PURE_SHA2_128S,0.14300821698270738,0.0015630970010533929,0.8562983409501612,0.0011315889423713088,0.011036759940907359,0.01109331997577101,21.58496346301399,0.45775247179566864,2482153.0,7856.0,32.0,10000.0,True,False
10,19,12967847895177283022,SLH_DSA_PURE_SHA2_128S,0.07968861900735646,0.0013210349716246128,0.6894252150086686,0.00112387805711478,0.010961861000396311,0.011010976042598486,21.864876292995177,0.4726545568674612,2482153.0,7856.0,32.0,10000.0,True,False
10,19,7381103947230550439,SLH_DSA_PURE_SHA2_128S,0.07664232503157109,0.0018991370452567935,0.6523594340542331,0.00125720608048141,0.011019299970939755,0.011068405932746828,10.729688585037366,0.4385516124363905,2482153.0,7856.0,32.0,10000.0,True,False
10,20,2020391454054904277,SLH_DSA_PURE_SHA2_128S,0.13930863700807095,0.0030850879848003387,0.6320330620510504,0.0012120910687372088,0.01083513000048697,0.010914976010099053,22.170562629937194,0.41839399716605585,2482153.0,7856.0,32.0,10000.0,True,False
10,20,12129766243414126824,SLH_DSA_PURE_SHA2_128S,0.09049938397947699,0.001356441993266344,0.6298788340063766,0.0011820209911093116,0.010917137027718127,0.010960452957078815,22.367594128008932,0.43609078668248347,2482153.0,7856.0,32.0,10000.0,True,False
10,20,12967847895177283022,SLH_DSA_PURE_SHA2_128S,0.08026166493073106,0.0013800919987261295,0.6262264569522813,0.0014158820267766714,0.010697772959247231,0.010740309953689575,22.364044773043133,0.4425297004941363,2482153.0,7856.0,32.0,10000.0,True,False
10,20,17112158135623214319,SLH_DSA_PURE_SHA2_128S,0.1138781119370833,0.00143497996032238,0.6318202880211174,0.001070444006472826,0.01106336701195687,0.011109570972621441,22.29962308006361,0.4427576306969308,2482153.0,7856.0,32.0,10000.0,True,False
10,20,7381103947230550439,SLH_DSA_PURE_SHA2_128S,0.07553633803036064,0.0014133119257166982,0.6003285960759968,0.0011321119964122772,0.010790697066113353,0.010832039988599718,10.661128332954831,0.42381858642989645,2482153.0,7856.0,32.0,10000.0,True,False
10,21,2020391454054904277,SLH_DSA_PURE_SHA2_128S,0.08707925002090633,0.002646024920977652,0.8319571310421452,0.0011324899969622493,0.011257393984124064,0.011350548011250794,21.71009529195726,0.4152338958491152,2482153.0,7856.0,32.0,10000.0,True,False
10,21,12129766243414126824,SLH_DSA_PURE_SHA2_128S,0.1557046870002523,0.0016237969975918531,0.6428081550402567,0.0011797709157690406,0.010864273994229734,0.010916120954789221,21.96618041396141,0.42903228259434145,2482153.0,7856.0,32.0,10000.0,True,False
10,21,17112158135623214319,SLH_DSA_PURE_SHA2_128S,0.18675207498017699,0.002100388053804636,0.6704971219878644,0.0011113929795101285,0.010704319924116135,0.010754594928584993,22.119333973969333,0.4112339783935977,2482153.0,7856.0,32.0,10000.0,True,False
10,21,12967847895177283022,SLH_DSA_PURE_SHA2_128S,0.07992933900095522,0.0013955599861219525,0.6298733550356701,0.001153447083197534,0.010765466024167836,0.010817184927873313,22.355015913024545,0.43736430151929584,2482153.0,7856.0,32.0,10000.0,True,False
10,21,7381103947230550439,SLH_DSA_PURE_SHA2_128S,0.07619284198153764,0.0014212379464879632,0.6004874180071056,0.00109692697878927,0.010896479012444615,0.010947436094284058,10.998491115053184,0.4135441095374834,2482153.0,7856.0,32.0,10000.0,True,False
10,22,12129766243414126824,SLH_DSA_PURE_SHA2_128S,0.1464193849824369,0.0017306809313595295,0.6720080610830337,0.0010751159861683846,0.010789921972900629,0.010879743029363453,22.040822122013196,0.40697010704122794,2482153.0,7856.0,32.0,10000.0,True,False
10,22,2020391454054904277,SLH_DSA_PURE_SHA2_128S,0.12777628900948912,0.0019191979663446546,0.6369451279751956,0.0011044329730793834,0.010782494908198714,0.010836592991836369,21.908861560979858,0.38499168979640774,2482153.0,7856.0,32.0,10000.0,True,False
10,22,12967847895177283022,SLH_DSA_PURE_SHA2_128S,0.08328385604545474,0.0014680969761684537,0.6294667259790003,0.0011175490217283368,0.01083020691294223,0.01088197308126837,22.045313663082197,0.39030125428633855,2482153.0,7856.0,32.0,10000.0,True,False
10,22,17112158135623214319,SLH_DSA_PURE_SHA2_128S,0.07956991903483868,0.0013664200669154525,0.6315573890460655,0.0010864419164136052,0.010876058018766344,0.010926470044068992,22.28347202204168,0.3805054113173637,2482153.0,7856.0,32.0,10000.0,True,False
10,22,7381103947230550439,SLH_DSA_PURE_SHA2_128S,0.07607289194129407,0.0013858269667252898,0.6014564610086381,0.0011382999364286661,0.01111852703616023,0.011167265940457582,10.76146944402717,0.4084673702267531,2482153.0,7856.0,32.0,10000.0,True,False
10,23,17112158135623214319,SLH_DSA_PURE_SHA2_128S,0.12745549890678376,0.004474923014640808,0.6792504619807005,0.0011201610323041677,0.010787306004203856,0.010871937964111567,21.865601464058273,0.3593746464634046,2482153.0,7856.0,32.0,10000.0,True,False
10,23,12967847895177283022,SLH_DSA_PURE_SHA2_128S,0.0802848240127787,0.0017233100952580571,0.6426672859815881,0.001110767014324665,0.010803328012116253,0.010851019993424416,22.055500656017102,0.391725069492127,2482153.0,7856.0,32.0,10000.0,True,False
10,23,12129766243414126824,SLH_DSA_PURE_SHA2_128S,0.07980280695483088,0.0013991650193929672,0.6309197479858994,0.0013900339836254716,0.01121251203585416,0.011260463972575963,22.105855243979022,0.3806575559460507,2482153.0,7856.0,32.0,10000.0,True,False
10,23,2020391454054904277,SLH_DSA_PURE_SHA2_128S,0.10899605590384454,0.0014282700140029192,0.7049170091049746,0.0011217669816687703,0.010865577030926943,0.010916618048213422,22.03511654806789,0.3663950697176706,2482153.0,7856.0,32.0,10000.0,True,False
10,23,7381103947230550439,SLH_DSA_PURE_SHA2_128S,0.07634974201209843,0.0014067540178075433,0.6013153300154954,0.0010617340449243784,0.010778929921798408,0.010823675896972418,10.757259653997608,0.37706854653964267,2482153.0,7856.0,32.0,10000.0,True,False
10,24,2020391454054904277,SLH_DSA_PURE_SHA2_128S,0.0866066989256069,0.0025822120951488614,0.8735451010288671,0.001086779055185616,0.010742289014160633,0.010857110959477723,21.687274030060507,0.3300342804933794,2482153.0,7856.0,32.0,10000.0,True,False
10,24,17112158135623214319,SLH_DSA_PURE_SHA2_128S,0.0899052779423073,0.002310332958586514,0.6466807239921764,0.0013145030243322253,0.010714638978242874,0.010768345091491938,22.059610467986204,0.3373658102208052,2482153.0,7856.0,32.0,10000.0,True,False
10,24,12967847895177283022,SLH_DSA_PURE_SHA2_128S,0.08477231697179377,0.002268834039568901,0.6478400839259848,0.0011724389623850584,0.010790590080432594,0.010840964037925005,22.025430809007958,0.3586917426169347,2482153.0,7856.0,32.0,10000.0,True,False
10,24,12129766243414126824,SLH_DSA_PURE_SHA2_128S,0.0794780480209738,0.001386996009387076,0.6215965460287407,0.001117717009037733,0.010718400008045137,0.010767259984277189,22.451555381994694,0.34683887693679893,2482153.0,7856.0,32.0,10000.0,True,False
10,24,7381103947230550439,SLH_DSA_PURE_SHA2_128S,0.07572216400876641,0.0014248869847506285,0.6005599300842732,0.0012177900644019246,0.010731586953625083,0.01078228501137346,10.731658403063193,0.34339112507554287,2482153.0,7856.0,32.0,10000.0,True,False
10,25,12129766243414126824,SLH_DSA_PURE_SHA2_128S,0.1640643780119717,0.0016160670202225447,0.64461149496492,0.0010614730417728424,0.010702762054279447,0.010799556039273739,21.95768055098597,0.3326325726400787,2482153.0,7856.0,32.0,10000.0,True,False
10,25,17112158135623214319,SLH_DSA_PURE_SHA2_128S,0.14188042900059372,0.0018879140261560678,0.6429924609838054,0.0011074909707531333,0.01086389902047813,0.010917328065261245,22.00912239693571,0.32017603071745687,2482153.0,7856.0,32.0,10000.0,True,False
10,25,12967847895177283022,SLH_DSA_PURE_SHA2_128S,0.10928465297911316,0.0021724540274590254,0.697097597992979,0.0011106299934908748,0.01093668898101896,0.010986231965944171,22.08008348196745,0.3625840071407251,2482153.0,7856.0,32.0,10000.0,True,False
10,25,2020391454054904277,SLH_DSA_PURE_SHA2_128S,0.07961926702409983,0.001373184029944241,0.6231599730672315,0.001111055025830865,0.01075049303472042,0.010803433018736541,22.363763296976686,0.31990777322064384,2482153.0,7856.0,32.0,10000.0,True,False
10,25,7381103947230550439,SLH_DSA_PURE_SHA2_128S,0.0759072529617697,0.0013796889688819647,0.6008140579797328,0.0011288670357316732,0.01066989591345191,0.010720834019593894,10.928215613937937,0.3198177902200542,2482153.0,7856.0,32.0,10000.0,True,False
10,26,12967847895177283022,SLH_DSA_PURE_SHA2_128S,0.08584806998260319,0.0021040269639343023,0.6524799710605294,0.0012553540291264653,0.010926505899988115,0.011016072006896138,21.617050965083763,0.35197221760016184,2482153.0,7856.0,32.0,10000.0,True,False
10,26,12129766243414126824,SLH_DSA_PURE_SHA2_128S,0.08457428705878556,0.001557428971864283,0.7107857930241153,0.0012298820074647665,0.011228130082599819,0.011284922016784549,21.842526857042685,0.31528200204082474,2482153.0,7856.0,32.0,10000.0,True,False
10,26,2020391454054904277,SLH_DSA_PURE_SHA2_128S,0.1574175839778036,0.0020742700435221195,0.9136769319884479,0.0018029209459200501,0.011716092005372047,0.011769226985052228,21.534389503998682,0.30734715049866196,2482153.0,7856.0,32.0,10000.0,True,False
10,26,17112158135623214319,SLH_DSA_PURE_SHA2_128S,0.07987185299862176,0.0014031010214239359,0.6822941419668496,0.001219788915477693,0.011125989025458694,0.011171361897140741,22.03543482196983,0.2922600166442188,2482153.0,7856.0,32.0,10000.0,True,False
10,26,7381103947230550439,SLH_DSA_PURE_SHA2_128S,0.07591089000925422,0.0013888409594073892,0.6493554570479318,0.001167931011877954,0.01127130992244929,0.011314559960737824,10.789044767036103,0.32332057305819956,2482153.0,7856.0,32.0,10000.0,True,False
10,27,2020391454054904277,SLH_DSA_PURE_SHA2_128S,0.08812740503344685,0.0030743380775675178,0.6605952209793031,0.0011310270056128502,0.010765215964056551,0.010858029942028224,21.69666871300433,0.3001471426220426,2482153.0,7856.0,32.0,10000.0,True,False
10,27,12967847895177283022,SLH_DSA_PURE_SHA2_128S,0.11036052100826055,0.0014796849573031068,0.652510188985616,0.0011818630155175924,0.01071213698014617,0.010764595004729927,21.835863166023046,0.3310717695984787,2482153.0,7856.0,32.0,10000.0,True,False
10,27,17112158135623214319,SLH_DSA_PURE_SHA2_128S,0.09452899207826704,0.0020863719983026385,0.6463348149554804,0.0011831159936264157,0.010728036984801292,0.010778751922771335,21.89229913998861,0.29820855385430467,2482153.0,7856.0,32.0,10000.0,True,False
10,27,12129766243414126824,SLH_DSA_PURE_SHA2_128S,0.07995082996785641,0.0013309689238667488,0.6197052729548886,0.001101003959774971,0.010752792935818434,0.01080437796190381,22.323057378060184,0.3002859695335499,2482153.0,7856.0,32.0,10000.0,True,False
10,27,7381103947230550439,SLH_DSA_PURE_SHA2_128S,0.0764216830721125,0.001359767047688365,0.6007228730013594,0.001109160017222166,0.010896102990955114,0.010947179980576038,10.718987134983763,0.31768529838659226,2482153.0,7856.0,32.0,10000.0,True,False
10,28,2020391454054904277,SLH_DSA_PURE_SHA2_128S,0.08673504495527595,0.0025540500646457076,0.6333646930288523,0.001086555072106421,0.010915537946857512,0.011015532072633505,22.061272113001905,0.2717513044070179,2482153.0,7856.0,32.0,10000.0,True,False
10,28,17112158135623214319,SLH_DSA_PURE_SHA2_128S,0.13285900291521102,0.001516121905297041,0.6317926199408248,0.001068738056346774,0.0108205039286986,0.010873891995288432,22.12617218203377,0.28636811140883034,2482153.0,7856.0,32.0,10000.0,True,False
10,28,12129766243414126824,SLH_DSA_PURE_SHA2_128S,0.08101031905971467,0.0013694859808310866,0.629534731968306,0.0011006760178133845,0.010848521022126079,0.010898574022576213,22.196782512939535,0.31087500452787015,2482153.0,7856.0,32.0,10000.0,True,False
10,28,12967847895177283022,SLH_DSA_PURE_SHA2_128S,0.07944963895715773,0.00139817304443568,0.6419843580806628,0.0010749900247901678,0.010675646015442908,0.01073163200635463,22.23710718692746,0.3149964456378033,2482153.0,7856.0,32.0,10000.0,True,False
10,28,7381103947230550439,SLH_DSA_PURE_SHA2_128S,0.07622254197485745,0.0016638049855828285,0.6004171610111371,0.0011384489480406046,0.010651398915797472,0.010702422936446965,10.752771220984869,0.2724812860294177,2482153.0,7856.0,32.0,10000.0,True,False
10,29,2020391454054904277,SLH_DSA_PURE_SHA2_128S,0.08627999806776643,0.0027497829869389534,0.6593724789563566,0.0010774609399959445,0.010684099979698658,0.010775245958939195,22.13241876999382,0.28273571880694964,2482153.0,7856.0,32.0,10000.0,True,False
10,29,12129766243414126824,SLH_DSA_PURE_SHA2_128S,0.15496842504944652,0.0020153679652139544,0.734055076027289,0.0011339079355821013,0.010767812025733292,0.010816841037012637,22.069399659056216,0.2931307660327992,2482153.0,7856.0,32.0,10000.0,True,False
10,29,17112158135623214319,SLH_DSA_PURE_SHA2_128S,0.12074590299744159,0.0018192320130765438,0.6843946899753064,0.0013622919796034694,0.010842764051631093,0.010890637058764696,22.287698962027207,0.28322645335401686,2482153.0,7856.0,32.0,10000.0,True,False
10,29,12967847895177283022,SLH_DSA_PURE_SHA2_128S,0.07973948493599892,0.0013572489842772484,0.6294981399551034,0.0010836620349436998,0.010733105009421706,0.010806323029100895,22.530063069076277,0.29514993378928245,2482153.0,7856.0,32.0,10000.0,True,False
10,29,7381103947230550439,SLH_DSA_PURE_SHA2_128S,0.07627983496058732,0.0016559900250285864,0.600321016041562,0.0011127210455015302,0.01078375696670264,0.010828502010554075,10.720344202010892,0.2669870265441152,2482153.0,7856.0,32.0,10000.0,True,False
10,30,2020391454054904277,SLH_DSA_PURE_SHA2_128S,0.16245685203466564,0.0037053279811516404,0.8385798460803926,0.0010931489523500204,0.011261244071647525,0.011347566964104772,21.601101828971878,0.27207361838182276,2482153.0,7856.0,32.0,10000.0,True,False
10,30,12967847895177283022,SLH_DSA_PURE_SHA2_128S,0.14765538496430963,0.0025898630265146494,1.0530445569893345,0.0011388760758563876,0.010779779055155814,0.010830346960574389,21.48258114804048,0.28426536154440835,2482153.0,7856.0,32.0,10000.0,True,False
10,30,17112158135623214319,SLH_DSA_PURE_SHA2_128S,0.07974375400226563,0.0013729670317843556,0.6328984049614519,0.0011307300301268697,0.010780332959257066,0.010830597952008247,22.15331940492615,0.22556072587858492,2482153.0,7856.0,32.0,10000.0,True,False
10,30,12129766243414126824,SLH_DSA_PURE_SHA2_128S,0.13884999498259276,0.0014737590681761503,0.6475281089078635,0.0011688650120049715,0.010952544049359858,0.01100274093914777,22.042200849042274,0.26386639596403433,2482153.0,7856.0,32.0,10000.0,True,False
10,30,7381103947230550439,SLH_DSA_PURE_SHA2_128S,0.07773269002791494,0.0017097400268539786,0.6075245420215651,0.001286716083995998,0.010976971010677516,0.011024279054254293,10.68987904896494,0.264136221082048,2482153.0,7856.0,32.0,10000.0,True,False
