run,round,node_id,scheme,keygen_time,client_serialize_time,sign_time,server_serialize_time,verify_time,server_verify_total_time,train_time,train_loss,signed_payload_size,sig_size,pubkey_size,num_examples,sig_valid,has_nan
1,1,588918001640696052,SLH_DSA_PURE_SHA2_128S,0.16790984303224832,0.0016457869787700474,0.6616622590227053,0.0011342689977027476,0.010746999992989004,0.01088267401792109,10.768785052001476,2.058623083837473,2482153.0,7856.0,32.0,5000.0,True,False
1,1,4288175315605002993,SLH_DSA_PURE_SHA2_128S,0.08591498201712966,0.001619343995116651,0.6407248030300252,0.0010637340019457042,0.01077205699402839,0.01082496700109914,10.886359453026671,2.0093023594777297,2482153.0,7856.0,32.0,5000.0,True,False
1,1,3823694268576361453,SLH_DSA_PURE_SHA2_128S,0.13403401197865605,0.001976894971448928,0.6358387469663285,0.0011563390144146979,0.01098670600913465,0.011039359029382467,11.045507732022088,2.0277708199373476,2482153.0,7856.0,32.0,5000.0,True,False
1,1,17862244542708492915,SLH_DSA_PURE_SHA2_128S,0.08023899502586573,0.001388715987559408,0.6406411059433594,0.0011350340209901333,0.010930375952739269,0.0109914590138942,10.889651852019597,1.9586738105032855,2482153.0,7856.0,32.0,5000.0,True,False
1,1,1489939299139112435,SLH_DSA_PURE_SHA2_128S,0.12061352899763733,0.001790171954780817,0.6483293200144544,0.0010672479984350502,0.010849127022083849,0.0109342000214383,10.791794727963861,2.123507851248334,2482153.0,7856.0,32.0,5000.0,True,False
1,1,2805761419255490507,SLH_DSA_PURE_SHA2_128S,0.15764415601734072,0.0021227460238151252,0.6509534160140902,0.0010782030294649303,0.01118346897419542,0.011237858969252557,10.809076056990307,2.092803584542244,2482153.0,7856.0,32.0,5000.0,True,False
1,1,57072445505052326,SLH_DSA_PURE_SHA2_128S,0.16107736999401823,0.001703146961517632,0.8160705820191652,0.0010903520160354674,0.010996991011779755,0.011048629006836563,10.710013019968756,2.069265321561485,2482153.0,7856.0,32.0,5000.0,True,False
1,1,2880478214467679917,SLH_DSA_PURE_SHA2_128S,0.0802310659782961,0.0016212360351346433,0.6365045989514329,0.0010813680128194392,0.010804128949530423,0.010871605016291142,11.006576017010957,2.0010566605124502,2482153.0,7856.0,32.0,5000.0,True,False
1,1,15309435975296050079,SLH_DSA_PURE_SHA2_128S,0.08225801296066493,0.0014139720005914569,0.6049331080284901,0.0011134009691886604,0.01086840295465663,0.010918166022747755,6.095186045975424,2.0319199789861204,2482153.0,7856.0,32.0,5000.0,True,False
1,1,4396800305167829671,SLH_DSA_PURE_SHA2_128S,0.07680770405568182,0.0013754059909842908,0.605395354970824,0.0010750439832918346,0.010854988999199122,0.010903413000050932,6.10240417503519,2.0943100976336533,2482153.0,7856.0,32.0,5000.0,True,False
1,2,17862244542708492915,SLH_DSA_PURE_SHA2_128S,0.12418570602312684,0.0013585560373030603,0.6373787619522773,0.001097017026040703,0.010687112982850522,0.01078869798220694,10.85971743403934,1.81703672059782,2482153.0,7856.0,32.0,5000.0,True,False
1,2,3823694268576361453,SLH_DSA_PURE_SHA2_128S,0.13480385002912953,0.0015065579791553319,0.6314625489758328,0.001268966996576637,0.010796173999551684,0.010850193037185818,10.807500324037392,1.803835386683227,2482153.0,7856.0,32.0,5000.0,True,False
1,2,4288175315605002993,SLH_DSA_PURE_SHA2_128S,0.0929445750080049,0.0013943010126240551,0.6911452439962886,0.0010975970071740448,0.01099388999864459,0.011044137994758785,10.89680117694661,1.831153997190439,2482153.0,7856.0,32.0,5000.0,True,False
1,2,588918001640696052,SLH_DSA_PURE_SHA2_128S,0.08223487698705867,0.0016206700238399208,0.6356384140090086,0.0011686799698509276,0.010707632987760007,0.010757010022643954,10.922633507987484,1.814042827126327,2482153.0,7856.0,32.0,5000.0,True,False
1,2,2805761419255490507,SLH_DSA_PURE_SHA2_128S,0.09426882700063288,0.0016773399547673762,0.6344047680031508,0.0010932229924947023,0.010759753989987075,0.010809429979417473,10.770036898960825,1.841757798650462,2482153.0,7856.0,32.0,5000.0,True,False
1,2,57072445505052326,SLH_DSA_PURE_SHA2_128S,0.14280442602466792,0.0015233790036290884,0.6313205669866875,0.0011107759783044457,0.010749797977041453,0.010798096016515046,10.678096092946362,1.8152134517195877,2482153.0,7856.0,32.0,5000.0,True,False
1,2,1489939299139112435,SLH_DSA_PURE_SHA2_128S,0.08439740701578557,0.001655177038628608,0.6569649539887905,0.0011800099746324122,0.010950812022201717,0.011035891016945243,10.695964170969091,1.8534717726859318,2482153.0,7856.0,32.0,5000.0,True,False
1,2,2880478214467679917,SLH_DSA_PURE_SHA2_128S,0.07944347301963717,0.001390438002999872,0.6814921770128421,0.001108038006350398,0.010864047973882407,0.0109138970146887,10.741116510995198,1.817582027168031,2482153.0,7856.0,32.0,5000.0,True,False
1,2,15309435975296050079,SLH_DSA_PURE_SHA2_128S,0.08475372398970649,0.0016363399918191135,0.6203566489857621,0.0011909210006706417,0.010789976979140192,0.010844747012015432,6.126464164990466,1.7889210441309935,2482153.0,7856.0,32.0,5000.0,True,False
1,2,4396800305167829671,SLH_DSA_PURE_SHA2_128S,0.07687414903193712,0.0013543579843826592,0.6099574930267408,0.0011072329943999648,0.010930367046967149,0.010976855992339551,6.189386854006443,1.7994571483818589,2482153.0,7856.0,32.0,5000.0,True,False
1,3,4288175315605002993,SLH_DSA_PURE_SHA2_128S,0.1534580399747938,0.001623682037461549,0.6388037080178037,0.0010803570039570332,0.010748305008746684,0.010832906991709024,10.604146768979263,1.6411756823776633,2482153.0,7856.0,32.0,5000.0,True,False
1,3,3823694268576361453,SLH_DSA_PURE_SHA2_128S,0.08586973999626935,0.0018547629588283598,0.6406086930073798,0.0011269780225120485,0.010755412047728896,0.01080664701294154,10.656552091008052,1.6647303757394196,2482153.0,7856.0,32.0,5000.0,True,False
1,3,17862244542708492915,SLH_DSA_PURE_SHA2_128S,0.08642098004929721,0.0021691719884984195,0.6857330389902927,0.0010931729921139777,0.010910782031714916,0.010956407990306616,10.813122980995104,1.6218164885879323,2482153.0,7856.0,32.0,5000.0,True,False
1,3,588918001640696052,SLH_DSA_PURE_SHA2_128S,0.08058348303893581,0.0013299649581313133,0.6317062769667245,0.0011186620104126632,0.010929325013421476,0.010979555023368448,10.892306733003352,1.676154791169865,2482153.0,7856.0,32.0,5000.0,True,False
1,3,1489939299139112435,SLH_DSA_PURE_SHA2_128S,0.085007578949444,0.0019694279762916267,0.6374073509941809,0.001105679024476558,0.0107691939920187,0.010812919994350523,10.797387335042004,1.6879237928208273,2482153.0,7856.0,32.0,5000.0,True,False
1,3,57072445505052326,SLH_DSA_PURE_SHA2_128S,0.15096051304135472,0.0018542480538599193,0.6670596949988976,0.0011269189999438822,0.010998350975569338,0.01104924501851201,10.979390103020705,1.650308492836679,2482153.0,7856.0,32.0,5000.0,True,False
1,3,2805761419255490507,SLH_DSA_PURE_SHA2_128S,0.10305801802314818,0.001558879972435534,0.6346775380079634,0.0011630089720711112,0.010780731972772628,0.010854866995941848,11.049318069010042,1.6861655788057168,2482153.0,7856.0,32.0,5000.0,True,False
1,3,2880478214467679917,SLH_DSA_PURE_SHA2_128S,0.07994941994547844,0.0014099469990469515,0.6285364660434425,0.0011526900343596935,0.010793919034767896,0.010954190976917744,10.917820312955882,1.634255515542,2482153.0,7856.0,32.0,5000.0,True,False
1,3,4396800305167829671,SLH_DSA_PURE_SHA2_128S,0.08099930000025779,0.0016499229823239148,0.6093729339772835,0.0011492889607325196,0.010727574990596622,0.010773551999591291,6.171986075991299,1.643743938701168,2482153.0,7856.0,32.0,5000.0,True,False
1,3,15309435975296050079,SLH_DSA_PURE_SHA2_128S,0.07830121100414544,0.0014312390121631324,0.6156910749850795,0.0010931550059467554,0.010834216955117881,0.010883929033298045,6.244595361989923,1.6192025956074902,2482153.0,7856.0,32.0,5000.0,True,False
1,4,4288175315605002993,SLH_DSA_PURE_SHA2_128S,0.15734231402166188,0.00264794600661844,0.688101427978836,0.0011220189626328647,0.010936554986983538,0.011018811026588082,10.75268211500952,1.5265562663412398,2482153.0,7856.0,32.0,5000.0,True,False
1,4,3823694268576361453,SLH_DSA_PURE_SHA2_128S,0.13961525895865634,0.0017548130126670003,0.6392932430026121,0.0012337940279394388,0.010910107987001538,0.010959109989926219,10.908795018971432,1.5325620595816594,2482153.0,7856.0,32.0,5000.0,True,False
1,4,17862244542708492915,SLH_DSA_PURE_SHA2_128S,0.07965964602772146,0.0014604629832319915,0.6298805379774421,0.0011235249694436789,0.01117756898747757,0.01122614397900179,10.958406527002808,1.5371893515252764,2482153.0,7856.0,32.0,5000.0,True,False
1,4,588918001640696052,SLH_DSA_PURE_SHA2_128S,0.07921728899236768,0.0014575030072592199,0.6293691950268112,0.001396411971654743,0.010891416983213276,0.010960313957184553,10.95846747100586,1.5407280360057856,2482153.0,7856.0,32.0,5000.0,True,False
1,4,57072445505052326,SLH_DSA_PURE_SHA2_128S,0.15617416403256357,0.002581349981483072,0.6950482110260054,0.0012134169810451567,0.010855300002731383,0.010904228023719043,10.767163300944958,1.5141310289407233,2482153.0,7856.0,32.0,5000.0,True,False
1,4,2880478214467679917,SLH_DSA_PURE_SHA2_128S,0.08134945400524884,0.0014315530424937606,0.6345150060369633,0.00119852798525244,0.011127733974717557,0.0111774510005489,10.975737417989876,1.5319156312638786,2482153.0,7856.0,32.0,5000.0,True,False
1,4,2805761419255490507,SLH_DSA_PURE_SHA2_128S,0.07902005303185433,0.0013803770416416228,0.6463880020310171,0.0012129329843446612,0.011477717023808509,0.0115523089771159,11.160686501010787,1.5595839775291978,2482153.0,7856.0,32.0,5000.0,True,False
1,4,1489939299139112435,SLH_DSA_PURE_SHA2_128S,0.109123992966488,0.0014287169906310737,0.6326858390239067,0.0011853049509227276,0.011038021999411285,0.01109937101136893,10.998560360982083,1.5613725003163526,2482153.0,7856.0,32.0,5000.0,True,False
1,4,15309435975296050079,SLH_DSA_PURE_SHA2_128S,0.08534375904127955,0.0016416729777120054,0.6192288909805939,0.0012146829976700246,0.010962633008603007,0.011011041002348065,6.212970186024904,1.5026432685791307,2482153.0,7856.0,32.0,5000.0,True,False
1,4,4396800305167829671,SLH_DSA_PURE_SHA2_128S,0.0776179229724221,0.0016647360171191394,0.6481113199843094,0.0012181790079921484,0.010955703037325293,0.011008255009073764,6.283581905008759,1.5195463106131097,2482153.0,7856.0,32.0,5000.0,True,False
1,5,4288175315605002993,SLH_DSA_PURE_SHA2_128S,0.09149099700152874,0.0027975679840892553,0.6381042750435881,0.0011685490026138723,0.010764956008642912,0.010852238978259265,10.76589113502996,1.422768541582071,2482153.0,7856.0,32.0,5000.0,True,False
1,5,17862244542708492915,SLH_DSA_PURE_SHA2_128S,0.12763555499259382,0.001863212964963168,0.6753691909834743,0.0011040419922210276,0.010790044034365565,0.010837898997124285,10.770835378963966,1.4383499265476396,2482153.0,7856.0,32.0,5000.0,True,False
1,5,3823694268576361453,SLH_DSA_PURE_SHA2_128S,0.12159454700304195,0.0019080659840255976,0.6304342120420188,0.0011248599621467292,0.011492059973534197,0.011541472980752587,10.855665545968805,1.4307626151734856,2482153.0,7856.0,32.0,5000.0,True,False
1,5,588918001640696052,SLH_DSA_PURE_SHA2_128S,0.08008270501159132,0.0013345989864319563,0.6355881640338339,0.0014559130067937076,0.011153578001540154,0.011213596968445927,10.98535475297831,1.4399926856065253,2482153.0,7856.0,32.0,5000.0,True,False
1,5,2805761419255490507,SLH_DSA_PURE_SHA2_128S,0.08800325699849054,0.00342749897390604,0.7578961999970488,0.0012723240070044994,0.011122841970063746,0.011174141021911055,11.002589910000097,1.4452199339866638,2482153.0,7856.0,32.0,5000.0,True,False
1,5,2880478214467679917,SLH_DSA_PURE_SHA2_128S,0.17455822398187593,0.001457993988879025,0.6316285509965383,0.0013292829971760511,0.011062986042816192,0.011120019014924765,10.945986226026434,1.4301180740830246,2482153.0,7856.0,32.0,5000.0,True,False
1,5,1489939299139112435,SLH_DSA_PURE_SHA2_128S,0.08488456904888153,0.002134135051164776,0.6317381369881332,0.0013878109748475254,0.011007678986061364,0.011105993995442986,11.112136413983535,1.4414715744127893,2482153.0,7856.0,32.0,5000.0,True,False
1,5,57072445505052326,SLH_DSA_PURE_SHA2_128S,0.07949628302594647,0.0013552900054492056,0.631348363996949,0.0013099000207148492,0.01090729801217094,0.01096626603975892,11.244095125992317,1.4063392494134843,2482153.0,7856.0,32.0,5000.0,True,False
1,5,15309435975296050079,SLH_DSA_PURE_SHA2_128S,0.1393048950121738,0.0022444549831561744,0.6678784660180099,0.0012970190146006644,0.010987529007252306,0.011041580990422517,6.323522444989067,1.3918014263651173,2482153.0,7856.0,32.0,5000.0,True,False
1,5,4396800305167829671,SLH_DSA_PURE_SHA2_128S,0.0787420540000312,0.001465470006223768,0.6221719940076582,0.0014776180032640696,0.010957013990264386,0.011020723963156343,6.353478820004966,1.4048563169825607,2482153.0,7856.0,32.0,5000.0,True,False
1,6,4288175315605002993,SLH_DSA_PURE_SHA2_128S,0.0852340969722718,0.001558133983053267,0.6345046189962886,0.0014235979760996997,0.01082640397362411,0.010921373032033443,11.000276335980743,1.3366983365860714,2482153.0,7856.0,32.0,5000.0,True,False
1,6,17862244542708492915,SLH_DSA_PURE_SHA2_128S,0.14561416895594448,0.001793542003724724,0.672223080007825,0.0011192469974048436,0.010802605014760047,0.010851435014046729,10.958991780003998,1.337070507228754,2482153.0,7856.0,32.0,5000.0,True,False
1,6,3823694268576361453,SLH_DSA_PURE_SHA2_128S,0.08593456703238189,0.001862547011114657,0.6391465229680762,0.001401921035721898,0.01085543999215588,0.010908326017670333,10.998087799991481,1.3415123326763225,2482153.0,7856.0,32.0,5000.0,True,False
1,6,588918001640696052,SLH_DSA_PURE_SHA2_128S,0.07998829701682553,0.0013659269898198545,0.6708667560014874,0.001136319013312459,0.010768081992864609,0.01083704101620242,11.195396922994405,1.3486814476122522,2482153.0,7856.0,32.0,5000.0,True,False
1,6,2805761419255490507,SLH_DSA_PURE_SHA2_128S,0.08754735300317407,0.001671247009653598,0.6418962589814328,0.0014065299765206873,0.010933814046438783,0.010987390007358044,10.874909967009444,1.343275980205293,2482153.0,7856.0,32.0,5000.0,True,False
1,6,2880478214467679917,SLH_DSA_PURE_SHA2_128S,0.11457103601424024,0.0016196679789572954,0.6334039299981669,0.001184923981782049,0.01111072301864624,0.011159636022057384,10.771470823965501,1.3395080129811718,2482153.0,7856.0,32.0,5000.0,True,False
1,6,57072445505052326,SLH_DSA_PURE_SHA2_128S,0.14439607603708282,0.0018245780374854803,0.6708643510355614,0.0013822269975207746,0.010846000979654491,0.010932155011687428,10.9029609200079,1.3102586633840185,2482153.0,7856.0,32.0,5000.0,True,False
1,6,1489939299139112435,SLH_DSA_PURE_SHA2_128S,0.07940683700144291,0.0013089329586364329,0.6331909449654631,0.0013994179898872972,0.010888259974308312,0.010940601001493633,11.074320692976471,1.3154975863019371,2482153.0,7856.0,32.0,5000.0,True,False
1,6,15309435975296050079,SLH_DSA_PURE_SHA2_128S,0.08079607802210376,0.0014773270231671631,0.6137497869785875,0.0014338709879666567,0.010893407044932246,0.010946204012725502,6.550930086988956,1.317732958656967,2482153.0,7856.0,32.0,5000.0,True,False
1,6,4396800305167829671,SLH_DSA_PURE_SHA2_128S,0.07868998404592276,0.0014662390458397567,0.6116779979784042,0.0011251929681748152,0.010850344959180802,0.01089960098033771,6.4395808759727515,1.3168431391381914,2482153.0,7856.0,32.0,5000.0,True,False
1,7,588918001640696052,SLH_DSA_PURE_SHA2_128S,0.08682564803166315,0.0031216819770634174,0.6417488860315643,0.0010833019623532891,0.010867184028029442,0.010957640944980085,10.78197116398951,1.2660720709023203,2482153.0,7856.0,32.0,5000.0,True,False
1,7,4288175315605002993,SLH_DSA_PURE_SHA2_128S,0.08715454599587247,0.0018542719772085547,0.6373614229960367,0.0010755740222521126,0.010727068001870066,0.010776048991829157,10.90130536997458,1.276790885029325,2482153.0,7856.0,32.0,5000.0,True,False
1,7,17862244542708492915,SLH_DSA_PURE_SHA2_128S,0.07988516899058595,0.001441044034436345,0.6525571759557351,0.0013255189987830818,0.010861500981263816,0.010909217991866171,11.08308065898018,1.2514296944733638,2482153.0,7856.0,32.0,5000.0,True,False
1,7,3823694268576361453,SLH_DSA_PURE_SHA2_128S,0.08186595002189279,0.0015446529723703861,0.6411087169544771,0.0011295839794911444,0.01070091495057568,0.010748845990747213,11.054569606028963,1.2654060356935877,2482153.0,7856.0,32.0,5000.0,True,False
1,7,2805761419255490507,SLH_DSA_PURE_SHA2_128S,0.15584337699692696,0.0025667179725132883,0.743663185974583,0.001325691002421081,0.010760046017821878,0.010807907034177333,10.906325182993896,1.2669068039602536,2482153.0,7856.0,32.0,5000.0,True,False
1,7,2880478214467679917,SLH_DSA_PURE_SHA2_128S,0.08206089597661048,0.0013304149615578353,0.6304368579876609,0.0011384039535187185,0.01064970000879839,0.010697511024773121,10.881506965961307,1.2612144939459053,2482153.0,7856.0,32.0,5000.0,True,False
1,7,57072445505052326,SLH_DSA_PURE_SHA2_128S,0.1638117710244842,0.001968477969057858,0.6542083339882083,0.0013356099952943623,0.010887544951401651,0.010964941990096122,11.048068063973915,1.2373686136713453,2482153.0,7856.0,32.0,5000.0,True,False
1,7,1489939299139112435,SLH_DSA_PURE_SHA2_128S,0.12029162095859647,0.0013938320335000753,0.6303158960072324,0.001085009949747473,0.010797508992254734,0.010843289957847446,10.933455542952288,1.251414542365226,2482153.0,7856.0,32.0,5000.0,True,False
1,7,15309435975296050079,SLH_DSA_PURE_SHA2_128S,0.0849045219947584,0.0018841300043277442,0.6382757130195387,0.0013083020457997918,0.010638401028700173,0.010683518019504845,6.597852385020815,1.2367743052494753,2482153.0,7856.0,32.0,5000.0,True,False
1,7,4396800305167829671,SLH_DSA_PURE_SHA2_128S,0.07730846398044378,0.001390489051118493,0.6125663440325297,0.0011011339956894517,0.010997898993082345,0.011046436964534223,6.747124495974276,1.2422756882989483,2482153.0,7856.0,32.0,5000.0,True,False
1,8,17862244542708492915,SLH_DSA_PURE_SHA2_128S,0.08349653903860599,0.0014998230035416782,0.6354769900208339,0.0010971580049954355,0.010997778037562966,0.011084256984759122,10.88318755698856,1.1502829087767632,2482153.0,7856.0,32.0,5000.0,True,False
1,8,3823694268576361453,SLH_DSA_PURE_SHA2_128S,0.13952474400866777,0.0013643489801324904,0.6333422989700921,0.0010566699784249067,0.01073287200415507,0.010777462972328067,10.917555937950965,1.1912043671699086,2482153.0,7856.0,32.0,5000.0,True,False
1,8,4288175315605002993,SLH_DSA_PURE_SHA2_128S,0.13861432200064883,0.0014378150226548314,0.6520934759755619,0.001088636985514313,0.010758724994957447,0.010812178952619433,10.943529591022525,1.19236281115538,2482153.0,7856.0,32.0,5000.0,True,False
1,8,588918001640696052,SLH_DSA_PURE_SHA2_128S,0.0785774439573288,0.0014348109834827483,0.6306626049918123,0.001119924010708928,0.01077280699973926,0.010816850000992417,10.954205324000213,1.170046894034003,2482153.0,7856.0,32.0,5000.0,True,False
1,8,57072445505052326,SLH_DSA_PURE_SHA2_128S,0.15140208799857646,0.00368009798694402,0.7350032480317168,0.0010748979984782636,0.01070025796070695,0.010746632993686944,10.723103660042398,1.1508161300306867,2482153.0,7856.0,32.0,5000.0,True,False
1,8,2805761419255490507,SLH_DSA_PURE_SHA2_128S,0.12234948802506551,0.0016395419952459633,0.634374946996104,0.0011260950122959912,0.011051781999412924,0.011123151984065771,11.050742027990054,1.1886187351433335,2482153.0,7856.0,32.0,5000.0,True,False
1,8,2880478214467679917,SLH_DSA_PURE_SHA2_128S,0.11797196499537677,0.0015283190296031535,0.6605518360156566,0.001065518008545041,0.01097725803265348,0.011052400048356503,10.959146379027516,1.1802500190248915,2482153.0,7856.0,32.0,5000.0,True,False
1,8,1489939299139112435,SLH_DSA_PURE_SHA2_128S,0.07975956297013909,0.0013260520063340664,0.6325658779824153,0.0010758719872683287,0.011040962999686599,0.011087863007560372,11.150765473023057,1.1671855939421685,2482153.0,7856.0,32.0,5000.0,True,False
1,8,15309435975296050079,SLH_DSA_PURE_SHA2_128S,0.08484546700492501,0.0016759569989517331,0.6542487780097872,0.0013414909481070936,0.010831208957824856,0.010883251030463725,6.178741468000226,1.1708313488656548,2482153.0,7856.0,32.0,5000.0,True,False
1,8,4396800305167829671,SLH_DSA_PURE_SHA2_128S,0.07723516097757965,0.0013598770019598305,0.6041675430024043,0.001112406956963241,0.010739751975052059,0.010786094004288316,6.56963922700379,1.158076642425197,2482153.0,7856.0,32.0,5000.0,True,False
1,9,588918001640696052,SLH_DSA_PURE_SHA2_128S,0.16549892799230292,0.001985220005735755,0.7354228349868208,0.0011309839901514351,0.010803034994751215,0.010911814984865487,10.825238679011818,1.1217353575548548,2482153.0,7856.0,32.0,5000.0,True,False
1,9,3823694268576361453,SLH_DSA_PURE_SHA2_128S,0.08251300902338699,0.0013457569875754416,0.630190189986024,0.0010973699972964823,0.010819717950653285,0.01086676400154829,11.107148153998423,1.1283946261284457,2482153.0,7856.0,32.0,5000.0,True,False
1,9,4288175315605002993,SLH_DSA_PURE_SHA2_128S,0.18567915499443188,0.0024839279940351844,0.639862167998217,0.0013815549900755286,0.010792291024699807,0.010839333990588784,10.943499518034514,1.1149473061227495,2482153.0,7856.0,32.0,5000.0,True,False
1,9,17862244542708492915,SLH_DSA_PURE_SHA2_128S,0.07951082900399342,0.0013826899812556803,0.6533525499980897,0.0010639239917509258,0.010838387999683619,0.010884584044106305,11.167226732010022,1.0787361252839398,2482153.0,7856.0,32.0,5000.0,True,False
1,9,2880478214467679917,SLH_DSA_PURE_SHA2_128S,0.12346689699916169,0.0017158319824375212,0.6390412480104715,0.001317347981967032,0.010626731964293867,0.010672183998394758,10.72984272899339,1.1002497399688527,2482153.0,7856.0,32.0,5000.0,True,False
1,9,57072445505052326,SLH_DSA_PURE_SHA2_128S,0.08620061597321182,0.0018668289994820952,0.6345936370198615,0.0011052649933844805,0.010883678973186761,0.010930303018540144,10.958669037965592,1.1013020857883866,2482153.0,7856.0,32.0,5000.0,True,False
1,9,2805761419255490507,SLH_DSA_PURE_SHA2_128S,0.08566329599125311,0.0017660590237937868,0.6349803119665012,0.0013404359924606979,0.01103722001425922,0.011124684999231249,11.07847245899029,1.1169162669758887,2482153.0,7856.0,32.0,5000.0,True,False
1,9,1489939299139112435,SLH_DSA_PURE_SHA2_128S,0.07977046596352011,0.0013344369945116341,0.6287514439900406,0.0011046219733543694,0.010736576979979873,0.010782237979583442,11.042106944019906,1.1091647472730868,2482153.0,7856.0,32.0,5000.0,True,False
1,9,15309435975296050079,SLH_DSA_PURE_SHA2_128S,0.08196619799127802,0.0014866949641145766,0.6094687150325626,0.0013425520155578852,0.010806710983160883,0.010855768981855363,6.712021395971533,1.096712205060728,2482153.0,7856.0,32.0,5000.0,True,False
1,9,4396800305167829671,SLH_DSA_PURE_SHA2_128S,0.07782972295535728,0.0017570629715919495,0.6101172170019709,0.0011102120042778552,0.010741269972641021,0.010789845953695476,6.724023172981106,1.0926258936049833,2482153.0,7856.0,32.0,5000.0,True,False
1,10,17862244542708492915,SLH_DSA_PURE_SHA2_128S,0.14338655798928812,0.0017530780169181526,0.6361626849975437,0.001141279994044453,0.010869794990867376,0.010951570991892368,10.74795977899339,1.0048331098192056,2482153.0,7856.0,32.0,5000.0,True,False
1,10,4288175315605002993,SLH_DSA_PURE_SHA2_128S,0.0856154200155288,0.0017454729531891644,0.6333113649743609,0.001247136970050633,0.010764234000816941,0.010815337998792529,10.87001476198202,1.0783835368551267,2482153.0,7856.0,32.0,5000.0,True,False
1,10,3823694268576361453,SLH_DSA_PURE_SHA2_128S,0.08841159800067544,0.0014347300166264176,0.6311161880148575,0.0011330220149829984,0.010691269999369979,0.010734361014328897,10.942046488984488,1.079908882356753,2482153.0,7856.0,32.0,5000.0,True,False
1,10,588918001640696052,SLH_DSA_PURE_SHA2_128S,0.07990246696863323,0.001432370045222342,0.6486306180013344,0.0011324399965815246,0.010663931956514716,0.010713239957112819,10.95145162398694,1.0531690876195385,2482153.0,7856.0,32.0,5000.0,True,False
1,10,2805761419255490507,SLH_DSA_PURE_SHA2_128S,0.08598546596476808,0.0015707109705545008,0.6459164610132575,0.0011750670382753015,0.010629597003571689,0.010674217017367482,11.093767781974748,1.0610402306174016,2482153.0,7856.0,32.0,5000.0,True,False
1,10,57072445505052326,SLH_DSA_PURE_SHA2_128S,0.08574074698844925,0.0021324019762687385,0.6405447540455498,0.001121303008403629,0.010784163023345172,0.010833606007508934,10.956907950981986,1.043160961691741,2482153.0,7856.0,32.0,5000.0,True,False
1,10,1489939299139112435,SLH_DSA_PURE_SHA2_128S,0.16388664999976754,0.0016591949970461428,0.6795043169986457,0.0011919449898414314,0.010845022974535823,0.010918602987658232,11.031372694997117,1.0444106928482177,2482153.0,7856.0,32.0,5000.0,True,False
1,10,2880478214467679917,SLH_DSA_PURE_SHA2_128S,0.13445988902822137,0.0014561520074494183,0.6373380139702931,0.0011100060073658824,0.010866941011045128,0.010916141967754811,11.070807920012157,1.050379163140704,2482153.0,7856.0,32.0,5000.0,True,False
1,10,4396800305167829671,SLH_DSA_PURE_SHA2_128S,0.08004909899318591,0.0017938179662451148,0.6075476050027646,0.0012094120029360056,0.010678813967388123,0.010722914012148976,6.600948807958048,1.0315188029009825,2482153.0,7856.0,32.0,5000.0,True,False
1,10,15309435975296050079,SLH_DSA_PURE_SHA2_128S,0.07690221001394093,0.001386181975249201,0.6087804610142484,0.0010917650070041418,0.010825034987647086,0.010873390012420714,6.702453414036427,1.0389870708915079,2482153.0,7856.0,32.0,5000.0,True,False
1,11,4288175315605002993,SLH_DSA_PURE_SHA2_128S,0.08662194199860096,0.0024712519953027368,0.6432803490315564,0.001130223972722888,0.010759317025076598,0.010848816018551588,10.860060699982569,1.0248095918992521,2482153.0,7856.0,32.0,5000.0,True,False
1,11,17862244542708492915,SLH_DSA_PURE_SHA2_128S,0.08495372300967574,0.002139803022146225,0.6344053789507598,0.0011335780145600438,0.010903032962232828,0.010955372999887913,10.982135505997576,0.966722634947224,2482153.0,7856.0,32.0,5000.0,True,False
1,11,588918001640696052,SLH_DSA_PURE_SHA2_128S,0.15342609595973045,0.0017972399946302176,0.6309206670266576,0.0011695110006257892,0.010760406963527203,0.010808917984832078,10.981068269989919,0.9941796660423279,2482153.0,7856.0,32.0,5000.0,True,False
1,11,3823694268576361453,SLH_DSA_PURE_SHA2_128S,0.07992748299147934,0.001602850970812142,0.6368123399442993,0.001130676013417542,0.010695528995711356,0.010745240026153624,11.118046991003212,1.0108124006326031,2482153.0,7856.0,32.0,5000.0,True,False
1,11,57072445505052326,SLH_DSA_PURE_SHA2_128S,0.16021693695802242,0.0023827420081943274,0.6695554989855736,0.0011543319560587406,0.010756915027741343,0.010806321981362998,10.803916312986985,0.9751082890352626,2482153.0,7856.0,32.0,5000.0,True,False
1,11,2805761419255490507,SLH_DSA_PURE_SHA2_128S,0.160184190957807,0.0023533630301244557,0.6592850990127772,0.0011335010058246553,0.010673068987671286,0.010721297992859036,11.112412969989236,1.0072782994455594,2482153.0,7856.0,32.0,5000.0,True,False
1,11,1489939299139112435,SLH_DSA_PURE_SHA2_128S,0.10244262299966067,0.0013919959892518818,0.6293926459620707,0.001165196008514613,0.010799596027936786,0.01087976701091975,11.001900238974486,0.998796093425933,2482153.0,7856.0,32.0,5000.0,True,False
1,11,2880478214467679917,SLH_DSA_PURE_SHA2_128S,0.0797646029968746,0.0016401520115323365,0.6589852999895811,0.0011596750118769705,0.010932806006167084,0.010985477012582123,10.913226218952332,0.9928581858896146,2482153.0,7856.0,32.0,5000.0,True,False
1,11,4396800305167829671,SLH_DSA_PURE_SHA2_128S,0.08375227899523452,0.0014994830125942826,0.6116699429694563,0.0011401979718357325,0.010806506033986807,0.01085642003454268,6.714428177045193,0.9875801163873855,2482153.0,7856.0,32.0,5000.0,True,False
1,11,15309435975296050079,SLH_DSA_PURE_SHA2_128S,0.07669021899346262,0.0014330609701573849,0.6087265049573034,0.0011420060181990266,0.010721106023993343,0.01077004597755149,6.849151545029599,1.0082254045328516,2482153.0,7856.0,32.0,5000.0,True,False
1,12,4288175315605002993,SLH_DSA_PURE_SHA2_128S,0.11460511898621917,0.0032247090130113065,0.6446400430286303,0.001211196999065578,0.01085486204829067,0.010954563971608877,10.752217786968686,0.9599542433668853,2482153.0,7856.0,32.0,5000.0,True,False
1,12,588918001640696052,SLH_DSA_PURE_SHA2_128S,0.15802155598066747,0.0018578130402602255,0.6975238539744169,0.0011224839836359024,0.010762592020910233,0.01083980401745066,10.792088497022633,0.9561238478703104,2482153.0,7856.0,32.0,5000.0,True,False
1,12,3823694268576361453,SLH_DSA_PURE_SHA2_128S,0.13204174500424415,0.0017202189774252474,0.633149474975653,0.001072460028808564,0.010993633011821657,0.011039599019568413,10.989953896962106,0.9520879894684834,2482153.0,7856.0,32.0,5000.0,True,False
1,12,17862244542708492915,SLH_DSA_PURE_SHA2_128S,0.08026825700653717,0.0013885099906474352,0.6359456849750131,0.0011116639943793416,0.010671052965335548,0.010737586009781808,11.084631281963084,0.9205558729019894,2482153.0,7856.0,32.0,5000.0,True,False
1,12,57072445505052326,SLH_DSA_PURE_SHA2_128S,0.08152263902593404,0.0013751640217378736,0.6346866899984889,0.0010720340069383383,0.010754867980722338,0.010800966003444046,11.12085282400949,0.9250084550897028,2482153.0,7856.0,32.0,5000.0,True,False
1,12,2805761419255490507,SLH_DSA_PURE_SHA2_128S,0.08450244797859341,0.0015338730299845338,0.6283925389871001,0.001212625007610768,0.010707108012866229,0.010753447015304118,11.359600155963562,0.9675012479542168,2482153.0,7856.0,32.0,5000.0,True,False
1,12,2880478214467679917,SLH_DSA_PURE_SHA2_128S,0.10526323097292334,0.0013805750058963895,0.6286866490263492,0.001084781950339675,0.01086482300888747,0.010944331996142864,10.921886195952538,0.9507130910256866,2482153.0,7856.0,32.0,5000.0,True,False
1,12,1489939299139112435,SLH_DSA_PURE_SHA2_128S,0.08024661103263497,0.0013617040240205824,0.6348039099830203,0.001128544972743839,0.010714217962231487,0.010761243989691138,11.002451111038681,0.9410518929836856,2482153.0,7856.0,32.0,5000.0,True,False
1,12,4396800305167829671,SLH_DSA_PURE_SHA2_128S,0.08491894300095737,0.0015751160099171102,0.6235401980229653,0.0010834410204552114,0.010977148951496929,0.011022649996448308,6.448904481949285,0.9396411647462541,2482153.0,7856.0,32.0,5000.0,True,False
1,12,15309435975296050079,SLH_DSA_PURE_SHA2_128S,0.07686929701594636,0.0013794429833069444,0.6096345569822006,0.0011037419899366796,0.010718566016294062,0.010765701008494943,6.699528375000227,0.9396457002041446,2482153.0,7856.0,32.0,5000.0,True,False
1,13,3823694268576361453,SLH_DSA_PURE_SHA2_128S,0.1273031189921312,0.0016216629883274436,0.6446759859682061,0.0010981200030073524,0.010882408008910716,0.010995724995154887,10.74170164798852,0.9083059422529427,2482153.0,7856.0,32.0,5000.0,True,False
1,13,17862244542708492915,SLH_DSA_PURE_SHA2_128S,0.08450621704105288,0.001539039018098265,0.6418249059934169,0.001148118986748159,0.010835507011506706,0.010894158971495926,10.912608281010762,0.8831424546089901,2482153.0,7856.0,32.0,5000.0,True,False
1,13,588918001640696052,SLH_DSA_PURE_SHA2_128S,0.098770638986025,0.001471532043069601,0.6701890580006875,0.0014358179760165513,0.010747388005256653,0.010796073998790234,10.902209391992074,0.8992700660304659,2482153.0,7856.0,32.0,5000.0,True,False
1,13,4288175315605002993,SLH_DSA_PURE_SHA2_128S,0.08016487397253513,0.0014222530298866332,0.6485386260319501,0.001103406015317887,0.010777446965221316,0.010826571029610932,11.218536711996421,0.906681095149107,2482153.0,7856.0,32.0,5000.0,True,False
1,13,1489939299139112435,SLH_DSA_PURE_SHA2_128S,0.08589094103081152,0.002065719978418201,0.6374020510120317,0.0010632149642333388,0.010815250978339463,0.010858661029487848,11.145375747000799,0.8837379598693483,2482153.0,7856.0,32.0,5000.0,True,False
1,13,2805761419255490507,SLH_DSA_PURE_SHA2_128S,0.18671780702425167,0.001694517966825515,0.6895667120115831,0.0010767719941213727,0.010758107993751764,0.0108068420086056,11.152602655987721,0.9301107704259788,2482153.0,7856.0,32.0,5000.0,True,False
1,13,57072445505052326,SLH_DSA_PURE_SHA2_128S,0.17985449801199138,0.0015981989563442767,0.71593856200343,0.0010779810254462063,0.010901181027293205,0.010975313023664057,11.061374462966342,0.8697031808506911,2482153.0,7856.0,32.0,5000.0,True,False
1,13,2880478214467679917,SLH_DSA_PURE_SHA2_128S,0.07953558798180893,0.0013817130238749087,0.6313348099938594,0.0011166789918206632,0.011105369951110333,0.011159511981531978,10.929077751003206,0.9030574920830453,2482153.0,7856.0,32.0,5000.0,True,False
1,13,15309435975296050079,SLH_DSA_PURE_SHA2_128S,0.08557166304672137,0.0027040040004067123,0.629544059978798,0.0010882160277105868,0.01083561300765723,0.010896635008975863,6.307042086031288,0.8819271906925614,2482153.0,7856.0,32.0,5000.0,True,False
1,13,4396800305167829671,SLH_DSA_PURE_SHA2_128S,0.07706416299333796,0.0015900559956207871,0.6073351260274649,0.0011588699999265373,0.010767353989649564,0.010817741975188255,6.553811744030099,0.9015195508291767,2482153.0,7856.0,32.0,5000.0,True,False
1,14,17862244542708492915,SLH_DSA_PURE_SHA2_128S,0.1837413160246797,0.0015605350490659475,0.6321123000234365,0.0011656860006041825,0.010779966018162668,0.010870151978451759,10.918724438000936,0.8163153217856292,2482153.0,7856.0,32.0,5000.0,True,False
1,14,588918001640696052,SLH_DSA_PURE_SHA2_128S,0.09929791302420199,0.0015330769820138812,0.6315925240051001,0.0011367229744791985,0.010977260011713952,0.01102879602694884,10.876733448996674,0.8584282652587648,2482153.0,7856.0,32.0,5000.0,True,False
1,14,4288175315605002993,SLH_DSA_PURE_SHA2_128S,0.17311694897944108,0.0018802410340867937,0.6793580550001934,0.001176035962998867,0.010794967995025218,0.01089328300440684,10.863584969949443,0.8453102732539937,2482153.0,7856.0,32.0,5000.0,True,False
1,14,3823694268576361453,SLH_DSA_PURE_SHA2_128S,0.07947834598599002,0.0013548919814638793,0.7042693580151536,0.0011258479789830744,0.010811879008542746,0.01086439803475514,11.065263195021544,0.8580911459436842,2482153.0,7856.0,32.0,5000.0,True,False
1,14,1489939299139112435,SLH_DSA_PURE_SHA2_128S,0.0943931849906221,0.002889914030674845,0.6362893230398186,0.0011843470274470747,0.01072032900992781,0.010769963962957263,10.87962649500696,0.8200618712006101,2482153.0,7856.0,32.0,5000.0,True,False
1,14,2805761419255490507,SLH_DSA_PURE_SHA2_128S,0.14052675303537399,0.002521903021261096,0.6624486779910512,0.0011519769905135036,0.010731491027399898,0.01078255200991407,10.829265757987741,0.8835516032899261,2482153.0,7856.0,32.0,5000.0,True,False
1,14,57072445505052326,SLH_DSA_PURE_SHA2_128S,0.09300962998531759,0.0014204619801603258,0.63403134199325,0.0012826499878428876,0.01085616199998185,0.010943487985059619,11.016848391038366,0.8145940736600548,2482153.0,7856.0,32.0,5000.0,True,False
1,14,2880478214467679917,SLH_DSA_PURE_SHA2_128S,0.10973211098462343,0.0014037970104254782,0.6974524530232884,0.0011461739777587354,0.010724443010985851,0.010775236994959414,10.748512427031528,0.851029084366598,2482153.0,7856.0,32.0,5000.0,True,False
1,14,15309435975296050079,SLH_DSA_PURE_SHA2_128S,0.08519279398024082,0.0018563320045359433,0.6197603010223247,0.0011055070208385587,0.010902931040618569,0.01095165399601683,6.2412059439811856,0.8420129201974079,2482153.0,7856.0,32.0,5000.0,True,False
1,14,4396800305167829671,SLH_DSA_PURE_SHA2_128S,0.07645704003516585,0.0015708229620940983,0.6076996789779514,0.0011509009636938572,0.01063430099748075,0.010684802022296935,6.469828305009287,0.8492854704522783,2482153.0,7856.0,32.0,5000.0,True,False
1,15,17862244542708492915,SLH_DSA_PURE_SHA2_128S,0.15706857800250873,0.0038039059727452695,0.8403667260427028,0.001185007975436747,0.010879756009671837,0.01096591999521479,10.693109907966573,0.7696974156009164,2482153.0,7856.0,32.0,5000.0,True,False
1,15,4288175315605002993,SLH_DSA_PURE_SHA2_128S,0.08130423497641459,0.0017787819961085916,0.6999311840045266,0.0011526609887368977,0.010811338957864791,0.010865448974072933,10.855256757989991,0.8183527361055848,2482153.0,7856.0,32.0,5000.0,True,False
1,15,3823694268576361453,SLH_DSA_PURE_SHA2_128S,0.1141618900001049,0.0013992469757795334,0.7280731229693629,0.0010976489866152406,0.010804379999171942,0.010850501013919711,11.022039399016649,0.8232898161669445,2482153.0,7856.0,32.0,5000.0,True,False
1,15,588918001640696052,SLH_DSA_PURE_SHA2_128S,0.09080554300453514,0.0014006340061314404,0.6975705900113098,0.0011985059827566147,0.010681292973458767,0.010730774025432765,10.821763226995245,0.8094535200459183,2482153.0,7856.0,32.0,5000.0,True,False
1,15,57072445505052326,SLH_DSA_PURE_SHA2_128S,0.17451599199557677,0.0017141990247182548,0.6723299400182441,0.0011255990248173475,0.010856837965548038,0.010909665958024561,10.696589299011976,0.7606231036839212,2482153.0,7856.0,32.0,5000.0,True,False
1,15,1489939299139112435,SLH_DSA_PURE_SHA2_128S,0.08188909705495462,0.0013949890271760523,0.683775721990969,0.001123387017287314,0.01073416299186647,0.010785360995214432,10.79845248098718,0.7964458308971611,2482153.0,7856.0,32.0,5000.0,True,False
1,15,2880478214467679917,SLH_DSA_PURE_SHA2_128S,0.0801478170324117,0.0014195290277712047,0.734439093968831,0.0011247939546592534,0.010916386963799596,0.010994851996656507,10.803012323973235,0.810697283239881,2482153.0,7856.0,32.0,5000.0,True,False
1,15,2805761419255490507,SLH_DSA_PURE_SHA2_128S,0.15788354800315574,0.0014475220232270658,0.9164444539928809,0.0011369470157660544,0.010847378056496382,0.01089988398598507,10.722581351001281,0.8428756405783308,2482153.0,7856.0,32.0,5000.0,True,False
1,15,15309435975296050079,SLH_DSA_PURE_SHA2_128S,0.07983691903064027,0.0016621440299786627,0.6100255429628305,0.001091398997232318,0.010818450013175607,0.010874036990571767,6.294937576982193,0.8068570006804862,2482153.0,7856.0,32.0,5000.0,True,False
1,15,4396800305167829671,SLH_DSA_PURE_SHA2_128S,0.07760858599795029,0.0013770610094070435,0.6110127079882659,0.0011259019956924021,0.010766233957838267,0.01081783400150016,6.239784528966993,0.7944104472163377,2482153.0,7856.0,32.0,5000.0,True,False
1,16,4288175315605002993,SLH_DSA_PURE_SHA2_128S,0.08637191302841529,0.0017509839963167906,0.6939402490388602,0.0011833719909191132,0.01112505595665425,0.01120742503553629,10.828724991995841,0.7711309247715458,2482153.0,7856.0,32.0,5000.0,True,False
1,16,3823694268576361453,SLH_DSA_PURE_SHA2_128S,0.14200256497133523,0.0017625789623707533,0.635678505001124,0.0010975089971907437,0.010801305004861206,0.010859369009267539,10.997606345976237,0.7598143787520706,2482153.0,7856.0,32.0,5000.0,True,False
1,16,588918001640696052,SLH_DSA_PURE_SHA2_128S,0.1020322969998233,0.0014415420009754598,0.636049812019337,0.0010870940168388188,0.010935103986412287,0.010981063998769969,10.958754112012684,0.7938690043179093,2482153.0,7856.0,32.0,5000.0,True,False
1,16,17862244542708492915,SLH_DSA_PURE_SHA2_128S,0.2387327469768934,0.0016812409739941359,0.9893198519712314,0.0012511329841800034,0.01064480299828574,0.010700393002480268,10.628905315010343,0.7248651157518861,2482153.0,7856.0,32.0,5000.0,True,False
1,16,57072445505052326,SLH_DSA_PURE_SHA2_128S,0.18233699997654185,0.0028568150009959936,0.7431506820139475,0.0011792090372182429,0.010734145005699247,0.01078459998825565,11.035640980000608,0.7239999993211904,2482153.0,7856.0,32.0,5000.0,True,False
1,16,2805761419255490507,SLH_DSA_PURE_SHA2_128S,0.18785569997271523,0.0016707500326447189,0.7674036489916034,0.0011281819897703826,0.010760977980680764,0.010810071020387113,11.197384922008496,0.7917708503023074,2482153.0,7856.0,32.0,5000.0,True,False
1,16,2880478214467679917,SLH_DSA_PURE_SHA2_128S,0.12069691001670435,0.001419699052348733,0.636180374014657,0.0011579340207390487,0.010804517020005733,0.010886161995586008,11.198620904993732,0.7710420857569215,2482153.0,7856.0,32.0,5000.0,True,False
1,16,1489939299139112435,SLH_DSA_PURE_SHA2_128S,0.08524255501106381,0.001617247995454818,0.8955773150082678,0.00112918799277395,0.010807252023369074,0.010857496003154665,11.139458348974586,0.7562072348252983,2482153.0,7856.0,32.0,5000.0,True,False
1,16,15309435975296050079,SLH_DSA_PURE_SHA2_128S,0.08170402800897136,0.0014646719791926444,0.6080344440415502,0.0012799539836123586,0.010935091995634139,0.01098162803100422,6.152756202034652,0.7613777873242736,2482153.0,7856.0,32.0,5000.0,True,False
1,16,4396800305167829671,SLH_DSA_PURE_SHA2_128S,0.0772054810076952,0.0013664420112036169,0.6087354570045136,0.0011515769874677062,0.010961827996652573,0.011012178030796349,6.1360144930076785,0.757975749149444,2482153.0,7856.0,32.0,5000.0,True,False
1,17,3823694268576361453,SLH_DSA_PURE_SHA2_128S,0.09613241901388392,0.0015933979884721339,0.632136003987398,0.0011714450083673,0.010773792979307473,0.010864084993954748,11.034175396023784,0.7150514041352424,2482153.0,7856.0,32.0,5000.0,True,False
1,17,588918001640696052,SLH_DSA_PURE_SHA2_128S,0.08378864894621074,0.00153141695773229,0.6289928249898367,0.0010815899586305022,0.010683303989935666,0.010725840053055435,11.036289584008045,0.744901033248871,2482153.0,7856.0,32.0,5000.0,True,False
1,17,4288175315605002993,SLH_DSA_PURE_SHA2_128S,0.08029039803659543,0.0014029680169187486,0.6374877099879086,0.001126718008890748,0.010926112008746713,0.010973041993565857,11.11789991799742,0.7284235446506245,2482153.0,7856.0,32.0,5000.0,True,False
1,17,17862244542708492915,SLH_DSA_PURE_SHA2_128S,0.09136757801752537,0.001387822034303099,0.6490504649700597,0.0011271800030954182,0.010690872033592314,0.010738199052866548,11.076781771960668,0.6986249004769477,2482153.0,7856.0,32.0,5000.0,True,False
1,17,1489939299139112435,SLH_DSA_PURE_SHA2_128S,0.1754944899585098,0.0013836489524692297,0.63344700896414,0.001455524004995823,0.01071578002301976,0.010761988000012934,10.919251126993913,0.7186024014832108,2482153.0,7856.0,32.0,5000.0,True,False
1,17,57072445505052326,SLH_DSA_PURE_SHA2_128S,0.1463735749712214,0.002687308005988598,0.6539371730177663,0.001148901996202767,0.011188741016667336,0.01123604498570785,10.912648609024473,0.6890606445491694,2482153.0,7856.0,32.0,5000.0,True,False
1,17,2880478214467679917,SLH_DSA_PURE_SHA2_128S,0.17934310401324183,0.0016336269909515977,0.650046658993233,0.0011555050150491297,0.010866626049391925,0.01095529698068276,10.857144950015936,0.7439241974027293,2482153.0,7856.0,32.0,5000.0,True,False
1,17,2805761419255490507,SLH_DSA_PURE_SHA2_128S,0.07914483698550612,0.001390249002724886,0.655813699006103,0.001058591005858034,0.010849774000234902,0.01089847000548616,11.171122938976623,0.7405762420907901,2482153.0,7856.0,32.0,5000.0,True,False
1,17,15309435975296050079,SLH_DSA_PURE_SHA2_128S,0.08552877901820466,0.0017775599844753742,0.6181957030203193,0.0017202990129590034,0.010628040006849915,0.010676459001842886,6.297705163015053,0.740451448567354,2482153.0,7856.0,32.0,5000.0,True,False
1,17,4396800305167829671,SLH_DSA_PURE_SHA2_128S,0.07817883597454056,0.001591361011378467,0.6099863579729572,0.0011992150102742016,0.010677523969206959,0.01072513498365879,6.410096758976579,0.7394856953886664,2482153.0,7856.0,32.0,5000.0,True,False
1,18,588918001640696052,SLH_DSA_PURE_SHA2_128S,0.15998393896734342,0.001927717006765306,0.6519147919607349,0.0011190540390089154,0.01092263701139018,0.011013267969246954,10.75878495303914,0.7110038114960786,2482153.0,7856.0,32.0,5000.0,True,False
1,18,3823694268576361453,SLH_DSA_PURE_SHA2_128S,0.14728038100292906,0.0032037579803727567,0.6667401859886013,0.0011747819953598082,0.010707856039516628,0.01075555698480457,10.78394907899201,0.6756723533580258,2482153.0,7856.0,32.0,5000.0,True,False
1,18,17862244542708492915,SLH_DSA_PURE_SHA2_128S,0.11010649998206645,0.0014392280136235058,0.6323039859998971,0.00110400200355798,0.010772027017083019,0.010821147006936371,10.976011844002642,0.6701138995255634,2482153.0,7856.0,32.0,5000.0,True,False
1,18,4288175315605002993,SLH_DSA_PURE_SHA2_128S,0.0802153890253976,0.0013731129583902657,0.6825736459577456,0.0011485950089991093,0.010619820968713611,0.01066503900801763,11.058413424005266,0.6877114441554257,2482153.0,7856.0,32.0,5000.0,True,False
1,18,57072445505052326,SLH_DSA_PURE_SHA2_128S,0.1407379989977926,0.002852745004929602,0.8264471999718808,0.001112742000259459,0.010702606989070773,0.01075189799303189,10.548232358007226,0.6604892731567097,2482153.0,7856.0,32.0,5000.0,True,False
1,18,2805761419255490507,SLH_DSA_PURE_SHA2_128S,0.08885027799988165,0.001983658003155142,0.6454412019811571,0.001144538982771337,0.01081118400907144,0.01086026499979198,10.97473037801683,0.7153432440416069,2482153.0,7856.0,32.0,5000.0,True,False
1,18,2880478214467679917,SLH_DSA_PURE_SHA2_128S,0.09692045801784843,0.0014005270204506814,0.6349404160282575,0.001098166045267135,0.010838220012374222,0.010918409971054643,10.7820125289727,0.7001105760502967,2482153.0,7856.0,32.0,5000.0,True,False
1,18,1489939299139112435,SLH_DSA_PURE_SHA2_128S,0.0844977640081197,0.0014221910387277603,0.6564076030044816,0.0011600899742916226,0.010652863013092428,0.010700029029976577,10.942690191033762,0.6779982120652867,2482153.0,7856.0,32.0,5000.0,True,False
1,18,15309435975296050079,SLH_DSA_PURE_SHA2_128S,0.08474946400383487,0.0024313029716722667,0.6219666920369491,0.001094239007215947,0.010795620968565345,0.010842895018868148,6.2495838109753095,0.7036753891949441,2482153.0,7856.0,32.0,5000.0,True,False
1,18,4396800305167829671,SLH_DSA_PURE_SHA2_128S,0.07714648300316185,0.0014330580015666783,0.6083968409802765,0.0011624509934335947,0.010748656000941992,0.01079631200991571,6.256579193053767,0.6984339679122731,2482153.0,7856.0,32.0,5000.0,True,False
1,19,588918001640696052,SLH_DSA_PURE_SHA2_128S,0.08397760998923331,0.00153702701209113,0.6338370490120724,0.0012234870227985084,0.011098757036961615,0.01118785102153197,10.887734276009724,0.6736167190940516,2482153.0,7856.0,32.0,5000.0,True,False
1,19,17862244542708492915,SLH_DSA_PURE_SHA2_128S,0.08198335400084034,0.0013861280167475343,0.6305867499904707,0.0014349630218930542,0.01116636098595336,0.011221181019209325,10.907548479968682,0.6360476744023098,2482153.0,7856.0,32.0,5000.0,True,False
1,19,4288175315605002993,SLH_DSA_PURE_SHA2_128S,0.11541813699295744,0.001411512028425932,0.6326564340270124,0.001191162969917059,0.010996736993547529,0.011043693986721337,10.891205376014113,0.661397700666622,2482153.0,7856.0,32.0,5000.0,True,False
1,19,3823694268576361453,SLH_DSA_PURE_SHA2_128S,0.08920957701047882,0.0017115329974330962,0.6337467259727418,0.0012342300033196807,0.010983818036038429,0.011049530003219843,10.939881860045716,0.6417340698895181,2482153.0,7856.0,32.0,5000.0,True,False
1,19,2805761419255490507,SLH_DSA_PURE_SHA2_128S,0.14823801501188427,0.0017017929931171238,0.6382332729990594,0.001240718993358314,0.010654665005858988,0.01070345495827496,10.998041081998963,0.6950566640989796,2482153.0,7856.0,32.0,5000.0,True,False
1,19,2880478214467679917,SLH_DSA_PURE_SHA2_128S,0.10157285898458213,0.0016689480398781598,0.6279446219559759,0.0012013769592158496,0.010983810003381222,0.011031732021365315,11.048464382998645,0.6621354545947093,2482153.0,7856.0,32.0,5000.0,True,False
1,19,57072445505052326,SLH_DSA_PURE_SHA2_128S,0.15965198498452082,0.0019388949731364846,0.7597214360139333,0.0012620440102182329,0.011082103999797255,0.011167020013090223,10.892999084026087,0.6143838166241433,2482153.0,7856.0,32.0,5000.0,True,False
1,19,1489939299139112435,SLH_DSA_PURE_SHA2_128S,0.17209477198775858,0.0013386509963311255,0.6342401310103014,0.0012746989959850907,0.011155809974297881,0.011205644987057894,11.135227832011878,0.6518420158487976,2482153.0,7856.0,32.0,5000.0,True,False
1,19,15309435975296050079,SLH_DSA_PURE_SHA2_128S,0.0838892690371722,0.001451758958864957,0.6529537700116634,0.0012208599946461618,0.011020552017726004,0.011069933010730892,6.146004811977036,0.687865923449492,2482153.0,7856.0,32.0,5000.0,True,False
1,19,4396800305167829671,SLH_DSA_PURE_SHA2_128S,0.07784110202919692,0.0013946099788881838,0.6552085709990934,0.001264891994651407,0.01090152800315991,0.01095077401259914,6.157815150974784,0.6621305375437069,2482153.0,7856.0,32.0,5000.0,True,False
1,20,4288175315605002993,SLH_DSA_PURE_SHA2_128S,0.10436478804331273,0.0013888099929317832,0.6329430800396949,0.0014000090304762125,0.01107741700252518,0.011169176024850458,10.871724701020867,0.6344246161022004,2482153.0,7856.0,32.0,5000.0,True,False
1,20,588918001640696052,SLH_DSA_PURE_SHA2_128S,0.17864892503712326,0.0019735569949261844,0.6476657909806818,0.0012825549929402769,0.011076770024374127,0.011131146980915219,10.74548549001338,0.641877120372596,2482153.0,7856.0,32.0,5000.0,True,False
1,20,17862244542708492915,SLH_DSA_PURE_SHA2_128S,0.07909095200011507,0.0013637589872814715,0.6319833599845879,0.001278485986404121,0.011017917946446687,0.011064443970099092,10.9396415160154,0.6009242149058042,2482153.0,7856.0,32.0,5000.0,True,False
1,20,3823694268576361453,SLH_DSA_PURE_SHA2_128S,0.17763520497828722,0.001376572996377945,0.6324690650217235,0.0013574709882959723,0.010914187994785607,0.010968773043714464,10.797087299986742,0.5969794860501199,2482153.0,7856.0,32.0,5000.0,True,False
1,20,57072445505052326,SLH_DSA_PURE_SHA2_128S,0.08488319802563637,0.0015013910015113652,0.6486747710150667,0.0012869250494986773,0.011017954966519028,0.011068333988077939,11.12210044596577,0.5840061025065222,2482153.0,7856.0,32.0,5000.0,True,False
1,20,2805761419255490507,SLH_DSA_PURE_SHA2_128S,0.08728140802122653,0.0015892389928922057,0.6361722029978409,0.0012805330334231257,0.011533722979947925,0.01158980798209086,11.116972666990478,0.6560069576949831,2482153.0,7856.0,32.0,5000.0,True,False
1,20,1489939299139112435,SLH_DSA_PURE_SHA2_128S,0.08494670799700543,0.0017861489905044436,0.6336739159887657,0.0013887390377931297,0.011191833997145295,0.011271690018475056,11.077978960995097,0.6194766805192847,2482153.0,7856.0,32.0,5000.0,True,False
1,20,2880478214467679917,SLH_DSA_PURE_SHA2_128S,0.08013105898862705,0.0013473620056174695,0.6301991690415889,0.0012689459836110473,0.01095033303136006,0.011005708016455173,11.159390454995446,0.6584424912265152,2482153.0,7856.0,32.0,5000.0,True,False
1,20,4396800305167829671,SLH_DSA_PURE_SHA2_128S,0.08548960299231112,0.0024828300229273736,0.6505955280154012,0.0011708139791153371,0.010986860026605427,0.011034519993700087,6.162661932001356,0.6455526988787256,2482153.0,7856.0,32.0,5000.0,True,False
1,20,15309435975296050079,SLH_DSA_PURE_SHA2_128S,0.07838122901739553,0.0015055880066938698,0.6191755919717252,0.001274901966098696,0.010912417026702315,0.010967073030769825,6.41836648597382,0.6280583708908907,2482153.0,7856.0,32.0,5000.0,True,False
1,21,588918001640696052,SLH_DSA_PURE_SHA2_128S,0.1394573660218157,0.0017707649967633188,0.6728976279846393,0.0011732160346582532,0.010706755972933024,0.010784991958644241,10.626052703009918,0.612368426315344,2482153.0,7856.0,32.0,5000.0,True,False
1,21,3823694268576361453,SLH_DSA_PURE_SHA2_128S,0.08464319695485756,0.0017405900289304554,0.6342237910139374,0.0011622419697232544,0.01061554200714454,0.010662390035577118,10.819314096006565,0.5865466956310211,2482153.0,7856.0,32.0,5000.0,True,False
1,21,4288175315605002993,SLH_DSA_PURE_SHA2_128S,0.11221122200367972,0.0013809219817630947,0.6313125530141406,0.001084719959180802,0.010865390999242663,0.010908109019510448,10.959247237013187,0.597584760730054,2482153.0,7856.0,32.0,5000.0,True,False
1,21,17862244542708492915,SLH_DSA_PURE_SHA2_128S,0.16340346704237163,0.0017315580043941736,0.6581356590031646,0.0011442219838500023,0.010702611005399376,0.010748939006589353,10.855120113003068,0.5909441540100772,2482153.0,7856.0,32.0,5000.0,True,False
1,21,2805761419255490507,SLH_DSA_PURE_SHA2_128S,0.15776713303057477,0.002611669013276696,0.8111041630036198,0.0010725479805842042,0.010677237994968891,0.010721368016675115,10.805303346016444,0.6239763506136502,2482153.0,7856.0,32.0,5000.0,True,False
1,21,57072445505052326,SLH_DSA_PURE_SHA2_128S,0.1543911150074564,0.0014389759744517505,0.6316245770431124,0.0011892430484294891,0.010821004980243742,0.01086807600222528,11.03258595900843,0.5787973885133768,2482153.0,7856.0,32.0,5000.0,True,False
1,21,1489939299139112435,SLH_DSA_PURE_SHA2_128S,0.10285875998670235,0.0014810209977440536,0.6290178039926104,0.001078702975064516,0.01089621998835355,0.010984950000420213,10.82257869298337,0.5880317855744984,2482153.0,7856.0,32.0,5000.0,True,False
1,21,2880478214467679917,SLH_DSA_PURE_SHA2_128S,0.08030495705315843,0.0014138130354695022,0.6337455720058642,0.0010950050200335681,0.010805987985804677,0.010852898005396128,10.765831115015317,0.6280489616855315,2482153.0,7856.0,32.0,5000.0,True,False
1,21,15309435975296050079,SLH_DSA_PURE_SHA2_128S,0.1498089130036533,0.0021199649781920016,0.6724855310167186,0.0010655260412022471,0.0107532610418275,0.010798181989230216,6.5044665960012935,0.6201092340289407,2482153.0,7856.0,32.0,5000.0,True,False
1,21,4396800305167829671,SLH_DSA_PURE_SHA2_128S,0.07949052797630429,0.0015549820382148027,0.6135198259726167,0.0011233839904889464,0.010960550978779793,0.011008929985109717,6.57134672999382,0.6027961972934804,2482153.0,7856.0,32.0,5000.0,True,False
1,22,17862244542708492915,SLH_DSA_PURE_SHA2_128S,0.08853723399806768,0.00281284301308915,0.6976011129445396,0.0011578139965422451,0.010696573997847736,0.01078032300574705,10.781284658994991,0.5535451258965738,2482153.0,7856.0,32.0,5000.0,True,False
1,22,3823694268576361453,SLH_DSA_PURE_SHA2_128S,0.12651596404612064,0.0013936019968241453,0.632858399010729,0.001032825035508722,0.01078250102000311,0.010823685966897756,11.055256271967664,0.5730683903215797,2482153.0,7856.0,32.0,5000.0,True,False
1,22,4288175315605002993,SLH_DSA_PURE_SHA2_128S,0.0798581619746983,0.0014080849941819906,0.6297208510222845,0.0015277029597200453,0.010800042015034705,0.01086239400319755,11.10480249801185,0.574982057331474,2482153.0,7856.0,32.0,5000.0,True,False
1,22,588918001640696052,SLH_DSA_PURE_SHA2_128S,0.1356248179799877,0.001412329962477088,0.6659228790085763,0.0010763099999167025,0.010662180022336543,0.010705088032409549,11.031417224032339,0.5993039268691829,2482153.0,7856.0,32.0,5000.0,True,False
1,22,1489939299139112435,SLH_DSA_PURE_SHA2_128S,0.08774853101931512,0.0016648659948259592,0.6404066509567201,0.0010839430033229291,0.010838710993994027,0.01088455697754398,10.817665525013581,0.5685733531595795,2482153.0,7856.0,32.0,5000.0,True,False
1,22,2805761419255490507,SLH_DSA_PURE_SHA2_128S,0.0995492129586637,0.0025556859909556806,0.7459652860416099,0.0010739770368672907,0.010675225988961756,0.010718589008320123,11.04410395299783,0.5960052326843617,2482153.0,7856.0,32.0,5000.0,True,False
1,22,2880478214467679917,SLH_DSA_PURE_SHA2_128S,0.08079762296983972,0.0014337890315800905,0.6354206220130436,0.0010841370094567537,0.01080487301805988,0.010893233004026115,11.017305221990682,0.5880030158456344,2482153.0,7856.0,32.0,5000.0,True,False
1,22,57072445505052326,SLH_DSA_PURE_SHA2_128S,0.07976728695211932,0.0013892429997213185,0.6315002139890566,0.0011226899805478752,0.010661855980288237,0.010704862012062222,10.998541448963806,0.5495878004818965,2482153.0,7856.0,32.0,5000.0,True,False
1,22,4396800305167829671,SLH_DSA_PURE_SHA2_128S,0.08072453999193385,0.0019008719827979803,0.6132505150162615,0.001363457995466888,0.01091763301519677,0.01096939604030922,6.482655239989981,0.579573125679307,2482153.0,7856.0,32.0,5000.0,True,False
1,22,15309435975296050079,SLH_DSA_PURE_SHA2_128S,0.08399241999723017,0.0014953219797462225,0.6115712460014038,0.001026618992909789,0.010711800015997142,0.01075540395686403,6.512360882945359,0.6176709339592108,2482153.0,7856.0,32.0,5000.0,True,False
1,23,4288175315605002993,SLH_DSA_PURE_SHA2_128S,0.1462961329962127,0.001356213993858546,0.6313582849688828,0.001210075046401471,0.010812809981871396,0.010903218004386872,10.890278636012226,0.5655865501493785,2482153.0,7856.0,32.0,5000.0,True,False
1,23,3823694268576361453,SLH_DSA_PURE_SHA2_128S,0.08538445498561487,0.0016421859618276358,0.6304148419876583,0.0011315270094200969,0.010990454989951104,0.011036960000637919,10.937378829054069,0.5656740396835243,2482153.0,7856.0,32.0,5000.0,True,False
1,23,17862244542708492915,SLH_DSA_PURE_SHA2_128S,0.10258449899265543,0.0013907670509070158,0.6289745810208842,0.0011132549843750894,0.010712096991483122,0.010757461015600711,10.978245823993348,0.5472544912652225,2482153.0,7856.0,32.0,5000.0,True,False
1,23,588918001640696052,SLH_DSA_PURE_SHA2_128S,0.07976231101201847,0.0015976420254446566,0.6940013149869628,0.0010715279495343566,0.01077562099089846,0.01084064197493717,11.010275053966325,0.5436813593575149,2482153.0,7856.0,32.0,5000.0,True,False
1,23,2805761419255490507,SLH_DSA_PURE_SHA2_128S,0.08734719100175425,0.004743539961054921,0.6485832799808122,0.0011278209858573973,0.01083574496442452,0.010882703005336225,10.891665078990627,0.5634009206703134,2482153.0,7856.0,32.0,5000.0,True,False
1,23,57072445505052326,SLH_DSA_PURE_SHA2_128S,0.08592566900188103,0.0025191259919665754,0.6474046199582517,0.001011628017295152,0.010801040974911302,0.010841856012120843,11.008879706030712,0.5303708470788351,2482153.0,7856.0,32.0,5000.0,True,False
1,23,1489939299139112435,SLH_DSA_PURE_SHA2_128S,0.08452569501241669,0.001755691017024219,0.6322529450408183,0.0011272120173089206,0.01089865603717044,0.010977220954373479,11.093502514006104,0.5519695566717986,2482153.0,7856.0,32.0,5000.0,True,False
1,23,2880478214467679917,SLH_DSA_PURE_SHA2_128S,0.07974842796102166,0.001358642999548465,0.6503549389890395,0.0010902940412051976,0.010851731989532709,0.010896841005887836,11.140986456011888,0.5781291375399396,2482153.0,7856.0,32.0,5000.0,True,False
1,23,4396800305167829671,SLH_DSA_PURE_SHA2_128S,0.08517239597858861,0.002230649988632649,0.6194884950527921,0.0010344769689254463,0.010776465991511941,0.010847278055734932,6.551973445981275,0.5473339653745958,2482153.0,7856.0,32.0,5000.0,True,False
1,23,15309435975296050079,SLH_DSA_PURE_SHA2_128S,0.07705221197102219,0.0013540990184992552,0.6084200220066123,0.001055386965163052,0.01081303902901709,0.01085822400636971,6.862453886016738,0.570413907716988,2482153.0,7856.0,32.0,5000.0,True,False
1,24,3823694268576361453,SLH_DSA_PURE_SHA2_128S,0.09585404099198058,0.0015207729884423316,0.6437076280126348,0.0011227609938941896,0.011308676970656961,0.011393747001420707,11.028484284004662,0.5688859416278684,2482153.0,7856.0,32.0,5000.0,True,False
1,24,17862244542708492915,SLH_DSA_PURE_SHA2_128S,0.1391202500090003,0.006673744006548077,0.7368018130073324,0.0010929160052910447,0.01064529299037531,0.010694767988752574,10.878428322961554,0.5451270339263093,2482153.0,7856.0,32.0,5000.0,True,False
1,24,588918001640696052,SLH_DSA_PURE_SHA2_128S,0.10447719099465758,0.0013806420029141009,0.6409016260295175,0.001149807998444885,0.010688360955100507,0.010734127019532025,11.25318648997927,0.510898648601049,2482153.0,7856.0,32.0,5000.0,True,False
1,24,4288175315605002993,SLH_DSA_PURE_SHA2_128S,0.09828484698664397,0.0014402949600480497,0.6344397779903375,0.0010343279573135078,0.010703617008402944,0.010744797007646412,11.267554913996719,0.5662094445270338,2482153.0,7856.0,32.0,5000.0,True,False
1,24,2805761419255490507,SLH_DSA_PURE_SHA2_128S,0.08667507499922067,0.0015334109775722027,0.6493128680158406,0.001143044966738671,0.01073307398473844,0.010778148018289357,10.927433500997722,0.5479003932730407,2482153.0,7856.0,32.0,5000.0,True,False
1,24,57072445505052326,SLH_DSA_PURE_SHA2_128S,0.08599138702265918,0.0029455030453391373,0.6523726749583147,0.0014112279750406742,0.010696965968236327,0.010785293008666486,10.934090652968735,0.48977916315197945,2482153.0,7856.0,32.0,5000.0,True,False
1,24,2880478214467679917,SLH_DSA_PURE_SHA2_128S,0.13345453201327473,0.001741673971991986,0.6321721639833413,0.001083779032342136,0.011066527978982776,0.01113824697677046,10.928520563989878,0.5531600837352549,2482153.0,7856.0,32.0,5000.0,True,False
1,24,1489939299139112435,SLH_DSA_PURE_SHA2_128S,0.08016849897103384,0.001376911997795105,0.6792740089586005,0.0011482149711810052,0.011195112951099873,0.011245037021581084,10.985904324974399,0.5504222091429742,2482153.0,7856.0,32.0,5000.0,True,False
1,24,4396800305167829671,SLH_DSA_PURE_SHA2_128S,0.08491788600804284,0.001554657006636262,0.6134753809892572,0.001091994985472411,0.0107072819955647,0.010754460992757231,6.589144374011084,0.526265765427594,2482153.0,7856.0,32.0,5000.0,True,False
1,24,15309435975296050079,SLH_DSA_PURE_SHA2_128S,0.07666048296960071,0.0014112230273894966,0.608853610989172,0.0010324509930796921,0.011003069987054914,0.011047022009734064,6.729591255018022,0.5452120600232653,2482153.0,7856.0,32.0,5000.0,True,False
1,25,588918001640696052,SLH_DSA_PURE_SHA2_128S,0.08617231901735067,0.0029383600340224802,0.6475352440029383,0.0010573689942248166,0.01083202101290226,0.010911186982411891,10.901559707999695,0.5024373586627708,2482153.0,7856.0,32.0,5000.0,True,False
1,25,17862244542708492915,SLH_DSA_PURE_SHA2_128S,0.16062516398960724,0.002333178010303527,0.8032843839609995,0.0010914570302702487,0.01084275497123599,0.010894326027482748,10.72265046701068,0.5339515455019702,2482153.0,7856.0,32.0,5000.0,True,False
1,25,4288175315605002993,SLH_DSA_PURE_SHA2_128S,0.08483632002025843,0.0018426720052957535,0.6437920950120315,0.0010882230126298964,0.010714955045841634,0.010757225973065943,11.067023804003838,0.5270523097793198,2482153.0,7856.0,32.0,5000.0,True,False
1,25,3823694268576361453,SLH_DSA_PURE_SHA2_128S,0.09499637497356161,0.0013454990112222731,0.6321223949780688,0.0011238009901717305,0.010816560010425746,0.010864733019843698,11.202526183973532,0.5140316557067974,2482153.0,7856.0,32.0,5000.0,True,False
1,25,57072445505052326,SLH_DSA_PURE_SHA2_128S,0.08735321304993704,0.0017012390308082104,0.6379891239921562,0.0010899350163526833,0.010829057020600885,0.010872977960389107,11.060750898031984,0.4858992347956463,2482153.0,7856.0,32.0,5000.0,True,False
1,25,1489939299139112435,SLH_DSA_PURE_SHA2_128S,0.08881917299004272,0.0017718609888106585,0.6405493940110318,0.0010698860278353095,0.010736620984971523,0.010786911996547133,10.951698929013219,0.505583339483495,2482153.0,7856.0,32.0,5000.0,True,False
1,25,2805761419255490507,SLH_DSA_PURE_SHA2_128S,0.08422218798659742,0.0014834540197625756,0.6684103449806571,0.00111303199082613,0.011000748025253415,0.011075364018324763,11.254483430995606,0.5268893627461734,2482153.0,7856.0,32.0,5000.0,True,False
1,25,2880478214467679917,SLH_DSA_PURE_SHA2_128S,0.0795650789514184,0.0013330799993127584,0.6295938849798404,0.001073503983207047,0.010773318994324654,0.010819755028933287,11.003922578005586,0.5253151124402596,2482153.0,7856.0,32.0,5000.0,True,False
1,25,15309435975296050079,SLH_DSA_PURE_SHA2_128S,0.08064351900247857,0.0014283860218711197,0.6098025649553165,0.0010927380062639713,0.010873720049858093,0.010916281025856733,6.707023894996382,0.5238348795990845,2482153.0,7856.0,32.0,5000.0,True,False
1,25,4396800305167829671,SLH_DSA_PURE_SHA2_128S,0.07761884102365002,0.0014049980090931058,0.6085047300439328,0.0011438429937697947,0.010785433056298643,0.010831997962668538,6.74197762896074,0.5053335415721414,2482153.0,7856.0,32.0,5000.0,True,False
1,26,3823694268576361453,SLH_DSA_PURE_SHA2_128S,0.08658860897412524,0.0016721189604140818,0.6843779609771445,0.001086999021936208,0.010785370017401874,0.010873544029891491,10.948211879993323,0.5012486537645577,2482153.0,7856.0,32.0,5000.0,True,False
1,26,17862244542708492915,SLH_DSA_PURE_SHA2_128S,0.14176894997945055,0.004042093991301954,0.6598740309709683,0.001163518987596035,0.010809836036060005,0.010859679023269564,10.914618087990675,0.4806205861353476,2482153.0,7856.0,32.0,5000.0,True,False
1,26,4288175315605002993,SLH_DSA_PURE_SHA2_128S,0.10969214799115434,0.0016336999833583832,0.6420325050130486,0.0011091419728472829,0.010769702959805727,0.01081875100499019,11.095580513996538,0.49548808708312403,2482153.0,7856.0,32.0,5000.0,True,False
1,26,588918001640696052,SLH_DSA_PURE_SHA2_128S,0.0789937480003573,0.0013542940141633153,0.6306231929920614,0.0013387450017035007,0.010917830979451537,0.01098584197461605,11.120504732010886,0.4973229358008333,2482153.0,7856.0,32.0,5000.0,True,False
1,26,2805761419255490507,SLH_DSA_PURE_SHA2_128S,0.13727175997337326,0.0015609959955327213,0.6285327830119058,0.0011083930148743093,0.010889162018429488,0.010940427018795162,10.912036772002466,0.49954915843951475,2482153.0,7856.0,32.0,5000.0,True,False
1,26,57072445505052326,SLH_DSA_PURE_SHA2_128S,0.12020757101709023,0.0013503139489330351,0.6341936539974995,0.001091290032491088,0.010905042989179492,0.010952232987619936,10.974212898989208,0.47232802686797587,2482153.0,7856.0,32.0,5000.0,True,False
1,26,2880478214467679917,SLH_DSA_PURE_SHA2_128S,0.07921955600613728,0.00171148800291121,0.631170957989525,0.0011621200246736407,0.010778025956824422,0.010859452013392001,10.862055263947695,0.501967396848141,2482153.0,7856.0,32.0,5000.0,True,False
1,26,1489939299139112435,SLH_DSA_PURE_SHA2_128S,0.11843864404363558,0.0014432620373554528,0.6295159850269556,0.0010930050048045814,0.010830944986082613,0.010877404012717307,10.823616951005533,0.49864213649112327,2482153.0,7856.0,32.0,5000.0,True,False
1,26,4396800305167829671,SLH_DSA_PURE_SHA2_128S,0.08492307201959193,0.002489207952748984,0.6126565560116433,0.0011689600069075823,0.01108111598296091,0.011129660997539759,6.394528797012754,0.4929561794670239,2482153.0,7856.0,32.0,5000.0,True,False
1,26,15309435975296050079,SLH_DSA_PURE_SHA2_128S,0.07765722897602245,0.0014238060102798045,0.6116283619776368,0.0011067920131608844,0.010783455974888057,0.01083292200928554,6.575973591010552,0.4995679840635342,2482153.0,7856.0,32.0,5000.0,True,False
1,27,4288175315605002993,SLH_DSA_PURE_SHA2_128S,0.10932396003045142,0.0015779549721628428,0.6339639299549162,0.0011682930053211749,0.010748772008810192,0.010829061968252063,11.07702516799327,0.46344667770395614,2482153.0,7856.0,32.0,5000.0,True,False
1,27,3823694268576361453,SLH_DSA_PURE_SHA2_128S,0.13588552200235426,0.001439457992091775,0.6273099990212359,0.0010890269768424332,0.010861536022275686,0.010911352990660816,11.004595968988724,0.45678399334762504,2482153.0,7856.0,32.0,5000.0,True,False
1,27,588918001640696052,SLH_DSA_PURE_SHA2_128S,0.08339718001661822,0.0014858059585094452,0.627758092014119,0.0011811699951067567,0.010782658006064594,0.010825965029653162,11.063194047019351,0.4591884894332119,2482153.0,7856.0,32.0,5000.0,True,False
1,27,17862244542708492915,SLH_DSA_PURE_SHA2_128S,0.07935075904242694,0.001359577989205718,0.6307836790219881,0.0010947779519483447,0.010853222047444433,0.01091439399169758,11.175609915982932,0.45932188752303077,2482153.0,7856.0,32.0,5000.0,True,False
1,27,57072445505052326,SLH_DSA_PURE_SHA2_128S,0.08696074405452237,0.001805716019589454,0.7151263380073942,0.0011733780265785754,0.010733548959251493,0.010783635021653026,10.808189440984279,0.4179946206462611,2482153.0,7856.0,32.0,5000.0,True,False
1,27,2805761419255490507,SLH_DSA_PURE_SHA2_128S,0.15192266000667587,0.004320032021496445,0.6948019889532588,0.0011049600434489548,0.01078116800636053,0.010828586993739009,10.82795193901984,0.48150711777103933,2482153.0,7856.0,32.0,5000.0,True,False
1,27,2880478214467679917,SLH_DSA_PURE_SHA2_128S,0.07948547403793782,0.001403853006195277,0.6335654389695264,0.0011155460379086435,0.011335737013723701,0.011416597000788897,11.040162264020182,0.45920951678684563,2482153.0,7856.0,32.0,5000.0,True,False
1,27,1489939299139112435,SLH_DSA_PURE_SHA2_128S,0.08291548996930942,0.001412704004906118,0.6326449789921753,0.0011649130028672516,0.01073069404810667,0.010778528987430036,11.05707577301655,0.46331959639551346,2482153.0,7856.0,32.0,5000.0,True,False
1,27,15309435975296050079,SLH_DSA_PURE_SHA2_128S,0.08048809395404533,0.0014768489636480808,0.6085898790042847,0.0010981319937855005,0.01120403700042516,0.011252895987126976,6.698577617004048,0.4898816960490054,2482153.0,7856.0,32.0,5000.0,True,False
1,27,4396800305167829671,SLH_DSA_PURE_SHA2_128S,0.07776104501681402,0.001406697032507509,0.6122041649650782,0.0011471339967101812,0.010850395017769188,0.01089847000548616,6.616223867982626,0.4822019453510452,2482153.0,7856.0,32.0,5000.0,True,False
1,28,17862244542708492915,SLH_DSA_PURE_SHA2_128S,0.0856025840039365,0.0022784119937568903,0.6309632449992932,0.0011597010307013988,0.010840689996257424,0.010925866954494268,10.945081129961181,0.45122296308540993,2482153.0,7856.0,32.0,5000.0,True,False
1,28,4288175315605002993,SLH_DSA_PURE_SHA2_128S,0.08542088000103831,0.0016752930241636932,0.6352217859821394,0.001067158009391278,0.010739062970969826,0.010783373028971255,10.981923557003029,0.4511034217823273,2482153.0,7856.0,32.0,5000.0,True,False
1,28,588918001640696052,SLH_DSA_PURE_SHA2_128S,0.09422805503709242,0.0014064190327189863,0.6314709020080045,0.0011003229883499444,0.010743664985056967,0.010788413987029344,11.096288065018598,0.4768168129572633,2482153.0,7856.0,32.0,5000.0,True,False
1,28,3823694268576361453,SLH_DSA_PURE_SHA2_128S,0.1586213310365565,0.0017191509832628071,0.6835962049663067,0.0010321090230718255,0.01065359596395865,0.010694770026020706,10.90819712501252,0.4811456092651103,2482153.0,7856.0,32.0,5000.0,True,False
1,28,2805761419255490507,SLH_DSA_PURE_SHA2_128S,0.08632410800782964,0.0035826300154440105,0.6421052099904045,0.001096860971301794,0.010735407995525748,0.010783642006572336,10.972350721014664,0.4496946562449359,2482153.0,7856.0,32.0,5000.0,True,False
1,28,57072445505052326,SLH_DSA_PURE_SHA2_128S,0.10605786100495607,0.0025903439964167774,0.7467428419622593,0.0010748599888756871,0.01096832100301981,0.011010643967892975,10.817236875998788,0.4127690215138303,2482153.0,7856.0,32.0,5000.0,True,False
1,28,1489939299139112435,SLH_DSA_PURE_SHA2_128S,0.08512581296963617,0.0020061719696968794,0.6367927210521884,0.0011538270046003163,0.01085796399274841,0.010936656966805458,10.918107966019306,0.43434850999693964,2482153.0,7856.0,32.0,5000.0,True,False
1,28,2880478214467679917,SLH_DSA_PURE_SHA2_128S,0.0794270129990764,0.0013974090106785297,0.6318234960199334,0.0010725519969128072,0.010799708950798959,0.010841907002031803,11.02962127502542,0.4577579250926994,2482153.0,7856.0,32.0,5000.0,True,False
1,28,4396800305167829671,SLH_DSA_PURE_SHA2_128S,0.08472065097885206,0.00251565600046888,0.6187366340309381,0.0010907970136031508,0.010817822010722011,0.010865557007491589,6.590836456976831,0.4754669895976972,2482153.0,7856.0,32.0,5000.0,True,False
1,28,15309435975296050079,SLH_DSA_PURE_SHA2_128S,0.07672095502493903,0.0016422600019723177,0.6072803870192729,0.0011041119578294456,0.010796946007758379,0.01084981596795842,6.881345843023155,0.44455156998507156,2482153.0,7856.0,32.0,5000.0,True,False
1,29,3823694268576361453,SLH_DSA_PURE_SHA2_128S,0.14573396201012656,0.002657199976965785,0.7119238910381682,0.0011397849884815514,0.010772465029731393,0.01086827804101631,10.716644838976208,0.448680014509684,2482153.0,7856.0,32.0,5000.0,True,False
1,29,17862244542708492915,SLH_DSA_PURE_SHA2_128S,0.08419423102168366,0.0016033920110203326,0.648159134958405,0.0013074189773760736,0.010742811020463705,0.0107883780146949,11.015539008018095,0.43694336503554304,2482153.0,7856.0,32.0,5000.0,True,False
1,29,4288175315605002993,SLH_DSA_PURE_SHA2_128S,0.15923812001710758,0.0016707389731891453,0.6305453649838455,0.0011590970098040998,0.010860309994313866,0.010905006027314812,10.983150281012058,0.4374657756453202,2482153.0,7856.0,32.0,5000.0,True,False
1,29,588918001640696052,SLH_DSA_PURE_SHA2_128S,0.10076190502149984,0.0013635700452141464,0.6343508579884656,0.0010511279688216746,0.010696666955482215,0.010741832957137376,11.094446079980116,0.39900352600606004,2482153.0,7856.0,32.0,5000.0,True,False
1,29,2805761419255490507,SLH_DSA_PURE_SHA2_128S,0.14518959895940498,0.0021224350202828646,0.6581012569949962,0.0013874649885110557,0.010999741032719612,0.011051825014874339,11.084819981013425,0.4466300392701368,2482153.0,7856.0,32.0,5000.0,True,False
1,29,2880478214467679917,SLH_DSA_PURE_SHA2_128S,0.07989544799784198,0.001367274031508714,0.6495304650161415,0.0015211969730444252,0.010797029011882842,0.010868698998820037,10.934736586990766,0.4430871688090502,2482153.0,7856.0,32.0,5000.0,True,False
1,29,1489939299139112435,SLH_DSA_PURE_SHA2_128S,0.164758047030773,0.00141215103212744,0.628366734017618,0.0013878800091333687,0.011116945010144264,0.011201584013178945,10.931557787989732,0.4237274191324498,2482153.0,7856.0,32.0,5000.0,True,False
1,29,57072445505052326,SLH_DSA_PURE_SHA2_128S,0.1471198690123856,0.0014596290420740843,0.6315259109833278,0.0010874359868466854,0.010721984959673136,0.010767523024696857,11.018877048045397,0.40529210259248116,2482153.0,7856.0,32.0,5000.0,True,False
1,29,15309435975296050079,SLH_DSA_PURE_SHA2_128S,0.0846493790159002,0.0020726940128952265,0.6387503939913586,0.0014058180386200547,0.010866336000617594,0.010917159961536527,6.483062762999907,0.4663935351499896,2482153.0,7856.0,32.0,5000.0,True,False
1,29,4396800305167829671,SLH_DSA_PURE_SHA2_128S,0.07715901097981259,0.0016136280028149486,0.6051488759694621,0.001357627974357456,0.010795640992000699,0.01084348396398127,6.718224294018,0.4388441388216463,2482153.0,7856.0,32.0,5000.0,True,False
1,30,588918001640696052,SLH_DSA_PURE_SHA2_128S,0.08722973300609738,0.0028921590419486165,0.6641554810339585,0.0010787579813040793,0.01072057499550283,0.01080964202992618,10.748855237965472,0.39681120138544185,2482153.0,7856.0,32.0,5000.0,True,False
1,30,17862244542708492915,SLH_DSA_PURE_SHA2_128S,0.14816865301690996,0.0018614919972606003,0.6761297800112516,0.001060466980561614,0.010781841992866248,0.01082792499801144,10.919866671029013,0.4244404769188185,2482153.0,7856.0,32.0,5000.0,True,False
1,30,3823694268576361453,SLH_DSA_PURE_SHA2_128S,0.08546182798454538,0.0015405660378746688,0.6431038409937173,0.0013534040190279484,0.010772981971967965,0.01081951503874734,10.966358997975476,0.4058535475355045,2482153.0,7856.0,32.0,5000.0,True,False
1,30,4288175315605002993,SLH_DSA_PURE_SHA2_128S,0.07945580000523478,0.001601780008058995,0.6342334679793566,0.0010561689850874245,0.010627701005432755,0.010674574004951864,11.137939941021614,0.4108586852990423,2482153.0,7856.0,32.0,5000.0,True,False
1,30,2805761419255490507,SLH_DSA_PURE_SHA2_128S,0.16020075499545783,0.002474824956152588,0.7504753139801323,0.0010391630348749459,0.010755585040897131,0.010805714002344757,11.045039995980915,0.40725493190845674,2482153.0,7856.0,32.0,5000.0,True,False
1,30,57072445505052326,SLH_DSA_PURE_SHA2_128S,0.08319320098962635,0.0015866280300542712,0.6321278989780694,0.0011248539667576551,0.010747374966740608,0.010796474001836032,11.109281666984316,0.38155543241815965,2482153.0,7856.0,32.0,5000.0,True,False
1,30,1489939299139112435,SLH_DSA_PURE_SHA2_128S,0.08633780101081356,0.0015884009771980345,0.6328807779937051,0.0010575820342637599,0.010864184005185962,0.01093648502137512,10.995980840001721,0.4022586135680129,2482153.0,7856.0,32.0,5000.0,True,False
1,30,2880478214467679917,SLH_DSA_PURE_SHA2_128S,0.09620390803320333,0.0016080730129033327,0.6303822789923288,0.0010628470336087048,0.01073499902850017,0.010778148949611932,10.94227649300592,0.424509458801454,2482153.0,7856.0,32.0,5000.0,True,False
1,30,15309435975296050079,SLH_DSA_PURE_SHA2_128S,0.0850636470131576,0.0023190350038930774,0.6163795209722593,0.0010593269835226238,0.010931210010312498,0.010975404002238065,6.624236843956169,0.39578717960649806,2482153.0,7856.0,32.0,5000.0,True,False
1,30,4396800305167829671,SLH_DSA_PURE_SHA2_128S,0.0770069410209544,0.0013665760052390397,0.6082070679985918,0.001090582984033972,0.010743853985331953,0.01079754502279684,6.697307333990466,0.3878194882777656,2482153.0,7856.0,32.0,5000.0,True,False
2,1,16830868949384911525,SLH_DSA_PURE_SHA2_128S,0.08642050297930837,0.0015947719803079963,0.6366813319618814,0.0010624409769661725,0.010757518990430981,0.01088568998966366,10.968910836032592,1.9917612827507554,2482153.0,7856.0,32.0,5000.0,True,False
2,1,3121088374420505987,SLH_DSA_PURE_SHA2_128S,0.1713571940199472,0.001476711011491716,0.6286322749801911,0.0011340949567966163,0.010760675999335945,0.010818113980349153,11.12301324197324,2.026430653918321,2482153.0,7856.0,32.0,5000.0,True,False
2,1,8444005828321974866,SLH_DSA_PURE_SHA2_128S,0.17011348198866472,0.0022564330138266087,0.6859202359919436,0.001093036960810423,0.010686660010833293,0.010770451975986362,11.077214791963343,2.0439791504744513,2482153.0,7856.0,32.0,5000.0,True,False
2,1,13736533094249245188,SLH_DSA_PURE_SHA2_128S,0.07962592301191762,0.001441695960238576,0.6792579250177369,0.0011005789856426418,0.010683341010008007,0.010746511979959905,11.020448213035706,2.0042748489197653,2482153.0,7856.0,32.0,5000.0,True,False
2,1,1491860734249423191,SLH_DSA_PURE_SHA2_128S,0.1595089350012131,0.0015853120130486786,0.6890547160292044,0.0011244349880144,0.010775959002785385,0.01085528201656416,10.798156719014514,2.045647426016012,2482153.0,7856.0,32.0,5000.0,True,False
2,1,7991291319278516651,SLH_DSA_PURE_SHA2_128S,0.1518372599966824,0.0021187830134294927,0.6728169900015928,0.0011046220315620303,0.010888435004744679,0.010948716022539884,10.597668648988474,2.066939537692222,2482153.0,7856.0,32.0,5000.0,True,False
2,1,5785262889177683512,SLH_DSA_PURE_SHA2_128S,0.15190334198996425,0.0015307110152207315,0.6307096300297417,0.0013356900308281183,0.010799504991155118,0.010850271035451442,10.981705599988345,2.0001350679215353,2482153.0,7856.0,32.0,5000.0,True,False
2,1,9911338808672416797,SLH_DSA_PURE_SHA2_128S,0.07988403498893604,0.0014195559779182076,0.6352667979663238,0.001105159055441618,0.010882474016398191,0.010952088981866837,11.052173078991473,2.0484057619313525,2482153.0,7856.0,32.0,5000.0,True,False
2,1,13664147508162938503,SLH_DSA_PURE_SHA2_128S,0.08184088300913572,0.00149841996608302,0.608138108975254,0.0011423889664001763,0.010759688972029835,0.010806740028783679,6.21836923097726,1.9819556869518984,2482153.0,7856.0,32.0,5000.0,True,False
2,1,4044824485852176919,SLH_DSA_PURE_SHA2_128S,0.07844051800202578,0.0013468050165101886,0.6115660240175202,0.0011025929707102478,0.010840861999895424,0.010894281032960862,6.20347381697502,2.056259067954531,2482153.0,7856.0,32.0,5000.0,True,False
2,2,8444005828321974866,SLH_DSA_PURE_SHA2_128S,0.08771975297713652,0.0016003120108507574,0.6336475409916602,0.0010851380066014826,0.0107995790312998,0.010895190993323922,10.97527815203648,1.7487037303341422,2482153.0,7856.0,32.0,5000.0,True,False
2,2,16830868949384911525,SLH_DSA_PURE_SHA2_128S,0.1615744880400598,0.0019540670327842236,0.6481538770021871,0.0011331919813528657,0.010840372007805854,0.010895471961703151,10.848562376981135,1.765303677814022,2482153.0,7856.0,32.0,5000.0,True,False
2,2,3121088374420505987,SLH_DSA_PURE_SHA2_128S,0.1613958739908412,0.0015403279685415328,0.6491087509784847,0.0011665569618344307,0.010816760011948645,0.010867843986488879,11.018476051976904,1.7458015642348368,2482153.0,7856.0,32.0,5000.0,True,False
2,2,13736533094249245188,SLH_DSA_PURE_SHA2_128S,0.13884701201459393,0.001418353000190109,0.6706158490269445,0.0011039429809898138,0.010744758998043835,0.010797030990943313,11.106814465019852,1.7447508945586576,2482153.0,7856.0,32.0,5000.0,True,False
2,2,1491860734249423191,SLH_DSA_PURE_SHA2_128S,0.12420546100474894,0.0017399470089003444,0.6519926720065996,0.0011083820136263967,0.010637743049301207,0.010689708986319602,10.84220816398738,1.7669029820496869,2482153.0,7856.0,32.0,5000.0,True,False
2,2,5785262889177683512,SLH_DSA_PURE_SHA2_128S,0.08635072503238916,0.0018895610119216144,0.6452624929952435,0.001096145948395133,0.010716635035350919,0.01076991599984467,10.842019300966058,1.8021540368438527,2482153.0,7856.0,32.0,5000.0,True,False
2,2,7991291319278516651,SLH_DSA_PURE_SHA2_128S,0.10611151199555025,0.0018589390092529356,0.6314900960423984,0.0011140700080431998,0.010686787019949406,0.010769822052679956,10.811234842985868,1.7759671970537514,2482153.0,7856.0,32.0,5000.0,True,False
2,2,9911338808672416797,SLH_DSA_PURE_SHA2_128S,0.10733150300802663,0.0020168310147710145,0.6303888789843768,0.0013385690399445593,0.010672409029211849,0.01072629599366337,10.953903210989665,1.7763175288583064,2482153.0,7856.0,32.0,5000.0,True,False
2,2,13664147508162938503,SLH_DSA_PURE_SHA2_128S,0.08454218198312446,0.0018537259893491864,0.6152624880196527,0.0011191109661012888,0.010830671002622694,0.010890430014114827,6.092850400949828,1.7544398330579138,2482153.0,7856.0,32.0,5000.0,True,False
2,2,4044824485852176919,SLH_DSA_PURE_SHA2_128S,0.07788650499423966,0.00142369803506881,0.6090837990050204,0.001155549951363355,0.010646181006450206,0.01069742301478982,6.231079785968177,1.7621682646927561,2482153.0,7856.0,32.0,5000.0,True,False
2,3,3121088374420505987,SLH_DSA_PURE_SHA2_128S,0.14395701000466943,0.003858643991407007,0.8182954550138675,0.0014712210395373404,0.02308479096973315,0.02320795797277242,10.494677320995834,1.5482747812939297,2482153.0,7856.0,32.0,5000.0,True,False
2,3,8444005828321974866,SLH_DSA_PURE_SHA2_128S,0.08139095798833296,0.0013955560280010104,0.6355249170446768,0.001300831965636462,0.014810333959758282,0.014872323023155332,10.961293112952262,1.6051038359380831,2482153.0,7856.0,32.0,5000.0,True,False
2,3,16830868949384911525,SLH_DSA_PURE_SHA2_128S,0.13726610102457926,0.0014694820274598897,0.6285345450160094,0.001238840981386602,0.010936979961115867,0.010985383996739984,10.878497195022646,1.5628560477760947,2482153.0,7856.0,32.0,5000.0,True,False
2,3,13736533094249245188,SLH_DSA_PURE_SHA2_128S,0.08564522198867053,0.0014459880185313523,0.6571097660344094,0.0013091019936837256,0.010834672022610903,0.010894203034695238,10.979437875037547,1.5881229714982827,2482153.0,7856.0,32.0,5000.0,True,False
2,3,1491860734249423191,SLH_DSA_PURE_SHA2_128S,0.15902128297602758,0.0029298660228960216,0.693425050994847,0.001172974007204175,0.010913824022281915,0.010963966022245586,11.288627211004496,1.5873657487759925,2482153.0,7856.0,32.0,5000.0,True,False
2,3,7991291319278516651,SLH_DSA_PURE_SHA2_128S,0.08238556701689959,0.001485429995227605,0.6294092800235376,0.0011822350206784904,0.010910437966231257,0.010960523039102554,11.058451991004404,1.6421850851386974,2482153.0,7856.0,32.0,5000.0,True,False
2,3,5785262889177683512,SLH_DSA_PURE_SHA2_128S,0.08059952297480777,0.0013555129989981651,0.6291210770141333,0.0011239880113862455,0.011053459020331502,0.011129905993584543,11.285236583964434,1.601237032823502,2482153.0,7856.0,32.0,5000.0,True,False
2,3,9911338808672416797,SLH_DSA_PURE_SHA2_128S,0.11104723199969158,0.0013778089778497815,0.6706294129835442,0.0012234379537403584,0.01090723997913301,0.010958823026157916,11.15588630194543,1.6006583962470862,2482153.0,7856.0,32.0,5000.0,True,False
2,3,13664147508162938503,SLH_DSA_PURE_SHA2_128S,0.08492720499634743,0.0016574469627812505,0.6084208669490181,0.0015052640228532255,0.010904467024374753,0.011088678031228483,6.171984632033855,1.573704711191214,2482153.0,7856.0,32.0,5000.0,True,False
2,3,4044824485852176919,SLH_DSA_PURE_SHA2_128S,0.07726284500677139,0.0013770299847237766,0.6253092419938184,0.0011994140222668648,0.011219756968785077,0.011267817986663431,6.17482908902457,1.5718513370319536,2482153.0,7856.0,32.0,5000.0,True,False
2,4,3121088374420505987,SLH_DSA_PURE_SHA2_128S,0.08755950996419415,0.0018275959882885218,0.6357138330349699,0.0012285360135138035,0.01100124599179253,0.011092154018115252,10.825037789996713,1.4786843995379795,2482153.0,7856.0,32.0,5000.0,True,False
2,4,13736533094249245188,SLH_DSA_PURE_SHA2_128S,0.10173579602269456,0.0018813690403476357,0.6459211930050515,0.0011571680079214275,0.01123871497111395,0.011289117974229157,10.770394287945237,1.4704141973689864,2482153.0,7856.0,32.0,5000.0,True,False
2,4,16830868949384911525,SLH_DSA_PURE_SHA2_128S,0.10558153199963272,0.0015120150055736303,0.6454525259905495,0.0012542689801193774,0.011418181995395571,0.01147878001211211,10.912708811985794,1.4765821395406298,2482153.0,7856.0,32.0,5000.0,True,False
2,4,8444005828321974866,SLH_DSA_PURE_SHA2_128S,0.0793444819864817,0.0013560399529524148,0.6320247449912131,0.0011734559666365385,0.011149363010190427,0.01119942998047918,10.93673370796023,1.4929604044385776,2482153.0,7856.0,32.0,5000.0,True,False
2,4,1491860734249423191,SLH_DSA_PURE_SHA2_128S,0.1606799700530246,0.0018648990080691874,0.648758274037391,0.0012358640087768435,0.011089088977314532,0.011134742991998792,10.873471574974246,1.4681681979234051,2482153.0,7856.0,32.0,5000.0,True,False
2,4,7991291319278516651,SLH_DSA_PURE_SHA2_128S,0.0802716719917953,0.0013908370165154338,0.6314253690070473,0.001249756955076009,0.011012425005901605,0.011060297023504972,10.848727315024007,1.495411388433663,2482153.0,7856.0,32.0,5000.0,True,False
2,4,9911338808672416797,SLH_DSA_PURE_SHA2_128S,0.10311407799599692,0.001388160977512598,0.6453268830082379,0.0012454429524950683,0.011246364039834589,0.011336405004840344,10.847903474990744,1.4736315262545445,2482153.0,7856.0,32.0,5000.0,True,False
2,4,5785262889177683512,SLH_DSA_PURE_SHA2_128S,0.08243116101948544,0.001319267030339688,0.6309205500292592,0.0011569540365599096,0.01113034802256152,0.01118023000890389,11.0132894780254,1.4998989720253428,2482153.0,7856.0,32.0,5000.0,True,False
2,4,13664147508162938503,SLH_DSA_PURE_SHA2_128S,0.0843184000113979,0.0015994540299288929,0.6612394269905053,0.0012626380193978548,0.010991093004122376,0.011037153017241508,6.122314838983584,1.46872089964569,2482153.0,7856.0,32.0,5000.0,True,False
2,4,4044824485852176919,SLH_DSA_PURE_SHA2_128S,0.0807824750081636,0.0015373280039057136,0.6630075630382635,0.0011689280509017408,0.011095257999841124,0.011142917966935784,6.147373231011443,1.4500884166948356,2482153.0,7856.0,32.0,5000.0,True,False
2,5,16830868949384911525,SLH_DSA_PURE_SHA2_128S,0.08634937996976078,0.0015819629770703614,0.6324339099810459,0.0011430439772084355,0.010689592978451401,0.010779668984469026,11.004652146017179,1.4011803125120272,2482153.0,7856.0,32.0,5000.0,True,False
2,5,8444005828321974866,SLH_DSA_PURE_SHA2_128S,0.08408264303579926,0.0014496880467049778,0.6332370939780958,0.001116889005061239,0.010700698010623455,0.010791053995490074,11.073133063968271,1.397859244589593,2482153.0,7856.0,32.0,5000.0,True,False
2,5,13736533094249245188,SLH_DSA_PURE_SHA2_128S,0.14353323599789292,0.002264090988319367,0.6487490759463981,0.0011197199928574264,0.010783134028315544,0.01083373901201412,10.929329608974513,1.3803503091927547,2482153.0,7856.0,32.0,5000.0,True,False
2,5,3121088374420505987,SLH_DSA_PURE_SHA2_128S,0.07964134903158993,0.0013729770435020328,0.6318272479693405,0.0011650940286926925,0.011012927978299558,0.011067186016589403,11.111823121027555,1.3516399009971862,2482153.0,7856.0,32.0,5000.0,True,False
2,5,5785262889177683512,SLH_DSA_PURE_SHA2_128S,0.1364027499803342,0.002050077950116247,0.6382968630059622,0.001120480999816209,0.010900571011006832,0.010953225020784885,10.679626928991638,1.3828720723747447,2482153.0,7856.0,32.0,5000.0,True,False
2,5,1491860734249423191,SLH_DSA_PURE_SHA2_128S,0.1528781359666027,0.00167341303313151,0.633296291984152,0.0011261540348641574,0.01066487596835941,0.010716899996623397,10.794616479019169,1.368775208664548,2482153.0,7856.0,32.0,5000.0,True,False
2,5,9911338808672416797,SLH_DSA_PURE_SHA2_128S,0.08612721401732415,0.0019001630134880543,0.628113703976851,0.0013895260053686798,0.010825490986462682,0.010912619007285684,10.767850295000244,1.371758871397395,2482153.0,7856.0,32.0,5000.0,True,False
2,5,7991291319278516651,SLH_DSA_PURE_SHA2_128S,0.08031079900683835,0.0013155569904483855,0.6362479659728706,0.0011081499978899956,0.011033643037080765,0.01108790299622342,10.828680642007384,1.3868534098005598,2482153.0,7856.0,32.0,5000.0,True,False
2,5,13664147508162938503,SLH_DSA_PURE_SHA2_128S,0.08544749399879947,0.0016512200236320496,0.6443883700412698,0.0011589970090426505,0.010704241984058172,0.010756692034192383,6.122593732026871,1.4016378354874386,2482153.0,7856.0,32.0,5000.0,True,False
2,5,4044824485852176919,SLH_DSA_PURE_SHA2_128S,0.08014801103854552,0.0013899559853598475,0.612704768020194,0.0011074659996666014,0.010762093996163458,0.010814217966981232,6.299851452000439,1.3699243038323274,2482153.0,7856.0,32.0,5000.0,True,False
2,6,16830868949384911525,SLH_DSA_PURE_SHA2_128S,0.08898389304522425,0.0014967239694669843,0.6327495859586634,0.0011260570026934147,0.010717291035689414,0.01080807001562789,10.725283033971209,1.2947317096078472,2482153.0,7856.0,32.0,5000.0,True,False
2,6,13736533094249245188,SLH_DSA_PURE_SHA2_128S,0.11860225698910654,0.00143052899511531,0.630686886026524,0.0010798840085044503,0.010727471963036805,0.0107718690414913,10.73257134296,1.3069502753057298,2482153.0,7856.0,32.0,5000.0,True,False
2,6,8444005828321974866,SLH_DSA_PURE_SHA2_128S,0.08128386101452634,0.001398181018885225,0.6311749250162393,0.0010857239831238985,0.010626639996189624,0.010671229974832386,10.811912507982925,1.2941445818372592,2482153.0,7856.0,32.0,5000.0,True,False
2,6,3121088374420505987,SLH_DSA_PURE_SHA2_128S,0.08006399200530723,0.0013702519936487079,0.631453669979237,0.0010392999975010753,0.010689795017242432,0.010734925977885723,10.817003649950493,1.2672495648359796,2482153.0,7856.0,32.0,5000.0,True,False
2,6,7991291319278516651,SLH_DSA_PURE_SHA2_128S,0.08396573696518317,0.002368008019402623,0.6323495489777997,0.0010662820423021913,0.010672221018467098,0.010716310003772378,10.894382132973988,1.2955618185602176,2482153.0,7856.0,32.0,5000.0,True,False
2,6,5785262889177683512,SLH_DSA_PURE_SHA2_128S,0.11134937801398337,0.0016341879963874817,0.6361766170011833,0.0013971040025353432,0.01102554303361103,0.011173475999385118,10.885172637994401,1.2934792877002885,2482153.0,7856.0,32.0,5000.0,True,False
2,6,9911338808672416797,SLH_DSA_PURE_SHA2_128S,0.08628409501397982,0.0015708840219303966,0.6414291690452956,0.001106348994653672,0.011203347996342927,0.011279980011750013,10.83357385196723,1.2862667308491507,2482153.0,7856.0,32.0,5000.0,True,False
2,6,1491860734249423191,SLH_DSA_PURE_SHA2_128S,0.08012621197849512,0.0014159799902699888,0.654265001998283,0.0010216899681836367,0.01075107598444447,0.010815365996677428,11.132879255048465,1.2726854773084069,2482153.0,7856.0,32.0,5000.0,True,False
2,6,13664147508162938503,SLH_DSA_PURE_SHA2_128S,0.0986291790031828,0.0019243710557930171,0.628998798027169,0.00113946502096951,0.01063560601323843,0.010702845000196248,6.273783583019394,1.3095068608879283,2482153.0,7856.0,32.0,5000.0,True,False
2,6,4044824485852176919,SLH_DSA_PURE_SHA2_128S,0.08004461601376534,0.0017011689487844706,0.6084671739954501,0.00103673996636644,0.01071088801836595,0.010763928992673755,6.545889039989561,1.2618488069552525,2482153.0,7856.0,32.0,5000.0,True,False
2,7,8444005828321974866,SLH_DSA_PURE_SHA2_128S,0.08864218299277127,0.002101983001921326,0.646352255018428,0.001147934002801776,0.010818152979481965,0.010906098003033549,10.828323661989998,1.220919513778322,2482153.0,7856.0,32.0,5000.0,True,False
2,7,16830868949384911525,SLH_DSA_PURE_SHA2_128S,0.0832738449680619,0.0015301239909604192,0.6288922369712964,0.001133696991018951,0.010741319973021746,0.01079034199938178,10.969167142990045,1.2445671387538788,2482153.0,7856.0,32.0,5000.0,True,False
2,7,13736533094249245188,SLH_DSA_PURE_SHA2_128S,0.0799490439821966,0.001417635998222977,0.657960772048682,0.0011043380363844335,0.01110693602822721,0.011156320048030466,11.123714220011607,1.212307036682299,2482153.0,7856.0,32.0,5000.0,True,False
2,7,3121088374420505987,SLH_DSA_PURE_SHA2_128S,0.11748314602300525,0.0016635149950161576,0.6800256579881534,0.00112582603469491,0.010805021040141582,0.010853978048544377,10.901663435972296,1.1911116770118664,2482153.0,7856.0,32.0,5000.0,True,False
2,7,1491860734249423191,SLH_DSA_PURE_SHA2_128S,0.15104610798880458,0.005095857020933181,0.7257719810004346,0.0010962339583784342,0.010653380013536662,0.010702964034862816,11.04168613802176,1.2087158264627882,2482153.0,7856.0,32.0,5000.0,True,False
2,7,5785262889177683512,SLH_DSA_PURE_SHA2_128S,0.1316450730082579,0.001911950996145606,0.636230481963139,0.001212101022247225,0.010759777040220797,0.010808713966980577,10.953645754023455,1.2063255336633913,2482153.0,7856.0,32.0,5000.0,True,False
2,7,7991291319278516651,SLH_DSA_PURE_SHA2_128S,0.1290626380359754,0.0014348580152727664,0.629737232986372,0.0011118290130980313,0.010967422043904662,0.011049891007132828,10.991830679005943,1.249901992500208,2482153.0,7856.0,32.0,5000.0,True,False
2,7,9911338808672416797,SLH_DSA_PURE_SHA2_128S,0.09162718296283856,0.00136017199838534,0.6362608729978092,0.0011069729807786644,0.010756787029094994,0.010807196027599275,11.1030392239918,1.2068814145531623,2482153.0,7856.0,32.0,5000.0,True,False
2,7,13664147508162938503,SLH_DSA_PURE_SHA2_128S,0.08598624099977314,0.0016243080026470125,0.6249916750239208,0.0010719159618020058,0.010801362979691476,0.010849278012756258,6.43859799898928,1.2293985444269362,2482153.0,7856.0,32.0,5000.0,True,False
2,7,4044824485852176919,SLH_DSA_PURE_SHA2_128S,0.07720718299970031,0.0013221990084275603,0.6115884910104796,0.0010840970207937062,0.010706847009714693,0.01075442903675139,6.563662457978353,1.1846084332769844,2482153.0,7856.0,32.0,5000.0,True,False
2,8,13736533094249245188,SLH_DSA_PURE_SHA2_128S,0.1253890210064128,0.0014827220002189279,0.6292213689885102,0.0010802029864862561,0.010730922978837043,0.01081549801165238,10.76753190398449,1.1434160675972131,2482153.0,7856.0,32.0,5000.0,True,False
2,8,8444005828321974866,SLH_DSA_PURE_SHA2_128S,0.09142654901370406,0.001432441989891231,0.6468499170150608,0.0010792430257424712,0.010741773003246635,0.010793417983222753,10.861330946034286,1.1404308885525747,2482153.0,7856.0,32.0,5000.0,True,False
2,8,3121088374420505987,SLH_DSA_PURE_SHA2_128S,0.12552723503904417,0.001374037005007267,0.6302275719936006,0.0010783760226331651,0.01069244695827365,0.010736949974671006,10.806275272974744,1.126441195132626,2482153.0,7856.0,32.0,5000.0,True,False
2,8,16830868949384911525,SLH_DSA_PURE_SHA2_128S,0.08269650698639452,0.0013695500092580914,0.6321415390120819,0.001084426010493189,0.010744138970039785,0.010795997979585081,10.828023434965871,1.1565788183242651,2482153.0,7856.0,32.0,5000.0,True,False
2,8,1491860734249423191,SLH_DSA_PURE_SHA2_128S,0.08748939400538802,0.0022744020097889006,0.6404066630057059,0.0011205759947188199,0.010632394987624139,0.01067766099004075,10.811788259015884,1.1461673204306584,2482153.0,7856.0,32.0,5000.0,True,False
2,8,5785262889177683512,SLH_DSA_PURE_SHA2_128S,0.08526969701051712,0.001463819993659854,0.6345513890264556,0.0010904629598371685,0.010773835005238652,0.010824893950484693,10.820186114986427,1.1372313256476336,2482153.0,7856.0,32.0,5000.0,True,False
2,8,7991291319278516651,SLH_DSA_PURE_SHA2_128S,0.16130414098734036,0.002014638972468674,0.677649428951554,0.001119204971473664,0.010753563023172319,0.010828555969055742,10.81967632996384,1.2019916321061979,2482153.0,7856.0,32.0,5000.0,True,False
2,8,9911338808672416797,SLH_DSA_PURE_SHA2_128S,0.09619374002795666,0.001549136999528855,0.6301851189928129,0.0010786859784275293,0.010768095031380653,0.01081676798639819,11.0422110260115,1.1186835424155945,2482153.0,7856.0,32.0,5000.0,True,False
2,8,13664147508162938503,SLH_DSA_PURE_SHA2_128S,0.08696749299997464,0.0018872660002671182,0.6166443820111454,0.001108255994040519,0.010754969960544258,0.010802182019688189,6.501564693055116,1.1508117773730284,2482153.0,7856.0,32.0,5000.0,True,False
2,8,4044824485852176919,SLH_DSA_PURE_SHA2_128S,0.07764348795171827,0.001325452991295606,0.6090487210312858,0.0010882909991778433,0.010674574004951864,0.010724447958637029,6.610432639019564,1.1315855372483563,2482153.0,7856.0,32.0,5000.0,True,False
2,9,3121088374420505987,SLH_DSA_PURE_SHA2_128S,0.1194728150148876,0.0016308430349454284,0.6501065110205673,0.0011376729817129672,0.010700074024498463,0.010788707993924618,10.74372762197163,1.0695066657035974,2482153.0,7856.0,32.0,5000.0,True,False
2,9,16830868949384911525,SLH_DSA_PURE_SHA2_128S,0.16020729095907882,0.001661422022152692,0.6448567300103605,0.0011291499831713736,0.010680802050046623,0.010732601978816092,10.668535568984225,1.0927308923119952,2482153.0,7856.0,32.0,5000.0,True,False
2,9,13736533094249245188,SLH_DSA_PURE_SHA2_128S,0.08592959999805316,0.0022496519959531724,0.6451759049668908,0.0011138870031572878,0.010694521013647318,0.010744869010522962,10.726686059962958,1.0946079898791707,2482153.0,7856.0,32.0,5000.0,True,False
2,9,8444005828321974866,SLH_DSA_PURE_SHA2_128S,0.07978293299674988,0.0013217839878052473,0.7153618569718674,0.0011371239670552313,0.010666042973753065,0.010717833996750414,11.13905189401703,1.0785688442789065,2482153.0,7856.0,32.0,5000.0,True,False
2,9,1491860734249423191,SLH_DSA_PURE_SHA2_128S,0.16058503201929852,0.0024445689632557333,0.7711252109729685,0.0011403480311855674,0.010698856029193848,0.010752369009424001,10.783812545996625,1.073951633113205,2482153.0,7856.0,32.0,5000.0,True,False
2,9,5785262889177683512,SLH_DSA_PURE_SHA2_128S,0.11902151897083968,0.0018040519789792597,0.6407988629653119,0.0011249679955653846,0.01086788100656122,0.010920565982814878,10.922265917994082,1.0683439358784135,2482153.0,7856.0,32.0,5000.0,True,False
2,9,9911338808672416797,SLH_DSA_PURE_SHA2_128S,0.14356539503205568,0.0015425730380229652,0.6408392289886251,0.0012366599985398352,0.01082911598496139,0.010915615013800561,10.8279007539968,1.0718068666518874,2482153.0,7856.0,32.0,5000.0,True,False
2,9,7991291319278516651,SLH_DSA_PURE_SHA2_128S,0.07979729498038068,0.0013279140111990273,0.6768859990406781,0.0012327730073593557,0.010706946952268481,0.01076387194916606,10.760878783999942,1.1124277551462696,2482153.0,7856.0,32.0,5000.0,True,False
2,9,4044824485852176919,SLH_DSA_PURE_SHA2_128S,0.08628235396463424,0.0021323259570635855,0.6123123550205491,0.0011273419950157404,0.010688201000448316,0.010738442011643201,6.823181704967283,1.0782876553808807,2482153.0,7856.0,32.0,5000.0,True,False
2,9,13664147508162938503,SLH_DSA_PURE_SHA2_128S,0.07732427096925676,0.0013281399733386934,0.6121279600192793,0.0011009860318154097,0.010806995967868716,0.010858000023290515,6.9679702739813365,1.0879684151357907,2482153.0,7856.0,32.0,5000.0,True,False
2,10,16830868949384911525,SLH_DSA_PURE_SHA2_128S,0.0871312499511987,0.002275247999932617,0.6349822980118915,0.0011523000430315733,0.010805666039232165,0.010906876996159554,10.89116565900622,1.028005699822857,2482153.0,7856.0,32.0,5000.0,True,False
2,10,8444005828321974866,SLH_DSA_PURE_SHA2_128S,0.08480069797951728,0.001547747990116477,0.6321709069889039,0.0010897970059886575,0.010674908990040421,0.010728246998041868,10.978864456992596,1.039687337769065,2482153.0,7856.0,32.0,5000.0,True,False
2,10,13736533094249245188,SLH_DSA_PURE_SHA2_128S,0.0879406519816257,0.0014054850325919688,0.6335505869938061,0.0014407759881578386,0.010745749983470887,0.01079629798186943,11.093783609976526,1.026497012870327,2482153.0,7856.0,32.0,5000.0,True,False
2,10,3121088374420505987,SLH_DSA_PURE_SHA2_128S,0.13955990702379495,0.0013711330248042941,0.6310826339758933,0.00109129399061203,0.010682765976525843,0.010732627008110285,10.988823586027138,1.001330571569455,2482153.0,7856.0,32.0,5000.0,True,False
2,10,1491860734249423191,SLH_DSA_PURE_SHA2_128S,0.14999929902842268,0.0019685020088218153,0.6653847320121713,0.0011037900112569332,0.01071915595093742,0.01076522096991539,11.130801023973618,1.0311981086518354,2482153.0,7856.0,32.0,5000.0,True,False
2,10,9911338808672416797,SLH_DSA_PURE_SHA2_128S,0.16018244397128,0.00182435498572886,0.6822687910171226,0.0010777690331451595,0.010776426992379129,0.010828553000465035,10.937579685996752,1.0165240388766976,2482153.0,7856.0,32.0,5000.0,True,False
2,10,7991291319278516651,SLH_DSA_PURE_SHA2_128S,0.08092752803349867,0.001366351032629609,0.630504063970875,0.0014472220209427178,0.01097914797719568,0.011062087025493383,11.08641487499699,1.0719590779322727,2482153.0,7856.0,32.0,5000.0,True,False
2,10,5785262889177683512,SLH_DSA_PURE_SHA2_128S,0.09909519198117778,0.001533510978333652,0.6380957269575447,0.0010859370231628418,0.010973792988806963,0.011021162965334952,11.164184701978229,1.024038924343267,2482153.0,7856.0,32.0,5000.0,True,False
2,10,13664147508162938503,SLH_DSA_PURE_SHA2_128S,0.08456772303907201,0.0017122270073741674,0.6224469120497815,0.0011426419951021671,0.010749722016043961,0.01079677400412038,6.678670153021812,1.0278979004568356,2482153.0,7856.0,32.0,5000.0,True,False
2,10,4044824485852176919,SLH_DSA_PURE_SHA2_128S,0.07684771000640467,0.0013672009808942676,0.6072543030022644,0.0010755250114016235,0.010747238004114479,0.010797814989928156,6.852902374987025,1.0114430303026916,2482153.0,7856.0,32.0,5000.0,True,False
2,11,3121088374420505987,SLH_DSA_PURE_SHA2_128S,0.11990210600197315,0.0018880220013670623,0.6491505000158213,0.0010608789743855596,0.010748609027359635,0.010844938980881125,11.039160510990769,0.9570896365460316,2482153.0,7856.0,32.0,5000.0,True,False
2,11,16830868949384911525,SLH_DSA_PURE_SHA2_128S,0.13040451996494085,0.0019120899960398674,0.6823968300013803,0.0011063989950343966,0.010923111985903233,0.010977016994729638,10.985587103990838,0.959599979743836,2482153.0,7856.0,32.0,5000.0,True,False
2,11,8444005828321974866,SLH_DSA_PURE_SHA2_128S,0.08456363499863073,0.0016312850057147443,0.6388151959981769,0.0011409210273995996,0.010780359036289155,0.010827195015735924,11.061457272036932,0.9688130748120083,2482153.0,7856.0,32.0,5000.0,True,False
2,11,13736533094249245188,SLH_DSA_PURE_SHA2_128S,0.07981750002363697,0.00136962701799348,0.6340349920210429,0.0011011859751306474,0.010787016013637185,0.010839907045010477,11.236402491980698,0.9840457513453854,2482153.0,7856.0,32.0,5000.0,True,False
2,11,5785262889177683512,SLH_DSA_PURE_SHA2_128S,0.16534596297424287,0.002238943998236209,0.6397212419542484,0.0011083559948019683,0.010641393018886447,0.010687272006180137,10.867081000003964,0.967029618040012,2482153.0,7856.0,32.0,5000.0,True,False
2,11,1491860734249423191,SLH_DSA_PURE_SHA2_128S,0.09996295301243663,0.0015857749967835844,0.6387937759864144,0.0010947920382022858,0.010773974005132914,0.010828597994986922,11.037210631999187,0.9757259645659453,2482153.0,7856.0,32.0,5000.0,True,False
2,11,9911338808672416797,SLH_DSA_PURE_SHA2_128S,0.08431557397125289,0.001747197995427996,0.6349630700424314,0.0011199050350114703,0.010680277016945183,0.010757109033875167,10.993376008002087,0.9599524835112748,2482153.0,7856.0,32.0,5000.0,True,False
2,11,7991291319278516651,SLH_DSA_PURE_SHA2_128S,0.07959383999696001,0.0013752710074186325,0.6551570810261182,0.0010903519578278065,0.010744475002866238,0.01079542498337105,11.037247810978442,1.0141916128860158,2482153.0,7856.0,32.0,5000.0,True,False
2,11,13664147508162938503,SLH_DSA_PURE_SHA2_128S,0.08640375896357,0.001860167016275227,0.6342566539533436,0.0011031380272470415,0.01066400803392753,0.010710711008869112,6.471428866963834,0.9932294279147106,2482153.0,7856.0,32.0,5000.0,True,False
2,11,4044824485852176919,SLH_DSA_PURE_SHA2_128S,0.0768786949920468,0.001359267975203693,0.6081733480095863,0.0010789769585244358,0.010804432036820799,0.010858704044949263,6.764175803982653,0.9635156916964586,2482153.0,7856.0,32.0,5000.0,True,False
2,12,8444005828321974866,SLH_DSA_PURE_SHA2_128S,0.1409844569861889,0.0015290119918063283,0.628067979007028,0.0011106950114481151,0.010816416004672647,0.010900990047957748,10.78764376899926,0.9350322862719275,2482153.0,7856.0,32.0,5000.0,True,False
2,12,13736533094249245188,SLH_DSA_PURE_SHA2_128S,0.08005578600568697,0.0013968109851703048,0.6317169510293752,0.0011050699977204204,0.01080581097630784,0.010859250032808632,10.920646368002053,0.9486491549166904,2482153.0,7856.0,32.0,5000.0,True,False
2,12,16830868949384911525,SLH_DSA_PURE_SHA2_128S,0.16932847996940836,0.0015687640407122672,0.65228191902861,0.0011141980066895485,0.010628830990754068,0.010675398982129991,10.789986823976506,0.9205319826390334,2482153.0,7856.0,32.0,5000.0,True,False
2,12,3121088374420505987,SLH_DSA_PURE_SHA2_128S,0.1476549120270647,0.0014174300013110042,0.6579353699926287,0.0011375650065019727,0.010773118992801756,0.010825703968293965,10.880227500980254,0.8989992439746857,2482153.0,7856.0,32.0,5000.0,True,False
2,12,1491860734249423191,SLH_DSA_PURE_SHA2_128S,0.0858648190042004,0.0016130870208144188,0.6322949110181071,0.0011389490100555122,0.010659684019628912,0.010705907014198601,11.080911395023577,0.9090941392692031,2482153.0,7856.0,32.0,5000.0,True,False
2,12,9911338808672416797,SLH_DSA_PURE_SHA2_128S,0.16271833004429936,0.0018608259852044284,0.6843561929999851,0.0011391380103304982,0.010871751001104712,0.010922802961431444,10.93450649396982,0.9035398510231334,2482153.0,7856.0,32.0,5000.0,True,False
2,12,5785262889177683512,SLH_DSA_PURE_SHA2_128S,0.09784551698248833,0.001505332998931408,0.630958054040093,0.0011418689973652363,0.01085833297111094,0.010935175989288837,11.013751758029684,0.912027400200534,2482153.0,7856.0,32.0,5000.0,True,False
2,12,7991291319278516651,SLH_DSA_PURE_SHA2_128S,0.08550934697268531,0.001418285013642162,0.6284504269715399,0.0010723579907789826,0.010807439975906163,0.010859614005312324,10.9381881650188,0.9377315592993597,2482153.0,7856.0,32.0,5000.0,True,False
2,12,13664147508162938503,SLH_DSA_PURE_SHA2_128S,0.08435972599545494,0.0017188640194945037,0.6118190900306217,0.001072946994099766,0.010665691981557757,0.010712446994148195,6.631415911018848,0.953322892166247,2482153.0,7856.0,32.0,5000.0,True,False
2,12,4044824485852176919,SLH_DSA_PURE_SHA2_128S,0.07756350300041959,0.0013820930034853518,0.6091309469775297,0.0010867459932342172,0.010645279020536691,0.010697619989514351,6.607742007006891,0.9215657365549902,2482153.0,7856.0,32.0,5000.0,True,False
2,13,13736533094249245188,SLH_DSA_PURE_SHA2_128S,0.087075745977927,0.002013088029343635,0.6418848810135387,0.0011152310180477798,0.010781991004478186,0.01087381801335141,10.95703724998748,0.8837542533874512,2482153.0,7856.0,32.0,5000.0,True,False
2,13,8444005828321974866,SLH_DSA_PURE_SHA2_128S,0.08634704299038276,0.0018019669805653393,0.6384617810253985,0.0010936760227195919,0.011192489007953554,0.011253608972765505,10.980948379030451,0.8837463806389244,2482153.0,7856.0,32.0,5000.0,True,False
2,13,3121088374420505987,SLH_DSA_PURE_SHA2_128S,0.08605431800242513,0.0019003230263479054,0.6342056670109741,0.0014225050108507276,0.010812422027811408,0.010862376017030329,11.048469750967342,0.8479729516870657,2482153.0,7856.0,32.0,5000.0,True,False
2,13,16830868949384911525,SLH_DSA_PURE_SHA2_128S,0.0798907020362094,0.0013920600176788867,0.6323414120124653,0.001090285019017756,0.010829514008946717,0.010879358975216746,11.171115264005493,0.8714488156282219,2482153.0,7856.0,32.0,5000.0,True,False
2,13,1491860734249423191,SLH_DSA_PURE_SHA2_128S,0.08702932699816301,0.0017663589678704739,0.6514083470101468,0.0010694169905036688,0.010713613010011613,0.010760764998849481,10.941431267012376,0.861898605800738,2482153.0,7856.0,32.0,5000.0,True,False
2,13,9911338808672416797,SLH_DSA_PURE_SHA2_128S,0.1494231439428404,0.002572687983047217,0.7092146950308233,0.001083372044377029,0.010678716003894806,0.010728662018664181,10.823561149998568,0.8771187086014232,2482153.0,7856.0,32.0,5000.0,True,False
2,13,7991291319278516651,SLH_DSA_PURE_SHA2_128S,0.07966890698298812,0.001403998991008848,0.6462451450061053,0.0010636300430633128,0.010815821005962789,0.01089346403023228,10.904488903004676,0.9092998770391865,2482153.0,7856.0,32.0,5000.0,True,False
2,13,5785262889177683512,SLH_DSA_PURE_SHA2_128S,0.08081798499915749,0.0013978580245748162,0.6295628729858436,0.0013996490160934627,0.010767024999950081,0.01082105899695307,11.165665017033461,0.8613558286314558,2482153.0,7856.0,32.0,5000.0,True,False
2,13,4044824485852176919,SLH_DSA_PURE_SHA2_128S,0.08580993802752346,0.002099477977026254,0.6171684589935467,0.001178473001345992,0.010678646038286388,0.010726169042754918,6.499582813994493,0.8738860865687109,2482153.0,7856.0,32.0,5000.0,True,False
2,13,13664147508162938503,SLH_DSA_PURE_SHA2_128S,0.07713869703002274,0.0013857230078428984,0.608766253979411,0.001062259019818157,0.010810022009536624,0.010854406980797648,6.833767504023854,0.8725711655844549,2482153.0,7856.0,32.0,5000.0,True,False
2,14,16830868949384911525,SLH_DSA_PURE_SHA2_128S,0.12045244098408148,0.001755841018166393,0.6435110210441053,0.0011397380148991942,0.0106748910038732,0.010764930979348719,10.784388034022413,0.8110421584669951,2482153.0,7856.0,32.0,5000.0,True,False
2,14,13736533094249245188,SLH_DSA_PURE_SHA2_128S,0.0869763619848527,0.001991463010199368,0.63469699799316,0.0011246679932810366,0.010744180995970964,0.010804262012243271,10.799134836008307,0.8299318098338546,2482153.0,7856.0,32.0,5000.0,True,False
2,14,8444005828321974866,SLH_DSA_PURE_SHA2_128S,0.12740305496845394,0.0017385670216754079,0.6454577629920095,0.001181428029667586,0.010724594991188496,0.010773023997899145,10.952307840983849,0.856990151914062,2482153.0,7856.0,32.0,5000.0,True,False
2,14,3121088374420505987,SLH_DSA_PURE_SHA2_128S,0.07935512601397932,0.001409940014127642,0.6466472229803912,0.001100414025131613,0.01074548001633957,0.010796095011755824,10.919463902013376,0.7975387087293492,2482153.0,7856.0,32.0,5000.0,True,False
2,14,7991291319278516651,SLH_DSA_PURE_SHA2_128S,0.0871820260072127,0.0023352609714493155,0.6563129880232736,0.0010785669437609613,0.010801205004099756,0.010850617021787912,10.696928346005734,0.8595168620917448,2482153.0,7856.0,32.0,5000.0,True,False
2,14,1491860734249423191,SLH_DSA_PURE_SHA2_128S,0.14569278300041333,0.0015346230356954038,0.6860677019576542,0.0012247540289536119,0.010984073975123465,0.011042965983506292,11.172728781006299,0.8302834303515731,2482153.0,7856.0,32.0,5000.0,True,False
2,14,5785262889177683512,SLH_DSA_PURE_SHA2_128S,0.12895936699351296,0.0014550830237567425,0.6306812510010786,0.0011656199931167066,0.010939264029730111,0.011020484031178057,11.1872720750398,0.8169790065971909,2482153.0,7856.0,32.0,5000.0,True,False
2,14,9911338808672416797,SLH_DSA_PURE_SHA2_128S,0.08422366698505357,0.0013910930138081312,0.6292210419778712,0.0011103390133939683,0.01075736404163763,0.010811933956574649,11.161351872025989,0.8397541737100881,2482153.0,7856.0,32.0,5000.0,True,False
2,14,13664147508162938503,SLH_DSA_PURE_SHA2_128S,0.08500093402108178,0.001714480051305145,0.6094272849732079,0.0010879120090976357,0.010786442959215492,0.01087431499036029,6.625432152010035,0.8187446269639738,2482153.0,7856.0,32.0,5000.0,True,False
2,14,4044824485852176919,SLH_DSA_PURE_SHA2_128S,0.07857301499461755,0.0013080930220894516,0.610905373992864,0.001126935996580869,0.01070731197251007,0.01075788598973304,6.43664826604072,0.8074250655948736,2482153.0,7856.0,32.0,5000.0,True,False
2,15,3121088374420505987,SLH_DSA_PURE_SHA2_128S,0.14579376700567082,0.0021704399841837585,0.7408173040021211,0.0014047300210222602,0.01072938903234899,0.010810978012159467,10.712893069954589,0.7655897742244089,2482153.0,7856.0,32.0,5000.0,True,False
2,15,13736533094249245188,SLH_DSA_PURE_SHA2_128S,0.0910631199949421,0.001555400958750397,0.6960056719835848,0.0014128509792499244,0.010834251006599516,0.010883126000408083,10.822870827978477,0.7890618158753511,2482153.0,7856.0,32.0,5000.0,True,False
2,15,8444005828321974866,SLH_DSA_PURE_SHA2_128S,0.24636623199330643,0.001606928010005504,0.929540055047255,0.0014268039958551526,0.010674205026589334,0.010726022010203451,10.744903791986872,0.8098413312131432,2482153.0,7856.0,32.0,5000.0,True,False
2,15,16830868949384911525,SLH_DSA_PURE_SHA2_128S,0.17408414400415495,0.0016519660130143166,0.9223326310166158,0.001125370035879314,0.010779040982015431,0.010828503989614546,10.913407898042351,0.7721080299775311,2482153.0,7856.0,32.0,5000.0,True,False
2,15,5785262889177683512,SLH_DSA_PURE_SHA2_128S,0.08622060401830822,0.0020439180079847574,0.8711971999728121,0.001374604005832225,0.010650828015059233,0.01070212700869888,10.973969417973422,0.7691028600285768,2482153.0,7856.0,32.0,5000.0,True,False
2,15,1491860734249423191,SLH_DSA_PURE_SHA2_128S,0.16207979700993747,0.0023702509934082627,1.106361066980753,0.0011021369718946517,0.010687164962291718,0.010736230004113168,10.792684548010584,0.7809022839661617,2482153.0,7856.0,32.0,5000.0,True,False
2,15,9911338808672416797,SLH_DSA_PURE_SHA2_128S,0.08061276300577447,0.0014213619870133698,0.6364010979887098,0.0013957920018583536,0.010862217983230948,0.010950368014164269,11.048851380008273,0.7797596562819876,2482153.0,7856.0,32.0,5000.0,True,False
2,15,7991291319278516651,SLH_DSA_PURE_SHA2_128S,0.17886071401881054,0.001596737012732774,0.8280899849487469,0.0011641840101219714,0.011000002035871148,0.01105209399247542,10.826132485992275,0.7993301411343229,2482153.0,7856.0,32.0,5000.0,True,False
2,15,13664147508162938503,SLH_DSA_PURE_SHA2_128S,0.08190147398272529,0.0015089120133779943,0.6089827050454915,0.0013675829977728426,0.011034673021640629,0.011086993967182934,6.341851132980082,0.7796803748911354,2482153.0,7856.0,32.0,5000.0,True,False
2,15,4044824485852176919,SLH_DSA_PURE_SHA2_128S,0.07827095000538975,0.0013668329920619726,0.6103397289989516,0.0011060599936172366,0.010946431022603065,0.010999538004398346,6.2312140430440195,0.7773501098535622,2482153.0,7856.0,32.0,5000.0,True,False
2,16,16830868949384911525,SLH_DSA_PURE_SHA2_128S,0.15009614801965654,0.002437975024804473,0.6862795439665206,0.0013276449753902853,0.010931905009783804,0.011023722006939352,10.850454788014758,0.7363010556644695,2482153.0,7856.0,32.0,5000.0,True,False
2,16,3121088374420505987,SLH_DSA_PURE_SHA2_128S,0.08644914597971365,0.001766066998243332,0.635744369996246,0.001359352027066052,0.010698513011448085,0.01074783003423363,10.889722668973263,0.7271015328966128,2482153.0,7856.0,32.0,5000.0,True,False
2,16,13736533094249245188,SLH_DSA_PURE_SHA2_128S,0.07977496803505346,0.0013857780140824616,0.6316155889653601,0.001361781032755971,0.010691005969420075,0.01073885103687644,10.990927107050084,0.7548560043618937,2482153.0,7856.0,32.0,5000.0,True,False
2,16,8444005828321974866,SLH_DSA_PURE_SHA2_128S,0.1068004000117071,0.0014299069880507886,0.6537153130047955,0.0013496910105459392,0.010656030965037644,0.010703218984417617,11.054832706984598,0.7457391344437934,2482153.0,7856.0,32.0,5000.0,True,False
2,16,9911338808672416797,SLH_DSA_PURE_SHA2_128S,0.1440350870252587,0.0016950739664025605,0.6307167580234818,0.001330775034148246,0.011163738032337278,0.011217824008781463,10.965930415026378,0.7465616194116083,2482153.0,7856.0,32.0,5000.0,True,False
2,16,5785262889177683512,SLH_DSA_PURE_SHA2_128S,0.08267510100267828,0.0013392370310612023,0.6302797659882344,0.001323479984421283,0.010662180953659117,0.010708756046369672,11.274794522032607,0.7149581567497011,2482153.0,7856.0,32.0,5000.0,True,False
2,16,1491860734249423191,SLH_DSA_PURE_SHA2_128S,0.13161518797278404,0.0013520909706130624,0.632866449013818,0.0013621069956570864,0.010758907999843359,0.010855717002414167,11.213765713968314,0.7470971983709153,2482153.0,7856.0,32.0,5000.0,True,False
2,16,7991291319278516651,SLH_DSA_PURE_SHA2_128S,0.09567070100456476,0.001405868970323354,0.6316148299956694,0.0013199510285630822,0.010810065956320614,0.010857390996534377,11.132688182988204,0.7561298860296323,2482153.0,7856.0,32.0,5000.0,True,False
2,16,13664147508162938503,SLH_DSA_PURE_SHA2_128S,0.08617427095305175,0.0021584900096058846,0.6109031839878298,0.0013588200090453029,0.011112629959825426,0.011162776034325361,6.133727789041586,0.7482439682931658,2482153.0,7856.0,32.0,5000.0,True,False
2,16,4044824485852176919,SLH_DSA_PURE_SHA2_128S,0.07683139602886513,0.0013946140534244478,0.6112191560096107,0.0013321239966899157,0.010705911030527204,0.010752660979051143,6.154499077994842,0.7119166317639077,2482153.0,7856.0,32.0,5000.0,True,False
2,17,16830868949384911525,SLH_DSA_PURE_SHA2_128S,0.08725951099768281,0.00273686001310125,0.6382541549974121,0.0011104149743914604,0.01093234500149265,0.011029208020772785,11.053846669034101,0.7171835471300563,2482153.0,7856.0,32.0,5000.0,True,False
2,17,13736533094249245188,SLH_DSA_PURE_SHA2_128S,0.1442512769717723,0.001866361009888351,0.649454339989461,0.0011623689788393676,0.010705091001000255,0.010756966948974878,11.040845779003575,0.7309839338254017,2482153.0,7856.0,32.0,5000.0,True,False
2,17,3121088374420505987,SLH_DSA_PURE_SHA2_128S,0.08340548898559064,0.0014888740261085331,0.6432594470097683,0.001126387040130794,0.010990365990437567,0.011043369013350457,11.164611221000087,0.7140605538893657,2482153.0,7856.0,32.0,5000.0,True,False
2,17,8444005828321974866,SLH_DSA_PURE_SHA2_128S,0.07961172901559621,0.0013958680210635066,0.6631864230148494,0.001142214983701706,0.010740702040493488,0.010790769010782242,11.214461501978803,0.7319221566816804,2482153.0,7856.0,32.0,5000.0,True,False
2,17,1491860734249423191,SLH_DSA_PURE_SHA2_128S,0.08747723902342841,0.0019657230004668236,0.6772114210180007,0.001115201972424984,0.010857814981136471,0.010910840006545186,11.129853527003434,0.7080751808395811,2482153.0,7856.0,32.0,5000.0,True,False
2,17,5785262889177683512,SLH_DSA_PURE_SHA2_128S,0.0860761349904351,0.0015375179937109351,0.625871661992278,0.00111124396789819,0.010826351004652679,0.010875154053792357,11.25143827899592,0.6843496867615706,2482153.0,7856.0,32.0,5000.0,True,False
2,17,7991291319278516651,SLH_DSA_PURE_SHA2_128S,0.08038823900278658,0.0013662580167874694,0.6810082150041126,0.0011326450039632618,0.010925705020781606,0.011012264993041754,11.128616805013735,0.7294735656991885,2482153.0,7856.0,32.0,5000.0,True,False
2,17,9911338808672416797,SLH_DSA_PURE_SHA2_128S,0.08105242904275656,0.001466142013669014,0.6312948730192147,0.0011140340357087553,0.010855737025849521,0.010906979034189135,11.184072823030874,0.6904918405280751,2482153.0,7856.0,32.0,5000.0,True,False
2,17,13664147508162938503,SLH_DSA_PURE_SHA2_128S,0.08464637998258695,0.0018220230122096837,0.6223278829711489,0.0011605500476434827,0.010726616019383073,0.010778201976791024,6.259979504044168,0.713238015865824,2482153.0,7856.0,32.0,5000.0,True,False
2,17,4044824485852176919,SLH_DSA_PURE_SHA2_128S,0.07877378002740443,0.0014497570227831602,0.6115889459615573,0.001090737001504749,0.010723396029789,0.010773894027806818,6.285998376028147,0.6892526141207689,2482153.0,7856.0,32.0,5000.0,True,False
2,18,13736533094249245188,SLH_DSA_PURE_SHA2_128S,0.09978875197703019,0.0035186250461265445,0.6792883949819952,0.001232867012731731,0.010955369973089546,0.011035182047635317,10.972213242959697,0.7008484544078256,2482153.0,7856.0,32.0,5000.0,True,False
2,18,16830868949384911525,SLH_DSA_PURE_SHA2_128S,0.07975723501294851,0.0014228220097720623,0.6298755460302345,0.0010600219829939306,0.010953727993182838,0.011000638012774289,11.174190047022421,0.6716536500841189,2482153.0,7856.0,32.0,5000.0,True,False
2,18,3121088374420505987,SLH_DSA_PURE_SHA2_128S,0.08131143898935989,0.0014214039547368884,0.6297847779933363,0.0014945489820092916,0.01093701203353703,0.010989047994371504,11.167309706972446,0.6818411471737418,2482153.0,7856.0,32.0,5000.0,True,False
2,18,8444005828321974866,SLH_DSA_PURE_SHA2_128S,0.08629877300700173,0.0017328570247627795,0.7149643470183946,0.0014216460403986275,0.010921159002464265,0.010968432005029172,11.149404788971879,0.6893326100080636,2482153.0,7856.0,32.0,5000.0,True,False
2,18,1491860734249423191,SLH_DSA_PURE_SHA2_128S,0.14797250798437744,0.002577505016233772,0.6858689140062779,0.001142035995144397,0.01236466399859637,0.012416022014804184,11.025794191053137,0.6818653795464783,2482153.0,7856.0,32.0,5000.0,True,False
2,18,7991291319278516651,SLH_DSA_PURE_SHA2_128S,0.08050020097289234,0.0014146770117804408,0.6279495729831979,0.00117552001029253,0.011015004012733698,0.011070779990404844,10.94947907095775,0.7211365493334783,2482153.0,7856.0,32.0,5000.0,True,False
2,18,5785262889177683512,SLH_DSA_PURE_SHA2_128S,0.1508406670182012,0.0013872520066797733,0.6466790830017999,0.0011678769951686263,0.011095209047198296,0.011197461048141122,11.053759814996738,0.6515465337949194,2482153.0,7856.0,32.0,5000.0,True,False
2,18,9911338808672416797,SLH_DSA_PURE_SHA2_128S,0.12345533398911357,0.0013640259858220816,0.6301550259813666,0.001140727021265775,0.011009351001121104,0.01105461100814864,11.034808056021575,0.6771689785324084,2482153.0,7856.0,32.0,5000.0,True,False
2,18,13664147508162938503,SLH_DSA_PURE_SHA2_128S,0.08472581196110696,0.0018883260199800134,0.6728780469857156,0.0011037630029022694,0.01088629598962143,0.010931919037830085,6.255802927014884,0.6753282070539559,2482153.0,7856.0,32.0,5000.0,True,False
2,18,4044824485852176919,SLH_DSA_PURE_SHA2_128S,0.07943716197041795,0.0015615249867551029,0.666172626952175,0.0011614200193434954,0.010982512030750513,0.011037716001737863,6.313241622003261,0.640753468225716,2482153.0,7856.0,32.0,5000.0,True,False
2,19,13736533094249245188,SLH_DSA_PURE_SHA2_128S,0.13083950098371133,0.002675546973478049,0.6538136440212838,0.0010936360340565443,0.01087115699192509,0.010955387027934194,10.740499554027338,0.6549516731908747,2482153.0,7856.0,32.0,5000.0,True,False
2,19,16830868949384911525,SLH_DSA_PURE_SHA2_128S,0.14462312101386487,0.0015044870087876916,0.6823884680052288,0.001076541026122868,0.010851317027118057,0.0109018599614501,10.919193264038768,0.6541809502775502,2482153.0,7856.0,32.0,5000.0,True,False
2,19,3121088374420505987,SLH_DSA_PURE_SHA2_128S,0.07943240099120885,0.0014158000121824443,0.6722883570473641,0.0013917610049247742,0.010912738973274827,0.010966002999339253,11.18868170096539,0.6374033524352274,2482153.0,7856.0,32.0,5000.0,True,False
2,19,8444005828321974866,SLH_DSA_PURE_SHA2_128S,0.1077368629630655,0.0014772340073250234,0.6337228629854508,0.0010683769942261279,0.010831432009581476,0.01088105101371184,11.113556001975667,0.6759937655204421,2482153.0,7856.0,32.0,5000.0,True,False
2,19,1491860734249423191,SLH_DSA_PURE_SHA2_128S,0.12385662301676348,0.0033243169891647995,0.8533337390399538,0.0010658319806680083,0.010775284026749432,0.010821364994626492,10.915309050003998,0.6679904615138746,2482153.0,7856.0,32.0,5000.0,True,False
2,19,7991291319278516651,SLH_DSA_PURE_SHA2_128S,0.08503929997095838,0.003307464998215437,0.6314196019666269,0.0011016030330210924,0.010756797972135246,0.010807797021698207,10.874503921950236,0.6654106489127609,2482153.0,7856.0,32.0,5000.0,True,False
2,19,5785262889177683512,SLH_DSA_PURE_SHA2_128S,0.08619487198302522,0.0021932150120846927,0.632335249974858,0.0014777529868297279,0.010843497992027551,0.010935824946500361,11.173462118022144,0.6087359721493569,2482153.0,7856.0,32.0,5000.0,True,False
2,19,9911338808672416797,SLH_DSA_PURE_SHA2_128S,0.08157177100656554,0.00140975700924173,0.6353437080397271,0.0010729889618232846,0.010810798034071922,0.010860141017474234,11.055170088016894,0.6465150564908981,2482153.0,7856.0,32.0,5000.0,True,False
2,19,13664147508162938503,SLH_DSA_PURE_SHA2_128S,0.0850021310034208,0.0014823959791101515,0.6549683369812556,0.0010812139953486621,0.011165303003508598,0.011212905985303223,6.194993316021282,0.6457702189589002,2482153.0,7856.0,32.0,5000.0,True,False
2,19,4044824485852176919,SLH_DSA_PURE_SHA2_128S,0.08309248299337924,0.0017142589786089957,0.6060150380362757,0.0010882460046559572,0.01124766399152577,0.011302249040454626,6.3679463540320285,0.6230365415667273,2482153.0,7856.0,32.0,5000.0,True,False
2,20,16830868949384911525,SLH_DSA_PURE_SHA2_128S,0.1380616930546239,0.001576666021719575,0.6366447579930536,0.0010439529432915151,0.010669695970136672,0.010749978013336658,10.996416573005263,0.6321594103411504,2482153.0,7856.0,32.0,5000.0,True,False
2,20,3121088374420505987,SLH_DSA_PURE_SHA2_128S,0.084042836970184,0.00150297797517851,0.6310968530015089,0.0011190670193172991,0.010978237027302384,0.011032039008568972,11.105229904002044,0.604834247404223,2482153.0,7856.0,32.0,5000.0,True,False
2,20,13736533094249245188,SLH_DSA_PURE_SHA2_128S,0.10219464200781658,0.0013842809712514281,0.6318917130120099,0.0010657820384949446,0.011254262004513294,0.011312816990539432,11.107227049011271,0.6374508818006439,2482153.0,7856.0,32.0,5000.0,True,False
2,20,8444005828321974866,SLH_DSA_PURE_SHA2_128S,0.07953888596966863,0.0013847830123268068,0.6309737039846368,0.0012514809495769441,0.011240974999964237,0.011299154022708535,11.161933497001883,0.634816102114073,2482153.0,7856.0,32.0,5000.0,True,False
2,20,5785262889177683512,SLH_DSA_PURE_SHA2_128S,0.08641453000018373,0.001940564950928092,0.6371595779783092,0.001068693003617227,0.010699093982111663,0.010754418966826051,10.940685590961948,0.5927904888892629,2482153.0,7856.0,32.0,5000.0,True,False
2,20,7991291319278516651,SLH_DSA_PURE_SHA2_128S,0.08513024600688368,0.001483695989008993,0.6317462759907357,0.0010631619952619076,0.010771593020763248,0.010823022050317377,10.91889672697289,0.6463680565831768,2482153.0,7856.0,32.0,5000.0,True,False
2,20,9911338808672416797,SLH_DSA_PURE_SHA2_128S,0.12884841801133007,0.0014511230401694775,0.6290160790085793,0.001110719982534647,0.010968582995701581,0.01104400004260242,10.949956255964935,0.6066995735286148,2482153.0,7856.0,32.0,5000.0,True,False
2,20,1491860734249423191,SLH_DSA_PURE_SHA2_128S,0.08079224900575355,0.0014094850048422813,0.6979827730101533,0.001085460011381656,0.010819181974511594,0.010871672944631428,11.13590654800646,0.6467241267347412,2482153.0,7856.0,32.0,5000.0,True,False
2,20,13664147508162938503,SLH_DSA_PURE_SHA2_128S,0.07728934800252318,0.0014521389966830611,0.6073973439633846,0.0010603859554976225,0.01072588498936966,0.010772578010801226,6.597692316980101,0.6228493994493394,2482153.0,7856.0,32.0,5000.0,True,False
2,20,4044824485852176919,SLH_DSA_PURE_SHA2_128S,0.0775393420481123,0.001465741021092981,0.6084471369977109,0.0010776100098155439,0.010778646974358708,0.01083094795467332,6.5434786030091345,0.5852769387375777,2482153.0,7856.0,32.0,5000.0,True,False
2,21,13736533094249245188,SLH_DSA_PURE_SHA2_128S,0.11313372798031196,0.0024877320392988622,0.6377503860276192,0.0011153679806739092,0.01070724701276049,0.010790898988489062,10.986619186995085,0.6002178001840404,2482153.0,7856.0,32.0,5000.0,True,False
2,21,3121088374420505987,SLH_DSA_PURE_SHA2_128S,0.10217489599017426,0.001736281963530928,0.6502936370088719,0.0010957400081679225,0.010844994976650923,0.010899954999331385,11.148187591985334,0.5735581834699698,2482153.0,7856.0,32.0,5000.0,True,False
2,21,16830868949384911525,SLH_DSA_PURE_SHA2_128S,0.14850863901665434,0.003065141965635121,0.6613949559978209,0.0011266149813309312,0.011036693002097309,0.011084704019594938,11.050260906049516,0.6265854784732412,2482153.0,7856.0,32.0,5000.0,True,False
2,21,8444005828321974866,SLH_DSA_PURE_SHA2_128S,0.07947234896710142,0.0014530339976772666,0.6316218500141986,0.0010751720401458442,0.010652680997736752,0.010701900988351554,11.246074978960678,0.6113583540460866,2482153.0,7856.0,32.0,5000.0,True,False
2,21,1491860734249423191,SLH_DSA_PURE_SHA2_128S,0.14704210794297978,0.00368972698925063,0.6990518579841591,0.0011274749995209277,0.010778811003547162,0.010826345009263605,11.116462317993864,0.6061302285143144,2482153.0,7856.0,32.0,5000.0,True,False
2,21,5785262889177683512,SLH_DSA_PURE_SHA2_128S,0.1625468370039016,0.0015339269884862006,0.6647920499672182,0.0011902849655598402,0.010730422975029796,0.010781362012494355,11.222651426040102,0.5741212472414515,2482153.0,7856.0,32.0,5000.0,True,False
2,21,7991291319278516651,SLH_DSA_PURE_SHA2_128S,0.08500929496949539,0.0015706299454905093,0.6293752899509855,0.0011458849767223,0.010887930053286254,0.010964719986077398,11.096959415008314,0.6231745270074932,2482153.0,7856.0,32.0,5000.0,True,False
2,21,9911338808672416797,SLH_DSA_PURE_SHA2_128S,0.10219958104426041,0.001398896041791886,0.6303207890014164,0.0010679300175979733,0.010964313987642527,0.011016423988621682,11.188132710987702,0.5943338153943135,2482153.0,7856.0,32.0,5000.0,True,False
2,21,13664147508162938503,SLH_DSA_PURE_SHA2_128S,0.0856652469956316,0.0017402310040779412,0.6183090010308661,0.0011139059788547456,0.010565767996013165,0.010610120021738112,6.514680131978821,0.5987278298018085,2482153.0,7856.0,32.0,5000.0,True,False
2,21,4044824485852176919,SLH_DSA_PURE_SHA2_128S,0.07704795501194894,0.0013841959880664945,0.6091221839888021,0.0011130580096505582,0.011135092994663864,0.011188458011019975,6.449247064010706,0.5861354990844514,2482153.0,7856.0,32.0,5000.0,True,False
2,22,16830868949384911525,SLH_DSA_PURE_SHA2_128S,0.11995522800134495,0.0024884419981390238,0.6333764980081469,0.001065779011696577,0.010932021017652005,0.01101832400308922,10.847426125023048,0.5929256535022501,2482153.0,7856.0,32.0,5000.0,True,False
2,22,13736533094249245188,SLH_DSA_PURE_SHA2_128S,0.15281011897604913,0.0015113019617274404,0.6299679270014167,0.0011075849761255085,0.010841954033821821,0.01088884996715933,10.917567719006911,0.5820321812513908,2482153.0,7856.0,32.0,5000.0,True,False
2,22,8444005828321974866,SLH_DSA_PURE_SHA2_128S,0.08995119901373982,0.0014233019901439548,0.6389143020496704,0.0014169560163281858,0.01066396402893588,0.010717246041167527,11.026118315989152,0.5910734477791058,2482153.0,7856.0,32.0,5000.0,True,False
2,22,3121088374420505987,SLH_DSA_PURE_SHA2_128S,0.09842600702540949,0.0013492139987647533,0.6440163000370376,0.0011065719882026315,0.010655299003701657,0.010705635999329388,10.997659554996062,0.5626831426741971,2482153.0,7856.0,32.0,5000.0,True,False
2,22,1491860734249423191,SLH_DSA_PURE_SHA2_128S,0.08585730899358168,0.0018328800215385854,0.6447117000352591,0.001158400031272322,0.010708660003729165,0.010753829032182693,11.122130771982484,0.5868286944119034,2482153.0,7856.0,32.0,5000.0,True,False
2,22,9911338808672416797,SLH_DSA_PURE_SHA2_128S,0.08619885396910831,0.0015839259722270072,0.6282475109910592,0.0010896390303969383,0.010657555947545916,0.010706542001571506,11.059034147998318,0.5763206705451012,2482153.0,7856.0,32.0,5000.0,True,False
2,22,5785262889177683512,SLH_DSA_PURE_SHA2_128S,0.1591228889883496,0.0021302220411598682,0.7284220670117065,0.0011053559719584882,0.010864869982469827,0.01094553800066933,10.898152323032264,0.5368071019317314,2482153.0,7856.0,32.0,5000.0,True,False
2,22,7991291319278516651,SLH_DSA_PURE_SHA2_128S,0.09358159400289878,0.0014159780112095177,0.6298271780251525,0.0013841509935446084,0.010821265983395278,0.010872107988689095,11.085842098982539,0.604311172797042,2482153.0,7856.0,32.0,5000.0,True,False
2,22,4044824485852176919,SLH_DSA_PURE_SHA2_128S,0.08483949099900201,0.0019973700400441885,0.6200314149609767,0.0010946750408038497,0.010814881010446697,0.010865109041333199,6.468192667991389,0.5730543342080845,2482153.0,7856.0,32.0,5000.0,True,False
2,22,13664147508162938503,SLH_DSA_PURE_SHA2_128S,0.07769085204927251,0.0014515179791487753,0.6062122849980369,0.001057254965417087,0.011019511963240802,0.011065754981245846,6.823661785980221,0.5539438194672394,2482153.0,7856.0,32.0,5000.0,True,False
2,23,8444005828321974866,SLH_DSA_PURE_SHA2_128S,0.09970337199047208,0.001847796025685966,0.6336478869779967,0.0010869269608519971,0.010731973976362497,0.010820525989402086,11.086954132013489,0.5601122959214411,2482153.0,7856.0,32.0,5000.0,True,False
2,23,13736533094249245188,SLH_DSA_PURE_SHA2_128S,0.1502781810122542,0.00231909699505195,0.7032827189541422,0.0011674119741655886,0.01063373900251463,0.010687056987080723,10.948211401992012,0.5584758275965597,2482153.0,7856.0,32.0,5000.0,True,False
2,23,3121088374420505987,SLH_DSA_PURE_SHA2_128S,0.08753321901895106,0.001669414050411433,0.6358249370241538,0.001092524966225028,0.010902301000896841,0.010951001022476703,11.116618149040733,0.5231670140982814,2482153.0,7856.0,32.0,5000.0,True,False
2,23,16830868949384911525,SLH_DSA_PURE_SHA2_128S,0.07970501098316163,0.0013716609682887793,0.63438311801292,0.0011101039708591998,0.010709538008086383,0.010799523035530001,11.24627516901819,0.5340033058243193,2482153.0,7856.0,32.0,5000.0,True,False
2,23,7991291319278516651,SLH_DSA_PURE_SHA2_128S,0.09263192099751905,0.0015437339898198843,0.6281065439688973,0.0010951089789159596,0.010716633987613022,0.010766388033516705,10.797924926038831,0.5861563571272003,2482153.0,7856.0,32.0,5000.0,True,False
2,23,1491860734249423191,SLH_DSA_PURE_SHA2_128S,0.09493251098319888,0.0014012579922564328,0.6345362619613297,0.0011140439892187715,0.010823660995811224,0.010874809988308698,11.098705551994499,0.5382448412881345,2482153.0,7856.0,32.0,5000.0,True,False
2,23,9911338808672416797,SLH_DSA_PURE_SHA2_128S,0.12079500604886562,0.0014153910451568663,0.6292483730358072,0.0011467860313132405,0.011787650000769645,0.011871511000208557,10.914553403039463,0.5493354668283159,2482153.0,7856.0,32.0,5000.0,True,False
2,23,5785262889177683512,SLH_DSA_PURE_SHA2_128S,0.08152460900601,0.0013852909905835986,0.6296853919629939,0.0014154840027913451,0.010758946998976171,0.010812591994181275,10.973417856963351,0.528434595840562,2482153.0,7856.0,32.0,5000.0,True,False
2,23,4044824485852176919,SLH_DSA_PURE_SHA2_128S,0.08442378503968939,0.0020000310032628477,0.6257790510426275,0.0010974730248562992,0.010720430000219494,0.010768391017336398,6.406880715978332,0.5615715285775008,2482153.0,7856.0,32.0,5000.0,True,False
2,23,13664147508162938503,SLH_DSA_PURE_SHA2_128S,0.07753732398850843,0.001749971997924149,0.6085013299598359,0.0011020379606634378,0.010787416948005557,0.010838817979674786,6.708231674972922,0.5460060878544096,2482153.0,7856.0,32.0,5000.0,True,False
2,24,8444005828321974866,SLH_DSA_PURE_SHA2_128S,0.08638690202496946,0.0019876579754054546,0.653416877030395,0.001319225993938744,0.010769429034553468,0.010855767002794892,10.865052220004145,0.5310524764713968,2482153.0,7856.0,32.0,5000.0,True,False
2,24,13736533094249245188,SLH_DSA_PURE_SHA2_128S,0.15927310095867142,0.0018850890337489545,0.7640196779975668,0.0014462399994954467,0.010811252985149622,0.010860514012165368,10.811895799008198,0.5543302181325142,2482153.0,7856.0,32.0,5000.0,True,False
2,24,16830868949384911525,SLH_DSA_PURE_SHA2_128S,0.13886423700023443,0.001621553034055978,0.6383099179947749,0.0013470439589582384,0.01107205101288855,0.011124675045721233,10.99363965599332,0.5349757588189689,2482153.0,7856.0,32.0,5000.0,True,False
2,24,3121088374420505987,SLH_DSA_PURE_SHA2_128S,0.08092829398810863,0.0013804539921693504,0.636066076986026,0.0010992169845849276,0.010683075990527868,0.010733440984040499,11.232652074017096,0.4948714190417794,2482153.0,7856.0,32.0,5000.0,True,False
2,24,5785262889177683512,SLH_DSA_PURE_SHA2_128S,0.08708027098327875,0.0018880600109696388,0.654986712965183,0.001663953997194767,0.010929971991572529,0.01098638097755611,10.780221233027987,0.515122018279923,2482153.0,7856.0,32.0,5000.0,True,False
2,24,1491860734249423191,SLH_DSA_PURE_SHA2_128S,0.14609338296577334,0.001829178014304489,0.7116025440045632,0.0011200029985047877,0.010781946999486536,0.010833583015482873,10.963837637973484,0.53478631740258,2482153.0,7856.0,32.0,5000.0,True,False
2,24,9911338808672416797,SLH_DSA_PURE_SHA2_128S,0.08420784497866407,0.0017167379846796393,0.6379859619773924,0.0014335510204546154,0.011087651015259326,0.011173866980243474,10.991114489035681,0.5346675239930487,2482153.0,7856.0,32.0,5000.0,True,False
2,24,7991291319278516651,SLH_DSA_PURE_SHA2_128S,0.08099432301241904,0.0013876970042474568,0.6286281329812482,0.0010929069831036031,0.010768275009468198,0.010819741990417242,10.8668947830447,0.536006634343107,2482153.0,7856.0,32.0,5000.0,True,False
2,24,13664147508162938503,SLH_DSA_PURE_SHA2_128S,0.07998726202640682,0.0015264750109054148,0.6096494779922068,0.001448731985874474,0.010661522974260151,0.01071584498276934,6.835635520983487,0.5108580665698477,2482153.0,7856.0,32.0,5000.0,True,False
2,24,4044824485852176919,SLH_DSA_PURE_SHA2_128S,0.0768767730332911,0.001629689009860158,0.6135983600397594,0.0010926270042546093,0.010723193001467735,0.010773159970995039,6.82027724198997,0.5248994781712818,2482153.0,7856.0,32.0,5000.0,True,False
2,25,8444005828321974866,SLH_DSA_PURE_SHA2_128S,0.1488810990122147,0.0021197229507379234,0.6393030429608189,0.0013218559906817973,0.010866185009945184,0.010951881995424628,10.957134884956758,0.5164429983658017,2482153.0,7856.0,32.0,5000.0,True,False
2,25,3121088374420505987,SLH_DSA_PURE_SHA2_128S,0.17014963401015848,0.0019182469695806503,0.677893775049597,0.001054343010764569,0.010729437984991819,0.010775008995551616,10.929605517012533,0.48624201557913405,2482153.0,7856.0,32.0,5000.0,True,False
2,25,13736533094249245188,SLH_DSA_PURE_SHA2_128S,0.07971300202189013,0.0013348920037969947,0.6478942839894444,0.0016009719693101943,0.010747942957095802,0.01079808600479737,11.202330272004474,0.503852615737991,2482153.0,7856.0,32.0,5000.0,True,False
2,25,16830868949384911525,SLH_DSA_PURE_SHA2_128S,0.1815094890189357,0.0015052860253490508,0.6416145479888655,0.0010486730025149882,0.01073044101940468,0.010775798000395298,11.049001467006747,0.5252427092877923,2482153.0,7856.0,32.0,5000.0,True,False
2,25,5785262889177683512,SLH_DSA_PURE_SHA2_128S,0.08535362500697374,0.001511804002802819,0.6294273919775151,0.001367121993098408,0.010751941008493304,0.010800832998938859,10.841493610001635,0.4694034632793657,2482153.0,7856.0,32.0,5000.0,True,False
2,25,9911338808672416797,SLH_DSA_PURE_SHA2_128S,0.1412424900336191,0.001416863000486046,0.6287309830076993,0.0010637369705364108,0.010811490006744862,0.01085708400933072,10.729795872990508,0.5003229699981441,2482153.0,7856.0,32.0,5000.0,True,False
2,25,1491860734249423191,SLH_DSA_PURE_SHA2_128S,0.07994775898987427,0.0013967680279165506,0.6461379440152086,0.0014597870176658034,0.010853304993361235,0.010933390993159264,10.995217830000911,0.49760428846926447,2482153.0,7856.0,32.0,5000.0,True,False
2,25,7991291319278516651,SLH_DSA_PURE_SHA2_128S,0.08351396897342056,0.0014169230125844479,0.6583213289850391,0.0012483219616115093,0.010824413038790226,0.01087308902060613,10.728614174004178,0.49926619827272783,2482153.0,7856.0,32.0,5000.0,True,False
2,25,13664147508162938503,SLH_DSA_PURE_SHA2_128S,0.0855355640524067,0.0017376600299030542,0.6154875149950385,0.0013561160303652287,0.010788340994622558,0.010842620977200568,6.593759712995961,0.49130476828498443,2482153.0,7856.0,32.0,5000.0,True,False
2,25,4044824485852176919,SLH_DSA_PURE_SHA2_128S,0.07795395201537758,0.0013972620363347232,0.6085594689939171,0.0010380340390838683,0.010683731990866363,0.01072806800948456,6.745353007980157,0.5089850502836096,2482153.0,7856.0,32.0,5000.0,True,False
2,26,13736533094249245188,SLH_DSA_PURE_SHA2_128S,0.15824213001178578,0.0034411019878461957,0.6672834259807132,0.0011304820072837174,0.010753146023489535,0.010851959988940507,10.841521037975326,0.46055775648279557,2482153.0,7856.0,32.0,5000.0,True,False
2,26,3121088374420505987,SLH_DSA_PURE_SHA2_128S,0.14749434299301356,0.0016219280078075826,0.6410337749985047,0.0011276719742454588,0.010675842000637203,0.010727055952884257,10.924552391981706,0.47450662809453764,2482153.0,7856.0,32.0,5000.0,True,False
2,26,16830868949384911525,SLH_DSA_PURE_SHA2_128S,0.08051020401762798,0.0014651669771410525,0.6346704270108603,0.0011372840381227434,0.010706556029617786,0.01075844804290682,11.09954263200052,0.5108301293721814,2482153.0,7856.0,32.0,5000.0,True,False
2,26,8444005828321974866,SLH_DSA_PURE_SHA2_128S,0.09959763800725341,0.0014852999593131244,0.6315905730007216,0.0011136470129713416,0.010712820978369564,0.010763995989691466,11.053127161983866,0.4950415883569201,2482153.0,7856.0,32.0,5000.0,True,False
2,26,1491860734249423191,SLH_DSA_PURE_SHA2_128S,0.08433438802603632,0.0014110869960859418,0.6283484729938209,0.0011759390472434461,0.010726628999691457,0.010782068013213575,10.93920484901173,0.4928969411167559,2482153.0,7856.0,32.0,5000.0,True,False
2,26,9911338808672416797,SLH_DSA_PURE_SHA2_128S,0.08888317202217877,0.002358041994739324,0.6331487029674463,0.0011032649781554937,0.010847336030565202,0.010907715011853725,10.676277508959174,0.48391894122977164,2482153.0,7856.0,32.0,5000.0,True,False
2,26,7991291319278516651,SLH_DSA_PURE_SHA2_128S,0.07977351400768384,0.0021813440253026783,0.6302423199522309,0.001247769978363067,0.010906617040745914,0.010991741030011326,10.738092629006132,0.49485079403136184,2482153.0,7856.0,32.0,5000.0,True,False
2,26,5785262889177683512,SLH_DSA_PURE_SHA2_128S,0.08006677497178316,0.0022293549845926464,0.6817350860219449,0.0011291200062260032,0.010732651979196817,0.01078482496086508,10.90198273200076,0.4619099855968717,2482153.0,7856.0,32.0,5000.0,True,False
2,26,4044824485852176919,SLH_DSA_PURE_SHA2_128S,0.08540185098536313,0.0015136509900912642,0.6210958590381779,0.001146561000496149,0.010609936958644539,0.010661277978215367,6.479291732946876,0.48155084843183776,2482153.0,7856.0,32.0,5000.0,True,False
2,26,13664147508162938503,SLH_DSA_PURE_SHA2_128S,0.07830035296501592,0.0014344350202009082,0.6067484350060113,0.0011147310142405331,0.010831435967702419,0.010884191025979817,6.747340967005584,0.46518600886319855,2482153.0,7856.0,32.0,5000.0,True,False
2,27,13736533094249245188,SLH_DSA_PURE_SHA2_128S,0.1557528330013156,0.002030575997196138,0.7224896370316856,0.0013594310148619115,0.010699887992814183,0.010803268989548087,10.81606160796946,0.4556327665544999,2482153.0,7856.0,32.0,5000.0,True,False
2,27,3121088374420505987,SLH_DSA_PURE_SHA2_128S,0.08344292599940673,0.0014093309873715043,0.6337512189638801,0.0013560460065491498,0.01077218702994287,0.01082012295955792,11.084530467982404,0.4560809936196466,2482153.0,7856.0,32.0,5000.0,True,False
2,27,16830868949384911525,SLH_DSA_PURE_SHA2_128S,0.12127201998373494,0.0015496700070798397,0.6359316669986583,0.001377397042233497,0.010730365989729762,0.010779893025755882,11.033562829019502,0.4790505421863999,2482153.0,7856.0,32.0,5000.0,True,False
2,27,8444005828321974866,SLH_DSA_PURE_SHA2_128S,0.09480146400164813,0.0013725580065511167,0.6322753359563649,0.0013369200169108808,0.010781458986457437,0.010829694976564497,11.152912236982957,0.446849809200236,2482153.0,7856.0,32.0,5000.0,True,False
2,27,1491860734249423191,SLH_DSA_PURE_SHA2_128S,0.11706296197371557,0.003602179989684373,0.6838628450059332,0.001410652999766171,0.010660449974238873,0.010709393012803048,10.842618354014121,0.45762740475997615,2482153.0,7856.0,32.0,5000.0,True,False
2,27,5785262889177683512,SLH_DSA_PURE_SHA2_128S,0.14069822401506826,0.0014750449918210506,0.6287769500049762,0.0013581200037151575,0.010875180014409125,0.010924042027909309,10.858469094033353,0.41829937816283125,2482153.0,7856.0,32.0,5000.0,True,False
2,27,7991291319278516651,SLH_DSA_PURE_SHA2_128S,0.08619939303025603,0.0016281499993056059,0.6309576270286925,0.001401457004249096,0.011006963963154703,0.011086530983448029,10.741268299985677,0.4776741695014914,2482153.0,7856.0,32.0,5000.0,True,False
2,27,9911338808672416797,SLH_DSA_PURE_SHA2_128S,0.08075238700257614,0.0013905359664931893,0.6349544279510155,0.0013781340094283223,0.010738884971942753,0.01078937400598079,10.956426388991531,0.45809542735338593,2482153.0,7856.0,32.0,5000.0,True,False
2,27,13664147508162938503,SLH_DSA_PURE_SHA2_128S,0.08564521302469075,0.0017054780037142336,0.6360369920148514,0.0013211389887146652,0.010809067985974252,0.01085671701002866,6.895700666005723,0.4416471780010849,2482153.0,7856.0,32.0,5000.0,True,False
2,27,4044824485852176919,SLH_DSA_PURE_SHA2_128S,0.07830824400298297,0.001598305010702461,0.6080129090114497,0.00142545101698488,0.010685715009458363,0.01073416497092694,7.135924378992058,0.4613192802781512,2482153.0,7856.0,32.0,5000.0,True,False
2,28,3121088374420505987,SLH_DSA_PURE_SHA2_128S,0.1571181369945407,0.0027122080209665,0.7083476660191081,0.0013642690028063953,0.01077218702994287,0.01086005795514211,10.851075646001846,0.4476648509609187,2482153.0,7856.0,32.0,5000.0,True,False
2,28,13736533094249245188,SLH_DSA_PURE_SHA2_128S,0.15433727600611746,0.0014036869979463518,0.6460731160477735,0.0013445179793052375,0.012171003036201,0.012223681958857924,10.89397855399875,0.4438171397396334,2482153.0,7856.0,32.0,5000.0,True,False
2,28,16830868949384911525,SLH_DSA_PURE_SHA2_128S,0.07915623701410368,0.001435126003343612,0.6286883329739794,0.0010911000426858664,0.01072988600935787,0.010777040966786444,11.033709019015078,0.4527567935763461,2482153.0,7856.0,32.0,5000.0,True,False
2,28,8444005828321974866,SLH_DSA_PURE_SHA2_128S,0.08037214702926576,0.0016475929878652096,0.6286178559530526,0.0010587729630060494,0.010801133001223207,0.010849393031094223,11.046371675969567,0.43760941890631894,2482153.0,7856.0,32.0,5000.0,True,False
2,28,1491860734249423191,SLH_DSA_PURE_SHA2_128S,0.14497720095096156,0.0022505249944515526,0.7959402769920416,0.001378631975967437,0.010684028966352344,0.010735346004366875,10.75541164696915,0.4492962600864992,2482153.0,7856.0,32.0,5000.0,True,False
2,28,5785262889177683512,SLH_DSA_PURE_SHA2_128S,0.09332353004720062,0.0019171280437149107,0.6624446749920025,0.0010386209469288588,0.01069286500569433,0.010739817982539535,10.94368447700981,0.4031971221445662,2482153.0,7856.0,32.0,5000.0,True,False
2,28,9911338808672416797,SLH_DSA_PURE_SHA2_128S,0.08541424304712564,0.0014545880258083344,0.6311898529529572,0.0011326519888825715,0.010907966003287584,0.0109899360104464,11.11045200098306,0.43721291397929574,2482153.0,7856.0,32.0,5000.0,True,False
2,28,7991291319278516651,SLH_DSA_PURE_SHA2_128S,0.07949043501866981,0.0014363449881784618,0.6325942759867758,0.001368698023725301,0.010781531047541648,0.01083290798123926,11.088584144948982,0.4738384917864849,2482153.0,7856.0,32.0,5000.0,True,False
2,28,13664147508162938503,SLH_DSA_PURE_SHA2_128S,0.08461328299017623,0.001494576979894191,0.6411779370391741,0.0011082509881816804,0.010922164015937597,0.010969536029733717,6.4356598620070145,0.4453290049935792,2482153.0,7856.0,32.0,5000.0,True,False
2,28,4044824485852176919,SLH_DSA_PURE_SHA2_128S,0.07884541701059788,0.0013344709877856076,0.6081412039930001,0.0010552569874562323,0.01083836198085919,0.010886185977142304,6.613975960004609,0.4616762401571699,2482153.0,7856.0,32.0,5000.0,True,False
2,29,3121088374420505987,SLH_DSA_PURE_SHA2_128S,0.16416536702308804,0.0019332690280862153,0.6654037919943221,0.0014364770031534135,0.010954368975944817,0.01104876899626106,10.63357459398685,0.41388005892609714,2482153.0,7856.0,32.0,5000.0,True,False
2,29,8444005828321974866,SLH_DSA_PURE_SHA2_128S,0.08233219903195277,0.0014455009950324893,0.6328965199645609,0.0011147200129926205,0.010756689007394016,0.010810232954099774,10.7435648170067,0.4490451867437097,2482153.0,7856.0,32.0,5000.0,True,False
2,29,13736533094249245188,SLH_DSA_PURE_SHA2_128S,0.1462940140045248,0.0018746739951893687,1.3960274019627832,0.0014320240006782115,0.010724283987656236,0.010774644033517689,10.32647613302106,0.4178519055223579,2482153.0,7856.0,32.0,5000.0,True,False
2,29,16830868949384911525,SLH_DSA_PURE_SHA2_128S,0.18428395898081362,0.0018232340225949883,1.0862237060209736,0.0010904079535976052,0.010813994973432273,0.01086627901531756,10.592576704977546,0.4488233805746789,2482153.0,7856.0,32.0,5000.0,True,False
2,29,1491860734249423191,SLH_DSA_PURE_SHA2_128S,0.16739889496238902,0.004015360027551651,0.9714521360001527,0.001382811984512955,0.01105276501039043,0.01110370602691546,10.864493737986777,0.4258175017312169,2482153.0,7856.0,32.0,5000.0,True,False
2,29,9911338808672416797,SLH_DSA_PURE_SHA2_128S,0.0856003420194611,0.00199382402934134,0.6344446139992215,0.001121072971727699,0.010730120993684977,0.010784020007122308,10.936079695995431,0.41083155090736734,2482153.0,7856.0,32.0,5000.0,True,False
2,29,5785262889177683512,SLH_DSA_PURE_SHA2_128S,0.19333306699991226,0.0017464710399508476,0.7359096159925684,0.0013474620063789189,0.010849853977560997,0.010932328994385898,10.93304618698312,0.3871053235166392,2482153.0,7856.0,32.0,5000.0,True,False
2,29,7991291319278516651,SLH_DSA_PURE_SHA2_128S,0.07952753902645782,0.0013510760036297143,0.6344410180463456,0.0013854780117981136,0.01087481202557683,0.01094226201530546,10.625323213986121,0.4628775049487402,2482153.0,7856.0,32.0,5000.0,True,False
2,29,13664147508162938503,SLH_DSA_PURE_SHA2_128S,0.0846605789847672,0.001883062010165304,0.6137644529808313,0.001340630988124758,0.01077337801689282,0.010822592012118548,6.312197469000239,0.42417150159858785,2482153.0,7856.0,32.0,5000.0,True,False
2,29,4044824485852176919,SLH_DSA_PURE_SHA2_128S,0.07716333796270192,0.001367237011436373,0.6096322080120444,0.0011628849897533655,0.010752292990218848,0.010804705962073058,6.3076930359820835,0.46209284710656306,2482153.0,7856.0,32.0,5000.0,True,False
2,30,16830868949384911525,SLH_DSA_PURE_SHA2_128S,0.12105441401945427,0.0017664380138739944,0.6336973269935697,0.0011430170270614326,0.010741481964942068,0.010837131994776428,10.830436483956873,0.4250834637386784,2482153.0,7856.0,32.0,5000.0,True,False
2,30,3121088374420505987,SLH_DSA_PURE_SHA2_128S,0.1106379380216822,0.0013752850354649127,0.6319118690444157,0.0011065540020354092,0.010941642976831645,0.010992928990162909,10.918004432984162,0.39791301911945937,2482153.0,7856.0,32.0,5000.0,True,False
2,30,13736533094249245188,SLH_DSA_PURE_SHA2_128S,0.08407345798332244,0.001530034001916647,0.6379718809621409,0.001127899973653257,0.010824640979990363,0.010886756994295865,10.949779828020837,0.4202633819062334,2482153.0,7856.0,32.0,5000.0,True,False
2,30,8444005828321974866,SLH_DSA_PURE_SHA2_128S,0.08004415698815137,0.001438857987523079,0.6339248080039397,0.0011044040438719094,0.010736590018495917,0.010787085047923028,11.008511380990967,0.42363559635012016,2482153.0,7856.0,32.0,5000.0,True,False
2,30,9911338808672416797,SLH_DSA_PURE_SHA2_128S,0.08936554001411423,0.002890920965000987,0.6540089210029691,0.0011507979943417013,0.010612744023092091,0.010667447000741959,10.677775375952478,0.4227126831437942,2482153.0,7856.0,32.0,5000.0,True,False
2,30,7991291319278516651,SLH_DSA_PURE_SHA2_128S,0.08453562395879999,0.0016006919904612005,0.6361428970121779,0.001091413025278598,0.01073709299089387,0.010786339989863336,10.855661857000086,0.43148621000871534,2482153.0,7856.0,32.0,5000.0,True,False
2,30,5785262889177683512,SLH_DSA_PURE_SHA2_128S,0.16109973203856498,0.0021826979937031865,0.7796535500092432,0.0011633789981715381,0.010828642989508808,0.010912435012869537,10.696847576007713,0.38553152268360946,2482153.0,7856.0,32.0,5000.0,True,False
2,30,1491860734249423191,SLH_DSA_PURE_SHA2_128S,0.09774573298636824,0.0014430320006795228,0.6324187240097672,0.0014061960391700268,0.010716022981796414,0.010767923027742654,11.230231681023724,0.41499516803320424,2482153.0,7856.0,32.0,5000.0,True,False
2,30,13664147508162938503,SLH_DSA_PURE_SHA2_128S,0.08645304496167228,0.0017068810411728919,0.6323394670034759,0.0011072299676015973,0.010725770029239357,0.010779915028251708,6.281617890985217,0.4223638378843001,2482153.0,7856.0,32.0,5000.0,True,False
2,30,4044824485852176919,SLH_DSA_PURE_SHA2_128S,0.07788024801993743,0.0013884770451113582,0.6048443440231495,0.0010993130272254348,0.010714089032262564,0.010763504018541425,6.369309617031831,0.38848565699188575,2482153.0,7856.0,32.0,5000.0,True,False
3,1,5138415003137706113,SLH_DSA_PURE_SHA2_128S,0.14715326391160488,0.0026257940335199237,0.7605942019727081,0.002502861083485186,0.0107741120737046,0.010915863094851375,10.776756088016555,2.028732301323277,2482153.0,7856.0,32.0,5000.0,True,False
3,1,5390432156645818463,SLH_DSA_PURE_SHA2_128S,0.15360215597320348,0.0024549959925934672,0.6614012899808586,0.0010777499992400408,0.010734978946857154,0.010783637058921158,10.948290377971716,2.0302099505807183,2482153.0,7856.0,32.0,5000.0,True,False
3,1,10514597503273834893,SLH_DSA_PURE_SHA2_128S,0.08012115198653191,0.0013368470827117562,0.6343314780388027,0.0013428919482976198,0.010820587980560958,0.010903717949986458,10.746261872933246,2.029187817482432,2482153.0,7856.0,32.0,5000.0,True,False
3,1,2499067238514030522,SLH_DSA_PURE_SHA2_128S,0.08578820095863193,0.0018090530065819621,0.7315693380078301,0.0018842819845303893,0.010818234994076192,0.010876095038838685,10.685158725944348,2.0194929154815187,2482153.0,7856.0,32.0,5000.0,True,False
3,1,3325211314925365365,SLH_DSA_PURE_SHA2_128S,0.15069365897215903,0.00196472299285233,0.7024531930219382,0.001081536989659071,0.010906205978244543,0.01099269709084183,10.591967205051333,2.0077915313137566,2482153.0,7856.0,32.0,5000.0,True,False
3,1,10698980197787683474,SLH_DSA_PURE_SHA2_128S,0.10711366008035839,0.0021019340492784977,0.7671091830125079,0.0011258849408477545,0.010800775955431163,0.010852218954823911,10.69589538697619,1.9999765210850224,2482153.0,7856.0,32.0,5000.0,True,False
3,1,6234158800195076670,SLH_DSA_PURE_SHA2_128S,0.16301745607051998,0.0014065969735383987,0.6364277940010652,0.0010647410526871681,0.011271802010014653,0.011321101919747889,10.719169415999204,1.9973087887855092,2482153.0,7856.0,32.0,5000.0,True,False
3,1,16367023150443022350,SLH_DSA_PURE_SHA2_128S,0.13847510295454413,0.001424033078365028,0.6411930330796167,0.001090911915525794,0.010746384039521217,0.010807139915414155,10.72049416799564,1.992842533785826,2482153.0,7856.0,32.0,5000.0,True,False
3,1,17796647504619690509,SLH_DSA_PURE_SHA2_128S,0.08449364197440445,0.0015060279984027147,0.619283567997627,0.0010685239685699344,0.010894070961512625,0.010943799978122115,6.109319698996842,1.97484892492841,2482153.0,7856.0,32.0,5000.0,True,False
3,1,1387942138784798142,SLH_DSA_PURE_SHA2_128S,0.07738817308563739,0.0013611270114779472,0.6103206019615754,0.00108621409162879,0.010879377950914204,0.010942358989268541,6.131402318016626,2.0538858797899477,2482153.0,7856.0,32.0,5000.0,True,False
3,2,2499067238514030522,SLH_DSA_PURE_SHA2_128S,0.09694770106580108,0.002688454929739237,0.6395862699719146,0.0011324420338496566,0.010723853949457407,0.010829453938640654,10.821423653978854,1.7742722748191493,2482153.0,7856.0,32.0,5000.0,True,False
3,2,5390432156645818463,SLH_DSA_PURE_SHA2_128S,0.146457944996655,0.003549035987816751,0.7080710689770058,0.001141551067121327,0.010820347000844777,0.010872385930269957,10.776129544945434,1.7997271984246126,2482153.0,7856.0,32.0,5000.0,True,False
3,2,5138415003137706113,SLH_DSA_PURE_SHA2_128S,0.07877486397046596,0.0013706559548154473,0.6468416389543563,0.0013649389147758484,0.01102791796438396,0.011125652003102005,11.023936270968989,1.8073896632832327,2482153.0,7856.0,32.0,5000.0,True,False
3,2,10514597503273834893,SLH_DSA_PURE_SHA2_128S,0.13171551399864256,0.0014313670108094811,0.6497362909140065,0.0011101680574938655,0.010804512887261808,0.010852480074390769,10.962475046981126,1.821360585036551,2482153.0,7856.0,32.0,5000.0,True,False
3,2,3325211314925365365,SLH_DSA_PURE_SHA2_128S,0.08815058704931289,0.00251218699850142,0.6557716149836779,0.0011004609987139702,0.010849495069123805,0.010897477040998638,10.661471658968367,1.7525239036341382,2482153.0,7856.0,32.0,5000.0,True,False
3,2,6234158800195076670,SLH_DSA_PURE_SHA2_128S,0.13684878905769438,0.0013876919401809573,0.6485779309878126,0.0010517790215089917,0.010753217968158424,0.010797980008646846,10.722782500088215,1.8002639560942437,2482153.0,7856.0,32.0,5000.0,True,False
3,2,16367023150443022350,SLH_DSA_PURE_SHA2_128S,0.07935951207764447,0.0013589890440925956,0.6352511399891227,0.0011471930192783475,0.010902845999225974,0.01098073401954025,10.771106889937073,1.739845121742054,2482153.0,7856.0,32.0,5000.0,True,False
3,2,10698980197787683474,SLH_DSA_PURE_SHA2_128S,0.16748508589807898,0.0014462909894064069,0.6365897450596094,0.0011143980082124472,0.011221135966479778,0.011273650918155909,10.843114193994552,1.7392296267163223,2482153.0,7856.0,32.0,5000.0,True,False
3,2,17796647504619690509,SLH_DSA_PURE_SHA2_128S,0.08486353198532015,0.0017398010240867734,0.6306609469465911,0.0014274779241532087,0.010631529963575304,0.010687687085010111,6.115180608001538,1.755181954924468,2482153.0,7856.0,32.0,5000.0,True,False
3,2,1387942138784798142,SLH_DSA_PURE_SHA2_128S,0.07713912602048367,0.0013482329668477178,0.6050765250110999,0.0011313920840620995,0.0107616379391402,0.010809813044033945,6.050981721025892,1.7803038912973586,2482153.0,7856.0,32.0,5000.0,True,False
3,3,5390432156645818463,SLH_DSA_PURE_SHA2_128S,0.0912131960503757,0.0014940090477466583,0.6404747499618679,0.001177003956399858,0.010738351033069193,0.010831056046299636,10.680278695072047,1.612874098644135,2482153.0,7856.0,32.0,5000.0,True,False
3,3,2499067238514030522,SLH_DSA_PURE_SHA2_128S,0.1503938470268622,0.002504647010937333,0.6428585979156196,0.0010960520012304187,0.011286664986982942,0.01133354299236089,10.721357542090118,1.5951521863603288,2482153.0,7856.0,32.0,5000.0,True,False
3,3,5138415003137706113,SLH_DSA_PURE_SHA2_128S,0.07992488401941955,0.0013983420794829726,0.6339619170175865,0.0011851249728351831,0.010678927064873278,0.010731889051385224,10.892902694060467,1.6093781404434495,2482153.0,7856.0,32.0,5000.0,True,False
3,3,10514597503273834893,SLH_DSA_PURE_SHA2_128S,0.08089023898355663,0.0013759259600192308,0.7126369650941342,0.001373913954012096,0.010776918032206595,0.010824744938872755,10.885845549055375,1.5959237578568186,2482153.0,7856.0,32.0,5000.0,True,False
3,3,3325211314925365365,SLH_DSA_PURE_SHA2_128S,0.16822931205388159,0.002320537925697863,0.7291551319649443,0.0014220529701560736,0.010912426048889756,0.010967496084049344,10.829943156102672,1.615046599108702,2482153.0,7856.0,32.0,5000.0,True,False
3,3,6234158800195076670,SLH_DSA_PURE_SHA2_128S,0.08118847000878304,0.0014055290957912803,0.6319859080249444,0.0011248879600316286,0.010720632039010525,0.010770364082418382,10.796681175008416,1.62525058172311,2482153.0,7856.0,32.0,5000.0,True,False
3,3,10698980197787683474,SLH_DSA_PURE_SHA2_128S,0.1873982639517635,0.0016527350526303053,0.6773448099847883,0.0011737300083041191,0.010772994952276349,0.01085210801102221,10.790287664043717,1.5747326316347547,2482153.0,7856.0,32.0,5000.0,True,False
3,3,16367023150443022350,SLH_DSA_PURE_SHA2_128S,0.07893971703015268,0.001405193004757166,0.638963922043331,0.001412860001437366,0.010901778936386108,0.010952195036225021,10.762078478001058,1.5908188030218622,2482153.0,7856.0,32.0,5000.0,True,False
3,3,17796647504619690509,SLH_DSA_PURE_SHA2_128S,0.0845099650323391,0.001509418012574315,0.6071089209290221,0.0011449010344222188,0.010830527055077255,0.01088216807693243,6.016809843014926,1.6166161716363991,2482153.0,7856.0,32.0,5000.0,True,False
3,3,1387942138784798142,SLH_DSA_PURE_SHA2_128S,0.07684031699318439,0.00139719492290169,0.6114519940456375,0.0011124429292976856,0.010901249013841152,0.010957716032862663,6.007700389018282,1.5863759008942135,2482153.0,7856.0,32.0,5000.0,True,False
3,4,2499067238514030522,SLH_DSA_PURE_SHA2_128S,0.14323600206989795,0.002359069068916142,0.6666701099602506,0.0010423719650134444,0.01087977399583906,0.010958025930449367,10.56519826001022,1.4765402545594866,2482153.0,7856.0,32.0,5000.0,True,False
3,4,5138415003137706113,SLH_DSA_PURE_SHA2_128S,0.10952465608716011,0.002143513993360102,0.6354803909780458,0.0011094200890511274,0.010747348074801266,0.010799534036777914,10.795357976923697,1.493271429067964,2482153.0,7856.0,32.0,5000.0,True,False
3,4,5390432156645818463,SLH_DSA_PURE_SHA2_128S,0.1627231170423329,0.0019884109497070312,0.6639151440467685,0.0011537079699337482,0.010908016003668308,0.010953329037874937,10.782942292047665,1.4676725124097934,2482153.0,7856.0,32.0,5000.0,True,False
3,4,10514597503273834893,SLH_DSA_PURE_SHA2_128S,0.11224768497049809,0.001418642932549119,0.6331404069205746,0.0011528109898790717,0.010893619968555868,0.010948033072054386,10.979729143087752,1.4592152928850453,2482153.0,7856.0,32.0,5000.0,True,False
3,4,3325211314925365365,SLH_DSA_PURE_SHA2_128S,0.16030360094737262,0.004052240983583033,0.7746653029462323,0.0013793540420010686,0.011061488068662584,0.01111176295671612,10.768999389954843,1.482760510626872,2482153.0,7856.0,32.0,5000.0,True,False
3,4,6234158800195076670,SLH_DSA_PURE_SHA2_128S,0.14906575507484376,0.0018664050148800015,0.6462621170794591,0.0011590749491006136,0.010771236033178866,0.010822426062077284,10.686796619091183,1.4993276451803317,2482153.0,7856.0,32.0,5000.0,True,False
3,4,16367023150443022350,SLH_DSA_PURE_SHA2_128S,0.07982550305314362,0.00143642898183316,0.6329288790002465,0.0010725579923018813,0.010914667043834925,0.010986611945554614,10.748059616074897,1.4842964038727389,2482153.0,7856.0,32.0,5000.0,True,False
3,4,10698980197787683474,SLH_DSA_PURE_SHA2_128S,0.12986385205294937,0.0014097760431468487,0.6314847050234675,0.0012103909393772483,0.011002909974195063,0.011054550064727664,10.929998899111524,1.4695810341531304,2482153.0,7856.0,32.0,5000.0,True,False
3,4,17796647504619690509,SLH_DSA_PURE_SHA2_128S,0.08540972997434437,0.0016107120318338275,0.6095143760321662,0.0011031499598175287,0.010807239916175604,0.010850258986465633,6.162965801078826,1.5144173347266616,2482153.0,7856.0,32.0,5000.0,True,False
3,4,1387942138784798142,SLH_DSA_PURE_SHA2_128S,0.07716831902507693,0.0014365330571308732,0.6095588889438659,0.0011187589261680841,0.010753800976090133,0.01081255404278636,6.127668364904821,1.4631056895681247,2482153.0,7856.0,32.0,5000.0,True,False
3,5,2499067238514030522,SLH_DSA_PURE_SHA2_128S,0.08721055404748768,0.002323100925423205,0.6534378270152956,0.0011178699787706137,0.010899714077822864,0.01100374199450016,10.722355220001191,1.3763183480615069,2482153.0,7856.0,32.0,5000.0,True,False
3,5,5138415003137706113,SLH_DSA_PURE_SHA2_128S,0.08263156097382307,0.0014221490127965808,0.6310827650595456,0.001156677957624197,0.010884369956329465,0.010933476965874434,10.83442081301473,1.3881560279305574,2482153.0,7856.0,32.0,5000.0,True,False
3,5,5390432156645818463,SLH_DSA_PURE_SHA2_128S,0.08992226701229811,0.001408522017300129,0.6351323240669444,0.0010885479860007763,0.010727918008342385,0.01077507296577096,10.834246268030256,1.37373541836526,2482153.0,7856.0,32.0,5000.0,True,False
3,5,10514597503273834893,SLH_DSA_PURE_SHA2_128S,0.08185147901531309,0.0013396000722423196,0.6316026450367644,0.0010703159496188164,0.01081176195293665,0.010858532041311264,10.869553245021962,1.3626836914165763,2482153.0,7856.0,32.0,5000.0,True,False
3,5,3325211314925365365,SLH_DSA_PURE_SHA2_128S,0.08855552598834038,0.0018369680037721992,0.6432093268958852,0.00105316995177418,0.010719178942963481,0.010766334948129952,10.799103633966297,1.3784648760868485,2482153.0,7856.0,32.0,5000.0,True,False
3,5,6234158800195076670,SLH_DSA_PURE_SHA2_128S,0.07942700991407037,0.0014202359598129988,0.6318660179385915,0.0011186499614268541,0.010894346050918102,0.010941611020825803,10.8826196329901,1.378409085380044,2482153.0,7856.0,32.0,5000.0,True,False
3,5,10698980197787683474,SLH_DSA_PURE_SHA2_128S,0.0840625079581514,0.0014227000065147877,0.6307548369513825,0.001068732002750039,0.010862805065698922,0.01093924988526851,10.848259860998951,1.3700892424127857,2482153.0,7856.0,32.0,5000.0,True,False
3,5,16367023150443022350,SLH_DSA_PURE_SHA2_128S,0.09096488601062447,0.0013652610359713435,0.6322803220245987,0.0011129920603707433,0.01076858991291374,0.01082596299238503,10.832975563011132,1.3822539646154757,2482153.0,7856.0,32.0,5000.0,True,False
3,5,17796647504619690509,SLH_DSA_PURE_SHA2_128S,0.08538603293709457,0.0016713449731469154,0.623774665989913,0.0010423240019008517,0.010850936989299953,0.010897149913944304,6.086104070069268,1.3963212856821194,2482153.0,7856.0,32.0,5000.0,True,False
3,5,1387942138784798142,SLH_DSA_PURE_SHA2_128S,0.07692729600239545,0.0013369700172916055,0.6072046500630677,0.0010579910594969988,0.01078881393186748,0.01083279401063919,6.124722008942626,1.3489014115303186,2482153.0,7856.0,32.0,5000.0,True,False
3,6,5390432156645818463,SLH_DSA_PURE_SHA2_128S,0.08974722609855235,0.0017654099501669407,0.6311783180572093,0.0011546459281817079,0.011002606013789773,0.01107799494639039,10.722350251977332,1.2785981217767024,2482153.0,7856.0,32.0,5000.0,True,False
3,6,2499067238514030522,SLH_DSA_PURE_SHA2_128S,0.07872947794385254,0.0013322409940883517,0.6281101340427995,0.0012047989293932915,0.010805121040903032,0.010892038000747561,10.837741695926525,1.2814440526020754,2482153.0,7856.0,32.0,5000.0,True,False
3,6,10514597503273834893,SLH_DSA_PURE_SHA2_128S,0.17638207401614636,0.0014385810354724526,0.6386185609735548,0.0011276769218966365,0.011109095998108387,0.011154904030263424,10.785251101013273,1.2727977660051577,2482153.0,7856.0,32.0,5000.0,True,False
3,6,5138415003137706113,SLH_DSA_PURE_SHA2_128S,0.17436985298991203,0.0015431670472025871,0.6524879320058972,0.0014451059978455305,0.010876989108510315,0.010936409933492541,10.767061952035874,1.2919660362468404,2482153.0,7856.0,32.0,5000.0,True,False
3,6,16367023150443022350,SLH_DSA_PURE_SHA2_128S,0.10996823490131646,0.0022029740503057837,0.7647264909464866,0.0014612500090152025,0.01105063606519252,0.011109379003755748,10.511140736984089,1.275036446228149,2482153.0,7856.0,32.0,5000.0,True,False
3,6,3325211314925365365,SLH_DSA_PURE_SHA2_128S,0.08564812107942998,0.0024168180534616113,0.6377152549102902,0.0012417410034686327,0.011639892007224262,0.011690413928590715,11.122093706042506,1.2657950938127602,2482153.0,7856.0,32.0,5000.0,True,False
3,6,10698980197787683474,SLH_DSA_PURE_SHA2_128S,0.16267965000588447,0.0016262370627373457,0.6437775969970971,0.0013461869675666094,0.011069694999605417,0.011159920948557556,10.991147401044145,1.2677139210852848,2482153.0,7856.0,32.0,5000.0,True,False
3,6,6234158800195076670,SLH_DSA_PURE_SHA2_128S,0.09619819396175444,0.0013901640195399523,0.6310339579358697,0.0012881080619990826,0.010861236019991338,0.010927863884717226,11.096624162979424,1.2861263174919566,2482153.0,7856.0,32.0,5000.0,True,False
3,6,17796647504619690509,SLH_DSA_PURE_SHA2_128S,0.08462236600462347,0.0019039410399273038,0.6841894520912319,0.0014197869459167123,0.01104382099583745,0.011107120080851018,6.070856056991033,1.2896356886359537,2482153.0,7856.0,32.0,5000.0,True,False
3,6,1387942138784798142,SLH_DSA_PURE_SHA2_128S,0.07719567907042801,0.001364280004054308,0.6541464449837804,0.0013852219562977552,0.011003291932865977,0.011063080979511142,6.05322922708001,1.2534820031208598,2482153.0,7856.0,32.0,5000.0,True,False
3,7,5390432156645818463,SLH_DSA_PURE_SHA2_128S,0.08784477307926863,0.002939696074463427,0.6399184849578887,0.0012506929924711585,0.01104336092248559,0.011122970026917756,10.75909127003979,1.2004784003944153,2482153.0,7856.0,32.0,5000.0,True,False
3,7,10514597503273834893,SLH_DSA_PURE_SHA2_128S,0.11818038602359593,0.0016812109388411045,0.6294064269168302,0.0011928259627893567,0.010794167988933623,0.010839689057320356,10.87223374308087,1.1979838419871724,2482153.0,7856.0,32.0,5000.0,True,False
3,7,2499067238514030522,SLH_DSA_PURE_SHA2_128S,0.08008735300973058,0.001406947965733707,0.6454332589637488,0.001194582087919116,0.011068318039178848,0.011110275983810425,11.0031898439629,1.1854792275246542,2482153.0,7856.0,32.0,5000.0,True,False
3,7,5138415003137706113,SLH_DSA_PURE_SHA2_128S,0.1326150819659233,0.0014241889584809542,0.6706656840397045,0.0012083920883014798,0.011025117011740804,0.011070150998421013,10.867099073948339,1.21951214295284,2482153.0,7856.0,32.0,5000.0,True,False
3,7,3325211314925365365,SLH_DSA_PURE_SHA2_128S,0.15408642694819719,0.003016361966729164,0.7444186789216474,0.0011614760151132941,0.010724003077484667,0.01076817896682769,10.690881874994375,1.1991102782783993,2482153.0,7856.0,32.0,5000.0,True,False
3,7,6234158800195076670,SLH_DSA_PURE_SHA2_128S,0.08607235096860677,0.0015116239665076137,0.6314294070471078,0.0010329210199415684,0.01092413195874542,0.01096730399876833,10.705976461991668,1.1793802661500918,2482153.0,7856.0,32.0,5000.0,True,False
3,7,16367023150443022350,SLH_DSA_PURE_SHA2_128S,0.0797463379567489,0.0013620490208268166,0.627792933024466,0.0011979270493611693,0.012057684012688696,0.012131718918681145,10.845041336957365,1.1933781850110194,2482153.0,7856.0,32.0,5000.0,True,False
3,7,10698980197787683474,SLH_DSA_PURE_SHA2_128S,0.08434865402523428,0.0017591940704733133,0.646114410017617,0.0013854650314897299,0.01156542100943625,0.011615358991548419,10.94575163105037,1.1872159037620398,2482153.0,7856.0,32.0,5000.0,True,False
3,7,17796647504619690509,SLH_DSA_PURE_SHA2_128S,0.08521945402026176,0.0019443439086899161,0.669447352993302,0.00137187703512609,0.011366383987478912,0.011417109984904528,6.1091997410403565,1.1993441718399145,2482153.0,7856.0,32.0,5000.0,True,False
3,7,1387942138784798142,SLH_DSA_PURE_SHA2_128S,0.07900921895634383,0.0013642649864777923,0.6237265790114179,0.0014067150186747313,0.01162478094920516,0.011678422917611897,6.217532662092708,1.1734673407427065,2482153.0,7856.0,32.0,5000.0,True,False
3,8,2499067238514030522,SLH_DSA_PURE_SHA2_128S,0.08729519601911306,0.0015436620451509953,0.6525890430202708,0.0010860799811780453,0.010769854998216033,0.010847417986951768,10.642868504975922,1.1165446069589846,2482153.0,7856.0,32.0,5000.0,True,False
3,8,10514597503273834893,SLH_DSA_PURE_SHA2_128S,0.08605482999701053,0.0015255609760060906,0.6477501130430028,0.0010607270523905754,0.010875868028961122,0.010925946990028024,10.704505198984407,1.1095082065102402,2482153.0,7856.0,32.0,5000.0,True,False
3,8,5138415003137706113,SLH_DSA_PURE_SHA2_128S,0.08477485796902329,0.001705935108475387,0.6377096679061651,0.0013461560010910034,0.011172889033332467,0.011222542962059379,10.887597098946571,1.1406799061283184,2482153.0,7856.0,32.0,5000.0,True,False
3,8,5390432156645818463,SLH_DSA_PURE_SHA2_128S,0.07986587507184595,0.0013609500601887703,0.6362202080199495,0.0011122500291094184,0.010753322974778712,0.010803959099575877,11.02328432095237,1.1352513713441836,2482153.0,7856.0,32.0,5000.0,True,False
3,8,10698980197787683474,SLH_DSA_PURE_SHA2_128S,0.09421372308861464,0.0017322589410468936,0.6442994810640812,0.0013340580044314265,0.010813903994858265,0.010861473041586578,10.788560976041481,1.1184246980460586,2482153.0,7856.0,32.0,5000.0,True,False
3,8,3325211314925365365,SLH_DSA_PURE_SHA2_128S,0.1460807560943067,0.0016594890039414167,0.6898405670654029,0.0011475880164653063,0.01078643905930221,0.010833248030394316,10.862670711940154,1.1352902946958117,2482153.0,7856.0,32.0,5000.0,True,False
3,8,6234158800195076670,SLH_DSA_PURE_SHA2_128S,0.08546524599660188,0.0014869309961795807,0.6327771809883416,0.0010376109275966883,0.010890967096202075,0.010964416083879769,10.775615694001317,1.1109855080106457,2482153.0,7856.0,32.0,5000.0,True,False
3,8,16367023150443022350,SLH_DSA_PURE_SHA2_128S,0.08054252294823527,0.0013766270130872726,0.6465886739315465,0.0010914700105786324,0.010764291975647211,0.010808671941049397,10.684616597020067,1.125769136058297,2482153.0,7856.0,32.0,5000.0,True,False
3,8,1387942138784798142,SLH_DSA_PURE_SHA2_128S,0.0814419430680573,0.0015412219800055027,0.6259510030504316,0.0012051339726895094,0.010800106916576624,0.01084809098392725,6.316429661004804,1.1030186129983064,2482153.0,7856.0,32.0,5000.0,True,False
3,8,17796647504619690509,SLH_DSA_PURE_SHA2_128S,0.07965781399980187,0.0014270159881561995,0.6214086510008201,0.0011274280259385705,0.01075247791595757,0.01079755392856896,6.520704125054181,1.1388689123900833,2482153.0,7856.0,32.0,5000.0,True,False
3,9,10514597503273834893,SLH_DSA_PURE_SHA2_128S,0.1487194070359692,0.001775267068296671,0.642481944989413,0.0011317940661683679,0.010980924940668046,0.011068958090618253,10.535898520960473,1.058527513294463,2482153.0,7856.0,32.0,5000.0,True,False
3,9,2499067238514030522,SLH_DSA_PURE_SHA2_128S,0.16047922591678798,0.0016054959269240499,0.7021046520676464,0.001075893989764154,0.010741519974544644,0.01078462798614055,10.658326316974126,1.048994070025766,2482153.0,7856.0,32.0,5000.0,True,False
3,9,5138415003137706113,SLH_DSA_PURE_SHA2_128S,0.1045045560458675,0.0013586609857156873,0.628313465975225,0.0011204020120203495,0.010861951974220574,0.010918357060290873,10.79189873591531,1.0858915269754494,2482153.0,7856.0,32.0,5000.0,True,False
3,9,5390432156645818463,SLH_DSA_PURE_SHA2_128S,0.07958117802627385,0.0014055561041459441,0.628941340954043,0.0010566029231995344,0.010728728957474232,0.01077501499094069,10.816462764982134,1.0849637089261583,2482153.0,7856.0,32.0,5000.0,True,False
3,9,10698980197787683474,SLH_DSA_PURE_SHA2_128S,0.1397189439740032,0.0014539730036631227,0.6380198739934713,0.0011122790165245533,0.01098488993011415,0.011043132049962878,10.599158050026745,1.0330011064459563,2482153.0,7856.0,32.0,5000.0,True,False
3,9,6234158800195076670,SLH_DSA_PURE_SHA2_128S,0.08437841502018273,0.002233722945675254,0.6332388080190867,0.0010673359502106905,0.010829032980836928,0.010875118081457913,10.633072606986389,1.043280545313647,2482153.0,7856.0,32.0,5000.0,True,False
3,9,3325211314925365365,SLH_DSA_PURE_SHA2_128S,0.1624169610440731,0.0017055929638445377,0.6696481800172478,0.001117478939704597,0.010982006089761853,0.011059726006351411,10.96082639391534,1.0603439094154699,2482153.0,7856.0,32.0,5000.0,True,False
3,9,16367023150443022350,SLH_DSA_PURE_SHA2_128S,0.09519976901356131,0.001456528902053833,0.6548361210152507,0.0010629239259287715,0.010952934040687978,0.011000540922395885,10.831837143050507,1.0494463952483646,2482153.0,7856.0,32.0,5000.0,True,False
3,9,17796647504619690509,SLH_DSA_PURE_SHA2_128S,0.08319514489267021,0.001446151058189571,0.61454783892259,0.0011123480508103967,0.010792810004204512,0.010839446098543704,6.43403899401892,1.1008116646557098,2482153.0,7856.0,32.0,5000.0,True,False
3,9,1387942138784798142,SLH_DSA_PURE_SHA2_128S,0.07804224290885031,0.0014201990561559796,0.619396731024608,0.001048812991939485,0.010720971040427685,0.010767063009552658,6.410048005054705,1.0462160550864639,2482153.0,7856.0,32.0,5000.0,True,False
3,10,10514597503273834893,SLH_DSA_PURE_SHA2_128S,0.08822155196685344,0.002213394036516547,0.633383937063627,0.0010529339779168367,0.010728296008892357,0.010803374112583697,10.68404704099521,0.9970688569317957,2482153.0,7856.0,32.0,5000.0,True,False
3,10,5390432156645818463,SLH_DSA_PURE_SHA2_128S,0.13129924004897475,0.0015609869733452797,0.6310922879492864,0.0011449920712038875,0.010867246077395976,0.010915043065324426,10.778029012028128,1.042667016861545,2482153.0,7856.0,32.0,5000.0,True,False
3,10,2499067238514030522,SLH_DSA_PURE_SHA2_128S,0.07906813197769225,0.0016912269638851285,0.6672839380335063,0.0010423100320622325,0.011078461073338985,0.011123155010864139,10.830830577062443,0.9987429183000213,2482153.0,7856.0,32.0,5000.0,True,False
3,10,5138415003137706113,SLH_DSA_PURE_SHA2_128S,0.1492880410514772,0.0014295829460024834,0.6281555119203404,0.0011594300158321857,0.010737210977822542,0.010786724975332618,10.75840738392435,1.014648450597836,2482153.0,7856.0,32.0,5000.0,True,False
3,10,3325211314925365365,SLH_DSA_PURE_SHA2_128S,0.08713326405268162,0.0019507840042933822,0.6347618020372465,0.0010760660516098142,0.010741728008724749,0.010785846970975399,10.941884816042148,1.0217117312227844,2482153.0,7856.0,32.0,5000.0,True,False
3,10,16367023150443022350,SLH_DSA_PURE_SHA2_128S,0.12906289205420762,0.0014152430230751634,0.6317099450388923,0.001076487940736115,0.010748173925094306,0.010792243061587214,10.714019556995481,0.997328416557069,2482153.0,7856.0,32.0,5000.0,True,False
3,10,10698980197787683474,SLH_DSA_PURE_SHA2_128S,0.16520231100730598,0.0014485639985650778,0.6271829920588061,0.001059077912941575,0.011022815946489573,0.011097376933321357,10.710970818065107,0.9799560333133503,2482153.0,7856.0,32.0,5000.0,True,False
3,10,6234158800195076670,SLH_DSA_PURE_SHA2_128S,0.07917194196488708,0.001399716013111174,0.7194406980415806,0.0011384210083633661,0.010691906092688441,0.010740864090621471,10.803790917037986,1.012631871518056,2482153.0,7856.0,32.0,5000.0,True,False
3,10,1387942138784798142,SLH_DSA_PURE_SHA2_128S,0.08594541903585196,0.0019810409285128117,0.6171507490798831,0.0011963800061494112,0.01083896798081696,0.010886152973398566,6.303314317949116,1.0130613146314196,2482153.0,7856.0,32.0,5000.0,True,False
3,10,17796647504619690509,SLH_DSA_PURE_SHA2_128S,0.07841257902327925,0.0014196160482242703,0.6079544100211933,0.0010226850863546133,0.01080220693256706,0.010845520999282598,6.542766263941303,1.0202086154063037,2482153.0,7856.0,32.0,5000.0,True,False
3,11,10514597503273834893,SLH_DSA_PURE_SHA2_128S,0.11607179907150567,0.0016077320324257016,0.633248277939856,0.0010634750360623002,0.010756363975815475,0.010834278888069093,10.72168482595589,0.9511724685787395,2482153.0,7856.0,32.0,5000.0,True,False
3,11,5138415003137706113,SLH_DSA_PURE_SHA2_128S,0.16687550896313041,0.0014483800623565912,0.6287664899136871,0.0011476259678602219,0.010718585923314095,0.010767612955532968,10.784637657925487,0.9882837076475666,2482153.0,7856.0,32.0,5000.0,True,False
3,11,2499067238514030522,SLH_DSA_PURE_SHA2_128S,0.13269961799960583,0.0014174459502100945,0.6299518200103194,0.0010260500712320209,0.010761723038740456,0.01080428808927536,10.79773648106493,0.9539600225390902,2482153.0,7856.0,32.0,5000.0,True,False
3,11,5390432156645818463,SLH_DSA_PURE_SHA2_128S,0.0804137570085004,0.0013771540252491832,0.6876978980144486,0.0010702660074457526,0.010793080902658403,0.010838517919182777,10.862823399016634,0.9874423837206167,2482153.0,7856.0,32.0,5000.0,True,False
3,11,3325211314925365365,SLH_DSA_PURE_SHA2_128S,0.0866507530445233,0.0021759780356660485,0.6460994540248066,0.0010271279606968164,0.010724902036599815,0.010770241031423211,10.923637290019542,0.9681064522570106,2482153.0,7856.0,32.0,5000.0,True,False
3,11,6234158800195076670,SLH_DSA_PURE_SHA2_128S,0.15480442391708493,0.0021267039701342583,0.6946207449072972,0.001056515029631555,0.010790666914545,0.010838557034730911,10.811095848097466,0.954943147054903,2482153.0,7856.0,32.0,5000.0,True,False
3,11,10698980197787683474,SLH_DSA_PURE_SHA2_128S,0.08227226592134684,0.001369587960653007,0.6295496940147132,0.0010401970939710736,0.010872849961742759,0.010945604997687042,10.946850519045256,0.9466340277984644,2482153.0,7856.0,32.0,5000.0,True,False
3,11,16367023150443022350,SLH_DSA_PURE_SHA2_128S,0.09812832996249199,0.0014213339891284704,0.6313571729697287,0.0010791709646582603,0.010754424030892551,0.010804061079397798,10.854080133023672,0.9427129656645903,2482153.0,7856.0,32.0,5000.0,True,False
3,11,1387942138784798142,SLH_DSA_PURE_SHA2_128S,0.08448215899989009,0.0015369029715657234,0.6118281979579479,0.001329229911789298,0.011038243072107434,0.011086996062658727,6.271769020939246,0.9368968355427881,2482153.0,7856.0,32.0,5000.0,True,False
3,11,17796647504619690509,SLH_DSA_PURE_SHA2_128S,0.07747910800389946,0.0013967180857434869,0.6109040580922738,0.0012422859435901046,0.010712798917666078,0.010759806027635932,6.634013606002554,0.9536959409334098,2482153.0,7856.0,32.0,5000.0,True,False
3,12,2499067238514030522,SLH_DSA_PURE_SHA2_128S,0.08767121494747698,0.0031281779520213604,0.6497454970376566,0.0010749250650405884,0.010726469103246927,0.010803062934428453,10.704258709098212,0.9002912129945816,2482153.0,7856.0,32.0,5000.0,True,False
3,12,5138415003137706113,SLH_DSA_PURE_SHA2_128S,0.08463906205724925,0.0016012650448828936,0.6363856040406972,0.0010863050119951367,0.010828073951415718,0.010875910986214876,10.826004364993423,0.9333295996781368,2482153.0,7856.0,32.0,5000.0,True,False
3,12,10514597503273834893,SLH_DSA_PURE_SHA2_128S,0.0850528059527278,0.0015058590797707438,0.719841422047466,0.001170467003248632,0.010757175041362643,0.010804812889546156,10.856530789053068,0.901444380830048,2482153.0,7856.0,32.0,5000.0,True,False
3,12,5390432156645818463,SLH_DSA_PURE_SHA2_128S,0.07961465301923454,0.0013556740013882518,0.6311480050208047,0.001094210078008473,0.011024227016605437,0.01107095496263355,11.060102788964286,0.9476623309266036,2482153.0,7856.0,32.0,5000.0,True,False
3,12,6234158800195076670,SLH_DSA_PURE_SHA2_128S,0.1196599688846618,0.0016615811036899686,0.6526785000460222,0.0010924829402938485,0.010763355065137148,0.010807137005031109,10.482334039988928,0.8995864662774808,2482153.0,7856.0,32.0,5000.0,True,False
3,12,3325211314925365365,SLH_DSA_PURE_SHA2_128S,0.16046605596784502,0.00307424901984632,0.7292641430394724,0.0010821829782798886,0.010766002000309527,0.010815534042194486,10.83850635890849,0.9098081884870104,2482153.0,7856.0,32.0,5000.0,True,False
3,12,16367023150443022350,SLH_DSA_PURE_SHA2_128S,0.09078754496295005,0.0014176239492371678,0.6344769719289616,0.0011214009718969464,0.01081397698726505,0.010887396987527609,10.732773858006112,0.8935211186955689,2482153.0,7856.0,32.0,5000.0,True,False
3,12,10698980197787683474,SLH_DSA_PURE_SHA2_128S,0.07955496199429035,0.001349029946140945,0.6709070190554485,0.0010206199949607253,0.010989187983796,0.011033151065930724,11.00589912594296,0.8966724382843941,2482153.0,7856.0,32.0,5000.0,True,False
3,12,17796647504619690509,SLH_DSA_PURE_SHA2_128S,0.07763749698642641,0.0013649510219693184,0.6063020010478795,0.0010881460038945079,0.01072115998249501,0.010767892003059387,6.570453409920447,0.9206651787089694,2482153.0,7856.0,32.0,5000.0,True,False
3,12,1387942138784798142,SLH_DSA_PURE_SHA2_128S,0.07879808999132365,0.0014336130116134882,0.6097681439714506,0.0011709730606526136,0.010714075062423944,0.01077102601993829,6.336061374051496,0.9025572650371843,2482153.0,7856.0,32.0,5000.0,True,False
3,13,2499067238514030522,SLH_DSA_PURE_SHA2_128S,0.16110948601271957,0.002741610980592668,0.6977569559821859,0.0011560929706320167,0.01075248490087688,0.01084105798508972,10.595845272997394,0.8641364967367452,2482153.0,7856.0,32.0,5000.0,True,False
3,13,10514597503273834893,SLH_DSA_PURE_SHA2_128S,0.10084351699333638,0.0015226660761982203,0.6317458300618455,0.0010759769938886166,0.010728874010965228,0.010776581009849906,10.84627646196168,0.8522772369491067,2482153.0,7856.0,32.0,5000.0,True,False
3,13,5138415003137706113,SLH_DSA_PURE_SHA2_128S,0.1306593589251861,0.0014190010260790586,0.6306566140847281,0.0015097149880602956,0.011250409996137023,0.011316992924548686,10.882102123927325,0.8714122962040506,2482153.0,7856.0,32.0,5000.0,True,False
3,13,5390432156645818463,SLH_DSA_PURE_SHA2_128S,0.10245845804456621,0.0013758030254393816,0.6344500679988414,0.001406117924489081,0.010924290982075036,0.010975864948704839,10.94304227293469,0.8767099236227145,2482153.0,7856.0,32.0,5000.0,True,False
3,13,10698980197787683474,SLH_DSA_PURE_SHA2_128S,0.1442124709719792,0.003528928034938872,0.6847046170150861,0.0010569619480520487,0.0107737589860335,0.010820036986842752,10.631522789015435,0.8498067603369427,2482153.0,7856.0,32.0,5000.0,True,False
3,13,3325211314925365365,SLH_DSA_PURE_SHA2_128S,0.0855388620402664,0.0015255310572683811,0.6293854230316356,0.0013598049990832806,0.010757393902167678,0.01080553897190839,11.016022171941586,0.8847816206847027,2482153.0,7856.0,32.0,5000.0,True,False
3,13,6234158800195076670,SLH_DSA_PURE_SHA2_128S,0.07990057999268174,0.0013791789533570409,0.6294218009570614,0.0011668909573927522,0.011217106017284095,0.011299712001346052,10.770523378043436,0.8410609053198699,2482153.0,7856.0,32.0,5000.0,True,False
3,13,16367023150443022350,SLH_DSA_PURE_SHA2_128S,0.0801667079795152,0.0013861610786989331,0.7218073499388993,0.0010608950396999717,0.010809341911226511,0.010860041016712785,10.688377369078808,0.8491646170995797,2482153.0,7856.0,32.0,5000.0,True,False
3,13,17796647504619690509,SLH_DSA_PURE_SHA2_128S,0.0852720970287919,0.0017720640171319246,0.6231828569434583,0.0013602750841528177,0.010715841082856059,0.010766283026896417,6.594308760948479,0.8680501834602113,2482153.0,7856.0,32.0,5000.0,True,False
3,13,1387942138784798142,SLH_DSA_PURE_SHA2_128S,0.07685487694106996,0.0013726650504395366,0.6089842109940946,0.0011045440332964063,0.010779801988974214,0.01084808201994747,6.693993981927633,0.8611766509949021,2482153.0,7856.0,32.0,5000.0,True,False
3,14,2499067238514030522,SLH_DSA_PURE_SHA2_128S,0.08634819695726037,0.0018153799464926124,0.6332561610033736,0.0011898769298568368,0.010746523970738053,0.0108338319696486,10.770830169902183,0.8285873617715896,2482153.0,7856.0,32.0,5000.0,True,False
3,14,5138415003137706113,SLH_DSA_PURE_SHA2_128S,0.14040052401833236,0.0019562019733712077,0.6490982440300286,0.0010935169411823153,0.01080902200192213,0.010853702900931239,10.768565411912277,0.8130967711946767,2482153.0,7856.0,32.0,5000.0,True,False
3,14,10514597503273834893,SLH_DSA_PURE_SHA2_128S,0.1303064120002091,0.0014404049143195152,0.6366928810020909,0.0011438720393925905,0.01077575096860528,0.010824364027939737,10.903118250076659,0.8018522198033181,2482153.0,7856.0,32.0,5000.0,True,False
3,14,5390432156645818463,SLH_DSA_PURE_SHA2_128S,0.10310687008313835,0.0013636770891025662,0.6323278070194647,0.0011388929560780525,0.010892438003793359,0.010942107997834682,10.955577300977893,0.8393358745772368,2482153.0,7856.0,32.0,5000.0,True,False
3,14,3325211314925365365,SLH_DSA_PURE_SHA2_128S,0.14860621211118996,0.004515615990385413,0.8626721230102703,0.0011009949957951903,0.01085603702813387,0.01090471597854048,10.475103372009471,0.8208950084106178,2482153.0,7856.0,32.0,5000.0,True,False
3,14,6234158800195076670,SLH_DSA_PURE_SHA2_128S,0.12668969098012894,0.0018894869135692716,0.6326914840610698,0.0012577760498970747,0.010872986051253974,0.010921242996118963,10.76281955302693,0.8037724472155237,2482153.0,7856.0,32.0,5000.0,True,False
3,14,10698980197787683474,SLH_DSA_PURE_SHA2_128S,0.07901747908908874,0.0013558340724557638,0.6349332330282778,0.0011719709727913141,0.010810391046106815,0.010891735088080168,11.099296060972847,0.8126981117922789,2482153.0,7856.0,32.0,5000.0,True,False
3,14,16367023150443022350,SLH_DSA_PURE_SHA2_128S,0.10669390601105988,0.0013262319844216108,0.6302885670447722,0.0011732019484043121,0.010670816991478205,0.010719129000790417,10.862098552985117,0.8094270952567932,2482153.0,7856.0,32.0,5000.0,True,False
3,14,17796647504619690509,SLH_DSA_PURE_SHA2_128S,0.08478379994630814,0.0027071048971265554,0.6360178190516308,0.0011168749770149589,0.010722262086346745,0.010770283988676965,6.643259678967297,0.8161089822744868,2482153.0,7856.0,32.0,5000.0,True,False
3,14,1387942138784798142,SLH_DSA_PURE_SHA2_128S,0.07797956501599401,0.0013603459810838103,0.6086597079411149,0.0011534959776327014,0.010794700006954372,0.010843105032108724,6.603709605988115,0.8071629291127442,2482153.0,7856.0,32.0,5000.0,True,False
3,15,2499067238514030522,SLH_DSA_PURE_SHA2_128S,0.08605707599781454,0.0015432870713993907,0.6346494239987805,0.0013282150030136108,0.01095429400447756,0.011035033036023378,10.774576878990047,0.7648633577546496,2482153.0,7856.0,32.0,5000.0,True,False
3,15,5390432156645818463,SLH_DSA_PURE_SHA2_128S,0.08479614392854273,0.0015860929852351546,0.6321077190805227,0.0010712220100685954,0.01074171403888613,0.010785268968902528,10.841574709978886,0.8150760988900616,2482153.0,7856.0,32.0,5000.0,True,False
3,15,10514597503273834893,SLH_DSA_PURE_SHA2_128S,0.16182215698063374,0.0019916240125894547,0.7363002840429544,0.0011089850449934602,0.010789990075863898,0.010833819978870451,10.818216703948565,0.765652255267854,2482153.0,7856.0,32.0,5000.0,True,False
3,15,5138415003137706113,SLH_DSA_PURE_SHA2_128S,0.17295430204831064,0.0014652690151706338,0.6734582079807296,0.0010793079854920506,0.010825809091329575,0.010868750046938658,10.986302813980728,0.7749442728651557,2482153.0,7856.0,32.0,5000.0,True,False
3,15,10698980197787683474,SLH_DSA_PURE_SHA2_128S,0.14463008102029562,0.0018407509196549654,0.6651471620425582,0.0011103949509561062,0.010706376982852817,0.010748308966867626,10.754739394993521,0.7745020330711535,2482153.0,7856.0,32.0,5000.0,True,False
3,15,6234158800195076670,SLH_DSA_PURE_SHA2_128S,0.08482430700678378,0.0022906349040567875,0.6329603940248489,0.0010543930111452937,0.010765754035674036,0.010808297083713114,10.776725647971034,0.7635264195454349,2482153.0,7856.0,32.0,5000.0,True,False
3,15,3325211314925365365,SLH_DSA_PURE_SHA2_128S,0.08582959801424295,0.0014923029812052846,0.6376771749928594,0.0011181780137121677,0.0108721669530496,0.010944348061457276,10.976699835970066,0.7916665988363278,2482153.0,7856.0,32.0,5000.0,True,False
3,15,16367023150443022350,SLH_DSA_PURE_SHA2_128S,0.07983117108233273,0.0013369270600378513,0.629715858027339,0.001036224071867764,0.011075082933530211,0.011121458956040442,10.729757123976015,0.7670240855900345,2482153.0,7856.0,32.0,5000.0,True,False
3,15,17796647504619690509,SLH_DSA_PURE_SHA2_128S,0.08553865097928792,0.0022325749741867185,0.621493739890866,0.0011149559868499637,0.010932627017609775,0.010976737015880644,6.479847905924544,0.7954518491295492,2482153.0,7856.0,32.0,5000.0,True,False
3,15,1387942138784798142,SLH_DSA_PURE_SHA2_128S,0.0771853739861399,0.0013291379436850548,0.607266734004952,0.0010616880608722568,0.01117373607121408,0.011217674007639289,6.626771230949089,0.7822250934543123,2482153.0,7856.0,32.0,5000.0,True,False
3,16,5138415003137706113,SLH_DSA_PURE_SHA2_128S,0.15255087311379611,0.001687234966084361,0.6452251680893824,0.0011116249952465296,0.010763863916508853,0.010851894970983267,10.717204467044212,0.7466783022424978,2482153.0,7856.0,32.0,5000.0,True,False
3,16,10514597503273834893,SLH_DSA_PURE_SHA2_128S,0.0862304950132966,0.0016881439369171858,0.6305306348949671,0.0010756939882412553,0.010667734895832837,0.010711682960391045,10.81728236109484,0.7350622905287773,2482153.0,7856.0,32.0,5000.0,True,False
3,16,2499067238514030522,SLH_DSA_PURE_SHA2_128S,0.08178308396600187,0.00142275495454669,0.6325993200298399,0.0010456000454723835,0.011050009983591735,0.011098820948973298,10.895684576942585,0.7360748073952214,2482153.0,7856.0,32.0,5000.0,True,False
3,16,5390432156645818463,SLH_DSA_PURE_SHA2_128S,0.0798799559706822,0.0013789869844913483,0.6520266690058634,0.0010939339408650994,0.010720476973801851,0.010780260083265603,10.92070909391623,0.788724189161495,2482153.0,7856.0,32.0,5000.0,True,False
3,16,6234158800195076670,SLH_DSA_PURE_SHA2_128S,0.12050448800437152,0.0019920640625059605,0.6347906750161201,0.0010604049311950803,0.010735859046690166,0.010778083931654692,10.597957195015624,0.7409916798210447,2482153.0,7856.0,32.0,5000.0,True,False
3,16,3325211314925365365,SLH_DSA_PURE_SHA2_128S,0.09648768196348101,0.0015152679989114404,0.6301473659696057,0.0010279860580340028,0.011098467046394944,0.011144852032884955,10.864956249017268,0.7365483797279893,2482153.0,7856.0,32.0,5000.0,True,False
3,16,10698980197787683474,SLH_DSA_PURE_SHA2_128S,0.1438545259879902,0.001861848053522408,0.6485484449658543,0.0011320279445499182,0.010891219950281084,0.010977967991493642,10.818615627940744,0.7412522231127806,2482153.0,7856.0,32.0,5000.0,True,False
3,16,16367023150443022350,SLH_DSA_PURE_SHA2_128S,0.07961302297189832,0.001378329936414957,0.6531584399053827,0.0010517409536987543,0.010767739033326507,0.010813220986165106,10.853270604973659,0.7353803659700284,2482153.0,7856.0,32.0,5000.0,True,False
3,16,1387942138784798142,SLH_DSA_PURE_SHA2_128S,0.08555645809974521,0.0020755770383402705,0.6318475699517876,0.001342501025646925,0.010713478084653616,0.010768051026389003,6.44541693595238,0.7450792668921173,2482153.0,7856.0,32.0,5000.0,True,False
3,16,17796647504619690509,SLH_DSA_PURE_SHA2_128S,0.07704352703876793,0.0013408070662990212,0.6050594130065292,0.0010945890098810196,0.010839340975508094,0.01088566507678479,6.868802721961401,0.7325592512727543,2482153.0,7856.0,32.0,5000.0,True,False
3,17,5390432156645818463,SLH_DSA_PURE_SHA2_128S,0.16680770402308553,0.00187402602750808,0.6459546240512282,0.001235752017237246,0.011024995939806104,0.011115339933894575,10.6650780410273,0.7248173789803389,2482153.0,7856.0,32.0,5000.0,True,False
3,17,5138415003137706113,SLH_DSA_PURE_SHA2_128S,0.0844170959899202,0.0015394359361380339,0.6370444500353187,0.0011462690308690071,0.010636862949468195,0.01068473793566227,10.774224933004007,0.6942688479165363,2482153.0,7856.0,32.0,5000.0,True,False
3,17,10514597503273834893,SLH_DSA_PURE_SHA2_128S,0.13340541790239513,0.0015797350788488984,0.6396801790688187,0.001047314959578216,0.01079823193140328,0.010845680953934789,10.77646076597739,0.7119640359643159,2482153.0,7856.0,32.0,5000.0,True,False
3,17,2499067238514030522,SLH_DSA_PURE_SHA2_128S,0.0796377049991861,0.0013592540053650737,0.6959087069844827,0.0011169119970872998,0.010628445073962212,0.010672996053472161,10.940727691049688,0.7338242874403668,2482153.0,7856.0,32.0,5000.0,True,False
3,17,6234158800195076670,SLH_DSA_PURE_SHA2_128S,0.14251332799904048,0.0026377540780231357,0.7507470739074051,0.0010610159952193499,0.010713472031056881,0.010768975014798343,10.575002303929068,0.7032522055184006,2482153.0,7856.0,32.0,5000.0,True,False
3,17,10698980197787683474,SLH_DSA_PURE_SHA2_128S,0.1850897950353101,0.001823581987991929,0.6500760070048273,0.0010904140071943402,0.010635246988385916,0.010679303901270032,10.738554545911029,0.6920799256130389,2482153.0,7856.0,32.0,5000.0,True,False
3,17,3325211314925365365,SLH_DSA_PURE_SHA2_128S,0.15357580198906362,0.0015325929271057248,0.6329623460769653,0.0010454700095579028,0.010799231939017773,0.010874756029807031,10.936858827946708,0.698008945318544,2482153.0,7856.0,32.0,5000.0,True,False
3,17,16367023150443022350,SLH_DSA_PURE_SHA2_128S,0.08004395896568894,0.0013528160052374005,0.6685626560356468,0.0013285570312291384,0.010719809914007783,0.010770360007882118,10.816004822030663,0.6836240234648346,2482153.0,7856.0,32.0,5000.0,True,False
3,17,1387942138784798142,SLH_DSA_PURE_SHA2_128S,0.08531647303607315,0.0023840710055083036,0.6239126090658829,0.001063494011759758,0.010730768088251352,0.010777429095469415,6.382161521003582,0.7122976898577562,2482153.0,7856.0,32.0,5000.0,True,False
3,17,17796647504619690509,SLH_DSA_PURE_SHA2_128S,0.0778341549448669,0.0013899559853598475,0.6084031370701268,0.0010637270752340555,0.010630736011080444,0.010679904953576624,6.647149472031742,0.689421375086353,2482153.0,7856.0,32.0,5000.0,True,False
3,18,5390432156645818463,SLH_DSA_PURE_SHA2_128S,0.10229545901529491,0.002730951993726194,0.7344451489625499,0.0011191719677299261,0.010725269909016788,0.010811624000780284,10.580046258983202,0.6857388521645479,2482153.0,7856.0,32.0,5000.0,True,False
3,18,10514597503273834893,SLH_DSA_PURE_SHA2_128S,0.08604657603427768,0.002616940066218376,0.6612944069784135,0.0010942000662907958,0.010743809980340302,0.01079150300938636,10.716513813007623,0.6821211421755469,2482153.0,7856.0,32.0,5000.0,True,False
3,18,2499067238514030522,SLH_DSA_PURE_SHA2_128S,0.15046437398996204,0.0015391720226034522,0.6311309140874073,0.001198643003590405,0.01071163802407682,0.010762062040157616,10.903728456934914,0.6944434253653143,2482153.0,7856.0,32.0,5000.0,True,False
3,18,5138415003137706113,SLH_DSA_PURE_SHA2_128S,0.09021345397923142,0.0013281300198286772,0.7014464130625129,0.0011466159485280514,0.010758396936580539,0.01080540893599391,11.02081184007693,0.6736181407787238,2482153.0,7856.0,32.0,5000.0,True,False
3,18,3325211314925365365,SLH_DSA_PURE_SHA2_128S,0.15990133897867054,0.0023904310073703527,0.7562162720132619,0.0011858119396492839,0.010690746014006436,0.01073868793901056,10.67303308006376,0.6677508230801601,2482153.0,7856.0,32.0,5000.0,True,False
3,18,10698980197787683474,SLH_DSA_PURE_SHA2_128S,0.08604218403343111,0.0016400560270994902,0.6323186500230804,0.001171665033325553,0.01126070600003004,0.011309438035823405,10.893279121955857,0.6597349338091103,2482153.0,7856.0,32.0,5000.0,True,False
3,18,6234158800195076670,SLH_DSA_PURE_SHA2_128S,0.08010836795438081,0.001455302000977099,0.6285767200170085,0.0011667750077322125,0.010994298034347594,0.011075312038883567,10.737627915921621,0.6911430736635901,2482153.0,7856.0,32.0,5000.0,True,False
3,18,16367023150443022350,SLH_DSA_PURE_SHA2_128S,0.0802322420058772,0.0013731849612668157,0.6918012119131163,0.0011211519595235586,0.01091397600248456,0.010961901978589594,10.592200346989557,0.6860253652379771,2482153.0,7856.0,32.0,5000.0,True,False
3,18,17796647504619690509,SLH_DSA_PURE_SHA2_128S,0.08518060995265841,0.0015162380877882242,0.62935150496196,0.0011659050360321999,0.010677765007130802,0.010724735911935568,6.618504264042713,0.6761789962554433,2482153.0,7856.0,32.0,5000.0,True,False
3,18,1387942138784798142,SLH_DSA_PURE_SHA2_128S,0.07714945496991277,0.0013594769407063723,0.6087522730231285,0.0011071760673075914,0.010805069003254175,0.010851504048332572,6.757195123005658,0.6802942604775641,2482153.0,7856.0,32.0,5000.0,True,False
3,19,10514597503273834893,SLH_DSA_PURE_SHA2_128S,0.08447253296617419,0.0018406660528853536,0.6394382149446756,0.0011624990729615092,0.010829900042153895,0.010914054932072759,10.796024322975427,0.6590631351729107,2482153.0,7856.0,32.0,5000.0,True,False
3,19,2499067238514030522,SLH_DSA_PURE_SHA2_128S,0.15182562090922147,0.0016738740960136056,0.6377201549476013,0.001038426999002695,0.010847597033716738,0.010895439074374735,10.775581113062799,0.6673968608734334,2482153.0,7856.0,32.0,5000.0,True,False
3,19,5390432156645818463,SLH_DSA_PURE_SHA2_128S,0.0929207120789215,0.0016622949624434114,0.7229511810000986,0.0010063860099762678,0.010764284059405327,0.010806974023580551,10.795072998967953,0.6675361784495366,2482153.0,7856.0,32.0,5000.0,True,False
3,19,5138415003137706113,SLH_DSA_PURE_SHA2_128S,0.08032544108573347,0.0013351719826459885,0.6488692499697208,0.0011844548862427473,0.011176035972312093,0.011224885936826468,11.069733525975607,0.6408183167504656,2482153.0,7856.0,32.0,5000.0,True,False
3,19,3325211314925365365,SLH_DSA_PURE_SHA2_128S,0.09318740607704967,0.0015994110144674778,0.6334338409360498,0.0010551189770922065,0.010787764913402498,0.01083290099631995,11.016991639975458,0.6572391128843758,2482153.0,7856.0,32.0,5000.0,True,False
3,19,6234158800195076670,SLH_DSA_PURE_SHA2_128S,0.09700819209683686,0.001547300023958087,0.628869998967275,0.0011200900189578533,0.010805213009007275,0.010849334066733718,10.83735364000313,0.643924129379403,2482153.0,7856.0,32.0,5000.0,True,False
3,19,10698980197787683474,SLH_DSA_PURE_SHA2_128S,0.10215707891620696,0.0019002959597855806,0.6353227560175583,0.001084159011952579,0.010832567000761628,0.010917512932792306,10.921846522949636,0.6349827975604185,2482153.0,7856.0,32.0,5000.0,True,False
3,19,16367023150443022350,SLH_DSA_PURE_SHA2_128S,0.08013188501354307,0.0013444289797917008,0.6292447969317436,0.0011687539517879486,0.010837216977961361,0.010883747017942369,10.786828254931606,0.6331739064045013,2482153.0,7856.0,32.0,5000.0,True,False
3,19,1387942138784798142,SLH_DSA_PURE_SHA2_128S,0.07736729294992983,0.0021214879816398025,0.6084665149683133,0.0009994530119001865,0.010803048964589834,0.010847601923160255,6.639170742942952,0.64296199689815,2482153.0,7856.0,32.0,5000.0,True,False
3,19,17796647504619690509,SLH_DSA_PURE_SHA2_128S,0.07759300305042416,0.001965684932656586,0.6090822439873591,0.0011292969575151801,0.010820065974257886,0.010864898911677301,6.658839916926809,0.6465874650770691,2482153.0,7856.0,32.0,5000.0,True,False
3,20,5138415003137706113,SLH_DSA_PURE_SHA2_128S,0.14319154899567366,0.0016645509749650955,0.6538703120313585,0.0011705521028488874,0.010871091042645276,0.010961550055071712,10.72655245102942,0.6066786654435905,2482153.0,7856.0,32.0,5000.0,True,False
3,20,2499067238514030522,SLH_DSA_PURE_SHA2_128S,0.08352809399366379,0.0014218270080164075,0.628801942919381,0.0010989829897880554,0.010702793020755053,0.010751524940133095,10.855346666066907,0.6247205334199462,2482153.0,7856.0,32.0,5000.0,True,False
3,20,5390432156645818463,SLH_DSA_PURE_SHA2_128S,0.1119261640124023,0.001417901017703116,0.6377286519855261,0.0010971130104735494,0.010782299097627401,0.010828447062522173,10.888314716052264,0.6130293900514864,2482153.0,7856.0,32.0,5000.0,True,False
3,20,10514597503273834893,SLH_DSA_PURE_SHA2_128S,0.09991229209117591,0.0013909130357205868,0.6292988379718736,0.001117862993851304,0.010767568950541317,0.010818203096278012,10.923161290003918,0.6368321602226822,2482153.0,7856.0,32.0,5000.0,True,False
3,20,6234158800195076670,SLH_DSA_PURE_SHA2_128S,0.11534417199436575,0.0015561749460175633,0.6257914180168882,0.0010936509352177382,0.01079192291945219,0.010839532944373786,10.980796325020492,0.6235877169165641,2482153.0,7856.0,32.0,5000.0,True,False
3,20,3325211314925365365,SLH_DSA_PURE_SHA2_128S,0.16181611502543092,0.0019015719881281257,0.6897454959107563,0.0011153469095006585,0.01087913301307708,0.010927872965112329,11.102324048057199,0.6165965128286629,2482153.0,7856.0,32.0,5000.0,True,False
3,20,16367023150443022350,SLH_DSA_PURE_SHA2_128S,0.10095818701665848,0.0013828389346599579,0.629628732916899,0.0011348460102453828,0.010828147060237825,0.01090692903380841,11.02057692501694,0.5849532854215355,2482153.0,7856.0,32.0,5000.0,True,False
3,20,10698980197787683474,SLH_DSA_PURE_SHA2_128S,0.1144831320270896,0.0013949560234323144,0.6302239010110497,0.0011767399264499545,0.01120974903460592,0.011262346990406513,11.181078428053297,0.6152383555082759,2482153.0,7856.0,32.0,5000.0,True,False
3,20,1387942138784798142,SLH_DSA_PURE_SHA2_128S,0.08476683194749057,0.0025026981020346284,0.640921718091704,0.0010812970576807857,0.01073496206663549,0.010782639030367136,6.449047055910341,0.6234599076163997,2482153.0,7856.0,32.0,5000.0,True,False
3,20,17796647504619690509,SLH_DSA_PURE_SHA2_128S,0.07708014408126473,0.0013298739213496447,0.6092953269835562,0.0011063739657402039,0.010721559985540807,0.010771415079943836,6.9124949789838865,0.6187469363687145,2482153.0,7856.0,32.0,5000.0,True,False
3,21,10514597503273834893,SLH_DSA_PURE_SHA2_128S,0.1469884910620749,0.00192581198643893,0.6466378080658615,0.001105253933928907,0.010763210011646152,0.010862441966310143,10.789292961009778,0.5839128505889397,2482153.0,7856.0,32.0,5000.0,True,False
3,21,2499067238514030522,SLH_DSA_PURE_SHA2_128S,0.09812146902550012,0.001763573964126408,0.6531386519782245,0.0011253759730607271,0.0107109370874241,0.010762829915620387,10.823726029950194,0.5920859152676573,2482153.0,7856.0,32.0,5000.0,True,False
3,21,5390432156645818463,SLH_DSA_PURE_SHA2_128S,0.1485975799150765,0.0016094320453703403,0.6277219679905102,0.0012927120551466942,0.010674201068468392,0.010720069985836744,10.953547129989602,0.6211398526741441,2482153.0,7856.0,32.0,5000.0,True,False
3,21,5138415003137706113,SLH_DSA_PURE_SHA2_128S,0.0794373219832778,0.0013324610190466046,0.6352453159634024,0.0010577519424259663,0.010678999940864742,0.01072436198592186,11.096115123014897,0.5871350803667572,2482153.0,7856.0,32.0,5000.0,True,False
3,21,3325211314925365365,SLH_DSA_PURE_SHA2_128S,0.0857597430003807,0.0017914819763973355,0.6435165229486302,0.001325035933405161,0.010824869968928397,0.010871020029298961,10.93634865898639,0.5788702728926756,2482153.0,7856.0,32.0,5000.0,True,False
3,21,10698980197787683474,SLH_DSA_PURE_SHA2_128S,0.16210075898561627,0.0019066620152443647,0.8024897929280996,0.0010611900361254811,0.011172306956723332,0.011222535977140069,10.79661803401541,0.5694039483453818,2482153.0,7856.0,32.0,5000.0,True,False
3,21,6234158800195076670,SLH_DSA_PURE_SHA2_128S,0.08501836308278143,0.002301732893101871,0.6493874629959464,0.0013159720692783594,0.01139415695797652,0.011474139988422394,10.795640254975297,0.5913319298700922,2482153.0,7856.0,32.0,5000.0,True,False
3,21,16367023150443022350,SLH_DSA_PURE_SHA2_128S,0.07993145997170359,0.0013697859831154346,0.6325421020155773,0.001020596013404429,0.010743671911768615,0.010790640022605658,10.937953081913292,0.5716081241228778,2482153.0,7856.0,32.0,5000.0,True,False
3,21,1387942138784798142,SLH_DSA_PURE_SHA2_128S,0.08499014505650848,0.0015043900348246098,0.6184269230579957,0.0012852930231019855,0.010789236985147,0.010834555956535041,6.43126432900317,0.6002250845977075,2482153.0,7856.0,32.0,5000.0,True,False
3,21,17796647504619690509,SLH_DSA_PURE_SHA2_128S,0.07673111604526639,0.0013593630865216255,0.6066919040167704,0.0011065809521824121,0.01124539296142757,0.011296984041109681,6.631664802087471,0.5970554613763359,2482153.0,7856.0,32.0,5000.0,True,False
3,22,2499067238514030522,SLH_DSA_PURE_SHA2_128S,0.16359816200565547,0.003799889935180545,0.7218919170554727,0.0011461860267445445,0.010743151069618762,0.010838418966159225,10.68909590493422,0.5935962409682715,2482153.0,7856.0,32.0,5000.0,True,False
3,22,10514597503273834893,SLH_DSA_PURE_SHA2_128S,0.0850827069953084,0.0016691850032657385,0.6376573910238221,0.0010825690114870667,0.010719588957726955,0.010767414001747966,10.840386087074876,0.5557051075349568,2482153.0,7856.0,32.0,5000.0,True,False
3,22,5390432156645818463,SLH_DSA_PURE_SHA2_128S,0.08487421798054129,0.001637758919969201,0.6678810870507732,0.0010896530002355576,0.01078883302398026,0.01083605200983584,10.849848594982177,0.5736243394055184,2482153.0,7856.0,32.0,5000.0,True,False
3,22,5138415003137706113,SLH_DSA_PURE_SHA2_128S,0.08054518094286323,0.0013628329616039991,0.6407886859960854,0.001071749022230506,0.010947233065962791,0.010994110954925418,11.068329956033267,0.57123757718475,2482153.0,7856.0,32.0,5000.0,True,False
3,22,3325211314925365365,SLH_DSA_PURE_SHA2_128S,0.1159760799491778,0.0014807060360908508,0.631937813013792,0.00116815697401762,0.010833645006641746,0.010890158009715378,10.965945799951442,0.5734003991078419,2482153.0,7856.0,32.0,5000.0,True,False
3,22,6234158800195076670,SLH_DSA_PURE_SHA2_128S,0.09936117404140532,0.001404261915013194,0.6626952580409124,0.001032636035233736,0.01093771995510906,0.0109834159957245,10.969192082993686,0.5701265465349529,2482153.0,7856.0,32.0,5000.0,True,False
3,22,16367023150443022350,SLH_DSA_PURE_SHA2_128S,0.08020061696879566,0.0013898930046707392,0.6288098139921203,0.001106342999264598,0.01094618602655828,0.011025347048416734,10.791023858939297,0.5455087973813343,2482153.0,7856.0,32.0,5000.0,True,False
3,22,10698980197787683474,SLH_DSA_PURE_SHA2_128S,0.0803943140199408,0.0013798839645460248,0.6274477569386363,0.0010786779457703233,0.010797894094139338,0.010843567084521055,11.04623050801456,0.5546718242631596,2482153.0,7856.0,32.0,5000.0,True,False
3,22,17796647504619690509,SLH_DSA_PURE_SHA2_128S,0.08179306902457029,0.0015051100635901093,0.6085716120433062,0.0011097620008513331,0.010714748990722,0.010759330936707556,6.560222817934118,0.5812147189002888,2482153.0,7856.0,32.0,5000.0,True,False
3,22,1387942138784798142,SLH_DSA_PURE_SHA2_128S,0.07671879592817277,0.0015928539214655757,0.6089320519240573,0.0010492040310055017,0.010797146940603852,0.010842711082659662,6.54093429306522,0.567624020752064,2482153.0,7856.0,32.0,5000.0,True,False
3,23,5138415003137706113,SLH_DSA_PURE_SHA2_128S,0.13782810606062412,0.0019937349716201425,0.6532517119776458,0.0011467899894341826,0.011080318014137447,0.011173776932992041,10.64336840400938,0.5181657380786291,2482153.0,7856.0,32.0,5000.0,True,False
3,23,5390432156645818463,SLH_DSA_PURE_SHA2_128S,0.08509766997303814,0.001563136000186205,0.6375468129990622,0.001127241994254291,0.010829519014805555,0.010880218935199082,10.890581896994263,0.5579796493717819,2482153.0,7856.0,32.0,5000.0,True,False
3,23,10514597503273834893,SLH_DSA_PURE_SHA2_128S,0.08422066003549844,0.0015962159959599376,0.6321157179772854,0.0012934410478919744,0.010696860030293465,0.010741080972366035,10.885592114995234,0.5364240028177667,2482153.0,7856.0,32.0,5000.0,True,False
3,23,2499067238514030522,SLH_DSA_PURE_SHA2_128S,0.08003288402687758,0.0013606050051748753,0.6346130130114034,0.001088932971470058,0.010896426974795759,0.010941831045784056,11.07542618503794,0.5698551958913256,2482153.0,7856.0,32.0,5000.0,True,False
3,23,3325211314925365365,SLH_DSA_PURE_SHA2_128S,0.14212054503150284,0.002113200956955552,0.7185631359461695,0.0012654989259317517,0.010725924978032708,0.010770985973067582,10.706679873983376,0.5354612796407217,2482153.0,7856.0,32.0,5000.0,True,False
3,23,6234158800195076670,SLH_DSA_PURE_SHA2_128S,0.15184781001880765,0.00252614903729409,0.6736078729154542,0.0011177039705216885,0.010686091962270439,0.010735164978541434,10.677142238011584,0.5393773810166842,2482153.0,7856.0,32.0,5000.0,True,False
3,23,10698980197787683474,SLH_DSA_PURE_SHA2_128S,0.08435994805768132,0.0020929330494254827,0.6443227159325033,0.0012827999889850616,0.010795901995152235,0.01087355799973011,10.914439917076379,0.528418197824507,2482153.0,7856.0,32.0,5000.0,True,False
3,23,16367023150443022350,SLH_DSA_PURE_SHA2_128S,0.08001998998224735,0.0014103649882599711,0.6456210010219365,0.0010755149414762855,0.010787914972752333,0.010834909044206142,10.892864184104837,0.5183102355522525,2482153.0,7856.0,32.0,5000.0,True,False
3,23,17796647504619690509,SLH_DSA_PURE_SHA2_128S,0.08466694108210504,0.0015031209914013743,0.6456685259472579,0.001296553062275052,0.010726611944846809,0.01077220996376127,6.647474559023976,0.5574864556977324,2482153.0,7856.0,32.0,5000.0,True,False
3,23,1387942138784798142,SLH_DSA_PURE_SHA2_128S,0.07670868502464145,0.0013720699353143573,0.6046569200698286,0.0014636169653385878,0.01104189595207572,0.011124106938950717,6.84649140201509,0.5520716276090996,2482153.0,7856.0,32.0,5000.0,True,False
3,24,5390432156645818463,SLH_DSA_PURE_SHA2_128S,0.13033838791307062,0.0014221130404621363,0.6306113719474524,0.0011143360752612352,0.010704849031753838,0.010797057999297976,10.756194922956638,0.5403910731054415,2482153.0,7856.0,32.0,5000.0,True,False
3,24,10514597503273834893,SLH_DSA_PURE_SHA2_128S,0.08093653293326497,0.0013766729971393943,0.6476134639233351,0.0010545050026848912,0.010924177011474967,0.010972075979225338,10.745937275933102,0.5185109511563543,2482153.0,7856.0,32.0,5000.0,True,False
3,24,5138415003137706113,SLH_DSA_PURE_SHA2_128S,0.09253304707817733,0.0013921030331403017,0.630542389000766,0.0010638369712978601,0.011074475012719631,0.011122880037873983,10.658765146043152,0.5361848245523159,2482153.0,7856.0,32.0,5000.0,True,False
3,24,2499067238514030522,SLH_DSA_PURE_SHA2_128S,0.08699543098919094,0.0014290079707279801,0.6353551999200135,0.0010354409459978342,0.010773809044621885,0.010820785071700811,10.71857041795738,0.5536497793854422,2482153.0,7856.0,32.0,5000.0,True,False
3,24,6234158800195076670,SLH_DSA_PURE_SHA2_128S,0.08584049390628934,0.0019285500748082995,0.6924330199835822,0.0011153739178553224,0.011178137967363,0.011226781061850488,10.889230179949664,0.5095595507081717,2482153.0,7856.0,32.0,5000.0,True,False
3,24,3325211314925365365,SLH_DSA_PURE_SHA2_128S,0.14108711096923798,0.0031402279855683446,0.7556202410487458,0.0010459310142323375,0.010688744019716978,0.010734327952377498,10.838393566082232,0.5193877508685847,2482153.0,7856.0,32.0,5000.0,True,False
3,24,16367023150443022350,SLH_DSA_PURE_SHA2_128S,0.07994575693737715,0.0013134570326656103,0.6310853409813717,0.0010674369987100363,0.0108276930404827,0.010904914932325482,11.105062625952996,0.49295973618793637,2482153.0,7856.0,32.0,5000.0,True,False
3,24,10698980197787683474,SLH_DSA_PURE_SHA2_128S,0.08232314593624324,0.0014847030397504568,0.6338958099950105,0.001043120981194079,0.01076840900350362,0.010816100984811783,11.11496911291033,0.5442007101929871,2482153.0,7856.0,32.0,5000.0,True,False
3,24,17796647504619690509,SLH_DSA_PURE_SHA2_128S,0.07972125196829438,0.001478285063058138,0.6087184740463272,0.0011503220302984118,0.010926724993623793,0.011004386004060507,6.674274684977718,0.5463273580761472,2482153.0,7856.0,32.0,5000.0,True,False
3,24,1387942138784798142,SLH_DSA_PURE_SHA2_128S,0.07719879399519414,0.0013807209907099605,0.6126608519116417,0.0010932210134342313,0.010704449960030615,0.01075036299880594,6.662987807067111,0.5271090475759309,2482153.0,7856.0,32.0,5000.0,True,False
3,25,5390432156645818463,SLH_DSA_PURE_SHA2_128S,0.14400206308346242,0.0019246709998697042,0.7671549679944292,0.0010434789583086967,0.010889488039538264,0.010983821004629135,10.575255339965224,0.5107985425408289,2482153.0,7856.0,32.0,5000.0,True,False
3,25,10514597503273834893,SLH_DSA_PURE_SHA2_128S,0.14083049597684294,0.0019020629115402699,0.6420654240064323,0.0010857440065592527,0.011004314990714192,0.011054243077524006,10.751473571057431,0.5158126177740799,2482153.0,7856.0,32.0,5000.0,True,False
3,25,2499067238514030522,SLH_DSA_PURE_SHA2_128S,0.07981385302264243,0.0013469299301505089,0.6339943310013041,0.0013802789617329836,0.010703567997552454,0.010771809960715473,10.909065849962644,0.4991583153605461,2482153.0,7856.0,32.0,5000.0,True,False
3,25,5138415003137706113,SLH_DSA_PURE_SHA2_128S,0.08206693502143025,0.0014937639934942126,0.628946813987568,0.0010338769061490893,0.010745240957476199,0.010789109044708312,10.940662065986544,0.4904799508583394,2482153.0,7856.0,32.0,5000.0,True,False
3,25,3325211314925365365,SLH_DSA_PURE_SHA2_128S,0.08691044896841049,0.003284775069914758,0.6956556100631133,0.0012850280618295074,0.010946745984256268,0.010991343995556235,10.706331409048289,0.489948678524441,2482153.0,7856.0,32.0,5000.0,True,False
3,25,10698980197787683474,SLH_DSA_PURE_SHA2_128S,0.14387371996417642,0.0018079450819641352,0.7038696699310094,0.0011516440426930785,0.010816834983415902,0.01087797898799181,10.750716960988939,0.5194448747784849,2482153.0,7856.0,32.0,5000.0,True,False
3,25,6234158800195076670,SLH_DSA_PURE_SHA2_128S,0.08327726402785629,0.0015118890441954136,0.6322910450398922,0.0013380610616877675,0.011095408000983298,0.011175739928148687,10.785833650967106,0.5046405403097723,2482153.0,7856.0,32.0,5000.0,True,False
3,25,16367023150443022350,SLH_DSA_PURE_SHA2_128S,0.08013045799452811,0.0013901370111852884,0.6693473629420623,0.0010696349199861288,0.01100396504625678,0.011067216983065009,10.842336617060937,0.4742147179118767,2482153.0,7856.0,32.0,5000.0,True,False
3,25,1387942138784798142,SLH_DSA_PURE_SHA2_128S,0.08466503699310124,0.0014975270023569465,0.6084064920432866,0.0012721539242193103,0.01084411796182394,0.010888093034736812,6.263989798957482,0.4900597429887694,2482153.0,7856.0,32.0,5000.0,True,False
3,25,17796647504619690509,SLH_DSA_PURE_SHA2_128S,0.07784472801722586,0.0014311569975689054,0.6090287480037659,0.0012175890151411295,0.01069404510781169,0.010744864004664123,6.665377662051469,0.5004983830508912,2482153.0,7856.0,32.0,5000.0,True,False
3,26,10514597503273834893,SLH_DSA_PURE_SHA2_128S,0.15800771198701113,0.003072171937674284,0.6742165280738845,0.0011222430039197206,0.010925820097327232,0.011007583001628518,10.763818107894622,0.5187191333337005,2482153.0,7856.0,32.0,5000.0,True,False
3,26,5390432156645818463,SLH_DSA_PURE_SHA2_128S,0.08125535794533789,0.0017046279972419143,0.6297426440287381,0.0010627639712765813,0.010840374045073986,0.010886252974160016,10.921129011898302,0.483117170981873,2482153.0,7856.0,32.0,5000.0,True,False
3,26,5138415003137706113,SLH_DSA_PURE_SHA2_128S,0.08385584794450551,0.00142482400406152,0.6335575430421159,0.0011134130181744695,0.010742055950686336,0.010788625106215477,11.011554947006516,0.47595913005862267,2482153.0,7856.0,32.0,5000.0,True,False
3,26,2499067238514030522,SLH_DSA_PURE_SHA2_128S,0.09947095904499292,0.0013471640413627028,0.629177161026746,0.001100064953789115,0.01067507395055145,0.010720598977059126,10.855751710012555,0.48830067799396953,2482153.0,7856.0,32.0,5000.0,True,False
3,26,6234158800195076670,SLH_DSA_PURE_SHA2_128S,0.09098550397902727,0.00265794200822711,0.650049829040654,0.001102791982702911,0.0107110480312258,0.010759126977063715,10.733800460002385,0.5069293055659646,2482153.0,7856.0,32.0,5000.0,True,False
3,26,3325211314925365365,SLH_DSA_PURE_SHA2_128S,0.08492911199573427,0.0016481230268254876,0.6439171530073509,0.0010629540774971247,0.010686725960113108,0.010733310016803443,10.939861724968068,0.4689299734961835,2482153.0,7856.0,32.0,5000.0,True,False
3,26,10698980197787683474,SLH_DSA_PURE_SHA2_128S,0.1505381769966334,0.0021392350317910314,0.7510981929954141,0.0012104710331186652,0.010870988946408033,0.010952358017675579,10.69500441395212,0.5037358869578997,2482153.0,7856.0,32.0,5000.0,True,False
3,26,16367023150443022350,SLH_DSA_PURE_SHA2_128S,0.07974491501227021,0.0013511719880625606,0.6346020329510793,0.0010831099934875965,0.010979840066283941,0.011024723062291741,10.985852295998484,0.4868731351486247,2482153.0,7856.0,32.0,5000.0,True,False
3,26,1387942138784798142,SLH_DSA_PURE_SHA2_128S,0.0844094759086147,0.002171421074308455,0.610193595988676,0.001047989004291594,0.01084364706184715,0.010890244971960783,6.354618909070268,0.4682427256777408,2482153.0,7856.0,32.0,5000.0,True,False
3,26,17796647504619690509,SLH_DSA_PURE_SHA2_128S,0.07743523502722383,0.0013283200096338987,0.612312205019407,0.0010619270615279675,0.010773102985695004,0.010820309980772436,6.568266125977971,0.492592067131476,2482153.0,7856.0,32.0,5000.0,True,False
3,27,5390432156645818463,SLH_DSA_PURE_SHA2_128S,0.13530616997741163,0.0014161108992993832,0.6288269800134003,0.001122043002396822,0.01089432998560369,0.01098521996755153,10.733792227925733,0.4496903411783041,2482153.0,7856.0,32.0,5000.0,True,False
3,27,2499067238514030522,SLH_DSA_PURE_SHA2_128S,0.16752560494933277,0.0016451680567115545,0.6620691301068291,0.0010990479495376348,0.01070880494080484,0.010756856994703412,10.654897326021455,0.42991806018599277,2482153.0,7856.0,32.0,5000.0,True,False
3,27,10514597503273834893,SLH_DSA_PURE_SHA2_128S,0.12792970694135875,0.0016589289298281074,0.637757575022988,0.0013624710263684392,0.010806825011968613,0.010855445987544954,10.782742138952017,0.4532243980533758,2482153.0,7856.0,32.0,5000.0,True,False
3,27,5138415003137706113,SLH_DSA_PURE_SHA2_128S,0.07967075903434306,0.0014045580755919218,0.6389500449877232,0.0010421440238133073,0.01081490097567439,0.01086019806098193,10.839723941986449,0.4787166231804213,2482153.0,7856.0,32.0,5000.0,True,False
3,27,10698980197787683474,SLH_DSA_PURE_SHA2_128S,0.15022492094431072,0.001707593910396099,0.6471785180037841,0.001283016987144947,0.010675400961190462,0.010720029007643461,10.616911227931269,0.489201432058386,2482153.0,7856.0,32.0,5000.0,True,False
3,27,16367023150443022350,SLH_DSA_PURE_SHA2_128S,0.08518489799462259,0.001531684072688222,0.6409103489713743,0.0010932390578091145,0.010783146950416267,0.010832336032763124,10.644837781903334,0.44086512150895446,2482153.0,7856.0,32.0,5000.0,True,False
3,27,6234158800195076670,SLH_DSA_PURE_SHA2_128S,0.08432513196021318,0.0024961750023066998,0.6412210959242657,0.0013038709294050932,0.010778633994050324,0.010856665088795125,10.6876384280622,0.47633815397787244,2482153.0,7856.0,32.0,5000.0,True,False
3,27,3325211314925365365,SLH_DSA_PURE_SHA2_128S,0.07972865598276258,0.0013717999681830406,0.6292902280110866,0.001032444997690618,0.010795598034746945,0.010841321083717048,11.078526537981816,0.4375859836033385,2482153.0,7856.0,32.0,5000.0,True,False
3,27,17796647504619690509,SLH_DSA_PURE_SHA2_128S,0.0845024079317227,0.0015398749383166432,0.6180521940113977,0.0012866080505773425,0.010686913970857859,0.01076754298992455,6.667253062012605,0.4417143727350197,2482153.0,7856.0,32.0,5000.0,True,False
3,27,1387942138784798142,SLH_DSA_PURE_SHA2_128S,0.07756064599379897,0.001337305991910398,0.6100753209320828,0.0010943999513983727,0.010806827922351658,0.010855578002519906,6.782340707024559,0.4373141787590305,2482153.0,7856.0,32.0,5000.0,True,False
3,28,10514597503273834893,SLH_DSA_PURE_SHA2_128S,0.1129247440258041,0.0020519160898402333,0.6336617839988321,0.0011169759090989828,0.010736703989095986,0.010822886950336397,10.684103949926794,0.44962443622529125,2482153.0,7856.0,32.0,5000.0,True,False
3,28,5390432156645818463,SLH_DSA_PURE_SHA2_128S,0.16277599008753896,0.0017378589836880565,0.6720205399906263,0.0011847339337691665,0.011075114947743714,0.011119971983134747,10.657885145046748,0.42327720744262454,2482153.0,7856.0,32.0,5000.0,True,False
3,28,5138415003137706113,SLH_DSA_PURE_SHA2_128S,0.0856113500194624,0.0014515479560941458,0.6350030900212005,0.0010478229960426688,0.010904669063165784,0.010952659999020398,10.773517837980762,0.4458648498662433,2482153.0,7856.0,32.0,5000.0,True,False
3,28,2499067238514030522,SLH_DSA_PURE_SHA2_128S,0.10023313702549785,0.0013589720474556088,0.633879985078238,0.0011086020385846496,0.010710239992477,0.010756256990134716,10.791026033926755,0.43242154214649825,2482153.0,7856.0,32.0,5000.0,True,False
3,28,16367023150443022350,SLH_DSA_PURE_SHA2_128S,0.09792757802642882,0.0024013440124690533,0.6339708749437705,0.0010450190166011453,0.010804248973727226,0.01085006503853947,10.63411746895872,0.44143771253241476,2482153.0,7856.0,32.0,5000.0,True,False
3,28,3325211314925365365,SLH_DSA_PURE_SHA2_128S,0.08715234603732824,0.0024606400402262807,0.6297644239384681,0.0010871309787034988,0.010684909066185355,0.01073044806253165,10.854585148976184,0.43679202957802515,2482153.0,7856.0,32.0,5000.0,True,False
3,28,10698980197787683474,SLH_DSA_PURE_SHA2_128S,0.11388600303325802,0.0014178919373080134,0.6339484750060365,0.0010557520436123013,0.010915299062617123,0.010992554947733879,10.890660149045289,0.4664781448271149,2482153.0,7856.0,32.0,5000.0,True,False
3,28,6234158800195076670,SLH_DSA_PURE_SHA2_128S,0.09770789695903659,0.001353294006548822,0.6482192010153085,0.0010899860644713044,0.010723529034294188,0.010769876069389284,10.826732043991797,0.46167585456589605,2482153.0,7856.0,32.0,5000.0,True,False
3,28,17796647504619690509,SLH_DSA_PURE_SHA2_128S,0.08376581605989486,0.0015674169408157468,0.6114315639715642,0.0010762219317257404,0.010719423997215927,0.010765459039248526,6.7378383229952306,0.41674670405614717,2482153.0,7856.0,32.0,5000.0,True,False
3,28,1387942138784798142,SLH_DSA_PURE_SHA2_128S,0.07729756704065949,0.0013683600118383765,0.608858652994968,0.001086435979232192,0.010760854929685593,0.010807389975525439,6.802060957998037,0.4430652050787856,2482153.0,7856.0,32.0,5000.0,True,False
3,29,2499067238514030522,SLH_DSA_PURE_SHA2_128S,0.14774543896783143,0.0018458949634805322,0.6942478419514373,0.0011492009507492185,0.01066010701470077,0.010751132969744503,10.590593831962906,0.43777844492512147,2482153.0,7856.0,32.0,5000.0,True,False
3,29,5390432156645818463,SLH_DSA_PURE_SHA2_128S,0.08634491800330579,0.0020071290200576186,0.6438884669914842,0.0011051730252802372,0.010635077953338623,0.010686161927878857,10.75526136206463,0.4141488667031762,2482153.0,7856.0,32.0,5000.0,True,False
3,29,10514597503273834893,SLH_DSA_PURE_SHA2_128S,0.12865341792348772,0.0014915280044078827,0.6621716580120847,0.001283041900023818,0.010704179061576724,0.010750256013125181,10.750464302953333,0.4126253640101214,2482153.0,7856.0,32.0,5000.0,True,False
3,29,5138415003137706113,SLH_DSA_PURE_SHA2_128S,0.0794974259333685,0.0013953399611636996,0.6335362700046971,0.0010452610440552235,0.010821156087331474,0.010865780990570784,10.979702837998047,0.4029296329422931,2482153.0,7856.0,32.0,5000.0,True,False
3,29,10698980197787683474,SLH_DSA_PURE_SHA2_128S,0.1490603379206732,0.0016259290277957916,0.6439969199709594,0.001283300924114883,0.010748519911430776,0.010793745983392,10.678294147946872,0.40422115821367616,2482153.0,7856.0,32.0,5000.0,True,False
3,29,6234158800195076670,SLH_DSA_PURE_SHA2_128S,0.08527303696610034,0.0019222949631512165,0.637930145021528,0.001130092074163258,0.01079885894432664,0.01086069701705128,10.581530355033465,0.44172972427669227,2482153.0,7856.0,32.0,5000.0,True,False
3,29,3325211314925365365,SLH_DSA_PURE_SHA2_128S,0.08487557002808899,0.0016422719927504659,0.6345092540141195,0.0013651209883391857,0.010757660958915949,0.010834946995601058,10.753679707995616,0.42174004874886223,2482153.0,7856.0,32.0,5000.0,True,False
3,29,16367023150443022350,SLH_DSA_PURE_SHA2_128S,0.0795713959960267,0.0013667469611391425,0.6299752510385588,0.0010529069695621729,0.010970044997520745,0.0110150360269472,10.663850922021084,0.3972492966753472,2482153.0,7856.0,32.0,5000.0,True,False
3,29,1387942138784798142,SLH_DSA_PURE_SHA2_128S,0.0837765340693295,0.0014634859981015325,0.612775282934308,0.0012900499859824777,0.01079206308349967,0.01083848299458623,6.567512934911065,0.4345445256253147,2482153.0,7856.0,32.0,5000.0,True,False
3,29,17796647504619690509,SLH_DSA_PURE_SHA2_128S,0.07691540010273457,0.0013184520648792386,0.6102853521006182,0.0012081620516255498,0.010774639085866511,0.010825481964275241,6.819962369976565,0.3827314666549491,2482153.0,7856.0,32.0,5000.0,True,False
3,30,10514597503273834893,SLH_DSA_PURE_SHA2_128S,0.0871485760435462,0.0018194949952885509,0.6338279829360545,0.0012113939737901092,0.010775418020784855,0.010859143920242786,10.599895901978016,0.39216711320528747,2482153.0,7856.0,32.0,5000.0,True,False
3,30,5138415003137706113,SLH_DSA_PURE_SHA2_128S,0.08382875297684222,0.0014958269894123077,0.6318267360329628,0.0010366580681875348,0.010851565981283784,0.010898586944676936,10.694720449973829,0.42112323334499907,2482153.0,7856.0,32.0,5000.0,True,False
3,30,2499067238514030522,SLH_DSA_PURE_SHA2_128S,0.16343025292735547,0.0014772969298064709,0.6442316300235689,0.0010647459421306849,0.010713389026932418,0.01076021499466151,10.625537932035513,0.40868728049099445,2482153.0,7856.0,32.0,5000.0,True,False
3,30,5390432156645818463,SLH_DSA_PURE_SHA2_128S,0.0980339179513976,0.0014238120056688786,0.7025035130791366,0.0010347920469939709,0.010739140096120536,0.010785039979964495,10.68469540507067,0.4000452353624971,2482153.0,7856.0,32.0,5000.0,True,False
3,30,16367023150443022350,SLH_DSA_PURE_SHA2_128S,0.07921708293724805,0.001411997014656663,0.6954992660321295,0.001056284992955625,0.010816739057190716,0.010862996918149292,10.79094553203322,0.3686831256101845,2482153.0,7856.0,32.0,5000.0,True,False
3,30,10698980197787683474,SLH_DSA_PURE_SHA2_128S,0.11963720491621643,0.001378934015519917,0.684185781981796,0.0010508740087971091,0.010773907997645438,0.010820110910572112,10.950579187017865,0.3840823518824141,2482153.0,7856.0,32.0,5000.0,True,False
3,30,6234158800195076670,SLH_DSA_PURE_SHA2_128S,0.14568170998245478,0.0013326120097190142,0.70204173901584,0.0010626640869304538,0.010772006935440004,0.010849428945221007,10.680784635944292,0.4232675618652231,2482153.0,7856.0,32.0,5000.0,True,False
3,30,3325211314925365365,SLH_DSA_PURE_SHA2_128S,0.08172500506043434,0.00146206293720752,0.9151828469475731,0.0010589179582893848,0.010835809051059186,0.010882177972234786,10.922395479050465,0.40294691967736385,2482153.0,7856.0,32.0,5000.0,True,False
3,30,1387942138784798142,SLH_DSA_PURE_SHA2_128S,0.07810741302091628,0.001489172107540071,0.6109324720455334,0.0010558569338172674,0.010757233947515488,0.010802563978359103,6.246714409906417,0.39001244482151265,2482153.0,7856.0,32.0,5000.0,True,False
3,30,17796647504619690509,SLH_DSA_PURE_SHA2_128S,0.08181015902664512,0.001445252913981676,0.6113832439295948,0.0010880259796977043,0.010677859070710838,0.010723375948145986,6.214992020977661,0.3982137954574387,2482153.0,7856.0,32.0,5000.0,True,False
4,1,11593352232479114339,SLH_DSA_PURE_SHA2_128S,0.16361160401720554,0.0027248200494796038,0.9056986569194123,0.001079907058738172,0.010873084072954953,0.01100543700158596,10.802817073999904,2.0103479806025315,2482153.0,7856.0,32.0,5000.0,True,False
4,1,15557009821924498432,SLH_DSA_PURE_SHA2_128S,0.19440344697795808,0.003623164026066661,0.8150446939980611,0.0011542639695107937,0.010857542976737022,0.01093063608277589,10.70950828306377,2.0586845821635738,2482153.0,7856.0,32.0,5000.0,True,False
4,1,5471660171793934992,SLH_DSA_PURE_SHA2_128S,0.0807881640503183,0.001483934000134468,0.6378320750081912,0.0013950029388070107,0.010670328978449106,0.010727256070822477,10.903924018028192,2.01197532863374,2482153.0,7856.0,32.0,5000.0,True,False
4,1,7605265229193534885,SLH_DSA_PURE_SHA2_128S,0.07987304695416242,0.0014225969789549708,0.6572501850314438,0.001061590970493853,0.01081723696552217,0.010869766003452241,10.812411125050858,2.0269732270271157,2482153.0,7856.0,32.0,5000.0,True,False
4,1,2823658558058114159,SLH_DSA_PURE_SHA2_128S,0.09583464008755982,0.0017625750042498112,0.6521814370062202,0.0013861770275980234,0.011062814039178193,0.01115334196947515,10.713630156009458,2.0356734634205034,2482153.0,7856.0,32.0,5000.0,True,False
4,1,15258896911726207817,SLH_DSA_PURE_SHA2_128S,0.10479550703894347,0.0022527161054313183,0.6650450489250943,0.001067423028871417,0.01083658798597753,0.010889346012845635,10.808451442047954,2.053998394376913,2482153.0,7856.0,32.0,5000.0,True,False
4,1,4596257853064441436,SLH_DSA_PURE_SHA2_128S,0.08448619395494461,0.001714015961624682,0.6379154560854658,0.001383117982186377,0.01066995901055634,0.01072657702025026,10.756366619025357,2.062829959164759,2482153.0,7856.0,32.0,5000.0,True,False
4,1,14923164556680548925,SLH_DSA_PURE_SHA2_128S,0.0796133839758113,0.0013891189591959119,0.6556672230362892,0.001125819981098175,0.010674073942936957,0.010739514022134244,10.944315378088504,2.1093741693314474,2482153.0,7856.0,32.0,5000.0,True,False
4,1,2455671854304246781,SLH_DSA_PURE_SHA2_128S,0.08478108991403133,0.0017942870035767555,0.617368220933713,0.0013701330171898007,0.010836177039891481,0.010889652068726718,6.078858994063921,2.0366489613891408,2482153.0,7856.0,32.0,5000.0,True,False
4,1,9808711409946078185,SLH_DSA_PURE_SHA2_128S,0.07675640401430428,0.001316110952757299,0.6128172570606694,0.0010647519957274199,0.010763065074570477,0.010810796986334026,6.180336658959277,2.0670334442405944,2482153.0,7856.0,32.0,5000.0,True,False
4,2,11593352232479114339,SLH_DSA_PURE_SHA2_128S,0.14708455197978765,0.0015916409902274609,0.7301938179880381,0.0013560480438172817,0.010674174060113728,0.010792554006911814,10.406274889945053,1.7708460221624678,2482153.0,7856.0,32.0,5000.0,True,False
4,2,7605265229193534885,SLH_DSA_PURE_SHA2_128S,0.16066698799841106,0.0016534089809283614,0.6968083289684728,0.001050093094818294,0.011103313998319209,0.01115289400331676,10.719650701037608,1.76265432576465,2482153.0,7856.0,32.0,5000.0,True,False
4,2,5471660171793934992,SLH_DSA_PURE_SHA2_128S,0.08002262201625854,0.0013858029851689935,0.6353609899524599,0.0013878659810870886,0.010966741014271975,0.011019735946319997,10.980789760011248,1.7619938842809884,2482153.0,7856.0,32.0,5000.0,True,False
4,2,15557009821924498432,SLH_DSA_PURE_SHA2_128S,0.15848007297609001,0.0014200890436768532,0.6338767339475453,0.0010855820728465915,0.01079950702842325,0.010849277023226023,10.892217773012817,1.8148643864188225,2482153.0,7856.0,32.0,5000.0,True,False
4,2,15258896911726207817,SLH_DSA_PURE_SHA2_128S,0.15310518199112266,0.0027540760347619653,0.6982157749589533,0.0013010500697419047,0.010662229964509606,0.010709634982049465,10.95407636393793,1.7965260227774358,2482153.0,7856.0,32.0,5000.0,True,False
4,2,14923164556680548925,SLH_DSA_PURE_SHA2_128S,0.08007953909691423,0.0014153579249978065,0.6425832309760153,0.001335791079327464,0.010754534974694252,0.010831894935108721,10.742470887023956,1.8197170663031803,2482153.0,7856.0,32.0,5000.0,True,False
4,2,2823658558058114159,SLH_DSA_PURE_SHA2_128S,0.15271730197127908,0.0013821299653500319,0.6311815690714866,0.001091807964257896,0.010777927003800869,0.010861600982025266,10.757328351028264,1.807390528879348,2482153.0,7856.0,32.0,5000.0,True,False
4,2,4596257853064441436,SLH_DSA_PURE_SHA2_128S,0.10498366097453982,0.0013213360216468573,0.633587857009843,0.0011078770039603114,0.010611656005494297,0.010658183949999511,10.71159531106241,1.8066188841109063,2482153.0,7856.0,32.0,5000.0,True,False
4,2,2455671854304246781,SLH_DSA_PURE_SHA2_128S,0.085384113015607,0.001664552022702992,0.6194415659410879,0.0010828850790858269,0.010682914988137782,0.01073396997526288,6.156133676064201,1.7631905557243688,2482153.0,7856.0,32.0,5000.0,True,False
4,2,9808711409946078185,SLH_DSA_PURE_SHA2_128S,0.07724186009727418,0.0013383920304477215,0.6088446240173653,0.0010977149941027164,0.010664956993423402,0.010713553056120872,6.1515450740698725,1.7667559134732387,2482153.0,7856.0,32.0,5000.0,True,False
4,3,5471660171793934992,SLH_DSA_PURE_SHA2_128S,0.09160258003976196,0.0015783950220793486,0.6306523371022195,0.001120664062909782,0.010743419989012182,0.010827034013345838,10.788746656966396,1.6347959428835825,2482153.0,7856.0,32.0,5000.0,True,False
4,3,11593352232479114339,SLH_DSA_PURE_SHA2_128S,0.1150580879766494,0.0015149080427363515,0.6327671119943261,0.001064017997123301,0.011151459068059921,0.011204235954210162,10.798966347007081,1.6021908066075319,2482153.0,7856.0,32.0,5000.0,True,False
4,3,7605265229193534885,SLH_DSA_PURE_SHA2_128S,0.0801839439664036,0.001398397027514875,0.6301317999605089,0.0010926509276032448,0.0108654520008713,0.01091130601707846,10.90365622099489,1.6133636426014506,2482153.0,7856.0,32.0,5000.0,True,False
4,3,15557009821924498432,SLH_DSA_PURE_SHA2_128S,0.08173957199323922,0.0013351569650694728,0.6730970840435475,0.0011135840322822332,0.010694136028178036,0.010742715909145772,10.866791697917506,1.6250831792309026,2482153.0,7856.0,32.0,5000.0,True,False
4,3,15258896911726207817,SLH_DSA_PURE_SHA2_128S,0.1133629729738459,0.0019004290224984288,0.6370454810094088,0.0011014899937435985,0.010697404039092362,0.01074332999996841,10.913573719910346,1.6193084147325747,2482153.0,7856.0,32.0,5000.0,True,False
4,3,2823658558058114159,SLH_DSA_PURE_SHA2_128S,0.085442746989429,0.0015831909840926528,0.6368283530464396,0.0010733900126069784,0.010870147962123156,0.010919658001512289,10.91631000104826,1.6400403657536597,2482153.0,7856.0,32.0,5000.0,True,False
4,3,14923164556680548925,SLH_DSA_PURE_SHA2_128S,0.1623664500657469,0.001708226976916194,0.7166409329511225,0.0010570299345999956,0.011189177981577814,0.011319098994135857,10.720359389903024,1.6266329774431363,2482153.0,7856.0,32.0,5000.0,True,False
4,3,4596257853064441436,SLH_DSA_PURE_SHA2_128S,0.09692392405122519,0.0013622449478134513,0.6801954440306872,0.0010608519660308957,0.01098796701990068,0.01103993400465697,10.9990072340006,1.6281344632434238,2482153.0,7856.0,32.0,5000.0,True,False
4,3,2455671854304246781,SLH_DSA_PURE_SHA2_128S,0.0817303720396012,0.0015311050228774548,0.6089252079837024,0.001094128005206585,0.010764167993329465,0.01081945700570941,6.342960819019936,1.578573535202415,2482153.0,7856.0,32.0,5000.0,True,False
4,3,9808711409946078185,SLH_DSA_PURE_SHA2_128S,0.07677971897646785,0.0014279090100899339,0.6079382910393178,0.0010500960052013397,0.01077690499369055,0.010825457982718945,6.342739599989727,1.5849185324018928,2482153.0,7856.0,32.0,5000.0,True,False
4,4,15557009821924498432,SLH_DSA_PURE_SHA2_128S,0.14905984804499894,0.003328499966301024,0.6559704359387979,0.0013110849540680647,0.02345443400554359,0.02356004493776709,10.612199543975294,1.4842950956077332,2482153.0,7856.0,32.0,5000.0,True,False
4,4,11593352232479114339,SLH_DSA_PURE_SHA2_128S,0.07971250708214939,0.0014182600425556302,0.6297054319875315,0.0013152760220691562,0.014314258005470037,0.0143740379717201,10.818243281100877,1.4795467154994892,2482153.0,7856.0,32.0,5000.0,True,False
4,4,7605265229193534885,SLH_DSA_PURE_SHA2_128S,0.10222283494658768,0.0014688990777358413,0.6302714330377057,0.0012342249974608421,0.011248309980146587,0.011293628020212054,10.844308343017474,1.4829976725730167,2482153.0,7856.0,32.0,5000.0,True,False
4,4,5471660171793934992,SLH_DSA_PURE_SHA2_128S,0.09494345705024898,0.0013954120222479105,0.6543484359281138,0.0010992219904437661,0.011223664041608572,0.011272278963588178,10.85894312011078,1.5064289478739357,2482153.0,7856.0,32.0,5000.0,True,False
4,4,14923164556680548925,SLH_DSA_PURE_SHA2_128S,0.08578649291303009,0.0028007320361211896,0.6328649240313098,0.0011891110334545374,0.0107679539360106,0.010813939035870135,10.79114991100505,1.5234950993471086,2482153.0,7856.0,32.0,5000.0,True,False
4,4,15258896911726207817,SLH_DSA_PURE_SHA2_128S,0.0858453520340845,0.003427869058214128,0.634948869002983,0.0011118720285594463,0.010930549004115164,0.01097678195219487,10.931122274021618,1.4999836174545773,2482153.0,7856.0,32.0,5000.0,True,False
4,4,2823658558058114159,SLH_DSA_PURE_SHA2_128S,0.14965987601317465,0.003651420003734529,0.6687732819700614,0.0011540829436853528,0.010993949021212757,0.011074570007622242,10.731237336993217,1.5046220220577944,2482153.0,7856.0,32.0,5000.0,True,False
4,4,4596257853064441436,SLH_DSA_PURE_SHA2_128S,0.08027887903153896,0.001355981919914484,0.6337696770206094,0.0011987839825451374,0.011011024005711079,0.011065733036957681,10.868325916002505,1.5176053700173737,2482153.0,7856.0,32.0,5000.0,True,False
4,4,9808711409946078185,SLH_DSA_PURE_SHA2_128S,0.1433212700067088,0.0014466549037024379,0.6243850740138441,0.0011073820060119033,0.010643275920301676,0.010691436007618904,6.687251936993562,1.4852881963085975,2482153.0,7856.0,32.0,5000.0,True,False
4,4,2455671854304246781,SLH_DSA_PURE_SHA2_128S,0.07937560405116528,0.001469516078941524,0.6246952639194205,0.0010870220139622688,0.011354852002114058,0.011407720972783864,6.786581672960892,1.4658112879012042,2482153.0,7856.0,32.0,5000.0,True,False
4,5,7605265229193534885,SLH_DSA_PURE_SHA2_128S,0.08772960200440139,0.0023690341040492058,0.6338944870512933,0.0013003289932385087,0.0106858090730384,0.010803555021993816,10.792812636005692,1.386357811226207,2482153.0,7856.0,32.0,5000.0,True,False
4,5,11593352232479114339,SLH_DSA_PURE_SHA2_128S,0.08363869599997997,0.0014033999759703875,0.6325466460548341,0.001333349966444075,0.01070635102223605,0.010754346032626927,10.856934520998038,1.3825486609890203,2482153.0,7856.0,32.0,5000.0,True,False
4,5,5471660171793934992,SLH_DSA_PURE_SHA2_128S,0.0856993580237031,0.0027589829405769706,0.6537834409391508,0.0013204429997131228,0.010686610010452569,0.010742048965767026,10.828795350971632,1.4038445562314077,2482153.0,7856.0,32.0,5000.0,True,False
4,5,15557009821924498432,SLH_DSA_PURE_SHA2_128S,0.08121221500914544,0.0014640090521425009,0.6325189529452473,0.0012980810133740306,0.010733311995863914,0.010785785038024187,10.910154490964487,1.4090131612340355,2482153.0,7856.0,32.0,5000.0,True,False
4,5,14923164556680548925,SLH_DSA_PURE_SHA2_128S,0.09478387504350394,0.0015008930349722505,0.6356750229606405,0.0012859649723395705,0.01064845803193748,0.01069654303137213,10.700031906017102,1.4009632035425514,2482153.0,7856.0,32.0,5000.0,True,False
4,5,2823658558058114159,SLH_DSA_PURE_SHA2_128S,0.08164427196606994,0.0013742030132561922,0.6298508460167795,0.0013129640137776732,0.010703161940909922,0.01074965891893953,10.747424050001428,1.4099136587161167,2482153.0,7856.0,32.0,5000.0,True,False
4,5,4596257853064441436,SLH_DSA_PURE_SHA2_128S,0.13291750999633223,0.0014433369506150484,0.6794972070492804,0.0013071870198473334,0.010803402052260935,0.010882920934818685,10.675791652989574,1.4202598432067093,2482153.0,7856.0,32.0,5000.0,True,False
4,5,15258896911726207817,SLH_DSA_PURE_SHA2_128S,0.09773792000487447,0.0014715479919686913,0.6380275969859213,0.0013754860265180469,0.010653196950443089,0.010704673011787236,10.924424652010202,1.4186218718814243,2482153.0,7856.0,32.0,5000.0,True,False
4,5,2455671854304246781,SLH_DSA_PURE_SHA2_128S,0.12322278204374015,0.0014629838988184929,0.619400045950897,0.0012981980107724667,0.01066344091668725,0.010716667980886996,6.32345728809014,1.3802978829213768,2482153.0,7856.0,32.0,5000.0,True,False
4,5,9808711409946078185,SLH_DSA_PURE_SHA2_128S,0.09621456800960004,0.001360399997793138,0.6170129369711503,0.0013009959366172552,0.011267089052125812,0.011316793039441109,6.3413735759677365,1.387143917144484,2482153.0,7856.0,32.0,5000.0,True,False
4,6,11593352232479114339,SLH_DSA_PURE_SHA2_128S,0.10157375503331423,0.0017935700016096234,0.6341847740113735,0.0011436518980190158,0.010873540071770549,0.01096750097349286,10.666441006003879,1.2956280624790557,2482153.0,7856.0,32.0,5000.0,True,False
4,6,15557009821924498432,SLH_DSA_PURE_SHA2_128S,0.08490157104097307,0.001727200928144157,0.6295096860267222,0.0010835439898073673,0.012031764956191182,0.012088763993233442,10.72426462592557,1.3263887459305441,2482153.0,7856.0,32.0,5000.0,True,False
4,6,5471660171793934992,SLH_DSA_PURE_SHA2_128S,0.07977562095038593,0.0013533899327740073,0.6311665870016441,0.0010821700561791658,0.011242612032219768,0.011291839997284114,10.824389760033228,1.3254861038201933,2482153.0,7856.0,32.0,5000.0,True,False
4,6,7605265229193534885,SLH_DSA_PURE_SHA2_128S,0.14196090097539127,0.001620053080841899,0.6318966869730502,0.0010924199596047401,0.010770836030133069,0.010817880975082517,10.687549403985031,1.2940687123377612,2482153.0,7856.0,32.0,5000.0,True,False
4,6,15258896911726207817,SLH_DSA_PURE_SHA2_128S,0.1502901540370658,0.002384713036008179,0.7943566009635106,0.0010804729536175728,0.010803202982060611,0.01085040403995663,10.546279530972242,1.3571367411856439,2482153.0,7856.0,32.0,5000.0,True,False
4,6,4596257853064441436,SLH_DSA_PURE_SHA2_128S,0.11700125504285097,0.0023081270046532154,0.805983696016483,0.0010764820035547018,0.010769183048978448,0.010819918010383844,10.57426140701864,1.3468106146071368,2482153.0,7856.0,32.0,5000.0,True,False
4,6,2823658558058114159,SLH_DSA_PURE_SHA2_128S,0.18033818597905338,0.0014379799831658602,0.6407176119973883,0.0011073779314756393,0.01086686400230974,0.010952036012895405,10.928134670015424,1.324621230933317,2482153.0,7856.0,32.0,5000.0,True,False
4,6,14923164556680548925,SLH_DSA_PURE_SHA2_128S,0.07854695897549391,0.0016312850639224052,0.6280442079296336,0.0010540200164541602,0.010752503061667085,0.010800273041240871,10.951891014003195,1.309389721815753,2482153.0,7856.0,32.0,5000.0,True,False
4,6,9808711409946078185,SLH_DSA_PURE_SHA2_128S,0.08596046396996826,0.001997087965719402,0.6277679080376402,0.0010808119550347328,0.010769610060378909,0.010818498092703521,6.249527110019699,1.2950404905209876,2482153.0,7856.0,32.0,5000.0,True,False
4,6,2455671854304246781,SLH_DSA_PURE_SHA2_128S,0.07808416290208697,0.0013896250165998936,0.6058570460882038,0.00106891302857548,0.01071605202741921,0.010761901969090104,6.666629270999692,1.3019632404776895,2482153.0,7856.0,32.0,5000.0,True,False
4,7,5471660171793934992,SLH_DSA_PURE_SHA2_128S,0.08503407891839743,0.001474397024139762,0.6326146350475028,0.0010979010257869959,0.010802121018059552,0.010885294992476702,10.85808624792844,1.221921266264217,2482153.0,7856.0,32.0,5000.0,True,False
4,7,11593352232479114339,SLH_DSA_PURE_SHA2_128S,0.1585220869164914,0.003047316917218268,0.720357017009519,0.0010684269946068525,0.010967812966555357,0.011031972942873836,10.660130833042786,1.2220661085882005,2482153.0,7856.0,32.0,5000.0,True,False
4,7,15557009821924498432,SLH_DSA_PURE_SHA2_128S,0.07926306396257132,0.0014236450660973787,0.6288896730402485,0.001059712958522141,0.010719366953708231,0.010766110965050757,10.898088898975402,1.2541053462180363,2482153.0,7856.0,32.0,5000.0,True,False
4,7,7605265229193534885,SLH_DSA_PURE_SHA2_128S,0.17504289303906262,0.0014631659723818302,0.6533719039289281,0.0011033209739252925,0.011073432979173958,0.011126930941827595,10.839524441049434,1.2180588055568136,2482153.0,7856.0,32.0,5000.0,True,False
4,7,15258896911726207817,SLH_DSA_PURE_SHA2_128S,0.13642113003879786,0.002713816938921809,0.6366857640678063,0.0011852079769596457,0.011262073065154254,0.011313936091028154,10.806627096026205,1.262071531289702,2482153.0,7856.0,32.0,5000.0,True,False
4,7,2823658558058114159,SLH_DSA_PURE_SHA2_128S,0.15384023904334754,0.0016116690821945667,0.6449747360311449,0.0011262770276516676,0.010908621014095843,0.010960523039102554,10.901740238070488,1.2451630918083676,2482153.0,7856.0,32.0,5000.0,True,False
4,7,14923164556680548925,SLH_DSA_PURE_SHA2_128S,0.07931769103743136,0.001403703005053103,0.6486952870618552,0.0010719650890678167,0.010775352013297379,0.01085274899378419,10.963805677019991,1.2397961851897512,2482153.0,7856.0,32.0,5000.0,True,False
4,7,4596257853064441436,SLH_DSA_PURE_SHA2_128S,0.13054629997350276,0.001508347108028829,0.6308580060722306,0.0010801659664139152,0.010731912916526198,0.010782182100228965,10.878231670940295,1.2838334463963843,2482153.0,7856.0,32.0,5000.0,True,False
4,7,2455671854304246781,SLH_DSA_PURE_SHA2_128S,0.08497351093683392,0.001866845996119082,0.6222124089254066,0.0010479590855538845,0.010725075961090624,0.01076925196684897,6.562091508996673,1.222844481847848,2482153.0,7856.0,32.0,5000.0,True,False
4,7,9808711409946078185,SLH_DSA_PURE_SHA2_128S,0.0769428990315646,0.0013335749972611666,0.6087293790187687,0.001062598079442978,0.0109055150533095,0.010955665027722716,6.6415138640441,1.2262674410631702,2482153.0,7856.0,32.0,5000.0,True,False
4,8,7605265229193534885,SLH_DSA_PURE_SHA2_128S,0.08588029898237437,0.0016715340316295624,0.6313398610800505,0.0010768849169835448,0.010741284000687301,0.010826269979588687,10.769217886961997,1.14874664575431,2482153.0,7856.0,32.0,5000.0,True,False
4,8,15557009821924498432,SLH_DSA_PURE_SHA2_128S,0.15677866397891194,0.001930859056301415,0.659152545966208,0.0011338399490341544,0.010706339031457901,0.010756717063486576,10.669596827006899,1.1852950704325536,2482153.0,7856.0,32.0,5000.0,True,False
4,8,5471660171793934992,SLH_DSA_PURE_SHA2_128S,0.089519893983379,0.0013342640595510602,0.6315367980860174,0.0010757980635389686,0.010698962956666946,0.010745820007286966,10.874915073043667,1.1872785527994678,2482153.0,7856.0,32.0,5000.0,True,False
4,8,11593352232479114339,SLH_DSA_PURE_SHA2_128S,0.08326653600670397,0.0014796010218560696,0.6311869029887021,0.0011327919783070683,0.010817075031809509,0.010866101016290486,10.810027697007172,1.151924827296263,2482153.0,7856.0,32.0,5000.0,True,False
4,8,14923164556680548925,SLH_DSA_PURE_SHA2_128S,0.1353226420469582,0.001519524957984686,0.6362332239514217,0.0010806290665641427,0.010755817987956107,0.010802395991049707,10.683002681937069,1.1574793556693252,2482153.0,7856.0,32.0,5000.0,True,False
4,8,15258896911726207817,SLH_DSA_PURE_SHA2_128S,0.08490143902599812,0.0015355739742517471,0.6375999189913273,0.0010676829842850566,0.011172997998073697,0.011221068911254406,10.84583585895598,1.1960578298872444,2482153.0,7856.0,32.0,5000.0,True,False
4,8,2823658558058114159,SLH_DSA_PURE_SHA2_128S,0.1505059349583462,0.002124783000908792,0.6790634549688548,0.0010648838942870498,0.010773164918646216,0.010851947008632123,10.859729738906026,1.1744517091732876,2482153.0,7856.0,32.0,5000.0,True,False
4,8,4596257853064441436,SLH_DSA_PURE_SHA2_128S,0.07950686803087592,0.0016231710324063897,0.6311406099703163,0.0011374970199540257,0.010787014034576714,0.010835045017302036,10.908947352087125,1.2068189329402461,2482153.0,7856.0,32.0,5000.0,True,False
4,8,2455671854304246781,SLH_DSA_PURE_SHA2_128S,0.08590121695306152,0.001899398979730904,0.6263745609903708,0.0011873480398207903,0.010813641012646258,0.010863168979994953,6.562505239970051,1.166256472563288,2482153.0,7856.0,32.0,5000.0,True,False
4,8,9808711409946078185,SLH_DSA_PURE_SHA2_128S,0.07690331398043782,0.0013750920770689845,0.6117245899513364,0.0010789500083774328,0.0107339380774647,0.010811179992742836,6.698273638961837,1.1706517824701443,2482153.0,7856.0,32.0,5000.0,True,False
4,9,15557009821924498432,SLH_DSA_PURE_SHA2_128S,0.12000399501994252,0.0023907750146463513,0.6806659159483388,0.0011076930677518249,0.010808415012434125,0.010892889928072691,10.811851211008616,1.1322869852090338,2482153.0,7856.0,32.0,5000.0,True,False
4,9,11593352232479114339,SLH_DSA_PURE_SHA2_128S,0.14522271102759987,0.0016374579863622785,0.6860696610528976,0.0010882209753617644,0.010792993009090424,0.010843012947589159,10.722754309070297,1.0919679912032596,2482153.0,7856.0,32.0,5000.0,True,False
4,9,5471660171793934992,SLH_DSA_PURE_SHA2_128S,0.10401566699147224,0.0014558020047843456,0.653770623030141,0.0013449148973450065,0.010924709029495716,0.010972426040098071,11.012770158937201,1.1055082333315709,2482153.0,7856.0,32.0,5000.0,True,False
4,9,7605265229193534885,SLH_DSA_PURE_SHA2_128S,0.08860724093392491,0.0013832689728587866,0.6319596440298483,0.0013380360323935747,0.010744177969172597,0.010791857028380036,11.046383077977225,1.0920730886186005,2482153.0,7856.0,32.0,5000.0,True,False
4,9,15258896911726207817,SLH_DSA_PURE_SHA2_128S,0.08775502897333354,0.0021301029482856393,0.6358465109951794,0.0013431940460577607,0.010850131046026945,0.010898064007051289,10.851162711973302,1.1187796752164318,2482153.0,7856.0,32.0,5000.0,True,False
4,9,2823658558058114159,SLH_DSA_PURE_SHA2_128S,0.09635853604413569,0.0013443509815260768,0.6289807099383324,0.0014678179286420345,0.011074291076511145,0.01114177203271538,10.931232328992337,1.1054431712551482,2482153.0,7856.0,32.0,5000.0,True,False
4,9,14923164556680548925,SLH_DSA_PURE_SHA2_128S,0.11412633094005287,0.001342396019026637,0.6283082740847021,0.0013250680640339851,0.010822602082043886,0.010903725982643664,10.666518601006828,1.100243866443634,2482153.0,7856.0,32.0,5000.0,True,False
4,9,4596257853064441436,SLH_DSA_PURE_SHA2_128S,0.10356591991148889,0.0014303229982033372,0.6685352040221915,0.0012983449269086123,0.01079839700832963,0.010845309006981552,10.66323820699472,1.1445200644480955,2482153.0,7856.0,32.0,5000.0,True,False
4,9,2455671854304246781,SLH_DSA_PURE_SHA2_128S,0.08403397898655385,0.0014808198902755976,0.611650260980241,0.0013240380212664604,0.011488845106214285,0.011540322098881006,6.735796788940206,1.0953770143211268,2482153.0,7856.0,32.0,5000.0,True,False
4,9,9808711409946078185,SLH_DSA_PURE_SHA2_128S,0.0774673119885847,0.0013650109758600593,0.6068031840259209,0.001340894028544426,0.010772960959002376,0.010821289033629,6.643774104071781,1.0989516430599675,2482153.0,7856.0,32.0,5000.0,True,False
4,10,15557009821924498432,SLH_DSA_PURE_SHA2_128S,0.08426368609070778,0.0014661590103060007,0.6291986649157479,0.0010945240501314402,0.010762716992758214,0.010850931983441114,10.844377595931292,1.0600929742406129,2482153.0,7856.0,32.0,5000.0,True,False
4,10,5471660171793934992,SLH_DSA_PURE_SHA2_128S,0.08306870004162192,0.0013818909646943212,0.6385471438989043,0.0010440630139783025,0.010683911037631333,0.01073136506602168,10.85320178209804,1.0570315532623582,2482153.0,7856.0,32.0,5000.0,True,False
4,10,11593352232479114339,SLH_DSA_PURE_SHA2_128S,0.08886343892663717,0.00203363795299083,0.6352408709935844,0.001146406983025372,0.010953960008919239,0.0110139170428738,10.797081614029594,1.0282471033797902,2482153.0,7856.0,32.0,5000.0,True,False
4,10,7605265229193534885,SLH_DSA_PURE_SHA2_128S,0.07994811004027724,0.001403787056915462,0.6359724899521098,0.001036957954056561,0.010703198029659688,0.010750058107078075,10.913134156959131,1.041746470958564,2482153.0,7856.0,32.0,5000.0,True,False
4,10,14923164556680548925,SLH_DSA_PURE_SHA2_128S,0.1861905319383368,0.0023786259116604924,0.654889825033024,0.0011245160130783916,0.010790036991238594,0.0108393490081653,10.797315347008407,1.0486946960163723,2482153.0,7856.0,32.0,5000.0,True,False
4,10,4596257853064441436,SLH_DSA_PURE_SHA2_128S,0.18576089199632406,0.0021587429801002145,0.6545505119720474,0.0010493280133232474,0.011077687027864158,0.011123210075311363,10.756566582014784,1.0730926715264655,2482153.0,7856.0,32.0,5000.0,True,False
4,10,15258896911726207817,SLH_DSA_PURE_SHA2_128S,0.08433847804553807,0.001418840023688972,0.62564054899849,0.001106944982893765,0.010804258985444903,0.010885838069953024,11.025610956014134,1.0728067983487608,2482153.0,7856.0,32.0,5000.0,True,False
4,10,2823658558058114159,SLH_DSA_PURE_SHA2_128S,0.07929964503273368,0.0014839079231023788,0.635725156054832,0.0010360439773648977,0.010772356996312737,0.01081824500579387,10.991000419016927,1.0505654555597124,2482153.0,7856.0,32.0,5000.0,True,False
4,10,9808711409946078185,SLH_DSA_PURE_SHA2_128S,0.08509426400996745,0.001729183946736157,0.6239566730801016,0.0013288629706948996,0.010766022955067456,0.01081888796761632,6.713209780980833,1.0221971058921449,2482153.0,7856.0,32.0,5000.0,True,False
4,10,2455671854304246781,SLH_DSA_PURE_SHA2_128S,0.0770578810479492,0.0014208690263330936,0.6085107559338212,0.0010611680336296558,0.010876743006519973,0.010923672933131456,6.881031448021531,1.0348912257297782,2482153.0,7856.0,32.0,5000.0,True,False
4,11,11593352232479114339,SLH_DSA_PURE_SHA2_128S,0.14247454598080367,0.0018912639934569597,0.6432676929980516,0.0011091280030086637,0.010687721078284085,0.01077133696526289,10.606619635946117,0.9670564822710244,2482153.0,7856.0,32.0,5000.0,True,False
4,11,7605265229193534885,SLH_DSA_PURE_SHA2_128S,0.13665567594580352,0.0017551049822941422,0.636922359932214,0.0010950720170512795,0.010726736043579876,0.010777043062262237,10.730219635996036,0.9882017446171706,2482153.0,7856.0,32.0,5000.0,True,False
4,11,15557009821924498432,SLH_DSA_PURE_SHA2_128S,0.08449747797567397,0.002559831948019564,0.637684301007539,0.0010926140239462256,0.010819960036315024,0.010868077049963176,10.799336254945956,1.0285224096410592,2482153.0,7856.0,32.0,5000.0,True,False
4,11,5471660171793934992,SLH_DSA_PURE_SHA2_128S,0.07973401003982872,0.0013575541088357568,0.6525563780451193,0.0013167880242690444,0.011237735976465046,0.0112922239350155,10.957560645998456,0.9935971589604761,2482153.0,7856.0,32.0,5000.0,True,False
4,11,15258896911726207817,SLH_DSA_PURE_SHA2_128S,0.15928876702673733,0.003340463968925178,0.8252501649549231,0.0010686779860407114,0.010724741965532303,0.010778292082250118,10.592441263026558,1.0071740539590264,2482153.0,7856.0,32.0,5000.0,True,False
4,11,14923164556680548925,SLH_DSA_PURE_SHA2_128S,0.08631910104304552,0.0016605340642854571,0.6341683469945565,0.0011795649770647287,0.01098866609390825,0.011040345998480916,10.890884196967818,0.9791646971824063,2482153.0,7856.0,32.0,5000.0,True,False
4,11,2823658558058114159,SLH_DSA_PURE_SHA2_128S,0.1323901331052184,0.0016536921029910445,0.627959863981232,0.0010835769353434443,0.011012953938916326,0.01108951901551336,10.912487354013138,0.9738947866828578,2482153.0,7856.0,32.0,5000.0,True,False
4,11,4596257853064441436,SLH_DSA_PURE_SHA2_128S,0.07965101895388216,0.0013379619922488928,0.6293449799995869,0.0011207879288122058,0.010910367942415178,0.010976446908898652,10.705845155054703,1.010133047961885,2482153.0,7856.0,32.0,5000.0,True,False
4,11,2455671854304246781,SLH_DSA_PURE_SHA2_128S,0.08548201189842075,0.0027843869756907225,0.6437542079947889,0.001066862023435533,0.011315559968352318,0.011390233994461596,6.447652286035009,0.9980846546637784,2482153.0,7856.0,32.0,5000.0,True,False
4,11,9808711409946078185,SLH_DSA_PURE_SHA2_128S,0.07741117000114173,0.001433751080185175,0.6061005509691313,0.0011344230733811855,0.010768511914648116,0.010817758971825242,6.664958136971109,0.9828830177237273,2482153.0,7856.0,32.0,5000.0,True,False
4,12,11593352232479114339,SLH_DSA_PURE_SHA2_128S,0.08732028910890222,0.0016825930215418339,0.631243008072488,0.0013702160213142633,0.010807265993207693,0.01095894305035472,10.790745169040747,0.9290187715724775,2482153.0,7856.0,32.0,5000.0,True,False
4,12,5471660171793934992,SLH_DSA_PURE_SHA2_128S,0.07987422298174351,0.0013437550514936447,0.628433826030232,0.0011187809286639094,0.010856241919100285,0.010905700968578458,10.81385139201302,0.9444731887738416,2482153.0,7856.0,32.0,5000.0,True,False
4,12,7605265229193534885,SLH_DSA_PURE_SHA2_128S,0.12538779992610216,0.0014086849987506866,0.6274958369322121,0.00110067508649081,0.010679436032660306,0.010727050947025418,10.87550693610683,0.9387576828716667,2482153.0,7856.0,32.0,5000.0,True,False
4,12,15557009821924498432,SLH_DSA_PURE_SHA2_128S,0.13529766199644655,0.0015304170083254576,0.6357434379169717,0.0010892989812418818,0.010801181080751121,0.010849203099496663,10.72692889010068,0.9742500320741325,2482153.0,7856.0,32.0,5000.0,True,False
4,12,15258896911726207817,SLH_DSA_PURE_SHA2_128S,0.16190955508500338,0.0032098169904202223,0.7394934510812163,0.0011140248971059918,0.010820158058777452,0.010869002901017666,10.866923441062681,0.9605237105090147,2482153.0,7856.0,32.0,5000.0,True,False
4,12,14923164556680548925,SLH_DSA_PURE_SHA2_128S,0.08311758399941027,0.001508892048150301,0.6307862940011546,0.0010925439419224858,0.010716368909925222,0.010774445021525025,10.900297441985458,0.9246435081882841,2482153.0,7856.0,32.0,5000.0,True,False
4,12,4596257853064441436,SLH_DSA_PURE_SHA2_128S,0.08269595599267632,0.001328338054008782,0.6273246560012922,0.0011909960303455591,0.010870072990655899,0.01095134299248457,10.876992151956074,0.955480977038669,2482153.0,7856.0,32.0,5000.0,True,False
4,12,2823658558058114159,SLH_DSA_PURE_SHA2_128S,0.09545695700217038,0.0013678689720109105,0.6362442679237574,0.0010870980331674218,0.010833065025508404,0.010880801011808217,10.962763717980124,0.9422465042703471,2482153.0,7856.0,32.0,5000.0,True,False
4,12,9808711409946078185,SLH_DSA_PURE_SHA2_128S,0.08576076803728938,0.0014867170248180628,0.6097522550262511,0.00112050399184227,0.010782522964291275,0.010841737035661936,6.427621714072302,0.9255251571251328,2482153.0,7856.0,32.0,5000.0,True,False
4,12,2455671854304246781,SLH_DSA_PURE_SHA2_128S,0.07691743096802384,0.0014379919739440084,0.6077985420124605,0.0011308109387755394,0.01064796291757375,0.010698522091843188,6.641980467014946,0.9339321975115757,2482153.0,7856.0,32.0,5000.0,True,False
4,13,7605265229193534885,SLH_DSA_PURE_SHA2_128S,0.1500070079928264,0.0017235300038009882,0.6261817149352282,0.0013225029688328505,0.010694423108361661,0.010784512967802584,10.951803302043118,0.8932452137303201,2482153.0,7856.0,32.0,5000.0,True,False
4,13,5471660171793934992,SLH_DSA_PURE_SHA2_128S,0.17527472495567054,0.0016863570781424642,0.7549345990410075,0.0015525870257988572,0.010818508104421198,0.01102154201362282,10.840583994984627,0.9018601982077216,2482153.0,7856.0,32.0,5000.0,True,False
4,13,15557009821924498432,SLH_DSA_PURE_SHA2_128S,0.08006041205953807,0.0013411319814622402,0.6308087479555979,0.0012908410280942917,0.010977398022077978,0.011026754043996334,11.092251738999039,0.935812677927078,2482153.0,7856.0,32.0,5000.0,True,False
4,13,11593352232479114339,SLH_DSA_PURE_SHA2_128S,0.1839911489514634,0.0015757499495521188,0.737917304970324,0.0013410849496722221,0.010698996018618345,0.010746738989837468,10.898390994989313,0.8796652479536214,2482153.0,7856.0,32.0,5000.0,True,False
4,13,14923164556680548925,SLH_DSA_PURE_SHA2_128S,0.08609735500067472,0.0013405269710347056,0.6321919319452718,0.001280725933611393,0.010853231069631875,0.010900152963586152,10.787599412957206,0.8797732318282887,2482153.0,7856.0,32.0,5000.0,True,False
4,13,15258896911726207817,SLH_DSA_PURE_SHA2_128S,0.08589519397355616,0.0014863940887153149,0.6295803369721398,0.0013538029743358493,0.01133456698153168,0.011382575961761177,10.917109142057598,0.8996948895940355,2482153.0,7856.0,32.0,5000.0,True,False
4,13,2823658558058114159,SLH_DSA_PURE_SHA2_128S,0.1054979459149763,0.0013910699635744095,0.6544667319394648,0.0013202440459281206,0.01108908699825406,0.011170560028403997,10.790531875914894,0.8809677717412353,2482153.0,7856.0,32.0,5000.0,True,False
4,13,4596257853064441436,SLH_DSA_PURE_SHA2_128S,0.07990113506093621,0.001478735008276999,0.6322755989385769,0.0013040740741416812,0.01079684600699693,0.010845042066648602,10.808024566038512,0.9008690099807302,2482153.0,7856.0,32.0,5000.0,True,False
4,13,2455671854304246781,SLH_DSA_PURE_SHA2_128S,0.0773838390596211,0.0014192330418154597,0.6085908269742504,0.0017405840335413814,0.010754586081020534,0.0108077940531075,6.900463504018262,0.8982480082921921,2482153.0,7856.0,32.0,5000.0,True,False
4,13,9808711409946078185,SLH_DSA_PURE_SHA2_128S,0.08076782699208707,0.0014525139704346657,0.6101190319750458,0.0013188220327720046,0.010770497028715909,0.01081776898354292,6.841458557988517,0.8746229336140262,2482153.0,7856.0,32.0,5000.0,True,False
4,14,5471660171793934992,SLH_DSA_PURE_SHA2_128S,0.08472118095960468,0.0017295789439231157,0.6439145799959078,0.0010382059263065457,0.01070643903221935,0.010789133026264608,10.855761824990623,0.8518630045994072,2482153.0,7856.0,32.0,5000.0,True,False
4,14,11593352232479114339,SLH_DSA_PURE_SHA2_128S,0.14872935798484832,0.0027419719845056534,0.6812208950286731,0.0011008309666067362,0.01078206009697169,0.01083356305025518,10.697813417064026,0.8481355951090527,2482153.0,7856.0,32.0,5000.0,True,False
4,14,7605265229193534885,SLH_DSA_PURE_SHA2_128S,0.08593735203612596,0.0015321780228987336,0.6336377069819719,0.001073347986675799,0.010653974954038858,0.010697290999814868,10.872611201950349,0.8313168401171447,2482153.0,7856.0,32.0,5000.0,True,False
4,14,15557009821924498432,SLH_DSA_PURE_SHA2_128S,0.07962040393613279,0.0013725439785048366,0.6315553809981793,0.0010447539389133453,0.01073735801037401,0.010787385981529951,10.95427916792687,0.8828703079633652,2482153.0,7856.0,32.0,5000.0,True,False
4,14,14923164556680548925,SLH_DSA_PURE_SHA2_128S,0.08549502992536873,0.001979551976546645,0.6355091469595209,0.0011038261000066996,0.010637382976710796,0.010684692999348044,10.861291147070006,0.8243150468085222,2482153.0,7856.0,32.0,5000.0,True,False
4,14,15258896911726207817,SLH_DSA_PURE_SHA2_128S,0.1714920080266893,0.002386267064139247,0.6482605820056051,0.0010578240035101771,0.010747403954155743,0.010795786045491695,11.017228842014447,0.859819675137283,2482153.0,7856.0,32.0,5000.0,True,False
4,14,2823658558058114159,SLH_DSA_PURE_SHA2_128S,0.15197616594377905,0.0015721479430794716,0.6378211440751329,0.0010557540226727724,0.01092243508901447,0.01101636397652328,10.940001036971807,0.853266597078864,2482153.0,7856.0,32.0,5000.0,True,False
4,14,4596257853064441436,SLH_DSA_PURE_SHA2_128S,0.07979949191212654,0.001347813056781888,0.6528629679232836,0.001429856987670064,0.011388866929337382,0.011448601959273219,11.043327576946467,0.8797060866264781,2482153.0,7856.0,32.0,5000.0,True,False
4,14,9808711409946078185,SLH_DSA_PURE_SHA2_128S,0.08477846893947572,0.0022092859726399183,0.6327988129341975,0.0010162669932469726,0.010724375024437904,0.010768941952846944,6.27103005500976,0.8343055939218801,2482153.0,7856.0,32.0,5000.0,True,False
4,14,2455671854304246781,SLH_DSA_PURE_SHA2_128S,0.07661105110310018,0.001530664972960949,0.6074228039942682,0.0010580780217424035,0.010753885959275067,0.010803348035551608,6.719396624015644,0.8409041394093993,2482153.0,7856.0,32.0,5000.0,True,False
4,15,15557009821924498432,SLH_DSA_PURE_SHA2_128S,0.15650707995519042,0.004066356923431158,0.6600286969915032,0.0013695539673790336,0.010945360059849918,0.011036354000680149,10.53249294590205,0.8318565421423335,2482153.0,7856.0,32.0,5000.0,True,False
4,15,11593352232479114339,SLH_DSA_PURE_SHA2_128S,0.08537144598085433,0.0017295300494879484,0.6397709189914167,0.0010326160117983818,0.01079792797099799,0.010842805029824376,10.700546054984443,0.7951115493182164,2482153.0,7856.0,32.0,5000.0,True,False
4,15,7605265229193534885,SLH_DSA_PURE_SHA2_128S,0.08421726210508496,0.0016566180856898427,0.6340738179860637,0.0013035460142418742,0.010771300992928445,0.010818968992680311,10.820280112908222,0.8021860306809663,2482153.0,7856.0,32.0,5000.0,True,False
4,15,5471660171793934992,SLH_DSA_PURE_SHA2_128S,0.08003137004561722,0.0013364870101213455,0.6349655699450523,0.0010330950608476996,0.010772128938697278,0.010815699934028089,10.96968740306329,0.818907387886837,2482153.0,7856.0,32.0,5000.0,True,False
4,15,15258896911726207817,SLH_DSA_PURE_SHA2_128S,0.10554085101466626,0.002273811027407646,0.6771664229454473,0.001375352032482624,0.010784342885017395,0.01083308202214539,10.576280188048258,0.8160088305260725,2482153.0,7856.0,32.0,5000.0,True,False
4,15,14923164556680548925,SLH_DSA_PURE_SHA2_128S,0.08600461203604937,0.0015471969963982701,0.6442604899639264,0.0010364869376644492,0.011132332030683756,0.011177259963005781,10.702587569947354,0.8010177058019455,2482153.0,7856.0,32.0,5000.0,True,False
4,15,2823658558058114159,SLH_DSA_PURE_SHA2_128S,0.08414385502692312,0.001750802039168775,0.6295894091017544,0.0013328860513865948,0.01090237800963223,0.010983434040099382,11.022058253991418,0.8005872610837791,2482153.0,7856.0,32.0,5000.0,True,False
4,15,4596257853064441436,SLH_DSA_PURE_SHA2_128S,0.07989772001747042,0.001319780945777893,0.6484483090462163,0.0010265849996358156,0.010948738898150623,0.010992883006110787,10.829758001957089,0.835703766459872,2482153.0,7856.0,32.0,5000.0,True,False
4,15,2455671854304246781,SLH_DSA_PURE_SHA2_128S,0.08544464700389653,0.0017658009892329574,0.6393687449162826,0.0013233590871095657,0.01069834001827985,0.010745787061750889,6.639360837987624,0.8098284045981753,2482153.0,7856.0,32.0,5000.0,True,False
4,15,9808711409946078185,SLH_DSA_PURE_SHA2_128S,0.07676657196134329,0.00135508191306144,0.6042375779943541,0.0011040490353479981,0.010707202018238604,0.010752724949270487,6.6351120920153335,0.8009710621302295,2482153.0,7856.0,32.0,5000.0,True,False
4,16,11593352232479114339,SLH_DSA_PURE_SHA2_128S,0.0870501269819215,0.0033077410189434886,0.6496813679113984,0.0010797989089041948,0.010766008985228837,0.010845532058738172,10.543313540983945,0.761389459204522,2482153.0,7856.0,32.0,5000.0,True,False
4,16,5471660171793934992,SLH_DSA_PURE_SHA2_128S,0.14864901592954993,0.002420042990706861,0.6591353460680693,0.0010879989713430405,0.010723148938268423,0.010774054913781583,10.54602764500305,0.7799103950998586,2482153.0,7856.0,32.0,5000.0,True,False
4,16,7605265229193534885,SLH_DSA_PURE_SHA2_128S,0.0839859270490706,0.0014889290323480964,0.6322412709705532,0.001052464940585196,0.01082571700681001,0.010869513032957911,10.778495201957412,0.78079767572652,2482153.0,7856.0,32.0,5000.0,True,False
4,16,15557009821924498432,SLH_DSA_PURE_SHA2_128S,0.07960525900125504,0.0013495560269802809,0.6324529220582917,0.0010753748938441277,0.010671571013517678,0.010720035061240196,10.89578009804245,0.8120543282882423,2482153.0,7856.0,32.0,5000.0,True,False
4,16,4596257853064441436,SLH_DSA_PURE_SHA2_128S,0.08341610711067915,0.001371158054098487,0.6295325739774853,0.001231457106769085,0.010820587980560958,0.010867513017728925,10.596012498019263,0.7977225027836052,2482153.0,7856.0,32.0,5000.0,True,False
4,16,15258896911726207817,SLH_DSA_PURE_SHA2_128S,0.11860979406628758,0.001505482941865921,0.627922301995568,0.0011204490438103676,0.010708561050705612,0.010765223065391183,11.071466234978288,0.7888878282088383,2482153.0,7856.0,32.0,5000.0,True,False
4,16,2823658558058114159,SLH_DSA_PURE_SHA2_128S,0.13037442800123245,0.0014939260436221957,0.6361374940024689,0.001061611925251782,0.010892741032876074,0.01096718106418848,10.967896600952372,0.762037018966523,2482153.0,7856.0,32.0,5000.0,True,False
4,16,14923164556680548925,SLH_DSA_PURE_SHA2_128S,0.10400461091194302,0.0013767860364168882,0.6289422570262104,0.0011082949349656701,0.010744539089500904,0.010793367051519454,10.800644618924707,0.7501864270989302,2482153.0,7856.0,32.0,5000.0,True,False
4,16,9808711409946078185,SLH_DSA_PURE_SHA2_128S,0.08058463409543037,0.0017739350441843271,0.6051099059404805,0.001051192986778915,0.01108045200817287,0.011126274010166526,6.672485930030234,0.7673525510320238,2482153.0,7856.0,32.0,5000.0,True,False
4,16,2455671854304246781,SLH_DSA_PURE_SHA2_128S,0.07776991894934326,0.001443836954422295,0.609240849968046,0.0010806319769471884,0.010778769035823643,0.010831814026460052,6.742005240987055,0.7738512763931493,2482153.0,7856.0,32.0,5000.0,True,False
4,17,11593352232479114339,SLH_DSA_PURE_SHA2_128S,0.08716854592785239,0.0016537500778213143,0.631497199065052,0.001029861974529922,0.01077200099825859,0.01084998098667711,10.715535831986926,0.7276388658269956,2482153.0,7856.0,32.0,5000.0,True,False
4,17,15557009821924498432,SLH_DSA_PURE_SHA2_128S,0.08344954100903124,0.0014059800887480378,0.6326633670832962,0.0011459579691290855,0.010688475100323558,0.01073822588659823,10.805083338986151,0.7519761733948045,2482153.0,7856.0,32.0,5000.0,True,False
4,17,5471660171793934992,SLH_DSA_PURE_SHA2_128S,0.08254921797197312,0.0014598430134356022,0.6287702199770138,0.0010533230379223824,0.01073673099745065,0.010800768039189279,10.846150991972536,0.7397067245024784,2482153.0,7856.0,32.0,5000.0,True,False
4,17,7605265229193534885,SLH_DSA_PURE_SHA2_128S,0.08053315302822739,0.001401545014232397,0.6338381550740451,0.001080042915418744,0.010795312002301216,0.010857125977054238,10.907764983014204,0.7385177389261829,2482153.0,7856.0,32.0,5000.0,True,False
4,17,15258896911726207817,SLH_DSA_PURE_SHA2_128S,0.13282941398210824,0.003056230954825878,0.6532526549417526,0.0010508099803701043,0.010716218035668135,0.010760445962660015,10.76971462299116,0.7455563848944986,2482153.0,7856.0,32.0,5000.0,True,False
4,17,2823658558058114159,SLH_DSA_PURE_SHA2_128S,0.14543102902825922,0.0021264770766720176,0.6827410300029442,0.0010914939921349287,0.01070460001938045,0.010752758011221886,10.775870822020806,0.7372921554336123,2482153.0,7856.0,32.0,5000.0,True,False
4,17,14923164556680548925,SLH_DSA_PURE_SHA2_128S,0.08484655688516796,0.0016632250044494867,0.632007137988694,0.0010643129935488105,0.010893624974414706,0.010971831041388214,10.934075324912556,0.7398410454677169,2482153.0,7856.0,32.0,5000.0,True,False
4,17,4596257853064441436,SLH_DSA_PURE_SHA2_128S,0.07945614005438983,0.0013443579664453864,0.6311271090526134,0.001323067001067102,0.010687237023375928,0.010756838019005954,10.976879299036227,0.7660608475754975,2482153.0,7856.0,32.0,5000.0,True,False
4,17,2455671854304246781,SLH_DSA_PURE_SHA2_128S,0.08484575001057237,0.0016867200611159205,0.6577239540638402,0.0010540049988776445,0.010700484970584512,0.010744683910161257,6.470240092952736,0.7360580101324494,2482153.0,7856.0,32.0,5000.0,True,False
4,17,9808711409946078185,SLH_DSA_PURE_SHA2_128S,0.07764753908850253,0.001341074937954545,0.6033538770861924,0.0010910449782386422,0.010793453082442284,0.010843259049579501,6.866078709950671,0.7357194589771283,2482153.0,7856.0,32.0,5000.0,True,False
4,18,15557009821924498432,SLH_DSA_PURE_SHA2_128S,0.0864001139998436,0.0014534960500895977,0.636102449032478,0.0011168740456923842,0.010853399988263845,0.010934929945506155,10.725120112998411,0.7160653499471155,2482153.0,7856.0,32.0,5000.0,True,False
4,18,11593352232479114339,SLH_DSA_PURE_SHA2_128S,0.08607673598453403,0.0019493040163069963,0.6403904058970511,0.001083335024304688,0.011333146947436035,0.011384674930013716,10.74818564299494,0.703896176663174,2482153.0,7856.0,32.0,5000.0,True,False
4,18,7605265229193534885,SLH_DSA_PURE_SHA2_128S,0.08166643499862403,0.0014358989428728819,0.6336503579514101,0.001159114995971322,0.010673895012587309,0.010719184996560216,10.828797389985994,0.7023880663001614,2482153.0,7856.0,32.0,5000.0,True,False
4,18,5471660171793934992,SLH_DSA_PURE_SHA2_128S,0.08061883901245892,0.0014334459556266665,0.634981707087718,0.0010975180193781853,0.010868145967833698,0.010917071020230651,10.760955302976072,0.7093406183894273,2482153.0,7856.0,32.0,5000.0,True,False
4,18,14923164556680548925,SLH_DSA_PURE_SHA2_128S,0.08485665393527597,0.001617319998331368,0.6417439709184691,0.0011369440471753478,0.010668954928405583,0.010714087984524667,10.512516879942268,0.6997193360974074,2482153.0,7856.0,32.0,5000.0,True,False
4,18,2823658558058114159,SLH_DSA_PURE_SHA2_128S,0.1580505600431934,0.0020101139089092612,0.794470046996139,0.0010958140483126044,0.010726434993557632,0.010775330010801554,10.488261174992658,0.7058583550202618,2482153.0,7856.0,32.0,5000.0,True,False
4,18,15258896911726207817,SLH_DSA_PURE_SHA2_128S,0.08508938294835389,0.0016787979984655976,0.646117347991094,0.001132766017690301,0.010783980949781835,0.010861342074349523,10.674996560905129,0.7239228274412216,2482153.0,7856.0,32.0,5000.0,True,False
4,18,4596257853064441436,SLH_DSA_PURE_SHA2_128S,0.08859988197218627,0.001405760063789785,0.6291639900300652,0.0010777019197121263,0.010919066029600799,0.010967775015160441,10.687785507994704,0.7258730391218404,2482153.0,7856.0,32.0,5000.0,True,False
4,18,2455671854304246781,SLH_DSA_PURE_SHA2_128S,0.07919802702963352,0.0013657030649483204,0.607806264073588,0.0011162440059706569,0.01118375698570162,0.011243093991652131,6.821093222941272,0.6989022470583581,2482153.0,7856.0,32.0,5000.0,True,False
4,18,9808711409946078185,SLH_DSA_PURE_SHA2_128S,0.07732049899641424,0.0013822440523654222,0.6093313409946859,0.001123419962823391,0.010677167912945151,0.010727104032412171,6.801019873004407,0.7030768342268695,2482153.0,7856.0,32.0,5000.0,True,False
4,19,5471660171793934992,SLH_DSA_PURE_SHA2_128S,0.08726922504138201,0.0022933819564059377,0.6883957639802247,0.0010886089876294136,0.010756670031696558,0.0108434819849208,10.623376342002302,0.6746357291177579,2482153.0,7856.0,32.0,5000.0,True,False
4,19,15557009821924498432,SLH_DSA_PURE_SHA2_128S,0.12578304496128112,0.0015168179525062442,0.6999380741035566,0.0011932899942621589,0.01088926603551954,0.010941185988485813,10.61207856994588,0.686938699263676,2482153.0,7856.0,32.0,5000.0,True,False
4,19,11593352232479114339,SLH_DSA_PURE_SHA2_128S,0.1662016990594566,0.0017861580708995461,0.794146176893264,0.0012368960306048393,0.010791064007207751,0.01083758904132992,10.412022580974735,0.6702918411250327,2482153.0,7856.0,32.0,5000.0,True,False
4,19,7605265229193534885,SLH_DSA_PURE_SHA2_128S,0.08010447095148265,0.0014101739507168531,0.7753063340205699,0.0010841629700735211,0.010775089962407947,0.010824072058312595,10.596861909958534,0.6535892185701686,2482153.0,7856.0,32.0,5000.0,True,False
4,19,15258896911726207817,SLH_DSA_PURE_SHA2_128S,0.08714406890794635,0.0024125700583681464,0.7432956730481237,0.0010123230749741197,0.010752090020105243,0.010793345980346203,10.490971555002034,0.6926646200334949,2482153.0,7856.0,32.0,5000.0,True,False
4,19,2823658558058114159,SLH_DSA_PURE_SHA2_128S,0.16407396795693785,0.0016443909844383597,0.6919618140673265,0.0010901829227805138,0.010780837968923151,0.01082925300579518,10.696024382021278,0.6624912080965983,2482153.0,7856.0,32.0,5000.0,True,False
4,19,4596257853064441436,SLH_DSA_PURE_SHA2_128S,0.1129638550337404,0.0014188840286806226,0.7113782279193401,0.001113761099986732,0.010810962063260376,0.010885194991715252,10.533589713973925,0.6667002384450026,2482153.0,7856.0,32.0,5000.0,True,False
4,19,14923164556680548925,SLH_DSA_PURE_SHA2_128S,0.12049267592374235,0.0021285340189933777,1.0510733840055764,0.0011138849658891559,0.010717442957684398,0.010767670115455985,10.565391788026318,0.668459195904671,2482153.0,7856.0,32.0,5000.0,True,False
4,19,2455671854304246781,SLH_DSA_PURE_SHA2_128S,0.0853712719399482,0.0021159950410947204,0.6381168860243633,0.0010213720379397273,0.010780837968923151,0.010822470067068934,6.3887504659360275,0.6582341838604325,2482153.0,7856.0,32.0,5000.0,True,False
4,19,9808711409946078185,SLH_DSA_PURE_SHA2_128S,0.07788528909441084,0.0013956130715087056,0.6077707500662655,0.0011932390043511987,0.010746456915512681,0.010796604910865426,6.224767460022122,0.6565421811144823,2482153.0,7856.0,32.0,5000.0,True,False
4,20,5471660171793934992,SLH_DSA_PURE_SHA2_128S,0.14562196505721658,0.0016356500564143062,0.6821121659595519,0.0010672680800780654,0.010892069898545742,0.010973858064971864,10.459845038014464,0.6483631972104881,2482153.0,7856.0,32.0,5000.0,True,False
4,20,11593352232479114339,SLH_DSA_PURE_SHA2_128S,0.08386962302029133,0.0014272889820858836,0.6520409999648109,0.0011384050594642758,0.010680142091587186,0.010732971946708858,10.614677058998495,0.6559492555583358,2482153.0,7856.0,32.0,5000.0,True,False
4,20,15557009821924498432,SLH_DSA_PURE_SHA2_128S,0.16722059401217848,0.0016179579542949796,0.9505573300411925,0.0011033701011911035,0.010858552996069193,0.010904944967478514,10.595932262949646,0.6512425730752337,2482153.0,7856.0,32.0,5000.0,True,False
4,20,7605265229193534885,SLH_DSA_PURE_SHA2_128S,0.17379498400259763,0.0016368330689147115,0.8231914460193366,0.0011394629254937172,0.010716772056184709,0.010766206891275942,10.606128543964587,0.6553999554769249,2482153.0,7856.0,32.0,5000.0,True,False
4,20,15258896911726207817,SLH_DSA_PURE_SHA2_128S,0.15904171706642956,0.002177066053263843,0.8639390439493582,0.001097366912290454,0.010905353003181517,0.01094902097247541,10.649231690913439,0.6496660976083415,2482153.0,7856.0,32.0,5000.0,True,False
4,20,4596257853064441436,SLH_DSA_PURE_SHA2_128S,0.10719200898893178,0.0018817329546436667,0.8586457299534231,0.0011280749458819628,0.010686742956750095,0.010734846000559628,10.490505667985417,0.6509285924635875,2482153.0,7856.0,32.0,5000.0,True,False
4,20,2823658558058114159,SLH_DSA_PURE_SHA2_128S,0.19000134302768856,0.0016227599699050188,0.9169780659722164,0.0010722189908847213,0.010910414974205196,0.010987640009261668,10.797173724975437,0.6587523160751458,2482153.0,7856.0,32.0,5000.0,True,False
4,20,14923164556680548925,SLH_DSA_PURE_SHA2_128S,0.0794971960131079,0.001447606016881764,0.7208671829430386,0.001113886944949627,0.010672246105968952,0.010721548926085234,10.828576665953733,0.6235537833184194,2482153.0,7856.0,32.0,5000.0,True,False
4,20,2455671854304246781,SLH_DSA_PURE_SHA2_128S,0.08465260604862124,0.0018396750092506409,0.6367660340620205,0.0010654110228642821,0.010674350894987583,0.010719165089540184,6.185910140979104,0.6511776328656325,2482153.0,7856.0,32.0,5000.0,True,False
4,20,9808711409946078185,SLH_DSA_PURE_SHA2_128S,0.07695711706764996,0.0013549569994211197,0.6067279929993674,0.0010939029743894935,0.010877695982344449,0.010927757015451789,6.229551246971823,0.646479918224037,2482153.0,7856.0,32.0,5000.0,True,False
4,21,5471660171793934992,SLH_DSA_PURE_SHA2_128S,0.1385740990517661,0.002235057996585965,0.6433915609959513,0.001040473929606378,0.010721708997152746,0.010807828977704048,10.584496947005391,0.6007501487709155,2482153.0,7856.0,32.0,5000.0,True,False
4,21,7605265229193534885,SLH_DSA_PURE_SHA2_128S,0.12036206701304764,0.0015688419807702303,0.6647342200158164,0.0011384430108591914,0.010709997965022922,0.010756987961940467,10.68080568104051,0.6231672114627377,2482153.0,7856.0,32.0,5000.0,True,False
4,21,11593352232479114339,SLH_DSA_PURE_SHA2_128S,0.16219939198344946,0.0023430340224877,0.6844802210107446,0.0010750190122053027,0.010631397017277777,0.010676304926164448,10.707892825012095,0.6058754118479741,2482153.0,7856.0,32.0,5000.0,True,False
4,21,15557009821924498432,SLH_DSA_PURE_SHA2_128S,0.09957284503616393,0.0014146199682727456,0.6342157969484106,0.001177715021185577,0.010685745044611394,0.010733265080489218,10.928473721025512,0.6388364823855412,2482153.0,7856.0,32.0,5000.0,True,False
4,21,2823658558058114159,SLH_DSA_PURE_SHA2_128S,0.086140058003366,0.002467636950314045,0.6348333399510011,0.0010603949194774032,0.010727263055741787,0.010771707980893552,10.75654139695689,0.6128156437141121,2482153.0,7856.0,32.0,5000.0,True,False
4,21,15258896911726207817,SLH_DSA_PURE_SHA2_128S,0.15308298799209297,0.0033297260524705052,0.7128196519333869,0.0011701489565894008,0.010732533992268145,0.010778781026601791,10.720158094074577,0.6268336892033078,2482153.0,7856.0,32.0,5000.0,True,False
4,21,4596257853064441436,SLH_DSA_PURE_SHA2_128S,0.08043920795898885,0.001425820984877646,0.6484474620083347,0.0010704160667955875,0.010818129987455904,0.010892524966038764,10.756974611082114,0.6027195024642216,2482153.0,7856.0,32.0,5000.0,True,False
4,21,14923164556680548925,SLH_DSA_PURE_SHA2_128S,0.11597905389498919,0.0014203169848769903,0.6337425479432568,0.0011676839785650373,0.010648672003298998,0.010695367935113609,10.826082963030785,0.6081643635110491,2482153.0,7856.0,32.0,5000.0,True,False
4,21,2455671854304246781,SLH_DSA_PURE_SHA2_128S,0.08347050496377051,0.00150910799857229,0.6086923129623756,0.001061966991983354,0.010769568965770304,0.010812816908583045,6.424102989956737,0.6009489946352069,2482153.0,7856.0,32.0,5000.0,True,False
4,21,9808711409946078185,SLH_DSA_PURE_SHA2_128S,0.07690327300224453,0.0014451909810304642,0.6121820139233023,0.0011370610445737839,0.010689120041206479,0.010734669049270451,6.4271190910367295,0.6354875777652309,2482153.0,7856.0,32.0,5000.0,True,False
4,22,5471660171793934992,SLH_DSA_PURE_SHA2_128S,0.08698966295924038,0.0035620180424302816,0.662422742927447,0.0010728860506787896,0.010807732003740966,0.010889558005146682,10.721363655058667,0.5860578797425434,2482153.0,7856.0,32.0,5000.0,True,False
4,22,15557009821924498432,SLH_DSA_PURE_SHA2_128S,0.11659662798047066,0.001556640025228262,0.641828118939884,0.0010921279899775982,0.010728763067163527,0.010777286952361465,10.946549360989593,0.6307710215781525,2482153.0,7856.0,32.0,5000.0,True,False
4,22,7605265229193534885,SLH_DSA_PURE_SHA2_128S,0.139925507013686,0.0014439939986914396,0.635384994908236,0.0010889050317928195,0.01113929902203381,0.011180933099240065,11.038661019993015,0.5898338691539066,2482153.0,7856.0,32.0,5000.0,True,False
4,22,11593352232479114339,SLH_DSA_PURE_SHA2_128S,0.09915863606147468,0.0014080520486459136,0.6307130419882014,0.0010540980147197843,0.010846170014701784,0.010889549972489476,11.103422748972662,0.5962440297007561,2482153.0,7856.0,32.0,5000.0,True,False
4,22,15258896911726207817,SLH_DSA_PURE_SHA2_128S,0.1628921909723431,0.003338357084430754,0.8415966560132802,0.0011379639618098736,0.010912940022535622,0.010961074964143336,10.665872895973735,0.5913988829703088,2482153.0,7856.0,32.0,5000.0,True,False
4,22,2823658558058114159,SLH_DSA_PURE_SHA2_128S,0.08596637402661145,0.0019999779760837555,0.6436434530187398,0.0010798650328069925,0.010729521978646517,0.010815337998792529,10.792335423990153,0.6046106399149652,2482153.0,7856.0,32.0,5000.0,True,False
4,22,4596257853064441436,SLH_DSA_PURE_SHA2_128S,0.0792523289564997,0.0013328740606084466,0.6312971740262583,0.0011364470701664686,0.010905115981586277,0.010983824031427503,10.730693947989494,0.5956638314446826,2482153.0,7856.0,32.0,5000.0,True,False
4,22,14923164556680548925,SLH_DSA_PURE_SHA2_128S,0.12556595297064632,0.0014720309991389513,0.6762111989082769,0.001082089962437749,0.010651384945958853,0.010696604033000767,10.687887303065509,0.5886462482677144,2482153.0,7856.0,32.0,5000.0,True,False
4,22,2455671854304246781,SLH_DSA_PURE_SHA2_128S,0.08484050701372325,0.002274914993904531,0.6231173720443621,0.0011229310184717178,0.010821341071277857,0.010867265984416008,6.205108201946132,0.5893714149144424,2482153.0,7856.0,32.0,5000.0,True,False
4,22,9808711409946078185,SLH_DSA_PURE_SHA2_128S,0.07688701502047479,0.001438264036551118,0.6072319049853832,0.0011226809583604336,0.010940223932266235,0.010984667926095426,6.301436053938232,0.6114628411307457,2482153.0,7856.0,32.0,5000.0,True,False
4,23,7605265229193534885,SLH_DSA_PURE_SHA2_128S,0.14291369798593223,0.003955664928071201,0.7313338270178065,0.0012669379357248545,0.010750719928182662,0.01083847600966692,10.651934816967696,0.5639825218422397,2482153.0,7856.0,32.0,5000.0,True,False
4,23,11593352232479114339,SLH_DSA_PURE_SHA2_128S,0.08255544502753764,0.0013261990388855338,0.6348691859748214,0.0010664990404620767,0.010651493910700083,0.010695495060645044,10.997839283081703,0.5822958103885316,2482153.0,7856.0,32.0,5000.0,True,False
4,23,5471660171793934992,SLH_DSA_PURE_SHA2_128S,0.08371365407947451,0.0014891930622979999,0.629676807904616,0.0013845720095559955,0.010653240024112165,0.010699686012230814,10.983449494931847,0.5862576150258255,2482153.0,7856.0,32.0,5000.0,True,False
4,23,15557009821924498432,SLH_DSA_PURE_SHA2_128S,0.07952552800998092,0.001480625942349434,0.6316234449623153,0.0010652210330590606,0.010732914903201163,0.010775738046504557,11.047820347943343,0.6025522555325441,2482153.0,7856.0,32.0,5000.0,True,False
4,23,15258896911726207817,SLH_DSA_PURE_SHA2_128S,0.13687788404058665,0.001496562035754323,0.6283561830641702,0.0012766598956659436,0.010710102040320635,0.0107541149482131,11.221653224085458,0.5798436789803064,2482153.0,7856.0,32.0,5000.0,True,False
4,23,14923164556680548925,SLH_DSA_PURE_SHA2_128S,0.08238745003473014,0.0013621069956570864,0.6326989469816908,0.001020119059830904,0.010716635966673493,0.010757580981589854,10.980905000935309,0.5849518151419937,2482153.0,7856.0,32.0,5000.0,True,False
4,23,4596257853064441436,SLH_DSA_PURE_SHA2_128S,0.08127633098047227,0.0014167239423841238,0.6318132410524413,0.0013097510673105717,0.010813038912601769,0.010890687932260334,10.924379810108803,0.5649161289214708,2482153.0,7856.0,32.0,5000.0,True,False
4,23,2823658558058114159,SLH_DSA_PURE_SHA2_128S,0.07959016598761082,0.0016560620861127973,0.6312912260182202,0.0010071039432659745,0.010761545039713383,0.010803400073200464,11.064625791972503,0.5610777285116114,2482153.0,7856.0,32.0,5000.0,True,False
4,23,2455671854304246781,SLH_DSA_PURE_SHA2_128S,0.07693802996072918,0.0013918830081820488,0.6096542879240587,0.0013145220000296831,0.010721475002355874,0.01076772203668952,6.18135713704396,0.5596012578933103,2482153.0,7856.0,32.0,5000.0,True,False
4,23,9808711409946078185,SLH_DSA_PURE_SHA2_128S,0.07889124902430922,0.00144302099943161,0.6073555300245062,0.0010324920294806361,0.010805231984704733,0.010847409954294562,6.109721838030964,0.5659856619254039,2482153.0,7856.0,32.0,5000.0,True,False
4,24,11593352232479114339,SLH_DSA_PURE_SHA2_128S,0.08701753406785429,0.0016962079098448157,0.6434515989385545,0.0012724419357255101,0.01097399601712823,0.011050043045543134,10.687564758001827,0.5635450096907699,2482153.0,7856.0,32.0,5000.0,True,False
4,24,15557009821924498432,SLH_DSA_PURE_SHA2_128S,0.1504019940039143,0.001893565058708191,0.6774737699888647,0.0012576490407809615,0.011063084937632084,0.01110670599155128,10.666910310974345,0.5672734732365912,2482153.0,7856.0,32.0,5000.0,True,False
4,24,7605265229193534885,SLH_DSA_PURE_SHA2_128S,0.08467968297190964,0.0015022630104795098,0.6491721189813688,0.001146659953519702,0.011064284946769476,0.011106119025498629,10.817320222966373,0.5522517062201622,2482153.0,7856.0,32.0,5000.0,True,False
4,24,5471660171793934992,SLH_DSA_PURE_SHA2_128S,0.08136270998511463,0.0013735330430790782,0.6327193080214784,0.001224166015163064,0.010853494983166456,0.010916376020759344,10.91443322703708,0.564611218323943,2482153.0,7856.0,32.0,5000.0,True,False
4,24,2823658558058114159,SLH_DSA_PURE_SHA2_128S,0.17202928103506565,0.001801375998184085,0.6896083650644869,0.0011868790024891496,0.011004574014805257,0.011050367029383779,10.896943513071164,0.5499395432935399,2482153.0,7856.0,32.0,5000.0,True,False
4,24,15258896911726207817,SLH_DSA_PURE_SHA2_128S,0.07905735494568944,0.0013877460733056068,0.6260890739504248,0.0011688739759847522,0.01087147498037666,0.010916655999608338,11.208543948014267,0.5408024570554685,2482153.0,7856.0,32.0,5000.0,True,False
4,24,4596257853064441436,SLH_DSA_PURE_SHA2_128S,0.18224952300079167,0.0015173429856076837,0.6526175460312515,0.0011964199366047978,0.012141405022703111,0.012214593007229269,10.783286958001554,0.5697829173106677,2482153.0,7856.0,32.0,5000.0,True,False
4,24,14923164556680548925,SLH_DSA_PURE_SHA2_128S,0.0794073729775846,0.0014615620020776987,0.6311363839777187,0.001210428075864911,0.011221091961488128,0.011267379042692482,11.088496849057265,0.552029320744762,2482153.0,7856.0,32.0,5000.0,True,False
4,24,2455671854304246781,SLH_DSA_PURE_SHA2_128S,0.0849522480275482,0.001665784977376461,0.6864829619880766,0.001198482932522893,0.011016267933882773,0.011062656994909048,6.103410189971328,0.53752022639961,2482153.0,7856.0,32.0,5000.0,True,False
4,24,9808711409946078185,SLH_DSA_PURE_SHA2_128S,0.07743837393354625,0.001321575022302568,0.6508330020587891,0.001232014037668705,0.011063587968237698,0.011111014988273382,6.124282756005414,0.5723940652741748,2482153.0,7856.0,32.0,5000.0,True,False
4,25,15557009821924498432,SLH_DSA_PURE_SHA2_128S,0.08757439907640219,0.002867779927328229,0.6408655249979347,0.001228171051479876,0.011074385023675859,0.011149910977110267,10.782372737070546,0.5504724619210146,2482153.0,7856.0,32.0,5000.0,True,False
4,25,5471660171793934992,SLH_DSA_PURE_SHA2_128S,0.08530294511001557,0.0016649930039420724,0.6337062889942899,0.0010866689262911677,0.011041551013477147,0.011083677061833441,10.897976588923484,0.5140069020069709,2482153.0,7856.0,32.0,5000.0,True,False
4,25,7605265229193534885,SLH_DSA_PURE_SHA2_128S,0.08502985199447721,0.0017135870875790715,0.6338736950419843,0.001054799067787826,0.010985678993165493,0.011048023006878793,10.921826253994368,0.5512584805441131,2482153.0,7856.0,32.0,5000.0,True,False
4,25,11593352232479114339,SLH_DSA_PURE_SHA2_128S,0.07936504296958447,0.0013417020672932267,0.6312345720361918,0.0011334549635648727,0.010926674003712833,0.01097022695466876,11.026813543983735,0.5370536840218267,2482153.0,7856.0,32.0,5000.0,True,False
4,25,15258896911726207817,SLH_DSA_PURE_SHA2_128S,0.08687043492682278,0.001993827987462282,0.6451622940367088,0.0011329689295962453,0.011258785030804574,0.011309131048619747,10.973361420095898,0.5505248478311262,2482153.0,7856.0,32.0,5000.0,True,False
4,25,14923164556680548925,SLH_DSA_PURE_SHA2_128S,0.08574233809486032,0.0016305421013385057,0.6411020080558956,0.001105565926991403,0.01088817697018385,0.010931988945230842,10.862688140943646,0.5226331699378551,2482153.0,7856.0,32.0,5000.0,True,False
4,25,2823658558058114159,SLH_DSA_PURE_SHA2_128S,0.11519622895866632,0.0017010970041155815,0.6914684339426458,0.0011132159270346165,0.010956273064948618,0.011034731986001134,10.986224438995123,0.5214313452909137,2482153.0,7856.0,32.0,5000.0,True,False
4,25,4596257853064441436,SLH_DSA_PURE_SHA2_128S,0.08024816901888698,0.0014262780314311385,0.6307947949972004,0.0011397890048101544,0.010864305892027915,0.010907912976108491,10.969858218100853,0.5622023615487821,2482153.0,7856.0,32.0,5000.0,True,False
4,25,2455671854304246781,SLH_DSA_PURE_SHA2_128S,0.08481266803573817,0.0029802790377289057,0.6659173410153016,0.0010401459876447916,0.011105425073765218,0.01114715205039829,6.183209914015606,0.5008394400927292,2482153.0,7856.0,32.0,5000.0,True,False
4,25,9808711409946078185,SLH_DSA_PURE_SHA2_128S,0.1242698299465701,0.0015564729692414403,0.6339299150276929,0.001237626071088016,0.010816963040269911,0.010870900005102158,6.275956301018596,0.5474015303478119,2482153.0,7856.0,32.0,5000.0,True,False
4,26,5471660171793934992,SLH_DSA_PURE_SHA2_128S,0.08671946998219937,0.001935599953867495,0.635280022979714,0.0010702910367399454,0.010758838034234941,0.010842566029168665,10.758868618984707,0.5124664033057204,2482153.0,7856.0,32.0,5000.0,True,False
4,26,7605265229193534885,SLH_DSA_PURE_SHA2_128S,0.0857941770227626,0.001946536940522492,0.6372874600347131,0.0011068630265071988,0.010667014983482659,0.010714986943639815,10.834440877079032,0.4969723170777415,2482153.0,7856.0,32.0,5000.0,True,False
4,26,11593352232479114339,SLH_DSA_PURE_SHA2_128S,0.08298572700005025,0.0014776119496673346,0.700902400072664,0.00105318205896765,0.010817494010552764,0.010861852089874446,10.968088411958888,0.5132982084515748,2482153.0,7856.0,32.0,5000.0,True,False
4,26,15557009821924498432,SLH_DSA_PURE_SHA2_128S,0.07975597598124295,0.0013932778965681791,0.6277230629930273,0.0010842079063877463,0.010741885052993894,0.010789272957481444,10.966862055007368,0.5210432910662928,2482153.0,7856.0,32.0,5000.0,True,False
4,26,14923164556680548925,SLH_DSA_PURE_SHA2_128S,0.08662332710810006,0.0015576669247820973,0.6430517019471154,0.0010517800692468882,0.010771130910143256,0.010817767004482448,10.700593804009259,0.5047862926960751,2482153.0,7856.0,32.0,5000.0,True,False
4,26,2823658558058114159,SLH_DSA_PURE_SHA2_128S,0.15280090202577412,0.0022287809988483787,0.7272750820266083,0.0011286319931969047,0.010786775965243578,0.010833749081939459,10.83470369700808,0.5139388106763363,2482153.0,7856.0,32.0,5000.0,True,False
4,26,15258896911726207817,SLH_DSA_PURE_SHA2_128S,0.08453497395385057,0.0017178779235109687,0.640112865017727,0.0010661219712346792,0.010841522016562521,0.010919869993813336,11.002021007006988,0.5269595626741648,2482153.0,7856.0,32.0,5000.0,True,False
4,26,4596257853064441436,SLH_DSA_PURE_SHA2_128S,0.07956616405863315,0.001406316994689405,0.6302610579878092,0.0011415660846978426,0.010693527990952134,0.010742402053438127,10.92097872204613,0.5334029769536796,2482153.0,7856.0,32.0,5000.0,True,False
4,26,9808711409946078185,SLH_DSA_PURE_SHA2_128S,0.11431383108720183,0.001963227055966854,0.6267947040032595,0.0010918949265033007,0.010726061998866498,0.010772360023111105,6.334250312997028,0.51659625576465,2482153.0,7856.0,32.0,5000.0,True,False
4,26,2455671854304246781,SLH_DSA_PURE_SHA2_128S,0.07948134792968631,0.0013477409956976771,0.6211900369962677,0.0011239119339734316,0.010700946091674268,0.010770836961455643,6.58364398998674,0.4944370102706798,2482153.0,7856.0,32.0,5000.0,True,False
4,27,15557009821924498432,SLH_DSA_PURE_SHA2_128S,0.08703182602766901,0.0020856669871136546,0.6564099009847268,0.0014182920567691326,0.010904019931331277,0.01099182793404907,10.81201528001111,0.5053371370170906,2482153.0,7856.0,32.0,5000.0,True,False
4,27,11593352232479114339,SLH_DSA_PURE_SHA2_128S,0.14815143798477948,0.002211709041148424,0.6544464820763096,0.0010995670454576612,0.010725244064815342,0.010772705078125,10.874138294020668,0.48466436451028105,2482153.0,7856.0,32.0,5000.0,True,False
4,27,7605265229193534885,SLH_DSA_PURE_SHA2_128S,0.15025664202403277,0.0019555960316210985,0.650176752009429,0.0013327249325811863,0.011134742060676217,0.011181176989339292,11.063485680962913,0.48406694042881965,2482153.0,7856.0,32.0,5000.0,True,False
4,27,5471660171793934992,SLH_DSA_PURE_SHA2_128S,0.0794137759367004,0.001318924012593925,0.6805465740617365,0.0010951400035992265,0.01077961700502783,0.010826501064002514,11.249520984012634,0.503472594176508,2482153.0,7856.0,32.0,5000.0,True,False
4,27,15258896911726207817,SLH_DSA_PURE_SHA2_128S,0.1467959249857813,0.0016482280334457755,0.8394172940170392,0.001290295971557498,0.010769948014058173,0.010815155925229192,10.691901400918141,0.48999789148379286,2482153.0,7856.0,32.0,5000.0,True,False
4,27,2823658558058114159,SLH_DSA_PURE_SHA2_128S,0.10047377808950841,0.002096827025525272,0.6497647690121084,0.0011482530971989036,0.010722249979153275,0.01077025500126183,10.955943261971697,0.4939845686980114,2482153.0,7856.0,32.0,5000.0,True,False
4,27,14923164556680548925,SLH_DSA_PURE_SHA2_128S,0.08473992592189461,0.0016066449461504817,0.6475240458967164,0.001353127066977322,0.010889912024140358,0.010973252006806433,10.845989870023914,0.47991759643243376,2482153.0,7856.0,32.0,5000.0,True,False
4,27,4596257853064441436,SLH_DSA_PURE_SHA2_128S,0.07948686997406185,0.0013903400395065546,0.6690347389085218,0.0010837489971891046,0.010790233965963125,0.010835775989107788,10.958232842036523,0.5178505992932114,2482153.0,7856.0,32.0,5000.0,True,False
4,27,2455671854304246781,SLH_DSA_PURE_SHA2_128S,0.07900171598885208,0.001597600057721138,0.6080094139324501,0.001346765086054802,0.010776782990433276,0.010825127945281565,6.804702047025785,0.4842016443871199,2482153.0,7856.0,32.0,5000.0,True,False
4,27,9808711409946078185,SLH_DSA_PURE_SHA2_128S,0.08571438898798078,0.0020337379537522793,0.6157501370180398,0.0010797260329127312,0.010757219977676868,0.010803234996274114,6.495694658951834,0.49962189876634605,2482153.0,7856.0,32.0,5000.0,True,False
4,28,15557009821924498432,SLH_DSA_PURE_SHA2_128S,0.15904454502742738,0.003030946012586355,0.7034361260011792,0.001027473947033286,0.0107667330885306,0.010848607984371483,10.82552786602173,0.4624211528119008,2482153.0,7856.0,32.0,5000.0,True,False
4,28,7605265229193534885,SLH_DSA_PURE_SHA2_128S,0.08539207105059177,0.0015107629587873816,0.6360984919592738,0.0010270560160279274,0.010690399096347392,0.010730946902185678,11.106041623977944,0.4705109432410852,2482153.0,7856.0,32.0,5000.0,True,False
4,28,5471660171793934992,SLH_DSA_PURE_SHA2_128S,0.15244598197750747,0.0021673920564353466,0.629739027004689,0.0010417340090498328,0.01074307004455477,0.010787743958644569,11.076269855955616,0.47193893779567475,2482153.0,7856.0,32.0,5000.0,True,False
4,28,11593352232479114339,SLH_DSA_PURE_SHA2_128S,0.08014820702373981,0.0013605140848085284,0.6353354249149561,0.0010381370084360242,0.010770526016131043,0.010812349035404623,11.225878035998903,0.4526725047309497,2482153.0,7856.0,32.0,5000.0,True,False
4,28,4596257853064441436,SLH_DSA_PURE_SHA2_128S,0.08512842701748013,0.0014687300426885486,0.6288543480914086,0.0010721730068325996,0.01074289798270911,0.010786541970446706,10.904114563018084,0.4832872132871561,2482153.0,7856.0,32.0,5000.0,True,False
4,28,14923164556680548925,SLH_DSA_PURE_SHA2_128S,0.08011523692402989,0.0013729350175708532,0.6274291020818055,0.0010308499913662672,0.010990496026352048,0.011031737085431814,11.029250303050503,0.47073815840112554,2482153.0,7856.0,32.0,5000.0,True,False
4,28,2823658558058114159,SLH_DSA_PURE_SHA2_128S,0.09840252599678934,0.0013968279818072915,0.6293942269403487,0.0010907270479947329,0.010731381014920771,0.010808127000927925,11.191890091984533,0.4599815754658857,2482153.0,7856.0,32.0,5000.0,True,False
4,28,15258896911726207817,SLH_DSA_PURE_SHA2_128S,0.15560415002983063,0.0014184439787641168,0.6641625521006063,0.0010159009834751487,0.010776547947898507,0.010817191912792623,11.243670362979174,0.4871610126630136,2482153.0,7856.0,32.0,5000.0,True,False
4,28,2455671854304246781,SLH_DSA_PURE_SHA2_128S,0.0845693030860275,0.002075121970847249,0.6246140259318054,0.0011679069139063358,0.010797269060276449,0.010843029944226146,6.5884839539648965,0.463849356658994,2482153.0,7856.0,32.0,5000.0,True,False
4,28,9808711409946078185,SLH_DSA_PURE_SHA2_128S,0.07837589702103287,0.0015163050265982747,0.6080667240312323,0.0010340430308133364,0.010732408962212503,0.01077514502685517,6.759878917015158,0.4585804708871492,2482153.0,7856.0,32.0,5000.0,True,False
4,29,5471660171793934992,SLH_DSA_PURE_SHA2_128S,0.087209856021218,0.0038768210215494037,0.6383448429405689,0.0013309569330886006,0.010791452950797975,0.010873351013287902,11.040161118959077,0.45320771085276346,2482153.0,7856.0,32.0,5000.0,True,False
4,29,11593352232479114339,SLH_DSA_PURE_SHA2_128S,0.1316649749642238,0.0015112969558686018,0.6290094320429489,0.0013254560763016343,0.010756750940345228,0.010801590979099274,11.134861863101833,0.4374136794833051,2482153.0,7856.0,32.0,5000.0,True,False
4,29,15557009821924498432,SLH_DSA_PURE_SHA2_128S,0.08252559998072684,0.001410291064530611,0.6917059790575877,0.0014138880651444197,0.010712265968322754,0.010760045028291643,11.209395764046349,0.4541494812650286,2482153.0,7856.0,32.0,5000.0,True,False
4,29,7605265229193534885,SLH_DSA_PURE_SHA2_128S,0.07904263795353472,0.0016109440475702286,0.6301385089755058,0.0010702010476961732,0.010728652006946504,0.010771222994662821,11.239249838981777,0.4309014023346886,2482153.0,7856.0,32.0,5000.0,True,False
4,29,2823658558058114159,SLH_DSA_PURE_SHA2_128S,0.08649902790784836,0.002509869053028524,0.6430739759234712,0.001326644909568131,0.010824089986272156,0.010867876000702381,10.90754297201056,0.4684907449231406,2482153.0,7856.0,32.0,5000.0,True,False
4,29,15258896911726207817,SLH_DSA_PURE_SHA2_128S,0.1580325060058385,0.001988339005038142,0.7646786939585581,0.001385729992762208,0.010681713931262493,0.010726116015575826,11.01503654802218,0.4611899970206106,2482153.0,7856.0,32.0,5000.0,True,False
4,29,4596257853064441436,SLH_DSA_PURE_SHA2_128S,0.08534958702512085,0.0017735189758241177,0.6502335970290005,0.0013381759636104107,0.010784049984067678,0.010859942995011806,10.889104567002505,0.5008633483177537,2482153.0,7856.0,32.0,5000.0,True,False
4,29,14923164556680548925,SLH_DSA_PURE_SHA2_128S,0.07926875201519579,0.0014162400038912892,0.6655128370039165,0.0010065169772133231,0.0110231121070683,0.011064529069699347,11.16972544498276,0.4816604131583575,2482153.0,7856.0,32.0,5000.0,True,False
4,29,9808711409946078185,SLH_DSA_PURE_SHA2_128S,0.08479075599461794,0.0017499119276180863,0.6220598499057814,0.001358979963697493,0.010706781060434878,0.010750415967777371,6.316253849072382,0.4570143383684432,2482153.0,7856.0,32.0,5000.0,True,False
4,29,2455671854304246781,SLH_DSA_PURE_SHA2_128S,0.07690302305854857,0.0013598500518128276,0.6070834150305018,0.0012871199287474155,0.0108293880475685,0.010872647981159389,6.657026874949224,0.45667811086887766,2482153.0,7856.0,32.0,5000.0,True,False
4,30,5471660171793934992,SLH_DSA_PURE_SHA2_128S,0.08609277498908341,0.0016435550060123205,0.6411412289598957,0.001296506030485034,0.01077550696209073,0.01086470193695277,10.796239971066825,0.42008146171155536,2482153.0,7856.0,32.0,5000.0,True,False
4,30,11593352232479114339,SLH_DSA_PURE_SHA2_128S,0.08457628707401454,0.0015901840524747968,0.635348754003644,0.0010021959897130728,0.01075213705189526,0.01079353701788932,10.832254873937927,0.438485707897859,2482153.0,7856.0,32.0,5000.0,True,False
4,30,15557009821924498432,SLH_DSA_PURE_SHA2_128S,0.08455578598659486,0.0017809360288083553,0.6404207450104877,0.0013810130767524242,0.010924046975560486,0.01097388390917331,10.839544218033552,0.45275956973623316,2482153.0,7856.0,32.0,5000.0,True,False
4,30,7605265229193534885,SLH_DSA_PURE_SHA2_128S,0.07968773599714041,0.0013244850561022758,0.6322153940564021,0.0010405470384284854,0.010857604909688234,0.010902235982939601,11.06577149790246,0.4343862467605597,2482153.0,7856.0,32.0,5000.0,True,False
4,30,15258896911726207817,SLH_DSA_PURE_SHA2_128S,0.0873434729874134,0.003365390934050083,0.654177378048189,0.001054379972629249,0.010728579014539719,0.010770609020255506,10.790853229002096,0.424991244153612,2482153.0,7856.0,32.0,5000.0,True,False
4,30,2823658558058114159,SLH_DSA_PURE_SHA2_128S,0.0857332469895482,0.0018885229947045445,0.6506912549957633,0.0013272810028865933,0.011025286978110671,0.011071667075157166,10.949062124011107,0.41809072317614865,2482153.0,7856.0,32.0,5000.0,True,False
4,30,4596257853064441436,SLH_DSA_PURE_SHA2_128S,0.08177403104491532,0.0016432619886472821,0.631747568026185,0.0010926580289378762,0.011011639959178865,0.011096462956629694,10.837769850972109,0.4699616299194705,2482153.0,7856.0,32.0,5000.0,True,False
4,30,14923164556680548925,SLH_DSA_PURE_SHA2_128S,0.08005157404113561,0.0014385200338438153,0.632645539008081,0.0010162800317630172,0.010820087045431137,0.010867195902392268,11.109416438033804,0.4400295494539533,2482153.0,7856.0,32.0,5000.0,True,False
4,30,2455671854304246781,SLH_DSA_PURE_SHA2_128S,0.08512539800722152,0.0015894619282335043,0.6169484780402854,0.0011117099784314632,0.01103450998198241,0.011082176002673805,7.001364425057545,0.40919032561219043,2482153.0,7856.0,32.0,5000.0,True,False
4,30,9808711409946078185,SLH_DSA_PURE_SHA2_128S,0.07710148405749351,0.0013736640103161335,0.6082626449642703,0.001065253047272563,0.010732967057265341,0.01077637099660933,6.940932883997448,0.43555302600002593,2482153.0,7856.0,32.0,5000.0,True,False
5,1,11698055566413289882,SLH_DSA_PURE_SHA2_128S,0.14733006106689572,0.002854067017324269,0.8600504599744454,0.001216194941662252,0.010736401076428592,0.010870561935007572,10.56135415402241,2.0762501134993925,2482153.0,7856.0,32.0,5000.0,True,False
5,1,11133933202766091754,SLH_DSA_PURE_SHA2_128S,0.08560959401074797,0.0018733650213107467,0.6406577050220221,0.0011567850597202778,0.010752388974651694,0.010809003957547247,10.939717310015112,2.0421899671007875,2482153.0,7856.0,32.0,5000.0,True,False
5,1,5916422332192061538,SLH_DSA_PURE_SHA2_128S,0.0850722249597311,0.002656971919350326,0.6904650719370693,0.0011635390110313892,0.010939446045085788,0.010989248054102063,10.764628493925557,2.0293760641365295,2482153.0,7856.0,32.0,5000.0,True,False
5,1,3690222254278798327,SLH_DSA_PURE_SHA2_128S,0.07973938097711653,0.001392566948197782,0.6334741080645472,0.001102154958061874,0.010616960935294628,0.010673115961253643,10.911763564916328,2.091441419473879,2482153.0,7856.0,32.0,5000.0,True,False
5,1,8102557363689453137,SLH_DSA_PURE_SHA2_128S,0.08541864098515362,0.002345417975448072,0.6553188370307907,0.0011487200390547514,0.010743998922407627,0.010824986966326833,10.99707640602719,2.0771764562388135,2482153.0,7856.0,32.0,5000.0,True,False
5,1,13642139697466739242,SLH_DSA_PURE_SHA2_128S,0.0860088710905984,0.0017057270742952824,0.6499099329812452,0.0010923870140686631,0.01077350601553917,0.010829078033566475,10.812252739095129,2.089235333880042,2482153.0,7856.0,32.0,5000.0,True,False
5,1,12378959710964210734,SLH_DSA_PURE_SHA2_128S,0.1605311380699277,0.0018670640420168638,0.7685224920278415,0.001227119006216526,0.010681194951757789,0.010730781010352075,10.76210796192754,2.090674721511306,2482153.0,7856.0,32.0,5000.0,True,False
5,1,900842401174636802,SLH_DSA_PURE_SHA2_128S,0.07985465100500733,0.0013156029162928462,0.6275384670589119,0.0011003500549122691,0.01100976497400552,0.011082399985753,10.856369409011677,2.0672998443530624,2482153.0,7856.0,32.0,5000.0,True,False
5,1,15421659711005028620,SLH_DSA_PURE_SHA2_128S,0.08518066396936774,0.002110186032950878,0.6143473029369488,0.001106540090404451,0.010712163988500834,0.010760297998785973,6.176999620045535,2.07591166769623,2482153.0,7856.0,32.0,5000.0,True,False
5,1,11602837133561705534,SLH_DSA_PURE_SHA2_128S,0.07665325293783098,0.0014365760143846273,0.6072997939772904,0.001115023042075336,0.010812196065671742,0.01086432405281812,6.167301487992518,2.0601365004375483,2482153.0,7856.0,32.0,5000.0,True,False
5,2,11133933202766091754,SLH_DSA_PURE_SHA2_128S,0.1047281640348956,0.002108620014041662,0.6372033739462495,0.0010891319252550602,0.01087769994046539,0.010962428990751505,10.724332151934505,1.8007377598695695,2482153.0,7856.0,32.0,5000.0,True,False
5,2,3690222254278798327,SLH_DSA_PURE_SHA2_128S,0.10053972702007741,0.001632358063943684,0.6523595670005307,0.0011110639898106456,0.010841768002137542,0.010896179010160267,10.770242216996849,1.8158885088695842,2482153.0,7856.0,32.0,5000.0,True,False
5,2,11698055566413289882,SLH_DSA_PURE_SHA2_128S,0.14612423197831959,0.0029031879967078567,0.7158312019892037,0.00106659100856632,0.010649531031958759,0.010695789009332657,10.621614853967912,1.8267561561742407,2482153.0,7856.0,32.0,5000.0,True,False
5,2,5916422332192061538,SLH_DSA_PURE_SHA2_128S,0.07998240098822862,0.0013656159862875938,0.690266193007119,0.0011401800438761711,0.010729311965405941,0.010781659977510571,10.957522587035783,1.7755942823021276,2482153.0,7856.0,32.0,5000.0,True,False
5,2,13642139697466739242,SLH_DSA_PURE_SHA2_128S,0.08589425403624773,0.0026919260853901505,0.6427545590559021,0.0010900639463216066,0.010888734017498791,0.01093544194009155,10.918444599024951,1.7884696744809485,2482153.0,7856.0,32.0,5000.0,True,False
5,2,8102557363689453137,SLH_DSA_PURE_SHA2_128S,0.0846092370338738,0.002295709098689258,0.6373811309458688,0.0011418999638408422,0.010691497940570116,0.010744597995653749,11.029673489043489,1.7962710713125338,2482153.0,7856.0,32.0,5000.0,True,False
5,2,12378959710964210734,SLH_DSA_PURE_SHA2_128S,0.15032322704792023,0.0016663640271872282,0.7082200649892911,0.001082360977306962,0.010728222085162997,0.01080369297415018,10.871306282002479,1.813620427611527,2482153.0,7856.0,32.0,5000.0,True,False
5,2,900842401174636802,SLH_DSA_PURE_SHA2_128S,0.07953270094003528,0.0013674999354407191,0.6303226450691,0.001149513991549611,0.010795769048854709,0.010845037060789764,10.948524189996533,1.8510608209925852,2482153.0,7856.0,32.0,5000.0,True,False
5,2,11602837133561705534,SLH_DSA_PURE_SHA2_128S,0.0779771109810099,0.0014372379519045353,0.6149623359087855,0.0010762929450720549,0.010709105990827084,0.010756860952824354,6.214620655984618,1.8503319662847337,2482153.0,7856.0,32.0,5000.0,True,False
5,2,15421659711005028620,SLH_DSA_PURE_SHA2_128S,0.08018604596145451,0.0014763190411031246,0.6089720980962738,0.0011321710189804435,0.010815428919158876,0.010867447010241449,6.247858653077856,1.8094445816270865,2482153.0,7856.0,32.0,5000.0,True,False
5,3,3690222254278798327,SLH_DSA_PURE_SHA2_128S,0.0850245850160718,0.0021503589814528823,0.6361165159614757,0.0013616100186482072,0.011319305980578065,0.011398283066228032,10.930454193032347,1.6079949740391628,2482153.0,7856.0,32.0,5000.0,True,False
5,3,11698055566413289882,SLH_DSA_PURE_SHA2_128S,0.1678333879681304,0.0018497919663786888,0.7326977259945124,0.0014071440091356635,0.013718817033804953,0.01376855606213212,10.90909482492134,1.6329798364335564,2482153.0,7856.0,32.0,5000.0,True,False
5,3,11133933202766091754,SLH_DSA_PURE_SHA2_128S,0.07885364699177444,0.0013213340425863862,0.6327443269547075,0.001277146046049893,0.02060390403494239,0.02066302893217653,11.209874792955816,1.6121488308450977,2482153.0,7856.0,32.0,5000.0,True,False
5,3,5916422332192061538,SLH_DSA_PURE_SHA2_128S,0.18468963797204196,0.0017282970948144794,0.8119630389846861,0.0012968479422852397,0.011222053901292384,0.011274824966676533,10.955637592007406,1.5834635048155572,2482153.0,7856.0,32.0,5000.0,True,False
5,3,13642139697466739242,SLH_DSA_PURE_SHA2_128S,0.13082119508180767,0.0014006330166012049,0.6288074440089986,0.0011654369300231338,0.010985018918290734,0.01103569904807955,10.681163251050748,1.6109614736714941,2482153.0,7856.0,32.0,5000.0,True,False
5,3,8102557363689453137,SLH_DSA_PURE_SHA2_128S,0.08588229003362358,0.001550892018713057,0.627620198065415,0.0013423010241240263,0.011143494048155844,0.011195894097909331,10.954351398977451,1.6379094480708907,2482153.0,7856.0,32.0,5000.0,True,False
5,3,12378959710964210734,SLH_DSA_PURE_SHA2_128S,0.10529343888629228,0.001375582069158554,0.6317376480437815,0.001216677948832512,0.01104293204843998,0.011118200956843793,10.926888734917156,1.6356321178424131,2482153.0,7856.0,32.0,5000.0,True,False
5,3,900842401174636802,SLH_DSA_PURE_SHA2_128S,0.11554417305160314,0.0014169669011607766,0.631707185995765,0.0012722470564767718,0.011057461961172521,0.011116344016045332,10.605800565914251,1.6364797604311803,2482153.0,7856.0,32.0,5000.0,True,False
5,3,11602837133561705534,SLH_DSA_PURE_SHA2_128S,0.07718008593656123,0.001425712020136416,0.6098035670584068,0.0012326509458944201,0.010978022939525545,0.011028175009414554,6.411409147083759,1.626983848347026,2482153.0,7856.0,32.0,5000.0,True,False
5,3,15421659711005028620,SLH_DSA_PURE_SHA2_128S,0.08312477101571858,0.0015410640044137836,0.6121502959867939,0.001232953043654561,0.010986223933286965,0.01103466097265482,6.372527305968106,1.6283211586581674,2482153.0,7856.0,32.0,5000.0,True,False
5,4,3690222254278798327,SLH_DSA_PURE_SHA2_128S,0.11537751602008939,0.0018357830122113228,0.6308733669575304,0.001218446996062994,0.01095060701481998,0.011042664991691709,10.719237176002935,1.4952384977583673,2482153.0,7856.0,32.0,5000.0,True,False
5,4,11698055566413289882,SLH_DSA_PURE_SHA2_128S,0.11333271896000952,0.0013873849529772997,0.6447456330060959,0.001185404951684177,0.012194064911454916,0.012241197982802987,10.780685662990436,1.5040425236817379,2482153.0,7856.0,32.0,5000.0,True,False
5,4,5916422332192061538,SLH_DSA_PURE_SHA2_128S,0.07956218591425568,0.0013263399014249444,0.6479879770195112,0.0012568540405482054,0.010929147014394403,0.010987008921802044,10.857184666907415,1.4820547935309683,2482153.0,7856.0,32.0,5000.0,True,False
5,4,11133933202766091754,SLH_DSA_PURE_SHA2_128S,0.0807356039294973,0.0013616340002045035,0.6321198610821739,0.001323691918514669,0.011265658889897168,0.011314856936223805,10.848531035939232,1.491230395189516,2482153.0,7856.0,32.0,5000.0,True,False
5,4,13642139697466739242,SLH_DSA_PURE_SHA2_128S,0.13060704397503287,0.002932984963990748,0.6388123440556228,0.0011770639102905989,0.01105920400004834,0.01110751903615892,10.712933771894313,1.4944838547402886,2482153.0,7856.0,32.0,5000.0,True,False
5,4,8102557363689453137,SLH_DSA_PURE_SHA2_128S,0.16087381192483008,0.002886131056584418,0.6625802400521934,0.001219199039041996,0.010961650055833161,0.011007955064997077,10.954847404034808,1.496082901195356,2482153.0,7856.0,32.0,5000.0,True,False
5,4,12378959710964210734,SLH_DSA_PURE_SHA2_128S,0.08022422099020332,0.0014420980587601662,0.6450085189426318,0.001165109104476869,0.011077285977080464,0.011188570992089808,10.943227931042202,1.4815111498164524,2482153.0,7856.0,32.0,5000.0,True,False
5,4,900842401174636802,SLH_DSA_PURE_SHA2_128S,0.0975560829974711,0.0016333969542756677,0.6344097160035744,0.001186011009849608,0.010779822943732142,0.010827608057297766,10.942883456940763,1.545505793990603,2482153.0,7856.0,32.0,5000.0,True,False
5,4,15421659711005028620,SLH_DSA_PURE_SHA2_128S,0.08473376289475709,0.0019460520707070827,0.6620402799453586,0.0011896139476448298,0.011237028054893017,0.011286400957033038,6.186093134921975,1.4886653392937532,2482153.0,7856.0,32.0,5000.0,True,False
5,4,11602837133561705534,SLH_DSA_PURE_SHA2_128S,0.07710711401887238,0.0013576130149886012,0.6582670469069853,0.0011856419732794166,0.010894664097577333,0.010942997061647475,6.162369391066022,1.4767856863653583,2482153.0,7856.0,32.0,5000.0,True,False
5,5,11133933202766091754,SLH_DSA_PURE_SHA2_128S,0.08414135000202805,0.0014197510899975896,0.6302436030237004,0.0011079219402745366,0.010723484912887216,0.010815941030159593,10.95258569798898,1.406680054345708,2482153.0,7856.0,32.0,5000.0,True,False
5,5,3690222254278798327,SLH_DSA_PURE_SHA2_128S,0.13358152308501303,0.0027628790121525526,0.6324489900143817,0.0010631289333105087,0.010976145975291729,0.011023269034922123,10.855438278988004,1.4082903303917806,2482153.0,7856.0,32.0,5000.0,True,False
5,5,11698055566413289882,SLH_DSA_PURE_SHA2_128S,0.16329285595566034,0.0015254359459504485,0.6328293780097738,0.0010956439655274153,0.010692782932892442,0.010740304947830737,10.820537631050684,1.405332974567535,2482153.0,7856.0,32.0,5000.0,True,False
5,5,5916422332192061538,SLH_DSA_PURE_SHA2_128S,0.10022336302790791,0.0013778220163658261,0.6542377599980682,0.001085544005036354,0.010713462019339204,0.010778834926895797,10.938562543014996,1.380962877516534,2482153.0,7856.0,32.0,5000.0,True,False
5,5,13642139697466739242,SLH_DSA_PURE_SHA2_128S,0.1452151690609753,0.0022859780583530664,0.635012076003477,0.0010918379994109273,0.010631785960868001,0.01067968993447721,10.679287870996632,1.41076388480557,2482153.0,7856.0,32.0,5000.0,True,False
5,5,8102557363689453137,SLH_DSA_PURE_SHA2_128S,0.0846007369691506,0.001805477892048657,0.6347875609062612,0.0011066780425608158,0.010700988001190126,0.010748672997578979,10.943074519978836,1.403419135482448,2482153.0,7856.0,32.0,5000.0,True,False
5,5,12378959710964210734,SLH_DSA_PURE_SHA2_128S,0.08408190496265888,0.0016382610192522407,0.6386810899712145,0.0011095829540863633,0.010776664013974369,0.010856156004592776,10.858069905079901,1.393729270263842,2482153.0,7856.0,32.0,5000.0,True,False
5,5,900842401174636802,SLH_DSA_PURE_SHA2_128S,0.07978344208095223,0.0013924249215051532,0.6422572949668393,0.0011758009204640985,0.01064928900450468,0.010699820006266236,10.8783526920015,1.4136354463874914,2482153.0,7856.0,32.0,5000.0,True,False
5,5,11602837133561705534,SLH_DSA_PURE_SHA2_128S,0.08956487406976521,0.0014439140213653445,0.6240573219256476,0.0010483519872650504,0.010583098977804184,0.010630829026922584,6.4324830929981545,1.3701828756150167,2482153.0,7856.0,32.0,5000.0,True,False
5,5,15421659711005028620,SLH_DSA_PURE_SHA2_128S,0.07977316493634135,0.0014234089758247137,0.622672796016559,0.001095584942959249,0.011108741979114711,0.011159050976857543,6.5462791790487245,1.393166188981123,2482153.0,7856.0,32.0,5000.0,True,False
5,6,3690222254278798327,SLH_DSA_PURE_SHA2_128S,0.1429128429153934,0.001744396984577179,0.6980310070794076,0.001118200016207993,0.010865883086808026,0.010960771003738046,10.687915276037529,1.3133670938242772,2482153.0,7856.0,32.0,5000.0,True,False
5,6,5916422332192061538,SLH_DSA_PURE_SHA2_128S,0.08463696797844023,0.001929547986947,0.6328486799029633,0.0014029409503564239,0.010774979018606246,0.010828596074134111,10.964780254056677,1.2906491855147537,2482153.0,7856.0,32.0,5000.0,True,False
5,6,11133933202766091754,SLH_DSA_PURE_SHA2_128S,0.16138691396918148,0.001775063923560083,0.6716655710479245,0.0011697200825437903,0.011003548046573997,0.011056288029067218,10.911092291935347,1.30241268683391,2482153.0,7856.0,32.0,5000.0,True,False
5,6,11698055566413289882,SLH_DSA_PURE_SHA2_128S,0.10211923997849226,0.001357440953142941,0.6310554930241778,0.001122057088650763,0.010656655998900533,0.01070635102223605,11.097882398986258,1.3118570317887956,2482153.0,7856.0,32.0,5000.0,True,False
5,6,8102557363689453137,SLH_DSA_PURE_SHA2_128S,0.08852663601282984,0.0023312800331041217,0.6665626999456435,0.0011734619038179517,0.01070080406498164,0.010752527974545956,10.779870016034693,1.3123249707707934,2482153.0,7856.0,32.0,5000.0,True,False
5,6,13642139697466739242,SLH_DSA_PURE_SHA2_128S,0.09534893499221653,0.0015992079861462116,0.6403002119623125,0.0011149850906804204,0.01079554797615856,0.010844949050806463,10.826015714905225,1.3197510804340338,2482153.0,7856.0,32.0,5000.0,True,False
5,6,12378959710964210734,SLH_DSA_PURE_SHA2_128S,0.16165125905536115,0.0018275269540026784,0.7257142319576815,0.0011261389590799809,0.010785687016323209,0.010869674966670573,10.879083096049726,1.307072498995787,2482153.0,7856.0,32.0,5000.0,True,False
5,6,900842401174636802,SLH_DSA_PURE_SHA2_128S,0.09889226709492505,0.001426307950168848,0.6320940129226074,0.0011019479716196656,0.01088767102919519,0.010936812032014132,10.903863874962553,1.3276153540914986,2482153.0,7856.0,32.0,5000.0,True,False
5,6,15421659711005028620,SLH_DSA_PURE_SHA2_128S,0.08563294599298388,0.0020159699488431215,0.6307254779385403,0.0011838009813800454,0.010736983036622405,0.010788026032969356,6.521406269981526,1.321824649336991,2482153.0,7856.0,32.0,5000.0,True,False
5,6,11602837133561705534,SLH_DSA_PURE_SHA2_128S,0.07697093696333468,0.0013818239094689488,0.6085601740051061,0.0011613629758358002,0.010637443978339434,0.010688415030017495,6.48401103192009,1.2874708255385137,2482153.0,7856.0,32.0,5000.0,True,False
5,7,11133933202766091754,SLH_DSA_PURE_SHA2_128S,0.14661505597177893,0.0034446860663592815,0.6549872239120305,0.0010956310434266925,0.010778086027130485,0.010862872935831547,10.68849335401319,1.2375966804042744,2482153.0,7856.0,32.0,5000.0,True,False
5,7,3690222254278798327,SLH_DSA_PURE_SHA2_128S,0.08480426797177643,0.0018890650244429708,0.6350732109276578,0.0011494009522721171,0.010776433045975864,0.010824980097822845,10.917235362925567,1.2330595057481413,2482153.0,7856.0,32.0,5000.0,True,False
5,7,5916422332192061538,SLH_DSA_PURE_SHA2_128S,0.07960989105049521,0.0015485829208046198,0.6466369519475847,0.0010858190944418311,0.010762508027255535,0.01080861990340054,11.035937907989137,1.2144447322104388,2482153.0,7856.0,32.0,5000.0,True,False
5,7,11698055566413289882,SLH_DSA_PURE_SHA2_128S,0.08447863894980401,0.0016678329557180405,0.6466270859818906,0.001142025925219059,0.010608929092995822,0.01065673097036779,10.873068138957024,1.2439308808108045,2482153.0,7856.0,32.0,5000.0,True,False
5,7,8102557363689453137,SLH_DSA_PURE_SHA2_128S,0.15718370501417667,0.0027688470436260104,0.7335134870372713,0.0010734039824455976,0.010763506987132132,0.010812609922140837,10.927952899946831,1.235102684254859,2482153.0,7856.0,32.0,5000.0,True,False
5,7,900842401174636802,SLH_DSA_PURE_SHA2_128S,0.08432097593322396,0.001526830019429326,0.6301554769743234,0.0011248700320720673,0.010710990987718105,0.010759128956124187,10.900090957991779,1.2695760935734792,2482153.0,7856.0,32.0,5000.0,True,False
5,7,12378959710964210734,SLH_DSA_PURE_SHA2_128S,0.10141992790158838,0.0016692839562892914,0.6334856009343639,0.0010771580273285508,0.010783946956507862,0.010861051036044955,11.091200020979159,1.2430765203609588,2482153.0,7856.0,32.0,5000.0,True,False
5,7,13642139697466739242,SLH_DSA_PURE_SHA2_128S,0.08078986697364599,0.0015959209995344281,0.6327729119220749,0.0010945210233330727,0.010689993971027434,0.010737517033703625,11.09826571191661,1.236764766228427,2482153.0,7856.0,32.0,5000.0,True,False
5,7,15421659711005028620,SLH_DSA_PURE_SHA2_128S,0.08459257904905826,0.002033266006037593,0.6246447259327397,0.001073873951099813,0.010814224951900542,0.010861435905098915,6.483832097961567,1.2348756904055358,2482153.0,7856.0,32.0,5000.0,True,False
5,7,11602837133561705534,SLH_DSA_PURE_SHA2_128S,0.07780940097291023,0.0016075399471446872,0.6060591479763389,0.0010986140696331859,0.010862042079679668,0.010909151984378695,6.548885666998103,1.210936533038024,2482153.0,7856.0,32.0,5000.0,True,False
5,8,11698055566413289882,SLH_DSA_PURE_SHA2_128S,0.08544138993602246,0.0017075969371944666,0.6296358900144696,0.0010697590187191963,0.01101940602529794,0.011105551035143435,10.85530857089907,1.180853323572001,2482153.0,7856.0,32.0,5000.0,True,False
5,8,3690222254278798327,SLH_DSA_PURE_SHA2_128S,0.14104581903666258,0.0017014759359881282,0.6308928109938279,0.0010886170202866197,0.011946218088269234,0.011992911924608052,10.796656422084197,1.1755063655270133,2482153.0,7856.0,32.0,5000.0,True,False
5,8,11133933202766091754,SLH_DSA_PURE_SHA2_128S,0.08140308002475649,0.0013246650341898203,0.6297813849523664,0.0011957850074395537,0.011025137966498733,0.011093277018517256,10.93161476298701,1.180327664135368,2482153.0,7856.0,32.0,5000.0,True,False
5,8,5916422332192061538,SLH_DSA_PURE_SHA2_128S,0.07995356700848788,0.0014240939635783434,0.6801833680365235,0.001068420009687543,0.010772665031254292,0.010819134069606662,10.928848174982704,1.1608273132591491,2482153.0,7856.0,32.0,5000.0,True,False
5,8,12378959710964210734,SLH_DSA_PURE_SHA2_128S,0.1520501390332356,0.0019323360174894333,0.6340357899898663,0.0010910520795732737,0.01080001995433122,0.010847447090782225,10.910635069943964,1.174009069135994,2482153.0,7856.0,32.0,5000.0,True,False
5,8,13642139697466739242,SLH_DSA_PURE_SHA2_128S,0.09542369993869215,0.0018181430641561747,0.6322600319981575,0.0011373059824109077,0.01072826492600143,0.010783119942061603,10.831831427989528,1.1770162512162687,2482153.0,7856.0,32.0,5000.0,True,False
5,8,8102557363689453137,SLH_DSA_PURE_SHA2_128S,0.08511072502005845,0.0015559560852125287,0.6458260089857504,0.0012691770680248737,0.010747603955678642,0.010827722027897835,10.989460077951662,1.1717346834528977,2482153.0,7856.0,32.0,5000.0,True,False
5,8,900842401174636802,SLH_DSA_PURE_SHA2_128S,0.07953116297721863,0.0013272810028865933,0.6334102149121463,0.0011032939655706286,0.010859900037758052,0.01090589293744415,10.956924380967394,1.1900695338370695,2482153.0,7856.0,32.0,5000.0,True,False
5,8,15421659711005028620,SLH_DSA_PURE_SHA2_128S,0.08514988503884524,0.002113515045493841,0.6182817099615932,0.0011062870034947991,0.010785661987029016,0.010831051971763372,6.459473282913677,1.1741808694639024,2482153.0,7856.0,32.0,5000.0,True,False
5,8,11602837133561705534,SLH_DSA_PURE_SHA2_128S,0.07726112694945186,0.001450820011086762,0.6100915760034695,0.0010635990183800459,0.010803928948007524,0.010849514976143837,6.554776813951321,1.1483096104518624,2482153.0,7856.0,32.0,5000.0,True,False
5,9,5916422332192061538,SLH_DSA_PURE_SHA2_128S,0.08436861401423812,0.003369973972439766,0.6622487839777023,0.0011226310161873698,0.01094374805688858,0.011035269009880722,10.764729489921592,1.097626688374076,2482153.0,7856.0,32.0,5000.0,True,False
5,9,11133933202766091754,SLH_DSA_PURE_SHA2_128S,0.08446822303812951,0.003398123080842197,0.6315479879267514,0.0011870380258187652,0.010686738998629153,0.010751691996119916,10.73957859503571,1.117747309101615,2482153.0,7856.0,32.0,5000.0,True,False
5,9,11698055566413289882,SLH_DSA_PURE_SHA2_128S,0.10354714805725962,0.0018819129327312112,0.6324043680215254,0.0011169289937242866,0.010715955984778702,0.010765535989776254,10.72344152093865,1.1079303443811501,2482153.0,7856.0,32.0,5000.0,True,False
5,9,3690222254278798327,SLH_DSA_PURE_SHA2_128S,0.08022666501346976,0.0013999789953231812,0.6295456850202754,0.001192093943245709,0.010614846018142998,0.010663866996765137,10.84321624902077,1.1033336637885707,2482153.0,7856.0,32.0,5000.0,True,False
5,9,13642139697466739242,SLH_DSA_PURE_SHA2_128S,0.14905639307107776,0.0017168130725622177,0.6295830280287191,0.0011119470000267029,0.010746537009254098,0.010796129936352372,10.688057122053578,1.0954303610476719,2482153.0,7856.0,32.0,5000.0,True,False
5,9,8102557363689453137,SLH_DSA_PURE_SHA2_128S,0.11941478797234595,0.0013741550501435995,0.6272724310401827,0.0011636659037321806,0.010679790982976556,0.0107290850719437,10.832216851995327,1.121345969142428,2482153.0,7856.0,32.0,5000.0,True,False
5,9,12378959710964210734,SLH_DSA_PURE_SHA2_128S,0.1634513169992715,0.0015491850208491087,0.6688535099383444,0.0011264350032433867,0.010795726906508207,0.010886170901358128,10.741535800974816,1.1127636364311169,2482153.0,7856.0,32.0,5000.0,True,False
5,9,900842401174636802,SLH_DSA_PURE_SHA2_128S,0.10860655002761632,0.0013957800110802054,0.6340676919789985,0.0011368090054020286,0.011125614051707089,0.011177808977663517,10.769545973045751,1.1201275484577107,2482153.0,7856.0,32.0,5000.0,True,False
5,9,15421659711005028620,SLH_DSA_PURE_SHA2_128S,0.07996010698843747,0.0014648339711129665,0.6092386150266975,0.0011607450433075428,0.010860833921469748,0.01091052102856338,6.950034729903564,1.115520901361089,2482153.0,7856.0,32.0,5000.0,True,False
5,9,11602837133561705534,SLH_DSA_PURE_SHA2_128S,0.07749733107630163,0.0014745760709047318,0.6152315129293129,0.0011113930959254503,0.010750679997727275,0.010800551041029394,6.960179245914333,1.0975038200427012,2482153.0,7856.0,32.0,5000.0,True,False
5,10,5916422332192061538,SLH_DSA_PURE_SHA2_128S,0.1574605070054531,0.0028848040383309126,0.720123389037326,0.0010934449965134263,0.010741856065578759,0.010832809028215706,10.559880665969104,1.0290048562797012,2482153.0,7856.0,32.0,5000.0,True,False
5,10,11133933202766091754,SLH_DSA_PURE_SHA2_128S,0.10411861795000732,0.001534355920739472,0.6338157199788839,0.001098020002245903,0.01087782101240009,0.01093536801636219,10.844121444039047,1.0664428666139105,2482153.0,7856.0,32.0,5000.0,True,False
5,10,11698055566413289882,SLH_DSA_PURE_SHA2_128S,0.08487490995321423,0.00154092104639858,0.7380586799699813,0.0010722220176830888,0.010959174018353224,0.011006535962224007,10.823766413959675,1.0396353378417387,2482153.0,7856.0,32.0,5000.0,True,False
5,10,3690222254278798327,SLH_DSA_PURE_SHA2_128S,0.07967908401042223,0.0013874080032110214,0.64373487199191,0.0011657120194286108,0.010769873042590916,0.010819156072102487,10.990496212965809,1.0556956362572445,2482153.0,7856.0,32.0,5000.0,True,False
5,10,8102557363689453137,SLH_DSA_PURE_SHA2_128S,0.08772847091313452,0.0017560829874128103,0.6325986810261384,0.0010646949522197247,0.010690598981454968,0.010735825053416193,11.079010835965164,1.0571767623257484,2482153.0,7856.0,32.0,5000.0,True,False
5,10,12378959710964210734,SLH_DSA_PURE_SHA2_128S,0.08027275698259473,0.0013878160389140248,0.631135439965874,0.001157306949608028,0.010965071036480367,0.01102540292777121,11.047506199916825,1.0562024074754897,2482153.0,7856.0,32.0,5000.0,True,False
5,10,900842401174636802,SLH_DSA_PURE_SHA2_128S,0.13166191393975168,0.001413721009157598,0.6287749569164589,0.0013933820882812142,0.011097486945800483,0.011193998041562736,10.673464801046066,1.05364884920181,2482153.0,7856.0,32.0,5000.0,True,False
5,10,13642139697466739242,SLH_DSA_PURE_SHA2_128S,0.08378943195566535,0.0015214289305731654,0.6597540279617533,0.0011286819353699684,0.010837613022886217,0.010886483010835946,10.802941203000955,1.042684519746501,2482153.0,7856.0,32.0,5000.0,True,False
5,10,11602837133561705534,SLH_DSA_PURE_SHA2_128S,0.0852668141014874,0.002711195033043623,0.6431778999976814,0.0010578089859336615,0.010830832994543016,0.010877046035602689,6.284433981985785,1.0235770838275837,2482153.0,7856.0,32.0,5000.0,True,False
5,10,15421659711005028620,SLH_DSA_PURE_SHA2_128S,0.07762761600315571,0.0013572920579463243,0.6047723419032991,0.0011691839899867773,0.01213893003296107,0.012188500026240945,6.769652280025184,1.0497187873360458,2482153.0,7856.0,32.0,5000.0,True,False
5,11,3690222254278798327,SLH_DSA_PURE_SHA2_128S,0.14851544704288244,0.0034323829459026456,0.7539329919964075,0.001095106010325253,0.010688793030567467,0.010776325943879783,10.591729058069177,1.0063393586760114,2482153.0,7856.0,32.0,5000.0,True,False
5,11,5916422332192061538,SLH_DSA_PURE_SHA2_128S,0.13421098596882075,0.0026595310773700476,0.6312158888904378,0.001069809077307582,0.010706460918299854,0.010752007947303355,10.812121958006173,0.9759323241984009,2482153.0,7856.0,32.0,5000.0,True,False
5,11,11698055566413289882,SLH_DSA_PURE_SHA2_128S,0.08019537606742233,0.0013773359823971987,0.6338450270704925,0.0011538859689608216,0.010788670973852277,0.010833858978003263,11.008023421047255,0.9774394428274434,2482153.0,7856.0,32.0,5000.0,True,False
5,11,11133933202766091754,SLH_DSA_PURE_SHA2_128S,0.08569707698188722,0.0015416599344462156,0.6461365070426837,0.0010676910169422626,0.010849728947505355,0.010896546067669988,10.921018940047361,1.0256408392244083,2482153.0,7856.0,32.0,5000.0,True,False
5,11,12378959710964210734,SLH_DSA_PURE_SHA2_128S,0.10599808907136321,0.0021635059965774417,0.6375574800185859,0.0011857741046696901,0.010953768040053546,0.011001655948348343,10.885880384012125,1.0017782140309643,2482153.0,7856.0,32.0,5000.0,True,False
5,11,8102557363689453137,SLH_DSA_PURE_SHA2_128S,0.15233259100932628,0.003889850922860205,0.6697035680990666,0.0013940100325271487,0.010758723015896976,0.01080803805962205,10.901871207985096,0.9888562928339478,2482153.0,7856.0,32.0,5000.0,True,False
5,11,900842401174636802,SLH_DSA_PURE_SHA2_128S,0.07926811091601849,0.0016274589579552412,0.6324112380389124,0.0011164119932800531,0.010754060931503773,0.01083165395539254,10.955574029008858,1.0112893459903207,2482153.0,7856.0,32.0,5000.0,True,False
5,11,13642139697466739242,SLH_DSA_PURE_SHA2_128S,0.15065413201227784,0.0015066559426486492,0.6324462790507823,0.0010506600374355912,0.010769699001684785,0.010818368988111615,10.892180167953484,0.9821588814638222,2482153.0,7856.0,32.0,5000.0,True,False
5,11,15421659711005028620,SLH_DSA_PURE_SHA2_128S,0.07783297903370112,0.0013700940180569887,0.6101602440467104,0.0011205319315195084,0.010791210923343897,0.010837114066816866,6.648067596950568,0.9882303218173373,2482153.0,7856.0,32.0,5000.0,True,False
5,11,11602837133561705534,SLH_DSA_PURE_SHA2_128S,0.0790288660209626,0.0013917919714003801,0.6106960830511525,0.001070158090442419,0.010813893983140588,0.010861160000786185,6.590491674025543,0.9506148790857595,2482153.0,7856.0,32.0,5000.0,True,False
5,12,11698055566413289882,SLH_DSA_PURE_SHA2_128S,0.08571230992674828,0.002194406930357218,0.6288926349952817,0.0011686859652400017,0.010716862045228481,0.010805353987962008,10.732650510035455,0.9471056195581036,2482153.0,7856.0,32.0,5000.0,True,False
5,12,11133933202766091754,SLH_DSA_PURE_SHA2_128S,0.1441700089490041,0.0017962490674108267,0.6309412230039015,0.0011057420633733273,0.011251808027736843,0.011302546015940607,10.693457226036116,0.9830502598149002,2482153.0,7856.0,32.0,5000.0,True,False
5,12,5916422332192061538,SLH_DSA_PURE_SHA2_128S,0.08051539200823754,0.0014860640512779355,0.7040407649474218,0.001129525015130639,0.010807364014908671,0.010856293956749141,10.834527855040506,0.9215125675034371,2482153.0,7856.0,32.0,5000.0,True,False
5,12,3690222254278798327,SLH_DSA_PURE_SHA2_128S,0.08007312996778637,0.0013783950125798583,0.6304190539522097,0.0010752839734777808,0.010722571983933449,0.010770720895379782,10.842450998025015,0.9402816923940258,2482153.0,7856.0,32.0,5000.0,True,False
5,12,12378959710964210734,SLH_DSA_PURE_SHA2_128S,0.15824974002316594,0.0021409241016954184,0.75199701404199,0.0011501320404931903,0.010716555989347398,0.010766519932076335,10.658304432989098,0.9607554922817619,2482153.0,7856.0,32.0,5000.0,True,False
5,12,8102557363689453137,SLH_DSA_PURE_SHA2_128S,0.08675215602852404,0.00232220406178385,0.6553932860260829,0.0011489009484648705,0.0106660439632833,0.010714320000261068,10.990841086953878,0.9500205961002666,2482153.0,7856.0,32.0,5000.0,True,False
5,12,13642139697466739242,SLH_DSA_PURE_SHA2_128S,0.0796458680415526,0.0012843729928135872,0.6312255170196295,0.0011242280015721917,0.012165987980552018,0.012249141000211239,10.957462311955169,0.9427791499787834,2482153.0,7856.0,32.0,5000.0,True,False
5,12,900842401174636802,SLH_DSA_PURE_SHA2_128S,0.09451848093885928,0.0015184390358626842,0.6320019549457356,0.0010945639805868268,0.010746262036263943,0.010795441106893122,10.846863995073363,0.9413997185458044,2482153.0,7856.0,32.0,5000.0,True,False
5,12,15421659711005028620,SLH_DSA_PURE_SHA2_128S,0.07660846505314112,0.001431011944077909,0.6088674200000241,0.001196838915348053,0.01059271499980241,0.010643198038451374,6.706728198099881,0.9620158505287899,2482153.0,7856.0,32.0,5000.0,True,False
5,12,11602837133561705534,SLH_DSA_PURE_SHA2_128S,0.08382000797428191,0.0014967559836804867,0.6100644930265844,0.0010751939844340086,0.01062858197838068,0.010677825077436864,6.521989804925397,0.9214094622879271,2482153.0,7856.0,32.0,5000.0,True,False
5,13,11698055566413289882,SLH_DSA_PURE_SHA2_128S,0.10216579691041261,0.0031275509390980005,0.6405925130238757,0.0010840960312634706,0.010730020003393292,0.01081954303663224,10.762952028075233,0.8958944932670351,2482153.0,7856.0,32.0,5000.0,True,False
5,13,5916422332192061538,SLH_DSA_PURE_SHA2_128S,0.08006142394151539,0.0014029439771547914,0.6320763470139354,0.0011564490851014853,0.010784414014779031,0.010833050939254463,10.891854546032846,0.8775687762506449,2482153.0,7856.0,32.0,5000.0,True,False
5,13,3690222254278798327,SLH_DSA_PURE_SHA2_128S,0.07987363601569086,0.0014122449792921543,0.6321227449225262,0.0011590400245040655,0.010731513029895723,0.010776970069855452,10.897840026998892,0.8810452095642212,2482153.0,7856.0,32.0,5000.0,True,False
5,13,11133933202766091754,SLH_DSA_PURE_SHA2_128S,0.08440800104290247,0.0014465309213846922,0.633865850046277,0.001120890025049448,0.010736105032265186,0.010784205049276352,10.834434415912256,0.9312770717842563,2482153.0,7856.0,32.0,5000.0,True,False
5,13,8102557363689453137,SLH_DSA_PURE_SHA2_128S,0.11482379399240017,0.0018334100022912025,0.727467532036826,0.0010533520253375173,0.010824793949723244,0.010870789992623031,10.673999035963789,0.9017309009269544,2482153.0,7856.0,32.0,5000.0,True,False
5,13,12378959710964210734,SLH_DSA_PURE_SHA2_128S,0.0846841080347076,0.0020410650176927447,0.6273207259364426,0.0011279709869995713,0.010614946018904448,0.01066243601962924,10.845940659986809,0.9200430789570899,2482153.0,7856.0,32.0,5000.0,True,False
5,13,13642139697466739242,SLH_DSA_PURE_SHA2_128S,0.14935669000260532,0.0016722630243748426,0.65225180296693,0.0010779360309243202,0.01077517808880657,0.010852878098376095,10.713092072983272,0.8821474577590918,2482153.0,7856.0,32.0,5000.0,True,False
5,13,900842401174636802,SLH_DSA_PURE_SHA2_128S,0.10610069800168276,0.0013223889982327819,0.6351967350346968,0.001148558920249343,0.011112731997855008,0.011163968942128122,10.873274444020353,0.9123404232939337,2482153.0,7856.0,32.0,5000.0,True,False
5,13,11602837133561705534,SLH_DSA_PURE_SHA2_128S,0.08511112700216472,0.002589288051240146,0.6124888099730015,0.0010513580637052655,0.010767947067506611,0.01081530493684113,6.360091187991202,0.8698902627465072,2482153.0,7856.0,32.0,5000.0,True,False
5,13,15421659711005028620,SLH_DSA_PURE_SHA2_128S,0.07668286806438118,0.0013565849512815475,0.6084412219934165,0.0011235310230404139,0.010783307952806354,0.010830675018951297,6.676787163945846,0.8948213712424989,2482153.0,7856.0,32.0,5000.0,True,False
5,14,11133933202766091754,SLH_DSA_PURE_SHA2_128S,0.16067341691814363,0.003112365026026964,0.7226852359017357,0.001119805034250021,0.010811603046022356,0.010900243069045246,10.6260701949941,0.8777945104298318,2482153.0,7856.0,32.0,5000.0,True,False
5,14,5916422332192061538,SLH_DSA_PURE_SHA2_128S,0.08333463594317436,0.001385506009683013,0.6384646079968661,0.0011075870133936405,0.010785683058202267,0.010831468040123582,10.934767468017526,0.8180530942549371,2482153.0,7856.0,32.0,5000.0,True,False
5,14,11698055566413289882,SLH_DSA_PURE_SHA2_128S,0.12217546498868614,0.0015213540755212307,0.6293857799610123,0.001106139039620757,0.010934773948974907,0.010979652986861765,10.893520128913224,0.8517219611224095,2482153.0,7856.0,32.0,5000.0,True,False
5,14,3690222254278798327,SLH_DSA_PURE_SHA2_128S,0.08018154406454414,0.0016629290767014027,0.642670956091024,0.0011767440009862185,0.010836086003109813,0.010882347007282078,11.012272906024009,0.8379688162332887,2482153.0,7856.0,32.0,5000.0,True,False
5,14,8102557363689453137,SLH_DSA_PURE_SHA2_128S,0.14350129500962794,0.0030052759684622288,0.7605895079905167,0.0010949668940156698,0.0107521420577541,0.010800005053170025,10.802113814046606,0.8433202628497105,2482153.0,7856.0,32.0,5000.0,True,False
5,14,12378959710964210734,SLH_DSA_PURE_SHA2_128S,0.08566784393042326,0.0026647699996829033,0.6326848429162055,0.0010524680837988853,0.010866851080209017,0.010912579949945211,10.88128159509506,0.8571597407957551,2482153.0,7856.0,32.0,5000.0,True,False
5,14,13642139697466739242,SLH_DSA_PURE_SHA2_128S,0.08889573998749256,0.0014443750260397792,0.6351431849179789,0.0010776739800348878,0.010770057095214725,0.010847638011910021,10.975165240932256,0.8332664521446653,2482153.0,7856.0,32.0,5000.0,True,False
5,14,900842401174636802,SLH_DSA_PURE_SHA2_128S,0.0856911379378289,0.0013533940073102713,0.6322747360682115,0.0011002059327438474,0.010744133032858372,0.01079046807717532,10.88167825806886,0.8729888829076367,2482153.0,7856.0,32.0,5000.0,True,False
5,14,11602837133561705534,SLH_DSA_PURE_SHA2_128S,0.08492443105205894,0.0019142740638926625,0.619619705947116,0.0010706529719755054,0.010840688017196953,0.010886162053793669,6.430987625033595,0.8214215279384783,2482153.0,7856.0,32.0,5000.0,True,False
5,14,15421659711005028620,SLH_DSA_PURE_SHA2_128S,0.07754663203377277,0.0013808510266244411,0.6092653749510646,0.001103176036849618,0.011098220944404602,0.011144277057610452,6.789879639982246,0.8523128171255634,2482153.0,7856.0,32.0,5000.0,True,False
5,15,11698055566413289882,SLH_DSA_PURE_SHA2_128S,0.16260327806230634,0.0024306749692186713,0.7876677460735664,0.001128623029217124,0.010709402966313064,0.010800549993291497,10.46953546605073,0.8364542041234909,2482153.0,7856.0,32.0,5000.0,True,False
5,15,5916422332192061538,SLH_DSA_PURE_SHA2_128S,0.08260997699107975,0.0014324099756777287,0.628923234064132,0.0010931401047855616,0.01072083692997694,0.010771048022434115,10.871662935009226,0.7778267805363722,2482153.0,7856.0,32.0,5000.0,True,False
5,15,11133933202766091754,SLH_DSA_PURE_SHA2_128S,0.08338951598852873,0.0015243570087477565,0.6286858250387013,0.0011021529790014029,0.010807662969455123,0.010855775908567011,10.855181068996899,0.8421098461766152,2482153.0,7856.0,32.0,5000.0,True,False
5,15,3690222254278798327,SLH_DSA_PURE_SHA2_128S,0.09540927200578153,0.0015861740102991462,0.6754478879738599,0.0010778510477393866,0.0107969919918105,0.010845002019777894,10.909478817950003,0.8181367797456729,2482153.0,7856.0,32.0,5000.0,True,False
5,15,8102557363689453137,SLH_DSA_PURE_SHA2_128S,0.12126051099039614,0.0037600849755108356,0.768525349907577,0.0011313529685139656,0.010854021995328367,0.010901825968176126,10.733198413974606,0.799737552358846,2482153.0,7856.0,32.0,5000.0,True,False
5,15,13642139697466739242,SLH_DSA_PURE_SHA2_128S,0.16053446393925697,0.002969664055854082,0.6612835340201855,0.001085318042896688,0.010798402945511043,0.010846834979020059,10.670892361085862,0.8037819572884566,2482153.0,7856.0,32.0,5000.0,True,False
5,15,900842401174636802,SLH_DSA_PURE_SHA2_128S,0.08297073899302632,0.0014611590886488557,0.6332561590243131,0.0010892630089074373,0.010942662018351257,0.01102071104105562,10.757338967057876,0.8348576866897048,2482153.0,7856.0,32.0,5000.0,True,False
5,15,12378959710964210734,SLH_DSA_PURE_SHA2_128S,0.07912046799901873,0.001411766977980733,0.6517115980386734,0.0011449629673734307,0.010782795958220959,0.01083185593597591,10.964457183028571,0.8228399801975602,2482153.0,7856.0,32.0,5000.0,True,False
5,15,11602837133561705534,SLH_DSA_PURE_SHA2_128S,0.08491613203659654,0.002236519008874893,0.625029449001886,0.0011188340140506625,0.01076284795999527,0.010810767998918891,6.5301885770168155,0.7909085885354668,2482153.0,7856.0,32.0,5000.0,True,False
5,15,15421659711005028620,SLH_DSA_PURE_SHA2_128S,0.07759622600860894,0.001327440026216209,0.6098632300272584,0.0011312850983813405,0.010733744013123214,0.010783449048176408,6.907013043994084,0.8053467989347542,2482153.0,7856.0,32.0,5000.0,True,False
5,16,11698055566413289882,SLH_DSA_PURE_SHA2_128S,0.1541211639996618,0.0015121001051738858,0.6345712119946256,0.0010643090354278684,0.010746931075118482,0.0108338090358302,10.740308196051046,0.7718595936419858,2482153.0,7856.0,32.0,5000.0,True,False
5,16,3690222254278798327,SLH_DSA_PURE_SHA2_128S,0.14602018205914646,0.0015664519742131233,0.6325287090148777,0.0011217580176889896,0.011262704967521131,0.01131278497632593,10.772268839995377,0.765320522010706,2482153.0,7856.0,32.0,5000.0,True,False
5,16,5916422332192061538,SLH_DSA_PURE_SHA2_128S,0.08421899506356567,0.0014386160764843225,0.6299535679863766,0.0012653530575335026,0.010783962090499699,0.010832529980689287,10.85606713895686,0.7429860687939225,2482153.0,7856.0,32.0,5000.0,True,False
5,16,11133933202766091754,SLH_DSA_PURE_SHA2_128S,0.0800127019174397,0.0013367750216275454,0.6299281429965049,0.001101770089007914,0.010727378888987005,0.010774024995043874,10.929575933958404,0.7791892336622165,2482153.0,7856.0,32.0,5000.0,True,False
5,16,900842401174636802,SLH_DSA_PURE_SHA2_128S,0.08526882401201874,0.0015047549968585372,0.6277272501029074,0.0011423510732129216,0.010681924992240965,0.01072711800225079,10.834706033114344,0.791632277760536,2482153.0,7856.0,32.0,5000.0,True,False
5,16,12378959710964210734,SLH_DSA_PURE_SHA2_128S,0.09208198101259768,0.0014237189898267388,0.6290735849179327,0.0010946070542559028,0.010780391981825233,0.010826244950294495,10.909596077981405,0.7791211825742084,2482153.0,7856.0,32.0,5000.0,True,False
5,16,8102557363689453137,SLH_DSA_PURE_SHA2_128S,0.08059984201099724,0.0014562599826604128,0.6331927810097113,0.0010843449272215366,0.010714440955780447,0.010790026979520917,10.987492560059763,0.7785552228522149,2482153.0,7856.0,32.0,5000.0,True,False
5,16,13642139697466739242,SLH_DSA_PURE_SHA2_128S,0.08065561193507165,0.001396571984514594,0.6325208060443401,0.001080724992789328,0.0107677310006693,0.010823484975844622,10.948217747034505,0.7650138012542846,2482153.0,7856.0,32.0,5000.0,True,False
5,16,15421659711005028620,SLH_DSA_PURE_SHA2_128S,0.07708627195097506,0.0014325010124593973,0.6106214160099626,0.001126262010075152,0.011157905915752053,0.011203601025044918,6.525622334098443,0.7598685284329069,2482153.0,7856.0,32.0,5000.0,True,False
5,16,11602837133561705534,SLH_DSA_PURE_SHA2_128S,0.08111547690350562,0.00147574907168746,0.6096848899032921,0.0012099080486223102,0.010674288030713797,0.010740355937741697,6.475704218959436,0.7574801044479297,2482153.0,7856.0,32.0,5000.0,True,False
5,17,3690222254278798327,SLH_DSA_PURE_SHA2_128S,0.11745922407135367,0.002470967941917479,0.6344184370245785,0.0011636579874902964,0.010678007965907454,0.01076447602827102,10.8597028470831,0.7146097664620467,2482153.0,7856.0,32.0,5000.0,True,False
5,17,11133933202766091754,SLH_DSA_PURE_SHA2_128S,0.1327271630289033,0.0014865369303151965,0.6294833499705419,0.001155638019554317,0.010762433987110853,0.010807181941345334,10.851370583986863,0.7484635705970655,2482153.0,7856.0,32.0,5000.0,True,False
5,17,5916422332192061538,SLH_DSA_PURE_SHA2_128S,0.0797464040806517,0.0014016350032761693,0.6287223149556667,0.001176146906800568,0.010893278056755662,0.010941065032966435,10.959451328963041,0.7046126064601218,2482153.0,7856.0,32.0,5000.0,True,False
5,17,11698055566413289882,SLH_DSA_PURE_SHA2_128S,0.0949254009174183,0.00139437906909734,0.6689901560312137,0.0010640490800142288,0.010743570048362017,0.01078933896496892,10.969401465030387,0.7376294964627855,2482153.0,7856.0,32.0,5000.0,True,False
5,17,12378959710964210734,SLH_DSA_PURE_SHA2_128S,0.08568464801646769,0.002287312992848456,0.6400839019333944,0.0011503370478749275,0.010718169040046632,0.010763930971734226,10.893380668014288,0.7488525851516966,2482153.0,7856.0,32.0,5000.0,True,False
5,17,8102557363689453137,SLH_DSA_PURE_SHA2_128S,0.14501027402002364,0.0023129848996177316,0.6776278199395165,0.001048650941811502,0.010692687937989831,0.01073954300954938,10.993092218996026,0.7552835587293479,2482153.0,7856.0,32.0,5000.0,True,False
5,17,13642139697466739242,SLH_DSA_PURE_SHA2_128S,0.08301803807262331,0.0016992780147120357,0.6339518789900467,0.001181298983283341,0.010923589929006994,0.011004016967490315,11.008089600945823,0.7271672348687603,2482153.0,7856.0,32.0,5000.0,True,False
5,17,900842401174636802,SLH_DSA_PURE_SHA2_128S,0.07953561306931078,0.0014018669025972486,0.649647401063703,0.001059456029906869,0.010716674965806305,0.010764943901449442,11.00758450909052,0.7423169645154553,2482153.0,7856.0,32.0,5000.0,True,False
5,17,15421659711005028620,SLH_DSA_PURE_SHA2_128S,0.08490195509511977,0.0024583949707448483,0.6277806640136987,0.0010905810631811619,0.010699622915126383,0.010745887993834913,6.595444566104561,0.7418948933007611,2482153.0,7856.0,32.0,5000.0,True,False
5,17,11602837133561705534,SLH_DSA_PURE_SHA2_128S,0.0770153149496764,0.0013377160066738725,0.607089244062081,0.0010875760344788432,0.010742061072960496,0.010789830004796386,6.818033336894587,0.7371035357759257,2482153.0,7856.0,32.0,5000.0,True,False
5,18,11698055566413289882,SLH_DSA_PURE_SHA2_128S,0.08717436494771391,0.0022804769687354565,0.638768486911431,0.0011197649873793125,0.010917974985204637,0.011009703041054308,10.887624866096303,0.724062052691818,2482153.0,7856.0,32.0,5000.0,True,False
5,18,5916422332192061538,SLH_DSA_PURE_SHA2_128S,0.0848104968899861,0.001771004986949265,0.6298241460463032,0.001141333021223545,0.010889239027164876,0.010938088991679251,11.007646362064406,0.6649380644225771,2482153.0,7856.0,32.0,5000.0,True,False
5,18,3690222254278798327,SLH_DSA_PURE_SHA2_128S,0.15085389697924256,0.002392465015873313,0.6804325019475073,0.0011366669787093997,0.010748883942142129,0.010798203060403466,10.829750991077162,0.6991260171316231,2482153.0,7856.0,32.0,5000.0,True,False
5,18,11133933202766091754,SLH_DSA_PURE_SHA2_128S,0.07994117506314069,0.0013879339676350355,0.696779383928515,0.001115057966671884,0.010807199985720217,0.010855333996005356,11.095136734074913,0.695649748395203,2482153.0,7856.0,32.0,5000.0,True,False
5,18,13642139697466739242,SLH_DSA_PURE_SHA2_128S,0.1013653629925102,0.0017239799490198493,0.6276424899697304,0.0011221920140087605,0.01094491791445762,0.01099926105234772,11.061030389042571,0.6935973045457701,2482153.0,7856.0,32.0,5000.0,True,False
5,18,900842401174636802,SLH_DSA_PURE_SHA2_128S,0.1438050129218027,0.0013733850792050362,0.627342592109926,0.001085957046598196,0.010718896985054016,0.0107693150639534,10.830943222041242,0.7157672607594994,2482153.0,7856.0,32.0,5000.0,True,False
5,18,8102557363689453137,SLH_DSA_PURE_SHA2_128S,0.07978092692792416,0.0017510830657556653,0.6322564169531688,0.0011220589512959123,0.010846922057680786,0.010932803968898952,11.269292601034977,0.700600331091577,2482153.0,7856.0,32.0,5000.0,True,False
5,18,12378959710964210734,SLH_DSA_PURE_SHA2_128S,0.12124886992387474,0.0015756229404360056,0.6507903740275651,0.0010833939304575324,0.01078356895595789,0.010835359105840325,11.120838692993857,0.7066122354215877,2482153.0,7856.0,32.0,5000.0,True,False
5,18,11602837133561705534,SLH_DSA_PURE_SHA2_128S,0.0775067739887163,0.0013759139692410827,0.6120746000669897,0.0010932900477200747,0.011485189897939563,0.01153575407806784,6.813559147063643,0.6810899309481785,2482153.0,7856.0,32.0,5000.0,True,False
5,18,15421659711005028620,SLH_DSA_PURE_SHA2_128S,0.07821638300083578,0.0014024380361661315,0.6082738720579073,0.0011880509555339813,0.01089367107488215,0.010957151069305837,6.822908592992462,0.688602565485201,2482153.0,7856.0,32.0,5000.0,True,False
5,19,11698055566413289882,SLH_DSA_PURE_SHA2_128S,0.08641849202103913,0.0021680870559066534,0.6364795219851658,0.0010828140657395124,0.010774665977805853,0.01086369901895523,10.77794548496604,0.6788178125194683,2482153.0,7856.0,32.0,5000.0,True,False
5,19,3690222254278798327,SLH_DSA_PURE_SHA2_128S,0.16840561595745385,0.001956823980435729,0.638403361896053,0.0010626220609992743,0.010770794935524464,0.010818146984092891,10.78439934598282,0.6714869967311811,2482153.0,7856.0,32.0,5000.0,True,False
5,19,11133933202766091754,SLH_DSA_PURE_SHA2_128S,0.12133460701443255,0.0014669389929622412,0.6339753010543063,0.0010475548915565014,0.010848118923604488,0.01089369400870055,10.89831308403518,0.6766592309258546,2482153.0,7856.0,32.0,5000.0,True,False
5,19,5916422332192061538,SLH_DSA_PURE_SHA2_128S,0.07972532697021961,0.0014179509598761797,0.6303171439794824,0.0010624639689922333,0.010782037046737969,0.010830883053131402,10.911304910085164,0.6322871985708832,2482153.0,7856.0,32.0,5000.0,True,False
5,19,8102557363689453137,SLH_DSA_PURE_SHA2_128S,0.08720355003606528,0.0027430569753050804,0.7681409940123558,0.0010633489582687616,0.011197688989341259,0.01124435500241816,11.04610794200562,0.6987264056684105,2482153.0,7856.0,32.0,5000.0,True,False
5,19,12378959710964210734,SLH_DSA_PURE_SHA2_128S,0.10955798102077097,0.0013881870545446873,0.6316653219982982,0.0010757999261841178,0.010816934052854776,0.0108686099993065,11.130289075081237,0.6638018753688046,2482153.0,7856.0,32.0,5000.0,True,False
5,19,900842401174636802,SLH_DSA_PURE_SHA2_128S,0.08254718803800642,0.001522794016636908,0.6315635599894449,0.001102921087294817,0.010923556052148342,0.011007855995558202,10.941254058969207,0.6601228192923175,2482153.0,7856.0,32.0,5000.0,True,False
5,19,13642139697466739242,SLH_DSA_PURE_SHA2_128S,0.08084276097360998,0.0013801250606775284,0.6627110049594194,0.0010512670269235969,0.010717464028857648,0.010766623076051474,11.157066116924398,0.6648890147827993,2482153.0,7856.0,32.0,5000.0,True,False
5,19,15421659711005028620,SLH_DSA_PURE_SHA2_128S,0.08540414599701762,0.0016348200151696801,0.6185332200257108,0.0010522989323362708,0.010653742938302457,0.010699392994865775,6.617326569976285,0.6496621267810748,2482153.0,7856.0,32.0,5000.0,True,False
5,19,11602837133561705534,SLH_DSA_PURE_SHA2_128S,0.07698078895919025,0.001360581023618579,0.6068043020786718,0.001064739073626697,0.010789910098537803,0.010834099957719445,6.551297015044838,0.6822711464705741,2482153.0,7856.0,32.0,5000.0,True,False
5,20,5916422332192061538,SLH_DSA_PURE_SHA2_128S,0.08642537705600262,0.002735238056629896,0.6332536480622366,0.0010386720532551408,0.01072866190224886,0.010816244059242308,10.787826439947821,0.6215198822082229,2482153.0,7856.0,32.0,5000.0,True,False
5,20,3690222254278798327,SLH_DSA_PURE_SHA2_128S,0.07990482996683568,0.0014027259312570095,0.6327427260112017,0.0010454989969730377,0.0107629110570997,0.0108087690314278,11.059246024000458,0.6608442297786664,2482153.0,7856.0,32.0,5000.0,True,False
5,20,11698055566413289882,SLH_DSA_PURE_SHA2_128S,0.08616350998636335,0.0015225170645862818,0.6338155380217358,0.0010503520024940372,0.010771278059110045,0.010815446032211185,10.813660262036137,0.6449011386769592,2482153.0,7856.0,32.0,5000.0,True,False
5,20,11133933202766091754,SLH_DSA_PURE_SHA2_128S,0.08272903691977262,0.0013971528969705105,0.6459932920988649,0.0010369709925726056,0.010729788918979466,0.010775419999845326,10.954697191948071,0.617232629875089,2482153.0,7856.0,32.0,5000.0,True,False
5,20,8102557363689453137,SLH_DSA_PURE_SHA2_128S,0.0879144569626078,0.0032948150765150785,0.6503254800336435,0.0010411259718239307,0.011758683947846293,0.011803636094555259,10.739786333055235,0.6607723790369217,2482153.0,7856.0,32.0,5000.0,True,False
5,20,12378959710964210734,SLH_DSA_PURE_SHA2_128S,0.15218305599410087,0.0030397269874811172,0.6289549850625917,0.0010857060551643372,0.010783508885651827,0.010828011087141931,10.76183299405966,0.6449122096227992,2482153.0,7856.0,32.0,5000.0,True,False
5,20,900842401174636802,SLH_DSA_PURE_SHA2_128S,0.08104216505307704,0.001440507941879332,0.6323331260355189,0.0010510419961065054,0.010780967073515058,0.010855542961508036,10.738155261031352,0.6485726721347518,2482153.0,7856.0,32.0,5000.0,True,False
5,20,13642139697466739242,SLH_DSA_PURE_SHA2_128S,0.07971846498548985,0.001427951967343688,0.6692930100252852,0.001035909983329475,0.010914216982200742,0.010959901963360608,10.882754279999062,0.636612892767806,2482153.0,7856.0,32.0,5000.0,True,False
5,20,15421659711005028620,SLH_DSA_PURE_SHA2_128S,0.08525878703221679,0.0017014790792018175,0.664654683903791,0.0010878669563680887,0.010802924982272089,0.01084843894932419,6.17662605305668,0.6257454336259016,2482153.0,7856.0,32.0,5000.0,True,False
5,20,11602837133561705534,SLH_DSA_PURE_SHA2_128S,0.07670943299308419,0.00224375503603369,0.5995381620014086,0.0010404440108686686,0.010670635965652764,0.010716136894188821,6.614920577034354,0.6410087179511216,2482153.0,7856.0,32.0,5000.0,True,False
5,21,5916422332192061538,SLH_DSA_PURE_SHA2_128S,0.08684152096975595,0.0018607950769364834,0.6431331799831241,0.0010840640170499682,0.011340870056301355,0.011435874970629811,10.87053106003441,0.6161512331028652,2482153.0,7856.0,32.0,5000.0,True,False
5,21,11133933202766091754,SLH_DSA_PURE_SHA2_128S,0.13822684495244175,0.001513489056378603,0.6834465080173686,0.0011456499341875315,0.011075795977376401,0.01112893398385495,10.753074408974499,0.6149691211380017,2482153.0,7856.0,32.0,5000.0,True,False
5,21,11698055566413289882,SLH_DSA_PURE_SHA2_128S,0.1190959500381723,0.0015780100366100669,0.8462451319210231,0.0010643310379236937,0.010829405975528061,0.010875063017010689,10.858873282908462,0.6145418587194127,2482153.0,7856.0,32.0,5000.0,True,False
5,21,3690222254278798327,SLH_DSA_PURE_SHA2_128S,0.07995224103797227,0.0013486749958246946,0.7134697550209239,0.0011620819568634033,0.010930426069535315,0.010979394079186022,10.896045504952781,0.6357946037581772,2482153.0,7856.0,32.0,5000.0,True,False
5,21,900842401174636802,SLH_DSA_PURE_SHA2_128S,0.0862359459279105,0.001835799077525735,0.8237367129186168,0.0010958299972116947,0.010789758060127497,0.010837303940206766,10.384004254010506,0.6318291922093956,2482153.0,7856.0,32.0,5000.0,True,False
5,21,8102557363689453137,SLH_DSA_PURE_SHA2_128S,0.14542908605653793,0.002300532069057226,0.817804787075147,0.0011676918948069215,0.010693251038901508,0.010743931052275002,10.656666976050474,0.6263381462947578,2482153.0,7856.0,32.0,5000.0,True,False
5,21,12378959710964210734,SLH_DSA_PURE_SHA2_128S,0.08056695701088756,0.0015421310672536492,0.695949079003185,0.0010878279572352767,0.010857108980417252,0.010933783021755517,10.805316325975582,0.602329933434535,2482153.0,7856.0,32.0,5000.0,True,False
5,21,13642139697466739242,SLH_DSA_PURE_SHA2_128S,0.13810390897560865,0.0014101099222898483,1.0131284010130912,0.0011319620534777641,0.010961745050735772,0.011012124014087021,10.752446770085953,0.6192596687395482,2482153.0,7856.0,32.0,5000.0,True,False
5,21,11602837133561705534,SLH_DSA_PURE_SHA2_128S,0.08499123796354979,0.002219727961346507,0.6173608329845592,0.0010646679438650608,0.010841634939424694,0.010887954966165125,6.114517287001945,0.6322717814213911,2482153.0,7856.0,32.0,5000.0,True,False
5,21,15421659711005028620,SLH_DSA_PURE_SHA2_128S,0.07700592104811221,0.0013274080120027065,0.6099017469678074,0.0013483429793268442,0.010743872029706836,0.010796079994179308,6.305060259997845,0.5881130532569186,2482153.0,7856.0,32.0,5000.0,True,False
5,22,3690222254278798327,SLH_DSA_PURE_SHA2_128S,0.0857009959872812,0.0017244319897145033,0.637225354090333,0.001309960032813251,0.010899968910962343,0.010986744076944888,10.566704503027722,0.5873745141467851,2482153.0,7856.0,32.0,5000.0,True,False
5,22,5916422332192061538,SLH_DSA_PURE_SHA2_128S,0.12585953599773347,0.001450820011086762,0.6313240580493584,0.0011194190010428429,0.010653099045157433,0.01070053898729384,10.647229467052966,0.5708187391423876,2482153.0,7856.0,32.0,5000.0,True,False
5,22,11698055566413289882,SLH_DSA_PURE_SHA2_128S,0.09356303093954921,0.0014272549888119102,0.8489239270566031,0.0010835679713636637,0.010852464009076357,0.010898350970819592,10.865104833967052,0.601894389387149,2482153.0,7856.0,32.0,5000.0,True,False
5,22,11133933202766091754,SLH_DSA_PURE_SHA2_128S,0.1672432030318305,0.0019855760037899017,0.9441545030567795,0.0011553829535841942,0.010646454058587551,0.010692692012526095,10.598374639055692,0.5928636651225151,2482153.0,7856.0,32.0,5000.0,True,False
5,22,8102557363689453137,SLH_DSA_PURE_SHA2_128S,0.1527283180039376,0.0026207739720121026,0.9096950220409781,0.0010567840654402971,0.010690269991755486,0.01073404005728662,10.53820472501684,0.6341795954070274,2482153.0,7856.0,32.0,5000.0,True,False
5,22,12378959710964210734,SLH_DSA_PURE_SHA2_128S,0.16319726698566228,0.001678182976320386,0.6786669499706477,0.0011221370659768581,0.010803473996929824,0.01085062709171325,10.770791066111997,0.5783564833461479,2482153.0,7856.0,32.0,5000.0,True,False
5,22,900842401174636802,SLH_DSA_PURE_SHA2_128S,0.17492318304721266,0.0016070230631157756,0.6858587060123682,0.001125926966778934,0.010879545006901026,0.010957987047731876,10.556463891058229,0.6004122625205927,2482153.0,7856.0,32.0,5000.0,True,False
5,22,13642139697466739242,SLH_DSA_PURE_SHA2_128S,0.1352173900231719,0.0015134538989514112,0.969666114076972,0.0011164330644533038,0.010730411973781884,0.010776743059977889,10.59484093892388,0.5957090681193361,2482153.0,7856.0,32.0,5000.0,True,False
5,22,15421659711005028620,SLH_DSA_PURE_SHA2_128S,0.08475462405476719,0.001723320921882987,0.61631801398471,0.0010516499169170856,0.010663407971151173,0.010709129041060805,6.135899035027251,0.5802915254548476,2482153.0,7856.0,32.0,5000.0,True,False
5,22,11602837133561705534,SLH_DSA_PURE_SHA2_128S,0.07746437599416822,0.0012970459647476673,0.6093470699852332,0.0012053620303049684,0.010697161080315709,0.010745730018243194,6.1537669620011,0.5862776412136236,2482153.0,7856.0,32.0,5000.0,True,False
5,23,3690222254278798327,SLH_DSA_PURE_SHA2_128S,0.08623636595439166,0.0021923310123384,0.6455628239782527,0.0010334750404581428,0.010827854974195361,0.010925711947493255,10.691402556956746,0.5561220865625485,2482153.0,7856.0,32.0,5000.0,True,False
5,23,5916422332192061538,SLH_DSA_PURE_SHA2_128S,0.17817912390455604,0.0019651929615065455,0.7423450670903549,0.0011348939733579755,0.010715926997363567,0.010761340032331645,10.72086246800609,0.5590178566706029,2482153.0,7856.0,32.0,5000.0,True,False
5,23,11133933202766091754,SLH_DSA_PURE_SHA2_128S,0.0825703899608925,0.001431094016879797,0.637505927006714,0.0010537030175328255,0.010835218941792846,0.010879102977924049,10.967333132983185,0.564446568939906,2482153.0,7856.0,32.0,5000.0,True,False
5,23,11698055566413289882,SLH_DSA_PURE_SHA2_128S,0.10391513095237315,0.0014597889967262745,0.7115316040581092,0.0011363719822838902,0.0106636059936136,0.01070872601121664,11.036685379920527,0.5867003936581551,2482153.0,7856.0,32.0,5000.0,True,False
5,23,8102557363689453137,SLH_DSA_PURE_SHA2_128S,0.16481682599987835,0.0021617229795083404,1.0300031520891935,0.0012473099632188678,0.010785395046696067,0.01083187002222985,10.439415596076287,0.5999910054597885,2482153.0,7856.0,32.0,5000.0,True,False
5,23,13642139697466739242,SLH_DSA_PURE_SHA2_128S,0.1151648520026356,0.0019010520773008466,0.6371329299872741,0.0011407829588279128,0.011111813015304506,0.011171572026796639,10.505198913975619,0.5623777998006267,2482153.0,7856.0,32.0,5000.0,True,False
5,23,12378959710964210734,SLH_DSA_PURE_SHA2_128S,0.1494518859544769,0.0016068390104919672,0.6336608160054311,0.0010850669350475073,0.010858790017664433,0.01093372399918735,10.753486356930807,0.5557051857660531,2482153.0,7856.0,32.0,5000.0,True,False
5,23,900842401174636802,SLH_DSA_PURE_SHA2_128S,0.1756677139783278,0.0016022069612517953,0.6604925240390003,0.0010768650099635124,0.011088093975558877,0.0111345408950001,10.629199180053547,0.5697123013009691,2482153.0,7856.0,32.0,5000.0,True,False
5,23,11602837133561705534,SLH_DSA_PURE_SHA2_128S,0.08436623204033822,0.0014759189216420054,0.6095795549917966,0.0010675059165805578,0.0111827451037243,0.011230171890929341,6.213242448982783,0.5775355963617753,2482153.0,7856.0,32.0,5000.0,True,False
5,23,15421659711005028620,SLH_DSA_PURE_SHA2_128S,0.07786071707960218,0.0017061830731108785,0.6103956130100414,0.0010323619935661554,0.01094410102814436,0.01098766503855586,6.333065276965499,0.5469769405640045,2482153.0,7856.0,32.0,5000.0,True,False
5,24,3690222254278798327,SLH_DSA_PURE_SHA2_128S,0.15356013702694327,0.0021076550474390388,0.6532139199553058,0.0011186109622940421,0.010840198025107384,0.010928492061793804,11.035791371017694,0.5469081052312046,2482153.0,7856.0,32.0,5000.0,True,False
5,24,11698055566413289882,SLH_DSA_PURE_SHA2_128S,0.08502205100376159,0.0014736689627170563,0.6363385409349576,0.0010986439883708954,0.010709092020988464,0.010779862990602851,11.179958167020231,0.5479743302010807,2482153.0,7856.0,32.0,5000.0,True,False
5,24,5916422332192061538,SLH_DSA_PURE_SHA2_128S,0.08508760598488152,0.0018006430473178625,0.6432269889628515,0.0011284069623798132,0.010745695093646646,0.010794062982313335,11.234412824036554,0.5201462110041812,2482153.0,7856.0,32.0,5000.0,True,False
5,24,11133933202766091754,SLH_DSA_PURE_SHA2_128S,0.07990172202698886,0.001374735962599516,0.631838867906481,0.0011068419553339481,0.010885198949836195,0.010933698969893157,11.418522657011636,0.5625290302856333,2482153.0,7856.0,32.0,5000.0,True,False
5,24,12378959710964210734,SLH_DSA_PURE_SHA2_128S,0.1596421500435099,0.0019130009459331632,0.6428520169574767,0.0010835750726982951,0.010786334052681923,0.010836591944098473,11.058420520974323,0.5242346338215907,2482153.0,7856.0,32.0,5000.0,True,False
5,24,8102557363689453137,SLH_DSA_PURE_SHA2_128S,0.16014325700234622,0.0024809619644656777,0.6870329569792375,0.0010665610898286104,0.010817353031598032,0.010864859097637236,11.218604743015021,0.5683756648639965,2482153.0,7856.0,32.0,5000.0,True,False
5,24,13642139697466739242,SLH_DSA_PURE_SHA2_128S,0.13158993399702013,0.0015368020394816995,0.6310339319752529,0.001118720043450594,0.01077213091775775,0.010850429069250822,11.26464751502499,0.5576587662717719,2482153.0,7856.0,32.0,5000.0,True,False
5,24,900842401174636802,SLH_DSA_PURE_SHA2_128S,0.0792655759723857,0.0013583909021690488,0.632748274016194,0.0010962759843096137,0.010774148046039045,0.010825826087966561,11.15413703105878,0.5572427190650421,2482153.0,7856.0,32.0,5000.0,True,False
5,24,15421659711005028620,SLH_DSA_PURE_SHA2_128S,0.08508837805129588,0.002138284035027027,0.6143730590119958,0.001093675964511931,0.010716179036535323,0.01076505403034389,6.0702953529544175,0.5344188448017949,2482153.0,7856.0,32.0,5000.0,True,False
5,24,11602837133561705534,SLH_DSA_PURE_SHA2_128S,0.0779244190780446,0.0012892100494354963,0.6103342090500519,0.0010761619778349996,0.010746630956418812,0.010794734000228345,6.054416661034338,0.5463524817661115,2482153.0,7856.0,32.0,5000.0,True,False
5,25,11698055566413289882,SLH_DSA_PURE_SHA2_128S,0.08612959901802242,0.0015233390731737018,0.6373449449893087,0.0010535860201343894,0.01074749301187694,0.01083580101840198,11.00591681303922,0.5246627098483265,2482153.0,7856.0,32.0,5000.0,True,False
5,25,5916422332192061538,SLH_DSA_PURE_SHA2_128S,0.14088833204004914,0.0016141969244927168,0.6336359370034188,0.0011037790682166815,0.011210030992515385,0.01125828200019896,10.989215236972086,0.4791757748907159,2482153.0,7856.0,32.0,5000.0,True,False
5,25,3690222254278798327,SLH_DSA_PURE_SHA2_128S,0.08273968705907464,0.0013959819916635752,0.645688539952971,0.0010504829697310925,0.011017945013009012,0.011062777019105852,11.077192856930196,0.5060412772948955,2482153.0,7856.0,32.0,5000.0,True,False
5,25,11133933202766091754,SLH_DSA_PURE_SHA2_128S,0.08026341290678829,0.0014244619524106383,0.7427120039938018,0.0010923879453912377,0.01159231597557664,0.01163751701824367,11.13036465505138,0.5424309492253574,2482153.0,7856.0,32.0,5000.0,True,False
5,25,13642139697466739242,SLH_DSA_PURE_SHA2_128S,0.08764627308119088,0.002639360958710313,0.6534376750933006,0.0011864970438182354,0.010736288037151098,0.010782288038171828,10.656601643073373,0.5180413129081012,2482153.0,7856.0,32.0,5000.0,True,False
5,25,12378959710964210734,SLH_DSA_PURE_SHA2_128S,0.16193485201802105,0.00182526302523911,0.7012562579475343,0.001067340956069529,0.010799244046211243,0.010843620053492486,10.858353590010665,0.5031774283807938,2482153.0,7856.0,32.0,5000.0,True,False
5,25,8102557363689453137,SLH_DSA_PURE_SHA2_128S,0.14420367893762887,0.0017461710376664996,0.6884987460216507,0.0010871849954128265,0.010773596004582942,0.010866282973438501,10.89186123397667,0.5802961275645881,2482153.0,7856.0,32.0,5000.0,True,False
5,25,900842401174636802,SLH_DSA_PURE_SHA2_128S,0.08776358794420958,0.00140580500010401,0.6319652809761465,0.0010635609505698085,0.010720302001573145,0.010767015046440065,10.937156127067283,0.5405836522602921,2482153.0,7856.0,32.0,5000.0,True,False
5,25,15421659711005028620,SLH_DSA_PURE_SHA2_128S,0.08481224300339818,0.00177728699054569,0.6191225439542904,0.0010485469829291105,0.01086809195112437,0.01091301697306335,6.114955076947808,0.48357142209057596,2482153.0,7856.0,32.0,5000.0,True,False
5,25,11602837133561705534,SLH_DSA_PURE_SHA2_128S,0.07725948200095445,0.0014494049828499556,0.6057258859509602,0.001151571050286293,0.01110721006989479,0.011154631967656314,6.0605895010521635,0.5080219908457273,2482153.0,7856.0,32.0,5000.0,True,False
5,26,3690222254278798327,SLH_DSA_PURE_SHA2_128S,0.1376283949939534,0.0015416910173371434,0.6284551540156826,0.001613102969713509,0.020624008029699326,0.020724700996652246,10.833170484984294,0.4936937064549346,2482153.0,7856.0,32.0,5000.0,True,False
5,26,5916422332192061538,SLH_DSA_PURE_SHA2_128S,0.07967794593423605,0.0014077529776841402,0.6333120850613341,0.0012299470836296678,0.010856806067749858,0.01089937996584922,10.990357497008517,0.471586339911268,2482153.0,7856.0,32.0,5000.0,True,False
5,26,11698055566413289882,SLH_DSA_PURE_SHA2_128S,0.08388523606117815,0.001411924953572452,0.6417612920049578,0.0011381349759176373,0.010917318053543568,0.010960294981487095,10.953548260964453,0.5164795742862544,2482153.0,7856.0,32.0,5000.0,True,False
5,26,11133933202766091754,SLH_DSA_PURE_SHA2_128S,0.08517891995143145,0.0013913719449192286,0.6461977659491822,0.001287118997424841,0.010934383026324213,0.010980286984704435,10.933975110994652,0.5322422832250595,2482153.0,7856.0,32.0,5000.0,True,False
5,26,13642139697466739242,SLH_DSA_PURE_SHA2_128S,0.1477337470278144,0.0015418559778481722,0.628296064096503,0.0011924720602110028,0.010930576943792403,0.010977191966958344,10.952354656998068,0.5148687653694373,2482153.0,7856.0,32.0,5000.0,True,False
5,26,900842401174636802,SLH_DSA_PURE_SHA2_128S,0.16460452799219638,0.001809601904824376,0.649868048960343,0.0011477329535409808,0.010870292084291577,0.010913184029050171,10.91451472195331,0.5460392870008945,2482153.0,7856.0,32.0,5000.0,True,False
5,26,12378959710964210734,SLH_DSA_PURE_SHA2_128S,0.126139858039096,0.001681627007201314,0.6325642300071195,0.0012493510730564594,0.010968893999233842,0.011040563927963376,11.072553145000711,0.5127868045382439,2482153.0,7856.0,32.0,5000.0,True,False
5,26,8102557363689453137,SLH_DSA_PURE_SHA2_128S,0.08008810493629426,0.0013847599038854241,0.6345835530664772,0.0010733830276876688,0.01090226205997169,0.010946356924250722,11.296363156987354,0.5402107425983165,2482153.0,7856.0,32.0,5000.0,True,False
5,26,15421659711005028620,SLH_DSA_PURE_SHA2_128S,0.07803513610269874,0.0015500100562348962,0.6115148229291663,0.0011641369201242924,0.011055255075916648,0.011099669034592807,6.323411662946455,0.4707205801917489,2482153.0,7856.0,32.0,5000.0,True,False
5,26,11602837133561705534,SLH_DSA_PURE_SHA2_128S,0.07736918702721596,0.0014115020167082548,0.6104921089718118,0.0011949570616707206,0.011473266058601439,0.011521285050548613,6.309287286014296,0.47918835073519667,2482153.0,7856.0,32.0,5000.0,True,False
5,27,5916422332192061538,SLH_DSA_PURE_SHA2_128S,0.08162529009860009,0.0013794440310448408,0.6285443099914119,0.001201295992359519,0.011085354024544358,0.01115940697491169,11.116178508964367,0.45890906750918575,2482153.0,7856.0,32.0,5000.0,True,False
5,27,3690222254278798327,SLH_DSA_PURE_SHA2_128S,0.15998196706641465,0.002345646033063531,0.6562816719524562,0.0012092030374333262,0.010882970062084496,0.010924128000624478,10.981349895009771,0.4741883741418837,2482153.0,7856.0,32.0,5000.0,True,False
5,27,11698055566413289882,SLH_DSA_PURE_SHA2_128S,0.08374434197321534,0.0014815949834883213,0.6338075760286301,0.001212127972394228,0.010922417975962162,0.010967692011035979,11.074401351972483,0.49454773576918304,2482153.0,7856.0,32.0,5000.0,True,False
5,27,11133933202766091754,SLH_DSA_PURE_SHA2_128S,0.10546352807432413,0.0014438580255955458,0.6332071599317715,0.0011949209729209542,0.010738429031334817,0.010785359074361622,11.124724835040979,0.5032836413070275,2482153.0,7856.0,32.0,5000.0,True,False
5,27,8102557363689453137,SLH_DSA_PURE_SHA2_128S,0.0945047929417342,0.001942580915056169,0.6696169669739902,0.0011502590496093035,0.011173798004165292,0.011225736932829022,10.895117362961173,0.5333200599998236,2482153.0,7856.0,32.0,5000.0,True,False
5,27,12378959710964210734,SLH_DSA_PURE_SHA2_128S,0.15958165493793786,0.001677289023064077,0.6573470369912684,0.001339067006483674,0.011047553969547153,0.011103135999292135,10.812787610921077,0.49973176607185865,2482153.0,7856.0,32.0,5000.0,True,False
5,27,13642139697466739242,SLH_DSA_PURE_SHA2_128S,0.09341101197060198,0.0014968370087444782,0.6338780290680006,0.0012030479265376925,0.011042947066016495,0.011138480040244758,11.036927080946043,0.4705824342906285,2482153.0,7856.0,32.0,5000.0,True,False
5,27,900842401174636802,SLH_DSA_PURE_SHA2_128S,0.0796641920460388,0.0013994199689477682,0.6311142100021243,0.0013557809870690107,0.01100968406535685,0.01107082108501345,11.057742147007957,0.5209510192144543,2482153.0,7856.0,32.0,5000.0,True,False
5,27,11602837133561705534,SLH_DSA_PURE_SHA2_128S,0.16514493199065328,0.001983738038688898,0.6243962699081749,0.001306694932281971,0.011042232043109834,0.011095140012912452,6.157580989063717,0.4605170336142657,2482153.0,7856.0,32.0,5000.0,True,False
5,27,15421659711005028620,SLH_DSA_PURE_SHA2_128S,0.07890144805423915,0.0016091859433799982,0.6305591769050807,0.0013141479576006532,0.01117719104513526,0.011240944964811206,6.3450105839874595,0.44831524757300595,2482153.0,7856.0,32.0,5000.0,True,False
5,28,5916422332192061538,SLH_DSA_PURE_SHA2_128S,0.12581055599730462,0.002182869939133525,0.6324057559249923,0.001114778919145465,0.010814088047482073,0.010897328960709274,10.952805915032513,0.42225348199035523,2482153.0,7856.0,32.0,5000.0,True,False
5,28,11133933202766091754,SLH_DSA_PURE_SHA2_128S,0.08463415701407939,0.0016010149847716093,0.6315073259174824,0.0012665500398725271,0.011229330906644464,0.011281813029199839,11.03511731303297,0.49609804407924796,2482153.0,7856.0,32.0,5000.0,True,False
5,28,11698055566413289882,SLH_DSA_PURE_SHA2_128S,0.11339561105705798,0.0013685059966519475,0.6543411540333182,0.0010443030623719096,0.011224427027627826,0.01126832002773881,11.045460336026736,0.4752171666711379,2482153.0,7856.0,32.0,5000.0,True,False
5,28,3690222254278798327,SLH_DSA_PURE_SHA2_128S,0.07981181191280484,0.0014142639702185988,0.6514601650414988,0.0010800380259752274,0.010842437972314656,0.01088883401826024,11.11900559393689,0.4559496738325069,2482153.0,7856.0,32.0,5000.0,True,False
5,28,8102557363689453137,SLH_DSA_PURE_SHA2_128S,0.14945483999326825,0.0020071390317752957,0.6538400429999456,0.0010745800100266933,0.010794608038850129,0.010848672012798488,10.786132092005573,0.4894644987004198,2482153.0,7856.0,32.0,5000.0,True,False
5,28,900842401174636802,SLH_DSA_PURE_SHA2_128S,0.12193768902216107,0.001769067021086812,0.6320367939770222,0.0011488969903439283,0.010634303092956543,0.010680292965844274,10.597628484014422,0.46123671152029827,2482153.0,7856.0,32.0,5000.0,True,False
5,28,12378959710964210734,SLH_DSA_PURE_SHA2_128S,0.08447332005016506,0.0027086029294878244,0.6327074699802324,0.001085167983546853,0.01073248905595392,0.010808298015035689,10.761215776088648,0.4834600514168762,2482153.0,7856.0,32.0,5000.0,True,False
5,28,13642139697466739242,SLH_DSA_PURE_SHA2_128S,0.08020455203950405,0.0013382859760895371,0.6348410260397941,0.0010786820203065872,0.010723170009441674,0.010768849984742701,10.813084263936616,0.4591663931704061,2482153.0,7856.0,32.0,5000.0,True,False
5,28,15421659711005028620,SLH_DSA_PURE_SHA2_128S,0.08658869902137667,0.0017623599851503968,0.6245805440703407,0.001041160081513226,0.010784071055240929,0.010829366045072675,6.300796817056835,0.4242267922385578,2482153.0,7856.0,32.0,5000.0,True,False
5,28,11602837133561705534,SLH_DSA_PURE_SHA2_128S,0.07834798702970147,0.0013104239478707314,0.6181832809234038,0.0010760420700535178,0.010801907978020608,0.010847529047168791,6.347433368908241,0.4609230669084818,2482153.0,7856.0,32.0,5000.0,True,False
5,29,3690222254278798327,SLH_DSA_PURE_SHA2_128S,0.08350633294321597,0.0015553829725831747,0.6300586669240147,0.0010877139866352081,0.010790262022055686,0.010884862043894827,10.865714301005937,0.41595263213251427,2482153.0,7856.0,32.0,5000.0,True,False
5,29,5916422332192061538,SLH_DSA_PURE_SHA2_128S,0.17481792205944657,0.0015344060957431793,0.6482381550595164,0.0010909709380939603,0.010755585972219706,0.010800894000567496,10.781887111952528,0.416757206646073,2482153.0,7856.0,32.0,5000.0,True,False
5,29,11698055566413289882,SLH_DSA_PURE_SHA2_128S,0.07874141098000109,0.0013838870218023658,0.6350756200263277,0.0010746930493041873,0.010811605025082827,0.010858256951905787,10.951941054081544,0.43658554685675793,2482153.0,7856.0,32.0,5000.0,True,False
5,29,11133933202766091754,SLH_DSA_PURE_SHA2_128S,0.1672142669558525,0.001427867915481329,0.6314763870323077,0.0010321750305593014,0.010740624042227864,0.010785346967168152,10.855367352021858,0.45238382872312694,2482153.0,7856.0,32.0,5000.0,True,False
5,29,12378959710964210734,SLH_DSA_PURE_SHA2_128S,0.15430286503396928,0.0013523109955713153,0.643616755027324,0.0010804199846461415,0.011243461980484426,0.011289633926935494,10.74491488293279,0.4065808111647512,2482153.0,7856.0,32.0,5000.0,True,False
5,29,8102557363689453137,SLH_DSA_PURE_SHA2_128S,0.1160616249544546,0.001560606062412262,0.6300440198974684,0.0010365049820393324,0.011250848066993058,0.011294519063085318,10.76403314108029,0.46881469467263315,2482153.0,7856.0,32.0,5000.0,True,False
5,29,13642139697466739242,SLH_DSA_PURE_SHA2_128S,0.08033545804210007,0.00142055400647223,0.6320122870383784,0.0010707930196076632,0.010758801945485175,0.010834786109626293,10.793731790035963,0.4466941984263575,2482153.0,7856.0,32.0,5000.0,True,False
5,29,900842401174636802,SLH_DSA_PURE_SHA2_128S,0.11514001898467541,0.0013768940698355436,0.6296723790001124,0.0010451889829710126,0.010688485926948488,0.010730642010457814,10.771369960042648,0.4629385972715867,2482153.0,7856.0,32.0,5000.0,True,False
5,29,15421659711005028620,SLH_DSA_PURE_SHA2_128S,0.0851930039934814,0.0019753340166062117,0.619325035950169,0.0011149549391120672,0.010975689045153558,0.011021698941476643,6.714189185993746,0.4136914776839838,2482153.0,7856.0,32.0,5000.0,True,False
5,29,11602837133561705534,SLH_DSA_PURE_SHA2_128S,0.07750035601202399,0.0014303990174084902,0.6111562049482018,0.0011368549894541502,0.010911972029134631,0.010972816031426191,6.835159425041638,0.435581218801249,2482153.0,7856.0,32.0,5000.0,True,False
5,30,3690222254278798327,SLH_DSA_PURE_SHA2_128S,0.09034850297030061,0.0018622480565682054,0.6319095559883863,0.0010978810023516417,0.01109667296987027,0.011188296950422227,10.807129582040943,0.4212980230522763,2482153.0,7856.0,32.0,5000.0,True,False
5,30,5916422332192061538,SLH_DSA_PURE_SHA2_128S,0.10560974292457104,0.0014593950472772121,0.6486105339135975,0.0010681740241125226,0.010855928994715214,0.010903451009653509,10.916665052995086,0.400027326836138,2482153.0,7856.0,32.0,5000.0,True,False
5,30,11133933202766091754,SLH_DSA_PURE_SHA2_128S,0.1613925410201773,0.0016131199663504958,0.6630742260022089,0.001092417980544269,0.010762704070657492,0.010808008955791593,10.882863442995586,0.44761442565092235,2482153.0,7856.0,32.0,5000.0,True,False
5,30,11698055566413289882,SLH_DSA_PURE_SHA2_128S,0.11805278097745031,0.0013813900295644999,0.6394636390032247,0.001082847942598164,0.010681357001885772,0.010773014975711703,11.037593055982143,0.4178492975344134,2482153.0,7856.0,32.0,5000.0,True,False
5,30,12378959710964210734,SLH_DSA_PURE_SHA2_128S,0.08588542195502669,0.001386208925396204,0.6296559609472752,0.001058742986060679,0.010761196026578546,0.010805876925587654,10.883077198988758,0.4204537655304002,2482153.0,7856.0,32.0,5000.0,True,False
5,30,900842401174636802,SLH_DSA_PURE_SHA2_128S,0.14407925598789006,0.0014429379953071475,0.6266182999825105,0.0011338909389451146,0.010701951920054853,0.010749659966677427,10.64949467999395,0.45776359437353864,2482153.0,7856.0,32.0,5000.0,True,False
5,30,13642139697466739242,SLH_DSA_PURE_SHA2_128S,0.07976966595742851,0.0022335180547088385,0.6841704600956291,0.001084894989617169,0.010780230048112571,0.010858134948648512,10.893911599065177,0.41502090290805715,2482153.0,7856.0,32.0,5000.0,True,False
5,30,8102557363689453137,SLH_DSA_PURE_SHA2_128S,0.08008843602146953,0.002195211942307651,0.6527143770363182,0.00114229298196733,0.010696989949792624,0.010743833961896598,11.134193652076647,0.44939908031730136,2482153.0,7856.0,32.0,5000.0,True,False
5,30,11602837133561705534,SLH_DSA_PURE_SHA2_128S,0.0842008669860661,0.001966345007531345,0.6126823100494221,0.001372658065520227,0.010750911897048354,0.010992855997756124,6.405989813967608,0.4152948080567987,2482153.0,7856.0,32.0,5000.0,True,False
5,30,15421659711005028620,SLH_DSA_PURE_SHA2_128S,0.07727751496713609,0.0014133650111034513,0.6142785249976441,0.0010970570147037506,0.010737341013737023,0.01078429096378386,6.5496127750957385,0.40148863509878707,2482153.0,7856.0,32.0,5000.0,True,False
6,1,13009257512996257127,SLH_DSA_PURE_SHA2_128S,0.1523176720365882,0.002289979951456189,0.6654212159337476,0.0012066070921719074,0.010778342955745757,0.010915377992205322,10.748314999975264,2.054621232543022,2482153.0,7856.0,32.0,5000.0,True,False
6,1,16122825496866818235,SLH_DSA_PURE_SHA2_128S,0.09167470992542803,0.0016005660872906446,0.6347337861079723,0.0013087749248370528,0.010751458001323044,0.010806163889355958,10.770321085001342,2.01434297926107,2482153.0,7856.0,32.0,5000.0,True,False
6,1,6765299773110535924,SLH_DSA_PURE_SHA2_128S,0.16782081697601825,0.001687985030002892,0.6517171550076455,0.0011592069640755653,0.010757412994280457,0.0108067860128358,10.812199209001847,2.079318636541913,2482153.0,7856.0,32.0,5000.0,True,False
6,1,16396454124698560402,SLH_DSA_PURE_SHA2_128S,0.15504313400015235,0.0013418940361589193,0.6428579109488055,0.0010878010652959347,0.010722390958108008,0.010774383088573813,10.780829422059469,2.0061755734644118,2482153.0,7856.0,32.0,5000.0,True,False
6,1,6924435044462360388,SLH_DSA_PURE_SHA2_128S,0.14894278591964394,0.002478444017469883,0.7350746620213613,0.0011145350290462375,0.010824035038240254,0.010923843015916646,10.895101664005779,2.0638893463049723,2482153.0,7856.0,32.0,5000.0,True,False
6,1,15134135784086265593,SLH_DSA_PURE_SHA2_128S,0.13331233302596956,0.0016342400340363383,0.6296868940116838,0.0010749989887699485,0.010730394045822322,0.010782976052723825,10.80897107499186,2.0542088048473284,2482153.0,7856.0,32.0,5000.0,True,False
6,1,13304704529512318418,SLH_DSA_PURE_SHA2_128S,0.08052821701858193,0.0014274200657382607,0.6364171240711585,0.0010775570990517735,0.010826044017449021,0.010879295994527638,11.087993889930658,2.087180527911824,2482153.0,7856.0,32.0,5000.0,True,False
6,1,15288720847191964058,SLH_DSA_PURE_SHA2_128S,0.09103234589565545,0.001422452973201871,0.6315166809363291,0.001142985071055591,0.011175030027516186,0.011243548011407256,10.87348045501858,2.0710903930056626,2482153.0,7856.0,32.0,5000.0,True,False
6,1,5553361088175399360,SLH_DSA_PURE_SHA2_128S,0.08510824607219547,0.001809801091440022,0.6140245581045747,0.0010816670255735517,0.010796735063195229,0.010848689009435475,6.123922926024534,2.006225992919533,2482153.0,7856.0,32.0,5000.0,True,False
6,1,8205580157840300753,SLH_DSA_PURE_SHA2_128S,0.0769234320614487,0.0013624749844893813,0.6078265199903399,0.0011519589461386204,0.010706968954764307,0.010756700998172164,6.179374099941924,2.0438732030285394,2482153.0,7856.0,32.0,5000.0,True,False
6,2,6765299773110535924,SLH_DSA_PURE_SHA2_128S,0.08685262699145824,0.002151302993297577,0.6456408600788563,0.0013666660524904728,0.010772132081910968,0.010858249966986477,10.80136763502378,1.8280662784151211,2482153.0,7856.0,32.0,5000.0,True,False
6,2,13009257512996257127,SLH_DSA_PURE_SHA2_128S,0.1419829820515588,0.002624854096211493,0.7600695760920644,0.0014572970103472471,0.010671110008843243,0.010738365002907813,10.63318037299905,1.7583083028246642,2482153.0,7856.0,32.0,5000.0,True,False
6,2,16122825496866818235,SLH_DSA_PURE_SHA2_128S,0.08140061399899423,0.0014275179710239172,0.6488592829555273,0.0013579910155385733,0.01078026497270912,0.010828526923432946,11.040863108006306,1.7860590682667532,2482153.0,7856.0,32.0,5000.0,True,False
6,2,16396454124698560402,SLH_DSA_PURE_SHA2_128S,0.07995210005901754,0.0014419989893212914,0.6399367660051212,0.001385843032039702,0.010773619986139238,0.01082669198513031,11.05355299403891,1.8119459676135117,2482153.0,7856.0,32.0,5000.0,True,False
6,2,13304704529512318418,SLH_DSA_PURE_SHA2_128S,0.1498216879554093,0.0017207450000569224,0.8186166509985924,0.0013518360210582614,0.010792359942570329,0.010840411996468902,10.845854384941049,1.7931091853767445,2482153.0,7856.0,32.0,5000.0,True,False
6,2,6924435044462360388,SLH_DSA_PURE_SHA2_128S,0.10369576909579337,0.0031925539951771498,0.6515252370154485,0.0013693110086023808,0.010858285939320922,0.010910000069998205,10.962646069005132,1.792017023274853,2482153.0,7856.0,32.0,5000.0,True,False
6,2,15134135784086265593,SLH_DSA_PURE_SHA2_128S,0.08442663389723748,0.0015739289810881019,0.6418307319981977,0.0013916309690102935,0.010782205034047365,0.010860909009352326,10.866060269065201,1.8023914455608199,2482153.0,7856.0,32.0,5000.0,True,False
6,2,15288720847191964058,SLH_DSA_PURE_SHA2_128S,0.07942086004186422,0.0013811489334329963,0.6801430999767035,0.001370683079585433,0.010672084055840969,0.010725785046815872,11.048054683953524,1.7989734980710752,2482153.0,7856.0,32.0,5000.0,True,False
6,2,5553361088175399360,SLH_DSA_PURE_SHA2_128S,0.08514553599525243,0.0015976550057530403,0.6116780849406496,0.0014076180523261428,0.010678636957891285,0.010730035952292383,6.168741829926148,1.7700911790701994,2482153.0,7856.0,32.0,5000.0,True,False
6,2,8205580157840300753,SLH_DSA_PURE_SHA2_128S,0.0772364370059222,0.0014203009195625782,0.6082453839480877,0.0013673270586878061,0.010795455076731741,0.010847951984032989,6.227551379008219,1.7645564010948132,2482153.0,7856.0,32.0,5000.0,True,False
6,3,13009257512996257127,SLH_DSA_PURE_SHA2_128S,0.11949722201097757,0.0013827920192852616,0.6329593879636377,0.0010575739433988929,0.010761073091998696,0.0108479680493474,10.622524450998753,1.621117290038212,2482153.0,7856.0,32.0,5000.0,True,False
6,3,16122825496866818235,SLH_DSA_PURE_SHA2_128S,0.07911583501845598,0.0013880470069125295,0.6308074729749933,0.001113233040086925,0.010608225013129413,0.01068223302718252,10.691690440988168,1.6049010032301496,2482153.0,7856.0,32.0,5000.0,True,False
6,3,6765299773110535924,SLH_DSA_PURE_SHA2_128S,0.16651735408231616,0.001706936047412455,0.6632799279177561,0.0010626789880916476,0.010818281094543636,0.010863290983252227,10.518684377078898,1.6544671218106701,2482153.0,7856.0,32.0,5000.0,True,False
6,3,16396454124698560402,SLH_DSA_PURE_SHA2_128S,0.13340171100571752,0.0014375849859789014,0.646562373964116,0.0011343529913574457,0.010643217014148831,0.010695975972339511,10.65809544804506,1.6170307576276695,2482153.0,7856.0,32.0,5000.0,True,False
6,3,6924435044462360388,SLH_DSA_PURE_SHA2_128S,0.14502938301302493,0.0017536809900775552,0.7051083270926028,0.0010686980094760656,0.010685231070965528,0.010730314999818802,10.624139996012673,1.6019675967040334,2482153.0,7856.0,32.0,5000.0,True,False
6,3,13304704529512318418,SLH_DSA_PURE_SHA2_128S,0.08665134501643479,0.0020393269369378686,0.6440834160894156,0.0011329289991408587,0.010699695907533169,0.010751564055681229,10.719565371982753,1.6257439221546148,2482153.0,7856.0,32.0,5000.0,True,False
6,3,15134135784086265593,SLH_DSA_PURE_SHA2_128S,0.13789187697693706,0.0014418050413951278,0.6395769739756361,0.00115104706492275,0.01086427504196763,0.010945423971861601,10.822420225013047,1.6223780023064582,2482153.0,7856.0,32.0,5000.0,True,False
6,3,15288720847191964058,SLH_DSA_PURE_SHA2_128S,0.09798759710974991,0.0014140179846435785,0.6495117039885372,0.0011196810519322753,0.010788957006298006,0.010840479983016849,10.861661140108481,1.6024484011777647,2482153.0,7856.0,32.0,5000.0,True,False
6,3,8205580157840300753,SLH_DSA_PURE_SHA2_128S,0.08449171495158225,0.0019080740166828036,0.6189777069957927,0.0010802090400829911,0.010831722989678383,0.010880179004743695,6.149807957932353,1.5989856104941884,2482153.0,7856.0,32.0,5000.0,True,False
6,3,5553361088175399360,SLH_DSA_PURE_SHA2_128S,0.07766796101350337,0.0013795719714835286,0.6076326339971274,0.0010973280295729637,0.011155582033097744,0.01120592001825571,6.379234427935444,1.57565129562548,2482153.0,7856.0,32.0,5000.0,True,False
6,4,13009257512996257127,SLH_DSA_PURE_SHA2_128S,0.08740907500032336,0.0025342379231005907,0.6515816120663658,0.0012061010347679257,0.014180963044054806,0.014286005985923111,10.65611841797363,1.5125930795244351,2482153.0,7856.0,32.0,5000.0,True,False
6,4,16122825496866818235,SLH_DSA_PURE_SHA2_128S,0.13462355290539563,0.0014855749905109406,0.6290693390183151,0.001180713064968586,0.01096194889396429,0.011010289075784385,10.868856517015956,1.4828527634310875,2482153.0,7856.0,32.0,5000.0,True,False
6,4,16396454124698560402,SLH_DSA_PURE_SHA2_128S,0.08006748999468982,0.0014122809516265988,0.6308012240333483,0.0011795730097219348,0.010991154005751014,0.011037897900678217,10.982418455998413,1.4859007156578599,2482153.0,7856.0,32.0,5000.0,True,False
6,4,6765299773110535924,SLH_DSA_PURE_SHA2_128S,0.08023584901820868,0.0013979969080537558,0.6514079119078815,0.0012023720191791654,0.011096418020315468,0.011146552045829594,10.98219014192,1.5082404226254507,2482153.0,7856.0,32.0,5000.0,True,False
6,4,15134135784086265593,SLH_DSA_PURE_SHA2_128S,0.08562315301969647,0.001799028948880732,0.6350096749374643,0.0011982350843027234,0.011044963961467147,0.011092540109530091,10.797364242025651,1.5272098688562965,2482153.0,7856.0,32.0,5000.0,True,False
6,4,13304704529512318418,SLH_DSA_PURE_SHA2_128S,0.09738561301492155,0.0015860130079090595,0.6314946910133585,0.0012655119644477963,0.011095374007709324,0.011144384043291211,10.973357550916262,1.4770341712957735,2482153.0,7856.0,32.0,5000.0,True,False
6,4,6924435044462360388,SLH_DSA_PURE_SHA2_128S,0.15970358601771295,0.0027812770567834377,0.7239891421049833,0.0012266220292076468,0.010910670040175319,0.011018580058589578,11.136317927041091,1.480667308637291,2482153.0,7856.0,32.0,5000.0,True,False
6,4,15288720847191964058,SLH_DSA_PURE_SHA2_128S,0.11735605902504176,0.0013574600452557206,0.6716831399826333,0.0012785630533471704,0.010991651914082468,0.011041944031603634,10.937699878937565,1.4993111734177655,2482153.0,7856.0,32.0,5000.0,True,False
6,4,8205580157840300753,SLH_DSA_PURE_SHA2_128S,0.0770193439675495,0.002219937974587083,0.6334734169067815,0.0011421339586377144,0.010821120929904282,0.010868579032830894,6.496857270016335,1.460775215914295,2482153.0,7856.0,32.0,5000.0,True,False
6,4,5553361088175399360,SLH_DSA_PURE_SHA2_128S,0.0771901470143348,0.0023935179924592376,0.6302699929801747,0.0011232189135625958,0.0110222710063681,0.011070890934206545,6.519850185955875,1.4853682912838686,2482153.0,7856.0,32.0,5000.0,True,False
6,5,16396454124698560402,SLH_DSA_PURE_SHA2_128S,0.08974960492923856,0.002428075997158885,0.6400752409826964,0.0012157380115240812,0.01095299597363919,0.01104796293657273,10.703341000946239,1.3713077557314732,2482153.0,7856.0,32.0,5000.0,True,False
6,5,16122825496866818235,SLH_DSA_PURE_SHA2_128S,0.08656284504104406,0.0015436919638887048,0.639528346946463,0.0011131559731438756,0.010932386969216168,0.01097871595993638,10.779143785010092,1.3723323079431133,2482153.0,7856.0,32.0,5000.0,True,False
6,5,13009257512996257127,SLH_DSA_PURE_SHA2_128S,0.07960887695662677,0.0013996630441397429,0.6276920520467684,0.0012433399679139256,0.010844702017493546,0.010892929043620825,10.973934340057895,1.404063887656874,2482153.0,7856.0,32.0,5000.0,True,False
6,5,6765299773110535924,SLH_DSA_PURE_SHA2_128S,0.08477861399296671,0.0016239359974861145,0.786321391002275,0.0011531669879332185,0.011128903948701918,0.01117778301704675,10.863870645989664,1.3854583091796584,2482153.0,7856.0,32.0,5000.0,True,False
6,5,6924435044462360388,SLH_DSA_PURE_SHA2_128S,0.15799071500077844,0.002669233945198357,0.6839467709651217,0.0011517989914864302,0.011021317914128304,0.011069846921600401,10.954060203046538,1.3843335103077494,2482153.0,7856.0,32.0,5000.0,True,False
6,5,15288720847191964058,SLH_DSA_PURE_SHA2_128S,0.14322863204870373,0.0019322560401633382,0.6456838779849932,0.0011973659275099635,0.011083853896707296,0.011133821099065244,10.699188719969243,1.3934482112052335,2482153.0,7856.0,32.0,5000.0,True,False
6,5,13304704529512318418,SLH_DSA_PURE_SHA2_128S,0.14921070402488112,0.002625871915370226,0.6605134051060304,0.0012158819008618593,0.010958413011394441,0.011038781958632171,11.143202641047537,1.3707006463579312,2482153.0,7856.0,32.0,5000.0,True,False
6,5,15134135784086265593,SLH_DSA_PURE_SHA2_128S,0.07935126300435513,0.0013877819292247295,0.6323481200961396,0.0012162129860371351,0.01086989208124578,0.0109194649849087,11.131828207988292,1.3984852125690241,2482153.0,7856.0,32.0,5000.0,True,False
6,5,8205580157840300753,SLH_DSA_PURE_SHA2_128S,0.08569917490240186,0.002422197023406625,0.6718212900450453,0.0011552729411050677,0.010853028972633183,0.01091204199474305,6.104006986017339,1.364271364394267,2482153.0,7856.0,32.0,5000.0,True,False
6,5,5553361088175399360,SLH_DSA_PURE_SHA2_128S,0.12996340007521212,0.0014309409307315946,0.6227725690696388,0.0011759890476241708,0.011021389975212514,0.011069554020650685,6.360019947984256,1.3599698520769739,2482153.0,7856.0,32.0,5000.0,True,False
6,6,13009257512996257127,SLH_DSA_PURE_SHA2_128S,0.11167110106907785,0.0016695610247552395,0.6345950349932536,0.001110387034714222,0.010778474039398134,0.010864667012356222,10.785852183005773,1.307952386938083,2482153.0,7856.0,32.0,5000.0,True,False
6,6,6765299773110535924,SLH_DSA_PURE_SHA2_128S,0.1278155039763078,0.001777846016921103,0.6522710350109264,0.0010453100549057126,0.010927857016213238,0.010973192984238267,10.823859764961526,1.2860951374290854,2482153.0,7856.0,32.0,5000.0,True,False
6,6,16122825496866818235,SLH_DSA_PURE_SHA2_128S,0.14669328602030873,0.0014890870079398155,0.6327883880585432,0.001053252024576068,0.010865453048609197,0.010911965044215322,10.842565332888626,1.2744773136582344,2482153.0,7856.0,32.0,5000.0,True,False
6,6,16396454124698560402,SLH_DSA_PURE_SHA2_128S,0.08034024201333523,0.0013958120252937078,0.6986988229909912,0.0015511689707636833,0.010669208015315235,0.010725127998739481,10.96993407595437,1.280593699330737,2482153.0,7856.0,32.0,5000.0,True,False
6,6,13304704529512318418,SLH_DSA_PURE_SHA2_128S,0.15779539302457124,0.001632855972275138,0.6420028139837086,0.0010453129652887583,0.01082830794621259,0.010874751955270767,11.074589908006601,1.2880602315732628,2482153.0,7856.0,32.0,5000.0,True,False
6,6,6924435044462360388,SLH_DSA_PURE_SHA2_128S,0.1568134119734168,0.0016622740076854825,0.6477149719139561,0.001111922087147832,0.010710555012337863,0.01075669506099075,11.224622666020878,1.2761383648890599,2482153.0,7856.0,32.0,5000.0,True,False
6,6,15134135784086265593,SLH_DSA_PURE_SHA2_128S,0.08445303398184478,0.0016127959825098515,0.6317668170668185,0.0010734519455581903,0.010911446064710617,0.010991075076162815,11.117313222028315,1.3040962097751108,2482153.0,7856.0,32.0,5000.0,True,False
6,6,15288720847191964058,SLH_DSA_PURE_SHA2_128S,0.08095559093635529,0.0013597860233858228,0.6366528000216931,0.0010664910078048706,0.010839294991455972,0.010885605006478727,11.08342739508953,1.2978930727691407,2482153.0,7856.0,32.0,5000.0,True,False
6,6,8205580157840300753,SLH_DSA_PURE_SHA2_128S,0.08433520491234958,0.0021787770092487335,0.6247222300153226,0.0010707880137488246,0.010754195041954517,0.01080132694914937,6.192796451970935,1.2639750625677169,2482153.0,7856.0,32.0,5000.0,True,False
6,6,5553361088175399360,SLH_DSA_PURE_SHA2_128S,0.08031681494321674,0.0013900429476052523,0.6196275920374319,0.001050165039487183,0.010780486045405269,0.010825714911334217,6.38800925493706,1.2785923959343297,2482153.0,7856.0,32.0,5000.0,True,False
6,7,16396454124698560402,SLH_DSA_PURE_SHA2_128S,0.11558244505431503,0.0016498970799148083,0.6330651089083403,0.0012226779945194721,0.010778830968774855,0.010860963957384229,10.751156260026619,1.2048591633511196,2482153.0,7856.0,32.0,5000.0,True,False
6,7,6765299773110535924,SLH_DSA_PURE_SHA2_128S,0.08601865393575281,0.0015631699934601784,0.6331051449524239,0.001122110988944769,0.010821625008247793,0.01086974993813783,10.860679614939727,1.22269300936134,2482153.0,7856.0,32.0,5000.0,True,False
6,7,13009257512996257127,SLH_DSA_PURE_SHA2_128S,0.12933079211506993,0.0013974659377709031,0.6294773539993912,0.0011456019710749388,0.010738615994341671,0.01078789308667183,10.846317366929725,1.2192706875740342,2482153.0,7856.0,32.0,5000.0,True,False
6,7,16122825496866818235,SLH_DSA_PURE_SHA2_128S,0.0799608159577474,0.00133528804872185,0.6596523560583591,0.001086027012206614,0.010729440953582525,0.010779095930047333,10.925003897980787,1.2048649590486173,2482153.0,7856.0,32.0,5000.0,True,False
6,7,15288720847191964058,SLH_DSA_PURE_SHA2_128S,0.08446108899079263,0.0020390599966049194,0.6353112000506371,0.0011539369588717818,0.010711902985349298,0.010763161932118237,10.816677714930847,1.23339593106774,2482153.0,7856.0,32.0,5000.0,True,False
6,7,6924435044462360388,SLH_DSA_PURE_SHA2_128S,0.14454640704207122,0.0022349540377035737,0.715609482023865,0.001080747926607728,0.010855478001758456,0.010904497001320124,10.850362965022214,1.1907495609514274,2482153.0,7856.0,32.0,5000.0,True,False
6,7,13304704529512318418,SLH_DSA_PURE_SHA2_128S,0.12229775392916054,0.00183892494533211,0.6941011960152537,0.001197449048049748,0.01083395502064377,0.010918032960034907,10.818199655041099,1.1878175215356668,2482153.0,7856.0,32.0,5000.0,True,False
6,7,15134135784086265593,SLH_DSA_PURE_SHA2_128S,0.08052735403180122,0.001336675020866096,0.6340902880765498,0.0011021200334653258,0.010880140005610883,0.010930415010079741,11.073657362954691,1.2211657063976216,2482153.0,7856.0,32.0,5000.0,True,False
6,7,5553361088175399360,SLH_DSA_PURE_SHA2_128S,0.07839351007714868,0.0013858610764145851,0.6127491310471669,0.001108811004087329,0.010753939975984395,0.010802799952216446,6.505563494982198,1.2054540894593402,2482153.0,7856.0,32.0,5000.0,True,False
6,7,8205580157840300753,SLH_DSA_PURE_SHA2_128S,0.08162950491532683,0.0014741040067747235,0.6114486549049616,0.0011550630442798138,0.010596627020277083,0.01064555102493614,6.464081755024381,1.1923023716659302,2482153.0,7856.0,32.0,5000.0,True,False
6,8,16122825496866818235,SLH_DSA_PURE_SHA2_128S,0.16132827405817807,0.002056933008134365,0.6967747170710936,0.0011152320075780153,0.010730676003731787,0.010837150970473886,10.575872121029533,1.1334658739673105,2482153.0,7856.0,32.0,5000.0,True,False
6,8,13009257512996257127,SLH_DSA_PURE_SHA2_128S,0.08563437999691814,0.0015465610194951296,0.6362588650081307,0.0010741560254245996,0.010766828898340464,0.010815808083862066,10.75606114207767,1.1563729283156667,2482153.0,7856.0,32.0,5000.0,True,False
6,8,16396454124698560402,SLH_DSA_PURE_SHA2_128S,0.07885506295133382,0.0014055869542062283,0.6559160919860005,0.001079042092896998,0.012124493950977921,0.01217125600669533,10.832502548000775,1.1364125506893086,2482153.0,7856.0,32.0,5000.0,True,False
6,8,6765299773110535924,SLH_DSA_PURE_SHA2_128S,0.13846021599601954,0.0014088429743424058,0.6326382571132854,0.0010721320286393166,0.010794389061629772,0.010842333897016943,10.763184105046093,1.135968139976453,2482153.0,7856.0,32.0,5000.0,True,False
6,8,13304704529512318418,SLH_DSA_PURE_SHA2_128S,0.1503860770026222,0.001745673012919724,0.6392149569001049,0.0010723109589889646,0.010698588914237916,0.010744255036115646,10.772197015001439,1.148653502676897,2482153.0,7856.0,32.0,5000.0,True,False
6,8,15134135784086265593,SLH_DSA_PURE_SHA2_128S,0.09423689206596464,0.001857165014371276,0.6329786850837991,0.0011145219905301929,0.010686874971725047,0.010733796050772071,10.770768059999682,1.1589411971675363,2482153.0,7856.0,32.0,5000.0,True,False
6,8,15288720847191964058,SLH_DSA_PURE_SHA2_128S,0.07968784798868,0.001327341073192656,0.6286743719829246,0.0011050649918615818,0.011023936909623444,0.011101481039077044,10.898399614030495,1.146723197144308,2482153.0,7856.0,32.0,5000.0,True,False
6,8,6924435044462360388,SLH_DSA_PURE_SHA2_128S,0.09464520704932511,0.0016815050039440393,0.6816189530072734,0.001093828002922237,0.010999366990290582,0.011051250039599836,10.94024723698385,1.1312292924352512,2482153.0,7856.0,32.0,5000.0,True,False
6,8,8205580157840300753,SLH_DSA_PURE_SHA2_128S,0.08472508902195841,0.0015344240237027407,0.6203924600267783,0.001078154076822102,0.010942606022581458,0.010990472044795752,6.497526595951058,1.120059131057399,2482153.0,7856.0,32.0,5000.0,True,False
6,8,5553361088175399360,SLH_DSA_PURE_SHA2_128S,0.07741903699934483,0.0013496539322659373,0.6104951690649614,0.0010626090224832296,0.010747722000814974,0.010795940994285047,6.743724217987619,1.147741640828977,2482153.0,7856.0,32.0,5000.0,True,False
6,9,6765299773110535924,SLH_DSA_PURE_SHA2_128S,0.08668214501813054,0.0017394640017300844,0.640958713949658,0.0014928129967302084,0.01077121903654188,0.010858905967324972,10.72832738503348,1.078223991545902,2482153.0,7856.0,32.0,5000.0,True,False
6,9,13009257512996257127,SLH_DSA_PURE_SHA2_128S,0.14752781903371215,0.0019656800432130694,0.6847892979858443,0.001379108987748623,0.010774321970529854,0.010823486954905093,10.61798376403749,1.1024909892659278,2482153.0,7856.0,32.0,5000.0,True,False
6,9,16122825496866818235,SLH_DSA_PURE_SHA2_128S,0.08480205899104476,0.0025680250255391,0.6346111349994317,0.001388384960591793,0.01075473497621715,0.010804939083755016,10.855203607003205,1.0656220457356447,2482153.0,7856.0,32.0,5000.0,True,False
6,9,16396454124698560402,SLH_DSA_PURE_SHA2_128S,0.07985759398434311,0.0013444350333884358,0.6314755610655993,0.0014102970017120242,0.01077570195775479,0.010824412922374904,10.974562475923449,1.062380019266894,2482153.0,7856.0,32.0,5000.0,True,False
6,9,15134135784086265593,SLH_DSA_PURE_SHA2_128S,0.08794647001195699,0.002134542097337544,0.6670486090006307,0.0013673240318894386,0.01072108803782612,0.010772841982543468,10.679237098083831,1.0830984776187096,2482153.0,7856.0,32.0,5000.0,True,False
6,9,6924435044462360388,SLH_DSA_PURE_SHA2_128S,0.16675183596089482,0.0019859829917550087,0.6320328880101442,0.0011043950216844678,0.010737029951997101,0.010782014927826822,11.056475808960386,1.064143850545215,2482153.0,7856.0,32.0,5000.0,True,False
6,9,13304704529512318418,SLH_DSA_PURE_SHA2_128S,0.1074099219404161,0.0013750710058957338,0.6597018990432844,0.001065353979356587,0.010827732970938087,0.010905598988756537,11.14098282402847,1.0727988811814861,2482153.0,7856.0,32.0,5000.0,True,False
6,9,15288720847191964058,SLH_DSA_PURE_SHA2_128S,0.07992480008397251,0.0014190649380907416,0.628286461927928,0.0012959700543433428,0.01078403799328953,0.010832841973751783,10.915923974942416,1.0753818268229247,2482153.0,7856.0,32.0,5000.0,True,False
6,9,5553361088175399360,SLH_DSA_PURE_SHA2_128S,0.08484472299460322,0.001986867981031537,0.6209719440666959,0.001107916934415698,0.010868342011235654,0.010914360987953842,6.619057007017545,1.0760670300501927,2482153.0,7856.0,32.0,5000.0,True,False
6,9,8205580157840300753,SLH_DSA_PURE_SHA2_128S,0.07902812911197543,0.0014453129842877388,0.6102779470384121,0.001141440006904304,0.010687134927138686,0.010744272032752633,6.569738017977215,1.0535690936313313,2482153.0,7856.0,32.0,5000.0,True,False
6,10,13009257512996257127,SLH_DSA_PURE_SHA2_128S,0.1462875329889357,0.002142049022950232,0.7198006180115044,0.0012167469831183553,0.010793784982524812,0.010882105911150575,10.537663879920729,1.0436525031639512,2482153.0,7856.0,32.0,5000.0,True,False
6,10,16396454124698560402,SLH_DSA_PURE_SHA2_128S,0.08179014595225453,0.0014036319917067885,0.6311159519245848,0.0010941079817712307,0.010813895030878484,0.010865863994695246,10.973341163014993,1.0058680442488117,2482153.0,7856.0,32.0,5000.0,True,False
6,10,16122825496866818235,SLH_DSA_PURE_SHA2_128S,0.07985154003836215,0.0013654280919581652,0.6473679100163281,0.001395293977111578,0.01080276002176106,0.01085331302601844,10.978346536983736,1.002389725606153,2482153.0,7856.0,32.0,5000.0,True,False
6,10,6765299773110535924,SLH_DSA_PURE_SHA2_128S,0.08294397697318345,0.0015154279535636306,0.6265078500146046,0.001102166948840022,0.01069849997293204,0.010744075058028102,10.920958931092173,1.019599148232466,2482153.0,7856.0,32.0,5000.0,True,False
6,10,6924435044462360388,SLH_DSA_PURE_SHA2_128S,0.08649414498358965,0.0026380239287391305,0.6442885369760916,0.001354450942017138,0.01072540390305221,0.010773121030069888,11.108436077018268,1.0267517653999814,2482153.0,7856.0,32.0,5000.0,True,False
6,10,13304704529512318418,SLH_DSA_PURE_SHA2_128S,0.08590335794724524,0.0020805150270462036,0.6398267890326679,0.0010954620083793998,0.010745348990894854,0.010794022004120052,10.688647588016465,1.0052359331944944,2482153.0,7856.0,32.0,5000.0,True,False
6,10,15134135784086265593,SLH_DSA_PURE_SHA2_128S,0.15401629905682057,0.0015218380140140653,0.6333288450259715,0.0013408419908955693,0.010863951058126986,0.01094602094963193,10.859459748025984,1.02408473373978,2482153.0,7856.0,32.0,5000.0,True,False
6,10,15288720847191964058,SLH_DSA_PURE_SHA2_128S,0.0972604479175061,0.0013791390229016542,0.6531659819884226,0.0011417310452088714,0.010844364995136857,0.010901662986725569,10.912955328007229,1.0147571571313652,2482153.0,7856.0,32.0,5000.0,True,False
6,10,8205580157840300753,SLH_DSA_PURE_SHA2_128S,0.08494983403943479,0.0019852069672197104,0.6170166919473559,0.0013097330229356885,0.010797190014272928,0.010843920055776834,6.568715872941539,0.9962325699769767,2482153.0,7856.0,32.0,5000.0,True,False
6,10,5553361088175399360,SLH_DSA_PURE_SHA2_128S,0.07673652598168701,0.001347401994280517,0.6113570450106636,0.0011151700746268034,0.010805611964315176,0.01085507299285382,6.750442511984147,1.0121707487258182,2482153.0,7856.0,32.0,5000.0,True,False
6,11,16122825496866818235,SLH_DSA_PURE_SHA2_128S,0.08381930994801223,0.001447836053557694,0.6307450470048934,0.0013832730473950505,0.010783059988170862,0.010873528895899653,11.095653570024297,0.9503705325020346,2482153.0,7856.0,32.0,5000.0,True,False
6,11,13009257512996257127,SLH_DSA_PURE_SHA2_128S,0.11641054693609476,0.0023305739741772413,0.6300112298922613,0.0013385489583015442,0.010836542001925409,0.010885561001487076,11.01002130494453,0.9886285364627838,2482153.0,7856.0,32.0,5000.0,True,False
6,11,16396454124698560402,SLH_DSA_PURE_SHA2_128S,0.16120301396586,0.004460009979084134,0.6855249120853841,0.0013570579467341304,0.011038157972507179,0.011086408980190754,10.927182120969519,0.9679707165356655,2482153.0,7856.0,32.0,5000.0,True,False
6,11,6765299773110535924,SLH_DSA_PURE_SHA2_128S,0.09888038598001003,0.0014203640166670084,0.6586576451081783,0.0014557610265910625,0.010771685047075152,0.010819897055625916,11.166856472962536,0.9642279516359803,2482153.0,7856.0,32.0,5000.0,True,False
6,11,13304704529512318418,SLH_DSA_PURE_SHA2_128S,0.15637719200458378,0.0019205729477107525,0.652064804919064,0.0015940299490466714,0.011066911974921823,0.01112533500418067,10.729095051065087,0.9831913922243057,2482153.0,7856.0,32.0,5000.0,True,False
6,11,15134135784086265593,SLH_DSA_PURE_SHA2_128S,0.18283313198480755,0.0016283339355140924,0.6496858299942687,0.0013853120617568493,0.01075335789937526,0.01080170611385256,10.801259121973999,0.9715598111699342,2482153.0,7856.0,32.0,5000.0,True,False
6,11,6924435044462360388,SLH_DSA_PURE_SHA2_128S,0.18314452900085598,0.001553380978293717,0.6486116809537634,0.0013381399912759662,0.01088234398048371,0.010963912005536258,10.876051772967912,0.9691155319380912,2482153.0,7856.0,32.0,5000.0,True,False
6,11,15288720847191964058,SLH_DSA_PURE_SHA2_128S,0.07851568993646652,0.0014211429515853524,0.6453785769408569,0.0013806859496980906,0.010730142006650567,0.010780262993648648,10.858137496979907,0.9743929740729605,2482153.0,7856.0,32.0,5000.0,True,False
6,11,8205580157840300753,SLH_DSA_PURE_SHA2_128S,0.08486264303792268,0.0014609689824283123,0.6121343750273809,0.0013702618889510632,0.01070533599704504,0.010753388982266188,6.458892288035713,0.9477706813508537,2482153.0,7856.0,32.0,5000.0,True,False
6,11,5553361088175399360,SLH_DSA_PURE_SHA2_128S,0.07749794994015247,0.00138555106241256,0.6106312739429995,0.0014031879836693406,0.010661302017979324,0.010710919043049216,6.783433812088333,0.9836538384674461,2482153.0,7856.0,32.0,5000.0,True,False
6,12,16396454124698560402,SLH_DSA_PURE_SHA2_128S,0.08746254607103765,0.0032716630958020687,0.6342978469328955,0.0014335709856823087,0.010615148930810392,0.010707176988944411,10.918295776005834,0.9242184686053331,2482153.0,7856.0,32.0,5000.0,True,False
6,12,6765299773110535924,SLH_DSA_PURE_SHA2_128S,0.07958516804501414,0.001432665972970426,0.6300129370065406,0.0013762559974566102,0.010689941933378577,0.010744080995209515,11.05433361500036,0.9219647110647456,2482153.0,7856.0,32.0,5000.0,True,False
6,12,16122825496866818235,SLH_DSA_PURE_SHA2_128S,0.08005204808432609,0.001355987973511219,0.6361033848952502,0.0013986480189487338,0.01073979598004371,0.01078937598504126,11.045880551915616,0.8951233422300618,2482153.0,7856.0,32.0,5000.0,True,False
6,12,13009257512996257127,SLH_DSA_PURE_SHA2_128S,0.09292923891916871,0.0015245740069076419,0.6312227569287643,0.0013895089505240321,0.010704344022087753,0.010756497038528323,11.040266804979183,0.9267044175582327,2482153.0,7856.0,32.0,5000.0,True,False
6,12,6924435044462360388,SLH_DSA_PURE_SHA2_128S,0.1597526470432058,0.0018103999318554997,0.6863864209735766,0.0013605710119009018,0.01073700306005776,0.010785594000481069,11.023167095030658,0.9231632012090866,2482153.0,7856.0,32.0,5000.0,True,False
6,12,13304704529512318418,SLH_DSA_PURE_SHA2_128S,0.08585705002769828,0.003112460020929575,0.6319853629684076,0.0014500629622489214,0.010647180024534464,0.010703673004172742,10.87321613705717,0.9160028648604254,2482153.0,7856.0,32.0,5000.0,True,False
6,12,15288720847191964058,SLH_DSA_PURE_SHA2_128S,0.10800101899076253,0.0013926300453022122,0.631394580937922,0.0013442690251395106,0.010751139023341238,0.010831290041096509,10.944945832947269,0.9257896861452966,2482153.0,7856.0,32.0,5000.0,True,False
6,12,15134135784086265593,SLH_DSA_PURE_SHA2_128S,0.07951273606158793,0.0013597370125353336,0.6325101050315425,0.0014248909428715706,0.010570273967459798,0.01062365504913032,10.978254619985819,0.9304207107823366,2482153.0,7856.0,32.0,5000.0,True,False
6,12,8205580157840300753,SLH_DSA_PURE_SHA2_128S,0.08486484701279551,0.001577491988427937,0.639525834005326,0.0013437900925055146,0.010839527007192373,0.01088835101108998,6.469369589001872,0.8914733039345711,2482153.0,7856.0,32.0,5000.0,True,False
6,12,5553361088175399360,SLH_DSA_PURE_SHA2_128S,0.07701964396983385,0.001346384990029037,0.6033834050176665,0.0014141399879008532,0.010818540933541954,0.010870441910810769,6.916302133002318,0.9170190357858208,2482153.0,7856.0,32.0,5000.0,True,False
6,13,6765299773110535924,SLH_DSA_PURE_SHA2_128S,0.08654328295961022,0.001673668040893972,0.6310608279891312,0.0011401299852877855,0.010658312938176095,0.010774636990390718,11.005411494988948,0.8630475923893558,2482153.0,7856.0,32.0,5000.0,True,False
6,13,16396454124698560402,SLH_DSA_PURE_SHA2_128S,0.08143196091987193,0.0014008040307089686,0.6300499020144343,0.0010831159306690097,0.01074056897778064,0.010788007057271898,11.084556442918256,0.8963375733156872,2482153.0,7856.0,32.0,5000.0,True,False
6,13,16122825496866818235,SLH_DSA_PURE_SHA2_128S,0.14045271498616785,0.002160774078220129,0.6336032260442153,0.0011072090128436685,0.010853850981220603,0.010901016998104751,11.002164921956137,0.8639182015589089,2482153.0,7856.0,32.0,5000.0,True,False
6,13,13009257512996257127,SLH_DSA_PURE_SHA2_128S,0.07996499992441386,0.0014478920493274927,0.6467160860775039,0.0010367309441789985,0.010726977023296058,0.010770446038804948,11.109543289989233,0.8598650902699513,2482153.0,7856.0,32.0,5000.0,True,False
6,13,6924435044462360388,SLH_DSA_PURE_SHA2_128S,0.09481447597499937,0.0015768959419801831,0.6363261040532961,0.001106431009247899,0.010744999046437442,0.010794502100907266,10.94849174504634,0.8641535075986462,2482153.0,7856.0,32.0,5000.0,True,False
6,13,15288720847191964058,SLH_DSA_PURE_SHA2_128S,0.08490037498995662,0.00153298897203058,0.634074579924345,0.0010377430589869618,0.011208838084712625,0.011253062984906137,10.765329254907556,0.8803952769109398,2482153.0,7856.0,32.0,5000.0,True,False
6,13,13304704529512318418,SLH_DSA_PURE_SHA2_128S,0.16153291100636125,0.0019572260789573193,0.6959334249841049,0.0011187909403815866,0.010818909970112145,0.010905003058724105,10.834934020065702,0.8738014791042182,2482153.0,7856.0,32.0,5000.0,True,False
6,13,15134135784086265593,SLH_DSA_PURE_SHA2_128S,0.08550830802414566,0.001376170082949102,0.6328067649155855,0.0010437379823997617,0.010697418940253556,0.010745487990789115,10.947083035018295,0.8817462604136983,2482153.0,7856.0,32.0,5000.0,True,False
6,13,5553361088175399360,SLH_DSA_PURE_SHA2_128S,0.08524208806920797,0.0015959879383444786,0.6163887170841917,0.0010988509748131037,0.010784533922560513,0.010833594016730785,6.567151910974644,0.8868397138300975,2482153.0,7856.0,32.0,5000.0,True,False
6,13,8205580157840300753,SLH_DSA_PURE_SHA2_128S,0.07679104595445096,0.0013493059668689966,0.6126975220395252,0.0010338269639760256,0.010870461002923548,0.01091472094412893,6.635116747929715,0.8513592016545071,2482153.0,7856.0,32.0,5000.0,True,False
6,14,16396454124698560402,SLH_DSA_PURE_SHA2_128S,0.08623097301460803,0.0021378020755946636,0.7138241329230368,0.001142773893661797,0.010778222931548953,0.010867194971069694,10.630361753050238,0.8481163118675257,2482153.0,7856.0,32.0,5000.0,True,False
6,14,13009257512996257127,SLH_DSA_PURE_SHA2_128S,0.1438745619961992,0.001789649948477745,0.8252306620124727,0.0013492360012605786,0.01069849100895226,0.010747235035523772,10.644670531968586,0.8185761658249388,2482153.0,7856.0,32.0,5000.0,True,False
6,14,16122825496866818235,SLH_DSA_PURE_SHA2_128S,0.08698900998570025,0.0015104800695553422,0.6485253780847415,0.001086017000488937,0.010837719077244401,0.010885622934438288,10.897258581011556,0.8307630670298437,2482153.0,7856.0,32.0,5000.0,True,False
6,14,6765299773110535924,SLH_DSA_PURE_SHA2_128S,0.07966485200449824,0.0013331189984455705,0.6356171590741724,0.0013008649693802,0.010691870003938675,0.010740353958681226,11.195643149898387,0.8095156142286434,2482153.0,7856.0,32.0,5000.0,True,False
6,14,15134135784086265593,SLH_DSA_PURE_SHA2_128S,0.08497499604709446,0.00151934998575598,0.6489500229945406,0.0010861949995160103,0.010687927948310971,0.010733781033195555,10.78969909902662,0.8278129112188983,2482153.0,7856.0,32.0,5000.0,True,False
6,14,13304704529512318418,SLH_DSA_PURE_SHA2_128S,0.0848003700375557,0.002469443017616868,0.6505734859965742,0.0013206839794293046,0.010685081011615694,0.010733624105341733,10.835677972063422,0.8377017338944089,2482153.0,7856.0,32.0,5000.0,True,False
6,14,6924435044462360388,SLH_DSA_PURE_SHA2_128S,0.14903678593691438,0.0025487319799140096,0.8489931679796427,0.0011425430420786142,0.011066599050536752,0.011148107936605811,10.912099870969541,0.8412439449197927,2482153.0,7856.0,32.0,5000.0,True,False
6,14,15288720847191964058,SLH_DSA_PURE_SHA2_128S,0.08046508999541402,0.001360784051939845,0.661840513930656,0.00134295504540205,0.010733523056842387,0.010780693031847477,10.873258116072975,0.8446478883551943,2482153.0,7856.0,32.0,5000.0,True,False
6,14,5553361088175399360,SLH_DSA_PURE_SHA2_128S,0.08445123699493706,0.0017308529932051897,0.6133168870583177,0.0010880189947783947,0.010642065899446607,0.010690683033317327,6.561629222938791,0.8467941136117194,2482153.0,7856.0,32.0,5000.0,True,False
6,14,8205580157840300753,SLH_DSA_PURE_SHA2_128S,0.07738095498643816,0.0013642730191349983,0.6135641608852893,0.0013225870206952095,0.010919742053374648,0.010967954061925411,6.66451437107753,0.8111030400558642,2482153.0,7856.0,32.0,5000.0,True,False
6,15,16396454124698560402,SLH_DSA_PURE_SHA2_128S,0.15399895701557398,0.001896364032290876,0.6537204320775345,0.001399710075929761,0.010780098964460194,0.010873622028157115,10.68753265705891,0.7978100958903125,2482153.0,7856.0,32.0,5000.0,True,False
6,15,6765299773110535924,SLH_DSA_PURE_SHA2_128S,0.13989008800126612,0.00164591905195266,0.6506567460019141,0.001082038041204214,0.011001490987837315,0.011052621994167566,10.778787140967324,0.7715878243184393,2482153.0,7856.0,32.0,5000.0,True,False
6,15,13009257512996257127,SLH_DSA_PURE_SHA2_128S,0.0977250769501552,0.0015012570656836033,0.6439460810506716,0.0013722879812121391,0.010819882969371974,0.010870489990338683,10.897751373006031,0.7888448171934505,2482153.0,7856.0,32.0,5000.0,True,False
6,15,16122825496866818235,SLH_DSA_PURE_SHA2_128S,0.08002643601503223,0.0013918069889768958,0.6479692630236968,0.0011177220148965716,0.011158269015140831,0.011209739022888243,11.203785205027089,0.7921281549960945,2482153.0,7856.0,32.0,5000.0,True,False
6,15,15134135784086265593,SLH_DSA_PURE_SHA2_128S,0.1061583060072735,0.0015207590768113732,0.6381893330253661,0.0013491170248016715,0.01094938802998513,0.010999568039551377,11.008191067026928,0.785909834371251,2482153.0,7856.0,32.0,5000.0,True,False
6,15,13304704529512318418,SLH_DSA_PURE_SHA2_128S,0.15863074897788465,0.0024217080790549517,0.8149180570617318,0.0011390079744160175,0.010707266977988183,0.010756729054264724,10.898981911945157,0.7987347955157043,2482153.0,7856.0,32.0,5000.0,True,False
6,15,6924435044462360388,SLH_DSA_PURE_SHA2_128S,0.18655881599988788,0.0028421710012480617,0.632168801035732,0.0014738929457962513,0.011202767957001925,0.011296159005723894,11.212802557973191,0.8139167972810709,2482153.0,7856.0,32.0,5000.0,True,False
6,15,15288720847191964058,SLH_DSA_PURE_SHA2_128S,0.07972458295989782,0.0013747550547122955,0.6311487959465012,0.0011186889605596662,0.011419845977798104,0.011471397941932082,10.929046798031777,0.8058211614561689,2482153.0,7856.0,32.0,5000.0,True,False
6,15,8205580157840300753,SLH_DSA_PURE_SHA2_128S,0.07713827700354159,0.001399991917423904,0.6086949720047414,0.0013932930305600166,0.010898848995566368,0.010948330047540367,6.575525468098931,0.7846588672726018,2482153.0,7856.0,32.0,5000.0,True,False
6,15,5553361088175399360,SLH_DSA_PURE_SHA2_128S,0.0773440069751814,0.00140725402161479,0.6096449750475585,0.0010953859891742468,0.01068724796641618,0.010736608994193375,6.5735787759767845,0.7891584632882647,2482153.0,7856.0,32.0,5000.0,True,False
6,16,6765299773110535924,SLH_DSA_PURE_SHA2_128S,0.10489296808373183,0.002009385032579303,0.6418464219896123,0.001067275064997375,0.010798503994010389,0.01087985304184258,10.793572186026722,0.7167463094755343,2482153.0,7856.0,32.0,5000.0,True,False
6,16,16122825496866818235,SLH_DSA_PURE_SHA2_128S,0.1616152230417356,0.002150310087017715,0.6860055449651554,0.0011268079979345202,0.010857779067009687,0.01090770901646465,10.834862176910974,0.7526755940382648,2482153.0,7856.0,32.0,5000.0,True,False
6,16,13009257512996257127,SLH_DSA_PURE_SHA2_128S,0.08108819101471454,0.0014951520133763552,0.6653352169087157,0.0010660610860213637,0.010814961045980453,0.010861327988095582,11.045090573956259,0.7338503998745779,2482153.0,7856.0,32.0,5000.0,True,False
6,16,16396454124698560402,SLH_DSA_PURE_SHA2_128S,0.10102740593720227,0.0013844679342582822,0.6304720779880881,0.00110048393253237,0.010628607007674873,0.010676953941583633,11.070007650065236,0.7667586167526853,2482153.0,7856.0,32.0,5000.0,True,False
6,16,13304704529512318418,SLH_DSA_PURE_SHA2_128S,0.08643038803711534,0.002118656993843615,0.6527880729408935,0.0010900470660999417,0.01116915699094534,0.011216412065550685,10.875722717959434,0.7568442276708639,2482153.0,7856.0,32.0,5000.0,True,False
6,16,6924435044462360388,SLH_DSA_PURE_SHA2_128S,0.160214276984334,0.002795365988276899,0.7392725390382111,0.0010773419635370374,0.010909046046435833,0.010958472033962607,10.977555238059722,0.7565424326498797,2482153.0,7856.0,32.0,5000.0,True,False
6,16,15134135784086265593,SLH_DSA_PURE_SHA2_128S,0.09818766301032156,0.0017689329106360674,0.6569413229590282,0.001117347041144967,0.01080653304234147,0.010884277988225222,10.898204158991575,0.7533223341414883,2482153.0,7856.0,32.0,5000.0,True,False
6,16,15288720847191964058,SLH_DSA_PURE_SHA2_128S,0.08080463006626815,0.0013724960153922439,0.6283954149112105,0.0010903229704126716,0.01069870893843472,0.010748813045211136,11.084913762053475,0.7743841132540612,2482153.0,7856.0,32.0,5000.0,True,False
6,16,5553361088175399360,SLH_DSA_PURE_SHA2_128S,0.08469736704137176,0.0015258330386132002,0.6123531539924443,0.0011134439846500754,0.010762279038317502,0.010810620966367424,6.559258501045406,0.7631677994682531,2482153.0,7856.0,32.0,5000.0,True,False
6,16,8205580157840300753,SLH_DSA_PURE_SHA2_128S,0.077231849078089,0.0013493859441950917,0.6091142250224948,0.0010829500388354063,0.010839303955435753,0.010888944962061942,6.562004319974221,0.7433543668431082,2482153.0,7856.0,32.0,5000.0,True,False
6,17,16122825496866818235,SLH_DSA_PURE_SHA2_128S,0.11263100802898407,0.0015486660413444042,0.6280217829626054,0.0010243280557915568,0.01097389601636678,0.011056518997065723,10.959177659009583,0.7257061268493628,2482153.0,7856.0,32.0,5000.0,True,False
6,17,6765299773110535924,SLH_DSA_PURE_SHA2_128S,0.15138231904711574,0.00142302003223449,0.6285394500009716,0.0010935990139842033,0.010869993013329804,0.010919066960923374,11.0613348770421,0.7006939618260997,2482153.0,7856.0,32.0,5000.0,True,False
6,17,16396454124698560402,SLH_DSA_PURE_SHA2_128S,0.08109603601042181,0.001475603086873889,0.6342969530960545,0.0011019849916920066,0.010771100991405547,0.010817539994604886,11.11548136593774,0.7278719507395082,2482153.0,7856.0,32.0,5000.0,True,False
6,17,13009257512996257127,SLH_DSA_PURE_SHA2_128S,0.11257105902768672,0.00141481205355376,0.6328251409577206,0.0010546119883656502,0.010944214067421854,0.010991640039719641,11.140356816002168,0.7015187056960573,2482153.0,7856.0,32.0,5000.0,True,False
6,17,6924435044462360388,SLH_DSA_PURE_SHA2_128S,0.08642845996655524,0.0018479310674592853,0.6393353360472247,0.00110825605224818,0.010690471972338855,0.010738444048911333,10.95504038699437,0.7271436635096362,2482153.0,7856.0,32.0,5000.0,True,False
6,17,13304704529512318418,SLH_DSA_PURE_SHA2_128S,0.15892256901133806,0.0025312580401077867,0.7373316189041361,0.0010919159976765513,0.010973860044032335,0.011022223043255508,10.880861153942533,0.7288252319310121,2482153.0,7856.0,32.0,5000.0,True,False
6,17,15288720847191964058,SLH_DSA_PURE_SHA2_128S,0.07864668103866279,0.0013998920330777764,0.629721679026261,0.0015228029806166887,0.01109439495485276,0.011180239962413907,11.03257744689472,0.7649350099882503,2482153.0,7856.0,32.0,5000.0,True,False
6,17,15134135784086265593,SLH_DSA_PURE_SHA2_128S,0.12164462707005441,0.0014102660352364182,0.6344764831010252,0.0012083160690963268,0.011466774041764438,0.01152019202709198,11.126528775086626,0.7340823999445909,2482153.0,7856.0,32.0,5000.0,True,False
6,17,5553361088175399360,SLH_DSA_PURE_SHA2_128S,0.07724965992383659,0.0016263499855995178,0.6070408470695838,0.0010499130003154278,0.010710316011682153,0.01075377396773547,6.626508443034254,0.7106617535375486,2482153.0,7856.0,32.0,5000.0,True,False
6,17,8205580157840300753,SLH_DSA_PURE_SHA2_128S,0.07764159294310957,0.0017484220443293452,0.6088209989247844,0.0011141400318592787,0.010699581005610526,0.010748139000497758,6.501168900984339,0.7311395805352813,2482153.0,7856.0,32.0,5000.0,True,False
6,18,16396454124698560402,SLH_DSA_PURE_SHA2_128S,0.09356823400594294,0.0014660550514236093,0.6312627390725538,0.0011232870165258646,0.010829029022715986,0.010920636006630957,11.102121933014132,0.7042632550950263,2482153.0,7856.0,32.0,5000.0,True,False
6,18,16122825496866818235,SLH_DSA_PURE_SHA2_128S,0.12187245604582131,0.0016828910447657108,0.6385704400017858,0.0011096700327470899,0.01085285097360611,0.010903879068791866,10.989278412074782,0.6913485119866717,2482153.0,7856.0,32.0,5000.0,True,False
6,18,13009257512996257127,SLH_DSA_PURE_SHA2_128S,0.0844820860074833,0.001989283016882837,0.6313273450359702,0.0011064920108765364,0.010760236997157335,0.010805927915498614,11.00087686709594,0.6723343491744084,2482153.0,7856.0,32.0,5000.0,True,False
6,18,6765299773110535924,SLH_DSA_PURE_SHA2_128S,0.07969976007007062,0.0016352299135178328,0.6931095160543919,0.0011034490307793021,0.01079392503015697,0.010843375930562615,11.20471936906688,0.652367320148998,2482153.0,7856.0,32.0,5000.0,True,False
6,18,6924435044462360388,SLH_DSA_PURE_SHA2_128S,0.14452407893259078,0.002703121048398316,0.7260844290722162,0.0010694490047171712,0.010739819030277431,0.010784136946313083,10.738730037002824,0.7006622885063196,2482153.0,7856.0,32.0,5000.0,True,False
6,18,13304704529512318418,SLH_DSA_PURE_SHA2_128S,0.16196300298906863,0.002054651966318488,0.7109745310153812,0.0010967309353873134,0.011022579041309655,0.011074879905208945,10.819613471976481,0.69558153458082,2482153.0,7856.0,32.0,5000.0,True,False
6,18,15288720847191964058,SLH_DSA_PURE_SHA2_128S,0.08029844099655747,0.001651915954425931,0.63745082099922,0.0010671400232240558,0.010863011935725808,0.010937738930806518,10.922181389993057,0.7134417423112377,2482153.0,7856.0,32.0,5000.0,True,False
6,18,15134135784086265593,SLH_DSA_PURE_SHA2_128S,0.15232887992169708,0.0014971080236136913,0.6463957639643922,0.0011499469401314855,0.010771885048598051,0.01082373911049217,10.882464481052011,0.6975863649017492,2482153.0,7856.0,32.0,5000.0,True,False
6,18,5553361088175399360,SLH_DSA_PURE_SHA2_128S,0.08516954293008894,0.001804869039915502,0.6365816730540246,0.0010648909956216812,0.010889742989093065,0.01093401201069355,6.600103875040077,0.6928355048416527,2482153.0,7856.0,32.0,5000.0,True,False
6,18,8205580157840300753,SLH_DSA_PURE_SHA2_128S,0.07721395802218467,0.0013764449395239353,0.6055262399604544,0.001146896043792367,0.010922864079475403,0.01097404700703919,6.798916604020633,0.664773906492124,2482153.0,7856.0,32.0,5000.0,True,False
6,19,16396454124698560402,SLH_DSA_PURE_SHA2_128S,0.08700786996632814,0.0019827339565381408,0.6462906269589439,0.0011764989467337728,0.01125600899104029,0.011368639068678021,10.938553789048456,0.6706525380634198,2482153.0,7856.0,32.0,5000.0,True,False
6,19,16122825496866818235,SLH_DSA_PURE_SHA2_128S,0.08922603691462427,0.0020127289462834597,0.6518118469975889,0.0011520819971337914,0.010665383073501289,0.010715643060393631,11.006299900007434,0.6744233360336085,2482153.0,7856.0,32.0,5000.0,True,False
6,19,6765299773110535924,SLH_DSA_PURE_SHA2_128S,0.1409963850164786,0.0018993980484083295,0.6959136829245836,0.0010779439471662045,0.011145798955112696,0.011193827958777547,10.89871561306063,0.6397023206208922,2482153.0,7856.0,32.0,5000.0,True,False
6,19,13009257512996257127,SLH_DSA_PURE_SHA2_128S,0.0800403660396114,0.0013325269101187587,0.7109578950330615,0.0010965840192511678,0.010725924978032708,0.010771338944323361,11.177543326979503,0.6507711388692734,2482153.0,7856.0,32.0,5000.0,True,False
6,19,13304704529512318418,SLH_DSA_PURE_SHA2_128S,0.08710276091005653,0.0020454840268939734,0.6476060429122299,0.0011393449967727065,0.010907667921856046,0.010957326041534543,10.71520827698987,0.65890470460342,2482153.0,7856.0,32.0,5000.0,True,False
6,19,6924435044462360388,SLH_DSA_PURE_SHA2_128S,0.148813346051611,0.002312449971213937,0.6766514159971848,0.0010962500236928463,0.010722310980781913,0.010766781982965767,10.758808417012915,0.661184989770127,2482153.0,7856.0,32.0,5000.0,True,False
6,19,15134135784086265593,SLH_DSA_PURE_SHA2_128S,0.09444521204568446,0.0017325750086456537,0.6335929440101609,0.0011031599715352058,0.010950490017421544,0.011030319961719215,10.776827046996914,0.668517561380271,2482153.0,7856.0,32.0,5000.0,True,False
6,19,15288720847191964058,SLH_DSA_PURE_SHA2_128S,0.07982816593721509,0.0013886860106140375,0.679904602933675,0.001103550079278648,0.0109042749973014,0.010950710973702371,10.732323056086898,0.6817445193126703,2482153.0,7856.0,32.0,5000.0,True,False
6,19,8205580157840300753,SLH_DSA_PURE_SHA2_128S,0.0767824969952926,0.001402402063831687,0.6077476980863139,0.0011036539217457175,0.01082598406355828,0.010876136948354542,6.443510573008098,0.6481030540671319,2482153.0,7856.0,32.0,5000.0,True,False
6,19,5553361088175399360,SLH_DSA_PURE_SHA2_128S,0.07973578793462366,0.0014870880404487252,0.6087952650850639,0.0010921430075541139,0.011148680932819843,0.011193966027349234,6.4453487320570275,0.6576042218003303,2482153.0,7856.0,32.0,5000.0,True,False
6,20,6765299773110535924,SLH_DSA_PURE_SHA2_128S,0.1554568469291553,0.0024250290589407086,0.6907225240720436,0.0011829020222648978,0.010790277970954776,0.010877327993512154,10.743987490073778,0.6112598088231815,2482153.0,7856.0,32.0,5000.0,True,False
6,20,16396454124698560402,SLH_DSA_PURE_SHA2_128S,0.14737834210973233,0.001878615003079176,0.6955153329763561,0.0013346209889277816,0.01073139300569892,0.010778153082355857,10.774444608017802,0.6331781132300948,2482153.0,7856.0,32.0,5000.0,True,False
6,20,16122825496866818235,SLH_DSA_PURE_SHA2_128S,0.0811454919166863,0.0015416870592162013,0.776918972027488,0.0011054639471694827,0.010809031082317233,0.010858121910132468,10.831816060934216,0.6383165862814636,2482153.0,7856.0,32.0,5000.0,True,False
6,20,13009257512996257127,SLH_DSA_PURE_SHA2_128S,0.08250226906966418,0.001382526010274887,1.1397347310557961,0.0011237689759582281,0.011300069047138095,0.011350912041962147,10.741795564070344,0.6150535641202501,2482153.0,7856.0,32.0,5000.0,True,False
6,20,6924435044462360388,SLH_DSA_PURE_SHA2_128S,0.15037763898726553,0.0029011789010837674,0.7451311210170388,0.001329455990344286,0.010710630100220442,0.010766276973299682,10.433264994062483,0.6570962977352416,2482153.0,7856.0,32.0,5000.0,True,False
6,20,13304704529512318418,SLH_DSA_PURE_SHA2_128S,0.12417376297526062,0.001789752976037562,0.7012096589896828,0.0011744590010493994,0.010704315034672618,0.010753598064184189,10.68723806599155,0.6397623636872526,2482153.0,7856.0,32.0,5000.0,True,False
6,20,15288720847191964058,SLH_DSA_PURE_SHA2_128S,0.08031107194256037,0.0015847109025344253,0.6883724380750209,0.0011106230085715652,0.010849775047972798,0.010930685908533633,10.487380224047229,0.6462940380072139,2482153.0,7856.0,32.0,5000.0,True,False
6,20,15134135784086265593,SLH_DSA_PURE_SHA2_128S,0.08484732697252184,0.002045264933258295,1.1536706909537315,0.0013463950017467141,0.010821197996847332,0.010877180029638112,10.546455163042992,0.6384770742552296,2482153.0,7856.0,32.0,5000.0,True,False
6,20,5553361088175399360,SLH_DSA_PURE_SHA2_128S,0.0856645560124889,0.0017266059294342995,0.6411707480438054,0.0010974020697176456,0.010738000040873885,0.010788252926431596,6.2692088150652125,0.6296656636675452,2482153.0,7856.0,32.0,5000.0,True,False
6,20,8205580157840300753,SLH_DSA_PURE_SHA2_128S,0.07722728699445724,0.0013052739668637514,0.6042124399682507,0.001163178007118404,0.010716967983171344,0.01076645206194371,6.4643435219768435,0.6225074035157064,2482153.0,7856.0,32.0,5000.0,True,False
6,21,6765299773110535924,SLH_DSA_PURE_SHA2_128S,0.08542973909061402,0.0015875539975240827,0.6362961219856516,0.0014045590069144964,0.010792992077767849,0.01087800704408437,10.955240605049767,0.5900901515440197,2482153.0,7856.0,32.0,5000.0,True,False
6,21,16122825496866818235,SLH_DSA_PURE_SHA2_128S,0.15348603203892708,0.0027047779876738787,0.7227568730013445,0.0011388449929654598,0.010757611016742885,0.010808115010149777,10.872392475022934,0.5989290628890702,2482153.0,7856.0,32.0,5000.0,True,False
6,21,16396454124698560402,SLH_DSA_PURE_SHA2_128S,0.17370771302375942,0.001533431001007557,0.6884426480391994,0.0014048699522390962,0.01084419502876699,0.010894528008066118,11.0888775549829,0.6333969293316458,2482153.0,7856.0,32.0,5000.0,True,False
6,21,13009257512996257127,SLH_DSA_PURE_SHA2_128S,0.16702704993076622,0.0018566190265119076,0.8210778440115973,0.0011449909070506692,0.010792203014716506,0.010842478019185364,10.975625228020363,0.6100660434384255,2482153.0,7856.0,32.0,5000.0,True,False
6,21,6924435044462360388,SLH_DSA_PURE_SHA2_128S,0.14664706902112812,0.003098977031186223,0.8037073380546644,0.0013553889002650976,0.010773719986900687,0.010822999058291316,10.774879374075681,0.6190258298235335,2482153.0,7856.0,32.0,5000.0,True,False
6,21,13304704529512318418,SLH_DSA_PURE_SHA2_128S,0.08620096708182245,0.0015081330202519894,0.6387747649569064,0.001142485998570919,0.010903593967668712,0.010953639983199537,11.133264261996374,0.6061663746738889,2482153.0,7856.0,32.0,5000.0,True,False
6,21,15134135784086265593,SLH_DSA_PURE_SHA2_128S,0.10469268402084708,0.0014314539730548859,0.6316969899926335,0.0013589859008789062,0.01129342895001173,0.011377874063327909,10.778738319058903,0.6331697539634006,2482153.0,7856.0,32.0,5000.0,True,False
6,21,15288720847191964058,SLH_DSA_PURE_SHA2_128S,0.10950349702034146,0.0016590679297223687,0.6998017570003867,0.0011561650317162275,0.010837146895937622,0.0108866699738428,10.896246957941912,0.6435625575909949,2482153.0,7856.0,32.0,5000.0,True,False
6,21,5553361088175399360,SLH_DSA_PURE_SHA2_128S,0.08476664707995951,0.002410776913166046,0.6267206030897796,0.0013497460167855024,0.01076666300650686,0.01081795699428767,6.336711595067754,0.592235073779419,2482153.0,7856.0,32.0,5000.0,True,False
6,21,8205580157840300753,SLH_DSA_PURE_SHA2_128S,0.07777395204175264,0.0013778290012851357,0.6072881589643657,0.0011565940221771598,0.010800146032124758,0.010851548984646797,6.30132547498215,0.5753858233950321,2482153.0,7856.0,32.0,5000.0,True,False
6,22,6765299773110535924,SLH_DSA_PURE_SHA2_128S,0.12153983302414417,0.0026589679764583707,0.6489632820012048,0.0011604790342971683,0.010891333920881152,0.010971862939186394,10.80042314901948,0.5845840203391898,2482153.0,7856.0,32.0,5000.0,True,False
6,22,13009257512996257127,SLH_DSA_PURE_SHA2_128S,0.16095809603575617,0.0019133921014145017,0.7205269739497453,0.0011372939916327596,0.010886449948884547,0.010939129046164453,10.879670198075473,0.5678352540845324,2482153.0,7856.0,32.0,5000.0,True,False
6,22,16122825496866818235,SLH_DSA_PURE_SHA2_128S,0.08465514797717333,0.0015041460283100605,0.6617699670605361,0.0010814880952239037,0.010873500956222415,0.010920310975052416,10.9693279779749,0.5968919845333525,2482153.0,7856.0,32.0,5000.0,True,False
6,22,16396454124698560402,SLH_DSA_PURE_SHA2_128S,0.08014313597232103,0.0016430310206487775,0.6582183000864461,0.001109684002585709,0.010770561988465488,0.010821570991538465,11.23021905706264,0.5907686202294508,2482153.0,7856.0,32.0,5000.0,True,False
6,22,6924435044462360388,SLH_DSA_PURE_SHA2_128S,0.1472969960886985,0.0038242830196395516,0.7502907370217144,0.0011512520723044872,0.010800596908666193,0.010848746984265745,10.936076743062586,0.5940494598097102,2482153.0,7856.0,32.0,5000.0,True,False
6,22,15288720847191964058,SLH_DSA_PURE_SHA2_128S,0.07954998197965324,0.001667354954406619,0.6572445679921657,0.0011228240327909589,0.010828012018464506,0.010878506931476295,10.821873159031384,0.5960126481238445,2482153.0,7856.0,32.0,5000.0,True,False
6,22,13304704529512318418,SLH_DSA_PURE_SHA2_128S,0.17457144905347377,0.0015305210836231709,0.6464274929603562,0.0011361249489709735,0.01082012802362442,0.010905525996349752,11.084878005087376,0.5886722915586392,2482153.0,7856.0,32.0,5000.0,True,False
6,22,15134135784086265593,SLH_DSA_PURE_SHA2_128S,0.17442438006401062,0.0015407860046252608,0.6387943180743605,0.0011479349341243505,0.010747628984972835,0.010799924028106034,11.084675983060151,0.5850535206923819,2482153.0,7856.0,32.0,5000.0,True,False
6,22,5553361088175399360,SLH_DSA_PURE_SHA2_128S,0.0850966420257464,0.002113313996233046,0.6275945309316739,0.001086813979782164,0.010865201009437442,0.010913376929238439,6.404014465981163,0.5862756752094646,2482153.0,7856.0,32.0,5000.0,True,False
6,22,8205580157840300753,SLH_DSA_PURE_SHA2_128S,0.07656061695888638,0.0016535460017621517,0.6062349280109629,0.0011126480530947447,0.010792695102281868,0.01084346801508218,6.3567210510373116,0.5792172330010469,2482153.0,7856.0,32.0,5000.0,True,False
6,23,6765299773110535924,SLH_DSA_PURE_SHA2_128S,0.14154094900004566,0.002910198993049562,0.661338672041893,0.0013133770553395152,0.029368950054049492,0.029465669998899102,10.87015962402802,0.5430368703973901,2482153.0,7856.0,32.0,5000.0,True,False
6,23,13009257512996257127,SLH_DSA_PURE_SHA2_128S,0.08159210800658911,0.0013882110361009836,0.6298951669596136,0.0013638429809361696,0.018272408982738853,0.01833236892707646,11.07785733602941,0.5410311842799946,2482153.0,7856.0,32.0,5000.0,True,False
6,23,16396454124698560402,SLH_DSA_PURE_SHA2_128S,0.08136434608604759,0.0017792030703276396,0.6357093260157853,0.0012005249736830592,0.010970746050588787,0.011028804001398385,11.055939316982403,0.5610324514519637,2482153.0,7856.0,32.0,5000.0,True,False
6,23,16122825496866818235,SLH_DSA_PURE_SHA2_128S,0.07948827696964145,0.0015162199269980192,0.6417995489900932,0.0012856420362368226,0.011186419986188412,0.011234953068196774,11.056447071954608,0.5772595787598829,2482153.0,7856.0,32.0,5000.0,True,False
6,23,15134135784086265593,SLH_DSA_PURE_SHA2_128S,0.08743508299812675,0.0019763209857046604,0.6440917389700189,0.0012685259571298957,0.011001943959854543,0.011061911005526781,10.7393484050408,0.5968287604249967,2482153.0,7856.0,32.0,5000.0,True,False
6,23,13304704529512318418,SLH_DSA_PURE_SHA2_128S,0.08524401392787695,0.0017629689536988735,0.647679501096718,0.0012393119977787137,0.011013549054041505,0.011063629994168878,10.877568964962848,0.5378265188544229,2482153.0,7856.0,32.0,5000.0,True,False
6,23,6924435044462360388,SLH_DSA_PURE_SHA2_128S,0.1490304070757702,0.0019121109507977962,0.6459193039918318,0.0011700999457389116,0.010972074000164866,0.011047489009797573,11.034572578966618,0.5842281784980919,2482153.0,7856.0,32.0,5000.0,True,False
6,23,15288720847191964058,SLH_DSA_PURE_SHA2_128S,0.079613838926889,0.0013443859061226249,0.6662601680727676,0.0012689370196312666,0.010856943903490901,0.010904689086601138,10.906003606971353,0.5631711820887911,2482153.0,7856.0,32.0,5000.0,True,False
6,23,5553361088175399360,SLH_DSA_PURE_SHA2_128S,0.08505418500863016,0.001805305015295744,0.624602262978442,0.0012598889879882336,0.011031912988983095,0.011079536052420735,6.247604447999038,0.565778842563652,2482153.0,7856.0,32.0,5000.0,True,False
6,23,8205580157840300753,SLH_DSA_PURE_SHA2_128S,0.07691124198026955,0.0016640379326418042,0.6076683520805091,0.0012051669182255864,0.010898577980697155,0.010947350994683802,6.355291748070158,0.5663780552471519,2482153.0,7856.0,32.0,5000.0,True,False
6,24,6765299773110535924,SLH_DSA_PURE_SHA2_128S,0.1668026209808886,0.0026183229638263583,0.6699867739807814,0.0012499709846451879,0.01097238902002573,0.011056832037866116,10.761982334079221,0.5039785466020464,2482153.0,7856.0,32.0,5000.0,True,False
6,24,16122825496866818235,SLH_DSA_PURE_SHA2_128S,0.08454414701554924,0.0016880929470062256,0.6370529800187796,0.0011058819945901632,0.010751134948804975,0.010802144999615848,10.978202887927182,0.538118609933147,2482153.0,7856.0,32.0,5000.0,True,False
6,24,13009257512996257127,SLH_DSA_PURE_SHA2_128S,0.1258298639440909,0.0019343718886375427,0.6426502780523151,0.0010823140619322658,0.011223065899685025,0.011273012030869722,10.891974203987047,0.5059607152346592,2482153.0,7856.0,32.0,5000.0,True,False
6,24,16396454124698560402,SLH_DSA_PURE_SHA2_128S,0.07974299101624638,0.0013555230107158422,0.6518672549864277,0.0014770339475944638,0.011034965049475431,0.01109616900794208,11.23348953097593,0.5285425859556836,2482153.0,7856.0,32.0,5000.0,True,False
6,24,15134135784086265593,SLH_DSA_PURE_SHA2_128S,0.13962259993422776,0.0016451840056106448,0.6358478720067069,0.0012982039479538798,0.011086493032053113,0.011145611992105842,11.049170122947544,0.5412691426671045,2482153.0,7856.0,32.0,5000.0,True,False
6,24,13304704529512318418,SLH_DSA_PURE_SHA2_128S,0.09495337295811623,0.001494129071943462,0.6298492950154468,0.0013740499271079898,0.010973070049658418,0.011031463043764234,11.236407082062215,0.5446002558822844,2482153.0,7856.0,32.0,5000.0,True,False
6,24,6924435044462360388,SLH_DSA_PURE_SHA2_128S,0.16246179793961346,0.0022224360145628452,0.6840975650120527,0.0015891629736870527,0.011227397946640849,0.011320593999698758,11.219925205106847,0.5654386841472546,2482153.0,7856.0,32.0,5000.0,True,False
6,24,15288720847191964058,SLH_DSA_PURE_SHA2_128S,0.09188208694104105,0.001390296034514904,0.6285234749084339,0.001288551022298634,0.011071541928686202,0.011131686973385513,10.95397979405243,0.5604385026511113,2482153.0,7856.0,32.0,5000.0,True,False
6,24,5553361088175399360,SLH_DSA_PURE_SHA2_128S,0.09136015200056136,0.001529598026536405,0.663748234976083,0.001479031052440405,0.01127567095682025,0.011332312016747892,6.085611741989851,0.5448103321206038,2482153.0,7856.0,32.0,5000.0,True,False
6,24,8205580157840300753,SLH_DSA_PURE_SHA2_128S,0.0783599599963054,0.001431463984772563,0.6173833619104698,0.0015228820266202092,0.01112488005310297,0.011185611016117036,6.306592446053401,0.5286698146563047,2482153.0,7856.0,32.0,5000.0,True,False
6,25,6765299773110535924,SLH_DSA_PURE_SHA2_128S,0.1416444630594924,0.001747043919749558,0.6575396589469165,0.001096108928322792,0.010810389998368919,0.010902474983595312,10.909012199030258,0.5265656370598419,2482153.0,7856.0,32.0,5000.0,True,False
6,25,16396454124698560402,SLH_DSA_PURE_SHA2_128S,0.14735577802639455,0.0017781839706003666,0.6721706930547953,0.0011352410074323416,0.010943191009573638,0.010993766016326845,10.973874407936819,0.5210848009083301,2482153.0,7856.0,32.0,5000.0,True,False
6,25,13009257512996257127,SLH_DSA_PURE_SHA2_128S,0.0836124470224604,0.0016015979927033186,0.6326311320299283,0.0013251210330054164,0.010784959071315825,0.01083220390137285,11.143263658042997,0.514739525640846,2482153.0,7856.0,32.0,5000.0,True,False
6,25,16122825496866818235,SLH_DSA_PURE_SHA2_128S,0.1018970530712977,0.0016549209831282496,0.635640425956808,0.0011049490422010422,0.010635443963110447,0.010681264917366207,11.208389424951747,0.5178365478422612,2482153.0,7856.0,32.0,5000.0,True,False
6,25,15134135784086265593,SLH_DSA_PURE_SHA2_128S,0.08448455994948745,0.0016472309362143278,0.6282578099053353,0.001319380011409521,0.010696384939365089,0.01074413605965674,10.9790777269518,0.5205855661421824,2482153.0,7856.0,32.0,5000.0,True,False
6,25,13304704529512318418,SLH_DSA_PURE_SHA2_128S,0.1722786920145154,0.0014023699332028627,0.628388294018805,0.0010983719257637858,0.010655330028384924,0.01070524100214243,11.021431275992654,0.5209782173453718,2482153.0,7856.0,32.0,5000.0,True,False
6,25,6924435044462360388,SLH_DSA_PURE_SHA2_128S,0.17346546100452542,0.0015104280319064856,0.6287836639676243,0.0013337760465219617,0.010734686977230012,0.010823513963259757,11.178972282912582,0.5210414639893611,2482153.0,7856.0,32.0,5000.0,True,False
6,25,15288720847191964058,SLH_DSA_PURE_SHA2_128S,0.07909274997655302,0.001367980963550508,0.686674225027673,0.0010635880753397942,0.010751027031801641,0.010796590941026807,11.006532680010423,0.5489690024049798,2482153.0,7856.0,32.0,5000.0,True,False
6,25,5553361088175399360,SLH_DSA_PURE_SHA2_128S,0.08155575406271964,0.0014297289308160543,0.613667591009289,0.001360805006697774,0.010684674023650587,0.010732221067883074,6.608037080965005,0.5203466636549895,2482153.0,7856.0,32.0,5000.0,True,False
6,25,8205580157840300753,SLH_DSA_PURE_SHA2_128S,0.07805482007097453,0.001467414083890617,0.6190073810284957,0.001101050991564989,0.01084570400416851,0.010894650942645967,6.5674049409572035,0.5051124837178333,2482153.0,7856.0,32.0,5000.0,True,False
6,26,13009257512996257127,SLH_DSA_PURE_SHA2_128S,0.08663229004014283,0.0031590089201927185,0.6372990619856864,0.001071198028512299,0.011127600097097456,0.01121176197193563,10.792671432951465,0.4882783013734089,2482153.0,7856.0,32.0,5000.0,True,False
6,26,6765299773110535924,SLH_DSA_PURE_SHA2_128S,0.0994306830689311,0.0017139390110969543,0.6497079429682344,0.0010943120578303933,0.010736158932559192,0.010782499914057553,10.89170895202551,0.4921645504440282,2482153.0,7856.0,32.0,5000.0,True,False
6,26,16396454124698560402,SLH_DSA_PURE_SHA2_128S,0.13335913000628352,0.001387645024806261,0.6318068680120632,0.001119542052038014,0.010697691002860665,0.010745317908003926,11.05663756991271,0.49980547177089246,2482153.0,7856.0,32.0,5000.0,True,False
6,26,16122825496866818235,SLH_DSA_PURE_SHA2_128S,0.1666848319582641,0.0015274309553205967,0.6558080130489543,0.0010786170605570078,0.010779601987451315,0.0108258540276438,10.979307350004092,0.5081249702793018,2482153.0,7856.0,32.0,5000.0,True,False
6,26,13304704529512318418,SLH_DSA_PURE_SHA2_128S,0.1477639420190826,0.0017421470256522298,0.7024418109795079,0.001147866016253829,0.01065725099761039,0.010706256958656013,10.777771644061431,0.4854111194871603,2482153.0,7856.0,32.0,5000.0,True,False
6,26,6924435044462360388,SLH_DSA_PURE_SHA2_128S,0.16008719603996724,0.0022261979756876826,0.7035114140016958,0.0011175889521837234,0.010670894989743829,0.010717853903770447,11.007219131104648,0.5182173454742522,2482153.0,7856.0,32.0,5000.0,True,False
6,26,15288720847191964058,SLH_DSA_PURE_SHA2_128S,0.09743412595707923,0.001680815010331571,0.6306512209121138,0.0010982910171151161,0.010943726054392755,0.011024373001419008,10.899170438060537,0.5368464998663611,2482153.0,7856.0,32.0,5000.0,True,False
6,26,15134135784086265593,SLH_DSA_PURE_SHA2_128S,0.0829613400856033,0.001604928052984178,0.6761532149976119,0.0010631909826770425,0.010792827932164073,0.010838428977876902,10.909516165032983,0.508417648708175,2482153.0,7856.0,32.0,5000.0,True,False
6,26,5553361088175399360,SLH_DSA_PURE_SHA2_128S,0.08499473496340215,0.0017007029382511973,0.621724103926681,0.0010882019996643066,0.010831036022864282,0.0108778279973194,6.513294939999469,0.5228922719930768,2482153.0,7856.0,32.0,5000.0,True,False
6,26,8205580157840300753,SLH_DSA_PURE_SHA2_128S,0.07690666895359755,0.001348415040411055,0.6107716950355098,0.0011036290088668466,0.010722058941610157,0.010768695967271924,6.625638409052044,0.496279947293602,2482153.0,7856.0,32.0,5000.0,True,False
6,27,6765299773110535924,SLH_DSA_PURE_SHA2_128S,0.0869073870126158,0.002102026017382741,0.6443699119845405,0.0010345459450036287,0.010708780027925968,0.01078771403990686,10.774099447997287,0.4783136918191697,2482153.0,7856.0,32.0,5000.0,True,False
6,27,16396454124698560402,SLH_DSA_PURE_SHA2_128S,0.08467480808030814,0.001997094019316137,0.6360196860041469,0.0011220809537917376,0.010707771987654269,0.01075957901775837,10.970846962998621,0.46788973024316655,2482153.0,7856.0,32.0,5000.0,True,False
6,27,16122825496866818235,SLH_DSA_PURE_SHA2_128S,0.08511606696993113,0.002121641067788005,0.6355863759526983,0.0010969090508297086,0.010642001987434924,0.010689196991734207,10.93785978097003,0.4665069489793223,2482153.0,7856.0,32.0,5000.0,True,False
6,27,13009257512996257127,SLH_DSA_PURE_SHA2_128S,0.07993371307384223,0.0013626929139718413,0.6307941479608417,0.0010956649202853441,0.011049991007894278,0.011100194067694247,11.088258469011635,0.48692286220990166,2482153.0,7856.0,32.0,5000.0,True,False
6,27,6924435044462360388,SLH_DSA_PURE_SHA2_128S,0.08667662495281547,0.002342290012165904,0.6378987269708887,0.0010573819745332003,0.010797346010804176,0.010843748925253749,10.98021541396156,0.5004612808442039,2482153.0,7856.0,32.0,5000.0,True,False
6,27,13304704529512318418,SLH_DSA_PURE_SHA2_128S,0.14947687496896833,0.0019082209328189492,0.6624374819220975,0.0010891469428315759,0.010694288997910917,0.010743991006165743,10.699743205099367,0.4288555997257732,2482153.0,7856.0,32.0,5000.0,True,False
6,27,15134135784086265593,SLH_DSA_PURE_SHA2_128S,0.08484775107353926,0.001963677001185715,0.6312451869016513,0.0011478778906166553,0.010758001008071005,0.01083698496222496,10.759553340030834,0.46568699984271433,2482153.0,7856.0,32.0,5000.0,True,False
6,27,15288720847191964058,SLH_DSA_PURE_SHA2_128S,0.07942579698283225,0.0013519710628315806,0.6344864279963076,0.0011495910584926605,0.010924631031230092,0.010975991026498377,10.771481305011548,0.4641885397018521,2482153.0,7856.0,32.0,5000.0,True,False
6,27,8205580157840300753,SLH_DSA_PURE_SHA2_128S,0.08499053306877613,0.0015950509114190936,0.6480130710406229,0.0011126240715384483,0.010759194032289088,0.010804865043610334,6.2059513529529795,0.47909356774702955,2482153.0,7856.0,32.0,5000.0,True,False
6,27,5553361088175399360,SLH_DSA_PURE_SHA2_128S,0.07930647395551205,0.0016429590759798884,0.6062690929975361,0.0011377950431779027,0.010800490970723331,0.010850559920072556,6.7508693899726495,0.49110057798160867,2482153.0,7856.0,32.0,5000.0,True,False
6,28,6765299773110535924,SLH_DSA_PURE_SHA2_128S,0.14857582899276167,0.0018978420412167907,0.6637237730901688,0.001117783016525209,0.01088457100559026,0.01096870203036815,10.711453822092153,0.43108832416166165,2482153.0,7856.0,32.0,5000.0,True,False
6,28,16122825496866818235,SLH_DSA_PURE_SHA2_128S,0.08615229302085936,0.0014607650227844715,0.6329918900737539,0.001445592031814158,0.011066692066378891,0.011119339964352548,10.902660578954965,0.4860154511229058,2482153.0,7856.0,32.0,5000.0,True,False
6,28,16396454124698560402,SLH_DSA_PURE_SHA2_128S,0.08782855398021638,0.0014196740230545402,0.6294070989824831,0.0011392420856282115,0.01069996994920075,0.01074610196519643,10.934724622988142,0.4496604939270171,2482153.0,7856.0,32.0,5000.0,True,False
6,28,13009257512996257127,SLH_DSA_PURE_SHA2_128S,0.08004112099297345,0.0014099359977990389,0.6338278759503737,0.00104531308170408,0.010826576966792345,0.010872807004489005,10.979681871947832,0.49767732648712815,2482153.0,7856.0,32.0,5000.0,True,False
6,28,6924435044462360388,SLH_DSA_PURE_SHA2_128S,0.15033563307952136,0.0030582790495827794,0.8534708360675722,0.0011440960224717855,0.01079790701624006,0.010847417055629194,10.668703860952519,0.47575630786217704,2482153.0,7856.0,32.0,5000.0,True,False
6,28,13304704529512318418,SLH_DSA_PURE_SHA2_128S,0.0871642220299691,0.002440470037981868,0.6697207459947094,0.0010716060642153025,0.011276887962594628,0.011324819992296398,10.937339772935957,0.44284479241153807,2482153.0,7856.0,32.0,5000.0,True,False
6,28,15288720847191964058,SLH_DSA_PURE_SHA2_128S,0.0796151040121913,0.0013722459552809596,0.6313008159631863,0.0010888689430430532,0.010864056996069849,0.01094612292945385,11.069678685045801,0.4718659333528797,2482153.0,7856.0,32.0,5000.0,True,False
6,28,15134135784086265593,SLH_DSA_PURE_SHA2_128S,0.0826183429453522,0.0016058580949902534,0.657120255054906,0.0010384680936113,0.011023400933481753,0.011071383953094482,11.036259943037294,0.4235880295538409,2482153.0,7856.0,32.0,5000.0,True,False
6,28,5553361088175399360,SLH_DSA_PURE_SHA2_128S,0.08495126594789326,0.0015114130219444633,0.6437883760081604,0.0011245670029893517,0.01106390100903809,0.011123006930574775,6.49243754404597,0.4673004835179657,2482153.0,7856.0,32.0,5000.0,True,False
6,28,8205580157840300753,SLH_DSA_PURE_SHA2_128S,0.07796627003699541,0.0016356520354747772,0.6042440159944817,0.0010356329148635268,0.010831755003891885,0.010876496904529631,6.722643711953424,0.4560566106040007,2482153.0,7856.0,32.0,5000.0,True,False
6,29,13009257512996257127,SLH_DSA_PURE_SHA2_128S,0.13722614699508995,0.001369516015984118,0.6273992670467123,0.0011191769735887647,0.011036460055038333,0.011119895032607019,10.844826819025911,0.4576662741601467,2482153.0,7856.0,32.0,5000.0,True,False
6,29,16122825496866818235,SLH_DSA_PURE_SHA2_128S,0.11464626400265843,0.00150953303091228,0.6274018520489335,0.0011350549757480621,0.010663239983841777,0.010713864001445472,10.806918931077234,0.4221218591377993,2482153.0,7856.0,32.0,5000.0,True,False
6,29,16396454124698560402,SLH_DSA_PURE_SHA2_128S,0.08404122001957148,0.001417719991877675,0.6328168550971895,0.0010831760009750724,0.010718789999373257,0.010766919935122132,10.868417899939232,0.4339232816343095,2482153.0,7856.0,32.0,5000.0,True,False
6,29,6765299773110535924,SLH_DSA_PURE_SHA2_128S,0.09377067792229354,0.001699151936918497,0.6799259019317105,0.001160789979621768,0.01076883403584361,0.010818106937222183,10.930572033044882,0.44716554713453266,2482153.0,7856.0,32.0,5000.0,True,False
6,29,6924435044462360388,SLH_DSA_PURE_SHA2_128S,0.08754183200653642,0.003059673006646335,0.6441056249896064,0.0010942970402538776,0.01081751799210906,0.010865995078347623,11.086652465048246,0.4581662341804024,2482153.0,7856.0,32.0,5000.0,True,False
6,29,13304704529512318418,SLH_DSA_PURE_SHA2_128S,0.16098829603288323,0.0023521530674770474,0.647143353940919,0.001136436010710895,0.010751475929282606,0.010801039985381067,11.015577542013489,0.4436345230491393,2482153.0,7856.0,32.0,5000.0,True,False
6,29,15134135784086265593,SLH_DSA_PURE_SHA2_128S,0.09846647607628256,0.0014704649802297354,0.6307142339646816,0.0011444119736552238,0.010788727086037397,0.010868595913052559,11.185809646034613,0.4239241124670597,2482153.0,7856.0,32.0,5000.0,True,False
6,29,15288720847191964058,SLH_DSA_PURE_SHA2_128S,0.07977345306426287,0.0014020149828866124,0.6756817989517003,0.001105602947063744,0.01073562097735703,0.010784046957269311,11.134206129005179,0.4383320493896486,2482153.0,7856.0,32.0,5000.0,True,False
6,29,5553361088175399360,SLH_DSA_PURE_SHA2_128S,0.08002883801236749,0.0014685910427942872,0.6099657509475946,0.0012101370375603437,0.0119136719731614,0.011968416976742446,6.825339392060414,0.43822251276890184,2482153.0,7856.0,32.0,5000.0,True,False
6,29,8205580157840300753,SLH_DSA_PURE_SHA2_128S,0.07700589194428176,0.001452689990401268,0.6097051639808342,0.0010954668978229165,0.010773089015856385,0.010823864955455065,6.721050148946233,0.44252978661542486,2482153.0,7856.0,32.0,5000.0,True,False
6,30,16122825496866818235,SLH_DSA_PURE_SHA2_128S,0.11736750602722168,0.002982444944791496,0.6428992650471628,0.0011074199574068189,0.010804943973198533,0.010894840001128614,10.960203901049681,0.4326767078630484,2482153.0,7856.0,32.0,5000.0,True,False
6,30,6765299773110535924,SLH_DSA_PURE_SHA2_128S,0.0871351941023022,0.0021085640182718635,0.7423527869395912,0.0011685939971357584,0.010688115027733147,0.010739114950411022,10.866900581982918,0.39364494589768395,2482153.0,7856.0,32.0,5000.0,True,False
6,30,16396454124698560402,SLH_DSA_PURE_SHA2_128S,0.13142663799226284,0.0017655750270932913,0.6316782230278477,0.0010399200255051255,0.010832073050551116,0.010876913904212415,11.14673729694914,0.428099220381326,2482153.0,7856.0,32.0,5000.0,True,False
6,30,13009257512996257127,SLH_DSA_PURE_SHA2_128S,0.07996586605440825,0.0013593710027635098,0.6340847209794447,0.0011361930519342422,0.011286274995654821,0.011335148010402918,11.211793741909787,0.44728442544865,2482153.0,7856.0,32.0,5000.0,True,False
6,30,13304704529512318418,SLH_DSA_PURE_SHA2_128S,0.15311801398638636,0.003654103958979249,0.738130746060051,0.0010876220185309649,0.010655566002242267,0.010743934893980622,10.86352213495411,0.395892403121136,2482153.0,7856.0,32.0,5000.0,True,False
6,30,6924435044462360388,SLH_DSA_PURE_SHA2_128S,0.16050600504968315,0.002115537063218653,0.6350974630331621,0.001112604048103094,0.011127827106975019,0.011179468012414873,11.099810654995963,0.43317226349571897,2482153.0,7856.0,32.0,5000.0,True,False
6,30,15134135784086265593,SLH_DSA_PURE_SHA2_128S,0.07993668399285525,0.0013657300733029842,0.6832165339728817,0.0011080759577453136,0.010931233991868794,0.011009301990270615,10.979421130963601,0.4209917453443928,2482153.0,7856.0,32.0,5000.0,True,False
6,30,15288720847191964058,SLH_DSA_PURE_SHA2_128S,0.0854634289862588,0.001371737103909254,0.6317975600250065,0.0010705189779400826,0.010762421996332705,0.010809463914483786,10.964558359002694,0.43253617822696827,2482153.0,7856.0,32.0,5000.0,True,False
6,30,5553361088175399360,SLH_DSA_PURE_SHA2_128S,0.0847221160074696,0.00174736010376364,0.615940390038304,0.0010874379659071565,0.0107538040028885,0.010806538979522884,6.648767900071107,0.40384743206060614,2482153.0,7856.0,32.0,5000.0,True,False
6,30,8205580157840300753,SLH_DSA_PURE_SHA2_128S,0.07665117806755006,0.0013907880056649446,0.6080198369454592,0.0011057000374421477,0.010763899073936045,0.010814221925102174,6.678607831010595,0.40904827279507355,2482153.0,7856.0,32.0,5000.0,True,False
7,1,9237149801939960988,SLH_DSA_PURE_SHA2_128S,0.1318672850029543,0.0023007610579952598,0.8058537640608847,0.001064447918906808,0.010789997060783207,0.010923955007456243,10.812276639044285,2.087172753491979,2482153.0,7856.0,32.0,5000.0,True,False
7,1,12737936838636063186,SLH_DSA_PURE_SHA2_128S,0.11707985505927354,0.0021401889389380813,0.8257165139075369,0.0011213229736313224,0.010743203107267618,0.010799466981552541,10.900772844906896,2.037925913075733,2482153.0,7856.0,32.0,5000.0,True,False
7,1,7566447940354539937,SLH_DSA_PURE_SHA2_128S,0.1630436370614916,0.001956546097062528,0.7607279230142012,0.0011087110033258796,0.010838937945663929,0.01090118195861578,11.107528304099105,2.065713934078338,2482153.0,7856.0,32.0,5000.0,True,False
7,1,11954977785252055468,SLH_DSA_PURE_SHA2_128S,0.12764132395386696,0.001758251921273768,0.6908177100121975,0.0010817949660122395,0.010717220953665674,0.01077267702203244,10.666085371049121,2.062292166576264,2482153.0,7856.0,32.0,5000.0,True,False
7,1,11759548417302976119,SLH_DSA_PURE_SHA2_128S,0.17824252601712942,0.0027944919420406222,0.9446935390587896,0.001069954945705831,0.010951642994768918,0.011032082024030387,10.789783715037629,2.073257223815675,2482153.0,7856.0,32.0,5000.0,True,False
7,1,13332013557599210154,SLH_DSA_PURE_SHA2_128S,0.08638990996405482,0.001937882974743843,0.6655364169273525,0.00108371302485466,0.01076681399717927,0.010821818956173956,11.116087761940435,2.045676633810541,2482153.0,7856.0,32.0,5000.0,True,False
7,1,12608321674208868446,SLH_DSA_PURE_SHA2_128S,0.12459250597748905,0.0015550949610769749,0.6581232519820333,0.0010846549412235618,0.010812085005454719,0.010863452916964889,10.889150828938,2.0734233932130657,2482153.0,7856.0,32.0,5000.0,True,False
7,1,13162584385044919169,SLH_DSA_PURE_SHA2_128S,0.09123146801721305,0.001537206000648439,0.6630265790736303,0.0011092099593952298,0.010771894943900406,0.01084972103126347,10.751741277985275,2.0383234327765787,2482153.0,7856.0,32.0,5000.0,True,False
7,1,10314586587352049617,SLH_DSA_PURE_SHA2_128S,0.07836443197447807,0.0014521681005135179,0.6087064259918407,0.0011006220011040568,0.010739182936958969,0.010787704028189182,6.159008497954346,2.0218375837726956,2482153.0,7856.0,32.0,5000.0,True,False
7,1,18111896981644861527,SLH_DSA_PURE_SHA2_128S,0.07768010208383203,0.001439716899767518,0.6156681819120422,0.001488068955950439,0.010900526074692607,0.010973411030136049,6.151553270989098,2.1210087514986657,2482153.0,7856.0,32.0,5000.0,True,False
7,2,9237149801939960988,SLH_DSA_PURE_SHA2_128S,0.1344227569643408,0.0031070749973878264,0.7851347819669172,0.001133836922235787,0.010675617028027773,0.010768875945359468,10.550060927052982,1.7998861856521315,2482153.0,7856.0,32.0,5000.0,True,False
7,2,7566447940354539937,SLH_DSA_PURE_SHA2_128S,0.08706914901267737,0.002019499079324305,0.6469605599995703,0.001209300011396408,0.010728477966040373,0.010788869927637279,10.892722132033668,1.8026201208685613,2482153.0,7856.0,32.0,5000.0,True,False
7,2,12737936838636063186,SLH_DSA_PURE_SHA2_128S,0.12805519404355437,0.0014806129038333893,0.6334538580849767,0.0011409829603508115,0.0111086240503937,0.011161522008478642,11.156476392992772,1.8267930594219524,2482153.0,7856.0,32.0,5000.0,True,False
7,2,11954977785252055468,SLH_DSA_PURE_SHA2_128S,0.11984731093980372,0.0013551200972869992,0.6415567860240117,0.0010990360751748085,0.010736625990830362,0.010788711020722985,11.134906713035889,1.7982122495675543,2482153.0,7856.0,32.0,5000.0,True,False
7,2,11759548417302976119,SLH_DSA_PURE_SHA2_128S,0.13549635303206742,0.002953022951260209,0.8999827250372618,0.0011154559906572104,0.010844412026926875,0.01089751801919192,10.760719404090196,1.8099784851074219,2482153.0,7856.0,32.0,5000.0,True,False
7,2,13332013557599210154,SLH_DSA_PURE_SHA2_128S,0.08922084898222238,0.001847236999310553,0.6829641540534794,0.0010877009481191635,0.010699540958739817,0.010750485002063215,10.888200341025367,1.800949558330949,2482153.0,7856.0,32.0,5000.0,True,False
7,2,12608321674208868446,SLH_DSA_PURE_SHA2_128S,0.15020034101326019,0.0018374150386080146,0.6520478969905525,0.0011338799959048629,0.01108540897257626,0.011170847923494875,10.833447442972101,1.8341954475755144,2482153.0,7856.0,32.0,5000.0,True,False
7,2,13162584385044919169,SLH_DSA_PURE_SHA2_128S,0.08043273899238557,0.001404903014190495,0.71730043401476,0.0011305169900879264,0.010645000031217933,0.0106970559572801,11.032948144013062,1.8214754397702064,2482153.0,7856.0,32.0,5000.0,True,False
7,2,10314586587352049617,SLH_DSA_PURE_SHA2_128S,0.08213326509576291,0.0014275989960879087,0.6112466619815677,0.0011494039790704846,0.010713167954236269,0.010767219006083906,6.06120298197493,1.82433021068573,2482153.0,7856.0,32.0,5000.0,True,False
7,2,18111896981644861527,SLH_DSA_PURE_SHA2_128S,0.07751376507803798,0.0013747470220550895,0.6138206559699029,0.0011348319239914417,0.010744606028310955,0.010796857997775078,6.059536698041484,1.8225866981372711,2482153.0,7856.0,32.0,5000.0,True,False
7,3,9237149801939960988,SLH_DSA_PURE_SHA2_128S,0.08741575898602605,0.00191156892105937,0.6320355089846998,0.0011304069776088,0.011072552995756269,0.011167819960974157,10.814499314990826,1.615573923299267,2482153.0,7856.0,32.0,5000.0,True,False
7,3,12737936838636063186,SLH_DSA_PURE_SHA2_128S,0.10275765997357666,0.0014499450335279107,0.6333157470216975,0.0011846600100398064,0.010754905990324914,0.010808954015374184,10.880799541948363,1.6428142155811285,2482153.0,7856.0,32.0,5000.0,True,False
7,3,7566447940354539937,SLH_DSA_PURE_SHA2_128S,0.11975754296872765,0.0013883380452170968,0.6376015349524096,0.0013695299858227372,0.010835401015356183,0.010888762073591352,10.844158919993788,1.5890942523433904,2482153.0,7856.0,32.0,5000.0,True,False
7,3,11954977785252055468,SLH_DSA_PURE_SHA2_128S,0.07980807800777256,0.0016672660131007433,0.6392259119311348,0.00123551394790411,0.010744359926320612,0.010793979978188872,10.924351304071024,1.611172177989012,2482153.0,7856.0,32.0,5000.0,True,False
7,3,11759548417302976119,SLH_DSA_PURE_SHA2_128S,0.15639642300084233,0.0025095950113609433,0.759314076974988,0.0010441540507599711,0.01082551502622664,0.010873883962631226,10.781728546950035,1.672887237967959,2482153.0,7856.0,32.0,5000.0,True,False
7,3,13332013557599210154,SLH_DSA_PURE_SHA2_128S,0.07844369404483587,0.0013626519357785583,0.6378061410505325,0.0011079750256612897,0.01075793500058353,0.010807597078382969,10.917007553973235,1.6189394437583389,2482153.0,7856.0,32.0,5000.0,True,False
7,3,13162584385044919169,SLH_DSA_PURE_SHA2_128S,0.0798802690114826,0.0017075049690902233,0.6299278270453215,0.0013655399670824409,0.01104530191514641,0.011130226077511907,10.862274327897467,1.625037459810828,2482153.0,7856.0,32.0,5000.0,True,False
7,3,12608321674208868446,SLH_DSA_PURE_SHA2_128S,0.15009806293528527,0.001463906024582684,0.660805847030133,0.0010667179012671113,0.01153937098570168,0.011604086961597204,10.860760345007293,1.6593671528397091,2482153.0,7856.0,32.0,5000.0,True,False
7,3,10314586587352049617,SLH_DSA_PURE_SHA2_128S,0.08538302103988826,0.0017161750001832843,0.6112334510544315,0.0010863359784707427,0.01058175996877253,0.010631454992108047,6.29313234006986,1.6345316946126853,2482153.0,7856.0,32.0,5000.0,True,False
7,3,18111896981644861527,SLH_DSA_PURE_SHA2_128S,0.077095438959077,0.0016055040759965777,0.6079728929325938,0.0010904649971053004,0.010760426986962557,0.01082267495803535,6.276527968933806,1.6249804868819608,2482153.0,7856.0,32.0,5000.0,True,False
7,4,11954977785252055468,SLH_DSA_PURE_SHA2_128S,0.09502164192963392,0.0023774580331519246,0.6507324550766498,0.0010366010246798396,0.01081616897135973,0.010912210098467767,10.704094625078142,1.4754713591496655,2482153.0,7856.0,32.0,5000.0,True,False
7,4,7566447940354539937,SLH_DSA_PURE_SHA2_128S,0.08558574493508786,0.0018246909603476524,0.6440466190688312,0.0011271589901298285,0.010699282051064074,0.010752956965006888,10.724856860004365,1.4807602835308975,2482153.0,7856.0,32.0,5000.0,True,False
7,4,9237149801939960988,SLH_DSA_PURE_SHA2_128S,0.08419629302807152,0.001973635982722044,0.6876405018847436,0.0010738850105553865,0.010725804953835905,0.010772837908007205,10.880909007973969,1.500484496924528,2482153.0,7856.0,32.0,5000.0,True,False
7,4,12737936838636063186,SLH_DSA_PURE_SHA2_128S,0.07993396208621562,0.001349037978798151,0.6823058109730482,0.001068084966391325,0.01077850500587374,0.010833330918103456,11.064035682938993,1.5376621181038534,2482153.0,7856.0,32.0,5000.0,True,False
7,4,13332013557599210154,SLH_DSA_PURE_SHA2_128S,0.14919600100256503,0.0023072169860824943,0.7807625660207123,0.0013217079686000943,0.010942094027996063,0.010992249008268118,10.773676424985752,1.4912249631942458,2482153.0,7856.0,32.0,5000.0,True,False
7,4,11759548417302976119,SLH_DSA_PURE_SHA2_128S,0.15349338005762547,0.0018940860172733665,0.6801214669831097,0.0010742319282144308,0.01081244193483144,0.010864075040444732,11.140089373919182,1.5537666803712298,2482153.0,7856.0,32.0,5000.0,True,False
7,4,12608321674208868446,SLH_DSA_PURE_SHA2_128S,0.08597678993828595,0.0019209219608455896,0.6363086769124493,0.0010367920622229576,0.010879775043576956,0.010956733021885157,11.055950821028091,1.5325802913896598,2482153.0,7856.0,32.0,5000.0,True,False
7,4,13162584385044919169,SLH_DSA_PURE_SHA2_128S,0.07963066699448973,0.0013413410633802414,0.6297422850038856,0.0010832580737769604,0.010866077966056764,0.010917773004621267,10.970759175019339,1.5260344124903344,2482153.0,7856.0,32.0,5000.0,True,False
7,4,10314586587352049617,SLH_DSA_PURE_SHA2_128S,0.08518984401598573,0.0020367889665067196,0.6251649539917707,0.001048916019499302,0.010766968014650047,0.010813947068527341,6.1562982350587845,1.511991707382688,2482153.0,7856.0,32.0,5000.0,True,False
7,4,18111896981644861527,SLH_DSA_PURE_SHA2_128S,0.07661096099764109,0.0013399780727922916,0.6091622960520908,0.001088125049136579,0.01087496301624924,0.010928998002782464,6.086741838953458,1.5033595782176705,2482153.0,7856.0,32.0,5000.0,True,False
7,5,7566447940354539937,SLH_DSA_PURE_SHA2_128S,0.1462395649868995,0.0017852040473371744,0.7034316200297326,0.001315527013503015,0.011001050937920809,0.011086569051258266,10.852357561001554,1.4022192245076417,2482153.0,7856.0,32.0,5000.0,True,False
7,5,12737936838636063186,SLH_DSA_PURE_SHA2_128S,0.1521687509957701,0.0021867590257897973,0.6645752689801157,0.0013482070062309504,0.01143411104567349,0.011485317023470998,10.872065536910668,1.4270331369843452,2482153.0,7856.0,32.0,5000.0,True,False
7,5,11954977785252055468,SLH_DSA_PURE_SHA2_128S,0.15003881102893502,0.0018965390045195818,0.6371147389290854,0.001207728055305779,0.010765700018964708,0.010812530992552638,10.987914111930877,1.3849956256568812,2482153.0,7856.0,32.0,5000.0,True,False
7,5,9237149801939960988,SLH_DSA_PURE_SHA2_128S,0.09988755104131997,0.001326018013060093,0.6369292269228026,0.0012338110245764256,0.011370760039426386,0.011419229093007743,11.212514714919962,1.4007880752253685,2482153.0,7856.0,32.0,5000.0,True,False
7,5,13332013557599210154,SLH_DSA_PURE_SHA2_128S,0.08761782199144363,0.0027634360594674945,0.6544801269192249,0.001250019995495677,0.011075731948949397,0.011124516953714192,10.83314085600432,1.3918614577335917,2482153.0,7856.0,32.0,5000.0,True,False
7,5,11759548417302976119,SLH_DSA_PURE_SHA2_128S,0.16205332498066127,0.001739169005304575,0.6621641960227862,0.0012160839978605509,0.011486988049000502,0.011535041965544224,11.151724894996732,1.466932468353563,2482153.0,7856.0,32.0,5000.0,True,False
7,5,12608321674208868446,SLH_DSA_PURE_SHA2_128S,0.13151564600411803,0.001453917007893324,0.6284913449781016,0.001375798019580543,0.011074059992097318,0.011153601109981537,11.07766636798624,1.413155692777816,2482153.0,7856.0,32.0,5000.0,True,False
7,5,13162584385044919169,SLH_DSA_PURE_SHA2_128S,0.10437618906144053,0.0013959199422970414,0.6855993509525433,0.0012528279330581427,0.011200416018255055,0.011249410919845104,10.952689814963378,1.4266046657683744,2482153.0,7856.0,32.0,5000.0,True,False
7,5,10314586587352049617,SLH_DSA_PURE_SHA2_128S,0.08579045801889151,0.0017575970850884914,0.6212837940547615,0.0012051800731569529,0.010988614987581968,0.011037528049200773,6.38477669598069,1.4338105134903245,2482153.0,7856.0,32.0,5000.0,True,False
7,5,18111896981644861527,SLH_DSA_PURE_SHA2_128S,0.07715486700180918,0.001373401959426701,0.6480338890105486,0.0012981039471924305,0.011127548990771174,0.011177735985256732,6.197151545085944,1.3858914158906146,2482153.0,7856.0,32.0,5000.0,True,False
7,6,9237149801939960988,SLH_DSA_PURE_SHA2_128S,0.08922158204950392,0.0018211749847978354,0.6492872131057084,0.0011053510243073106,0.011102024000138044,0.01118652697186917,10.819461134029552,1.3254691073848943,2482153.0,7856.0,32.0,5000.0,True,False
7,6,11954977785252055468,SLH_DSA_PURE_SHA2_128S,0.14312584197614342,0.0017390749417245388,0.7019117890158668,0.0011560260318219662,0.010788304964080453,0.010836916975677013,10.676775933010504,1.2993345518780361,2482153.0,7856.0,32.0,5000.0,True,False
7,6,7566447940354539937,SLH_DSA_PURE_SHA2_128S,0.16071714903227985,0.0019579409854486585,0.7117983680218458,0.0011707310331985354,0.010827386984601617,0.010875039966776967,10.823271943023428,1.3170661106231107,2482153.0,7856.0,32.0,5000.0,True,False
7,6,12737936838636063186,SLH_DSA_PURE_SHA2_128S,0.08023086294997483,0.0013599840458482504,0.6358799869194627,0.001118598971515894,0.010907343006692827,0.010974228964187205,11.15068242594134,1.3326885548366862,2482153.0,7856.0,32.0,5000.0,True,False
7,6,11759548417302976119,SLH_DSA_PURE_SHA2_128S,0.1586560410214588,0.0025704629952088,0.7896953999297693,0.0011819939827546477,0.010933986981399357,0.010982020059600472,10.74431172804907,1.3481689570056405,2482153.0,7856.0,32.0,5000.0,True,False
7,6,13332013557599210154,SLH_DSA_PURE_SHA2_128S,0.16030108893755823,0.00239103299099952,0.8346541279461235,0.0011887039290741086,0.010789214982651174,0.010836438043043017,10.907166362041607,1.2983772405393563,2482153.0,7856.0,32.0,5000.0,True,False
7,6,12608321674208868446,SLH_DSA_PURE_SHA2_128S,0.18692248791921884,0.0018326069694012403,0.6909511869307607,0.0010868589160963893,0.010940478998236358,0.011015706928446889,10.98762141901534,1.302330414201044,2482153.0,7856.0,32.0,5000.0,True,False
7,6,13162584385044919169,SLH_DSA_PURE_SHA2_128S,0.07942155795171857,0.0014278750168159604,0.6318812660174444,0.0012172639835625887,0.011043461970984936,0.011100456002168357,10.970784383942373,1.352966008672289,2482153.0,7856.0,32.0,5000.0,True,False
7,6,10314586587352049617,SLH_DSA_PURE_SHA2_128S,0.08621783694252372,0.0016341819427907467,0.6273986989399418,0.0013832730473950505,0.01089869299903512,0.010954226017929614,6.324894194956869,1.3316184753065656,2482153.0,7856.0,32.0,5000.0,True,False
7,6,18111896981644861527,SLH_DSA_PURE_SHA2_128S,0.07884922600351274,0.001789869973435998,0.622519512893632,0.0011898369994014502,0.010934473015367985,0.010987018002197146,6.199948377092369,1.3112648182613835,2482153.0,7856.0,32.0,5000.0,True,False
7,7,7566447940354539937,SLH_DSA_PURE_SHA2_128S,0.08700807893183082,0.001932503073476255,0.63250726996921,0.0010275200475007296,0.01084784499835223,0.010929262032732368,10.982978133950382,1.2269552319672457,2482153.0,7856.0,32.0,5000.0,True,False
7,7,9237149801939960988,SLH_DSA_PURE_SHA2_128S,0.15168376895599067,0.0016281560529023409,0.6385521640768275,0.0010755889816209674,0.010842139017768204,0.010895812069065869,11.040742708952166,1.2480510173329882,2482153.0,7856.0,32.0,5000.0,True,False
7,7,12737936838636063186,SLH_DSA_PURE_SHA2_128S,0.08240689197555184,0.0015194040024653077,0.6303334230324253,0.001044218079186976,0.011019704979844391,0.01106644596438855,11.095593709032983,1.2501474375937396,2482153.0,7856.0,32.0,5000.0,True,False
7,7,11954977785252055468,SLH_DSA_PURE_SHA2_128S,0.09535567800048739,0.0013898920733481646,0.6696057539666072,0.001070813974365592,0.010780708049423993,0.010833345004357398,11.125634088064544,1.2226436498818125,2482153.0,7856.0,32.0,5000.0,True,False
7,7,11759548417302976119,SLH_DSA_PURE_SHA2_128S,0.08823938702698797,0.00267101195640862,0.6484013570006937,0.0013972650049254298,0.01118584896903485,0.011243553017266095,10.99349840299692,1.269703197631107,2482153.0,7856.0,32.0,5000.0,True,False
7,7,13332013557599210154,SLH_DSA_PURE_SHA2_128S,0.09997605590615422,0.0014544519362971187,0.6385158039629459,0.0010720230638980865,0.010804283083416522,0.010855091968551278,11.028771710000001,1.246211034856784,2482153.0,7856.0,32.0,5000.0,True,False
7,7,13162584385044919169,SLH_DSA_PURE_SHA2_128S,0.16306057595647871,0.002283019945025444,0.6577970810467377,0.0010711629875004292,0.010763489990495145,0.010840754956007004,10.901814298005775,1.2472700393123992,2482153.0,7856.0,32.0,5000.0,True,False
7,7,12608321674208868446,SLH_DSA_PURE_SHA2_128S,0.09596025303471833,0.0013390929671004415,0.6816903119906783,0.0010537210619077086,0.01080962095875293,0.010860327049158514,11.152062937966548,1.2184608996294106,2482153.0,7856.0,32.0,5000.0,True,False
7,7,10314586587352049617,SLH_DSA_PURE_SHA2_128S,0.07962259103078395,0.0014185759937390685,0.6272241770057008,0.0010439089965075254,0.010698508005589247,0.010744921979494393,6.45278068294283,1.263685641774706,2482153.0,7856.0,32.0,5000.0,True,False
7,7,18111896981644861527,SLH_DSA_PURE_SHA2_128S,0.0795929740415886,0.0013770100194960833,0.6235565890092403,0.0010589119046926498,0.010674400022253394,0.010724708088673651,6.202937132911757,1.2249103165735864,2482153.0,7856.0,32.0,5000.0,True,False
7,8,12737936838636063186,SLH_DSA_PURE_SHA2_128S,0.08358809503261,0.0014540909323841333,0.6355161509709433,0.0011421809904277325,0.010769243002869189,0.010861252900213003,10.978802458033897,1.171686512649439,2482153.0,7856.0,32.0,5000.0,True,False
7,8,11954977785252055468,SLH_DSA_PURE_SHA2_128S,0.08368238306138664,0.0014876499772071838,0.628892085980624,0.0011274609714746475,0.010992374969646335,0.011045269086025655,10.975775564904325,1.146667563991182,2482153.0,7856.0,32.0,5000.0,True,False
7,8,7566447940354539937,SLH_DSA_PURE_SHA2_128S,0.15478262992110103,0.002032896038144827,0.6862660290207714,0.0011443609837442636,0.010718049947172403,0.010767672909423709,10.817850460065529,1.1705581891308925,2482153.0,7856.0,32.0,5000.0,True,False
7,8,9237149801939960988,SLH_DSA_PURE_SHA2_128S,0.10960733296815306,0.0014072780031710863,0.6345612669829279,0.001101272995583713,0.010945506044663489,0.010998068959452212,11.03914628806524,1.1719594081495976,2482153.0,7856.0,32.0,5000.0,True,False
7,8,11759548417302976119,SLH_DSA_PURE_SHA2_128S,0.09347693796735257,0.0019357509445399046,0.6410488799447194,0.0011171270161867142,0.010730309993959963,0.01078095706179738,10.910955234081484,1.2088895447694572,2482153.0,7856.0,32.0,5000.0,True,False
7,8,12608321674208868446,SLH_DSA_PURE_SHA2_128S,0.08399986696895212,0.0016786509659141302,0.6509768789401278,0.0010922009823843837,0.010691497940570116,0.010743173072114587,10.847807980957441,1.1371013377882113,2482153.0,7856.0,32.0,5000.0,True,False
7,8,13332013557599210154,SLH_DSA_PURE_SHA2_128S,0.16194843302946538,0.00193478399887681,0.7696403609588742,0.0011207619681954384,0.011082513025030494,0.011164671974256635,10.79308695893269,1.1739576352629693,2482153.0,7856.0,32.0,5000.0,True,False
7,8,13162584385044919169,SLH_DSA_PURE_SHA2_128S,0.11105528101325035,0.001336537068709731,0.6323080690344796,0.0011820009676739573,0.011002929997630417,0.011057858937419951,11.03415545693133,1.189996892099927,2482153.0,7856.0,32.0,5000.0,True,False
7,8,18111896981644861527,SLH_DSA_PURE_SHA2_128S,0.07769349403679371,0.0013984269462525845,0.6195215210318565,0.0011083270655944943,0.010862353025004268,0.01091265701688826,6.510905904928222,1.1645728406632783,2482153.0,7856.0,32.0,5000.0,True,False
7,8,10314586587352049617,SLH_DSA_PURE_SHA2_128S,0.0771745239617303,0.0014525779988616705,0.6191849539754912,0.0012354960199445486,0.01101062004454434,0.011085957055911422,6.535215115058236,1.1710615123912786,2482153.0,7856.0,32.0,5000.0,True,False
7,9,12737936838636063186,SLH_DSA_PURE_SHA2_128S,0.15524867398198694,0.0020370520651340485,0.7705730589805171,0.0010792070534080267,0.010679006925784051,0.010781602002680302,10.634480959037319,1.1039516644872678,2482153.0,7856.0,32.0,5000.0,True,False
7,9,9237149801939960988,SLH_DSA_PURE_SHA2_128S,0.08618438406847417,0.0018321690149605274,0.7964103620033711,0.001093184924684465,0.010712307994253933,0.01076656999066472,10.906494983006269,1.1047750889875327,2482153.0,7856.0,32.0,5000.0,True,False
7,9,7566447940354539937,SLH_DSA_PURE_SHA2_128S,0.18390103406272829,0.0015351999318227172,0.6628541089594364,0.0010473850416019559,0.010691431001760066,0.010758214979432523,11.077477710088715,1.1047271615380694,2482153.0,7856.0,32.0,5000.0,True,False
7,9,11954977785252055468,SLH_DSA_PURE_SHA2_128S,0.0787444079760462,0.0014249479863792658,0.6876852749846876,0.0010821468895301223,0.010669033043086529,0.010720822960138321,11.223759024986066,1.0983691215515137,2482153.0,7856.0,32.0,5000.0,True,False
7,9,11759548417302976119,SLH_DSA_PURE_SHA2_128S,0.1487061600200832,0.00234948901925236,0.7893081969814375,0.0011061739642173052,0.010656110011041164,0.010704171960242093,10.956393170985393,1.1325874601959423,2482153.0,7856.0,32.0,5000.0,True,False
7,9,13332013557599210154,SLH_DSA_PURE_SHA2_128S,0.08633895800448954,0.0015834749210625887,0.652322944952175,0.0010842329356819391,0.011230256990529597,0.011280053993687034,10.93282000895124,1.1082011301806018,2482153.0,7856.0,32.0,5000.0,True,False
7,9,12608321674208868446,SLH_DSA_PURE_SHA2_128S,0.08609274495393038,0.0015850280178710818,0.6383432139409706,0.0011339200427755713,0.010924602043814957,0.011003397055901587,10.951192843960598,1.0931955040640133,2482153.0,7856.0,32.0,5000.0,True,False
7,9,13162584385044919169,SLH_DSA_PURE_SHA2_128S,0.08017591794487089,0.0013304390013217926,0.6574232059065253,0.0010762360179796815,0.01097517495509237,0.011023597908206284,10.976892684935592,1.0941708721932333,2482153.0,7856.0,32.0,5000.0,True,False
7,9,10314586587352049617,SLH_DSA_PURE_SHA2_128S,0.08501857402734458,0.0021167920203879476,0.6206311809364706,0.0011276749428361654,0.010668923030607402,0.010712496004998684,6.466409203945659,1.120948570169461,2482153.0,7856.0,32.0,5000.0,True,False
7,9,18111896981644861527,SLH_DSA_PURE_SHA2_128S,0.07693534507416189,0.0016453369753435254,0.61085840605665,0.0010576669592410326,0.010957242920994759,0.01100625901017338,6.562639884999953,1.0921172283257647,2482153.0,7856.0,32.0,5000.0,True,False
7,10,9237149801939960988,SLH_DSA_PURE_SHA2_128S,0.08180688403081149,0.0014907669974491,0.631250960053876,0.001352549996227026,0.011005094973370433,0.011096936999820173,11.12502235500142,1.057072991018842,2482153.0,7856.0,32.0,5000.0,True,False
7,10,12737936838636063186,SLH_DSA_PURE_SHA2_128S,0.14826486899983138,0.0014532030327245593,0.6317194839939475,0.0010284970048815012,0.010768159059807658,0.010816143010742962,11.028896891046315,1.0465113167550153,2482153.0,7856.0,32.0,5000.0,True,False
7,10,11954977785252055468,SLH_DSA_PURE_SHA2_128S,0.13962926296517253,0.0013735140673816204,0.634396907989867,0.0014040350215509534,0.010793004999868572,0.01084698992781341,11.045368486084044,1.0021125877359112,2482153.0,7856.0,32.0,5000.0,True,False
7,10,7566447940354539937,SLH_DSA_PURE_SHA2_128S,0.07948980899527669,0.001411592005752027,0.6309059360064566,0.0010955180041491985,0.010795305017381907,0.010847285040654242,11.161034899996594,1.0593815704060208,2482153.0,7856.0,32.0,5000.0,True,False
7,10,13162584385044919169,SLH_DSA_PURE_SHA2_128S,0.09350781899411231,0.0013842309126630425,0.6303299639839679,0.001043354975990951,0.010717019089497626,0.010763848084025085,10.950688962009735,1.039744487233982,2482153.0,7856.0,32.0,5000.0,True,False
7,10,12608321674208868446,SLH_DSA_PURE_SHA2_128S,0.08609601797070354,0.002692969050258398,0.6295194160193205,0.0013300320133566856,0.010755181894637644,0.01080512092448771,10.914365962031297,1.0374777332233016,2482153.0,7856.0,32.0,5000.0,True,False
7,10,11759548417302976119,SLH_DSA_PURE_SHA2_128S,0.13666348496917635,0.0029950359603390098,0.6303574430057779,0.0011277770390734076,0.011574959033168852,0.011663837940432131,10.92350220901426,1.0593329368123583,2482153.0,7856.0,32.0,5000.0,True,False
7,10,13332013557599210154,SLH_DSA_PURE_SHA2_128S,0.07977326400578022,0.0014075370272621512,0.6312605899292976,0.001045081065967679,0.010844037984497845,0.010894402046687901,11.029480076977052,1.04915530400671,2482153.0,7856.0,32.0,5000.0,True,False
7,10,18111896981644861527,SLH_DSA_PURE_SHA2_128S,0.08455284999217838,0.0019468480022624135,0.6156427440000698,0.0010829090606421232,0.010675721918232739,0.010725748026743531,6.631645762943663,1.0400674432326273,2482153.0,7856.0,32.0,5000.0,True,False
7,10,10314586587352049617,SLH_DSA_PURE_SHA2_128S,0.0771286990493536,0.0013656950322911143,0.6117338229669258,0.0010406149085611105,0.01105678197927773,0.011104153003543615,6.772701352019794,1.061345653928769,2482153.0,7856.0,32.0,5000.0,True,False
7,11,11954977785252055468,SLH_DSA_PURE_SHA2_128S,0.09544691909104586,0.0014877120265737176,0.6357842740835622,0.001512753078714013,0.011319804936647415,0.011487036943435669,11.023083318956196,0.9600721371781294,2482153.0,7856.0,32.0,5000.0,True,False
7,11,12737936838636063186,SLH_DSA_PURE_SHA2_128S,0.11367025296203792,0.0017276889411732554,0.6393213960109279,0.0010926160030066967,0.010715231066569686,0.01076638197991997,10.959382456960157,0.9940750158516465,2482153.0,7856.0,32.0,5000.0,True,False
7,11,7566447940354539937,SLH_DSA_PURE_SHA2_128S,0.16129572805948555,0.0016900500049814582,0.665463829995133,0.0013812860706821084,0.01064765197224915,0.010739483055658638,10.952175128040835,1.015336648863592,2482153.0,7856.0,32.0,5000.0,True,False
7,11,9237149801939960988,SLH_DSA_PURE_SHA2_128S,0.08505565801169723,0.001360623980872333,0.6557340859435499,0.001058251946233213,0.010880857007578015,0.010930901044048369,11.20553092600312,1.0052849900950291,2482153.0,7856.0,32.0,5000.0,True,False
7,11,12608321674208868446,SLH_DSA_PURE_SHA2_128S,0.08429315395187587,0.001428997959010303,0.6280307889683172,0.0014036609791219234,0.011080801952630281,0.01113385590724647,11.016891642007977,0.974688247510582,2482153.0,7856.0,32.0,5000.0,True,False
7,11,13332013557599210154,SLH_DSA_PURE_SHA2_128S,0.08434405806474388,0.0015794089995324612,0.6289579579606652,0.0011482969857752323,0.010903719929046929,0.010956666083075106,11.057226834935136,0.9977796762991863,2482153.0,7856.0,32.0,5000.0,True,False
7,11,13162584385044919169,SLH_DSA_PURE_SHA2_128S,0.09881013701669872,0.001631333027034998,0.6315016350708902,0.0013986880658194423,0.010998409939929843,0.011087827966548502,10.808503402979113,0.9949488934058293,2482153.0,7856.0,32.0,5000.0,True,False
7,11,11759548417302976119,SLH_DSA_PURE_SHA2_128S,0.08016543602570891,0.0017132930224761367,0.6318553109886125,0.001414986909367144,0.010723545914515853,0.010988112073391676,11.165455364971422,1.014576575179009,2482153.0,7856.0,32.0,5000.0,True,False
7,11,18111896981644861527,SLH_DSA_PURE_SHA2_128S,0.07713287603110075,0.0013764050090685487,0.6087150330422446,0.0014033580664545298,0.010760179022327065,0.010813142987899482,6.6343862699577585,0.9690460632940766,2482153.0,7856.0,32.0,5000.0,True,False
7,11,10314586587352049617,SLH_DSA_PURE_SHA2_128S,0.08240822493098676,0.0017125799786299467,0.6108151319203898,0.0010927319526672363,0.010917232022620738,0.010970963048748672,6.606204326963052,0.995808322718189,2482153.0,7856.0,32.0,5000.0,True,False
7,12,7566447940354539937,SLH_DSA_PURE_SHA2_128S,0.16278659005183727,0.0027510260697454214,0.6748168159974739,0.002464366960339248,0.010759397991932929,0.010858366033062339,10.756024189060554,0.9635821383470183,2482153.0,7856.0,32.0,5000.0,True,False
7,12,11954977785252055468,SLH_DSA_PURE_SHA2_128S,0.08429370704106987,0.0023462180979549885,0.6352118069771677,0.0015758499503135681,0.0108863590285182,0.010937999933958054,10.988121588947251,0.925708095928666,2482153.0,7856.0,32.0,5000.0,True,False
7,12,12737936838636063186,SLH_DSA_PURE_SHA2_128S,0.10584021406248212,0.0019047780660912395,0.7157289639580995,0.001149849034845829,0.01076113898307085,0.010813320986926556,10.96009817905724,0.9487514902072348,2482153.0,7856.0,32.0,5000.0,True,False
7,12,9237149801939960988,SLH_DSA_PURE_SHA2_128S,0.07922914403025061,0.0013379369629547,0.6293148919939995,0.0010664770379662514,0.010734461946412921,0.010783444973640144,11.144159802934155,0.9390284711388266,2482153.0,7856.0,32.0,5000.0,True,False
7,12,11759548417302976119,SLH_DSA_PURE_SHA2_128S,0.11180312500800937,0.0020013549365103245,0.819281070958823,0.001142999972216785,0.010749501991085708,0.01079849200323224,10.912240443052724,0.957318962189802,2482153.0,7856.0,32.0,5000.0,True,False
7,12,13332013557599210154,SLH_DSA_PURE_SHA2_128S,0.08676799305249006,0.0029505339916795492,0.6557308610063046,0.0010514529421925545,0.010749786044470966,0.010797505034133792,10.927580586983822,0.9373049479760941,2482153.0,7856.0,32.0,5000.0,True,False
7,12,13162584385044919169,SLH_DSA_PURE_SHA2_128S,0.08454563503619283,0.0021059360587969422,0.6312300520949066,0.001080528018064797,0.010788963991217315,0.010880889953114092,10.97264087095391,0.9488039022418344,2482153.0,7856.0,32.0,5000.0,True,False
7,12,12608321674208868446,SLH_DSA_PURE_SHA2_128S,0.07981297001242638,0.0013231419725343585,0.7650194639572874,0.0010635060025379062,0.01080904493574053,0.010857578017748892,11.15255795198027,0.9360163971117348,2482153.0,7856.0,32.0,5000.0,True,False
7,12,18111896981644861527,SLH_DSA_PURE_SHA2_128S,0.08556987601332366,0.002179436036385596,0.6328151898924261,0.001309063984081149,0.010713903931900859,0.01076175703201443,6.632673154002987,0.9274608384651742,2482153.0,7856.0,32.0,5000.0,True,False
7,12,10314586587352049617,SLH_DSA_PURE_SHA2_128S,0.07749584503471851,0.0013144530821591616,0.6057901429012418,0.0010615299688652158,0.010710294009186327,0.010758011951111257,6.999847150989808,0.9405100284867985,2482153.0,7856.0,32.0,5000.0,True,False
7,13,9237149801939960988,SLH_DSA_PURE_SHA2_128S,0.08728818804956973,0.0017352589638903737,0.6353010319871828,0.0010760209988802671,0.010911716031841934,0.011000087950378656,10.80113150703255,0.9107577068031214,2482153.0,7856.0,32.0,5000.0,True,False
7,13,7566447940354539937,SLH_DSA_PURE_SHA2_128S,0.0870676189661026,0.001613090978935361,0.6318502459907904,0.0011145110474899411,0.010872307932004333,0.010923694004304707,10.886798967025243,0.9092258995126008,2482153.0,7856.0,32.0,5000.0,True,False
7,13,11954977785252055468,SLH_DSA_PURE_SHA2_128S,0.07968547008931637,0.0013932730071246624,0.6337456979090348,0.0010890809353441,0.010668714065104723,0.010716355056501925,10.988017675001174,0.8667544999699683,2482153.0,7856.0,32.0,5000.0,True,False
7,13,12737936838636063186,SLH_DSA_PURE_SHA2_128S,0.08209550892934203,0.0014062559930607677,0.635083087021485,0.0011122020659968257,0.010849662008695304,0.01090103096794337,10.959037858992815,0.9044850464839085,2482153.0,7856.0,32.0,5000.0,True,False
7,13,11759548417302976119,SLH_DSA_PURE_SHA2_128S,0.08904034900479019,0.0017482079565525055,0.6466957720695063,0.0013663150602951646,0.011169758043251932,0.01122079195920378,10.994563256041147,0.9099162061502979,2482153.0,7856.0,32.0,5000.0,True,False
7,13,13162584385044919169,SLH_DSA_PURE_SHA2_128S,0.0846088930265978,0.0016334271058440208,0.636785299051553,0.001081705093383789,0.01093345193658024,0.010981422965414822,10.89218286902178,0.9002877781345586,2482153.0,7856.0,32.0,5000.0,True,False
7,13,13332013557599210154,SLH_DSA_PURE_SHA2_128S,0.11026234494056553,0.002861171029508114,0.6339265319984406,0.0010821640025824308,0.011033711954951286,0.011128589976578951,10.944070192985237,0.8925367508344589,2482153.0,7856.0,32.0,5000.0,True,False
7,13,12608321674208868446,SLH_DSA_PURE_SHA2_128S,0.07969861407764256,0.001347015961073339,0.6295049339532852,0.0011373760644346476,0.010849506012164056,0.01090300700161606,11.057891999022104,0.8689256729973349,2482153.0,7856.0,32.0,5000.0,True,False
7,13,18111896981644861527,SLH_DSA_PURE_SHA2_128S,0.08481073193252087,0.0016765559557825327,0.6183621269883588,0.0013530750293284655,0.01081191492266953,0.010861588991247118,6.380544346058741,0.874788679514721,2482153.0,7856.0,32.0,5000.0,True,False
7,13,10314586587352049617,SLH_DSA_PURE_SHA2_128S,0.07702424097806215,0.0013048229739069939,0.6081822679843754,0.0011106899473816156,0.010864006006158888,0.010913504986092448,6.717500318074599,0.8901944551498268,2482153.0,7856.0,32.0,5000.0,True,False
7,14,9237149801939960988,SLH_DSA_PURE_SHA2_128S,0.08625707402825356,0.002592863980680704,0.6535365160088986,0.0013322370359674096,0.010648862924426794,0.010739997029304504,10.763462922070175,0.8382639123755655,2482153.0,7856.0,32.0,5000.0,True,False
7,14,7566447940354539937,SLH_DSA_PURE_SHA2_128S,0.08772812597453594,0.0031315400265157223,0.7158612140920013,0.001042822957970202,0.010734097915701568,0.01078100292943418,10.667609934927896,0.8547316324558987,2482153.0,7856.0,32.0,5000.0,True,False
7,14,12737936838636063186,SLH_DSA_PURE_SHA2_128S,0.11112465604674071,0.0017755309818312526,0.6388415999244899,0.0013386199716478586,0.010749951004981995,0.010801777010783553,10.978874381980859,0.8680960025377334,2482153.0,7856.0,32.0,5000.0,True,False
7,14,11954977785252055468,SLH_DSA_PURE_SHA2_128S,0.07978629402350634,0.0013608019798994064,0.6481036309851333,0.0011267410591244698,0.010662985034286976,0.010712419054470956,11.175880530034192,0.8361734047437169,2482153.0,7856.0,32.0,5000.0,True,False
7,14,11759548417302976119,SLH_DSA_PURE_SHA2_128S,0.08619520789943635,0.002751967986114323,0.6437801009742543,0.001047849073074758,0.01082400104496628,0.010870485100895166,10.962855126010254,0.87646947487904,2482153.0,7856.0,32.0,5000.0,True,False
7,14,13332013557599210154,SLH_DSA_PURE_SHA2_128S,0.16132657404523343,0.002111523994244635,0.7179873009445146,0.0013712539803236723,0.01063981803599745,0.01069112098775804,10.928932985058054,0.8328891897657115,2482153.0,7856.0,32.0,5000.0,True,False
7,14,13162584385044919169,SLH_DSA_PURE_SHA2_128S,0.07975133310537785,0.0013675200752913952,0.6366359719540924,0.0011618750868365169,0.010879454086534679,0.010965683963149786,10.752789483056404,0.8437546979469858,2482153.0,7856.0,32.0,5000.0,True,False
7,14,12608321674208868446,SLH_DSA_PURE_SHA2_128S,0.15053197205998003,0.0016647529555484653,0.6789263250539079,0.001104817958548665,0.010761176003143191,0.010811611078679562,10.847269015968777,0.8134908002273292,2482153.0,7856.0,32.0,5000.0,True,False
7,14,10314586587352049617,SLH_DSA_PURE_SHA2_128S,0.08558671805076301,0.0018021420110017061,0.6316947869490832,0.0011174159590154886,0.010748091037385166,0.010797576047480106,6.496375654009171,0.8342179864834828,2482153.0,7856.0,32.0,5000.0,True,False
7,14,18111896981644861527,SLH_DSA_PURE_SHA2_128S,0.07660974189639091,0.0016303379088640213,0.6072739949449897,0.0010961730731651187,0.01073617406655103,0.010783241013996303,6.629237179062329,0.844806930631589,2482153.0,7856.0,32.0,5000.0,True,False
7,15,11954977785252055468,SLH_DSA_PURE_SHA2_128S,0.08629729598760605,0.0018035969696938992,0.6398803120246157,0.0014182609738782048,0.010922821937128901,0.011003135005012155,10.835265407920815,0.7695366646264009,2482153.0,7856.0,32.0,5000.0,True,False
7,15,9237149801939960988,SLH_DSA_PURE_SHA2_128S,0.13938238890841603,0.0017929949099197984,0.6882972669554874,0.0014338489854708314,0.010892810998484492,0.010939316009171307,10.804320250055753,0.8278101993973848,2482153.0,7856.0,32.0,5000.0,True,False
7,15,12737936838636063186,SLH_DSA_PURE_SHA2_128S,0.08481281599961221,0.002090660040266812,0.6339121259516105,0.0013340699952095747,0.011103673023171723,0.011153199942782521,10.939512982964516,0.819472003324776,2482153.0,7856.0,32.0,5000.0,True,False
7,15,7566447940354539937,SLH_DSA_PURE_SHA2_128S,0.07973233005031943,0.0013558270875364542,0.6485438959207386,0.0010951620060950518,0.01086396595928818,0.010914500919170678,11.036540333996527,0.8123327842943228,2482153.0,7856.0,32.0,5000.0,True,False
7,15,11759548417302976119,SLH_DSA_PURE_SHA2_128S,0.1086578369140625,0.0020644309697672725,0.6591525550466031,0.0010140299564227462,0.010963766952045262,0.011012320988811553,10.671661187079735,0.8181826214122164,2482153.0,7856.0,32.0,5000.0,True,False
7,15,13332013557599210154,SLH_DSA_PURE_SHA2_128S,0.08504834701307118,0.0019969099666923285,0.6363384020514786,0.0013271739007905126,0.010734995012171566,0.010786953032948077,10.770301098003983,0.7866932871235404,2482153.0,7856.0,32.0,5000.0,True,False
7,15,12608321674208868446,SLH_DSA_PURE_SHA2_128S,0.085221755085513,0.0015329710440710187,0.6416431970428675,0.0010949099669232965,0.010951434029266238,0.01103311195038259,10.800623886985704,0.7858838571864328,2482153.0,7856.0,32.0,5000.0,True,False
7,15,13162584385044919169,SLH_DSA_PURE_SHA2_128S,0.07984485488850623,0.001345901982858777,0.6658781860023737,0.0010283750016242266,0.01074002799578011,0.010786714032292366,10.797818112070672,0.7880195850020002,2482153.0,7856.0,32.0,5000.0,True,False
7,15,10314586587352049617,SLH_DSA_PURE_SHA2_128S,0.08475593000184745,0.00154512794688344,0.6436204109340906,0.001042835065163672,0.010737080941908062,0.010784049984067678,6.549285868066363,0.7831888035604149,2482153.0,7856.0,32.0,5000.0,True,False
7,15,18111896981644861527,SLH_DSA_PURE_SHA2_128S,0.07736715499777347,0.001681119087152183,0.6047128660138696,0.0013668249594047666,0.011507141985930502,0.011564668035134673,6.741786480997689,0.7852001695116614,2482153.0,7856.0,32.0,5000.0,True,False
7,16,12737936838636063186,SLH_DSA_PURE_SHA2_128S,0.1029660829808563,0.0019521280191838741,0.7016064330236986,0.0011296019656583667,0.010673829936422408,0.010763910948298872,10.607107121963054,0.7680870058240404,2482153.0,7856.0,32.0,5000.0,True,False
7,16,7566447940354539937,SLH_DSA_PURE_SHA2_128S,0.08663708192761987,0.00196317199151963,0.6405512059573084,0.0011205009650439024,0.01101544196717441,0.011070596054196358,10.733539498993196,0.7864114587094374,2482153.0,7856.0,32.0,5000.0,True,False
7,16,11954977785252055468,SLH_DSA_PURE_SHA2_128S,0.07983433397021145,0.001330407103523612,0.6296814780216664,0.001104291994124651,0.010717786964960396,0.010765264043584466,10.981841990025714,0.7504164064006441,2482153.0,7856.0,32.0,5000.0,True,False
7,16,9237149801939960988,SLH_DSA_PURE_SHA2_128S,0.08488165703602135,0.0018242599908262491,0.7287440050859004,0.0011096620000898838,0.01083194394595921,0.010881082038395107,10.871493112063035,0.7680483583811741,2482153.0,7856.0,32.0,5000.0,True,False
7,16,11759548417302976119,SLH_DSA_PURE_SHA2_128S,0.08816379797644913,0.0030797290382906795,0.6452000509016216,0.0015262309461832047,0.010834424989297986,0.010894747916609049,10.963280183030292,0.7803214040531474,2482153.0,7856.0,32.0,5000.0,True,False
7,16,12608321674208868446,SLH_DSA_PURE_SHA2_128S,0.07922395702917129,0.0013589609880000353,0.6282199000706896,0.0010738869896158576,0.01092092995531857,0.010967871989123523,10.882476937025785,0.7671697196687103,2482153.0,7856.0,32.0,5000.0,True,False
7,16,13332013557599210154,SLH_DSA_PURE_SHA2_128S,0.12526155798695982,0.0013617330696433783,0.6300241600256413,0.001222113030962646,0.010959511972032487,0.011034880997613072,11.161345953005366,0.7379182674892389,2482153.0,7856.0,32.0,5000.0,True,False
7,16,13162584385044919169,SLH_DSA_PURE_SHA2_128S,0.14981269603595138,0.0016969310818240047,0.6351405149325728,0.0010844330536201596,0.010924636968411505,0.010971541982144117,10.809688386972994,0.7507705831793463,2482153.0,7856.0,32.0,5000.0,True,False
7,16,10314586587352049617,SLH_DSA_PURE_SHA2_128S,0.08501788997091353,0.0019288809271529317,0.6215099280234426,0.001415428938344121,0.010768580017611384,0.010813805041834712,6.721706242067739,0.7519849920348757,2482153.0,7856.0,32.0,5000.0,True,False
7,16,18111896981644861527,SLH_DSA_PURE_SHA2_128S,0.07733234693296254,0.0014165060129016638,0.6086146699963138,0.0010701200226321816,0.010997481062076986,0.011045478051528335,6.685654356027953,0.7556412513278852,2482153.0,7856.0,32.0,5000.0,True,False
7,17,9237149801939960988,SLH_DSA_PURE_SHA2_128S,0.08649117802269757,0.001962076989002526,0.6499225529842079,0.0012896700063720345,0.010662324028089643,0.010754217975772917,10.79338510800153,0.7254546026515353,2482153.0,7856.0,32.0,5000.0,True,False
7,17,11954977785252055468,SLH_DSA_PURE_SHA2_128S,0.08596637705340981,0.002982286037877202,0.6471667230362073,0.0010719529818743467,0.010789374937303364,0.01083692500833422,10.787874398054555,0.7239635161533478,2482153.0,7856.0,32.0,5000.0,True,False
7,17,7566447940354539937,SLH_DSA_PURE_SHA2_128S,0.08227008196990937,0.0014291548868641257,0.6342025969643146,0.0013972200686112046,0.010831291903741658,0.01088281103875488,11.078681183047593,0.7441135499697582,2482153.0,7856.0,32.0,5000.0,True,False
7,17,12737936838636063186,SLH_DSA_PURE_SHA2_128S,0.07978808996267617,0.0013791139936074615,0.6481018100166693,0.0011639579897746444,0.010766919935122132,0.01081781298853457,11.124463987071067,0.760609449379763,2482153.0,7856.0,32.0,5000.0,True,False
7,17,11759548417302976119,SLH_DSA_PURE_SHA2_128S,0.0869597049895674,0.003826408996246755,0.6438557229703292,0.0010288229677826166,0.010867238976061344,0.010912687052041292,10.844023586018011,0.760277402533847,2482153.0,7856.0,32.0,5000.0,True,False
7,17,13332013557599210154,SLH_DSA_PURE_SHA2_128S,0.1400665839901194,0.003589461906813085,0.696496563963592,0.0013215340441092849,0.010758703923784196,0.010817921021953225,10.85480985196773,0.7278558812133825,2482153.0,7856.0,32.0,5000.0,True,False
7,17,13162584385044919169,SLH_DSA_PURE_SHA2_128S,0.1024351780069992,0.0017454479821026325,0.634599760058336,0.0011224490590393543,0.010843485011719167,0.010931191965937614,10.6921213719761,0.7164888531918738,2482153.0,7856.0,32.0,5000.0,True,False
7,17,12608321674208868446,SLH_DSA_PURE_SHA2_128S,0.10310558706987649,0.0014946348965168,0.6453583349939436,0.0010597569635137916,0.010815807967446744,0.010867720004171133,10.792650969000533,0.7190928821730765,2482153.0,7856.0,32.0,5000.0,True,False
7,17,18111896981644861527,SLH_DSA_PURE_SHA2_128S,0.08487256499938667,0.0026337919989600778,0.6249696760205552,0.0011441960232332349,0.011221055989153683,0.011281806044280529,6.41419543500524,0.7186693432414608,2482153.0,7856.0,32.0,5000.0,True,False
7,17,10314586587352049617,SLH_DSA_PURE_SHA2_128S,0.07708866603206843,0.0014277060981839895,0.6115681760711595,0.0010229840409010649,0.01095082494430244,0.010997838922776282,6.794800883042626,0.72195077360056,2482153.0,7856.0,32.0,5000.0,True,False
7,18,11954977785252055468,SLH_DSA_PURE_SHA2_128S,0.08508107007946819,0.0026270969538018107,0.6282711889361963,0.001507217064499855,0.010613288963213563,0.01071455201599747,10.818778416025452,0.7012987279208602,2482153.0,7856.0,32.0,5000.0,True,False
7,18,9237149801939960988,SLH_DSA_PURE_SHA2_128S,0.17019767605233938,0.0017731880070641637,0.6385599250206724,0.0011166390031576157,0.010864948038943112,0.010916633065789938,10.873500538058579,0.7007074135883599,2482153.0,7856.0,32.0,5000.0,True,False
7,18,7566447940354539937,SLH_DSA_PURE_SHA2_128S,0.07879971992224455,0.001337589928880334,0.6281475309515372,0.0014132959768176079,0.01064902893267572,0.010708951042033732,10.896360325976275,0.7058155032669663,2482153.0,7856.0,32.0,5000.0,True,False
7,18,12737936838636063186,SLH_DSA_PURE_SHA2_128S,0.1757236389676109,0.0016472400166094303,0.6437289640307426,0.0010530638974159956,0.010733035043813288,0.010783274075947702,10.833600225043483,0.7272399998964019,2482153.0,7856.0,32.0,5000.0,True,False
7,18,13162584385044919169,SLH_DSA_PURE_SHA2_128S,0.07902881095651537,0.0014432360185310245,0.6303535139886662,0.0013501850189641118,0.010763677069917321,0.010823089047335088,10.672540080035105,0.6900643721507613,2482153.0,7856.0,32.0,5000.0,True,False
7,18,13332013557599210154,SLH_DSA_PURE_SHA2_128S,0.09110213199164718,0.001734002958983183,0.6311676600016654,0.0010570420417934656,0.010655312915332615,0.010705582099035382,10.625195377971977,0.7079955521662524,2482153.0,7856.0,32.0,5000.0,True,False
7,18,12608321674208868446,SLH_DSA_PURE_SHA2_128S,0.13367710204329342,0.0016739029670134187,0.6292868009768426,0.001376200933009386,0.010822111973538995,0.010907479096204042,10.652969087008387,0.7096149861622768,2482153.0,7856.0,32.0,5000.0,True,False
7,18,11759548417302976119,SLH_DSA_PURE_SHA2_128S,0.14201347308699042,0.0014061280526220798,0.6323173990240321,0.0011702780611813068,0.010640476015396416,0.010692183044739068,10.893235840951093,0.7208196159191192,2482153.0,7856.0,32.0,5000.0,True,False
7,18,10314586587352049617,SLH_DSA_PURE_SHA2_128S,0.08464170608203858,0.0024449260672554374,0.6553395299706608,0.001342577044852078,0.010697960038669407,0.010750558925792575,6.157163586933166,0.6934884852095015,2482153.0,7856.0,32.0,5000.0,True,False
7,18,18111896981644861527,SLH_DSA_PURE_SHA2_128S,0.07761723292060196,0.0013073219452053308,0.6046539710368961,0.0011034670751541853,0.0110123100457713,0.011062667006626725,6.66878154897131,0.7001506005692634,2482153.0,7856.0,32.0,5000.0,True,False
7,19,7566447940354539937,SLH_DSA_PURE_SHA2_128S,0.14341124799102545,0.002313608070835471,0.6368125040316954,0.0011709049576893449,0.010696382028982043,0.01078538503497839,10.532521552057005,0.68571156291825,2482153.0,7856.0,32.0,5000.0,True,False
7,19,11954977785252055468,SLH_DSA_PURE_SHA2_128S,0.08580927003640682,0.0020060919923707843,0.6382313220528886,0.0010856189765036106,0.010693668969906867,0.010744136990979314,10.660440754960291,0.6546509535449325,2482153.0,7856.0,32.0,5000.0,True,False
7,19,12737936838636063186,SLH_DSA_PURE_SHA2_128S,0.08487508399412036,0.0015223459340631962,0.6348064100602642,0.0010892139980569482,0.010692610056139529,0.010741901001892984,10.635162847000174,0.7015034156809946,2482153.0,7856.0,32.0,5000.0,True,False
7,19,9237149801939960988,SLH_DSA_PURE_SHA2_128S,0.0798096670769155,0.0013570609735324979,0.6666258960030973,0.001060988986864686,0.010907931020483375,0.010957798920571804,10.766433918033727,0.6725687217560543,2482153.0,7856.0,32.0,5000.0,True,False
7,19,11759548417302976119,SLH_DSA_PURE_SHA2_128S,0.08793045696802437,0.0033030860358849168,0.6564457580680028,0.0010698999976739287,0.010745272971689701,0.010796144022606313,10.85987120110076,0.7093414073916757,2482153.0,7856.0,32.0,5000.0,True,False
7,19,13332013557599210154,SLH_DSA_PURE_SHA2_128S,0.15137328498531133,0.0027005289448425174,0.6496738530695438,0.0011145829921588302,0.011091875960119069,0.011142647941596806,10.783141902997158,0.67001498210582,2482153.0,7856.0,32.0,5000.0,True,False
7,19,12608321674208868446,SLH_DSA_PURE_SHA2_128S,0.14877853100188076,0.0019452369306236506,0.6654558839509264,0.0010515280300751328,0.010806284961290658,0.010882792994379997,10.93318779708352,0.6535354600685417,2482153.0,7856.0,32.0,5000.0,True,False
7,19,13162584385044919169,SLH_DSA_PURE_SHA2_128S,0.07923059700988233,0.0013181259855628014,0.6824264049064368,0.0010638879612088203,0.010804056073538959,0.010863382020033896,10.855918331071734,0.6579945489859126,2482153.0,7856.0,32.0,5000.0,True,False
7,19,10314586587352049617,SLH_DSA_PURE_SHA2_128S,0.0851575790438801,0.002654573996551335,0.6492960989708081,0.0010968800634145737,0.010682614054530859,0.010733375092968345,6.463873310945928,0.6668098501528904,2482153.0,7856.0,32.0,5000.0,True,False
7,19,18111896981644861527,SLH_DSA_PURE_SHA2_128S,0.07782107894308865,0.0014053230406716466,0.6036734990775585,0.0011222000466659665,0.011209323070943356,0.011263204971328378,6.758455829927698,0.6579785460404529,2482153.0,7856.0,32.0,5000.0,True,False
7,20,12737936838636063186,SLH_DSA_PURE_SHA2_128S,0.15556879702489823,0.0023620780557394028,0.8173449649475515,0.0010451499838382006,0.010907963966019452,0.010995441931299865,10.505497540929355,0.6550184341183134,2482153.0,7856.0,32.0,5000.0,True,False
7,20,7566447940354539937,SLH_DSA_PURE_SHA2_128S,0.12294575700070709,0.0017968249740079045,0.6306365570053458,0.0011260079918429255,0.010797169990837574,0.01085167401470244,10.876137058017775,0.6476040816136227,2482153.0,7856.0,32.0,5000.0,True,False
7,20,11954977785252055468,SLH_DSA_PURE_SHA2_128S,0.15235697699245065,0.0015139030292630196,0.660915904911235,0.0010655520018190145,0.010944274021312594,0.010991910938173532,10.897542226011865,0.6345218675816136,2482153.0,7856.0,32.0,5000.0,True,False
7,20,9237149801939960988,SLH_DSA_PURE_SHA2_128S,0.08016233204398304,0.0013783449539914727,0.6324590729782358,0.001084115938283503,0.010886430041864514,0.010937241022475064,10.955553416977637,0.6312897237622814,2482153.0,7856.0,32.0,5000.0,True,False
7,20,11759548417302976119,SLH_DSA_PURE_SHA2_128S,0.15584758901968598,0.002509585930965841,0.7107384820701554,0.0010577060747891665,0.010725829983130097,0.010772277018986642,10.824928475078195,0.6655471145062689,2482153.0,7856.0,32.0,5000.0,True,False
7,20,12608321674208868446,SLH_DSA_PURE_SHA2_128S,0.08189132995903492,0.00143370998557657,0.6298044959548861,0.001142586930654943,0.010717218974605203,0.01076723006553948,10.6943887360394,0.6339568294062736,2482153.0,7856.0,32.0,5000.0,True,False
7,20,13162584385044919169,SLH_DSA_PURE_SHA2_128S,0.08035518194083124,0.0013664389261975884,0.6313846060074866,0.0010476839961484075,0.010891709011048079,0.010979198035784066,10.751223576022312,0.6359623522990069,2482153.0,7856.0,32.0,5000.0,True,False
7,20,13332013557599210154,SLH_DSA_PURE_SHA2_128S,0.10339226794894785,0.0013905250234529376,0.6353899840032682,0.0011458309600129724,0.01075146091170609,0.010821931064128876,10.832551280967891,0.640622211964267,2482153.0,7856.0,32.0,5000.0,True,False
7,20,10314586587352049617,SLH_DSA_PURE_SHA2_128S,0.08513923396822065,0.002627942943945527,0.6370806709164754,0.0010697839315980673,0.011006874032318592,0.011053246911615133,6.780992420041002,0.6427396000095993,2482153.0,7856.0,32.0,5000.0,True,False
7,20,18111896981644861527,SLH_DSA_PURE_SHA2_128S,0.07728558499366045,0.0014018550282344222,0.6074771720450372,0.0011978360125795007,0.010761652025394142,0.01082356192637235,7.009764122078195,0.6494860350611104,2482153.0,7856.0,32.0,5000.0,True,False
7,21,7566447940354539937,SLH_DSA_PURE_SHA2_128S,0.16852622898295522,0.0023755939910188317,0.7132217549951747,0.001075302017852664,0.010824959026649594,0.010913088917732239,10.739734933013096,0.6193715498136108,2482153.0,7856.0,32.0,5000.0,True,False
7,21,9237149801939960988,SLH_DSA_PURE_SHA2_128S,0.12438930198550224,0.0016465520020574331,0.6384577839635313,0.0011747549287974834,0.010877162916585803,0.010944404057227075,10.926141213043593,0.6115221251632758,2482153.0,7856.0,32.0,5000.0,True,False
7,21,12737936838636063186,SLH_DSA_PURE_SHA2_128S,0.16726774000562727,0.0020203260937705636,0.8780270360875875,0.001081158989109099,0.010687095928005874,0.010733084054663777,10.793871194939129,0.6407455719390492,2482153.0,7856.0,32.0,5000.0,True,False
7,21,11954977785252055468,SLH_DSA_PURE_SHA2_128S,0.1739612389355898,0.0015764860436320305,0.8816276519792154,0.0011743870563805103,0.010721039026975632,0.010775308008305728,10.890184369985946,0.6174632008573052,2482153.0,7856.0,32.0,5000.0,True,False
7,21,11759548417302976119,SLH_DSA_PURE_SHA2_128S,0.14599466102663428,0.0023946710862219334,0.7333126490702853,0.0011005689157173038,0.010699639096856117,0.01076364004984498,10.656064284965396,0.6410088076902802,2482153.0,7856.0,32.0,5000.0,True,False
7,21,13162584385044919169,SLH_DSA_PURE_SHA2_128S,0.08304603595752269,0.0014611580409109592,0.7222474300069734,0.0012504470068961382,0.0112664740299806,0.011319103999994695,10.360499656992033,0.6005287843809766,2482153.0,7856.0,32.0,5000.0,True,False
7,21,13332013557599210154,SLH_DSA_PURE_SHA2_128S,0.15046000899747014,0.002212482038885355,0.9351474780123681,0.0014122340362519026,0.010917888022959232,0.011043490027077496,10.68613197398372,0.6066340879080402,2482153.0,7856.0,32.0,5000.0,True,False
7,21,12608321674208868446,SLH_DSA_PURE_SHA2_128S,0.12542261194903404,0.001376920030452311,0.6355065089883283,0.0011237310245633125,0.010820453986525536,0.010876253945752978,10.599682022002526,0.6146574573247297,2482153.0,7856.0,32.0,5000.0,True,False
7,21,10314586587352049617,SLH_DSA_PURE_SHA2_128S,0.0847749050008133,0.0015624710358679295,0.6294758140575141,0.0011596099939197302,0.010745066916570067,0.010793296969495714,6.06820618303027,0.6010437703151612,2482153.0,7856.0,32.0,5000.0,True,False
7,21,18111896981644861527,SLH_DSA_PURE_SHA2_128S,0.07727736898232251,0.0013496479950845242,0.6099023920251057,0.001120844972319901,0.01073116110637784,0.010781932971440256,6.086359604028985,0.6266142752994398,2482153.0,7856.0,32.0,5000.0,True,False
7,22,9237149801939960988,SLH_DSA_PURE_SHA2_128S,0.15926757303532213,0.0014913699124008417,0.6302920279558748,0.001366817974485457,0.010727448971010745,0.010819535935297608,10.926836817059666,0.5939868663431732,2482153.0,7856.0,32.0,5000.0,True,False
7,22,11954977785252055468,SLH_DSA_PURE_SHA2_128S,0.0850492250174284,0.0015265800757333636,0.6328737810254097,0.001146669965237379,0.010759491007775068,0.010805109050124884,10.912611899082549,0.5919578606678042,2482153.0,7856.0,32.0,5000.0,True,False
7,22,12737936838636063186,SLH_DSA_PURE_SHA2_128S,0.14797829405870289,0.0017048759618774056,0.6681490639457479,0.0013412180123850703,0.010755395982414484,0.01080772397108376,10.849938621977344,0.6265182912492069,2482153.0,7856.0,32.0,5000.0,True,False
7,22,7566447940354539937,SLH_DSA_PURE_SHA2_128S,0.10998713900335133,0.0019258330576121807,0.7559950050199404,0.0011341141071170568,0.011046057916246355,0.01109855598770082,11.035543709993362,0.5868404531364988,2482153.0,7856.0,32.0,5000.0,True,False
7,22,12608321674208868446,SLH_DSA_PURE_SHA2_128S,0.12740504404064268,0.0035275109112262726,0.80887707893271,0.001040654955431819,0.011004177969880402,0.011054527945816517,10.592462272034027,0.5734047941436433,2482153.0,7856.0,32.0,5000.0,True,False
7,22,11759548417302976119,SLH_DSA_PURE_SHA2_128S,0.16019539895933121,0.002107822918333113,0.6657471640501171,0.0013611239846795797,0.010723097017034888,0.010774085996672511,11.010733681963757,0.6138219318951771,2482153.0,7856.0,32.0,5000.0,True,False
7,22,13162584385044919169,SLH_DSA_PURE_SHA2_128S,0.11380057001952082,0.0014096579980105162,0.6301516989478841,0.0011312930146232247,0.010928164003416896,0.011016762000508606,10.85111140308436,0.5972247825116869,2482153.0,7856.0,32.0,5000.0,True,False
7,22,13332013557599210154,SLH_DSA_PURE_SHA2_128S,0.08259033900685608,0.0015267380513250828,0.6472617459949106,0.0011381489457562566,0.010745096951723099,0.0107975450810045,11.118869055993855,0.5901351802667995,2482153.0,7856.0,32.0,5000.0,True,False
7,22,10314586587352049617,SLH_DSA_PURE_SHA2_128S,0.0821304019773379,0.0014745519729331136,0.6104550999589264,0.0010769220534712076,0.010929368901997805,0.010980226914398372,6.307601451990195,0.5541147320845704,2482153.0,7856.0,32.0,5000.0,True,False
7,22,18111896981644861527,SLH_DSA_PURE_SHA2_128S,0.07722022803500295,0.001364988973364234,0.6100527499802411,0.0012207370018586516,0.010814758017659187,0.010874190018512309,6.080046165036038,0.6020460847978759,2482153.0,7856.0,32.0,5000.0,True,False
7,23,7566447940354539937,SLH_DSA_PURE_SHA2_128S,0.08701921999454498,0.001731296069920063,0.6351001199800521,0.001112219993956387,0.010769543005153537,0.010853050975129008,10.837231201003306,0.5566855207275433,2482153.0,7856.0,32.0,5000.0,True,False
7,23,9237149801939960988,SLH_DSA_PURE_SHA2_128S,0.15947055199649185,0.001349753001704812,0.6326921409927309,0.0011293570278212428,0.010818529990501702,0.010868764016777277,10.920578257995658,0.5672802154425602,2482153.0,7856.0,32.0,5000.0,True,False
7,23,12737936838636063186,SLH_DSA_PURE_SHA2_128S,0.17492964991834015,0.0016685540322214365,0.6483616339974105,0.001343615003861487,0.010690139955841005,0.0107411730568856,10.884732619975694,0.5936646149938654,2482153.0,7856.0,32.0,5000.0,True,False
7,23,11954977785252055468,SLH_DSA_PURE_SHA2_128S,0.07909456500783563,0.0016767740016803145,0.6360348659800366,0.0010633469792082906,0.010856734006665647,0.010914623038843274,11.011046833940782,0.567981719994431,2482153.0,7856.0,32.0,5000.0,True,False
7,23,11759548417302976119,SLH_DSA_PURE_SHA2_128S,0.08756174601148814,0.0017923449631780386,0.6493656210368499,0.001033372012898326,0.010869960999116302,0.010915499995462596,10.969453982892446,0.6005191594409715,2482153.0,7856.0,32.0,5000.0,True,False
7,23,12608321674208868446,SLH_DSA_PURE_SHA2_128S,0.13355935900472105,0.0017569799674674869,0.6417063920525834,0.0013373139081522822,0.010882655042223632,0.010932727018371224,10.679438494960777,0.5474873752256108,2482153.0,7856.0,32.0,5000.0,True,False
7,23,13332013557599210154,SLH_DSA_PURE_SHA2_128S,0.08231888804584742,0.0013634399510920048,0.6322233669925481,0.0011420900700613856,0.010781091987155378,0.010868303943425417,10.920475528924726,0.5544249063511942,2482153.0,7856.0,32.0,5000.0,True,False
7,23,13162584385044919169,SLH_DSA_PURE_SHA2_128S,0.07930596405640244,0.0014380990760400891,0.6449460260337219,0.0010744130704551935,0.010714859003201127,0.010767855099402368,10.884922946919687,0.5644326312764055,2482153.0,7856.0,32.0,5000.0,True,False
7,23,10314586587352049617,SLH_DSA_PURE_SHA2_128S,0.0815887349890545,0.0014328759862110019,0.6098738439613953,0.0013939659111201763,0.01105110498610884,0.011104298988357186,6.11541083897464,0.5354460033878778,2482153.0,7856.0,32.0,5000.0,True,False
7,23,18111896981644861527,SLH_DSA_PURE_SHA2_128S,0.07720542198512703,0.001409052056260407,0.6135857300832868,0.0010501979850232601,0.01076676498632878,0.010815190034918487,6.053483573021367,0.5609843140930697,2482153.0,7856.0,32.0,5000.0,True,False
7,24,11954977785252055468,SLH_DSA_PURE_SHA2_128S,0.12487027794122696,0.002142133074812591,0.6759272019844502,0.0010489770211279392,0.011170310899615288,0.011257213074713945,10.8221898060292,0.563462643486679,2482153.0,7856.0,32.0,5000.0,True,False
7,24,7566447940354539937,SLH_DSA_PURE_SHA2_128S,0.14938850898761302,0.002127307001501322,0.6655737159308046,0.0011928409803658724,0.010828019003383815,0.010879836976528168,10.809723183978349,0.5267701475958156,2482153.0,7856.0,32.0,5000.0,True,False
7,24,12737936838636063186,SLH_DSA_PURE_SHA2_128S,0.0836731829913333,0.0014509109314531088,0.6708118779351935,0.0010612169280648232,0.011074088979512453,0.01112096302676946,10.961875361972488,0.5718740054471477,2482153.0,7856.0,32.0,5000.0,True,False
7,24,9237149801939960988,SLH_DSA_PURE_SHA2_128S,0.09001670905854553,0.0015046270564198494,0.6516148030059412,0.0011473640333861113,0.010730084963142872,0.010780630982480943,11.035643598996103,0.569788119975169,2482153.0,7856.0,32.0,5000.0,True,False
7,24,11759548417302976119,SLH_DSA_PURE_SHA2_128S,0.1116946010151878,0.002161532989703119,0.666626741993241,0.0013533459277823567,0.01077982597053051,0.010831781080923975,10.931832078029402,0.5963914174183159,2482153.0,7856.0,32.0,5000.0,True,False
7,24,12608321674208868446,SLH_DSA_PURE_SHA2_128S,0.16613733198028058,0.0021598710445687175,0.6379579319618642,0.0011232149554416537,0.010702964966185391,0.010754217975772917,10.652442311053164,0.5313159787588438,2482153.0,7856.0,32.0,5000.0,True,False
7,24,13332013557599210154,SLH_DSA_PURE_SHA2_128S,0.08484825189225376,0.002217995934188366,0.6346281890291721,0.0010482489597052336,0.011294744908809662,0.011371813016012311,10.932659361045808,0.5128109231828504,2482153.0,7856.0,32.0,5000.0,True,False
7,24,13162584385044919169,SLH_DSA_PURE_SHA2_128S,0.07989947299938649,0.0013232899364084005,0.6340072900056839,0.001261388068087399,0.010871834005229175,0.010923053021542728,10.902827417012304,0.5562664256401503,2482153.0,7856.0,32.0,5000.0,True,False
7,24,18111896981644861527,SLH_DSA_PURE_SHA2_128S,0.08467054693028331,0.0019013530109077692,0.6173550789244473,0.001408478943631053,0.010787663981318474,0.010832777945324779,6.142078545992263,0.5416790130459199,2482153.0,7856.0,32.0,5000.0,True,False
7,24,10314586587352049617,SLH_DSA_PURE_SHA2_128S,0.07776289398316294,0.0016292710788547993,0.609081742935814,0.001054523978382349,0.01100865809712559,0.011054737027734518,6.365943202981725,0.5410570510230057,2482153.0,7856.0,32.0,5000.0,True,False
7,25,7566447940354539937,SLH_DSA_PURE_SHA2_128S,0.0893083200789988,0.00294882501475513,0.648553334060125,0.0010767499916255474,0.01076136704068631,0.010852003004401922,10.690684959990904,0.5090740879962019,2482153.0,7856.0,32.0,5000.0,True,False
7,25,12737936838636063186,SLH_DSA_PURE_SHA2_128S,0.08173135598190129,0.0014340089401230216,0.6287256439682096,0.0011539810802787542,0.010687078000046313,0.010739822988398373,10.918915349058807,0.5185700821316546,2482153.0,7856.0,32.0,5000.0,True,False
7,25,11954977785252055468,SLH_DSA_PURE_SHA2_128S,0.08624665695242584,0.0022848480148240924,0.6304462859407067,0.0011135509703308344,0.010662567103281617,0.010726272943429649,10.825820546946488,0.5000077986579602,2482153.0,7856.0,32.0,5000.0,True,False
7,25,9237149801939960988,SLH_DSA_PURE_SHA2_128S,0.07989632000681013,0.001376877073198557,0.677063102950342,0.0011315649608150125,0.010738069075159729,0.010790190077386796,10.934683035942726,0.5367600746025705,2482153.0,7856.0,32.0,5000.0,True,False
7,25,12608321674208868446,SLH_DSA_PURE_SHA2_128S,0.08632818795740604,0.002343398053199053,0.633898530039005,0.0010908020194619894,0.010741209029220045,0.010792731074616313,10.68607259192504,0.4888077163534939,2482153.0,7856.0,32.0,5000.0,True,False
7,25,11759548417302976119,SLH_DSA_PURE_SHA2_128S,0.14273832004982978,0.0016417070291936398,0.634301170008257,0.001123351976275444,0.010720938094891608,0.010773048037663102,10.992034294060431,0.5485999630704806,2482153.0,7856.0,32.0,5000.0,True,False
7,25,13162584385044919169,SLH_DSA_PURE_SHA2_128S,0.08014857699163258,0.0013638270320370793,0.6306128019932657,0.0011052489280700684,0.010736157069914043,0.010823457967489958,10.737677074968815,0.5224084363431688,2482153.0,7856.0,32.0,5000.0,True,False
7,25,13332013557599210154,SLH_DSA_PURE_SHA2_128S,0.08321159600745887,0.0014164000749588013,0.6353511899942532,0.0011017430806532502,0.010857857065275311,0.010911648976616561,10.950575793976896,0.49815206080200564,2482153.0,7856.0,32.0,5000.0,True,False
7,25,18111896981644861527,SLH_DSA_PURE_SHA2_128S,0.07726145104970783,0.0014282440533861518,0.6090291799046099,0.001089508063159883,0.010800560005009174,0.010851938975974917,6.049318876932375,0.5147552582061594,2482153.0,7856.0,32.0,5000.0,True,False
7,25,10314586587352049617,SLH_DSA_PURE_SHA2_128S,0.08127255097497255,0.0014374619349837303,0.6079440739704296,0.001103291055187583,0.010940256994217634,0.011003079009242356,6.0639052169863135,0.5069216322035167,2482153.0,7856.0,32.0,5000.0,True,False
7,26,12737936838636063186,SLH_DSA_PURE_SHA2_128S,0.12005626305472106,0.002327703987248242,0.6482725340174511,0.0012852470390498638,0.020941982977092266,0.021049928036518395,10.603935446939431,0.4988666291639304,2482153.0,7856.0,32.0,5000.0,True,False
7,26,9237149801939960988,SLH_DSA_PURE_SHA2_128S,0.08595563098788261,0.0015583229251205921,0.6760889979777858,0.0012418159749358892,0.01120638707652688,0.011256622965447605,10.684359345003031,0.5040618314342514,2482153.0,7856.0,32.0,5000.0,True,False
7,26,7566447940354539937,SLH_DSA_PURE_SHA2_128S,0.0803859259467572,0.001647148048505187,0.6376916049048305,0.001523682032711804,0.010933744953945279,0.010992787894792855,10.92137641995214,0.4868435023032176,2482153.0,7856.0,32.0,5000.0,True,False
7,26,11954977785252055468,SLH_DSA_PURE_SHA2_128S,0.07964331307448447,0.0013745969627052546,0.657253178069368,0.0011427541030570865,0.010905414004810154,0.010952289099805057,10.926120319985785,0.49477842333874883,2482153.0,7856.0,32.0,5000.0,True,False
7,26,13332013557599210154,SLH_DSA_PURE_SHA2_128S,0.14200625801458955,0.0024342439137399197,0.6749229340348393,0.0011939469259232283,0.011088071973063052,0.011160744936205447,10.792917262995616,0.48993614423948867,2482153.0,7856.0,32.0,5000.0,True,False
7,26,11759548417302976119,SLH_DSA_PURE_SHA2_128S,0.08526389906182885,0.0016723820008337498,0.6398937910562381,0.0012118419399484992,0.011252915021032095,0.011303571052849293,11.033402669010684,0.5386848464299729,2482153.0,7856.0,32.0,5000.0,True,False
7,26,12608321674208868446,SLH_DSA_PURE_SHA2_128S,0.08503241103608161,0.001727816998027265,0.643012673011981,0.0016156809870153666,0.011218446074053645,0.011313650058582425,10.706927592051215,0.49526974824583453,2482153.0,7856.0,32.0,5000.0,True,False
7,26,13162584385044919169,SLH_DSA_PURE_SHA2_128S,0.07979594694916159,0.001638406072743237,0.6287215390475467,0.0011175400577485561,0.01097563502844423,0.011021774960681796,10.816721354960464,0.47868271535084506,2482153.0,7856.0,32.0,5000.0,True,False
7,26,10314586587352049617,SLH_DSA_PURE_SHA2_128S,0.08517556998413056,0.0018039069836959243,0.6409056859556586,0.0011329289991408587,0.010773713933303952,0.010820563999004662,6.176166937919334,0.49212622164398623,2482153.0,7856.0,32.0,5000.0,True,False
7,26,18111896981644861527,SLH_DSA_PURE_SHA2_128S,0.07738958299160004,0.0013691320782527328,0.6508752909721807,0.0011544999433681369,0.012380847940221429,0.012429765076376498,6.209869090933353,0.47055839609568284,2482153.0,7856.0,32.0,5000.0,True,False
7,27,12737936838636063186,SLH_DSA_PURE_SHA2_128S,0.1633624630048871,0.0023028270807117224,0.6501415290404111,0.0010742080630734563,0.010736322030425072,0.010818959097377956,10.770380889996886,0.47533479615286656,2482153.0,7856.0,32.0,5000.0,True,False
7,27,7566447940354539937,SLH_DSA_PURE_SHA2_128S,0.0868540140800178,0.002832022961229086,0.6397616200847551,0.0010939650237560272,0.010833312990143895,0.010898997075855732,10.830565111944452,0.44119439831679796,2482153.0,7856.0,32.0,5000.0,True,False
7,27,9237149801939960988,SLH_DSA_PURE_SHA2_128S,0.07976430095732212,0.0013468860415741801,0.6324737650575116,0.001245468039996922,0.010828761965967715,0.010876827058382332,11.052226315019652,0.5011596090047602,2482153.0,7856.0,32.0,5000.0,True,False
7,27,11954977785252055468,SLH_DSA_PURE_SHA2_128S,0.10043604904785752,0.001494942931458354,0.6644870260497555,0.0011277220910415053,0.01076659804675728,0.010813081986270845,10.95801202999428,0.47175115298266246,2482153.0,7856.0,32.0,5000.0,True,False
7,27,11759548417302976119,SLH_DSA_PURE_SHA2_128S,0.08717708999756724,0.002094710012897849,0.6528140651062131,0.0011591080110520124,0.010737797012552619,0.010783024015836418,10.759092555963434,0.49751413634912983,2482153.0,7856.0,32.0,5000.0,True,False
7,27,13332013557599210154,SLH_DSA_PURE_SHA2_128S,0.1613804119406268,0.002212341991253197,0.6654323820257559,0.001079153036698699,0.0109322170028463,0.010979075101204216,10.792833612998948,0.45774156120932025,2482153.0,7856.0,32.0,5000.0,True,False
7,27,12608321674208868446,SLH_DSA_PURE_SHA2_128S,0.08433270594105124,0.0015144339995458722,0.6330656899372116,0.001137463958002627,0.010758428950794041,0.010832387022674084,10.798918904969469,0.4684620215349896,2482153.0,7856.0,32.0,5000.0,True,False
7,27,13162584385044919169,SLH_DSA_PURE_SHA2_128S,0.07951992005109787,0.0013252790085971355,0.6480485660722479,0.0010577529901638627,0.011118195950984955,0.01116664195433259,10.910982330096886,0.4791938072414535,2482153.0,7856.0,32.0,5000.0,True,False
7,27,10314586587352049617,SLH_DSA_PURE_SHA2_128S,0.15677818900439888,0.002037024940364063,0.7302408160176128,0.0011337419273331761,0.010931276949122548,0.010975179960951209,6.20955738297198,0.49034978534765306,2482153.0,7856.0,32.0,5000.0,True,False
7,27,18111896981644861527,SLH_DSA_PURE_SHA2_128S,0.07878100802190602,0.001444926019757986,0.6211640739347786,0.0011116459500044584,0.010821959935128689,0.01086872594896704,6.490199132007547,0.4759076568683621,2482153.0,7856.0,32.0,5000.0,True,False
7,28,12737936838636063186,SLH_DSA_PURE_SHA2_128S,0.08400648704264313,0.0016824810300022364,0.6367464530048892,0.0011190930381417274,0.010799020994454622,0.0108946249820292,10.782883701031096,0.47732404243367116,2482153.0,7856.0,32.0,5000.0,True,False
7,28,9237149801939960988,SLH_DSA_PURE_SHA2_128S,0.1137463910272345,0.0024074449902400374,0.636987940990366,0.0011109369806945324,0.010710941976867616,0.010760021046735346,10.719952588086016,0.4593823911491663,2482153.0,7856.0,32.0,5000.0,True,False
7,28,7566447940354539937,SLH_DSA_PURE_SHA2_128S,0.08496102807112038,0.0020532229682430625,0.6416625110432506,0.0011372079607099295,0.01074456493370235,0.010796425049193203,10.770008352934383,0.46158937449050935,2482153.0,7856.0,32.0,5000.0,True,False
7,28,11954977785252055468,SLH_DSA_PURE_SHA2_128S,0.07981582102365792,0.0013488039840012789,0.6815067850984633,0.0011245430214330554,0.011301222955808043,0.011353321955539286,10.955042494926602,0.44216381357448875,2482153.0,7856.0,32.0,5000.0,True,False
7,28,11759548417302976119,SLH_DSA_PURE_SHA2_128S,0.08689816296100616,0.003039933042600751,0.6470059159910306,0.0010598190128803253,0.01069542404729873,0.010742389946244657,10.763194490922615,0.47126288551860934,2482153.0,7856.0,32.0,5000.0,True,False
7,28,13332013557599210154,SLH_DSA_PURE_SHA2_128S,0.08432547398842871,0.0015619519399479032,0.6399004149716347,0.0010888429824262857,0.010829919017851353,0.010879216017201543,10.895017008995637,0.42912427715624973,2482153.0,7856.0,32.0,5000.0,True,False
7,28,12608321674208868446,SLH_DSA_PURE_SHA2_128S,0.08514907804783434,0.0014753860887140036,0.63592314790003,0.0011658009607344866,0.011535963974893093,0.011620272998698056,10.899491191958077,0.4685222441983071,2482153.0,7856.0,32.0,5000.0,True,False
7,28,13162584385044919169,SLH_DSA_PURE_SHA2_128S,0.08081932994537055,0.0013210990000516176,0.6311912079108879,0.0010994629701599479,0.010859700967557728,0.010909178061410785,10.788695180090144,0.4838637430339482,2482153.0,7856.0,32.0,5000.0,True,False
7,28,10314586587352049617,SLH_DSA_PURE_SHA2_128S,0.08458216593135148,0.0025462129851803184,0.6369404280558228,0.0011406040284782648,0.01074080797843635,0.010791478911414742,6.388966513099149,0.4581989357544548,2482153.0,7856.0,32.0,5000.0,True,False
7,28,18111896981644861527,SLH_DSA_PURE_SHA2_128S,0.07913017901591957,0.0017052319599315524,0.61179188801907,0.0010545640252530575,0.010746581014245749,0.010792525950819254,6.484401234076358,0.47302596713564576,2482153.0,7856.0,32.0,5000.0,True,False
7,29,11954977785252055468,SLH_DSA_PURE_SHA2_128S,0.09839113196358085,0.002429880085401237,0.6454384559765458,0.00134343805257231,0.010717066936194897,0.010881704045459628,10.881377507932484,0.42332274949617066,2482153.0,7856.0,32.0,5000.0,True,False
7,29,12737936838636063186,SLH_DSA_PURE_SHA2_128S,0.1449346779845655,0.0020381660433486104,0.7645598829258233,0.001371675985865295,0.01072136196307838,0.01077084697317332,10.750710214022547,0.4240425298061625,2482153.0,7856.0,32.0,5000.0,True,False
7,29,9237149801939960988,SLH_DSA_PURE_SHA2_128S,0.09007354103960097,0.0018427439499646425,0.6636815910460427,0.0014083710266277194,0.011184533941559494,0.011239785002544522,11.061139963916503,0.46399162732254545,2482153.0,7856.0,32.0,5000.0,True,False
7,29,7566447940354539937,SLH_DSA_PURE_SHA2_128S,0.08027212705928832,0.0014053850900381804,0.6332439930411056,0.0010726740583777428,0.010749701992608607,0.010799648007377982,11.20110919396393,0.4541567637804587,2482153.0,7856.0,32.0,5000.0,True,False
7,29,11759548417302976119,SLH_DSA_PURE_SHA2_128S,0.08683869207743555,0.0020585739985108376,0.6476133840624243,0.0013776200357824564,0.010767844971269369,0.010818106005899608,10.85399115900509,0.46027600829293774,2482153.0,7856.0,32.0,5000.0,True,False
7,29,13332013557599210154,SLH_DSA_PURE_SHA2_128S,0.1495055150007829,0.0020517900120466948,0.6980381810571998,0.0013457599561661482,0.010929080890491605,0.010980122024193406,10.770716029102914,0.4081414138340646,2482153.0,7856.0,32.0,5000.0,True,False
7,29,12608321674208868446,SLH_DSA_PURE_SHA2_128S,0.08473594405222684,0.0015040230937302113,0.6604495740029961,0.0011085139121860266,0.010766400955617428,0.010850762017071247,10.885535976034589,0.427163221855547,2482153.0,7856.0,32.0,5000.0,True,False
7,29,13162584385044919169,SLH_DSA_PURE_SHA2_128S,0.07983546692412347,0.001586308004334569,0.6307395509211347,0.0011141259456053376,0.010963610955514014,0.0110929140355438,10.841798883979209,0.4413180838036499,2482153.0,7856.0,32.0,5000.0,True,False
7,29,18111896981644861527,SLH_DSA_PURE_SHA2_128S,0.08493194496259093,0.0015600130427628756,0.6108891990734264,0.0011864310363307595,0.011243248009122908,0.011298354947939515,6.463702472043224,0.4543772605099496,2482153.0,7856.0,32.0,5000.0,True,False
7,29,10314586587352049617,SLH_DSA_PURE_SHA2_128S,0.07717192394193262,0.0013940929202362895,0.6068578740814701,0.0011146699544042349,0.010663169086910784,0.01071258692536503,6.663202511961572,0.4268172779684044,2482153.0,7856.0,32.0,5000.0,True,False
7,30,12737936838636063186,SLH_DSA_PURE_SHA2_128S,0.14364308898802847,0.002588778967037797,0.7146261140005663,0.0013746049953624606,0.010823993012309074,0.0109157869592309,10.61518890003208,0.4192753622106686,2482153.0,7856.0,32.0,5000.0,True,False
7,30,7566447940354539937,SLH_DSA_PURE_SHA2_128S,0.1543723939685151,0.0015547799412161112,0.628833599970676,0.0013270400231704116,0.010898068896494806,0.010948120965622365,10.835070186993107,0.4008427277254831,2482153.0,7856.0,32.0,5000.0,True,False
7,30,11954977785252055468,SLH_DSA_PURE_SHA2_128S,0.08301102090626955,0.001752363983541727,0.6310583170270547,0.0013979229843243957,0.011170560028403997,0.01122259208932519,10.894882722990587,0.44268008396859954,2482153.0,7856.0,32.0,5000.0,True,False
7,30,9237149801939960988,SLH_DSA_PURE_SHA2_128S,0.09442845301236957,0.0014515729853883386,0.6869720229879022,0.0010242490097880363,0.01081606198567897,0.010874013067223132,10.947880874969997,0.43067978438772975,2482153.0,7856.0,32.0,5000.0,True,False
7,30,11759548417302976119,SLH_DSA_PURE_SHA2_128S,0.1230686770286411,0.0022316599497571588,0.634390169987455,0.0013806880451738834,0.01075948600191623,0.010810059029608965,11.101098753977567,0.4112920466822329,2482153.0,7856.0,32.0,5000.0,True,False
7,30,12608321674208868446,SLH_DSA_PURE_SHA2_128S,0.1724145730258897,0.002216060063801706,0.710391316912137,0.0013131919549778104,0.010839201975613832,0.010888869990594685,10.785569855012,0.40948035325380455,2482153.0,7856.0,32.0,5000.0,True,False
7,30,13162584385044919169,SLH_DSA_PURE_SHA2_128S,0.18265116098336875,0.001637950073927641,0.6705741139594465,0.001344443066045642,0.010926674935035408,0.011011102935299277,10.753220145008527,0.4217217223493347,2482153.0,7856.0,32.0,5000.0,True,False
7,30,13332013557599210154,SLH_DSA_PURE_SHA2_128S,0.07881261396687478,0.0013433200074359775,0.6310847789281979,0.0010969130089506507,0.010939699015580118,0.010988808935508132,11.100799445994198,0.3962235275691577,2482153.0,7856.0,32.0,5000.0,True,False
7,30,10314586587352049617,SLH_DSA_PURE_SHA2_128S,0.08495030109770596,0.0017219760920852423,0.6377975839423016,0.0013252570061013103,0.010811635991558433,0.010861054994165897,6.27037774794735,0.4021589113162107,2482153.0,7856.0,32.0,5000.0,True,False
7,30,18111896981644861527,SLH_DSA_PURE_SHA2_128S,0.07686254696454853,0.001365027972497046,0.6089892720337957,0.0010479949414730072,0.010767015046440065,0.01081609702669084,6.52372097002808,0.39949059943745663,2482153.0,7856.0,32.0,5000.0,True,False
8,1,1045670938867336623,SLH_DSA_PURE_SHA2_128S,0.1269765979377553,0.0019352599047124386,0.7429575310088694,0.0010973160387948155,0.010826081037521362,0.010966353002004325,11.02734416606836,2.0052627218756705,2482153.0,7856.0,32.0,5000.0,True,False
8,1,10465933317568761486,SLH_DSA_PURE_SHA2_128S,0.08740183396730572,0.0018644039519131184,0.6724717449396849,0.0010687810136005282,0.01077920594252646,0.010834060027264059,10.715256258030422,2.0774138004157194,2482153.0,7856.0,32.0,5000.0,True,False
8,1,12870646362421158009,SLH_DSA_PURE_SHA2_128S,0.1639839189592749,0.0029501059325411916,0.7166655249893665,0.0011180590372532606,0.010557523928582668,0.010608596028760076,10.92575420893263,2.100625379070355,2482153.0,7856.0,32.0,5000.0,True,False
8,1,11957910201187820555,SLH_DSA_PURE_SHA2_128S,0.08024928695522249,0.0013778980355709791,0.6405712339328602,0.0010526049882173538,0.01074071298353374,0.010792105924338102,10.923985116998665,2.0194490084982224,2482153.0,7856.0,32.0,5000.0,True,False
8,1,15533338156003854749,SLH_DSA_PURE_SHA2_128S,0.15026618097908795,0.00212100800126791,0.6840598819544539,0.0011097070528194308,0.010735517949797213,0.010817790986038744,10.839207754004747,2.0972766534538025,2482153.0,7856.0,32.0,5000.0,True,False
8,1,1066432568754644269,SLH_DSA_PURE_SHA2_128S,0.11137848498765379,0.0025245710276067257,0.7512294499902055,0.0010913059813901782,0.010782935074530542,0.010842181975021958,10.5681197399972,2.0874180710239774,2482153.0,7856.0,32.0,5000.0,True,False
8,1,10495627537916658538,SLH_DSA_PURE_SHA2_128S,0.08541147201322019,0.0016109900316223502,0.6837256000144407,0.0011099249823018909,0.010881483904086053,0.010932321893051267,10.813037407002412,2.05386160361539,2482153.0,7856.0,32.0,5000.0,True,False
8,1,17249435932721937444,SLH_DSA_PURE_SHA2_128S,0.0799217070452869,0.0013397620059549809,0.6302344149444252,0.0010560560040175915,0.01103122194763273,0.011096155969426036,10.816077074967325,2.0417953357575045,2482153.0,7856.0,32.0,5000.0,True,False
8,1,12961945203264587880,SLH_DSA_PURE_SHA2_128S,0.08448096294887364,0.002368620946072042,0.6137169019784778,0.0011059929383918643,0.010759819997474551,0.010810749023221433,6.36191403795965,2.077967972512458,2482153.0,7856.0,32.0,5000.0,True,False
8,1,970299637571900729,SLH_DSA_PURE_SHA2_128S,0.07785323390271515,0.0014192139497026801,0.6122874700231478,0.0012136469595134258,0.010785887017846107,0.01083981804549694,6.4995056360494345,2.147916751302731,2482153.0,7856.0,32.0,5000.0,True,False
8,2,10465933317568761486,SLH_DSA_PURE_SHA2_128S,0.08388448099140078,0.001732944045215845,0.6354305950226262,0.0011096999514847994,0.010813988046720624,0.010907909949310124,10.839710071100853,1.8324381416770303,2482153.0,7856.0,32.0,5000.0,True,False
8,2,1045670938867336623,SLH_DSA_PURE_SHA2_128S,0.10025068302638829,0.0015128579689189792,0.6300753899849951,0.0011427210411056876,0.010855011991225183,0.010906995041295886,10.863411343074404,1.7773679380963563,2482153.0,7856.0,32.0,5000.0,True,False
8,2,12870646362421158009,SLH_DSA_PURE_SHA2_128S,0.13756268506404012,0.0014903119299560785,0.7386979639995843,0.001130864955484867,0.010796210030093789,0.010847661993466318,10.818979445961304,1.8346554488892768,2482153.0,7856.0,32.0,5000.0,True,False
8,2,11957910201187820555,SLH_DSA_PURE_SHA2_128S,0.146409677923657,0.001395010040141642,0.6319530170876533,0.0011448339791968465,0.011065113940276206,0.011116503039374948,10.92705808696337,1.7700776469175983,2482153.0,7856.0,32.0,5000.0,True,False
8,2,10495627537916658538,SLH_DSA_PURE_SHA2_128S,0.09765388595405966,0.0018615050939843059,0.6329145759809762,0.0011197980493307114,0.010754548944532871,0.010815012035891414,10.781661479035392,1.8179337325369476,2482153.0,7856.0,32.0,5000.0,True,False
8,2,15533338156003854749,SLH_DSA_PURE_SHA2_128S,0.15600533701945096,0.0021014040103182197,0.6854368849890307,0.0011412650346755981,0.010877526015974581,0.010928586008958519,10.857061765971594,1.7918099035882646,2482153.0,7856.0,32.0,5000.0,True,False
8,2,17249435932721937444,SLH_DSA_PURE_SHA2_128S,0.11358874698635191,0.0013925969833508134,0.6428961319616064,0.0011452960316091776,0.010887361946515739,0.010984404943883419,10.904393380973488,1.7985032136273231,2482153.0,7856.0,32.0,5000.0,True,False
8,2,1066432568754644269,SLH_DSA_PURE_SHA2_128S,0.08851424104068428,0.0017189410282298923,0.6753298459807411,0.0010935720056295395,0.010749564971774817,0.010800772928632796,10.996959515963681,1.826322228285917,2482153.0,7856.0,32.0,5000.0,True,False
8,2,970299637571900729,SLH_DSA_PURE_SHA2_128S,0.07699422305449843,0.0014441789826378226,0.6070681751007214,0.0010975109180435538,0.010820839088410139,0.010873659048229456,6.311071653035469,1.8485903132493329,2482153.0,7856.0,32.0,5000.0,True,False
8,2,12961945203264587880,SLH_DSA_PURE_SHA2_128S,0.07809698395431042,0.0014987839385867119,0.6088326170574874,0.001127100083976984,0.010679844999685884,0.010731376009061933,6.313162271981128,1.7964036722851406,2482153.0,7856.0,32.0,5000.0,True,False
8,3,10465933317568761486,SLH_DSA_PURE_SHA2_128S,0.15980796108487993,0.002979684039019048,0.6538309330353513,0.0011565700406208634,0.010882537928409874,0.010975593002513051,10.653996104025282,1.6621220567423827,2482153.0,7856.0,32.0,5000.0,True,False
8,3,11957910201187820555,SLH_DSA_PURE_SHA2_128S,0.085188053897582,0.001878853072412312,0.6391122150234878,0.0011555569944903255,0.010695150936953723,0.010745728039182723,10.91378318599891,1.6401468112969855,2482153.0,7856.0,32.0,5000.0,True,False
8,3,12870646362421158009,SLH_DSA_PURE_SHA2_128S,0.08457526203710586,0.0016217909287661314,0.6497755129821599,0.0013398249866440892,0.010755253955721855,0.01080237701535225,10.961143456981517,1.6242921276456992,2482153.0,7856.0,32.0,5000.0,True,False
8,3,1045670938867336623,SLH_DSA_PURE_SHA2_128S,0.0805774190230295,0.001344486023299396,0.6496186010772362,0.0011375879403203726,0.010626446921378374,0.010681114043109119,11.15371994592715,1.627230644985369,2482153.0,7856.0,32.0,5000.0,True,False
8,3,15533338156003854749,SLH_DSA_PURE_SHA2_128S,0.1482706239912659,0.0015168769750744104,0.835423251031898,0.0010956720216199756,0.010801953030750155,0.01085279299877584,10.708867343957536,1.631896734237671,2482153.0,7856.0,32.0,5000.0,True,False
8,3,1066432568754644269,SLH_DSA_PURE_SHA2_128S,0.1607308250386268,0.003066246979869902,0.8241482389857993,0.0013703539734706283,0.010777841904200613,0.010825088014826179,10.67138047888875,1.6336566672962942,2482153.0,7856.0,32.0,5000.0,True,False
8,3,10495627537916658538,SLH_DSA_PURE_SHA2_128S,0.17069822608027607,0.0014417310012504458,0.6334392509888858,0.0013014849973842502,0.011295660049654543,0.011398194008506835,10.936368165072054,1.635547975825656,2482153.0,7856.0,32.0,5000.0,True,False
8,3,17249435932721937444,SLH_DSA_PURE_SHA2_128S,0.0801376219606027,0.0016569950385019183,0.6350815730402246,0.0015125770587474108,0.011196919018402696,0.011258956044912338,10.875564507907256,1.6542254344672913,2482153.0,7856.0,32.0,5000.0,True,False
8,3,12961945203264587880,SLH_DSA_PURE_SHA2_128S,0.08480936498381197,0.0017334040021523833,0.6195736419176683,0.0013409729581326246,0.011042157071642578,0.01109536993317306,6.109570909989998,1.631542847414685,2482153.0,7856.0,32.0,5000.0,True,False
8,3,970299637571900729,SLH_DSA_PURE_SHA2_128S,0.07755464897491038,0.0013463119976222515,0.6115409980993718,0.0015423600561916828,0.010972618940286338,0.011022682068869472,6.070790410973132,1.6442365729884736,2482153.0,7856.0,32.0,5000.0,True,False
8,4,12870646362421158009,SLH_DSA_PURE_SHA2_128S,0.16044569702353328,0.0024238289333879948,0.688970327959396,0.0013507510302588344,0.023249620106071234,0.023393415031023324,10.763005080050789,1.5082952296657928,2482153.0,7856.0,32.0,5000.0,True,False
8,4,11957910201187820555,SLH_DSA_PURE_SHA2_128S,0.08026972494553775,0.001400075969286263,0.6340261589502916,0.00122067891061306,0.023287961026653647,0.023348149959929287,10.949819208006375,1.5156360371097637,2482153.0,7856.0,32.0,5000.0,True,False
8,4,10465933317568761486,SLH_DSA_PURE_SHA2_128S,0.08007269201334566,0.0014201289741322398,0.6299873340176418,0.0013823560439050198,0.024397784029133618,0.024477576022036374,10.994434742024168,1.5311723841223748,2482153.0,7856.0,32.0,5000.0,True,False
8,4,1045670938867336623,SLH_DSA_PURE_SHA2_128S,0.1431163529632613,0.0014179999707266688,0.6316004040418193,0.0011697609443217516,0.023158925934694707,0.023221835028380156,10.859814611962065,1.4982223571485775,2482153.0,7856.0,32.0,5000.0,True,False
8,4,10495627537916658538,SLH_DSA_PURE_SHA2_128S,0.09022167499642819,0.0028192750178277493,0.6302875580731779,0.0012347949668765068,0.010698099038563669,0.010745923034846783,10.83914047095459,1.5146147696075924,2482153.0,7856.0,32.0,5000.0,True,False
8,4,17249435932721937444,SLH_DSA_PURE_SHA2_128S,0.0791099650086835,0.0012983030173927546,0.6325646199984476,0.0011694569839164615,0.01072749006561935,0.01077528193127364,10.938922223984264,1.5386137521950303,2482153.0,7856.0,32.0,5000.0,True,False
8,4,1066432568754644269,SLH_DSA_PURE_SHA2_128S,0.18555778497830033,0.0018594240536913276,0.6502948820125312,0.0010879089822992682,0.010808691964484751,0.0108949129935354,10.779575301916339,1.5105506439877163,2482153.0,7856.0,32.0,5000.0,True,False
8,4,15533338156003854749,SLH_DSA_PURE_SHA2_128S,0.18348162702750415,0.0017910139868035913,0.6759634560439736,0.0010544629767537117,0.010809164959937334,0.010857203975319862,10.906640524044633,1.5098891656869535,2482153.0,7856.0,32.0,5000.0,True,False
8,4,970299637571900729,SLH_DSA_PURE_SHA2_128S,0.09096188796684146,0.001639772905036807,0.621169071062468,0.001070002093911171,0.010861844988539815,0.010906422976404428,6.310583184007555,1.5102032172452113,2482153.0,7856.0,32.0,5000.0,True,False
8,4,12961945203264587880,SLH_DSA_PURE_SHA2_128S,0.07826030894648284,0.001423661014996469,0.621630804031156,0.0010829959064722061,0.010960205923765898,0.011010365909896791,6.432306825998239,1.5033248207371706,2482153.0,7856.0,32.0,5000.0,True,False
8,5,12870646362421158009,SLH_DSA_PURE_SHA2_128S,0.14640148496255279,0.002595577039755881,0.7565302980365232,0.0010676959063857794,0.01081291795708239,0.01089210098143667,10.71492586308159,1.4164538436634526,2482153.0,7856.0,32.0,5000.0,True,False
8,5,1045670938867336623,SLH_DSA_PURE_SHA2_128S,0.08768539095763117,0.0020197259727865458,0.7688469190616161,0.0010935990139842033,0.011205454007722437,0.011258210055530071,10.848678922979161,1.3954532670367295,2482153.0,7856.0,32.0,5000.0,True,False
8,5,10465933317568761486,SLH_DSA_PURE_SHA2_128S,0.08418310701381415,0.001560965902172029,0.6306432879064232,0.0010575730120763183,0.012263801996596158,0.012310695019550622,11.097746494109742,1.4135024479240368,2482153.0,7856.0,32.0,5000.0,True,False
8,5,11957910201187820555,SLH_DSA_PURE_SHA2_128S,0.09367115399800241,0.0013650809414684772,0.6558225390035659,0.0010615990031510592,0.010758362943306565,0.010807565064169466,11.206184453098103,1.432434101013621,2482153.0,7856.0,32.0,5000.0,True,False
8,5,15533338156003854749,SLH_DSA_PURE_SHA2_128S,0.08802061795722693,0.0015359780518338084,0.6766154080396518,0.001092101912945509,0.010847383993677795,0.010891814948990941,10.882752254023217,1.4284257471181785,2482153.0,7856.0,32.0,5000.0,True,False
8,5,1066432568754644269,SLH_DSA_PURE_SHA2_128S,0.08524753397796303,0.001929468009620905,0.6528534200042486,0.0010588080622255802,0.010711075970903039,0.010759768076241016,10.967054464970715,1.4024503291792172,2482153.0,7856.0,32.0,5000.0,True,False
8,5,10495627537916658538,SLH_DSA_PURE_SHA2_128S,0.08448206901084632,0.0015181830385699868,0.651803103974089,0.0011294250143691897,0.010945137008093297,0.011022623046301305,10.8352946289815,1.3909029489869524,2482153.0,7856.0,32.0,5000.0,True,False
8,5,17249435932721937444,SLH_DSA_PURE_SHA2_128S,0.08086969691794366,0.001411294098943472,0.6309363499749452,0.0010601439280435443,0.010992193943820894,0.0110427230829373,11.174800832988694,1.443480966956752,2482153.0,7856.0,32.0,5000.0,True,False
8,5,12961945203264587880,SLH_DSA_PURE_SHA2_128S,0.0851963059976697,0.0016754999523982406,0.6298806930426508,0.0011278599267825484,0.011191144003532827,0.011239040992222726,6.443566355039366,1.4034300393359675,2482153.0,7856.0,32.0,5000.0,True,False
8,5,970299637571900729,SLH_DSA_PURE_SHA2_128S,0.07864789094310254,0.0013984590768814087,0.6201401060679927,0.0010653029894456267,0.01070043200161308,0.010752517962828279,6.409014325006865,1.3969868880927943,2482153.0,7856.0,32.0,5000.0,True,False
8,6,11957910201187820555,SLH_DSA_PURE_SHA2_128S,0.1172841259976849,0.0015248240670189261,0.6280575710115954,0.0014368999982252717,0.010757102980278432,0.010842390009202063,10.880723683978431,1.309717775909764,2482153.0,7856.0,32.0,5000.0,True,False
8,6,10465933317568761486,SLH_DSA_PURE_SHA2_128S,0.08781702001579106,0.0014419950312003493,0.6319091870682314,0.0015019909478724003,0.010722074075601995,0.010790991014800966,10.913230202975683,1.3432022625473654,2482153.0,7856.0,32.0,5000.0,True,False
8,6,1045670938867336623,SLH_DSA_PURE_SHA2_128S,0.08382541697937995,0.0014143289299681783,0.6287415750557557,0.0014209459768608212,0.010652062948793173,0.010701150982640684,10.919190541026182,1.3256544751726138,2482153.0,7856.0,32.0,5000.0,True,False
8,6,12870646362421158009,SLH_DSA_PURE_SHA2_128S,0.07990888401400298,0.0014147410402074456,0.6344323620432988,0.0011452249018475413,0.01078729797154665,0.01083229307550937,10.992630203953013,1.3255984479454672,2482153.0,7856.0,32.0,5000.0,True,False
8,6,1066432568754644269,SLH_DSA_PURE_SHA2_128S,0.08849496894981712,0.0023052699398249388,0.6579800019972026,0.0015219920314848423,0.010617097024805844,0.010666949092410505,10.76393687701784,1.3153699962956131,2482153.0,7856.0,32.0,5000.0,True,False
8,6,10495627537916658538,SLH_DSA_PURE_SHA2_128S,0.09362759999930859,0.0015595719451084733,0.6320733529282734,0.0011388200800865889,0.01076853193808347,0.010817213100381196,11.175970279960893,1.3094173662222115,2482153.0,7856.0,32.0,5000.0,True,False
8,6,15533338156003854749,SLH_DSA_PURE_SHA2_128S,0.15473210101481527,0.00444313301704824,0.7053686450235546,0.0013786590425297618,0.010797420982271433,0.010878175031393766,10.99412371404469,1.337594134033106,2482153.0,7856.0,32.0,5000.0,True,False
8,6,17249435932721937444,SLH_DSA_PURE_SHA2_128S,0.10075575695373118,0.0013842550106346607,0.6313087709713727,0.0014459909871220589,0.010769321932457387,0.010822010925039649,11.192045853938907,1.338715321698766,2482153.0,7856.0,32.0,5000.0,True,False
8,6,12961945203264587880,SLH_DSA_PURE_SHA2_128S,0.08469022100325674,0.0016709920018911362,0.6226283919531852,0.0011174469254910946,0.010687552974559367,0.010735187912359834,6.597236499073915,1.31661562137543,2482153.0,7856.0,32.0,5000.0,True,False
8,6,970299637571900729,SLH_DSA_PURE_SHA2_128S,0.08306444401387125,0.0017467630095779896,0.6142108750063926,0.0012763109989464283,0.010956690995953977,0.011006166925653815,6.349606687901542,1.3180916157497722,2482153.0,7856.0,32.0,5000.0,True,False
8,7,10465933317568761486,SLH_DSA_PURE_SHA2_128S,0.14923423598520458,0.0027024969458580017,0.6334512040484697,0.0010815330315381289,0.010919986991211772,0.011000989004969597,10.898054429912008,1.2594581595651664,2482153.0,7856.0,32.0,5000.0,True,False
8,7,12870646362421158009,SLH_DSA_PURE_SHA2_128S,0.13914327009115368,0.002029743976891041,0.6282793789869174,0.0011271489784121513,0.010769146028906107,0.010821572970598936,11.008810345083475,1.266715285884347,2482153.0,7856.0,32.0,5000.0,True,False
8,7,1045670938867336623,SLH_DSA_PURE_SHA2_128S,0.17190140497405082,0.0015613599680364132,0.6330377630656585,0.001083557028323412,0.010716869961470366,0.010763894999399781,10.957112036994658,1.2465511902122741,2482153.0,7856.0,32.0,5000.0,True,False
8,7,11957910201187820555,SLH_DSA_PURE_SHA2_128S,0.07912593695800751,0.001644039060920477,0.6322357279714197,0.0010974470060318708,0.010797071969136596,0.010844824952073395,11.086385841015726,1.215117477687301,2482153.0,7856.0,32.0,5000.0,True,False
8,7,10495627537916658538,SLH_DSA_PURE_SHA2_128S,0.08578909409698099,0.0019772680243477225,0.6272385490592569,0.0010807809885591269,0.010836143977940083,0.010884377988986671,10.930030439980328,1.2017476778880807,2482153.0,7856.0,32.0,5000.0,True,False
8,7,17249435932721937444,SLH_DSA_PURE_SHA2_128S,0.08666487701702863,0.001367239048704505,0.6521959089441225,0.0011035279603675008,0.010850018006749451,0.010898571112193167,10.949428454041481,1.2806346336747432,2482153.0,7856.0,32.0,5000.0,True,False
8,7,1066432568754644269,SLH_DSA_PURE_SHA2_128S,0.10556006408296525,0.0014217739226296544,0.6302866600453854,0.0011278509628027678,0.010806676931679249,0.010925848968327045,11.013460403075442,1.2212322544140422,2482153.0,7856.0,32.0,5000.0,True,False
8,7,15533338156003854749,SLH_DSA_PURE_SHA2_128S,0.08052665996365249,0.0016651320038363338,0.6294015959138051,0.0010459709446877241,0.010806586942635477,0.01085577707272023,11.16126617998816,1.2496881549525414,2482153.0,7856.0,32.0,5000.0,True,False
8,7,12961945203264587880,SLH_DSA_PURE_SHA2_128S,0.08606287301518023,0.0016964899841696024,0.6560518050100654,0.0011866020504385233,0.01081706304103136,0.010878972010686994,6.198937200009823,1.240812131174051,2482153.0,7856.0,32.0,5000.0,True,False
8,7,970299637571900729,SLH_DSA_PURE_SHA2_128S,0.07753200398292392,0.0013825969072058797,0.6024864650098607,0.0010533079039305449,0.010751084075309336,0.01079960202332586,6.668450815952383,1.216790089561681,2482153.0,7856.0,32.0,5000.0,True,False
8,8,11957910201187820555,SLH_DSA_PURE_SHA2_128S,0.1601111670024693,0.0023355919402092695,0.6933445279719308,0.0010837719310075045,0.010704219923354685,0.0107968810480088,10.757257299032062,1.1342517152713363,2482153.0,7856.0,32.0,5000.0,True,False
8,8,12870646362421158009,SLH_DSA_PURE_SHA2_128S,0.14841575897298753,0.0017068940214812756,0.6771070369286463,0.0011680909665301442,0.010812320047989488,0.010859703063033521,10.87362904206384,1.1929553709212382,2482153.0,7856.0,32.0,5000.0,True,False
8,8,1045670938867336623,SLH_DSA_PURE_SHA2_128S,0.12194197997450829,0.0017088870517909527,0.6335631010588259,0.001088752062059939,0.010823671938851476,0.010872039012610912,11.117870235000737,1.1449588837137648,2482153.0,7856.0,32.0,5000.0,True,False
8,8,10465933317568761486,SLH_DSA_PURE_SHA2_128S,0.07916346692945808,0.001384285045787692,0.6993586219614372,0.0013488041004166007,0.010889816912822425,0.010937060113064945,11.202366372919641,1.170988540360882,2482153.0,7856.0,32.0,5000.0,True,False
8,8,15533338156003854749,SLH_DSA_PURE_SHA2_128S,0.08764415897894651,0.002094798954203725,0.6603566450066864,0.001089122029952705,0.010688917012885213,0.010738268960267305,10.93303264991846,1.171203832717458,2482153.0,7856.0,32.0,5000.0,True,False
8,8,1066432568754644269,SLH_DSA_PURE_SHA2_128S,0.14999103196896613,0.0023612260119989514,0.750398340052925,0.0010374529520049691,0.010728326975367963,0.01077223604079336,10.850451976060867,1.1395738781637448,2482153.0,7856.0,32.0,5000.0,True,False
8,8,10495627537916658538,SLH_DSA_PURE_SHA2_128S,0.0830634479643777,0.0014640240697190166,0.631920911022462,0.0013538229977712035,0.011013496899977326,0.011096587055362761,10.960687911021523,1.1440431031451863,2482153.0,7856.0,32.0,5000.0,True,False
8,8,17249435932721937444,SLH_DSA_PURE_SHA2_128S,0.07995599892456084,0.0014245450729504228,0.631930515053682,0.0011266130022704601,0.010785781894810498,0.010836216039024293,10.868012845981866,1.1998543545698663,2482153.0,7856.0,32.0,5000.0,True,False
8,8,12961945203264587880,SLH_DSA_PURE_SHA2_128S,0.08627130300737917,0.001703105983324349,0.6490772109245881,0.001072468003258109,0.010687837959267199,0.010734001989476383,6.295082074939273,1.1561640721217843,2482153.0,7856.0,32.0,5000.0,True,False
8,8,970299637571900729,SLH_DSA_PURE_SHA2_128S,0.07672080490738153,0.0013809830415993929,0.6049499830696732,0.0013671510387212038,0.010618495056405663,0.010666134068742394,6.513874068041332,1.1387647994004997,2482153.0,7856.0,32.0,5000.0,True,False
8,9,11957910201187820555,SLH_DSA_PURE_SHA2_128S,0.12465494801290333,0.0015885889297351241,0.637292369036004,0.001097989035770297,0.0107437550323084,0.010835750959813595,10.862621963955462,1.0590782040243696,2482153.0,7856.0,32.0,5000.0,True,False
8,9,10465933317568761486,SLH_DSA_PURE_SHA2_128S,0.08414397202432156,0.002534467028453946,0.6341058840043843,0.0011508159805089235,0.010753515060059726,0.010805199039168656,10.953383114072494,1.0987185258774241,2482153.0,7856.0,32.0,5000.0,True,False
8,9,1045670938867336623,SLH_DSA_PURE_SHA2_128S,0.08583288092631847,0.0017634810646995902,0.6374010849976912,0.0010740039870142937,0.010714770993217826,0.010765329003334045,10.916860869037919,1.08435864205573,2482153.0,7856.0,32.0,5000.0,True,False
8,9,12870646362421158009,SLH_DSA_PURE_SHA2_128S,0.07996965094935149,0.0013675609370693564,0.6337866089306772,0.001159896026365459,0.010613605962134898,0.010663227993063629,11.098523700027727,1.131436965268129,2482153.0,7856.0,32.0,5000.0,True,False
8,9,1066432568754644269,SLH_DSA_PURE_SHA2_128S,0.1431935940636322,0.002505939919501543,0.6337517009815201,0.0010706980247050524,0.010840252973139286,0.010890795034356415,10.840596840949729,1.0887797509029413,2482153.0,7856.0,32.0,5000.0,True,False
8,9,15533338156003854749,SLH_DSA_PURE_SHA2_128S,0.08464250608813018,0.00181559007614851,0.6385452840477228,0.0011331631103530526,0.010671861935406923,0.010721718077547848,11.000521561945789,1.1007117522749932,2482153.0,7856.0,32.0,5000.0,True,False
8,9,10495627537916658538,SLH_DSA_PURE_SHA2_128S,0.15874283201992512,0.0015413949731737375,0.627118087024428,0.0010818049777299166,0.010932185919955373,0.011018865974619985,10.929632666055113,1.053938891857293,2482153.0,7856.0,32.0,5000.0,True,False
8,9,17249435932721937444,SLH_DSA_PURE_SHA2_128S,0.08613949292339385,0.0013787379721179605,0.629982769023627,0.0011369669809937477,0.010603172006085515,0.010651953984051943,10.901086581987329,1.1178670297762392,2482153.0,7856.0,32.0,5000.0,True,False
8,9,970299637571900729,SLH_DSA_PURE_SHA2_128S,0.0772341180127114,0.0014000550145283341,0.6102597580756992,0.001072490937076509,0.010888517019338906,0.01093856303486973,7.047894487972371,1.0825864744793838,2482153.0,7856.0,32.0,5000.0,True,False
8,9,12961945203264587880,SLH_DSA_PURE_SHA2_128S,0.0794366649352014,0.0014544699806720018,0.608802119968459,0.001133242971263826,0.010702974977903068,0.010753873968496919,7.120593019993976,1.09953023597693,2482153.0,7856.0,32.0,5000.0,True,False
8,10,12870646362421158009,SLH_DSA_PURE_SHA2_128S,0.08588075602892786,0.002134137903340161,0.6309743219753727,0.0010708480840548873,0.01069611101411283,0.01077821699436754,10.874713749042712,1.067947669583521,2482153.0,7856.0,32.0,5000.0,True,False
8,10,10465933317568761486,SLH_DSA_PURE_SHA2_128S,0.1586406130809337,0.0016803760081529617,0.6744605109561235,0.0011007969733327627,0.010750813991762698,0.010801672004163265,10.77477009606082,1.0389923392587406,2482153.0,7856.0,32.0,5000.0,True,False
8,10,1045670938867336623,SLH_DSA_PURE_SHA2_128S,0.07952577306423336,0.0014094120124354959,0.6367880580946803,0.0010553969768807292,0.010998255922459066,0.011042914004065096,10.985255809035152,1.0260148722275046,2482153.0,7856.0,32.0,5000.0,True,False
8,10,11957910201187820555,SLH_DSA_PURE_SHA2_128S,0.12850115704350173,0.001712077995762229,0.6322254450060427,0.0011384430108591914,0.010715276002883911,0.010763225029222667,10.923516988987103,0.9926107797273405,2482153.0,7856.0,32.0,5000.0,True,False
8,10,17249435932721937444,SLH_DSA_PURE_SHA2_128S,0.08679374097846448,0.001724572037346661,0.6413125270046294,0.001055800006724894,0.011142350034788251,0.01118738402146846,10.81189002294559,1.0510234380983243,2482153.0,7856.0,32.0,5000.0,True,False
8,10,15533338156003854749,SLH_DSA_PURE_SHA2_128S,0.14922938402742147,0.0017059620004147291,0.7391479120124131,0.0011695820139721036,0.010820614057593048,0.01086761406622827,10.836774655035697,1.0503478260936252,2482153.0,7856.0,32.0,5000.0,True,False
8,10,1066432568754644269,SLH_DSA_PURE_SHA2_128S,0.08032538800034672,0.0014283029595389962,0.6359327840618789,0.0011128790210932493,0.01080959802493453,0.010884350049309433,11.172862445004284,1.0316312423177585,2482153.0,7856.0,32.0,5000.0,True,False
8,10,10495627537916658538,SLH_DSA_PURE_SHA2_128S,0.08007467002607882,0.001439957064576447,0.6303511840524152,0.001096943044103682,0.010854864958673716,0.010908656986430287,11.035245300037786,1.011432526217904,2482153.0,7856.0,32.0,5000.0,True,False
8,10,970299637571900729,SLH_DSA_PURE_SHA2_128S,0.08427483099512756,0.0014251740649342537,0.6084423689171672,0.0011132279178127646,0.010687677073292434,0.010767210042104125,6.648440722026862,1.0308745450274959,2482153.0,7856.0,32.0,5000.0,True,False
8,10,12961945203264587880,SLH_DSA_PURE_SHA2_128S,0.07732983911409974,0.001413897960446775,0.6086164510343224,0.0010874239960685372,0.010668679024092853,0.01071537600364536,6.729164025047794,1.0462864337453417,2482153.0,7856.0,32.0,5000.0,True,False
8,11,10465933317568761486,SLH_DSA_PURE_SHA2_128S,0.08732030203100294,0.002238024026155472,0.635756968986243,0.0011291359551250935,0.010774324997328222,0.010863341041840613,10.976162656908855,0.9857365211863427,2482153.0,7856.0,32.0,5000.0,True,False
8,11,11957910201187820555,SLH_DSA_PURE_SHA2_128S,0.10303554788697511,0.0014663630863651633,0.6434548899997026,0.0011206299532204866,0.010940636042505503,0.010987448040395975,11.18121929699555,0.955375707832871,2482153.0,7856.0,32.0,5000.0,True,False
8,11,1045670938867336623,SLH_DSA_PURE_SHA2_128S,0.0975958569906652,0.001710622920654714,0.629277536063455,0.001377215958200395,0.010754166985861957,0.010801305994391441,11.13933207001537,0.9686861968344185,2482153.0,7856.0,32.0,5000.0,True,False
8,11,12870646362421158009,SLH_DSA_PURE_SHA2_128S,0.07991285901516676,0.0013048680266365409,0.6272070299601182,0.0011569670168682933,0.010791421984322369,0.01083740300964564,11.194137742975727,1.0112258343939569,2482153.0,7856.0,32.0,5000.0,True,False
8,11,15533338156003854749,SLH_DSA_PURE_SHA2_128S,0.14751045498996973,0.0016624329145997763,0.6314748519798741,0.00114265491720289,0.010677553014829755,0.010724792955443263,11.046209365013056,0.9867627227761943,2482153.0,7856.0,32.0,5000.0,True,False
8,11,10495627537916658538,SLH_DSA_PURE_SHA2_128S,0.10704694595187902,0.001502946950495243,0.6287065639626235,0.0010280050337314606,0.01060542999766767,0.010647758026607335,10.804091492085718,0.9681768043405691,2482153.0,7856.0,32.0,5000.0,True,False
8,11,17249435932721937444,SLH_DSA_PURE_SHA2_128S,0.0848804300185293,0.001767967944033444,0.6312034530565143,0.0011651579989120364,0.010942918015643954,0.011023666011169553,10.868455137009732,0.9931637944689222,2482153.0,7856.0,32.0,5000.0,True,False
8,11,1066432568754644269,SLH_DSA_PURE_SHA2_128S,0.07949858193751425,0.0013743930030614138,0.630326725076884,0.0011359319323673844,0.01200656604487449,0.01206052303314209,10.98745959799271,0.9962328558514832,2482153.0,7856.0,32.0,5000.0,True,False
8,11,970299637571900729,SLH_DSA_PURE_SHA2_128S,0.08531845605466515,0.0014991539064794779,0.6601697079604492,0.0011268240632489324,0.010754175949841738,0.01080297096632421,6.294537262991071,0.9666787583357209,2482153.0,7856.0,32.0,5000.0,True,False
8,11,12961945203264587880,SLH_DSA_PURE_SHA2_128S,0.07744142098817974,0.0013473710278049111,0.603305016993545,0.0011605559848248959,0.010739922989159822,0.01078764593694359,6.933901401003823,0.9942923947504372,2482153.0,7856.0,32.0,5000.0,True,False
8,12,1045670938867336623,SLH_DSA_PURE_SHA2_128S,0.14948071003891528,0.0027996159624308348,0.7023104690015316,0.0011042519472539425,0.01188652403652668,0.011971790925599635,10.697708129067905,0.9134349777440357,2482153.0,7856.0,32.0,5000.0,True,False
8,12,10465933317568761486,SLH_DSA_PURE_SHA2_128S,0.08490140899084508,0.0015228820266202092,0.646101611899212,0.001108149066567421,0.01072031504008919,0.010773267014883459,10.865257552010007,0.9330607386910992,2482153.0,7856.0,32.0,5000.0,True,False
8,12,11957910201187820555,SLH_DSA_PURE_SHA2_128S,0.1633162769721821,0.0017724650679156184,0.6558459849329665,0.0010646809823811054,0.010656010010279715,0.010701660998165607,10.878275451948866,0.9091508724507252,2482153.0,7856.0,32.0,5000.0,True,False
8,12,12870646362421158009,SLH_DSA_PURE_SHA2_128S,0.07977025303989649,0.0016175599303096533,0.7150335249025375,0.001121728913858533,0.01068491896148771,0.010733756003901362,11.178847823990509,0.9308570247546882,2482153.0,7856.0,32.0,5000.0,True,False
8,12,1066432568754644269,SLH_DSA_PURE_SHA2_128S,0.11876252491492778,0.002797749009914696,0.6541771719930694,0.0010410170070827007,0.010714092990383506,0.010759715922176838,10.854013669071719,0.9353206742341351,2482153.0,7856.0,32.0,5000.0,True,False
8,12,15533338156003854749,SLH_DSA_PURE_SHA2_128S,0.0855727520538494,0.0024846610613167286,0.6516645499505103,0.0011134290834888816,0.01082252198830247,0.01087026100140065,10.99371906905435,0.945254008481457,2482153.0,7856.0,32.0,5000.0,True,False
8,12,10495627537916658538,SLH_DSA_PURE_SHA2_128S,0.1498832490760833,0.002875681035220623,0.7069046159740537,0.0010681429412215948,0.011146186967380345,0.011223335051909089,10.946423384011723,0.9086205843527606,2482153.0,7856.0,32.0,5000.0,True,False
8,12,17249435932721937444,SLH_DSA_PURE_SHA2_128S,0.07999800296965986,0.0013599579688161612,0.6359858580399305,0.00110060500446707,0.010785571997985244,0.010833655018359423,10.933041783981025,0.9460526029015802,2482153.0,7856.0,32.0,5000.0,True,False
8,12,970299637571900729,SLH_DSA_PURE_SHA2_128S,0.0770882370416075,0.002600208972580731,0.6059717439347878,0.0010780139127746224,0.010733006987720728,0.010777689050883055,6.7559673429932445,0.9129559281904986,2482153.0,7856.0,32.0,5000.0,True,False
8,12,12961945203264587880,SLH_DSA_PURE_SHA2_128S,0.0769330799812451,0.002195497043430805,0.6078362830448896,0.0010967620182782412,0.010742323938757181,0.010789660038426518,6.809207450016402,0.9305236707827088,2482153.0,7856.0,32.0,5000.0,True,False
8,13,12870646362421158009,SLH_DSA_PURE_SHA2_128S,0.15858513792045414,0.0025726458989083767,0.6641149140195921,0.0011372009757906199,0.010732553084380925,0.01082189695443958,10.73571906995494,0.8924213794006663,2482153.0,7856.0,32.0,5000.0,True,False
8,13,11957910201187820555,SLH_DSA_PURE_SHA2_128S,0.11766231106594205,0.0016431609401479363,0.6302369619952515,0.0011790760327130556,0.01069862104486674,0.0107457380509004,10.88693064195104,0.8513315671188816,2482153.0,7856.0,32.0,5000.0,True,False
8,13,10465933317568761486,SLH_DSA_PURE_SHA2_128S,0.08164997701533139,0.0015098609728738666,0.6317240139469504,0.0013717840192839503,0.010745618026703596,0.010791789973154664,10.920400802977383,0.8796470949224605,2482153.0,7856.0,32.0,5000.0,True,False
8,13,1045670938867336623,SLH_DSA_PURE_SHA2_128S,0.07999855594243854,0.0014542639255523682,0.7176548520801589,0.0011511839693412185,0.010705143911764026,0.010751966037787497,10.944504694081843,0.8677837823986247,2482153.0,7856.0,32.0,5000.0,True,False
8,13,15533338156003854749,SLH_DSA_PURE_SHA2_128S,0.08553321205545217,0.0034478059969842434,0.6410898469621316,0.0011002729879692197,0.01070407498627901,0.010750106070190668,10.973263975931332,0.9045234094759461,2482153.0,7856.0,32.0,5000.0,True,False
8,13,10495627537916658538,SLH_DSA_PURE_SHA2_128S,0.16054096492007375,0.0038975439965724945,0.7126862570876256,0.0013719929847866297,0.01074641605373472,0.010791248991154134,10.755512985982932,0.8590427675064961,2482153.0,7856.0,32.0,5000.0,True,False
8,13,17249435932721937444,SLH_DSA_PURE_SHA2_128S,0.103267568978481,0.0013835979625582695,0.6319382649380714,0.001131874043494463,0.011234231060370803,0.011314130038954318,10.931085956981406,0.8890341495632366,2482153.0,7856.0,32.0,5000.0,True,False
8,13,1066432568754644269,SLH_DSA_PURE_SHA2_128S,0.08024862199090421,0.0013458310859277844,0.6936329100281,0.0014394669560715556,0.010979332961142063,0.011032415088266134,11.030044939019717,0.8912198558734481,2482153.0,7856.0,32.0,5000.0,True,False
8,13,12961945203264587880,SLH_DSA_PURE_SHA2_128S,0.08518147096037865,0.0032579569378867745,0.6347108300542459,0.0012919040163978934,0.01075439399573952,0.010818907991051674,6.689722056034952,0.8785293848271583,2482153.0,7856.0,32.0,5000.0,True,False
8,13,970299637571900729,SLH_DSA_PURE_SHA2_128S,0.07692903000861406,0.0013574319891631603,0.606754633015953,0.0010757551062852144,0.011303227045573294,0.011350308079272509,6.948166677029803,0.873005439331577,2482153.0,7856.0,32.0,5000.0,True,False
8,14,11957910201187820555,SLH_DSA_PURE_SHA2_128S,0.09346854698378593,0.0016377470456063747,0.6463658360298723,0.001084381015971303,0.011108473991043866,0.011196086998097599,10.664462471962906,0.8153303768604424,2482153.0,7856.0,32.0,5000.0,True,False
8,14,12870646362421158009,SLH_DSA_PURE_SHA2_128S,0.1211022159550339,0.0016271870117634535,0.6353768220869824,0.0011210499797016382,0.010879119974561036,0.010927799041382968,10.840470522991382,0.8529628741133745,2482153.0,7856.0,32.0,5000.0,True,False
8,14,10465933317568761486,SLH_DSA_PURE_SHA2_128S,0.14823582395911217,0.0014569469494745135,0.6317973389523104,0.0010786289349198341,0.011053149006329477,0.01109955704305321,10.913585928967223,0.8356973475711361,2482153.0,7856.0,32.0,5000.0,True,False
8,14,1045670938867336623,SLH_DSA_PURE_SHA2_128S,0.08924005297012627,0.0013728480553254485,0.6300360439345241,0.001121114008128643,0.010711448965594172,0.01075856399256736,11.028670375002548,0.8170218082370272,2482153.0,7856.0,32.0,5000.0,True,False
8,14,15533338156003854749,SLH_DSA_PURE_SHA2_128S,0.11019202903844416,0.0021919109858572483,0.6398473390145227,0.0010999030200764537,0.011095161084085703,0.011140404967591166,10.943304545013234,0.8694005692081087,2482153.0,7856.0,32.0,5000.0,True,False
8,14,17249435932721937444,SLH_DSA_PURE_SHA2_128S,0.09321189799811691,0.0013806179631501436,0.6332346179988235,0.0011262019397690892,0.010739212972112,0.010787706007249653,10.662062559975311,0.8670496270535099,2482153.0,7856.0,32.0,5000.0,True,False
8,14,10495627537916658538,SLH_DSA_PURE_SHA2_128S,0.1327881080796942,0.001476868987083435,0.6293755359947681,0.0011753489961847663,0.01084087893832475,0.010918780928477645,10.687416483997367,0.8242400091165191,2482153.0,7856.0,32.0,5000.0,True,False
8,14,1066432568754644269,SLH_DSA_PURE_SHA2_128S,0.09179080207832158,0.0014615380205214024,0.6406766879372299,0.0013092540903016925,0.010706931003369391,0.01075366500299424,10.859029383980669,0.8566641163104659,2482153.0,7856.0,32.0,5000.0,True,False
8,14,970299637571900729,SLH_DSA_PURE_SHA2_128S,0.0767583129927516,0.0013739949790760875,0.6072868779301643,0.0010830279206857085,0.01067818806041032,0.01072399690747261,6.442746588028967,0.8394334131175545,2482153.0,7856.0,32.0,5000.0,True,False
8,14,12961945203264587880,SLH_DSA_PURE_SHA2_128S,0.07888401299715042,0.0015294819604605436,0.6095847799442708,0.001095556071959436,0.011318327044136822,0.011365568963810802,6.577093850937672,0.8521326487041583,2482153.0,7856.0,32.0,5000.0,True,False
8,15,12870646362421158009,SLH_DSA_PURE_SHA2_128S,0.15162800101097673,0.0037033400731161237,0.705930596916005,0.0010573079343885183,0.010753472917713225,0.010841747978702188,10.847383702988736,0.8247394840808431,2482153.0,7856.0,32.0,5000.0,True,False
8,15,1045670938867336623,SLH_DSA_PURE_SHA2_128S,0.08569815394002944,0.002075691008940339,0.6375314719043672,0.001146038994193077,0.010813349043019116,0.010864073992706835,10.930171306012198,0.7876424823596979,2482153.0,7856.0,32.0,5000.0,True,False
8,15,10465933317568761486,SLH_DSA_PURE_SHA2_128S,0.08457827905658633,0.001622071024030447,0.635043918970041,0.0010806570062413812,0.010681261075660586,0.010726399021223187,10.999672031030059,0.8028252548093249,2482153.0,7856.0,32.0,5000.0,True,False
8,15,11957910201187820555,SLH_DSA_PURE_SHA2_128S,0.08002777898218483,0.001329794991761446,0.6384024759754539,0.001159330946393311,0.010725870030000806,0.010774953989312053,11.14698702096939,0.7696321175736227,2482153.0,7856.0,32.0,5000.0,True,False
8,15,1066432568754644269,SLH_DSA_PURE_SHA2_128S,0.14675848092883825,0.003148874966427684,0.6688702850369737,0.0010856629814952612,0.011116076959297061,0.011165354982949793,10.930039530037902,0.8148426045278075,2482153.0,7856.0,32.0,5000.0,True,False
8,15,10495627537916658538,SLH_DSA_PURE_SHA2_128S,0.1205805289791897,0.0015289889415726066,0.6272016940638423,0.0011202399618923664,0.010859383968636394,0.010909580974839628,11.022217520978302,0.7890871609472165,2482153.0,7856.0,32.0,5000.0,True,False
8,15,15533338156003854749,SLH_DSA_PURE_SHA2_128S,0.08103693299926817,0.0014431830495595932,0.6545273520750925,0.0010952359298244119,0.010970697039738297,0.011091809952631593,11.231120682088658,0.8127105539771402,2482153.0,7856.0,32.0,5000.0,True,False
8,15,17249435932721937444,SLH_DSA_PURE_SHA2_128S,0.07980555098038167,0.001360065070912242,0.6290084740612656,0.0011858619982376695,0.010748618049547076,0.010800872929394245,10.950652071973309,0.8173398360325272,2482153.0,7856.0,32.0,5000.0,True,False
8,15,970299637571900729,SLH_DSA_PURE_SHA2_128S,0.0773635630030185,0.0013805630151182413,0.6106017720885575,0.0013217510422691703,0.010704708052799106,0.010754376067779958,6.629328715032898,0.8006426264905626,2482153.0,7856.0,32.0,5000.0,True,False
8,15,12961945203264587880,SLH_DSA_PURE_SHA2_128S,0.07910657301545143,0.0014624119503423572,0.6104086360428482,0.0011243820190429688,0.010838228045031428,0.010887896991334856,6.715863710967824,0.8085209264117441,2482153.0,7856.0,32.0,5000.0,True,False
8,16,12870646362421158009,SLH_DSA_PURE_SHA2_128S,0.13944087096024305,0.0030564129119738936,0.6613483420806006,0.0010455780429765582,0.010881393915042281,0.01096741296350956,10.726517786970362,0.7789130760416104,2482153.0,7856.0,32.0,5000.0,True,False
8,16,11957910201187820555,SLH_DSA_PURE_SHA2_128S,0.16553234704770148,0.0016179829835891724,0.6496671630302444,0.0011360211065039039,0.010812526918016374,0.010863638017326593,10.874645701958798,0.7606126512311826,2482153.0,7856.0,32.0,5000.0,True,False
8,16,1045670938867336623,SLH_DSA_PURE_SHA2_128S,0.14201362000312656,0.0014197150012478232,0.6368503059493378,0.0010802129982039332,0.010847917990759015,0.010892904014326632,10.925936184008606,0.7518329223629775,2482153.0,7856.0,32.0,5000.0,True,False
8,16,10465933317568761486,SLH_DSA_PURE_SHA2_128S,0.07937532500363886,0.0014935859944671392,0.6515721419127658,0.001101418980397284,0.011087610037066042,0.011135146021842957,10.962497174041346,0.7513044036118088,2482153.0,7856.0,32.0,5000.0,True,False
8,16,15533338156003854749,SLH_DSA_PURE_SHA2_128S,0.14807762601412833,0.0019320410210639238,0.7123793070204556,0.0010679110419005156,0.010745109990239143,0.010790990083478391,10.68787860602606,0.792933440512153,2482153.0,7856.0,32.0,5000.0,True,False
8,16,1066432568754644269,SLH_DSA_PURE_SHA2_128S,0.1479977989802137,0.0017655639676377177,0.6876846579834819,0.0011830569710582495,0.010963952052406967,0.011012551956810057,10.57862942002248,0.7659594704201267,2482153.0,7856.0,32.0,5000.0,True,False
8,16,17249435932721937444,SLH_DSA_PURE_SHA2_128S,0.16190000995993614,0.0014716910663992167,0.6439177449792624,0.0011026649735867977,0.01110987295396626,0.011190104996785522,10.756043017026968,0.777474643603252,2482153.0,7856.0,32.0,5000.0,True,False
8,16,10495627537916658538,SLH_DSA_PURE_SHA2_128S,0.10722472192719579,0.0016888619866222143,0.6316833880264312,0.0010876070009544492,0.010811110027134418,0.010856696986593306,10.963642348069698,0.7533066159790489,2482153.0,7856.0,32.0,5000.0,True,False
8,16,12961945203264587880,SLH_DSA_PURE_SHA2_128S,0.08707672194577754,0.0021809610771015286,0.6106179709313437,0.0010719129350036383,0.010778681025840342,0.010824627010151744,6.652064810041338,0.7706731290194639,2482153.0,7856.0,32.0,5000.0,True,False
8,16,970299637571900729,SLH_DSA_PURE_SHA2_128S,0.07726348110008985,0.001289858017116785,0.6086890189908445,0.001131863915361464,0.010760264936834574,0.01080817193724215,6.459706134046428,0.7535859146125757,2482153.0,7856.0,32.0,5000.0,True,False
8,17,1045670938867336623,SLH_DSA_PURE_SHA2_128S,0.11947848799172789,0.0020435129990801215,0.6990090230247006,0.0011541279964148998,0.01083687599748373,0.010927429073490202,10.838605222990736,0.7188340623857109,2482153.0,7856.0,32.0,5000.0,True,False
8,17,10465933317568761486,SLH_DSA_PURE_SHA2_128S,0.07973595394287258,0.0014026629505679011,0.6980368830263615,0.0012166539672762156,0.01087689702399075,0.010927475057542324,10.726931254961528,0.71025856019585,2482153.0,7856.0,32.0,5000.0,True,False
8,17,12870646362421158009,SLH_DSA_PURE_SHA2_128S,0.07998521206900477,0.0014350259443745017,0.6866046760696918,0.0011070959735661745,0.010863985982723534,0.01091374596580863,10.93727462994866,0.7310364338432908,2482153.0,7856.0,32.0,5000.0,True,False
8,17,11957910201187820555,SLH_DSA_PURE_SHA2_128S,0.1094224409898743,0.0014126250753179193,0.9413712619571015,0.001155325910076499,0.010958358994685113,0.01100743596907705,10.621992500964552,0.7258745941576684,2482153.0,7856.0,32.0,5000.0,True,False
8,17,15533338156003854749,SLH_DSA_PURE_SHA2_128S,0.11042808496858925,0.0024506800109520555,0.7199058869155124,0.0010826989309862256,0.010849361075088382,0.010898281005211174,10.637004718999378,0.7275758202478384,2482153.0,7856.0,32.0,5000.0,True,False
8,17,10495627537916658538,SLH_DSA_PURE_SHA2_128S,0.09391138493083417,0.0020133540965616703,0.6982098750304431,0.0011582840234041214,0.01069669402204454,0.01074536598753184,10.708020232967101,0.7295019322899496,2482153.0,7856.0,32.0,5000.0,True,False
8,17,1066432568754644269,SLH_DSA_PURE_SHA2_128S,0.14498398697469383,0.0018619439797475934,1.1280390489846468,0.0010952369775623083,0.011210705037228763,0.011297336081042886,10.503786987974308,0.7502670927791838,2482153.0,7856.0,32.0,5000.0,True,False
8,17,17249435932721937444,SLH_DSA_PURE_SHA2_128S,0.1788141099968925,0.0016353860264644027,1.0036116080591455,0.0012175670126453042,0.01104377896990627,0.011094499030150473,10.420713327010162,0.7336881332526541,2482153.0,7856.0,32.0,5000.0,True,False
8,17,970299637571900729,SLH_DSA_PURE_SHA2_128S,0.0763651980087161,0.001332034938968718,0.604469749960117,0.001079934067092836,0.010853654006496072,0.010910604964010417,6.191191129037179,0.7070731461807421,2482153.0,7856.0,32.0,5000.0,True,False
8,17,12961945203264587880,SLH_DSA_PURE_SHA2_128S,0.08053518598899245,0.0014524379512295127,0.6041952089872211,0.001147872069850564,0.011253803968429565,0.01130411692429334,6.303400030941702,0.7172012861557068,2482153.0,7856.0,32.0,5000.0,True,False
8,18,11957910201187820555,SLH_DSA_PURE_SHA2_128S,0.1129695629933849,0.002592187956906855,0.6896254890598357,0.0011700569884851575,0.010772462002933025,0.01085563690867275,10.59529594599735,0.6729455466862697,2482153.0,7856.0,32.0,5000.0,True,False
8,18,10465933317568761486,SLH_DSA_PURE_SHA2_128S,0.07998783804941922,0.0014738610479980707,0.6289304560050368,0.0011276480508968234,0.01089461101219058,0.010943077970296144,10.732553799054585,0.6957513414750434,2482153.0,7856.0,32.0,5000.0,True,False
8,18,1045670938867336623,SLH_DSA_PURE_SHA2_128S,0.1547474580584094,0.0017542369896546006,0.7103295400738716,0.0011900189565494657,0.010731479967944324,0.010776395909488201,10.681058385060169,0.6592068210908562,2482153.0,7856.0,32.0,5000.0,True,False
8,18,12870646362421158009,SLH_DSA_PURE_SHA2_128S,0.08912373497150838,0.0016811619279906154,0.8869752730242908,0.0011123589938506484,0.011090466985478997,0.01113818003796041,10.655888105975464,0.6825266238420632,2482153.0,7856.0,32.0,5000.0,True,False
8,18,15533338156003854749,SLH_DSA_PURE_SHA2_128S,0.17513499490451068,0.002782877068966627,0.7407029239693657,0.0012142900377511978,0.010730503010563552,0.010773196001537144,10.589700742042623,0.7120897682609072,2482153.0,7856.0,32.0,5000.0,True,False
8,18,10495627537916658538,SLH_DSA_PURE_SHA2_128S,0.1369145920034498,0.0014129880582913756,0.6505774189718068,0.001078468980267644,0.010828112019225955,0.010876231011934578,10.544274726998992,0.7044519747898077,2482153.0,7856.0,32.0,5000.0,True,False
8,18,17249435932721937444,SLH_DSA_PURE_SHA2_128S,0.17549196700565517,0.0015387929743155837,0.7233919319696724,0.001054264954291284,0.011284696985967457,0.011358472984284163,10.650438498007134,0.690128440547521,2482153.0,7856.0,32.0,5000.0,True,False
8,18,1066432568754644269,SLH_DSA_PURE_SHA2_128S,0.18824165896512568,0.002490096027031541,1.0478329421021044,0.0011697330046445131,0.01076113898307085,0.010812573018483818,10.398451221990399,0.7344563012100329,2482153.0,7856.0,32.0,5000.0,True,False
8,18,12961945203264587880,SLH_DSA_PURE_SHA2_128S,0.085006412002258,0.0017300359904766083,0.6158392319921404,0.0011270949617028236,0.011152480961754918,0.011196746956557035,6.324978173011914,0.6897407063538101,2482153.0,7856.0,32.0,5000.0,True,False
8,18,970299637571900729,SLH_DSA_PURE_SHA2_128S,0.07750142505392432,0.0013492980506271124,0.6085207399446517,0.001040476025082171,0.010795599082484841,0.010838906047865748,6.260895156068727,0.6876056197152776,2482153.0,7856.0,32.0,5000.0,True,False
8,19,11957910201187820555,SLH_DSA_PURE_SHA2_128S,0.12256716296542436,0.0018101449823006988,0.6419186049606651,0.001242948928847909,0.010715176002122462,0.010791959008201957,10.596376629080623,0.6562256893724393,2482153.0,7856.0,32.0,5000.0,True,False
8,19,12870646362421158009,SLH_DSA_PURE_SHA2_128S,0.08540495799388736,0.0015923419268801808,0.6371615310199559,0.0011770109413191676,0.011062134988605976,0.011127028963528574,10.677454942953773,0.6501100764722582,2482153.0,7856.0,32.0,5000.0,True,False
8,19,1045670938867336623,SLH_DSA_PURE_SHA2_128S,0.14782235596794635,0.002280130051076412,0.6419364580651745,0.0011161139700561762,0.010762433987110853,0.010809162980876863,10.684725729981437,0.625542207603242,2482153.0,7856.0,32.0,5000.0,True,False
8,19,10465933317568761486,SLH_DSA_PURE_SHA2_128S,0.0798557240050286,0.0016026049852371216,0.6318144230172038,0.001557086012326181,0.010857329005375504,0.010911621968261898,10.883677319972776,0.6615154391071599,2482153.0,7856.0,32.0,5000.0,True,False
8,19,15533338156003854749,SLH_DSA_PURE_SHA2_128S,0.16180084203369915,0.0021495280088856816,0.6650683119660243,0.001113147009164095,0.010653084027580917,0.01070198800880462,10.892218074994162,0.6691322709154931,2482153.0,7856.0,32.0,5000.0,True,False
8,19,17249435932721937444,SLH_DSA_PURE_SHA2_128S,0.15881453198380768,0.0014239030424505472,0.6328958560479805,0.0011810190044343472,0.010674057994037867,0.010719635058194399,10.767287547001615,0.6563756817085727,2482153.0,7856.0,32.0,5000.0,True,False
8,19,1066432568754644269,SLH_DSA_PURE_SHA2_128S,0.1717368570389226,0.0022470320109277964,0.6883958600228652,0.001108519034460187,0.010877745924517512,0.01095294498372823,10.936117755947635,0.7096469809959649,2482153.0,7856.0,32.0,5000.0,True,False
8,19,10495627537916658538,SLH_DSA_PURE_SHA2_128S,0.07975407398771495,0.0016431569820269942,0.6341288900002837,0.0011855079792439938,0.01067430095281452,0.010718851001001894,11.035644438001327,0.6644734263799752,2482153.0,7856.0,32.0,5000.0,True,False
8,19,12961945203264587880,SLH_DSA_PURE_SHA2_128S,0.08475673000793904,0.0025419779121875763,0.6170744510600343,0.0011339770862832665,0.010701728984713554,0.010746840038336813,6.147537405020557,0.6468210257352538,2482153.0,7856.0,32.0,5000.0,True,False
8,19,970299637571900729,SLH_DSA_PURE_SHA2_128S,0.07910504704341292,0.0014411129523068666,0.6076848090160638,0.0012133270502090454,0.010624915012158453,0.010671147960238159,6.17494684306439,0.6657249437775582,2482153.0,7856.0,32.0,5000.0,True,False
8,20,11957910201187820555,SLH_DSA_PURE_SHA2_128S,0.08954330999404192,0.0018463230226188898,0.6305193769512698,0.0011114520020782948,0.010835633031092584,0.010926218004897237,10.991163872997276,0.6187668918709087,2482153.0,7856.0,32.0,5000.0,True,False
8,20,1045670938867336623,SLH_DSA_PURE_SHA2_128S,0.08346700097899884,0.0015375929651781917,0.6524544659769163,0.0011096560629084706,0.01096428104210645,0.0110221040667966,11.052678453968838,0.610158451138788,2482153.0,7856.0,32.0,5000.0,True,False
8,20,10465933317568761486,SLH_DSA_PURE_SHA2_128S,0.16484878701157868,0.0014602530281990767,0.6468366860644892,0.0011337039759382606,0.010940037085674703,0.011037613032385707,11.038176718051545,0.6268396937543419,2482153.0,7856.0,32.0,5000.0,True,False
8,20,12870646362421158009,SLH_DSA_PURE_SHA2_128S,0.1112898129504174,0.0017076769145205617,0.6574867779854685,0.0012037589913234115,0.010688532958738506,0.010737580014392734,11.145883110002615,0.6047754918409002,2482153.0,7856.0,32.0,5000.0,True,False
8,20,15533338156003854749,SLH_DSA_PURE_SHA2_128S,0.15697513101622462,0.0026195680256932974,0.6944670110242441,0.0011807179544121027,0.010694165946915746,0.010744945029728115,10.930159398005344,0.6661616869413169,2482153.0,7856.0,32.0,5000.0,True,False
8,20,10495627537916658538,SLH_DSA_PURE_SHA2_128S,0.08695673302281648,0.0025345460744574666,0.6371148790931329,0.001183319021947682,0.010780617943964899,0.010827364050783217,10.899410336976871,0.6125267399534299,2482153.0,7856.0,32.0,5000.0,True,False
8,20,1066432568754644269,SLH_DSA_PURE_SHA2_128S,0.08326065703295171,0.0016806269995868206,0.631708694039844,0.001169507042504847,0.011060512042604387,0.011147637036629021,11.065849574981257,0.6787975476520836,2482153.0,7856.0,32.0,5000.0,True,False
8,20,17249435932721937444,SLH_DSA_PURE_SHA2_128S,0.08917677192948759,0.0014405359979718924,0.6742885860148817,0.0011013969779014587,0.010751844965852797,0.010802097036503255,10.926853907993063,0.6435312237709191,2482153.0,7856.0,32.0,5000.0,True,False
8,20,970299637571900729,SLH_DSA_PURE_SHA2_128S,0.07789942796807736,0.0014214209513738751,0.6107299729483202,0.0011910320026800036,0.010841474984772503,0.010890661971643567,6.334338992019184,0.6340651900335482,2482153.0,7856.0,32.0,5000.0,True,False
8,20,12961945203264587880,SLH_DSA_PURE_SHA2_128S,0.07744357897900045,0.0013985359109938145,0.6085708229802549,0.0010928020346909761,0.010779513977468014,0.01082612294703722,6.350687892991118,0.6304931841838132,2482153.0,7856.0,32.0,5000.0,True,False
8,21,12870646362421158009,SLH_DSA_PURE_SHA2_128S,0.08144272700883448,0.0013617629883810878,0.6326739139622077,0.0012589809484779835,0.02814668999053538,0.028245482011698186,10.943515612976626,0.5781417633317838,2482153.0,7856.0,32.0,5000.0,True,False
8,21,1045670938867336623,SLH_DSA_PURE_SHA2_128S,0.1542214839719236,0.0015199909685179591,0.6286654729628935,0.0012716019991785288,0.012245933059602976,0.01230074604973197,10.873737121932209,0.5682558475216483,2482153.0,7856.0,32.0,5000.0,True,False
8,21,11957910201187820555,SLH_DSA_PURE_SHA2_128S,0.07966812094673514,0.001363718998618424,0.6337297050049528,0.001232231967151165,0.011033718008548021,0.01107962999958545,10.960027657914907,0.5924164655671758,2482153.0,7856.0,32.0,5000.0,True,False
8,21,10465933317568761486,SLH_DSA_PURE_SHA2_128S,0.12212793296203017,0.00168748595751822,0.6302144889486954,0.0012451719958335161,0.010881928028538823,0.010930700111202896,10.939274425036274,0.5896338456945055,2482153.0,7856.0,32.0,5000.0,True,False
8,21,15533338156003854749,SLH_DSA_PURE_SHA2_128S,0.09937594702932984,0.0020242989994585514,0.6346758379368111,0.0012090130476281047,0.01131090009585023,0.011356864939443767,11.040121347992681,0.6200899673969882,2482153.0,7856.0,32.0,5000.0,True,False
8,21,1066432568754644269,SLH_DSA_PURE_SHA2_128S,0.10658199107274413,0.0014271090039983392,0.6324580080108717,0.0011976680252701044,0.011090114014223218,0.011141421040520072,11.097639748011716,0.6439881765159072,2482153.0,7856.0,32.0,5000.0,True,False
8,21,10495627537916658538,SLH_DSA_PURE_SHA2_128S,0.08013664302416146,0.001630999962799251,0.6308799720136449,0.001136904931627214,0.011266586021520197,0.011338384007103741,11.109767016023397,0.5789006295952068,2482153.0,7856.0,32.0,5000.0,True,False
8,21,17249435932721937444,SLH_DSA_PURE_SHA2_128S,0.14266695396509022,0.0014438220532611012,0.6284584070090204,0.0012391069903969765,0.011353411013260484,0.011402832926250994,11.005724381073378,0.6371929388327203,2482153.0,7856.0,32.0,5000.0,True,False
8,21,12961945203264587880,SLH_DSA_PURE_SHA2_128S,0.08534635393880308,0.0015048279892653227,0.6119453760329634,0.001177347032353282,0.010931636905297637,0.010979698970913887,6.1341521760914475,0.5892332424024108,2482153.0,7856.0,32.0,5000.0,True,False
8,21,970299637571900729,SLH_DSA_PURE_SHA2_128S,0.0772383000003174,0.001404366921633482,0.6074625659966841,0.0011540839914232492,0.010999583988450468,0.011047417065128684,6.13903812400531,0.6067956948688455,2482153.0,7856.0,32.0,5000.0,True,False
8,22,1045670938867336623,SLH_DSA_PURE_SHA2_128S,0.1478944179834798,0.002189798979088664,0.6547906870255247,0.0012407009489834309,0.011008389992639422,0.01109446701593697,10.879400067031384,0.5521641357262044,2482153.0,7856.0,32.0,5000.0,True,False
8,22,11957910201187820555,SLH_DSA_PURE_SHA2_128S,0.08133601502049714,0.001414392958395183,0.6290271549951285,0.001276921946555376,0.010983268031850457,0.01104456395842135,11.067044515977614,0.5663674504134306,2482153.0,7856.0,32.0,5000.0,True,False
8,22,10465933317568761486,SLH_DSA_PURE_SHA2_128S,0.09494869003538042,0.001426014001481235,0.6301509079057723,0.0013640780234709382,0.011029478977434337,0.011084818979725242,11.111398361972533,0.5666931373108725,2482153.0,7856.0,32.0,5000.0,True,False
8,22,12870646362421158009,SLH_DSA_PURE_SHA2_128S,0.09953225601930171,0.00140961108263582,0.6490822790656239,0.001524767023511231,0.010905159055255353,0.010957455029711127,11.104369333013892,0.5681290644796411,2482153.0,7856.0,32.0,5000.0,True,False
8,22,15533338156003854749,SLH_DSA_PURE_SHA2_128S,0.14689469803124666,0.003037780988961458,0.7506478819996119,0.001329846098087728,0.010968136019073427,0.011023478931747377,10.737365703098476,0.5992011277444044,2482153.0,7856.0,32.0,5000.0,True,False
8,22,10495627537916658538,SLH_DSA_PURE_SHA2_128S,0.12181608600076288,0.0013927359832450747,0.6483649039873853,0.0012353979982435703,0.011919766897335649,0.01197243097703904,10.843545590993017,0.5559122003614902,2482153.0,7856.0,32.0,5000.0,True,False
8,22,1066432568754644269,SLH_DSA_PURE_SHA2_128S,0.08664690901059657,0.002101321006193757,0.6346692830557004,0.0014270819956436753,0.01109196397010237,0.011194614926353097,10.896228034980595,0.6149121037429306,2482153.0,7856.0,32.0,5000.0,True,False
8,22,17249435932721937444,SLH_DSA_PURE_SHA2_128S,0.08023671095725149,0.001428549992851913,0.6296780538978055,0.0014224490150809288,0.010907214018516243,0.01097084698267281,10.92718268209137,0.5832729030186963,2482153.0,7856.0,32.0,5000.0,True,False
8,22,12961945203264587880,SLH_DSA_PURE_SHA2_128S,0.11349437199532986,0.0015914419200271368,0.6429170720512047,0.0013715600362047553,0.011166402022354305,0.011221603024750948,6.452461503096856,0.5639938060550174,2482153.0,7856.0,32.0,5000.0,True,False
8,22,970299637571900729,SLH_DSA_PURE_SHA2_128S,0.07876289507839829,0.0014894679188728333,0.6198658669600263,0.0012935519916936755,0.011085769976489246,0.011146372999064624,6.53759383992292,0.577942521803698,2482153.0,7856.0,32.0,5000.0,True,False
8,23,12870646362421158009,SLH_DSA_PURE_SHA2_128S,0.07991809805389494,0.0013531959848478436,0.6314075900008902,0.0010774830589070916,0.010759564000181854,0.01084773801267147,10.910028934944421,0.5217726602201249,2482153.0,7856.0,32.0,5000.0,True,False
8,23,11957910201187820555,SLH_DSA_PURE_SHA2_128S,0.15759624994825572,0.0016881099436432123,0.6296845260076225,0.0012279400834813714,0.010749049950391054,0.010815347079187632,10.783216678071767,0.5503159527708391,2482153.0,7856.0,32.0,5000.0,True,False
8,23,1045670938867336623,SLH_DSA_PURE_SHA2_128S,0.12826425000093877,0.0013686419697478414,0.6460931920446455,0.0013032520655542612,0.010762145044282079,0.010807602084241807,10.843720020959154,0.5317010738453858,2482153.0,7856.0,32.0,5000.0,True,False
8,23,10465933317568761486,SLH_DSA_PURE_SHA2_128S,0.08341833495069295,0.0015763189876452088,0.6323995599523187,0.0011151519138365984,0.010990426992066205,0.0110383479623124,10.861611524014734,0.5432377517650462,2482153.0,7856.0,32.0,5000.0,True,False
8,23,15533338156003854749,SLH_DSA_PURE_SHA2_128S,0.15829668007791042,0.002109794062562287,0.7097989789908752,0.0013313289964571595,0.010833775973878801,0.010881179943680763,10.601090997108258,0.5803773830271071,2482153.0,7856.0,32.0,5000.0,True,False
8,23,17249435932721937444,SLH_DSA_PURE_SHA2_128S,0.08078843401744962,0.00164351100102067,0.6278285889420658,0.0011584210442379117,0.010775096016004682,0.010824358090758324,10.815129101043567,0.5660957834997754,2482153.0,7856.0,32.0,5000.0,True,False
8,23,10495627537916658538,SLH_DSA_PURE_SHA2_128S,0.08000134699977934,0.0023913069162517786,0.6329718930646777,0.0013085640966892242,0.01087721309158951,0.01095452404115349,10.83608523895964,0.5220874470367933,2482153.0,7856.0,32.0,5000.0,True,False
8,23,1066432568754644269,SLH_DSA_PURE_SHA2_128S,0.1046314510749653,0.002370469970628619,0.6612824549665675,0.0010907709365710616,0.010742040001787245,0.010789884952828288,10.876647575059906,0.6126466812032043,2482153.0,7856.0,32.0,5000.0,True,False
8,23,12961945203264587880,SLH_DSA_PURE_SHA2_128S,0.08402463397942483,0.0015596749726682901,0.6163572949590161,0.001483449013903737,0.011401455965824425,0.011458544060587883,6.53288805403281,0.5289648930263368,2482153.0,7856.0,32.0,5000.0,True,False
8,23,970299637571900729,SLH_DSA_PURE_SHA2_128S,0.08204037102404982,0.0017397899646311998,0.6165130190784112,0.001079085050150752,0.010875888052396476,0.010926553048193455,6.465059378067963,0.5543164274044288,2482153.0,7856.0,32.0,5000.0,True,False
8,24,1045670938867336623,SLH_DSA_PURE_SHA2_128S,0.08693452493753284,0.002590432995930314,0.6375054110540077,0.0010968690039590001,0.010809794999659061,0.010897533036768436,10.762543016928248,0.5206098316272922,2482153.0,7856.0,32.0,5000.0,True,False
8,24,11957910201187820555,SLH_DSA_PURE_SHA2_128S,0.10939549806062132,0.0015387809835374355,0.6292604480404407,0.0010819430463016033,0.010680775973014534,0.010729324072599411,10.834102438064292,0.5056371607455858,2482153.0,7856.0,32.0,5000.0,True,False
8,24,12870646362421158009,SLH_DSA_PURE_SHA2_128S,0.1047389640007168,0.0013785389019176364,0.6304912699852139,0.0012770219473168254,0.011008629924617708,0.011103918077424169,10.911781045026146,0.5141970804495037,2482153.0,7856.0,32.0,5000.0,True,False
8,24,10465933317568761486,SLH_DSA_PURE_SHA2_128S,0.08014481293503195,0.001414458965882659,0.6707303930306807,0.0011934420326724648,0.01096899900585413,0.011055560084059834,10.954559535952285,0.5125586507236881,2482153.0,7856.0,32.0,5000.0,True,False
8,24,1066432568754644269,SLH_DSA_PURE_SHA2_128S,0.08682664297521114,0.0019621680257841945,0.6413503530202433,0.001079894951544702,0.01130334590561688,0.011349227977916598,10.81986557401251,0.5734552464857223,2482153.0,7856.0,32.0,5000.0,True,False
8,24,10495627537916658538,SLH_DSA_PURE_SHA2_128S,0.08510128303896636,0.0019059099722653627,0.6354327599983662,0.0010878379689529538,0.010825319914147258,0.010873664054088295,10.905050822999328,0.5139080927867419,2482153.0,7856.0,32.0,5000.0,True,False
8,24,15533338156003854749,SLH_DSA_PURE_SHA2_128S,0.08370774902869016,0.0015587470261380076,0.6594272629590705,0.0010753939859569073,0.010856493026949465,0.01093313202727586,11.17403098801151,0.5527496183896141,2482153.0,7856.0,32.0,5000.0,True,False
8,24,17249435932721937444,SLH_DSA_PURE_SHA2_128S,0.07975211401935667,0.0013496330939233303,0.6298240760806948,0.0010915260063484311,0.011148828896693885,0.011199019034393132,10.945653097005561,0.5501853005047057,2482153.0,7856.0,32.0,5000.0,True,False
8,24,970299637571900729,SLH_DSA_PURE_SHA2_128S,0.08562232495751232,0.0019415330607444048,0.6301150810904801,0.0011375539470463991,0.011140406015329063,0.011188411968760192,6.334509059088305,0.5463936861343445,2482153.0,7856.0,32.0,5000.0,True,False
8,24,12961945203264587880,SLH_DSA_PURE_SHA2_128S,0.07664904999546707,0.0014149729395285249,0.6061651370255277,0.0011928670573979616,0.010722607024945319,0.010770080029033124,6.774109152960591,0.5140740602591615,2482153.0,7856.0,32.0,5000.0,True,False
8,25,1045670938867336623,SLH_DSA_PURE_SHA2_128S,0.07989620510488749,0.001408846932463348,0.6320131829706952,0.001150603056885302,0.011062752921134233,0.011151754995808005,10.962072008056566,0.49115663746692195,2482153.0,7856.0,32.0,5000.0,True,False
8,25,11957910201187820555,SLH_DSA_PURE_SHA2_128S,0.11056136502884328,0.0014252420514822006,0.6265312019968405,0.0010894680162891746,0.01084613404236734,0.010894163977354765,10.886586057022214,0.48463626113382113,2482153.0,7856.0,32.0,5000.0,True,False
8,25,12870646362421158009,SLH_DSA_PURE_SHA2_128S,0.08357815304771066,0.0017509610624983907,0.6291340650059283,0.0011848770081996918,0.01073078194167465,0.010775940958410501,10.925043319934048,0.5117893640165496,2482153.0,7856.0,32.0,5000.0,True,False
8,25,10465933317568761486,SLH_DSA_PURE_SHA2_128S,0.08241378189995885,0.0014105369336903095,0.6474138379562646,0.0013020939659327269,0.010873480001464486,0.010926297982223332,10.956184374983422,0.5137725494754543,2482153.0,7856.0,32.0,5000.0,True,False
8,25,10495627537916658538,SLH_DSA_PURE_SHA2_128S,0.11739614000543952,0.001694143982604146,0.6444585690042004,0.0012127429945394397,0.010761732002720237,0.010808228980749846,10.586601239047013,0.49409601030645856,2482153.0,7856.0,32.0,5000.0,True,False
8,25,17249435932721937444,SLH_DSA_PURE_SHA2_128S,0.08575887198094279,0.0016426428919658065,0.6411526480223984,0.0011151341022923589,0.010934096993878484,0.010982526931911707,10.64056672307197,0.5391471803805251,2482153.0,7856.0,32.0,5000.0,True,False
8,25,1066432568754644269,SLH_DSA_PURE_SHA2_128S,0.08306202606763691,0.0015776309883221984,0.6329307559644803,0.0012280959635972977,0.010936339967884123,0.01101376605220139,10.881720334058627,0.5595274187482087,2482153.0,7856.0,32.0,5000.0,True,False
8,25,15533338156003854749,SLH_DSA_PURE_SHA2_128S,0.07991118601057678,0.0018035779939964414,0.6323417950188741,0.0011266430374234915,0.010717423050664365,0.010767553001642227,10.935890033957548,0.5112144822242913,2482153.0,7856.0,32.0,5000.0,True,False
8,25,12961945203264587880,SLH_DSA_PURE_SHA2_128S,0.08478814992122352,0.0017112430650740862,0.6174808950163424,0.0012490010121837258,0.01092789403628558,0.010976511985063553,6.320698517956771,0.5074306989005607,2482153.0,7856.0,32.0,5000.0,True,False
8,25,970299637571900729,SLH_DSA_PURE_SHA2_128S,0.07730012992396951,0.0013648601016029716,0.609296757960692,0.0011064469581469893,0.010841525043360889,0.010890895035117865,6.46099625795614,0.5025364769159988,2482153.0,7856.0,32.0,5000.0,True,False
8,26,12870646362421158009,SLH_DSA_PURE_SHA2_128S,0.08809727907646447,0.0016959250206127763,0.6343797809677199,0.0011353780282661319,0.010771980974823236,0.010853060986846685,10.850387478945777,0.47129828798448203,2482153.0,7856.0,32.0,5000.0,True,False
8,26,1045670938867336623,SLH_DSA_PURE_SHA2_128S,0.12365270999725908,0.0016679479740560055,0.6266556369373575,0.0011565000750124454,0.010947057045996189,0.011005727923475206,10.876023700926453,0.47808585637456674,2482153.0,7856.0,32.0,5000.0,True,False
8,26,11957910201187820555,SLH_DSA_PURE_SHA2_128S,0.08058962703216821,0.0014306739903986454,0.6413962019141763,0.0011839399812743068,0.01071955997031182,0.010766822029836476,11.012911409023218,0.503923746336038,2482153.0,7856.0,32.0,5000.0,True,False
8,26,10465933317568761486,SLH_DSA_PURE_SHA2_128S,0.0837507420219481,0.001731841010041535,0.634726730058901,0.001061024027876556,0.010769600048661232,0.010814014007337391,10.926190466969274,0.48831178409278775,2482153.0,7856.0,32.0,5000.0,True,False
8,26,10495627537916658538,SLH_DSA_PURE_SHA2_128S,0.16045514692086726,0.0018473759992048144,0.7881064140237868,0.0010802700417116284,0.010694897966459394,0.010743670049123466,10.789837159914896,0.4799300624994905,2482153.0,7856.0,32.0,5000.0,True,False
8,26,15533338156003854749,SLH_DSA_PURE_SHA2_128S,0.08631662209518254,0.0025066520320251584,0.6477938489988446,0.001098800916224718,0.010758868069387972,0.010802141041494906,11.020598136936314,0.5166219087187082,2482153.0,7856.0,32.0,5000.0,True,False
8,26,1066432568754644269,SLH_DSA_PURE_SHA2_128S,0.11151704809162766,0.0014982239808887243,0.6363768060691655,0.0010968439746648073,0.010875271051190794,0.010953477001748979,11.26573553099297,0.5323260818032702,2482153.0,7856.0,32.0,5000.0,True,False
8,26,17249435932721937444,SLH_DSA_PURE_SHA2_128S,0.07962812297046185,0.0014461629325523973,0.645526397973299,0.0010786859784275293,0.010704286978580058,0.010750291985459626,11.145809903042391,0.5042681276418601,2482153.0,7856.0,32.0,5000.0,True,False
8,26,12961945203264587880,SLH_DSA_PURE_SHA2_128S,0.08553670300170779,0.0015532210236415267,0.6412232220172882,0.0011249580420553684,0.010716515011154115,0.010759020107798278,6.250913048977964,0.46183258985542947,2482153.0,7856.0,32.0,5000.0,True,False
8,26,970299637571900729,SLH_DSA_PURE_SHA2_128S,0.07661385403480381,0.0013688849285244942,0.6061598079977557,0.0010606960859149694,0.01074778102338314,0.010794147965498269,6.556843720027246,0.47637778641596723,2482153.0,7856.0,32.0,5000.0,True,False
8,27,11957910201187820555,SLH_DSA_PURE_SHA2_128S,0.08609334903303534,0.0016173420008271933,0.6333190479781479,0.0010559350484982133,0.011658931034617126,0.011754036997444928,10.904668498085812,0.4564967063866603,2482153.0,7856.0,32.0,5000.0,True,False
8,27,10465933317568761486,SLH_DSA_PURE_SHA2_128S,0.08778048702515662,0.0019127859268337488,0.6372941239969805,0.0011293189600110054,0.010864699957892299,0.010923249996267259,10.802801522077061,0.45786117515556374,2482153.0,7856.0,32.0,5000.0,True,False
8,27,12870646362421158009,SLH_DSA_PURE_SHA2_128S,0.08007847599219531,0.0013912429567426443,0.6313521720003337,0.0010890678968280554,0.010796871967613697,0.010848082951270044,11.001776207936928,0.4989442161408959,2482153.0,7856.0,32.0,5000.0,True,False
8,27,1045670938867336623,SLH_DSA_PURE_SHA2_128S,0.08320016297511756,0.001472559990361333,0.6307504549622536,0.0010603650007396936,0.010711636976338923,0.010755935101769865,10.917132123024203,0.4775532632710258,2482153.0,7856.0,32.0,5000.0,True,False
8,27,15533338156003854749,SLH_DSA_PURE_SHA2_128S,0.15219605900347233,0.0031041440088301897,0.6349298170534894,0.0010925650130957365,0.011406447971239686,0.011455082916654646,11.063497035996988,0.4734628169566013,2482153.0,7856.0,32.0,5000.0,True,False
8,27,1066432568754644269,SLH_DSA_PURE_SHA2_128S,0.15721766999922693,0.0013674699002876878,0.625732664950192,0.0010533529566600919,0.010749871958978474,0.010795857990160584,10.96999206696637,0.5218067261372592,2482153.0,7856.0,32.0,5000.0,True,False
8,27,10495627537916658538,SLH_DSA_PURE_SHA2_128S,0.07943161705043167,0.0014418639475479722,0.6452215010067448,0.001111241988837719,0.01097898802254349,0.011057378957048059,11.031158571015112,0.44103533018878693,2482153.0,7856.0,32.0,5000.0,True,False
8,27,17249435932721937444,SLH_DSA_PURE_SHA2_128S,0.11643556598573923,0.0015242049703374505,0.6343091810122132,0.0010858799796551466,0.01093205506913364,0.010979157988913357,10.94377261097543,0.4847876197854235,2482153.0,7856.0,32.0,5000.0,True,False
8,27,12961945203264587880,SLH_DSA_PURE_SHA2_128S,0.07691521302331239,0.0013862269697710872,0.6088935540756211,0.0012968640075996518,0.010895855957642198,0.010940650943666697,6.576764862984419,0.4648087903453856,2482153.0,7856.0,32.0,5000.0,True,False
8,27,970299637571900729,SLH_DSA_PURE_SHA2_128S,0.07833612500689924,0.0015350449830293655,0.6118535039713606,0.001061130897141993,0.010800644056871533,0.010846015997231007,6.496532227029093,0.4732001175403975,2482153.0,7856.0,32.0,5000.0,True,False
8,28,10465933317568761486,SLH_DSA_PURE_SHA2_128S,0.08798485598526895,0.002051432034932077,0.64129266992677,0.00113934394903481,0.010846205987036228,0.010931096971035004,10.812527072033845,0.46068375799686284,2482153.0,7856.0,32.0,5000.0,True,False
8,28,11957910201187820555,SLH_DSA_PURE_SHA2_128S,0.16145257197786123,0.0017867080168798566,0.6369675130117685,0.001095965038985014,0.010686898953281343,0.010733183939009905,10.891790463007055,0.41713692899793386,2482153.0,7856.0,32.0,5000.0,True,False
8,28,12870646362421158009,SLH_DSA_PURE_SHA2_128S,0.08522389701101929,0.0017078559612855315,0.6416333069792017,0.0011468279408290982,0.010637892060913146,0.01068371394649148,10.943527725059539,0.4369099145980587,2482153.0,7856.0,32.0,5000.0,True,False
8,28,1045670938867336623,SLH_DSA_PURE_SHA2_128S,0.08151349995750934,0.0013407430378720164,0.6299839839339256,0.0011009919689968228,0.010624230955727398,0.01066821301355958,11.027817144989967,0.4418928596980063,2482153.0,7856.0,32.0,5000.0,True,False
8,28,15533338156003854749,SLH_DSA_PURE_SHA2_128S,0.12320834002457559,0.0021159159950912,0.6328649339266121,0.0011652460088953376,0.010802388074807823,0.010847790050320327,11.022646376048215,0.4616391212459962,2482153.0,7856.0,32.0,5000.0,True,False
8,28,10495627537916658538,SLH_DSA_PURE_SHA2_128S,0.1322132790228352,0.0015092699322849512,0.631543455994688,0.001145036076195538,0.010657727951183915,0.010702166007831693,10.84290199901443,0.4249831303052462,2482153.0,7856.0,32.0,5000.0,True,False
8,28,17249435932721937444,SLH_DSA_PURE_SHA2_128S,0.1249328680569306,0.0014092109631747007,0.6286326410481706,0.0011268999660387635,0.010889903991483152,0.010969416005536914,10.798732777009718,0.43962952691563373,2482153.0,7856.0,32.0,5000.0,True,False
8,28,1066432568754644269,SLH_DSA_PURE_SHA2_128S,0.09696722205262631,0.001429219963029027,0.631701170001179,0.0010999130317941308,0.010859386064112186,0.010902362992055714,11.01278622506652,0.47107835892279437,2482153.0,7856.0,32.0,5000.0,True,False
8,28,12961945203264587880,SLH_DSA_PURE_SHA2_128S,0.08507310505956411,0.002639533020555973,0.6384457170497626,0.001133288023993373,0.010722136939875782,0.010767408995889127,6.467658697045408,0.4414735562079082,2482153.0,7856.0,32.0,5000.0,True,False
8,28,970299637571900729,SLH_DSA_PURE_SHA2_128S,0.07703957008197904,0.0016075499588623643,0.6050869630416855,0.0011420699302107096,0.01070219709072262,0.010746788000687957,6.744613321963698,0.4377973435363572,2482153.0,7856.0,32.0,5000.0,True,False
8,29,10465933317568761486,SLH_DSA_PURE_SHA2_128S,0.08725760597735643,0.001776830991730094,0.6504002719884738,0.0011803499655798078,0.010893095983192325,0.010993812000378966,10.886628105072305,0.45157905714289776,2482153.0,7856.0,32.0,5000.0,True,False
8,29,12870646362421158009,SLH_DSA_PURE_SHA2_128S,0.15805837709922343,0.0019501249771565199,0.716763557982631,0.0013448740355670452,0.010686033987440169,0.010733800940215588,11.005453435936943,0.44322588639986366,2482153.0,7856.0,32.0,5000.0,True,False
8,29,1045670938867336623,SLH_DSA_PURE_SHA2_128S,0.08508163003716618,0.0018760970560833812,0.6373049169778824,0.0011547349859029055,0.010726848966442049,0.010775835020467639,11.10521319101099,0.4371757430326977,2482153.0,7856.0,32.0,5000.0,True,False
8,29,11957910201187820555,SLH_DSA_PURE_SHA2_128S,0.09479432599619031,0.0013621840626001358,0.652821189025417,0.001072205021046102,0.010723697021603584,0.010768880951218307,11.311903149005957,0.4227775569803491,2482153.0,7856.0,32.0,5000.0,True,False
8,29,15533338156003854749,SLH_DSA_PURE_SHA2_128S,0.08796409494243562,0.0014796300092712045,0.6573538010707125,0.001083511975593865,0.010714818956330419,0.010761228972114623,10.901072134962305,0.4556577258452678,2482153.0,7856.0,32.0,5000.0,True,False
8,29,10495627537916658538,SLH_DSA_PURE_SHA2_128S,0.08656057599000633,0.0021604610374197364,0.6373684060527012,0.0013681009877473116,0.01086853293236345,0.01091782609000802,10.77757253299933,0.4014266035193281,2482153.0,7856.0,32.0,5000.0,True,False
8,29,17249435932721937444,SLH_DSA_PURE_SHA2_128S,0.08521201100666076,0.0018431420903652906,0.7121135310735554,0.0011106390738859773,0.011099815950728953,0.011182787944562733,10.64077981095761,0.4385447216214268,2482153.0,7856.0,32.0,5000.0,True,False
8,29,1066432568754644269,SLH_DSA_PURE_SHA2_128S,0.07992426899727434,0.0013674360234290361,0.6294852290302515,0.0010638260282576084,0.010716994991526008,0.010762630961835384,11.066304330015555,0.4537215793481583,2482153.0,7856.0,32.0,5000.0,True,False
8,29,12961945203264587880,SLH_DSA_PURE_SHA2_128S,0.08467749902047217,0.00197051209397614,0.6110589249292389,0.0010886209784075618,0.010777940973639488,0.010825420962646604,6.781660292064771,0.4390635222410131,2482153.0,7856.0,32.0,5000.0,True,False
8,29,970299637571900729,SLH_DSA_PURE_SHA2_128S,0.07657764805480838,0.0013825059868395329,0.6096764940302819,0.0013443370116874576,0.010733533999882638,0.010780895943753421,6.638329104986042,0.41901368022581953,2482153.0,7856.0,32.0,5000.0,True,False
8,30,12870646362421158009,SLH_DSA_PURE_SHA2_128S,0.11397245398256928,0.0016990320291370153,0.6551037849858403,0.0012264379765838385,0.010856976034119725,0.010947042028419673,10.916718545020558,0.39377564951706273,2482153.0,7856.0,32.0,5000.0,True,False
8,30,10465933317568761486,SLH_DSA_PURE_SHA2_128S,0.0889963119989261,0.0019207190489396453,0.641072254977189,0.0010960049694404006,0.010822530020959675,0.010870666010305285,10.974865808035247,0.4023162356405786,2482153.0,7856.0,32.0,5000.0,True,False
8,30,11957910201187820555,SLH_DSA_PURE_SHA2_128S,0.08423651393968612,0.0015110709937289357,0.6544484809273854,0.0011262409389019012,0.01071846904233098,0.010769211105071008,11.156974527053535,0.3945792833592292,2482153.0,7856.0,32.0,5000.0,True,False
8,30,1045670938867336623,SLH_DSA_PURE_SHA2_128S,0.08037081698421389,0.0013655730290338397,0.6698530110297725,0.0010994949843734503,0.010661251028068364,0.010709256981499493,11.234593985951506,0.4139152804692128,2482153.0,7856.0,32.0,5000.0,True,False
8,30,15533338156003854749,SLH_DSA_PURE_SHA2_128S,0.14128468895796686,0.002457409049384296,0.7203527489909902,0.0011613710084930062,0.010638242005370557,0.010696131968870759,10.826281279907562,0.44868164819184764,2482153.0,7856.0,32.0,5000.0,True,False
8,30,17249435932721937444,SLH_DSA_PURE_SHA2_128S,0.15228486608248204,0.001446117996238172,0.6290536199230701,0.0011123609729111195,0.010645915986970067,0.010694699012674391,10.89814322500024,0.42880975719612496,2482153.0,7856.0,32.0,5000.0,True,False
8,30,1066432568754644269,SLH_DSA_PURE_SHA2_128S,0.17100642097648233,0.0017169660422950983,0.6585021950304508,0.0011514369398355484,0.010889379074797034,0.01097070798277855,11.154573801904917,0.4364374193131544,2482153.0,7856.0,32.0,5000.0,True,False
8,30,10495627537916658538,SLH_DSA_PURE_SHA2_128S,0.07925502699799836,0.001354873995296657,0.6305868489434943,0.0011291259434074163,0.010759457014501095,0.01080768194515258,11.052182893967256,0.38836242620993383,2482153.0,7856.0,32.0,5000.0,True,False
8,30,12961945203264587880,SLH_DSA_PURE_SHA2_128S,0.08474715996999294,0.0016267949249595404,0.6315635590581223,0.0011415759800001979,0.010736477910540998,0.010785799939185381,6.648699668003246,0.43099154013499713,2482153.0,7856.0,32.0,5000.0,True,False
8,30,970299637571900729,SLH_DSA_PURE_SHA2_128S,0.07732670789118856,0.0013602670514956117,0.6040297909639776,0.0011050890898332,0.0106914930511266,0.010740231024101377,6.5984681729460135,0.3904775937686965,2482153.0,7856.0,32.0,5000.0,True,False
9,1,11875144584809795652,SLH_DSA_PURE_SHA2_128S,0.177126681082882,0.0026759720640257,0.861093758023344,0.0011017959332093596,0.01080111600458622,0.01093121594749391,10.68136536097154,1.99302922768198,2482153.0,7856.0,32.0,5000.0,True,False
9,1,14812767763146832924,SLH_DSA_PURE_SHA2_128S,0.08827914297580719,0.0016479219775646925,0.6669692479772493,0.0011610579676926136,0.010873215040192008,0.010924956062808633,11.001249258057214,1.998978380944319,2482153.0,7856.0,32.0,5000.0,True,False
9,1,762023862995180841,SLH_DSA_PURE_SHA2_128S,0.15610924107022583,0.0016592229949310422,0.630759343970567,0.0011875730706378818,0.011102028074674308,0.011147683020681143,10.720818766043521,2.0517616985709806,2482153.0,7856.0,32.0,5000.0,True,False
9,1,14802417346319398417,SLH_DSA_PURE_SHA2_128S,0.08107627602294087,0.0014461129903793335,0.6383149480680004,0.001147422008216381,0.01087650004774332,0.010927327908575535,10.78673155605793,2.0764400343986074,2482153.0,7856.0,32.0,5000.0,True,False
9,1,5633997548324197904,SLH_DSA_PURE_SHA2_128S,0.16672559594735503,0.003514173091389239,0.6655123780947179,0.0011413979809731245,0.01093970995862037,0.011016826960258186,10.60618992394302,1.991602069253375,2482153.0,7856.0,32.0,5000.0,True,False
9,1,10213042587872667676,SLH_DSA_PURE_SHA2_128S,0.1779653549892828,0.0022843070328235626,0.8391739560756832,0.0011456740321591496,0.010945778922177851,0.010997170000337064,10.917376457946375,2.0375547507765948,2482153.0,7856.0,32.0,5000.0,True,False
9,1,6793478778894551190,SLH_DSA_PURE_SHA2_128S,0.08947584207635373,0.0013846560614183545,0.6335162780014798,0.0011573779629543424,0.011061870958656073,0.01111131499055773,10.761295735021122,1.9884057956136716,2482153.0,7856.0,32.0,5000.0,True,False
9,1,917722005680292550,SLH_DSA_PURE_SHA2_128S,0.11444540310185403,0.0014440900413319468,0.6317091609816998,0.0012727760476991534,0.01091237599030137,0.010975552955642343,10.947869195020758,2.0690942053582257,2482153.0,7856.0,32.0,5000.0,True,False
9,1,8885472755183921033,SLH_DSA_PURE_SHA2_128S,0.08523614890873432,0.0017194460378959775,0.6199042779626325,0.0011444070842117071,0.010699423030018806,0.010741924052126706,6.259963467018679,2.0033821224407027,2482153.0,7856.0,32.0,5000.0,True,False
9,1,11634216209402568716,SLH_DSA_PURE_SHA2_128S,0.07796933699864894,0.001457071048207581,0.6099379520164803,0.00109215104021132,0.011096496949903667,0.01114314899314195,6.179480714024976,2.0103482623009166,2482153.0,7856.0,32.0,5000.0,True,False
9,2,762023862995180841,SLH_DSA_PURE_SHA2_128S,0.16593680705409497,0.003176435944624245,0.7258164969971403,0.0010859069880098104,0.010800053016282618,0.010889525059610605,10.782873025978915,1.7644869696562457,2482153.0,7856.0,32.0,5000.0,True,False
9,2,14812767763146832924,SLH_DSA_PURE_SHA2_128S,0.07897429703734815,0.0013934050220996141,0.6419574050232768,0.0010879189940169454,0.010908530908636749,0.010957594029605389,11.096376782981679,1.7913679742509392,2482153.0,7856.0,32.0,5000.0,True,False
9,2,11875144584809795652,SLH_DSA_PURE_SHA2_128S,0.18678467103745788,0.0016707159811630845,0.6715009030885994,0.0011814329773187637,0.010753978043794632,0.010801478987559676,10.85164693405386,1.7696588768321238,2482153.0,7856.0,32.0,5000.0,True,False
9,2,14802417346319398417,SLH_DSA_PURE_SHA2_128S,0.08099050703458488,0.0013764710165560246,0.6348499949090183,0.0011089090257883072,0.011223122011870146,0.01126854307949543,11.033967057010159,1.7558776443930948,2482153.0,7856.0,32.0,5000.0,True,False
9,2,5633997548324197904,SLH_DSA_PURE_SHA2_128S,0.10662112000863999,0.0018840200500562787,0.638918110053055,0.0011971959611400962,0.0108791469829157,0.01092600601259619,10.983470207080245,1.7620143571477027,2482153.0,7856.0,32.0,5000.0,True,False
9,2,10213042587872667676,SLH_DSA_PURE_SHA2_128S,0.08095826604403555,0.001329274964518845,0.6348138910252601,0.0010751140071079135,0.010843651951290667,0.010890812030993402,11.275518047972582,1.777565401830491,2482153.0,7856.0,32.0,5000.0,True,False
9,2,917722005680292550,SLH_DSA_PURE_SHA2_128S,0.16012501902878284,0.0017463699914515018,0.6401755050756037,0.0011213569669052958,0.01084339793305844,0.010923092951998115,10.886439086054452,1.7716811014588472,2482153.0,7856.0,32.0,5000.0,True,False
9,2,6793478778894551190,SLH_DSA_PURE_SHA2_128S,0.08555268810596317,0.0018204220104962587,0.631385789019987,0.0011301439953967929,0.010762011050246656,0.010816449066624045,10.918460265966132,1.7466387680381725,2482153.0,7856.0,32.0,5000.0,True,False
9,2,11634216209402568716,SLH_DSA_PURE_SHA2_128S,0.08455396397039294,0.0028031570836901665,0.6225377360824496,0.0011680900352075696,0.010759347002021968,0.010809011990204453,6.03102323692292,1.778891911931858,2482153.0,7856.0,32.0,5000.0,True,False
9,2,8885472755183921033,SLH_DSA_PURE_SHA2_128S,0.07784789195284247,0.0013473189901560545,0.6069765370339155,0.001147520961239934,0.010758596006780863,0.010806508013047278,6.279479686985724,1.7697183971951722,2482153.0,7856.0,32.0,5000.0,True,False
9,3,14812767763146832924,SLH_DSA_PURE_SHA2_128S,0.08634280506521463,0.0019590510055422783,0.6404566559940577,0.0011149289784952998,0.010771341971121728,0.010860737995244563,10.70031799795106,1.619992391319032,2482153.0,7856.0,32.0,5000.0,True,False
9,3,14802417346319398417,SLH_DSA_PURE_SHA2_128S,0.0868418620666489,0.0014596210094168782,0.6413378870347515,0.0012931369710713625,0.010795067995786667,0.010846936027519405,10.70187116600573,1.5888524313641201,2482153.0,7856.0,32.0,5000.0,True,False
9,3,762023862995180841,SLH_DSA_PURE_SHA2_128S,0.08174394501838833,0.0014796099858358502,0.6298123969463632,0.0012479739962145686,0.0108642119448632,0.010916513972915709,10.902757122996263,1.6007380310896855,2482153.0,7856.0,32.0,5000.0,True,False
9,3,11875144584809795652,SLH_DSA_PURE_SHA2_128S,0.07986712094862014,0.0013985119294375181,0.6781548440922052,0.0010857979068532586,0.010688198963180184,0.010737269069068134,10.91102498001419,1.5594780969012314,2482153.0,7856.0,32.0,5000.0,True,False
9,3,10213042587872667676,SLH_DSA_PURE_SHA2_128S,0.09970509901177138,0.0016423079650849104,0.6507159830071032,0.0011112070642411709,0.010785418911837041,0.010836626985110343,10.831983905984089,1.6051991570527386,2482153.0,7856.0,32.0,5000.0,True,False
9,3,5633997548324197904,SLH_DSA_PURE_SHA2_128S,0.1513440510025248,0.0032694480614736676,0.6515904730185866,0.0013202789705246687,0.01064679492264986,0.010715758078731596,10.878617031965405,1.5984593090737702,2482153.0,7856.0,32.0,5000.0,True,False
9,3,917722005680292550,SLH_DSA_PURE_SHA2_128S,0.08487478003371507,0.0014797969488427043,0.6533567450242117,0.001168463029898703,0.010709239984862506,0.01079336297698319,10.866312472964637,1.6269414159143047,2482153.0,7856.0,32.0,5000.0,True,False
9,3,6793478778894551190,SLH_DSA_PURE_SHA2_128S,0.08012093196157366,0.0013780980370938778,0.6273715989664197,0.0010923820082098246,0.010938230087049305,0.010989840957336128,10.941926580970176,1.6231151249757998,2482153.0,7856.0,32.0,5000.0,True,False
9,3,8885472755183921033,SLH_DSA_PURE_SHA2_128S,0.08441188000142574,0.001676536980085075,0.6105741169303656,0.0012903109891340137,0.0109780099010095,0.011031233007088304,6.271534519037232,1.5938114755472559,2482153.0,7856.0,32.0,5000.0,True,False
9,3,11634216209402568716,SLH_DSA_PURE_SHA2_128S,0.07773195300251245,0.0013776050182059407,0.6127564150374383,0.001108780037611723,0.010773294954560697,0.010830956976860762,6.286160453921184,1.610225660785748,2482153.0,7856.0,32.0,5000.0,True,False
9,4,14802417346319398417,SLH_DSA_PURE_SHA2_128S,0.12141157500445843,0.0019982130033895373,0.6351981449406594,0.0014727999223396182,0.02296367601957172,0.023066389025188982,10.843782721087337,1.4806846554871578,2482153.0,7856.0,32.0,5000.0,True,False
9,4,11875144584809795652,SLH_DSA_PURE_SHA2_128S,0.08323052595369518,0.0014771190471947193,0.627277621999383,0.0013688059989362955,0.010893251979723573,0.010938437888398767,10.960753296036273,1.452452449661911,2482153.0,7856.0,32.0,5000.0,True,False
9,4,14812767763146832924,SLH_DSA_PURE_SHA2_128S,0.08036765700671822,0.0013853779528290033,0.6326124930055812,0.0014777890173718333,0.010862336959689856,0.010910397046245635,11.014389826916158,1.4902705231289954,2482153.0,7856.0,32.0,5000.0,True,False
9,4,762023862995180841,SLH_DSA_PURE_SHA2_128S,0.08123855001758784,0.0013708689948543906,0.6327188409632072,0.0011348379775881767,0.010801111930049956,0.010849338956177235,10.997122549102642,1.4811424146032637,2482153.0,7856.0,32.0,5000.0,True,False
9,4,917722005680292550,SLH_DSA_PURE_SHA2_128S,0.08697855996433645,0.0019514240557327867,0.6342526510125026,0.0014061459805816412,0.010913403006270528,0.010962015017867088,10.614420084049925,1.5074748605679555,2482153.0,7856.0,32.0,5000.0,True,False
9,4,5633997548324197904,SLH_DSA_PURE_SHA2_128S,0.11526715289801359,0.001415496924892068,0.6283627249067649,0.00114368402864784,0.010998063953593373,0.01105455996003002,10.81709386606235,1.4866262605995129,2482153.0,7856.0,32.0,5000.0,True,False
9,4,6793478778894551190,SLH_DSA_PURE_SHA2_128S,0.16347554000094533,0.0017929080640897155,0.6593280870001763,0.0013976470800116658,0.011043059988878667,0.011129694990813732,10.646604222012684,1.514331106926985,2482153.0,7856.0,32.0,5000.0,True,False
9,4,10213042587872667676,SLH_DSA_PURE_SHA2_128S,0.09492667799349874,0.001393341924995184,0.6295508380280808,0.0015018689446151257,0.01106104301288724,0.011130917933769524,10.97757709491998,1.4927460190596853,2482153.0,7856.0,32.0,5000.0,True,False
9,4,8885472755183921033,SLH_DSA_PURE_SHA2_128S,0.0847028560237959,0.001495910924859345,0.6213055329862982,0.0013402350014075637,0.012436500983312726,0.012493543908931315,6.190311117912643,1.489743339787623,2482153.0,7856.0,32.0,5000.0,True,False
9,4,11634216209402568716,SLH_DSA_PURE_SHA2_128S,0.07700686098542064,0.0014710769755765796,0.634567114058882,0.0014179920544847846,0.01092176092788577,0.0109661869937554,6.2366090710274875,1.4684992937525367,2482153.0,7856.0,32.0,5000.0,True,False
9,5,14812767763146832924,SLH_DSA_PURE_SHA2_128S,0.10884763591457158,0.0016064330702647567,0.6331585280131549,0.0013010200345888734,0.011278153979219496,0.01135632093064487,10.838083905982785,1.4050170612183346,2482153.0,7856.0,32.0,5000.0,True,False
9,5,762023862995180841,SLH_DSA_PURE_SHA2_128S,0.11836015607696027,0.0015005680033937097,0.6299198209308088,0.0012346929870545864,0.011181240086443722,0.011228551040403545,10.793751289951615,1.4028740293660742,2482153.0,7856.0,32.0,5000.0,True,False
9,5,14802417346319398417,SLH_DSA_PURE_SHA2_128S,0.08525177196133882,0.0017075029900297523,0.6530680879950523,0.0012060459703207016,0.010864821029826999,0.010912925936281681,10.868772901943885,1.4019842648961742,2482153.0,7856.0,32.0,5000.0,True,False
9,5,11875144584809795652,SLH_DSA_PURE_SHA2_128S,0.0802586890058592,0.001419626991264522,0.6346474610036239,0.0012512379325926304,0.01137505506630987,0.01143456099089235,10.902411918039434,1.3813636773710798,2482153.0,7856.0,32.0,5000.0,True,False
9,5,5633997548324197904,SLH_DSA_PURE_SHA2_128S,0.08712688600644469,0.0025606710696592927,0.6450128700817004,0.0014234550762921572,0.011157640023157,0.011208303039893508,10.716682895086706,1.3807590600031956,2482153.0,7856.0,32.0,5000.0,True,False
9,5,10213042587872667676,SLH_DSA_PURE_SHA2_128S,0.08679336006753147,0.0017310589319095016,0.634339013020508,0.0011965871090069413,0.011107617989182472,0.011154170031659305,10.87733347399626,1.4051198834066938,2482153.0,7856.0,32.0,5000.0,True,False
9,5,6793478778894551190,SLH_DSA_PURE_SHA2_128S,0.07975034997798502,0.001456493977457285,0.6292767459526658,0.001149252988398075,0.01110998005606234,0.011189341079443693,10.907877934980206,1.4169150788313265,2482153.0,7856.0,32.0,5000.0,True,False
9,5,917722005680292550,SLH_DSA_PURE_SHA2_128S,0.08027317794039845,0.001341656083241105,0.6332854400388896,0.0011981240240857005,0.011108770035207272,0.011155687039718032,10.971453823032789,1.3885529561407248,2482153.0,7856.0,32.0,5000.0,True,False
9,5,11634216209402568716,SLH_DSA_PURE_SHA2_128S,0.07703279296401888,0.0014696749858558178,0.6595616689883173,0.0011495660291984677,0.011100600007921457,0.011148505960591137,6.023196770926006,1.363267293781232,2482153.0,7856.0,32.0,5000.0,True,False
9,5,8885472755183921033,SLH_DSA_PURE_SHA2_128S,0.0846802219748497,0.0014974740333855152,0.6590262540848926,0.0011845800327137113,0.01098171598277986,0.011027787928469479,6.078775763977319,1.3715656657887112,2482153.0,7856.0,32.0,5000.0,True,False
9,6,14812767763146832924,SLH_DSA_PURE_SHA2_128S,0.08135677000973374,0.0013631409965455532,0.6291352279949933,0.0011495350627228618,0.011062541976571083,0.01114892098121345,10.809477425995283,1.3224722708866095,2482153.0,7856.0,32.0,5000.0,True,False
9,6,11875144584809795652,SLH_DSA_PURE_SHA2_128S,0.09949236607644707,0.0014943579444661736,0.6281821259763092,0.0011913650669157505,0.011081452947109938,0.011139302980154753,10.774057199945673,1.3024760792209844,2482153.0,7856.0,32.0,5000.0,True,False
9,6,762023862995180841,SLH_DSA_PURE_SHA2_128S,0.10322982305660844,0.0013572110328823328,0.6320350570604205,0.0011146680917590857,0.01105257892049849,0.011096521047875285,10.807911872048862,1.3300406629112875,2482153.0,7856.0,32.0,5000.0,True,False
9,6,14802417346319398417,SLH_DSA_PURE_SHA2_128S,0.0962466869968921,0.0013984200777485967,0.6337959530064836,0.0011758549371734262,0.011136868968605995,0.011184670962393284,10.824812241015024,1.2951567021145183,2482153.0,7856.0,32.0,5000.0,True,False
9,6,10213042587872667676,SLH_DSA_PURE_SHA2_128S,0.08678862091619521,0.001981000998057425,0.6393864409765229,0.00111998594366014,0.010890407022088766,0.010934135993011296,10.842235137941316,1.3266873052165766,2482153.0,7856.0,32.0,5000.0,True,False
9,6,917722005680292550,SLH_DSA_PURE_SHA2_128S,0.08506924903485924,0.0017783439252525568,0.6316792969591916,0.001208365079946816,0.010890902020037174,0.010938226012513041,10.81315998302307,1.30333115454692,2482153.0,7856.0,32.0,5000.0,True,False
9,6,5633997548324197904,SLH_DSA_PURE_SHA2_128S,0.16356500599067658,0.0020949249155819416,0.6303813989507034,0.00112021598033607,0.011054376023821533,0.01112903596367687,10.862277750042267,1.2884628013440758,2482153.0,7856.0,32.0,5000.0,True,False
9,6,6793478778894551190,SLH_DSA_PURE_SHA2_128S,0.0814808519789949,0.0014236679999157786,0.6617503459565341,0.0012489981018006802,0.011162077076733112,0.011209753109142184,10.962997521972284,1.301050085930308,2482153.0,7856.0,32.0,5000.0,True,False
9,6,11634216209402568716,SLH_DSA_PURE_SHA2_128S,0.08523297507781535,0.0024781100219115615,0.6633892699610442,0.0011377870105206966,0.010888641001656651,0.01093289302662015,6.096299506025389,1.2652591428938944,2482153.0,7856.0,32.0,5000.0,True,False
9,6,8885472755183921033,SLH_DSA_PURE_SHA2_128S,0.07859035406727344,0.0015210090205073357,0.620579223963432,0.0011988289188593626,0.011015506112016737,0.011065893922932446,6.305474882014096,1.2954369335417535,2482153.0,7856.0,32.0,5000.0,True,False
9,7,762023862995180841,SLH_DSA_PURE_SHA2_128S,0.14715530700050294,0.002106990898028016,0.6620410970645025,0.0011219460284337401,0.01146286295261234,0.011556437006220222,10.678302160929888,1.2570277255052213,2482153.0,7856.0,32.0,5000.0,True,False
9,7,14812767763146832924,SLH_DSA_PURE_SHA2_128S,0.13373204099480063,0.0014100029366090894,0.630352161009796,0.0014857019996270537,0.01114128006156534,0.01120133197400719,10.882922695949674,1.2484992507157053,2482153.0,7856.0,32.0,5000.0,True,False
9,7,14802417346319398417,SLH_DSA_PURE_SHA2_128S,0.07974653202109039,0.0013997080968692899,0.6310331500135362,0.0013366399798542261,0.011283616069704294,0.011339714983478189,10.992092735948972,1.2351510570307447,2482153.0,7856.0,32.0,5000.0,True,False
9,7,11875144584809795652,SLH_DSA_PURE_SHA2_128S,0.08312325191218406,0.0015403180150315166,0.6297627639723942,0.0013567040441557765,0.011051611974835396,0.011115876957774162,10.931057548034005,1.2059737937465596,2482153.0,7856.0,32.0,5000.0,True,False
9,7,6793478778894551190,SLH_DSA_PURE_SHA2_128S,0.08747432800009847,0.001581797027029097,0.6336316140368581,0.0013508968986570835,0.01112605503294617,0.011204053997062147,10.619305972009897,1.2399008843549497,2482153.0,7856.0,32.0,5000.0,True,False
9,7,10213042587872667676,SLH_DSA_PURE_SHA2_128S,0.13113155297469348,0.004502394003793597,0.8377272440120578,0.001332491054199636,0.010899065062403679,0.010954641038551927,10.752783190924674,1.2529483426148724,2482153.0,7856.0,32.0,5000.0,True,False
9,7,5633997548324197904,SLH_DSA_PURE_SHA2_128S,0.07857628597412258,0.0014312629355117679,0.6297268000198528,0.0012829670449718833,0.01081821508705616,0.010915092076174915,10.811292091966607,1.2129784302347024,2482153.0,7856.0,32.0,5000.0,True,False
9,7,917722005680292550,SLH_DSA_PURE_SHA2_128S,0.18152986792847514,0.0016567030688747764,0.6610860959626734,0.0014456240460276604,0.01106379204429686,0.011150732054375112,10.732098508975469,1.2225318311885665,2482153.0,7856.0,32.0,5000.0,True,False
9,7,11634216209402568716,SLH_DSA_PURE_SHA2_128S,0.0778306620195508,0.0014702948974445462,0.6340174759970978,0.0013286210596561432,0.011100187082774937,0.011157450964674354,6.219881972996518,1.1917957352225188,2482153.0,7856.0,32.0,5000.0,True,False
9,7,8885472755183921033,SLH_DSA_PURE_SHA2_128S,0.08416632295120507,0.0014399170177057385,0.6230962409172207,0.0013134690234437585,0.010940506937913597,0.01099669502582401,6.206615266972221,1.2321114266753956,2482153.0,7856.0,32.0,5000.0,True,False
9,8,14802417346319398417,SLH_DSA_PURE_SHA2_128S,0.08673761202953756,0.0016509839333593845,0.6324335959507152,0.0012346709845587611,0.010978718986734748,0.011056995019316673,10.751982482033782,1.1561891952897334,2482153.0,7856.0,32.0,5000.0,True,False
9,8,762023862995180841,SLH_DSA_PURE_SHA2_128S,0.08159643597900867,0.0013940490316599607,0.6351349119795486,0.0010854169959202409,0.010920354048721492,0.010962286032736301,10.871497190091759,1.17190048193476,2482153.0,7856.0,32.0,5000.0,True,False
9,8,11875144584809795652,SLH_DSA_PURE_SHA2_128S,0.10864143900107592,0.0014976579695940018,0.6486049260711297,0.0011807630071416497,0.010731083108112216,0.010770588065497577,10.822918015066534,1.1437382409527044,2482153.0,7856.0,32.0,5000.0,True,False
9,8,14812767763146832924,SLH_DSA_PURE_SHA2_128S,0.07966557203326374,0.001412327983416617,0.6519101170124486,0.0011036599753424525,0.010924085974693298,0.010968036018311977,10.878718852996826,1.1868756720974187,2482153.0,7856.0,32.0,5000.0,True,False
9,8,10213042587872667676,SLH_DSA_PURE_SHA2_128S,0.14242593792732805,0.0022705589653924108,0.6857841609744355,0.0012070740340277553,0.010813976055942476,0.010855722008273005,10.888011876028031,1.161991878299956,2482153.0,7856.0,32.0,5000.0,True,False
9,8,5633997548324197904,SLH_DSA_PURE_SHA2_128S,0.08579309505876154,0.0016921820351853967,0.6424064049497247,0.0011625359766185284,0.01097490405663848,0.011019755038432777,10.74879720597528,1.1573162352203563,2482153.0,7856.0,32.0,5000.0,True,False
9,8,6793478778894551190,SLH_DSA_PURE_SHA2_128S,0.10364090302027762,0.0014511978952214122,0.6289165230700746,0.0011841329978778958,0.010929653071798384,0.011009290930815041,10.87330935895443,1.1870448885449938,2482153.0,7856.0,32.0,5000.0,True,False
9,8,917722005680292550,SLH_DSA_PURE_SHA2_128S,0.0801620710408315,0.001431465963833034,0.6322172021027654,0.0011544550070539117,0.011269585927948356,0.011313123046420515,10.992326389998198,1.161149682892356,2482153.0,7856.0,32.0,5000.0,True,False
9,8,11634216209402568716,SLH_DSA_PURE_SHA2_128S,0.08549540501553565,0.001738755963742733,0.6318575360346586,0.0012088320218026638,0.010829677921719849,0.010874739033170044,6.168928949977271,1.1229813144465162,2482153.0,7856.0,32.0,5000.0,True,False
9,8,8885472755183921033,SLH_DSA_PURE_SHA2_128S,0.07958111306652427,0.0013846569927409291,0.6196783790364861,0.0011155609972774982,0.010900528985075653,0.010945537011139095,6.407143600052223,1.1460250600887711,2482153.0,7856.0,32.0,5000.0,True,False
9,9,14812767763146832924,SLH_DSA_PURE_SHA2_128S,0.08702252293005586,0.0029561930568888783,0.634464546921663,0.0011250060051679611,0.010914277983829379,0.011005873908288777,10.853843242046423,1.1179518270644413,2482153.0,7856.0,32.0,5000.0,True,False
9,9,11875144584809795652,SLH_DSA_PURE_SHA2_128S,0.13592065800912678,0.0014143489534035325,0.6284848969662562,0.001135531929321587,0.01093754405155778,0.010990430950187147,10.923270319937728,1.0861404697606518,2482153.0,7856.0,32.0,5000.0,True,False
9,9,14802417346319398417,SLH_DSA_PURE_SHA2_128S,0.08424042898695916,0.001507110078819096,0.6323661759961396,0.0010934360325336456,0.010807955986820161,0.010853984043933451,10.96965989493765,1.0981218926845842,2482153.0,7856.0,32.0,5000.0,True,False
9,9,762023862995180841,SLH_DSA_PURE_SHA2_128S,0.08001918497029692,0.0013918979093432426,0.6342447409406304,0.0011685070348903537,0.010885103023611009,0.010935467085801065,11.043722998932935,1.1016978978351424,2482153.0,7856.0,32.0,5000.0,True,False
9,9,10213042587872667676,SLH_DSA_PURE_SHA2_128S,0.08570025209337473,0.001719451043754816,0.6463610220234841,0.0010919369524344802,0.010742994956672192,0.01078886294271797,11.00991837901529,1.0954665017735428,2482153.0,7856.0,32.0,5000.0,True,False
9,9,5633997548324197904,SLH_DSA_PURE_SHA2_128S,0.161846146103926,0.0017737260786816478,0.7196148629300296,0.0011643129400908947,0.010761810932308435,0.010809762054122984,10.819522454054095,1.080139337831242,2482153.0,7856.0,32.0,5000.0,True,False
9,9,917722005680292550,SLH_DSA_PURE_SHA2_128S,0.08570545201655477,0.0016717449761927128,0.6446880939183757,0.0011052389163523912,0.010932691977359354,0.011014148010872304,10.82672968506813,1.101356564054064,2482153.0,7856.0,32.0,5000.0,True,False
9,9,6793478778894551190,SLH_DSA_PURE_SHA2_128S,0.07945401791948825,0.001370553974993527,0.6297595789656043,0.0011047829175367951,0.01075199106708169,0.010799341951496899,11.083576029050164,1.1183247592798464,2482153.0,7856.0,32.0,5000.0,True,False
9,9,8885472755183921033,SLH_DSA_PURE_SHA2_128S,0.0858081589685753,0.0020492899930104613,0.6347708429675549,0.0011004850966855884,0.010809205006808043,0.010855140979401767,6.5186225230572745,1.0922779387729182,2482153.0,7856.0,32.0,5000.0,True,False
9,9,11634216209402568716,SLH_DSA_PURE_SHA2_128S,0.09934663400053978,0.0014895580243319273,0.6120751100825146,0.0012148889945819974,0.010746411047875881,0.01079495600424707,6.644150426029228,1.064568795975606,2482153.0,7856.0,32.0,5000.0,True,False
9,10,762023862995180841,SLH_DSA_PURE_SHA2_128S,0.1481556020444259,0.0027787720318883657,0.7041945770615712,0.0011328470427542925,0.010803009965457022,0.010884036077186465,10.647888566949405,1.0486354562127667,2482153.0,7856.0,32.0,5000.0,True,False
9,10,11875144584809795652,SLH_DSA_PURE_SHA2_128S,0.08888501801993698,0.0016092120204120874,0.6327166189439595,0.0011015579802915454,0.01092439703643322,0.010977582074701786,10.857914621941745,1.0122688082373066,2482153.0,7856.0,32.0,5000.0,True,False
9,10,14802417346319398417,SLH_DSA_PURE_SHA2_128S,0.09948109602555633,0.0014185130130499601,0.630226957029663,0.001063146977685392,0.011065160972066224,0.01110697805415839,10.966456786030903,1.0477128598340757,2482153.0,7856.0,32.0,5000.0,True,False
9,10,14812767763146832924,SLH_DSA_PURE_SHA2_128S,0.11013576597906649,0.001366081996820867,0.6423899619840086,0.0011859829537570477,0.010786321945488453,0.010848975041881204,10.937793880002573,1.0511973967218096,2482153.0,7856.0,32.0,5000.0,True,False
9,10,10213042587872667676,SLH_DSA_PURE_SHA2_128S,0.15836751100141555,0.0023020930821076035,0.7810457650339231,0.0011681880569085479,0.010768097941763699,0.010812215972691774,10.68456126190722,1.0284365797118775,2482153.0,7856.0,32.0,5000.0,True,False
9,10,5633997548324197904,SLH_DSA_PURE_SHA2_128S,0.1880708480020985,0.0017542269779369235,0.6652191340690479,0.0011056400835514069,0.011115222005173564,0.01116472389549017,10.754644580068998,1.0210682550433334,2482153.0,7856.0,32.0,5000.0,True,False
9,10,917722005680292550,SLH_DSA_PURE_SHA2_128S,0.12771689402870834,0.0014728010864928365,0.6722022240282968,0.0011262439657002687,0.010811020038090646,0.010884602088481188,10.89681103208568,1.0407168257767987,2482153.0,7856.0,32.0,5000.0,True,False
9,10,6793478778894551190,SLH_DSA_PURE_SHA2_128S,0.0793472439981997,0.0014099039835855365,0.6335585960187018,0.0010837579611688852,0.0111545150866732,0.011205276940017939,10.961609403952025,1.0689699809262707,2482153.0,7856.0,32.0,5000.0,True,False
9,10,11634216209402568716,SLH_DSA_PURE_SHA2_128S,0.08556527690961957,0.0022373469546437263,0.6152567809913307,0.001273607020266354,0.011126538971439004,0.011174344923347235,6.573327395948581,1.0068551892307913,2482153.0,7856.0,32.0,5000.0,True,False
9,10,8885472755183921033,SLH_DSA_PURE_SHA2_128S,0.07691069901920855,0.0013840560568496585,0.6097890139790252,0.001097945962101221,0.010795785929076374,0.010845354059711099,6.824970367946662,1.0295003884157556,2482153.0,7856.0,32.0,5000.0,True,False
9,11,762023862995180841,SLH_DSA_PURE_SHA2_128S,0.0879094060510397,0.0026435409672558308,0.6468206349527463,0.0012423699954524636,0.010817261994816363,0.010917170089669526,10.634745994932018,0.9996927471677209,2482153.0,7856.0,32.0,5000.0,True,False
9,11,14802417346319398417,SLH_DSA_PURE_SHA2_128S,0.08469871792476624,0.001587462960742414,0.6353412690805271,0.0010821179021149874,0.010781625052914023,0.01082567498087883,10.79013490898069,0.9914082778487235,2482153.0,7856.0,32.0,5000.0,True,False
9,11,14812767763146832924,SLH_DSA_PURE_SHA2_128S,0.08521053194999695,0.0015542450128123164,0.638601977028884,0.0013470149133354425,0.010692537063732743,0.010751455905847251,10.797772715101019,1.0073286560690327,2482153.0,7856.0,32.0,5000.0,True,False
9,11,11875144584809795652,SLH_DSA_PURE_SHA2_128S,0.07971797208301723,0.0013805920025333762,0.7146279540611431,0.0010715110693126917,0.010743379942141473,0.010788649902679026,10.973951733089052,0.9720103417991832,2482153.0,7856.0,32.0,5000.0,True,False
9,11,5633997548324197904,SLH_DSA_PURE_SHA2_128S,0.08574338804464787,0.0016485759988427162,0.6403572720009834,0.001060236943885684,0.010876092012040317,0.010920790024101734,10.894691060995683,0.9720506706055562,2482153.0,7856.0,32.0,5000.0,True,False
9,11,10213042587872667676,SLH_DSA_PURE_SHA2_128S,0.15983725199475884,0.003533440991304815,0.7870726329274476,0.001165415975265205,0.010763227939605713,0.010809420957230031,10.89221721701324,0.9791185869153138,2482153.0,7856.0,32.0,5000.0,True,False
9,11,917722005680292550,SLH_DSA_PURE_SHA2_128S,0.1706644369987771,0.0014438169309869409,0.6325363229261711,0.0010643359273672104,0.010849347920157015,0.010926643037237227,10.93311766302213,0.9801140921131061,2482153.0,7856.0,32.0,5000.0,True,False
9,11,6793478778894551190,SLH_DSA_PURE_SHA2_128S,0.07955445605330169,0.0014016679488122463,0.6340137659572065,0.0013353390386328101,0.01118429098278284,0.011233110912144184,10.833160203997977,1.0103455918609716,2482153.0,7856.0,32.0,5000.0,True,False
9,11,8885472755183921033,SLH_DSA_PURE_SHA2_128S,0.08599259506445378,0.002597072976641357,0.6344530760543421,0.001073799910955131,0.010863529983907938,0.010911218938417733,6.447710133972578,0.980451481737149,2482153.0,7856.0,32.0,5000.0,True,False
9,11,11634216209402568716,SLH_DSA_PURE_SHA2_128S,0.07721687504090369,0.0012807310558855534,0.6055339319864288,0.0010463630314916372,0.011282191961072385,0.011519746971316636,6.732716853963211,0.9642089962199994,2482153.0,7856.0,32.0,5000.0,True,False
9,12,14812767763146832924,SLH_DSA_PURE_SHA2_128S,0.14959553896915168,0.0021055820398032665,0.6647609259234741,0.0010789659572765231,0.010764142964035273,0.010849197977222502,10.695136399008334,0.956413391099614,2482153.0,7856.0,32.0,5000.0,True,False
9,12,14802417346319398417,SLH_DSA_PURE_SHA2_128S,0.08460760395973921,0.0014472480397671461,0.6421639830805361,0.0011442829854786396,0.010900171007961035,0.010950102005153894,10.88154042698443,0.9346897761533215,2482153.0,7856.0,32.0,5000.0,True,False
9,12,762023862995180841,SLH_DSA_PURE_SHA2_128S,0.08560302504338324,0.0018941109301522374,0.629371814080514,0.0010933080920949578,0.01081470400094986,0.010860225069336593,10.8303053349955,0.9313083025300579,2482153.0,7856.0,32.0,5000.0,True,False
9,12,11875144584809795652,SLH_DSA_PURE_SHA2_128S,0.07999860506970435,0.0013970070285722613,0.6361672199564055,0.0011724019423127174,0.011014060932211578,0.011062901001423597,10.94811933604069,0.9273630669162531,2482153.0,7856.0,32.0,5000.0,True,False
9,12,10213042587872667676,SLH_DSA_PURE_SHA2_128S,0.15075703500770032,0.002382596954703331,0.711430351017043,0.0010829669190570712,0.010973657015711069,0.011020550969988108,10.901018042000942,0.9489995867583403,2482153.0,7856.0,32.0,5000.0,True,False
9,12,917722005680292550,SLH_DSA_PURE_SHA2_128S,0.13809197896625847,0.001800526981242001,0.636895201052539,0.0011050950270146132,0.010824625962413847,0.010875348001718521,10.810256847995333,0.9302789660016443,2482153.0,7856.0,32.0,5000.0,True,False
9,12,6793478778894551190,SLH_DSA_PURE_SHA2_128S,0.0925035789841786,0.0013258579419925809,0.6336482639890164,0.0011442620307207108,0.010780093958601356,0.010860365000553429,10.987852154998109,0.962155211313515,2482153.0,7856.0,32.0,5000.0,True,False
9,12,5633997548324197904,SLH_DSA_PURE_SHA2_128S,0.08801074197981507,0.0016693969955667853,0.7411130029940978,0.0010865069925785065,0.010628876043483615,0.010677175014279783,10.956077629001811,0.9326666481555648,2482153.0,7856.0,32.0,5000.0,True,False
9,12,8885472755183921033,SLH_DSA_PURE_SHA2_128S,0.08531360002234578,0.001604443066753447,0.6440978540340438,0.0011567610781639814,0.010711927083320916,0.010759650031104684,6.50316148402635,0.9438942205754055,2482153.0,7856.0,32.0,5000.0,True,False
9,12,11634216209402568716,SLH_DSA_PURE_SHA2_128S,0.07700087805278599,0.0013605209533125162,0.6056311130523682,0.001084981020539999,0.011095328954979777,0.011144776013679802,6.915904546971433,0.9044176788087104,2482153.0,7856.0,32.0,5000.0,True,False
9,13,762023862995180841,SLH_DSA_PURE_SHA2_128S,0.08851762500125915,0.0021003830479457974,0.6540772980079055,0.0013405430363491178,0.010911380057223141,0.01103766297455877,10.798694203025661,0.8941766807607784,2482153.0,7856.0,32.0,5000.0,True,False
9,13,11875144584809795652,SLH_DSA_PURE_SHA2_128S,0.08583413599990308,0.0016214989591389894,0.6330063689965755,0.001226373016834259,0.010743213933892548,0.010789265972562134,11.026505504036322,0.8856340010834348,2482153.0,7856.0,32.0,5000.0,True,False
9,13,14802417346319398417,SLH_DSA_PURE_SHA2_128S,0.07980064698494971,0.0013694650260731578,0.6320102099562064,0.0013730849605053663,0.010815114015713334,0.010862267925404012,11.190956135978922,0.8907555903598761,2482153.0,7856.0,32.0,5000.0,True,False
9,13,14812767763146832924,SLH_DSA_PURE_SHA2_128S,0.08577448397409171,0.0015205539530143142,0.6332608240190893,0.001058480003848672,0.010656501050107181,0.010744195082224905,11.111993841012008,0.9318351409617504,2482153.0,7856.0,32.0,5000.0,True,False
9,13,10213042587872667676,SLH_DSA_PURE_SHA2_128S,0.1315095090540126,0.0015552310505881906,0.6433913459768519,0.0010935040190815926,0.010786273051053286,0.010831510997377336,11.016820161021315,0.9054395298289645,2482153.0,7856.0,32.0,5000.0,True,False
9,13,5633997548324197904,SLH_DSA_PURE_SHA2_128S,0.08419935894198716,0.0015726200072094798,0.637696600984782,0.001384502975270152,0.010696041979826987,0.010740495985373855,10.859262775047682,0.8751755332111553,2482153.0,7856.0,32.0,5000.0,True,False
9,13,917722005680292550,SLH_DSA_PURE_SHA2_128S,0.1624231489840895,0.002769918995909393,0.6962806090014055,0.0010758559219539165,0.01123122894205153,0.011308640940114856,10.738763323053718,0.8891627486724003,2482153.0,7856.0,32.0,5000.0,True,False
9,13,6793478778894551190,SLH_DSA_PURE_SHA2_128S,0.11462405300699174,0.0013423210475593805,0.6650586739415303,0.0010868340032175183,0.011360881035216153,0.011408774997107685,10.853453786927275,0.9268533437495019,2482153.0,7856.0,32.0,5000.0,True,False
9,13,11634216209402568716,SLH_DSA_PURE_SHA2_128S,0.08548451296519488,0.0022900180192664266,0.6275527200195938,0.00140559789724648,0.010734383948147297,0.01078219199553132,6.377408161992207,0.8603138422510427,2482153.0,7856.0,32.0,5000.0,True,False
9,13,8885472755183921033,SLH_DSA_PURE_SHA2_128S,0.07717186002992094,0.001369331032037735,0.6059605989139527,0.0010647400049492717,0.010747179971076548,0.010803633951582015,6.734440102940425,0.8843127671320727,2482153.0,7856.0,32.0,5000.0,True,False
9,14,762023862995180841,SLH_DSA_PURE_SHA2_128S,0.08625651802867651,0.002125116065144539,0.6429109970340505,0.0011251630494371057,0.01080593396909535,0.010896994033828378,10.820840895990841,0.8579065609889426,2482153.0,7856.0,32.0,5000.0,True,False
9,14,11875144584809795652,SLH_DSA_PURE_SHA2_128S,0.1604550100164488,0.001982821966521442,0.7527521139709279,0.0012475160183385015,0.01072584802750498,0.010773224988952279,10.76562053093221,0.8526694863844829,2482153.0,7856.0,32.0,5000.0,True,False
9,14,14802417346319398417,SLH_DSA_PURE_SHA2_128S,0.1513860230334103,0.0016096729086712003,0.6311664310051128,0.00111192197073251,0.010776778915897012,0.010825094999745488,11.02615395700559,0.856251587533647,2482153.0,7856.0,32.0,5000.0,True,False
9,14,14812767763146832924,SLH_DSA_PURE_SHA2_128S,0.07927233201917261,0.0013326210901141167,0.630972383893095,0.0011938640382140875,0.010778162046335638,0.010825791978277266,11.09283236390911,0.8602641321671237,2482153.0,7856.0,32.0,5000.0,True,False
9,14,10213042587872667676,SLH_DSA_PURE_SHA2_128S,0.1477242240216583,0.0032384890364483,0.7489661780418828,0.0011088910978287458,0.010823918972164392,0.010874184896238148,10.901889752945863,0.8590297569894487,2482153.0,7856.0,32.0,5000.0,True,False
9,14,5633997548324197904,SLH_DSA_PURE_SHA2_128S,0.10250148898921907,0.002286232076585293,0.6405746520031244,0.0011597699485719204,0.010857038898393512,0.01090449804905802,11.098676078021526,0.8342318314655571,2482153.0,7856.0,32.0,5000.0,True,False
9,14,6793478778894551190,SLH_DSA_PURE_SHA2_128S,0.12754658900666982,0.001511731999926269,0.6829784109722823,0.001110718003474176,0.010866626049391925,0.010949966032058,10.904070877004415,0.8834124027164119,2482153.0,7856.0,32.0,5000.0,True,False
9,14,917722005680292550,SLH_DSA_PURE_SHA2_128S,0.07945652608759701,0.0013867570087313652,0.6303031779825687,0.0011794089805334806,0.010745377978309989,0.010793790919706225,11.10878572508227,0.8367146544016091,2482153.0,7856.0,32.0,5000.0,True,False
9,14,11634216209402568716,SLH_DSA_PURE_SHA2_128S,0.08529771503526717,0.001570241991430521,0.6216644109226763,0.001136883976869285,0.01077527308370918,0.01082436100114137,6.417029372998513,0.8272546543057557,2482153.0,7856.0,32.0,5000.0,True,False
9,14,8885472755183921033,SLH_DSA_PURE_SHA2_128S,0.07760386704467237,0.0013448779936879873,0.6092879170319065,0.001172797055914998,0.01073970994912088,0.010786956991069019,6.880608282983303,0.8359840001649917,2482153.0,7856.0,32.0,5000.0,True,False
9,15,14812767763146832924,SLH_DSA_PURE_SHA2_128S,0.16216620209161192,0.0013812669785693288,0.6264414120232686,0.0010560379596427083,0.010716653894633055,0.010795092908665538,10.86201106198132,0.823565602492375,2482153.0,7856.0,32.0,5000.0,True,False
9,15,762023862995180841,SLH_DSA_PURE_SHA2_128S,0.11191241606138647,0.0014015609631314874,0.63019215001259,0.0011634889524430037,0.01078199502080679,0.01083169796038419,10.909333638031967,0.8115159330094696,2482153.0,7856.0,32.0,5000.0,True,False
9,15,11875144584809795652,SLH_DSA_PURE_SHA2_128S,0.17419513093773276,0.0015091199893504381,0.6305060839513317,0.001094499952159822,0.01114061800763011,0.011183897033333778,10.823361600982025,0.8326725288751019,2482153.0,7856.0,32.0,5000.0,True,False
9,15,14802417346319398417,SLH_DSA_PURE_SHA2_128S,0.08022433507721871,0.001414426020346582,0.6366481289733201,0.0011058200616389513,0.010837680078111589,0.010883738985285163,10.985185501980595,0.8010065365748801,2482153.0,7856.0,32.0,5000.0,True,False
9,15,5633997548324197904,SLH_DSA_PURE_SHA2_128S,0.10209484095685184,0.0015067250933498144,0.6342622779775411,0.0011158360866829753,0.01075444696471095,0.01080071204341948,10.929083478054963,0.789635067058217,2482153.0,7856.0,32.0,5000.0,True,False
9,15,10213042587872667676,SLH_DSA_PURE_SHA2_128S,0.14944269391708076,0.001816136995330453,0.6695640200050548,0.0011275869328528643,0.010946727939881384,0.010994434938766062,10.80899692303501,0.8224007500584718,2482153.0,7856.0,32.0,5000.0,True,False
9,15,917722005680292550,SLH_DSA_PURE_SHA2_128S,0.08530886308290064,0.0016106750117614865,0.634863628889434,0.001198934973217547,0.010918017942458391,0.010997010045684874,11.004408317035995,0.8050134162993947,2482153.0,7856.0,32.0,5000.0,True,False
9,15,6793478778894551190,SLH_DSA_PURE_SHA2_128S,0.08033018000423908,0.001650094985961914,0.6287252139300108,0.0010849309619516134,0.010975820943713188,0.011021240963600576,11.044627920957282,0.8274072002453409,2482153.0,7856.0,32.0,5000.0,True,False
9,15,8885472755183921033,SLH_DSA_PURE_SHA2_128S,0.08467004098929465,0.0015581849729642272,0.6286879130639136,0.0013113399036228657,0.010940741980448365,0.01099236193113029,6.472369599970989,0.770933461037411,2482153.0,7856.0,32.0,5000.0,True,False
9,15,11634216209402568716,SLH_DSA_PURE_SHA2_128S,0.07730835699476302,0.00142532994505018,0.6057368350448087,0.0010999740334227681,0.010831461986526847,0.010875536943785846,6.702216590987518,0.7702538452710316,2482153.0,7856.0,32.0,5000.0,True,False
9,16,14802417346319398417,SLH_DSA_PURE_SHA2_128S,0.16185965505428612,0.0014984759036451578,0.6380262729944661,0.0013167929137125611,0.010759558994323015,0.01084154995623976,10.932281741988845,0.7695997973346407,2482153.0,7856.0,32.0,5000.0,True,False
9,16,762023862995180841,SLH_DSA_PURE_SHA2_128S,0.13686480198521167,0.0015599989565089345,0.6280659950571135,0.0010542849777266383,0.011514862067997456,0.011560432030819356,11.010268241050653,0.7863152429556391,2482153.0,7856.0,32.0,5000.0,True,False
9,16,14812767763146832924,SLH_DSA_PURE_SHA2_128S,0.09673067706171423,0.001416041050106287,0.629511350998655,0.0014434419572353363,0.01075052807573229,0.010812052059918642,11.049700623028912,0.8075581157852889,2482153.0,7856.0,32.0,5000.0,True,False
9,16,11875144584809795652,SLH_DSA_PURE_SHA2_128S,0.08028266299515963,0.0014083819696679711,0.6330105739179999,0.0011254779528826475,0.010756450006738305,0.01080304803326726,11.116855229018256,0.7808757356018018,2482153.0,7856.0,32.0,5000.0,True,False
9,16,5633997548324197904,SLH_DSA_PURE_SHA2_128S,0.0855073519051075,0.0015152150299400091,0.6286908580223098,0.00134853005874902,0.010780777083709836,0.010826430981978774,10.863690364989452,0.7412424315312865,2482153.0,7856.0,32.0,5000.0,True,False
9,16,10213042587872667676,SLH_DSA_PURE_SHA2_128S,0.12145674496423453,0.0030957190319895744,0.6937765158945695,0.0016235560178756714,0.010719229001551867,0.010773992980830371,10.793343309895135,0.7680082998837635,2482153.0,7856.0,32.0,5000.0,True,False
9,16,6793478778894551190,SLH_DSA_PURE_SHA2_128S,0.07977805507835001,0.0014250779058784246,0.6332435169024393,0.0011343919904902577,0.010929371928796172,0.011012332048267126,10.850956433918327,0.7789028552687092,2482153.0,7856.0,32.0,5000.0,True,False
9,16,917722005680292550,SLH_DSA_PURE_SHA2_128S,0.10326202004216611,0.0014076889492571354,0.6332564010517672,0.0011354590533301234,0.01078113098628819,0.010829926002770662,10.893614631029777,0.7547609796569605,2482153.0,7856.0,32.0,5000.0,True,False
9,16,11634216209402568716,SLH_DSA_PURE_SHA2_128S,0.08524081797804683,0.0018770219758152962,0.6112008119234815,0.0011389809660613537,0.01085778302513063,0.010907771065831184,6.520619233022444,0.7395768003289107,2482153.0,7856.0,32.0,5000.0,True,False
9,16,8885472755183921033,SLH_DSA_PURE_SHA2_128S,0.07707710505928844,0.0014051430625841022,0.6120663459878415,0.0011568230111151934,0.010765174985863268,0.010812610038556159,6.691360475029796,0.7531953489135026,2482153.0,7856.0,32.0,5000.0,True,False
9,17,14812767763146832924,SLH_DSA_PURE_SHA2_128S,0.1323807939188555,0.001916326000355184,0.6423733730334789,0.0012519300216808915,0.010782022029161453,0.010856984998099506,10.796710247988813,0.761584165464541,2482153.0,7856.0,32.0,5000.0,True,False
9,17,762023862995180841,SLH_DSA_PURE_SHA2_128S,0.1411643319297582,0.0018572640838101506,0.6480595129542053,0.0010889380937442183,0.010727633023634553,0.010774509981274605,10.820177613059059,0.7519932553456847,2482153.0,7856.0,32.0,5000.0,True,False
9,17,11875144584809795652,SLH_DSA_PURE_SHA2_128S,0.08458010607864708,0.0017972630448639393,0.6631801050389186,0.0010625410359352827,0.010760555975139141,0.010801177006214857,10.945633344934322,0.7428664198726606,2482153.0,7856.0,32.0,5000.0,True,False
9,17,14802417346319398417,SLH_DSA_PURE_SHA2_128S,0.07970724604092538,0.0013841890031471848,0.6407030689297244,0.0011304490035399795,0.010617141961120069,0.010665118927136064,11.07623004890047,0.7222898335783345,2482153.0,7856.0,32.0,5000.0,True,False
9,17,5633997548324197904,SLH_DSA_PURE_SHA2_128S,0.14618747401982546,0.0026181749999523163,0.7058904790319502,0.0010600100504234433,0.01073501305654645,0.010776179027743638,10.813960170955397,0.7008430275377954,2482153.0,7856.0,32.0,5000.0,True,False
9,17,6793478778894551190,SLH_DSA_PURE_SHA2_128S,0.09392491006292403,0.001710250973701477,0.6355061759240925,0.0010892749996855855,0.010726919979788363,0.010774001013487577,10.724774254951626,0.7401128968425618,2482153.0,7856.0,32.0,5000.0,True,False
9,17,10213042587872667676,SLH_DSA_PURE_SHA2_128S,0.08495633990969509,0.0015941900201141834,0.6375149759696797,0.0011253979755565524,0.011195380007848144,0.011268476955592632,11.033885561977513,0.7590163010320846,2482153.0,7856.0,32.0,5000.0,True,False
9,17,917722005680292550,SLH_DSA_PURE_SHA2_128S,0.08044021890964359,0.0013355989940464497,0.687298540957272,0.001125548966228962,0.010846913908608258,0.010897184954956174,11.031880846945569,0.7314979193886374,2482153.0,7856.0,32.0,5000.0,True,False
9,17,8885472755183921033,SLH_DSA_PURE_SHA2_128S,0.08500790200196207,0.001908323960378766,0.6411586300237104,0.001067258999682963,0.01083138003014028,0.010872349026612937,6.338562775985338,0.7045540972879738,2482153.0,7856.0,32.0,5000.0,True,False
9,17,11634216209402568716,SLH_DSA_PURE_SHA2_128S,0.0773267470067367,0.0013335009571164846,0.6072072149254382,0.0010795729467645288,0.010783090954646468,0.01083188597112894,6.765311322058551,0.7168471594904638,2482153.0,7856.0,32.0,5000.0,True,False
9,18,14802417346319398417,SLH_DSA_PURE_SHA2_128S,0.12716420996002853,0.002969598979689181,0.6503109349869192,0.0010929129784926772,0.010847385041415691,0.010935644037090242,10.8582014470594,0.7038738934002864,2482153.0,7856.0,32.0,5000.0,True,False
9,18,14812767763146832924,SLH_DSA_PURE_SHA2_128S,0.13019098609220237,0.0019088510889559984,0.631181457079947,0.0011031660251319408,0.010794311063364148,0.01084366801660508,10.932193158078007,0.7300829231549221,2482153.0,7856.0,32.0,5000.0,True,False
9,18,762023862995180841,SLH_DSA_PURE_SHA2_128S,0.08307671896182,0.001499583013355732,0.6322811500867829,0.001112937112338841,0.010756028001196682,0.010804548044689,11.052719465922564,0.7333679471615773,2482153.0,7856.0,32.0,5000.0,True,False
9,18,11875144584809795652,SLH_DSA_PURE_SHA2_128S,0.08120529097504914,0.001383853959850967,0.681763609056361,0.001125834067352116,0.01089248200878501,0.010941579937934875,11.090202058083378,0.7236358707972393,2482153.0,7856.0,32.0,5000.0,True,False
9,18,5633997548324197904,SLH_DSA_PURE_SHA2_128S,0.08717492001596838,0.0027859919937327504,0.7479052100097761,0.0010824879864230752,0.010839571012184024,0.0108914899174124,10.694937527994625,0.6878586704753766,2482153.0,7856.0,32.0,5000.0,True,False
9,18,917722005680292550,SLH_DSA_PURE_SHA2_128S,0.15010039799381047,0.0019208809826523066,0.6452791539486498,0.0011147919576615095,0.0107488859212026,0.010806306032463908,10.750162402982824,0.6904363780264642,2482153.0,7856.0,32.0,5000.0,True,False
9,18,6793478778894551190,SLH_DSA_PURE_SHA2_128S,0.07914357702247798,0.0013989818980917335,0.6533225850434974,0.0011402200907468796,0.010819631046615541,0.010899193934164941,10.906039080000482,0.7142311531077524,2482153.0,7856.0,32.0,5000.0,True,False
9,18,10213042587872667676,SLH_DSA_PURE_SHA2_128S,0.14667522197123617,0.001693541998974979,0.6315284359734505,0.0010777979623526335,0.010715160984545946,0.010764013975858688,11.109541667974554,0.7213656984886546,2482153.0,7856.0,32.0,5000.0,True,False
9,18,8885472755183921033,SLH_DSA_PURE_SHA2_128S,0.08461517200339586,0.001533246017061174,0.6081574659328908,0.0011461310787126422,0.010760103003121912,0.010809193016029894,6.765330109978095,0.686880257289121,2482153.0,7856.0,32.0,5000.0,True,False
9,18,11634216209402568716,SLH_DSA_PURE_SHA2_128S,0.07814107497688383,0.001437696977518499,0.6123728660168126,0.0011618320131674409,0.010815329034812748,0.010862126015126705,6.763817006954923,0.6869874570969563,2482153.0,7856.0,32.0,5000.0,True,False
9,19,762023862995180841,SLH_DSA_PURE_SHA2_128S,0.09156567801255733,0.0014746689703315496,0.6328975959913805,0.0010567200370132923,0.01076909201219678,0.010849536047317088,11.027454267954454,0.6709370122403856,2482153.0,7856.0,32.0,5000.0,True,False
9,19,11875144584809795652,SLH_DSA_PURE_SHA2_128S,0.08255925704725087,0.0013979439390823245,0.6283181270118803,0.0010764019098132849,0.01082987803965807,0.01087695499882102,11.067124802968465,0.7004172071150154,2482153.0,7856.0,32.0,5000.0,True,False
9,19,14812767763146832924,SLH_DSA_PURE_SHA2_128S,0.08557803905569017,0.0014585719909518957,0.628755489946343,0.0014606650220230222,0.010670904070138931,0.010719010955654085,11.032104187062941,0.6917079630171418,2482153.0,7856.0,32.0,5000.0,True,False
9,19,14802417346319398417,SLH_DSA_PURE_SHA2_128S,0.08041901304386556,0.0014016659697517753,0.6692494120215997,0.001157810096628964,0.010757619980722666,0.010823404998518527,11.103498698095791,0.6627466241550294,2482153.0,7856.0,32.0,5000.0,True,False
9,19,6793478778894551190,SLH_DSA_PURE_SHA2_128S,0.10983223398216069,0.0020186450565233827,0.6335135250119492,0.0011092789936810732,0.010654613957740366,0.010701632010750473,10.589486085111275,0.6737676440340699,2482153.0,7856.0,32.0,5000.0,True,False
9,19,10213042587872667676,SLH_DSA_PURE_SHA2_128S,0.09915219200775027,0.001525506959296763,0.6421851720660925,0.0011165470350533724,0.01071103592403233,0.010761179961264133,10.743377416976728,0.7012096054045258,2482153.0,7856.0,32.0,5000.0,True,False
9,19,5633997548324197904,SLH_DSA_PURE_SHA2_128S,0.08444388897623867,0.0017062319675460458,0.6384840820683166,0.0014481310499832034,0.01081313902977854,0.010902848094701767,10.699229396064766,0.6496664280439638,2482153.0,7856.0,32.0,5000.0,True,False
9,19,917722005680292550,SLH_DSA_PURE_SHA2_128S,0.07963866705540568,0.0013857519952580333,0.6326412250055,0.001108561991713941,0.010772663983516395,0.010818365029990673,10.88047164794989,0.6251670377459496,2482153.0,7856.0,32.0,5000.0,True,False
9,19,8885472755183921033,SLH_DSA_PURE_SHA2_128S,0.08491522492840886,0.0028014000272378325,0.6121208650292829,0.0010896919993683696,0.010840422008186579,0.010884403018280864,6.66476726392284,0.6589971769387555,2482153.0,7856.0,32.0,5000.0,True,False
9,19,11634216209402568716,SLH_DSA_PURE_SHA2_128S,0.0782260870328173,0.0013738360721617937,0.6113865930819884,0.0010958100901916623,0.010766312014311552,0.010829264996573329,6.773231656989083,0.6687959123663841,2482153.0,7856.0,32.0,5000.0,True,False
9,20,14812767763146832924,SLH_DSA_PURE_SHA2_128S,0.16128323099110276,0.003538126009516418,0.6486014899564907,0.0010687599424272776,0.010741004021838307,0.01083236001431942,10.813175664050505,0.6749821453337457,2482153.0,7856.0,32.0,5000.0,True,False
9,20,14802417346319398417,SLH_DSA_PURE_SHA2_128S,0.1608389689354226,0.0016992440214380622,0.6414711739635095,0.001087483949959278,0.010780998971313238,0.01082739990670234,10.87196495605167,0.6447229606046039,2482153.0,7856.0,32.0,5000.0,True,False
9,20,762023862995180841,SLH_DSA_PURE_SHA2_128S,0.08161056600511074,0.0014129530172795057,0.6335785639239475,0.0011749699478968978,0.01072804699651897,0.010777677991427481,11.018864137935452,0.6479676880749168,2482153.0,7856.0,32.0,5000.0,True,False
9,20,11875144584809795652,SLH_DSA_PURE_SHA2_128S,0.09252591198310256,0.0014567188918590546,0.6320137759903446,0.001072357059456408,0.010803794953972101,0.010849386919289827,11.013800610904582,0.6501175633566395,2482153.0,7856.0,32.0,5000.0,True,False
9,20,6793478778894551190,SLH_DSA_PURE_SHA2_128S,0.17395291198045015,0.0019718490075320005,0.6730101940920576,0.0011484780116006732,0.011193357058800757,0.011242224019952118,10.742312766960822,0.6674007665199838,2482153.0,7856.0,32.0,5000.0,True,False
9,20,10213042587872667676,SLH_DSA_PURE_SHA2_128S,0.17329118901398033,0.002278981963172555,0.6655846240464598,0.0010671199997887015,0.01070819201413542,0.010752270929515362,10.906414522090927,0.6717819176187181,2482153.0,7856.0,32.0,5000.0,True,False
9,20,5633997548324197904,SLH_DSA_PURE_SHA2_128S,0.15096960100345314,0.0014471710892394185,0.6293734160717577,0.0011530750198289752,0.010936605976894498,0.011017255019396544,10.995898999972269,0.6384260620281195,2482153.0,7856.0,32.0,5000.0,True,False
9,20,917722005680292550,SLH_DSA_PURE_SHA2_128S,0.07974156807176769,0.001419179025106132,0.6334783970378339,0.0010685459710657597,0.01077420695219189,0.010820816969498992,11.0868448340334,0.6201457734795133,2482153.0,7856.0,32.0,5000.0,True,False
9,20,8885472755183921033,SLH_DSA_PURE_SHA2_128S,0.08500474400352687,0.0014969119802117348,0.6481593110365793,0.001179130980744958,0.010797412949614227,0.010844407952390611,6.358271367033012,0.627132769555423,2482153.0,7856.0,32.0,5000.0,True,False
9,20,11634216209402568716,SLH_DSA_PURE_SHA2_128S,0.07652609795331955,0.001364111085422337,0.6055332419928163,0.0010583540424704552,0.010966951958835125,0.01101316709537059,6.742125215008855,0.6440124384536865,2482153.0,7856.0,32.0,5000.0,True,False
9,21,11875144584809795652,SLH_DSA_PURE_SHA2_128S,0.09577063203323632,0.0017481159884482622,0.6462259410182014,0.001026693033054471,0.01071409392170608,0.01079236704390496,10.98908746696543,0.6212798743775696,2482153.0,7856.0,32.0,5000.0,True,False
9,21,14802417346319398417,SLH_DSA_PURE_SHA2_128S,0.15266604104544967,0.0024980490561574697,0.6788409349974245,0.0011529299663379788,0.010699325939640403,0.010752098984085023,11.009850731003098,0.5884161004974584,2482153.0,7856.0,32.0,5000.0,True,False
9,21,762023862995180841,SLH_DSA_PURE_SHA2_128S,0.08037297404371202,0.0014018730726093054,0.6360073869582266,0.0010583410039544106,0.010822733980603516,0.010864833951927722,11.239219694049098,0.6454220665678098,2482153.0,7856.0,32.0,5000.0,True,False
9,21,14812767763146832924,SLH_DSA_PURE_SHA2_128S,0.0810691190417856,0.0014226889470592141,0.630916632944718,0.0011120981071144342,0.010812802007421851,0.010862481081858277,11.227757308981381,0.6533468534612352,2482153.0,7856.0,32.0,5000.0,True,False
9,21,5633997548324197904,SLH_DSA_PURE_SHA2_128S,0.10115526395384222,0.0015600440092384815,0.6876692029181868,0.0012160919141024351,0.011035081930458546,0.011093030916526914,10.992793260025792,0.61316440672062,2482153.0,7856.0,32.0,5000.0,True,False
9,21,917722005680292550,SLH_DSA_PURE_SHA2_128S,0.08220320008695126,0.0014950409531593323,0.6270541680278257,0.0010984760010614991,0.010666824993677437,0.010716180899180472,10.937059996998869,0.5946417865669651,2482153.0,7856.0,32.0,5000.0,True,False
9,21,10213042587872667676,SLH_DSA_PURE_SHA2_128S,0.15816015703603625,0.0018889909842982888,0.7659564090427011,0.001056698034517467,0.010851057944819331,0.010922348941676319,11.151775587000884,0.6617932859215008,2482153.0,7856.0,32.0,5000.0,True,False
9,21,6793478778894551190,SLH_DSA_PURE_SHA2_128S,0.11835535289719701,0.0014015769120305777,0.6291202360298485,0.001331215025857091,0.010882857022807002,0.010943977977149189,11.005581334000453,0.6218532210417614,2482153.0,7856.0,32.0,5000.0,True,False
9,21,11634216209402568716,SLH_DSA_PURE_SHA2_128S,0.08501177094876766,0.0017593259690329432,0.6313534490764141,0.001054976019077003,0.01073629001621157,0.010779393021948636,6.184402161045,0.5923430498238582,2482153.0,7856.0,32.0,5000.0,True,False
9,21,8885472755183921033,SLH_DSA_PURE_SHA2_128S,0.07708083500619978,0.0016504139639437199,0.6032380569959059,0.0010859580943360925,0.010912714060395956,0.010961932013742626,6.6217883380595595,0.6138442067583655,2482153.0,7856.0,32.0,5000.0,True,False
9,22,11875144584809795652,SLH_DSA_PURE_SHA2_128S,0.11234085506293923,0.0020303019555285573,0.6335606679785997,0.0012053860118612647,0.010830829967744648,0.010971412062644958,10.80519241199363,0.5951268109641258,2482153.0,7856.0,32.0,5000.0,True,False
9,22,14802417346319398417,SLH_DSA_PURE_SHA2_128S,0.12540271400939673,0.0014496069634333253,0.6274787270231172,0.0010716060642153025,0.010760475066490471,0.010808160062879324,10.868187270010822,0.5915682068581034,2482153.0,7856.0,32.0,5000.0,True,False
9,22,14812767763146832924,SLH_DSA_PURE_SHA2_128S,0.09996265592053533,0.0014559209812432528,0.6499912389554083,0.0011493159690871835,0.010667835944332182,0.010713877039961517,10.908983910921961,0.6257808870950322,2482153.0,7856.0,32.0,5000.0,True,False
9,22,762023862995180841,SLH_DSA_PURE_SHA2_128S,0.08014311897568405,0.001402618014253676,0.6322468729922548,0.0010754860704764724,0.010930465999990702,0.010976047022268176,10.942456635064445,0.615647732784414,2482153.0,7856.0,32.0,5000.0,True,False
9,22,10213042587872667676,SLH_DSA_PURE_SHA2_128S,0.16528631804976612,0.0019754780223593116,0.6405310810077935,0.001127084018662572,0.01070184598211199,0.010746491025201976,10.822947127977386,0.6181521614076225,2482153.0,7856.0,32.0,5000.0,True,False
9,22,917722005680292550,SLH_DSA_PURE_SHA2_128S,0.07964760100003332,0.0014265739591792226,0.6350466990843415,0.0010848829988390207,0.010780823999084532,0.010825718054547906,10.799149388913065,0.5763388110478972,2482153.0,7856.0,32.0,5000.0,True,False
9,22,6793478778894551190,SLH_DSA_PURE_SHA2_128S,0.07916142197791487,0.00140691502019763,0.6336421220330521,0.0011306179221719503,0.010822170996107161,0.010896891006268561,10.761787140043452,0.602351772794678,2482153.0,7856.0,32.0,5000.0,True,False
9,22,5633997548324197904,SLH_DSA_PURE_SHA2_128S,0.12046123296022415,0.001543259946629405,0.6340095930499956,0.0011050649918615818,0.010707730078138411,0.010754534043371677,10.80294327903539,0.6113590602377418,2482153.0,7856.0,32.0,5000.0,True,False
9,22,8885472755183921033,SLH_DSA_PURE_SHA2_128S,0.08473568002227694,0.0014732510317116976,0.6306253509828821,0.0011447829892858863,0.010628630057908595,0.01067238301038742,6.525307978037745,0.6011522944755615,2482153.0,7856.0,32.0,5000.0,True,False
9,22,11634216209402568716,SLH_DSA_PURE_SHA2_128S,0.0774867880390957,0.0013706570025533438,0.608160835923627,0.0010664239525794983,0.010939626954495907,0.010983778978697956,6.769384367973544,0.584359460195918,2482153.0,7856.0,32.0,5000.0,True,False
9,23,11875144584809795652,SLH_DSA_PURE_SHA2_128S,0.10147234192118049,0.0016410129610449076,0.6416572690941393,0.0010530019644647837,0.010883220937103033,0.010961284977383912,10.726999087026343,0.5790223527675981,2482153.0,7856.0,32.0,5000.0,True,False
9,23,14802417346319398417,SLH_DSA_PURE_SHA2_128S,0.08528065297286958,0.0024998190347105265,0.6400733130285516,0.0011030869791284204,0.010739280027337372,0.010789717081934214,10.763844863977283,0.5429681549975827,2482153.0,7856.0,32.0,5000.0,True,False
9,23,14812767763146832924,SLH_DSA_PURE_SHA2_128S,0.08132539398502558,0.0014423910761252046,0.6310094639193267,0.0010362429311499,0.010846083983778954,0.010889373952522874,10.895051855011843,0.6028204478655651,2482153.0,7856.0,32.0,5000.0,True,False
9,23,762023862995180841,SLH_DSA_PURE_SHA2_128S,0.07955074205528945,0.0013883119681850076,0.6488761240616441,0.0010952409356832504,0.010776774026453495,0.010827552992850542,10.919124590000138,0.5796891396307642,2482153.0,7856.0,32.0,5000.0,True,False
9,23,10213042587872667676,SLH_DSA_PURE_SHA2_128S,0.08708831493277103,0.001875933026894927,0.6579579890239984,0.0010345460614189506,0.010833963053300977,0.0108764210017398,10.787695072009228,0.6188354363107378,2482153.0,7856.0,32.0,5000.0,True,False
9,23,5633997548324197904,SLH_DSA_PURE_SHA2_128S,0.14188041898887604,0.003203731030225754,0.815178457996808,0.0011149910278618336,0.010851411963813007,0.010899764019995928,10.632930343039334,0.5756960692014664,2482153.0,7856.0,32.0,5000.0,True,False
9,23,917722005680292550,SLH_DSA_PURE_SHA2_128S,0.0830120580503717,0.001511994982138276,0.6361871170811355,0.0011121479328721762,0.010862943017855287,0.010932430042885244,10.93572779907845,0.546138010349623,2482153.0,7856.0,32.0,5000.0,True,False
9,23,6793478778894551190,SLH_DSA_PURE_SHA2_128S,0.07996312994509935,0.0013778540305793285,0.6326703060185537,0.0010897180764004588,0.010801807977259159,0.010849870974197984,10.947539890999906,0.6018855683505535,2482153.0,7856.0,32.0,5000.0,True,False
9,23,8885472755183921033,SLH_DSA_PURE_SHA2_128S,0.0847995619988069,0.0018802440026775002,0.6247426649788395,0.0011146219912916422,0.010939107974991202,0.010993561008945107,6.666426765965298,0.5932676298128572,2482153.0,7856.0,32.0,5000.0,True,False
9,23,11634216209402568716,SLH_DSA_PURE_SHA2_128S,0.07705508195795119,0.001332608051598072,0.6050845279823989,0.0010818029986694455,0.01071640697773546,0.010764942038804293,6.85671274701599,0.5591880613166815,2482153.0,7856.0,32.0,5000.0,True,False
9,24,14802417346319398417,SLH_DSA_PURE_SHA2_128S,0.0878731629345566,0.002937875920906663,0.6454170650104061,0.0010721150320023298,0.01096542994491756,0.011060894932597876,10.695909393019974,0.5203104852491124,2482153.0,7856.0,32.0,5000.0,True,False
9,24,14812767763146832924,SLH_DSA_PURE_SHA2_128S,0.08462647907435894,0.001657678047195077,0.636055035982281,0.001071120030246675,0.010711896000429988,0.010759270982816815,10.898299809079617,0.5773269219952784,2482153.0,7856.0,32.0,5000.0,True,False
9,24,762023862995180841,SLH_DSA_PURE_SHA2_128S,0.08543590293265879,0.001468762056902051,0.6346293300157413,0.001311858999542892,0.01079240394756198,0.010865395073778927,10.817593812011182,0.5604190657235635,2482153.0,7856.0,32.0,5000.0,True,False
9,24,11875144584809795652,SLH_DSA_PURE_SHA2_128S,0.0805082160513848,0.0013333288952708244,0.6328815260203555,0.00107098207809031,0.01081367302685976,0.010859800036996603,10.988127694930881,0.5735169483502959,2482153.0,7856.0,32.0,5000.0,True,False
9,24,917722005680292550,SLH_DSA_PURE_SHA2_128S,0.10331509506795555,0.0018268729327246547,0.6318755720276386,0.0011277570156380534,0.010820652008987963,0.0108697060495615,10.851217569084838,0.5199876926886807,2482153.0,7856.0,32.0,5000.0,True,False
9,24,10213042587872667676,SLH_DSA_PURE_SHA2_128S,0.16232630400918424,0.00211441598366946,0.7462261359905824,0.0011046120198443532,0.010736549040302634,0.010783715988509357,11.041610404965468,0.5687361600435084,2482153.0,7856.0,32.0,5000.0,True,False
9,24,5633997548324197904,SLH_DSA_PURE_SHA2_128S,0.1086775129660964,0.0017512510530650616,0.6284431839594617,0.0011084149591624737,0.010826983954757452,0.010913574951700866,11.00711495091673,0.5378308532059572,2482153.0,7856.0,32.0,5000.0,True,False
9,24,6793478778894551190,SLH_DSA_PURE_SHA2_128S,0.12787601200398058,0.0013297719415277243,0.6290318500250578,0.001074847998097539,0.010835589957423508,0.01088348391931504,10.871257964055985,0.5742217372319881,2482153.0,7856.0,32.0,5000.0,True,False
9,24,8885472755183921033,SLH_DSA_PURE_SHA2_128S,0.08521967800334096,0.0017664009938016534,0.6097122910432518,0.0011135380482301116,0.011087880935519934,0.01113577198702842,6.716030315030366,0.5726940434924357,2482153.0,7856.0,32.0,5000.0,True,False
9,24,11634216209402568716,SLH_DSA_PURE_SHA2_128S,0.07760917395353317,0.0012926990166306496,0.612463342025876,0.0011114859953522682,0.01101880194619298,0.011067288927733898,6.765566855086945,0.5280875559587768,2482153.0,7856.0,32.0,5000.0,True,False
9,25,762023862995180841,SLH_DSA_PURE_SHA2_128S,0.09979563497472554,0.0015027900226414204,0.6279157039243728,0.00107872998341918,0.010713013005442917,0.010789423016831279,10.877007775008678,0.536676111921763,2482153.0,7856.0,32.0,5000.0,True,False
9,25,11875144584809795652,SLH_DSA_PURE_SHA2_128S,0.08273741498123854,0.0014773589791730046,0.6712869619950652,0.0010919569758698344,0.010653412900865078,0.010700520011596382,10.951960937003605,0.5373353995382786,2482153.0,7856.0,32.0,5000.0,True,False
9,25,14812767763146832924,SLH_DSA_PURE_SHA2_128S,0.10294495499692857,0.0014206309569999576,0.6296522710472345,0.0014490969479084015,0.010739539051428437,0.0107888700440526,10.908981448039412,0.5387175333253138,2482153.0,7856.0,32.0,5000.0,True,False
9,25,14802417346319398417,SLH_DSA_PURE_SHA2_128S,0.07986355200409889,0.001410946948453784,0.6287950670812279,0.0013840750325471163,0.010783930076286197,0.010836002067662776,10.981675942894071,0.5030848742433035,2482153.0,7856.0,32.0,5000.0,True,False
9,25,6793478778894551190,SLH_DSA_PURE_SHA2_128S,0.08369520294945687,0.0014871759340167046,0.6327898580348119,0.0011069119209423661,0.010701951920054853,0.010743892984464765,10.893027232028544,0.5293995478445557,2482153.0,7856.0,32.0,5000.0,True,False
9,25,10213042587872667676,SLH_DSA_PURE_SHA2_128S,0.14261979702860117,0.001603859942406416,0.6326615529833362,0.001144512090831995,0.01073806593194604,0.010785254999063909,10.956432303995825,0.5485866487880421,2482153.0,7856.0,32.0,5000.0,True,False
9,25,5633997548324197904,SLH_DSA_PURE_SHA2_128S,0.13703335297759622,0.0014230440137907863,0.6292261580238119,0.0014760129852220416,0.010990940034389496,0.011073827976360917,10.953859376953915,0.5021029178788707,2482153.0,7856.0,32.0,5000.0,True,False
9,25,917722005680292550,SLH_DSA_PURE_SHA2_128S,0.09869067103136331,0.0014304810902103782,0.6303962770616636,0.0011810120195150375,0.010691753006540239,0.010739173972979188,10.964629538008012,0.5089816084475653,2482153.0,7856.0,32.0,5000.0,True,False
9,25,8885472755183921033,SLH_DSA_PURE_SHA2_128S,0.08427591493818909,0.0017348799156025052,0.6250424390891567,0.0011813780292868614,0.01121310901362449,0.011256681988015771,6.518485347973183,0.5575228247815257,2482153.0,7856.0,32.0,5000.0,True,False
9,25,11634216209402568716,SLH_DSA_PURE_SHA2_128S,0.07766197202727199,0.0014495790237560868,0.6082643560366705,0.0012138060992583632,0.010743158054538071,0.010790558997541666,6.666349292965606,0.5183632733169824,2482153.0,7856.0,32.0,5000.0,True,False
9,26,14812767763146832924,SLH_DSA_PURE_SHA2_128S,0.08765350107569247,0.0018532410031184554,0.640994488960132,0.0010956519981846213,0.010832077008672059,0.010926628019660711,10.620639679022133,0.509926748693369,2482153.0,7856.0,32.0,5000.0,True,False
9,26,762023862995180841,SLH_DSA_PURE_SHA2_128S,0.15208490996155888,0.0019615809433162212,0.6401543299434707,0.0010808489751070738,0.010783075005747378,0.010828866972588003,10.569196011056192,0.5159197012140493,2482153.0,7856.0,32.0,5000.0,True,False
9,26,11875144584809795652,SLH_DSA_PURE_SHA2_128S,0.08428759302478284,0.0016972040757536888,0.6352438309695572,0.0010556710185483098,0.011157399974763393,0.011199387023225427,10.754258314962499,0.4907724330094969,2482153.0,7856.0,32.0,5000.0,True,False
9,26,14802417346319398417,SLH_DSA_PURE_SHA2_128S,0.07992009806912392,0.001354165025986731,0.6329655169975013,0.0011421190574765205,0.010780103038996458,0.010830656974576414,10.812633838970214,0.4749119043540043,2482153.0,7856.0,32.0,5000.0,True,False
9,26,5633997548324197904,SLH_DSA_PURE_SHA2_128S,0.15304258395917714,0.0031485590152442455,0.6514804429607466,0.0010449859546497464,0.010844571981579065,0.010887517011724412,10.751101774978451,0.47704862875591036,2482153.0,7856.0,32.0,5000.0,True,False
9,26,10213042587872667676,SLH_DSA_PURE_SHA2_128S,0.08530487993266433,0.001517833094112575,0.6460698510054499,0.0011144420132040977,0.010775248985737562,0.010822364944033325,10.9244939009659,0.5156663800263481,2482153.0,7856.0,32.0,5000.0,True,False
9,26,917722005680292550,SLH_DSA_PURE_SHA2_128S,0.14844106999225914,0.0015270020812749863,0.6809012100566179,0.0010558810317888856,0.011236540973186493,0.01130791800096631,10.83688312198501,0.4964118140043726,2482153.0,7856.0,32.0,5000.0,True,False
9,26,6793478778894551190,SLH_DSA_PURE_SHA2_128S,0.08012935798615217,0.001336851972155273,0.6466655530966818,0.0010741699952632189,0.010914514074102044,0.010961886961013079,10.873078459058888,0.5099055695163596,2482153.0,7856.0,32.0,5000.0,True,False
9,26,8885472755183921033,SLH_DSA_PURE_SHA2_128S,0.09002861997578293,0.0014818760100752115,0.6212706620572135,0.00106305000372231,0.010713935014791787,0.010754721006378531,6.622820742079057,0.49356516021167396,2482153.0,7856.0,32.0,5000.0,True,False
9,26,11634216209402568716,SLH_DSA_PURE_SHA2_128S,0.07702487194910645,0.0014576970133930445,0.6099080799613148,0.0010603349655866623,0.010963240056298673,0.011011647991836071,6.695701771997847,0.4794867416120069,2482153.0,7856.0,32.0,5000.0,True,False
9,27,14812767763146832924,SLH_DSA_PURE_SHA2_128S,0.12659512006212026,0.0021392229245975614,0.6340895900502801,0.0010581029346212745,0.010834692977368832,0.01091407798230648,10.757325762999244,0.5224140513878149,2482153.0,7856.0,32.0,5000.0,True,False
9,27,14802417346319398417,SLH_DSA_PURE_SHA2_128S,0.13906853494700044,0.001538216951303184,0.6309802209725603,0.0011440999805927277,0.010781482909806073,0.010846941964700818,10.648220421979204,0.484300996467566,2482153.0,7856.0,32.0,5000.0,True,False
9,27,11875144584809795652,SLH_DSA_PURE_SHA2_128S,0.08593474794179201,0.001848879037424922,0.680222540977411,0.001060802023857832,0.010726507985964417,0.010768771986477077,10.605215881951153,0.4650227095053834,2482153.0,7856.0,32.0,5000.0,True,False
9,27,762023862995180841,SLH_DSA_PURE_SHA2_128S,0.08022459200583398,0.0013844720087945461,0.6370899690082297,0.0011349869892001152,0.010748203028924763,0.010797362076118588,10.884869138943031,0.491492377178874,2482153.0,7856.0,32.0,5000.0,True,False
9,27,10213042587872667676,SLH_DSA_PURE_SHA2_128S,0.08574893395416439,0.0016700909473001957,0.629643697058782,0.0010889770928770304,0.010757380980066955,0.01079898898024112,10.943838662002236,0.47033334754787054,2482153.0,7856.0,32.0,5000.0,True,False
9,27,5633997548324197904,SLH_DSA_PURE_SHA2_128S,0.08235680893994868,0.001341943978331983,0.6283804489066824,0.001169901923276484,0.010837961919605732,0.010889232042245567,10.86759917193558,0.45373948536528524,2482153.0,7856.0,32.0,5000.0,True,False
9,27,917722005680292550,SLH_DSA_PURE_SHA2_128S,0.16213209100533277,0.0018065980402752757,0.6731711770407856,0.0010819679591804743,0.010849147918634117,0.010921954992227256,10.743916605017148,0.4797641900457015,2482153.0,7856.0,32.0,5000.0,True,False
9,27,6793478778894551190,SLH_DSA_PURE_SHA2_128S,0.11932656296994537,0.001406996976584196,0.6321219250094146,0.0011103410506621003,0.010759864002466202,0.010809744941070676,10.817188987974077,0.456399877810744,2482153.0,7856.0,32.0,5000.0,True,False
9,27,11634216209402568716,SLH_DSA_PURE_SHA2_128S,0.07903376792091876,0.0016464329091832042,0.6079751229844987,0.001193669973872602,0.010918013053014874,0.010963520966470242,6.704604826052673,0.4466266725153016,2482153.0,7856.0,32.0,5000.0,True,False
9,27,8885472755183921033,SLH_DSA_PURE_SHA2_128S,0.07783596392255276,0.0014193920651450753,0.6083969809114933,0.001105637988075614,0.01071735902223736,0.01076616591308266,6.770610039005987,0.49874855155587955,2482153.0,7856.0,32.0,5000.0,True,False
9,28,14812767763146832924,SLH_DSA_PURE_SHA2_128S,0.08788549189921468,0.00230079994071275,0.6371826729737222,0.0010698669357225299,0.011190959019586444,0.011281993007287383,10.731889324029908,0.4656021562256631,2482153.0,7856.0,32.0,5000.0,True,False
9,28,762023862995180841,SLH_DSA_PURE_SHA2_128S,0.0823904990684241,0.0014000938972458243,0.62829831300769,0.0010662870481610298,0.010985214030370116,0.011031581903807819,10.865305115003139,0.4875233980358406,2482153.0,7856.0,32.0,5000.0,True,False
9,28,14802417346319398417,SLH_DSA_PURE_SHA2_128S,0.12062699906527996,0.0014808799605816603,0.6294769520172849,0.001363505027256906,0.010829132981598377,0.010876337997615337,10.861727142939344,0.45547182238690415,2482153.0,7856.0,32.0,5000.0,True,False
9,28,11875144584809795652,SLH_DSA_PURE_SHA2_128S,0.07975495199207217,0.0013899779878556728,0.74002145009581,0.001056879060342908,0.01076384901534766,0.010810081963427365,10.911281359032728,0.4335206918015032,2482153.0,7856.0,32.0,5000.0,True,False
9,28,10213042587872667676,SLH_DSA_PURE_SHA2_128S,0.08630605496000499,0.0016136289341375232,0.6318166829878464,0.0010477799223735929,0.010662144981324673,0.010707110981456935,11.067847238038667,0.475631202612618,2482153.0,7856.0,32.0,5000.0,True,False
9,28,5633997548324197904,SLH_DSA_PURE_SHA2_128S,0.10432772093918175,0.0015485059702768922,0.6286410940811038,0.0010273209773004055,0.011938509065657854,0.011981296935118735,10.901846325024962,0.44365155062739065,2482153.0,7856.0,32.0,5000.0,True,False
9,28,917722005680292550,SLH_DSA_PURE_SHA2_128S,0.10037053294945508,0.0014762949431315064,0.6563186899293214,0.0010602460242807865,0.01095707796048373,0.011033880989998579,10.95417617703788,0.4506414912190217,2482153.0,7856.0,32.0,5000.0,True,False
9,28,6793478778894551190,SLH_DSA_PURE_SHA2_128S,0.08054049802012742,0.001371528021991253,0.658030116930604,0.0010926550021395087,0.010748486034572124,0.010793411987833679,10.852015190990642,0.44985044383366773,2482153.0,7856.0,32.0,5000.0,True,False
9,28,8885472755183921033,SLH_DSA_PURE_SHA2_128S,0.0850779899628833,0.0020843740785494447,0.6310760069172829,0.001297180075198412,0.01097491302061826,0.011019335011951625,6.500462378025986,0.4947021274714713,2482153.0,7856.0,32.0,5000.0,True,False
9,28,11634216209402568716,SLH_DSA_PURE_SHA2_128S,0.0777303499635309,0.0013538709608837962,0.608384128077887,0.0010514679597690701,0.010768129024654627,0.010811683954671025,6.735879453946836,0.4586620409646706,2482153.0,7856.0,32.0,5000.0,True,False
9,29,762023862995180841,SLH_DSA_PURE_SHA2_128S,0.11437014804687351,0.0019916959572583437,0.6330201409291476,0.0011417840141803026,0.010718666948378086,0.01080887601710856,10.811523647978902,0.48074944178532264,2482153.0,7856.0,32.0,5000.0,True,False
9,29,14812767763146832924,SLH_DSA_PURE_SHA2_128S,0.08475579996593297,0.0017711109248921275,0.6316165870521218,0.0011341710342094302,0.010707819019444287,0.010756594012491405,10.717281603021547,0.4591596865207906,2482153.0,7856.0,32.0,5000.0,True,False
9,29,14802417346319398417,SLH_DSA_PURE_SHA2_128S,0.14607047603931278,0.0015125299105420709,0.6577803029213101,0.0010839180322363973,0.01114691502880305,0.011189635028131306,10.713226558989845,0.4296091879557842,2482153.0,7856.0,32.0,5000.0,True,False
9,29,11875144584809795652,SLH_DSA_PURE_SHA2_128S,0.07997989002615213,0.0013938359916210175,0.6526550959097221,0.0011219109874218702,0.01071855507325381,0.010766723076812923,10.910420677973889,0.4344660133645413,2482153.0,7856.0,32.0,5000.0,True,False
9,29,5633997548324197904,SLH_DSA_PURE_SHA2_128S,0.15904129797127098,0.0018913180101662874,0.6838953130645677,0.001111767953261733,0.010764308040961623,0.010805942001752555,10.954559998004697,0.4116189549588094,2482153.0,7856.0,32.0,5000.0,True,False
9,29,6793478778894551190,SLH_DSA_PURE_SHA2_128S,0.08624838897958398,0.0019321240251883864,0.6358450489351526,0.0011159919667989016,0.010784311918541789,0.010832967003807425,10.803321219049394,0.40046953729051316,2482153.0,7856.0,32.0,5000.0,True,False
9,29,10213042587872667676,SLH_DSA_PURE_SHA2_128S,0.1132847189437598,0.001400665962137282,0.658054462983273,0.0010622749105095863,0.010995003976859152,0.011065540020354092,11.17005442304071,0.4622174831000483,2482153.0,7856.0,32.0,5000.0,True,False
9,29,917722005680292550,SLH_DSA_PURE_SHA2_128S,0.07931742304936051,0.001367543009109795,0.6305503870826215,0.0011102859862148762,0.010968795977532864,0.01102103095036,11.146644559921697,0.43934411578070204,2482153.0,7856.0,32.0,5000.0,True,False
9,29,11634216209402568716,SLH_DSA_PURE_SHA2_128S,0.08513071795459837,0.0025337310507893562,0.6424359860830009,0.0011735219741240144,0.010716788936406374,0.010760387987829745,6.658097599982284,0.4303196753452348,2482153.0,7856.0,32.0,5000.0,True,False
9,29,8885472755183921033,SLH_DSA_PURE_SHA2_128S,0.07732972002122551,0.0013827889924868941,0.6045837190467864,0.001145584974437952,0.01086682896129787,0.01091723795980215,7.123698554933071,0.45669275455793756,2482153.0,7856.0,32.0,5000.0,True,False
9,30,14812767763146832924,SLH_DSA_PURE_SHA2_128S,0.08581749792210758,0.0021284649847075343,0.6812833310104907,0.0011087240418419242,0.010725412983447313,0.010827796068042517,10.612979282042943,0.4443170173675012,2482153.0,7856.0,32.0,5000.0,True,False
9,30,11875144584809795652,SLH_DSA_PURE_SHA2_128S,0.1486831899965182,0.0028820540755987167,0.7318107390310615,0.0012015259126201272,0.01062731200363487,0.010689766029827297,10.614514391985722,0.44174266775037835,2482153.0,7856.0,32.0,5000.0,True,False
9,30,762023862995180841,SLH_DSA_PURE_SHA2_128S,0.18815484293736517,0.00152521301060915,0.6704181309323758,0.00135883002076298,0.011131404084153473,0.011176993022672832,10.582695010001771,0.42711742559246196,2482153.0,7856.0,32.0,5000.0,True,False
9,30,14802417346319398417,SLH_DSA_PURE_SHA2_128S,0.09210870799142867,0.001556520932354033,1.1549928970634937,0.0011470710160210729,0.010701966006308794,0.01074594003148377,10.562669764040038,0.4034606405551646,2482153.0,7856.0,32.0,5000.0,True,False
9,30,10213042587872667676,SLH_DSA_PURE_SHA2_128S,0.1222898029955104,0.0018693689489737153,0.7837063249899074,0.001381288981065154,0.01072374708019197,0.010774130001664162,10.599133917014115,0.42350596283224357,2482153.0,7856.0,32.0,5000.0,True,False
9,30,917722005680292550,SLH_DSA_PURE_SHA2_128S,0.09985507000237703,0.0016117340419441462,0.7529965930152684,0.001308277016505599,0.011051674955524504,0.011112914071418345,10.690203850041144,0.4306682422638509,2482153.0,7856.0,32.0,5000.0,True,False
9,30,5633997548324197904,SLH_DSA_PURE_SHA2_128S,0.15935138193890452,0.0017142770811915398,1.198329931939952,0.0013676689704880118,0.010796290938742459,0.010883572045713663,10.517040094011463,0.4068825542630189,2482153.0,7856.0,32.0,5000.0,True,False
9,30,6793478778894551190,SLH_DSA_PURE_SHA2_128S,0.1756842250470072,0.0017113590147346258,0.8035444510169327,0.00138550391420722,0.010800509946420789,0.010851397062651813,10.581608858075924,0.3926648801833296,2482153.0,7856.0,32.0,5000.0,True,False
9,30,8885472755183921033,SLH_DSA_PURE_SHA2_128S,0.08515463199000806,0.00195148098282516,0.6236575830262154,0.001127548050135374,0.010914584039710462,0.010964220971800387,6.5269315500045195,0.4324112537726285,2482153.0,7856.0,32.0,5000.0,True,False
9,30,11634216209402568716,SLH_DSA_PURE_SHA2_128S,0.07673999399412423,0.0016882920172065496,0.6056788050336763,0.0011184740578755736,0.010733035043813288,0.010779447038657963,6.248109301901422,0.4193892892580598,2482153.0,7856.0,32.0,5000.0,True,False
10,1,5622119633900851523,SLH_DSA_PURE_SHA2_128S,0.08713678095955402,0.0023747769882902503,0.6588482930092141,0.0012847239850088954,0.010875946027226746,0.010995557997375727,10.988845405052416,2.0308124305336337,2482153.0,7856.0,32.0,5000.0,True,False
10,1,2762871711174254556,SLH_DSA_PURE_SHA2_128S,0.16408316500019282,0.001934362924657762,0.8142504200804979,0.0011176490224897861,0.01085076096933335,0.010904791997745633,10.975649644969963,2.063343845355283,2482153.0,7856.0,32.0,5000.0,True,False
10,1,18386892644566606236,SLH_DSA_PURE_SHA2_128S,0.18781393102835864,0.002161528915166855,0.6839795859996229,0.0011246519861742854,0.011176188010722399,0.0112247159704566,10.920855593984015,2.052087804314437,2482153.0,7856.0,32.0,5000.0,True,False
10,1,4150953140159230187,SLH_DSA_PURE_SHA2_128S,0.07976808294188231,0.0013903069775551558,0.6341982950689271,0.0010957529302686453,0.010839283000677824,0.010894336039200425,11.015874133910984,2.0389122947765763,2482153.0,7856.0,32.0,5000.0,True,False
10,1,9399626473883501096,SLH_DSA_PURE_SHA2_128S,0.10280054295435548,0.0017045310232788324,0.6389501469675452,0.0010812770342454314,0.010834633954800665,0.010912742000073195,11.116823327960446,2.0698944474481475,2482153.0,7856.0,32.0,5000.0,True,False
10,1,14635732121077068609,SLH_DSA_PURE_SHA2_128S,0.15143177297431976,0.0023331799311563373,0.7166691400343552,0.001144652022048831,0.010700942948460579,0.010754651040770113,11.183156522922218,2.014033383624569,2482153.0,7856.0,32.0,5000.0,True,False
10,1,13408360730194383900,SLH_DSA_PURE_SHA2_128S,0.08465938200242817,0.0015412300126627088,0.6419196670176461,0.0010636129882186651,0.010955268051475286,0.011004360974766314,11.015763641917147,2.005084346813761,2482153.0,7856.0,32.0,5000.0,True,False
10,1,1243597093261038898,SLH_DSA_PURE_SHA2_128S,0.08024181600194424,0.0013740930007770658,0.6862904169829562,0.0011410210281610489,0.010977371945045888,0.011044921935535967,11.044821479939856,2.0127278498023937,2482153.0,7856.0,32.0,5000.0,True,False
10,1,464335060425520997,SLH_DSA_PURE_SHA2_128S,0.07720605295617133,0.0015008520567789674,0.6077752170385793,0.0011202719761058688,0.010737764998339117,0.01078532007522881,6.514178157085553,2.0606018874295957,2482153.0,7856.0,32.0,5000.0,True,False
10,1,10973719282594938592,SLH_DSA_PURE_SHA2_128S,0.0825680970447138,0.0015546480426564813,0.613008022075519,0.0010792060056701303,0.011118441936559975,0.011166209005750716,6.434237312991172,2.0384135466472357,2482153.0,7856.0,32.0,5000.0,True,False
10,2,4150953140159230187,SLH_DSA_PURE_SHA2_128S,0.0844226210610941,0.0013753169914707541,0.6333520750049502,0.0010343750473111868,0.010605533956550062,0.010683413012884557,10.887323852977715,1.7732007237756329,2482153.0,7856.0,32.0,5000.0,True,False
10,2,18386892644566606236,SLH_DSA_PURE_SHA2_128S,0.1599516390124336,0.0017443919787183404,0.7198953839251772,0.0011269559618085623,0.0106291389092803,0.010684272972866893,10.737103647901677,1.7827399126283683,2482153.0,7856.0,32.0,5000.0,True,False
10,2,5622119633900851523,SLH_DSA_PURE_SHA2_128S,0.09154805296566337,0.0017078969394788146,0.6276407870464027,0.0011114900698885322,0.010669937008060515,0.01071566203609109,10.854717772919685,1.789017775256163,2482153.0,7856.0,32.0,5000.0,True,False
10,2,2762871711174254556,SLH_DSA_PURE_SHA2_128S,0.14939528703689575,0.001365510979667306,0.6301944599254057,0.0010912989964708686,0.010756962932646275,0.010808354010805488,10.934021846973337,1.7613811344857428,2482153.0,7856.0,32.0,5000.0,True,False
10,2,13408360730194383900,SLH_DSA_PURE_SHA2_128S,0.08498237608000636,0.0018972960533574224,0.6357173839351162,0.00110182398930192,0.010716659016907215,0.010762486956082284,11.104724371922202,1.8136589997892927,2482153.0,7856.0,32.0,5000.0,True,False
10,2,9399626473883501096,SLH_DSA_PURE_SHA2_128S,0.08650680596474558,0.0017791989957913756,0.641152985044755,0.0010633269557729363,0.010936568025499582,0.01098802499473095,11.072030237992294,1.7799256037754618,2482153.0,7856.0,32.0,5000.0,True,False
10,2,14635732121077068609,SLH_DSA_PURE_SHA2_128S,0.15983107208739966,0.001806176034733653,0.698433208046481,0.001098579028621316,0.010818528942763805,0.010892141028307378,11.095389558933675,1.7853853603836838,2482153.0,7856.0,32.0,5000.0,True,False
10,2,1243597093261038898,SLH_DSA_PURE_SHA2_128S,0.09008761506993324,0.0014544619480147958,0.6494499279651791,0.0010881490306928754,0.010844103991985321,0.010909346980042756,11.146867885021493,1.7997918986970451,2482153.0,7856.0,32.0,5000.0,True,False
10,2,464335060425520997,SLH_DSA_PURE_SHA2_128S,0.08473111607600003,0.0016846710350364447,0.6130699530476704,0.0010519339703023434,0.010769844986498356,0.010818002978339791,6.149698468041606,1.7609103902889665,2482153.0,7856.0,32.0,5000.0,True,False
10,2,10973719282594938592,SLH_DSA_PURE_SHA2_128S,0.07718543300870806,0.0013101620133966208,0.6138112749904394,0.00109973200596869,0.010770522989332676,0.01082027901429683,6.174440250964835,1.7609902643094397,2482153.0,7856.0,32.0,5000.0,True,False
10,3,2762871711174254556,SLH_DSA_PURE_SHA2_128S,0.10473690903745592,0.0016422709450125694,0.680432113003917,0.0013054540613666177,0.010943631990812719,0.011023594997823238,10.949296951992437,1.5680014289868105,2482153.0,7856.0,32.0,5000.0,True,False
10,3,18386892644566606236,SLH_DSA_PURE_SHA2_128S,0.08435640099924058,0.001597045105881989,0.6311792250489816,0.0013312760274857283,0.011253732023760676,0.011307152919471264,11.137405711924657,1.5977690929819823,2482153.0,7856.0,32.0,5000.0,True,False
10,3,4150953140159230187,SLH_DSA_PURE_SHA2_128S,0.16221105796284974,0.0017854210454970598,0.6865717669716105,0.0012681849766522646,0.011175839928910136,0.01122509001288563,11.003704988979734,1.5627496576612923,2482153.0,7856.0,32.0,5000.0,True,False
10,3,5622119633900851523,SLH_DSA_PURE_SHA2_128S,0.10303783195558935,0.0013551460579037666,0.6309619850944728,0.0011808949057012796,0.010903742047958076,0.01095290295779705,11.212885580956936,1.5778728419808066,2482153.0,7856.0,32.0,5000.0,True,False
10,3,13408360730194383900,SLH_DSA_PURE_SHA2_128S,0.08502753102220595,0.002051666029728949,0.6689812849508598,0.0011672930559143424,0.011017002980224788,0.011064205085858703,10.772246453096159,1.5814949213319522,2482153.0,7856.0,32.0,5000.0,True,False
10,3,14635732121077068609,SLH_DSA_PURE_SHA2_128S,0.1424748469144106,0.0031685259891673923,0.7298381710425019,0.0012600410263985395,0.011009435984306037,0.011059633921831846,10.926417023991235,1.593074533590086,2482153.0,7856.0,32.0,5000.0,True,False
10,3,9399626473883501096,SLH_DSA_PURE_SHA2_128S,0.15112532407511026,0.002012105076573789,0.6943144579418004,0.001241945894435048,0.011279188911430538,0.011366930906660855,11.039121604990214,1.5757295181796809,2482153.0,7856.0,32.0,5000.0,True,False
10,3,1243597093261038898,SLH_DSA_PURE_SHA2_128S,0.07916785695124418,0.0013298620469868183,0.6718846409348771,0.001369207981042564,0.010989328962750733,0.011048995074816048,11.19170619000215,1.6154340171510246,2482153.0,7856.0,32.0,5000.0,True,False
10,3,464335060425520997,SLH_DSA_PURE_SHA2_128S,0.0846059350296855,0.0016596689820289612,0.614989806083031,0.0013050989946350455,0.011045882012695074,0.011093490058556199,6.169166994979605,1.6199958347211219,2482153.0,7856.0,32.0,5000.0,True,False
10,3,10973719282594938592,SLH_DSA_PURE_SHA2_128S,0.07760883204173297,0.001602672040462494,0.6442779139615595,0.0011714550200849771,0.010981090948916972,0.011030943016521633,6.185817841091193,1.576042422063791,2482153.0,7856.0,32.0,5000.0,True,False
10,4,5622119633900851523,SLH_DSA_PURE_SHA2_128S,0.14534354803618044,0.0026042090030387044,0.689205378992483,0.001216244068928063,0.010870227008126676,0.010953329037874937,10.75914840598125,1.4675907245866813,2482153.0,7856.0,32.0,5000.0,True,False
10,4,4150953140159230187,SLH_DSA_PURE_SHA2_128S,0.14351534890010953,0.0021884869784116745,0.7393534570001066,0.0011720689944922924,0.01098770892713219,0.0110321860993281,10.823243453982286,1.4513384992149985,2482153.0,7856.0,32.0,5000.0,True,False
10,4,18386892644566606236,SLH_DSA_PURE_SHA2_128S,0.1707231600303203,0.001494735013693571,0.6356806950643659,0.0011190039804205298,0.01080077898222953,0.01084473798982799,11.004155159927905,1.4581515663748335,2482153.0,7856.0,32.0,5000.0,True,False
10,4,2762871711174254556,SLH_DSA_PURE_SHA2_128S,0.07954612502362579,0.0014170199865475297,0.7249138050246984,0.0012011509388685226,0.011009955080226064,0.01105903391726315,11.138016619021073,1.452873509400969,2482153.0,7856.0,32.0,5000.0,True,False
10,4,14635732121077068609,SLH_DSA_PURE_SHA2_128S,0.08641167904715985,0.0016663960414007306,0.6432438729098067,0.0011189259821549058,0.010725373052991927,0.010770018096081913,11.140155142056756,1.467471696009302,2482153.0,7856.0,32.0,5000.0,True,False
10,4,9399626473883501096,SLH_DSA_PURE_SHA2_128S,0.14982413197867572,0.002111797919496894,0.7369487740797922,0.0011309579713270068,0.010758592979982495,0.010807578917592764,11.004128942964599,1.456523128755533,2482153.0,7856.0,32.0,5000.0,True,False
10,4,13408360730194383900,SLH_DSA_PURE_SHA2_128S,0.08459455892443657,0.002568528987467289,0.6380916109774262,0.001074019935913384,0.010846588993445039,0.010924394940957427,11.044152208953165,1.4585135506976181,2482153.0,7856.0,32.0,5000.0,True,False
10,4,1243597093261038898,SLH_DSA_PURE_SHA2_128S,0.07954101299401373,0.0013443699572235346,0.631607857067138,0.0011205439222976565,0.011117352987639606,0.011166853946633637,11.011224827030674,1.5068117896462703,2482153.0,7856.0,32.0,5000.0,True,False
10,4,10973719282594938592,SLH_DSA_PURE_SHA2_128S,0.11902262002695352,0.0018510979134589434,0.6393742599757388,0.0010718220146372914,0.0110733910696581,0.011118281981907785,6.0964005150599405,1.4398946268543316,2482153.0,7856.0,32.0,5000.0,True,False
10,4,464335060425520997,SLH_DSA_PURE_SHA2_128S,0.07825099700130522,0.001465470064431429,0.6191416659858078,0.0012304569827392697,0.010845112963579595,0.010892274091020226,6.460038837045431,1.499586733663158,2482153.0,7856.0,32.0,5000.0,True,False
10,5,4150953140159230187,SLH_DSA_PURE_SHA2_128S,0.08861576905474067,0.00218030100222677,0.6358483240474015,0.0011257119476795197,0.010870952042751014,0.01096156903076917,11.013942738994956,1.3560057544404533,2482153.0,7856.0,32.0,5000.0,True,False
10,5,2762871711174254556,SLH_DSA_PURE_SHA2_128S,0.10865543503314257,0.0013963630190119147,0.6262645940296352,0.001133587909862399,0.010897297062911093,0.010947244940325618,11.106257030973211,1.3474554415721043,2482153.0,7856.0,32.0,5000.0,True,False
10,5,18386892644566606236,SLH_DSA_PURE_SHA2_128S,0.11650181701406837,0.00153817399404943,0.6322835159953684,0.0010778190335258842,0.010703593958169222,0.010754213901236653,11.10194626392331,1.3623730160628156,2482153.0,7856.0,32.0,5000.0,True,False
10,5,5622119633900851523,SLH_DSA_PURE_SHA2_128S,0.07962676102761179,0.0013597010402008891,0.710672372020781,0.0011447950964793563,0.010768634034320712,0.010816366993822157,11.134367441991344,1.3735445130402875,2482153.0,7856.0,32.0,5000.0,True,False
10,5,14635732121077068609,SLH_DSA_PURE_SHA2_128S,0.11204726702999324,0.002572776982560754,0.6574944470776245,0.0011315600713714957,0.01088036596775055,0.010931786033324897,10.9246617089957,1.3680272804703681,2482153.0,7856.0,32.0,5000.0,True,False
10,5,13408360730194383900,SLH_DSA_PURE_SHA2_128S,0.14118190808221698,0.001842336030676961,0.6340888950508088,0.0010966670233756304,0.010669169016182423,0.010718610952608287,10.990720579051413,1.3371119191692133,2482153.0,7856.0,32.0,5000.0,True,False
10,5,9399626473883501096,SLH_DSA_PURE_SHA2_128S,0.09345707600004971,0.0014264759374782443,0.63082163000945,0.0011463470291346312,0.01077720697503537,0.01086002099327743,11.068435076042078,1.3723899088088114,2482153.0,7856.0,32.0,5000.0,True,False
10,5,1243597093261038898,SLH_DSA_PURE_SHA2_128S,0.07971977000124753,0.001375115942209959,0.6302972809644416,0.0010901369387283921,0.010880729998461902,0.010944808018393815,11.058745570946485,1.4017246916035937,2482153.0,7856.0,32.0,5000.0,True,False
10,5,464335060425520997,SLH_DSA_PURE_SHA2_128S,0.08547193696722388,0.0018555180868133903,0.6513290129369125,0.001199123915284872,0.010856305016204715,0.010900889988988638,6.4532752520171925,1.379777515769764,2482153.0,7856.0,32.0,5000.0,True,False
10,5,10973719282594938592,SLH_DSA_PURE_SHA2_128S,0.0788318959530443,0.0013670880580320954,0.6163646170170978,0.0012223110534250736,0.010775213013403118,0.010823357966728508,6.530919604003429,1.3471771163545596,2482153.0,7856.0,32.0,5000.0,True,False
10,6,5622119633900851523,SLH_DSA_PURE_SHA2_128S,0.08643427793867886,0.0024876489769667387,0.6435784950153902,0.001107727992348373,0.010786731028929353,0.010865760035812855,10.865298007032834,1.289700743119428,2482153.0,7856.0,32.0,5000.0,True,False
10,6,2762871711174254556,SLH_DSA_PURE_SHA2_128S,0.13670412497594953,0.0020762820495292544,0.669185476959683,0.0010692889336496592,0.011256964993663132,0.011307645938359201,10.910742960055359,1.2374031129916003,2482153.0,7856.0,32.0,5000.0,True,False
10,6,18386892644566606236,SLH_DSA_PURE_SHA2_128S,0.16256108903326094,0.001596693997271359,0.6318419449962676,0.0010812239488586783,0.010643552988767624,0.010688109090551734,11.059079310973175,1.2517254675269887,2482153.0,7856.0,32.0,5000.0,True,False
10,6,4150953140159230187,SLH_DSA_PURE_SHA2_128S,0.08645699499174953,0.0014064799761399627,0.640881507890299,0.0010876799933612347,0.010890319012105465,0.010941455024294555,11.192020697984844,1.2711414197447952,2482153.0,7856.0,32.0,5000.0,True,False
10,6,14635732121077068609,SLH_DSA_PURE_SHA2_128S,0.08752662292681634,0.0018810279434546828,0.6393652720144019,0.0010733429808169603,0.010648470022715628,0.010695199016481638,11.107173996046185,1.2918196593879894,2482153.0,7856.0,32.0,5000.0,True,False
10,6,13408360730194383900,SLH_DSA_PURE_SHA2_128S,0.084211606066674,0.0015335780335590243,0.6311511830426753,0.0010718279518187046,0.010777527932077646,0.010827378020621836,10.969732704106718,1.2406323066182956,2482153.0,7856.0,32.0,5000.0,True,False
10,6,9399626473883501096,SLH_DSA_PURE_SHA2_128S,0.15425290795974433,0.0022944050142541528,0.6640600820537657,0.001344262040220201,0.010930671938695014,0.011010214919224381,10.990976350964047,1.2623771155715748,2482153.0,7856.0,32.0,5000.0,True,False
10,6,1243597093261038898,SLH_DSA_PURE_SHA2_128S,0.08023251104168594,0.001378042041324079,0.6356898839585483,0.0010863430798053741,0.010677693993784487,0.010779346921481192,10.890979891992174,1.2949535911250267,2482153.0,7856.0,32.0,5000.0,True,False
10,6,10973719282594938592,SLH_DSA_PURE_SHA2_128S,0.12388289801310748,0.0016812760150060058,0.6280238889157772,0.0010947500122711062,0.011800923966802657,0.011847071000374854,6.19708765600808,1.267792909767977,2482153.0,7856.0,32.0,5000.0,True,False
10,6,464335060425520997,SLH_DSA_PURE_SHA2_128S,0.07895647489931434,0.0013882050989195704,0.6167049040086567,0.0011379929492250085,0.011160823982208967,0.011212816927582026,6.508501101983711,1.2897776543714439,2482153.0,7856.0,32.0,5000.0,True,False
10,7,18386892644566606236,SLH_DSA_PURE_SHA2_128S,0.1594220109982416,0.0019027169328182936,0.8196856679860502,0.0010986640118062496,0.011274730088189244,0.011356711038388312,10.600732279010117,1.193214214151832,2482153.0,7856.0,32.0,5000.0,True,False
10,7,2762871711174254556,SLH_DSA_PURE_SHA2_128S,0.08728734694886953,0.0020174639066681266,0.6357686519622803,0.0011811479926109314,0.010733005008660257,0.010785080958157778,10.938554368913174,1.1535355686002475,2482153.0,7856.0,32.0,5000.0,True,False
10,7,5622119633900851523,SLH_DSA_PURE_SHA2_128S,0.07941119000315666,0.0013704729499295354,0.634425925090909,0.0010746150510385633,0.01076779596041888,0.010813524946570396,11.019296957063489,1.2190269600054262,2482153.0,7856.0,32.0,5000.0,True,False
10,7,4150953140159230187,SLH_DSA_PURE_SHA2_128S,0.13898894097656012,0.001490551047027111,0.6295341099612415,0.001149442046880722,0.010684242006391287,0.010735685005784035,10.949388985987753,1.198182295082481,2482153.0,7856.0,32.0,5000.0,True,False
10,7,14635732121077068609,SLH_DSA_PURE_SHA2_128S,0.18772399704903364,0.0017423209501430392,0.6789367200108245,0.0010893369326367974,0.010861710063181818,0.010908165946602821,11.01795962790493,1.2183214710776213,2482153.0,7856.0,32.0,5000.0,True,False
10,7,13408360730194383900,SLH_DSA_PURE_SHA2_128S,0.16908180294558406,0.001799879944883287,0.734712494071573,0.0014224989572539926,0.010721466969698668,0.010782222962006927,10.616495262947865,1.1737124039109346,2482153.0,7856.0,32.0,5000.0,True,False
10,7,9399626473883501096,SLH_DSA_PURE_SHA2_128S,0.08376672503072768,0.0015112520195543766,0.6319330759579316,0.0010512479348108172,0.011336805997416377,0.011413200991228223,11.080226171994582,1.1823827035867485,2482153.0,7856.0,32.0,5000.0,True,False
10,7,1243597093261038898,SLH_DSA_PURE_SHA2_128S,0.07913991005625576,0.0013993700267747045,0.6394528389209881,0.0011629760265350342,0.010786891099996865,0.010836280067451298,10.919179952004924,1.1926538401348576,2482153.0,7856.0,32.0,5000.0,True,False
10,7,10973719282594938592,SLH_DSA_PURE_SHA2_128S,0.08864554495085031,0.0022894799476489425,0.6368467529537156,0.0010667179012671113,0.011005461914464831,0.01105125097092241,6.190392519929446,1.1879573980714107,2482153.0,7856.0,32.0,5000.0,True,False
10,7,464335060425520997,SLH_DSA_PURE_SHA2_128S,0.07926287595182657,0.001508676097728312,0.6150502288946882,0.001157392980530858,0.010985207976773381,0.011034599971026182,6.451934271026403,1.2280008542309901,2482153.0,7856.0,32.0,5000.0,True,False
10,8,18386892644566606236,SLH_DSA_PURE_SHA2_128S,0.14507695706561208,0.0030137390131130815,0.7285265630343929,0.0010817900765687227,0.010766344959847629,0.010841730050742626,10.714871515985578,1.1243292617190415,2482153.0,7856.0,32.0,5000.0,True,False
10,8,4150953140159230187,SLH_DSA_PURE_SHA2_128S,0.08577798795886338,0.0015516610583290458,0.6326709480490535,0.0010670339688658714,0.01099272700957954,0.011038399999961257,10.973461225978099,1.1242718973736854,2482153.0,7856.0,32.0,5000.0,True,False
10,8,5622119633900851523,SLH_DSA_PURE_SHA2_128S,0.11746094201225787,0.001461875974200666,0.6394214489264414,0.0010276379762217402,0.011008923058398068,0.011054352973587811,11.028487739968114,1.1489521591526688,2482153.0,7856.0,32.0,5000.0,True,False
10,8,2762871711174254556,SLH_DSA_PURE_SHA2_128S,0.0861143390648067,0.0013513740850612521,0.6303676429670304,0.0010636369697749615,0.010743132908828557,0.010791835025884211,11.087136548943818,1.0813482823265586,2482153.0,7856.0,32.0,5000.0,True,False
10,8,9399626473883501096,SLH_DSA_PURE_SHA2_128S,0.14738294400740415,0.002620485029183328,0.6312311890069395,0.0010026799282059073,0.010702416999265552,0.010746664949692786,11.098088073078543,1.114221301428072,2482153.0,7856.0,32.0,5000.0,True,False
10,8,14635732121077068609,SLH_DSA_PURE_SHA2_128S,0.08615608105901629,0.0022772200172767043,0.6313481159741059,0.001095292973332107,0.010810676962137222,0.010856984066776931,11.304852668079548,1.1415589994685664,2482153.0,7856.0,32.0,5000.0,True,False
10,8,13408360730194383900,SLH_DSA_PURE_SHA2_128S,0.0802907629404217,0.0013840299798175693,0.6373628911096603,0.0010651139309629798,0.011199467931874096,0.011277746059931815,11.113030213979073,1.1031440439497588,2482153.0,7856.0,32.0,5000.0,True,False
10,8,1243597093261038898,SLH_DSA_PURE_SHA2_128S,0.0809054229175672,0.001346191973425448,0.7152754390845075,0.0010215899674221873,0.010843299911357462,0.010888416902162135,11.06063148798421,1.147210747193379,2482153.0,7856.0,32.0,5000.0,True,False
10,8,10973719282594938592,SLH_DSA_PURE_SHA2_128S,0.08492060797289014,0.0015493059763684869,0.6471525840461254,0.001043730997480452,0.010795640060678124,0.01084150094538927,6.156407002010383,1.1040704132644994,2482153.0,7856.0,32.0,5000.0,True,False
10,8,464335060425520997,SLH_DSA_PURE_SHA2_128S,0.07672189304139465,0.0013531399890780449,0.6049143410054967,0.0010516480542719364,0.010775531991384923,0.010821956093423069,6.604299369966611,1.1339059855527938,2482153.0,7856.0,32.0,5000.0,True,False
10,9,5622119633900851523,SLH_DSA_PURE_SHA2_128S,0.12261812202632427,0.001527781947515905,0.6351841819705442,0.001088947057723999,0.011066409992054105,0.011145106051117182,10.646684392006136,1.0691099624345257,2482153.0,7856.0,32.0,5000.0,True,False
10,9,18386892644566606236,SLH_DSA_PURE_SHA2_128S,0.09189673489890993,0.0017639030702412128,0.6380118530942127,0.0011446799617260695,0.010744565981440246,0.010790360975079238,10.698107136995532,1.0630534689897184,2482153.0,7856.0,32.0,5000.0,True,False
10,9,4150953140159230187,SLH_DSA_PURE_SHA2_128S,0.08296582102775574,0.00152685702778399,0.631729091051966,0.0010612020269036293,0.010670849937014282,0.010716428980231285,10.781634375918657,1.0789998431873928,2482153.0,7856.0,32.0,5000.0,True,False
10,9,2762871711174254556,SLH_DSA_PURE_SHA2_128S,0.07991614006459713,0.0013752250233665109,0.6347563880262896,0.001164669985882938,0.010654269019141793,0.010702398954890668,10.85465618595481,1.0159071192240259,2482153.0,7856.0,32.0,5000.0,True,False
10,9,14635732121077068609,SLH_DSA_PURE_SHA2_128S,0.13645162503235042,0.0016230950132012367,0.6285577659728006,0.001063307048752904,0.011308124987408519,0.011352841043844819,11.048802552046254,1.0810033280378695,2482153.0,7856.0,32.0,5000.0,True,False
10,9,1243597093261038898,SLH_DSA_PURE_SHA2_128S,0.08159150101710111,0.0014293270651251078,0.6332242030184716,0.0011332229478284717,0.010740566067397594,0.010786673985421658,10.94588326709345,1.0779991768727637,2482153.0,7856.0,32.0,5000.0,True,False
10,9,9399626473883501096,SLH_DSA_PURE_SHA2_128S,0.07942091498989612,0.0014266700018197298,0.6504905829206109,0.0010788930812850595,0.010966419940814376,0.011045212973840535,11.102164721000008,1.0557776550958111,2482153.0,7856.0,32.0,5000.0,True,False
10,9,13408360730194383900,SLH_DSA_PURE_SHA2_128S,0.09695830394048244,0.0014270429965108633,0.634638246963732,0.001183355925604701,0.010798080009408295,0.010850740014575422,10.97923564107623,1.0565871987373205,2482153.0,7856.0,32.0,5000.0,True,False
10,9,464335060425520997,SLH_DSA_PURE_SHA2_128S,0.08475866401568055,0.0022048749960958958,0.6253145000664517,0.0010722529841586947,0.010696883080527186,0.010750918067060411,6.438192546949722,1.061126878307124,2482153.0,7856.0,32.0,5000.0,True,False
10,9,10973719282594938592,SLH_DSA_PURE_SHA2_128S,0.07692458294332027,0.0014029270969331264,0.6100846789777279,0.0010947620030492544,0.010732718044891953,0.010779922013171017,6.6053092839429155,1.051552928557062,2482153.0,7856.0,32.0,5000.0,True,False
10,10,5622119633900851523,SLH_DSA_PURE_SHA2_128S,0.08327235002070665,0.0013891850830987096,0.6291923560202122,0.0010467040119692683,0.010749139008112252,0.010848497040569782,10.922913757967763,1.0033323926151179,2482153.0,7856.0,32.0,5000.0,True,False
10,10,2762871711174254556,SLH_DSA_PURE_SHA2_128S,0.16067761497106403,0.0021282730158418417,0.710729154990986,0.0010910200653597713,0.010756711009889841,0.010801491909660399,10.684305048082024,0.973345502166991,2482153.0,7856.0,32.0,5000.0,True,False
10,10,18386892644566606236,SLH_DSA_PURE_SHA2_128S,0.1699902630643919,0.0015391219640150666,0.6327631759922951,0.0010614990023896098,0.010904449038207531,0.010948760085739195,10.829215276055038,1.0006484474725783,2482153.0,7856.0,32.0,5000.0,True,False
10,10,4150953140159230187,SLH_DSA_PURE_SHA2_128S,0.08061007899232209,0.0014060040703043342,0.6296481699682772,0.0012762229889631271,0.01079466799274087,0.01085041998885572,10.970527417957783,1.0266087757554023,2482153.0,7856.0,32.0,5000.0,True,False
10,10,14635732121077068609,SLH_DSA_PURE_SHA2_128S,0.09297236299607903,0.0015253190649673343,0.6392510069999844,0.0010768079664558172,0.010865140939131379,0.010910149081610143,11.085171564947814,1.0127552956532522,2482153.0,7856.0,32.0,5000.0,True,False
10,10,13408360730194383900,SLH_DSA_PURE_SHA2_128S,0.15826951200142503,0.0016802630852907896,0.72958263696637,0.0011050489265471697,0.010827685007825494,0.0108714239904657,10.774762435001321,0.9796234991899722,2482153.0,7856.0,32.0,5000.0,True,False
10,10,9399626473883501096,SLH_DSA_PURE_SHA2_128S,0.08441045391373336,0.002940822974778712,0.6408841260708869,0.0010772469686344266,0.010876943939365447,0.010949823074042797,10.955786806996912,1.0291727325718873,2482153.0,7856.0,32.0,5000.0,True,False
10,10,1243597093261038898,SLH_DSA_PURE_SHA2_128S,0.08428593492135406,0.0014090840704739094,0.6652828441001475,0.0010991269955411553,0.01081605302169919,0.010864884010516107,11.037028906983323,1.0250717010467676,2482153.0,7856.0,32.0,5000.0,True,False
10,10,10973719282594938592,SLH_DSA_PURE_SHA2_128S,0.08455249504186213,0.002164084929972887,0.6419580730143934,0.0010369670344516635,0.010761781013570726,0.010805479949340224,6.365316557930782,0.9840994648113373,2482153.0,7856.0,32.0,5000.0,True,False
10,10,464335060425520997,SLH_DSA_PURE_SHA2_128S,0.07693937397561967,0.0016852800035849214,0.6051479460438713,0.0011091179912909865,0.01067727105692029,0.010721068014390767,6.791789997019805,0.9974925221910902,2482153.0,7856.0,32.0,5000.0,True,False
10,11,5622119633900851523,SLH_DSA_PURE_SHA2_128S,0.08706527401227504,0.0021181009942665696,0.6423823779914528,0.001107358024455607,0.010767075000330806,0.010846832999959588,10.806964674964547,0.9516295336993637,2482153.0,7856.0,32.0,5000.0,True,False
10,11,4150953140159230187,SLH_DSA_PURE_SHA2_128S,0.08239928598050028,0.0014198480639606714,0.6355579140363261,0.0010710370261222124,0.011110171093605459,0.011365502956323326,10.996326931985095,0.983828389910376,2482153.0,7856.0,32.0,5000.0,True,False
10,11,2762871711174254556,SLH_DSA_PURE_SHA2_128S,0.08393853704910725,0.0014544479781761765,0.6308453320525587,0.001075300038792193,0.010931017925031483,0.010977464029565454,10.980917379027233,0.918925157587999,2482153.0,7856.0,32.0,5000.0,True,False
10,11,18386892644566606236,SLH_DSA_PURE_SHA2_128S,0.079998177010566,0.0014133870135992765,0.6618711010087281,0.0010647469898685813,0.010809010011143982,0.010856101987883449,11.026963312993757,0.9685020934624277,2482153.0,7856.0,32.0,5000.0,True,False
10,11,14635732121077068609,SLH_DSA_PURE_SHA2_128S,0.15811782807577401,0.002688281936571002,0.6845047440147027,0.0010638600215315819,0.010638726991601288,0.010685966932214797,11.05253768991679,0.9745145770394879,2482153.0,7856.0,32.0,5000.0,True,False
10,11,13408360730194383900,SLH_DSA_PURE_SHA2_128S,0.08548640599474311,0.0015262550441548228,0.6358289599884301,0.0010733309900388122,0.010769760934635997,0.010844507021829486,10.937653037020937,0.9268953249712658,2482153.0,7856.0,32.0,5000.0,True,False
10,11,1243597093261038898,SLH_DSA_PURE_SHA2_128S,0.11640721000730991,0.0013844250934198499,0.6937781770247966,0.0010856610024347901,0.010830234037712216,0.010908146039582789,10.894760579918511,0.9737147662290342,2482153.0,7856.0,32.0,5000.0,True,False
10,11,9399626473883501096,SLH_DSA_PURE_SHA2_128S,0.07958698598667979,0.0014309249818325043,0.6295709470286965,0.0011193089885637164,0.010820694034919143,0.010868665063753724,11.068312310962938,0.9614100186688126,2482153.0,7856.0,32.0,5000.0,True,False
10,11,10973719282594938592,SLH_DSA_PURE_SHA2_128S,0.08604286098852754,0.0028600950026884675,0.6157796959159896,0.0010754941031336784,0.010735101997852325,0.010780870099551976,6.614492753986269,0.9340636640976948,2482153.0,7856.0,32.0,5000.0,True,False
10,11,464335060425520997,SLH_DSA_PURE_SHA2_128S,0.07679776195436716,0.0013185970019549131,0.6081147759687155,0.0011604750761762261,0.010871682083234191,0.01091945602092892,6.795683384058066,0.9392261081820081,2482153.0,7856.0,32.0,5000.0,True,False
10,12,2762871711174254556,SLH_DSA_PURE_SHA2_128S,0.157305717933923,0.0024762219982221723,0.7143095299834386,0.0011306180385872722,0.010755478986538947,0.010839655995368958,10.715072931954637,0.8828757270506233,2482153.0,7856.0,32.0,5000.0,True,False
10,12,18386892644566606236,SLH_DSA_PURE_SHA2_128S,0.08270639402326196,0.0015038870042189956,0.6282859690254554,0.0010629139142110944,0.010693054995499551,0.01073673099745065,10.913987391977571,0.9119287721670357,2482153.0,7856.0,32.0,5000.0,True,False
10,12,5622119633900851523,SLH_DSA_PURE_SHA2_128S,0.16194212494883686,0.0014077350497245789,0.6460511339828372,0.0010292190127074718,0.010711209033615887,0.01075590297114104,10.88123101904057,0.8949636215237295,2482153.0,7856.0,32.0,5000.0,True,False
10,12,4150953140159230187,SLH_DSA_PURE_SHA2_128S,0.07929835689719766,0.0013701380230486393,0.6345114890718833,0.001413858961313963,0.010706230998039246,0.01075491402298212,10.972121187951416,0.9068256637473016,2482153.0,7856.0,32.0,5000.0,True,False
10,12,14635732121077068609,SLH_DSA_PURE_SHA2_128S,0.16032051702495664,0.00207612500526011,0.7899123799288645,0.0010482280049473047,0.010694461991079152,0.01074109401088208,10.745837719994597,0.9252449573984571,2482153.0,7856.0,32.0,5000.0,True,False
10,12,1243597093261038898,SLH_DSA_PURE_SHA2_128S,0.08483156701549888,0.0017247269861400127,0.634479216998443,0.0011110251070931554,0.010866708005778491,0.010912587982602417,10.777352435979992,0.909958136309484,2482153.0,7856.0,32.0,5000.0,True,False
10,12,9399626473883501096,SLH_DSA_PURE_SHA2_128S,0.18523762200493366,0.0016936319880187511,0.7061638350132853,0.001024009077809751,0.010854298016056418,0.01094873994588852,10.80123992706649,0.9408761754537084,2482153.0,7856.0,32.0,5000.0,True,False
10,12,13408360730194383900,SLH_DSA_PURE_SHA2_128S,0.0789371730061248,0.0013551360461860895,0.6333389119245112,0.0010704169981181622,0.011269169044680893,0.011314650997519493,10.966414174996316,0.8900206724929202,2482153.0,7856.0,32.0,5000.0,True,False
10,12,10973719282594938592,SLH_DSA_PURE_SHA2_128S,0.08454515901394188,0.0018579999450594187,0.6262421270366758,0.0010302930604666471,0.010682396008633077,0.0107275799382478,6.410078797955066,0.8638699832995227,2482153.0,7856.0,32.0,5000.0,True,False
10,12,464335060425520997,SLH_DSA_PURE_SHA2_128S,0.07780594599898905,0.0013751221122220159,0.6083857219200581,0.0010921930661424994,0.010724571999162436,0.010770211927592754,6.698282346013002,0.8943822661023231,2482153.0,7856.0,32.0,5000.0,True,False
10,13,2762871711174254556,SLH_DSA_PURE_SHA2_128S,0.12383662501815706,0.0019261259585618973,0.6360143380006775,0.0010606329888105392,0.010885510011576116,0.010971104959025979,10.880766039015725,0.839250403414866,2482153.0,7856.0,32.0,5000.0,True,False
10,13,4150953140159230187,SLH_DSA_PURE_SHA2_128S,0.08499754499644041,0.001554274931550026,0.6318253489444032,0.0010554329492151737,0.011094302055425942,0.011142370058223605,10.94739943696186,0.8798999374459504,2482153.0,7856.0,32.0,5000.0,True,False
10,13,5622119633900851523,SLH_DSA_PURE_SHA2_128S,0.1257936409674585,0.0014780550263822079,0.634646377991885,0.001041437964886427,0.011297376942820847,0.011343169957399368,10.948964574025013,0.8442436330447531,2482153.0,7856.0,32.0,5000.0,True,False
10,13,18386892644566606236,SLH_DSA_PURE_SHA2_128S,0.08019432099536061,0.0014357550535351038,0.6560849639354274,0.001171177951619029,0.010743527906015515,0.010792877990752459,11.041062737931497,0.86466219413812,2482153.0,7856.0,32.0,5000.0,True,False
10,13,9399626473883501096,SLH_DSA_PURE_SHA2_128S,0.1750406789360568,0.0022308940533548594,0.7660549100255594,0.001162589993327856,0.010770858963951468,0.01081897597759962,10.828762535005808,0.8848589639754811,2482153.0,7856.0,32.0,5000.0,True,False
10,13,1243597093261038898,SLH_DSA_PURE_SHA2_128S,0.0837112880544737,0.001575250062160194,0.6399914589710534,0.001089985016733408,0.010749135981313884,0.010798378032632172,10.95431668299716,0.8692892998646778,2482153.0,7856.0,32.0,5000.0,True,False
10,13,14635732121077068609,SLH_DSA_PURE_SHA2_128S,0.18735043692868203,0.0018015600508078933,0.7611530390568078,0.0011285380460321903,0.010897221975028515,0.010979013051837683,10.919387866044417,0.8872323508854885,2482153.0,7856.0,32.0,5000.0,True,False
10,13,13408360730194383900,SLH_DSA_PURE_SHA2_128S,0.0801786920055747,0.001395904109813273,0.6320169330574572,0.0010319070424884558,0.010758232907392085,0.010830018087290227,11.265464407973923,0.8608348168385257,2482153.0,7856.0,32.0,5000.0,True,False
10,13,464335060425520997,SLH_DSA_PURE_SHA2_128S,0.08464216999709606,0.0016219759127125144,0.6255201130406931,0.0010392599506303668,0.010778575902804732,0.01082276797387749,6.539188135997392,0.8591220862926192,2482153.0,7856.0,32.0,5000.0,True,False
10,13,10973719282594938592,SLH_DSA_PURE_SHA2_128S,0.07678633194882423,0.0013371430104598403,0.60801620001439,0.0011129970662295818,0.010711238021031022,0.010758772026747465,6.68366048799362,0.8331565482980886,2482153.0,7856.0,32.0,5000.0,True,False
10,14,4150953140159230187,SLH_DSA_PURE_SHA2_128S,0.14694734592922032,0.001611571991816163,0.6562766989227384,0.0010771380038931966,0.010704154963605106,0.010785777936689556,10.942612133920193,0.8262577624457657,2482153.0,7856.0,32.0,5000.0,True,False
10,14,2762871711174254556,SLH_DSA_PURE_SHA2_128S,0.12106287502683699,0.001399712054990232,0.6295041859848425,0.0010763519676402211,0.010681732906959951,0.010726131964474916,11.06569868302904,0.7836853056956249,2482153.0,7856.0,32.0,5000.0,True,False
10,14,18386892644566606236,SLH_DSA_PURE_SHA2_128S,0.07956786104477942,0.0013401630567386746,0.6305655289907008,0.0010197380324825644,0.011186237912625074,0.011231965036131442,11.081726120086387,0.8078955264797636,2482153.0,7856.0,32.0,5000.0,True,False
10,14,5622119633900851523,SLH_DSA_PURE_SHA2_128S,0.11287134501617402,0.001422055996954441,0.6338399079395458,0.0011214780388399959,0.011209278949536383,0.011254588956944644,10.99982053192798,0.8114153300500979,2482153.0,7856.0,32.0,5000.0,True,False
10,14,14635732121077068609,SLH_DSA_PURE_SHA2_128S,0.08554517501033843,0.00163626903668046,0.6329383460106328,0.0010165739804506302,0.010869901976548135,0.010923595051281154,10.819670867989771,0.8416268549337509,2482153.0,7856.0,32.0,5000.0,True,False
10,14,13408360730194383900,SLH_DSA_PURE_SHA2_128S,0.18565587198827416,0.001604837947525084,0.6361420389730483,0.0010952659649774432,0.010726892971433699,0.010771497036330402,10.680872705066577,0.8082775877919167,2482153.0,7856.0,32.0,5000.0,True,False
10,14,9399626473883501096,SLH_DSA_PURE_SHA2_128S,0.17942427203524858,0.002305396948941052,0.6672810119343922,0.0010284549789503217,0.010896769934333861,0.010971258976496756,10.746135358000174,0.8677069975691996,2482153.0,7856.0,32.0,5000.0,True,False
10,14,1243597093261038898,SLH_DSA_PURE_SHA2_128S,0.07945969700813293,0.0013967279810458422,0.6548856899607927,0.0011323649669066072,0.010874853935092688,0.010927482042461634,10.873085035011172,0.8164552233781025,2482153.0,7856.0,32.0,5000.0,True,False
10,14,464335060425520997,SLH_DSA_PURE_SHA2_128S,0.08460165001451969,0.0021239700727164745,0.6351371869677678,0.0010521020740270615,0.010873072082176805,0.010924409958533943,6.332622376969084,0.8033743760768016,2482153.0,7856.0,32.0,5000.0,True,False
10,14,10973719282594938592,SLH_DSA_PURE_SHA2_128S,0.07762263307813555,0.0013407169608399272,0.6101514040492475,0.0011156200198456645,0.011083983001299202,0.011130756000056863,6.730817639036104,0.8054883903378893,2482153.0,7856.0,32.0,5000.0,True,False
10,15,4150953140159230187,SLH_DSA_PURE_SHA2_128S,0.09956705698277801,0.0018885351018980145,0.641388240037486,0.0010388189693912864,0.010621446068398654,0.01070757897105068,10.944903961964883,0.7911785708111563,2482153.0,7856.0,32.0,5000.0,True,False
10,15,2762871711174254556,SLH_DSA_PURE_SHA2_128S,0.15337096597068012,0.0016418560408055782,0.7282247120747343,0.0010335330152884126,0.010689010028727353,0.010732653900049627,10.801480117021129,0.7684653920542662,2482153.0,7856.0,32.0,5000.0,True,False
10,15,18386892644566606236,SLH_DSA_PURE_SHA2_128S,0.1306292589288205,0.0016427229857072234,0.6429677129490301,0.0010292079532518983,0.010956063051708043,0.010999992024153471,10.87532305996865,0.764289504593345,2482153.0,7856.0,32.0,5000.0,True,False
10,15,5622119633900851523,SLH_DSA_PURE_SHA2_128S,0.07978375197853893,0.0013508190168067813,0.6378312730230391,0.0010901200585067272,0.010680455015972257,0.01072828401811421,11.173055357066914,0.7649277423977092,2482153.0,7856.0,32.0,5000.0,True,False
10,15,13408360730194383900,SLH_DSA_PURE_SHA2_128S,0.16752524697221816,0.0021594829158857465,0.7463840800337493,0.0010952010052278638,0.010902638896368444,0.01094728708267212,10.788546612020582,0.7663414066384553,2482153.0,7856.0,32.0,5000.0,True,False
10,15,14635732121077068609,SLH_DSA_PURE_SHA2_128S,0.18584906600881368,0.0020912439795210958,0.6773147350177169,0.0010964099783450365,0.010770412045530975,0.010818850947543979,10.965638107038103,0.8073780124734162,2482153.0,7856.0,32.0,5000.0,True,False
10,15,9399626473883501096,SLH_DSA_PURE_SHA2_128S,0.14818610798101872,0.0015782619593665004,0.6285156769445166,0.0010926260147243738,0.010794869042001665,0.010869242018088698,11.114120146958157,0.8227594035446264,2482153.0,7856.0,32.0,5000.0,True,False
10,15,1243597093261038898,SLH_DSA_PURE_SHA2_128S,0.0796327410498634,0.0014766969252377748,0.7048515769420192,0.0011058030650019646,0.010778928059153259,0.010823384975083172,11.021825858973898,0.8152609742750787,2482153.0,7856.0,32.0,5000.0,True,False
10,15,10973719282594938592,SLH_DSA_PURE_SHA2_128S,0.08480189996771514,0.0018584009958431125,0.6169289509998634,0.0011061889817938209,0.01070739096030593,0.010755136958323419,6.444874027976766,0.7809296136449098,2482153.0,7856.0,32.0,5000.0,True,False
10,15,464335060425520997,SLH_DSA_PURE_SHA2_128S,0.07791017403360456,0.0013354920083656907,0.6122945059323683,0.0010978690115734935,0.010772642097435892,0.010817391914315522,6.614131069974974,0.7809531939257482,2482153.0,7856.0,32.0,5000.0,True,False
10,16,4150953140159230187,SLH_DSA_PURE_SHA2_128S,0.0866474179783836,0.001695833052508533,0.6551228270400316,0.001064087962731719,0.011150645092129707,0.01125859993044287,10.763342885999009,0.7528916569841895,2482153.0,7856.0,32.0,5000.0,True,False
10,16,5622119633900851523,SLH_DSA_PURE_SHA2_128S,0.08320400794036686,0.001435654005035758,0.6301499530673027,0.001054369960911572,0.010730781010352075,0.010773923946544528,10.943336525000632,0.7249207719685925,2482153.0,7856.0,32.0,5000.0,True,False
10,16,2762871711174254556,SLH_DSA_PURE_SHA2_128S,0.0797564429230988,0.0013109439751133323,0.6334122399566695,0.0010857369052246213,0.010750944958999753,0.010795469977892935,10.990815942990594,0.7330165665810275,2482153.0,7856.0,32.0,5000.0,True,False
10,16,18386892644566606236,SLH_DSA_PURE_SHA2_128S,0.15186327090486884,0.0023761019110679626,0.6924309689784423,0.00106916599906981,0.01083585701417178,0.010882659000344574,10.81930942100007,0.7216879119918604,2482153.0,7856.0,32.0,5000.0,True,False
10,16,13408360730194383900,SLH_DSA_PURE_SHA2_128S,0.09522460703738034,0.001775679993443191,0.638327837921679,0.0011265079956501722,0.010762650053948164,0.010807057959027588,10.740904722944833,0.7583305940126918,2482153.0,7856.0,32.0,5000.0,True,False
10,16,14635732121077068609,SLH_DSA_PURE_SHA2_128S,0.08634042402263731,0.0017901239916682243,0.6443452389212325,0.0010851609986275434,0.010682943044230342,0.010732733993791044,11.01694045693148,0.759635952532671,2482153.0,7856.0,32.0,5000.0,True,False
10,16,1243597093261038898,SLH_DSA_PURE_SHA2_128S,0.08458012097980827,0.002256967010907829,0.6350166479824111,0.001107885967940092,0.010833850014023483,0.01090772997122258,10.799616733100265,0.745520840594723,2482153.0,7856.0,32.0,5000.0,True,False
10,16,9399626473883501096,SLH_DSA_PURE_SHA2_128S,0.07988506590481848,0.0013112740125507116,0.6288542969850823,0.0010428859386593103,0.010735969059169292,0.01078052504453808,11.004711101995781,0.7585390480650458,2482153.0,7856.0,32.0,5000.0,True,False
10,16,464335060425520997,SLH_DSA_PURE_SHA2_128S,0.08470501296687871,0.0016915990272536874,0.6110394960269332,0.001073056017048657,0.010684135020710528,0.010732828988693655,6.8203497470822185,0.7278625218162111,2482153.0,7856.0,32.0,5000.0,True,False
10,16,10973719282594938592,SLH_DSA_PURE_SHA2_128S,0.07740562700200826,0.0014498799573630095,0.6111050499603152,0.0010437419405207038,0.010707568959333003,0.01075011002831161,6.914522049948573,0.7443697133641334,2482153.0,7856.0,32.0,5000.0,True,False
10,17,2762871711174254556,SLH_DSA_PURE_SHA2_128S,0.1418355799978599,0.001629573991522193,0.6868796750204638,0.0010622029658406973,0.01096780295483768,0.011053895112127066,10.714048221008852,0.6905302663517606,2482153.0,7856.0,32.0,5000.0,True,False
10,17,4150953140159230187,SLH_DSA_PURE_SHA2_128S,0.08287088200449944,0.002108186949044466,0.6305401040008292,0.0011351049179211259,0.010753022972494364,0.01082676905207336,10.961385344038717,0.7173677064051294,2482153.0,7856.0,32.0,5000.0,True,False
10,17,5622119633900851523,SLH_DSA_PURE_SHA2_128S,0.07994513399899006,0.0014280190225690603,0.6295010449830443,0.0010641600238159299,0.011047926032915711,0.011092594009824097,10.982736209058203,0.6995549189152231,2482153.0,7856.0,32.0,5000.0,True,False
10,17,18386892644566606236,SLH_DSA_PURE_SHA2_128S,0.11913899204228073,0.002486125915311277,0.7155143939889967,0.001137885032221675,0.01081636908929795,0.010865656076930463,10.922884467989206,0.6822033499361603,2482153.0,7856.0,32.0,5000.0,True,False
10,17,14635732121077068609,SLH_DSA_PURE_SHA2_128S,0.08702323096804321,0.0017174800159409642,0.6482257220195606,0.0010564470430836082,0.010749377077445388,0.010792002081871033,11.12961758801248,0.7391175349142142,2482153.0,7856.0,32.0,5000.0,True,False
10,17,13408360730194383900,SLH_DSA_PURE_SHA2_128S,0.08618950797244906,0.0027275719912722707,0.6384975570254028,0.0010998520301654935,0.01082363398745656,0.010872808052226901,10.948026697034948,0.7151704874767619,2482153.0,7856.0,32.0,5000.0,True,False
10,17,9399626473883501096,SLH_DSA_PURE_SHA2_128S,0.136400580056943,0.0014542060671374202,0.6290489659877494,0.0010377010330557823,0.010988765978254378,0.011064935009926558,11.096296554082073,0.7316407427001911,2482153.0,7856.0,32.0,5000.0,True,False
10,17,1243597093261038898,SLH_DSA_PURE_SHA2_128S,0.07985878991894424,0.001426544040441513,0.6345027020433918,0.001039224094711244,0.010966812027618289,0.01101148803718388,11.12506150698755,0.694507504249834,2482153.0,7856.0,32.0,5000.0,True,False
10,17,464335060425520997,SLH_DSA_PURE_SHA2_128S,0.07695108803454787,0.0017194009851664305,0.6081731909653172,0.001074100029654801,0.01069402799475938,0.010740787023678422,6.843924471060745,0.6851867616746077,2482153.0,7856.0,32.0,5000.0,True,False
10,17,10973719282594938592,SLH_DSA_PURE_SHA2_128S,0.08215963596012443,0.001477729994803667,0.6135975680081174,0.0010867769597098231,0.010700599988922477,0.010744930012151599,6.723877654061653,0.7096195339587084,2482153.0,7856.0,32.0,5000.0,True,False
10,18,5622119633900851523,SLH_DSA_PURE_SHA2_128S,0.08423978299833834,0.001754831988364458,0.6379786169854924,0.0010576450731605291,0.01078324904665351,0.0108733840752393,11.007102355943061,0.6759899872218728,2482153.0,7856.0,32.0,5000.0,True,False
10,18,4150953140159230187,SLH_DSA_PURE_SHA2_128S,0.11891302897129208,0.0017614640528336167,0.6363388390745968,0.0010536559857428074,0.01128066098317504,0.011326716979965568,10.951429578941315,0.6937573396476211,2482153.0,7856.0,32.0,5000.0,True,False
10,18,2762871711174254556,SLH_DSA_PURE_SHA2_128S,0.08387865195982158,0.0014882009709253907,0.6565220529446378,0.0010958509519696236,0.011179692926816642,0.011225866968743503,11.002579501015134,0.6535665638697375,2482153.0,7856.0,32.0,5000.0,True,False
10,18,18386892644566606236,SLH_DSA_PURE_SHA2_128S,0.08016947703436017,0.0013952839653939009,0.7092750299489126,0.0011371599975973368,0.010757959098555148,0.010817355010658503,11.11650899599772,0.6574075567019972,2482153.0,7856.0,32.0,5000.0,True,False
10,18,9399626473883501096,SLH_DSA_PURE_SHA2_128S,0.08588295197114348,0.0025517320027574897,0.6388419850263745,0.0010995179181918502,0.010748308966867626,0.010793496039696038,10.899776090984233,0.693778491656112,2482153.0,7856.0,32.0,5000.0,True,False
10,18,14635732121077068609,SLH_DSA_PURE_SHA2_128S,0.1496261180145666,0.0019661920377984643,0.6456240609986708,0.0011023260885849595,0.010787973063997924,0.010836873902007937,10.86149977799505,0.7032442902019069,2482153.0,7856.0,32.0,5000.0,True,False
10,18,13408360730194383900,SLH_DSA_PURE_SHA2_128S,0.08047778904438019,0.001421560999006033,0.6345279529923573,0.0010670030023902655,0.011057477910071611,0.011134183034300804,10.993069043965079,0.6800853839725446,2482153.0,7856.0,32.0,5000.0,True,False
10,18,1243597093261038898,SLH_DSA_PURE_SHA2_128S,0.07927674695383757,0.0013235269580036402,0.6594767329515889,0.0011011060560122132,0.010709831956773996,0.010757651994936168,10.846398891997524,0.6666012805928091,2482153.0,7856.0,32.0,5000.0,True,False
10,18,10973719282594938592,SLH_DSA_PURE_SHA2_128S,0.08562289597466588,0.0014713059645146132,0.6100855099502951,0.0011255070567131042,0.010785168968141079,0.010833622072823346,6.505119943059981,0.6737458005452611,2482153.0,7856.0,32.0,5000.0,True,False
10,18,464335060425520997,SLH_DSA_PURE_SHA2_128S,0.07829118298832327,0.001450971933081746,0.6134981820359826,0.0010689160553738475,0.010717591969296336,0.010762796038761735,6.620068927062675,0.6495759190077994,2482153.0,7856.0,32.0,5000.0,True,False
10,19,5622119633900851523,SLH_DSA_PURE_SHA2_128S,0.08357581403106451,0.0018231919966638088,0.6263194940984249,0.0011230719974264503,0.010850021964870393,0.01096144795883447,10.943549180985428,0.6344295187266009,2482153.0,7856.0,32.0,5000.0,True,False
10,19,4150953140159230187,SLH_DSA_PURE_SHA2_128S,0.08014096401166171,0.0014350090641528368,0.6326521360315382,0.0010391969699412584,0.010744373081251979,0.010788179002702236,10.99388032197021,0.6681541577456104,2482153.0,7856.0,32.0,5000.0,True,False
10,19,2762871711174254556,SLH_DSA_PURE_SHA2_128S,0.08707457897253335,0.0013618679950013757,0.6303975830087438,0.0010439829202368855,0.010791894979774952,0.010835841065272689,10.978107552975416,0.626834814240978,2482153.0,7856.0,32.0,5000.0,True,False
10,19,18386892644566606236,SLH_DSA_PURE_SHA2_128S,0.1177778469864279,0.002024661982432008,0.6351430780487135,0.0011173010570928454,0.01075372297782451,0.010801664087921381,10.885646371985786,0.607982904620611,2482153.0,7856.0,32.0,5000.0,True,False
10,19,1243597093261038898,SLH_DSA_PURE_SHA2_128S,0.08628818497527391,0.0019664609571918845,0.6383336720755324,0.001051875064149499,0.01077114196959883,0.010814576991833746,10.72386882302817,0.655460696548793,2482153.0,7856.0,32.0,5000.0,True,False
10,19,13408360730194383900,SLH_DSA_PURE_SHA2_128S,0.08559183706529438,0.001634553074836731,0.6338500990532339,0.0010975050972774625,0.010636855033226311,0.010683991946280003,10.769675549003296,0.638255782188124,2482153.0,7856.0,32.0,5000.0,True,False
10,19,14635732121077068609,SLH_DSA_PURE_SHA2_128S,0.08433864405378699,0.0017815609462559223,0.6371144830482081,0.0010588719742372632,0.010782963945530355,0.010857134009711444,10.939156720996834,0.6337680856513369,2482153.0,7856.0,32.0,5000.0,True,False
10,19,9399626473883501096,SLH_DSA_PURE_SHA2_128S,0.07969223498366773,0.0013760419096797705,0.6488870419561863,0.0011139219859614968,0.010640855063684285,0.010686683002859354,11.020938244997524,0.6361897599165607,2482153.0,7856.0,32.0,5000.0,True,False
10,19,464335060425520997,SLH_DSA_PURE_SHA2_128S,0.07657079503405839,0.0013909919653087854,0.6098265890032053,0.0010984030086547136,0.01071144302841276,0.010760448989458382,6.79899081599433,0.6359668923601224,2482153.0,7856.0,32.0,5000.0,True,False
10,19,10973719282594938592,SLH_DSA_PURE_SHA2_128S,0.07995506899897009,0.0017530639888718724,0.6084728640271351,0.0011392569867894053,0.010672679054550827,0.010736646014265716,6.721960406051949,0.6389587845202465,2482153.0,7856.0,32.0,5000.0,True,False
10,20,4150953140159230187,SLH_DSA_PURE_SHA2_128S,0.09438594395760447,0.0017838929779827595,0.6341367691056803,0.0010705000022426248,0.010979771963320673,0.011068364954553545,10.776686587021686,0.633882875322916,2482153.0,7856.0,32.0,5000.0,True,False
10,20,18386892644566606236,SLH_DSA_PURE_SHA2_128S,0.12982845806982368,0.0015280270017683506,0.6365651880623773,0.0011010639136657119,0.010724047082476318,0.01077462697867304,10.779891015961766,0.6002556081790074,2482153.0,7856.0,32.0,5000.0,True,False
10,20,5622119633900851523,SLH_DSA_PURE_SHA2_128S,0.07931563106831163,0.0013768599601462483,0.6333991509163752,0.0010979699436575174,0.010799412964843214,0.01084718806669116,10.861890610074624,0.5831914885550927,2482153.0,7856.0,32.0,5000.0,True,False
10,20,2762871711174254556,SLH_DSA_PURE_SHA2_128S,0.13044221105519682,0.001529695000499487,0.7053732889471576,0.0010396909201517701,0.010648448951542377,0.010693933931179345,10.677970852004364,0.5996435379526418,2482153.0,7856.0,32.0,5000.0,True,False
10,20,9399626473883501096,SLH_DSA_PURE_SHA2_128S,0.11393607896752656,0.0025874580023810267,0.6398879250045866,0.001125111011788249,0.010754441027529538,0.01080035197082907,10.73751174705103,0.6275664121149831,2482153.0,7856.0,32.0,5000.0,True,False
10,20,1243597093261038898,SLH_DSA_PURE_SHA2_128S,0.15793726802803576,0.0020193529780954123,0.6737569420365617,0.0011115649249404669,0.011069530039094388,0.0111195930512622,10.514767340035178,0.6447755789775758,2482153.0,7856.0,32.0,5000.0,True,False
10,20,14635732121077068609,SLH_DSA_PURE_SHA2_128S,0.11382492701523006,0.0013889799593016505,0.6278501959750429,0.0011738910106942058,0.010812739026732743,0.010899024084210396,11.130228296970017,0.6261576151439718,2482153.0,7856.0,32.0,5000.0,True,False
10,20,13408360730194383900,SLH_DSA_PURE_SHA2_128S,0.07937580707948655,0.0013623040867969394,0.6567093800986186,0.0010678840335458517,0.010769709013402462,0.010826355079188943,10.839266016031615,0.6117098887634885,2482153.0,7856.0,32.0,5000.0,True,False
10,20,10973719282594938592,SLH_DSA_PURE_SHA2_128S,0.08476228395011276,0.0016068069962784648,0.6099319430068135,0.001101634930819273,0.010775819071568549,0.01082250801846385,6.44816794001963,0.6202524120735514,2482153.0,7856.0,32.0,5000.0,True,False
10,20,464335060425520997,SLH_DSA_PURE_SHA2_128S,0.07685358298476785,0.0014719400787726045,0.6091207290301099,0.0011234099511057138,0.010865909978747368,0.010916040977463126,6.689194551086985,0.6049828265028395,2482153.0,7856.0,32.0,5000.0,True,False
10,21,2762871711174254556,SLH_DSA_PURE_SHA2_128S,0.14608230697922409,0.0015120550524443388,0.7114571520360187,0.0010920719942077994,0.010777817922644317,0.010868956102058291,10.59239308803808,0.5724946193539413,2482153.0,7856.0,32.0,5000.0,True,False
10,21,5622119633900851523,SLH_DSA_PURE_SHA2_128S,0.08646181400399655,0.002083386993035674,0.6452196729369462,0.0013626039726659656,0.01086707809008658,0.010920220986008644,10.837692524073645,0.5732782238228306,2482153.0,7856.0,32.0,5000.0,True,False
10,21,18386892644566606236,SLH_DSA_PURE_SHA2_128S,0.07984893210232258,0.0023083200212568045,0.6328336340375245,0.0011093469802290201,0.010893334983848035,0.010941557004116476,11.011246633948758,0.5837989779082453,2482153.0,7856.0,32.0,5000.0,True,False
10,21,4150953140159230187,SLH_DSA_PURE_SHA2_128S,0.08195107709616423,0.00238177296705544,0.6335320159560069,0.00112339504994452,0.010844322969205678,0.010895940009504557,11.074713442940265,0.6003996585110191,2482153.0,7856.0,32.0,5000.0,True,False
10,21,14635732121077068609,SLH_DSA_PURE_SHA2_128S,0.08706503093708307,0.0030944780446588993,0.6509900480741635,0.0011581560829654336,0.010706447996199131,0.010753924027085304,10.748297704965807,0.5951119503777498,2482153.0,7856.0,32.0,5000.0,True,False
10,21,1243597093261038898,SLH_DSA_PURE_SHA2_128S,0.08616960898507386,0.0015501549933105707,0.6343655800446868,0.0011274809949100018,0.010854521999135613,0.01090505497995764,10.733064285013825,0.6184020297732323,2482153.0,7856.0,32.0,5000.0,True,False
10,21,13408360730194383900,SLH_DSA_PURE_SHA2_128S,0.08494157204404473,0.001704007969237864,0.6758846860611811,0.0011795940808951855,0.010759711964055896,0.010836365050636232,10.658246651059017,0.5953084151646134,2482153.0,7856.0,32.0,5000.0,True,False
10,21,9399626473883501096,SLH_DSA_PURE_SHA2_128S,0.07997935591265559,0.0013413650449365377,0.6343380309408531,0.0012687529670074582,0.01090893498621881,0.010957447928376496,11.084429742069915,0.5928529449471622,2482153.0,7856.0,32.0,5000.0,True,False
10,21,464335060425520997,SLH_DSA_PURE_SHA2_128S,0.08478297898545861,0.0017918279627338052,0.6331889480352402,0.0010793498950079083,0.010693868971429765,0.010741963982582092,6.50951822893694,0.5782179445692688,2482153.0,7856.0,32.0,5000.0,True,False
10,21,10973719282594938592,SLH_DSA_PURE_SHA2_128S,0.07677676202729344,0.0013796630082651973,0.6052469540154561,0.0011675399728119373,0.010711221024394035,0.010771952918730676,6.661947011016309,0.6007767910505556,2482153.0,7856.0,32.0,5000.0,True,False
10,22,2762871711174254556,SLH_DSA_PURE_SHA2_128S,0.10673193889670074,0.0014970889315009117,0.6270184550667182,0.001092009013518691,0.010676781996153295,0.010764535050839186,10.805497719091363,0.5552128991883272,2482153.0,7856.0,32.0,5000.0,True,False
10,22,5622119633900851523,SLH_DSA_PURE_SHA2_128S,0.08154198504053056,0.0014316739980131388,0.6605644699884579,0.0010961738880723715,0.010755256051197648,0.010802781907841563,10.781801854027435,0.5448283400552668,2482153.0,7856.0,32.0,5000.0,True,False
10,22,18386892644566606236,SLH_DSA_PURE_SHA2_128S,0.10687991906888783,0.001426425063982606,0.631417072028853,0.0010842080228030682,0.010665068984963,0.01073184295091778,10.832968175993301,0.5614623016660001,2482153.0,7856.0,32.0,5000.0,True,False
10,22,4150953140159230187,SLH_DSA_PURE_SHA2_128S,0.07987059303559363,0.0013810410164296627,0.630177099024877,0.001096487045288086,0.010660189902409911,0.010705944034270942,10.868184323073365,0.5764073259701394,2482153.0,7856.0,32.0,5000.0,True,False
10,22,9399626473883501096,SLH_DSA_PURE_SHA2_128S,0.14924137701746076,0.001504420069977641,0.6288280970184132,0.001088895951397717,0.010962510947138071,0.011009340989403427,10.800868059974164,0.5703835239883062,2482153.0,7856.0,32.0,5000.0,True,False
10,22,14635732121077068609,SLH_DSA_PURE_SHA2_128S,0.10385233606211841,0.001401265966705978,0.6307334139710292,0.0011108519975095987,0.010699699982069433,0.010746040032245219,10.968077005003579,0.5814181222894769,2482153.0,7856.0,32.0,5000.0,True,False
10,22,13408360730194383900,SLH_DSA_PURE_SHA2_128S,0.08002538292203099,0.001367393066175282,0.634245389024727,0.001101786969229579,0.010836451081559062,0.010917162988334894,10.79180315299891,0.5650290016345917,2482153.0,7856.0,32.0,5000.0,True,False
10,22,1243597093261038898,SLH_DSA_PURE_SHA2_128S,0.0822887709364295,0.0014059590175747871,0.6486098860623315,0.0012014909880235791,0.01070904906373471,0.010758479940705001,10.883589599048719,0.5743266610535467,2482153.0,7856.0,32.0,5000.0,True,False
10,22,464335060425520997,SLH_DSA_PURE_SHA2_128S,0.08471215888857841,0.001607047044672072,0.6169338650070131,0.0010838810121640563,0.010807565995492041,0.01085404702462256,6.406417242018506,0.5406238434800676,2482153.0,7856.0,32.0,5000.0,True,False
10,22,10973719282594938592,SLH_DSA_PURE_SHA2_128S,0.07774371199775487,0.0013270990457385778,0.6136736139887944,0.0011533229844644666,0.010744899045675993,0.01079155202023685,6.471868696040474,0.5406288517888185,2482153.0,7856.0,32.0,5000.0,True,False
10,23,18386892644566606236,SLH_DSA_PURE_SHA2_128S,0.09432790498249233,0.0015169379767030478,0.6839400400640443,0.0012689449358731508,0.010971543029882014,0.01105104701127857,10.62602140090894,0.5045001517245724,2482153.0,7856.0,32.0,5000.0,True,False
10,23,4150953140159230187,SLH_DSA_PURE_SHA2_128S,0.12225430295802653,0.0013762649614363909,0.6897856480209157,0.001063331961631775,0.010795603040605783,0.010842296993359923,10.62522352905944,0.5537847734892823,2482153.0,7856.0,32.0,5000.0,True,False
10,23,5622119633900851523,SLH_DSA_PURE_SHA2_128S,0.09721254906617105,0.0014040220994502306,0.6945771090686321,0.0013610241003334522,0.01122286100871861,0.011272553936578333,10.622546274913475,0.5097446452327974,2482153.0,7856.0,32.0,5000.0,True,False
10,23,2762871711174254556,SLH_DSA_PURE_SHA2_128S,0.09427877399139106,0.0013867090456187725,1.1505806829081848,0.0013345390325412154,0.011292775976471603,0.011347182909958065,10.596610995940864,0.5528818021534355,2482153.0,7856.0,32.0,5000.0,True,False
10,23,13408360730194383900,SLH_DSA_PURE_SHA2_128S,0.18495219096075743,0.002144529949873686,0.7179820090532303,0.001190725015476346,0.010762448073364794,0.010814554989337921,10.664880955941044,0.5514138802221626,2482153.0,7856.0,32.0,5000.0,True,False
10,23,9399626473883501096,SLH_DSA_PURE_SHA2_128S,0.18602026998996735,0.0028710109181702137,0.7166815589880571,0.001091226004064083,0.010912910918705165,0.010958933969959617,10.73926975298673,0.5357893628608079,2482153.0,7856.0,32.0,5000.0,True,False
10,23,14635732121077068609,SLH_DSA_PURE_SHA2_128S,0.0864123631035909,0.0019826580537483096,1.1260283009614795,0.0010685391025617719,0.010909138945862651,0.010986106004565954,10.714619268081151,0.5447088582500531,2482153.0,7856.0,32.0,5000.0,True,False
10,23,1243597093261038898,SLH_DSA_PURE_SHA2_128S,0.07984951499383897,0.0015049820067360997,0.8311578909633681,0.0011186610208824277,0.010804014978930354,0.010850229067727923,10.509378910064697,0.5560072282103786,2482153.0,7856.0,32.0,5000.0,True,False
10,23,464335060425520997,SLH_DSA_PURE_SHA2_128S,0.08368791302200407,0.0015233850572258234,0.6096885689767078,0.001043988042511046,0.010750184068456292,0.01079484005458653,6.222927433089353,0.5275893558504855,2482153.0,7856.0,32.0,5000.0,True,False
10,23,10973719282594938592,SLH_DSA_PURE_SHA2_128S,0.07842571602668613,0.001417985069565475,0.6099562329472974,0.001234821043908596,0.010667740949429572,0.010716691962443292,6.243139268015511,0.5160169269248938,2482153.0,7856.0,32.0,5000.0,True,False
10,24,5622119633900851523,SLH_DSA_PURE_SHA2_128S,0.1204199930652976,0.0018695490434765816,0.6752024649176747,0.0011674159904941916,0.010802403092384338,0.010887322016060352,10.82872844405938,0.4840522833215963,2482153.0,7856.0,32.0,5000.0,True,False
10,24,18386892644566606236,SLH_DSA_PURE_SHA2_128S,0.08133168995846063,0.0014865959528833628,0.6311154019786045,0.0011154789244756103,0.01086341601330787,0.010916393948718905,11.047739555011503,0.5130242638906856,2482153.0,7856.0,32.0,5000.0,True,False
10,24,2762871711174254556,SLH_DSA_PURE_SHA2_128S,0.1557431740220636,0.0020153129007667303,0.8875907210167497,0.0011119430419057608,0.011145263910293579,0.011197926010936499,10.90613334509544,0.5169307887791448,2482153.0,7856.0,32.0,5000.0,True,False
10,24,4150953140159230187,SLH_DSA_PURE_SHA2_128S,0.17406057904008776,0.0015021059662103653,0.7864674909505993,0.001129377051256597,0.010951126925647259,0.011003757012076676,11.050531220040284,0.5425911739610942,2482153.0,7856.0,32.0,5000.0,True,False
10,24,14635732121077068609,SLH_DSA_PURE_SHA2_128S,0.14822888001799583,0.0024794129421934485,0.6707514569861814,0.001174344914034009,0.010774245020002127,0.010823899996466935,11.031427246984094,0.5408789042359704,2482153.0,7856.0,32.0,5000.0,True,False
10,24,9399626473883501096,SLH_DSA_PURE_SHA2_128S,0.12699060805607587,0.0021184299839660525,0.7086005139863119,0.001148610026575625,0.010974650038406253,0.011027790955267847,11.026529485010542,0.4995626991816387,2482153.0,7856.0,32.0,5000.0,True,False
10,24,1243597093261038898,SLH_DSA_PURE_SHA2_128S,0.10677599895279855,0.0016556320479139686,0.6307600201107562,0.0011263989144936204,0.010871506063267589,0.010957760037854314,10.838366085081361,0.525872208403459,2482153.0,7856.0,32.0,5000.0,True,False
10,24,13408360730194383900,SLH_DSA_PURE_SHA2_128S,0.08015601499937475,0.0013688370818272233,0.6367494789883494,0.001145662972703576,0.011039898032322526,0.011091886088252068,10.982452932046726,0.532082633251787,2482153.0,7856.0,32.0,5000.0,True,False
10,24,464335060425520997,SLH_DSA_PURE_SHA2_128S,0.08460701000876725,0.0019802009919658303,0.6196950030280277,0.0011330429697409272,0.010670750052668154,0.010722715989686549,6.394287266070023,0.5055208278547048,2482153.0,7856.0,32.0,5000.0,True,False
10,24,10973719282594938592,SLH_DSA_PURE_SHA2_128S,0.07803650200366974,0.0014407240087166429,0.6092171729542315,0.0011456110514700413,0.010813846020027995,0.010866696015000343,6.385924680042081,0.5158406564384509,2482153.0,7856.0,32.0,5000.0,True,False
10,25,2762871711174254556,SLH_DSA_PURE_SHA2_128S,0.08653217600658536,0.0021012690849602222,0.6412625770317391,0.0010690090712159872,0.010792116052471101,0.010875626001507044,10.898201277013868,0.49703957593649817,2482153.0,7856.0,32.0,5000.0,True,False
10,25,4150953140159230187,SLH_DSA_PURE_SHA2_128S,0.08428102603647858,0.0014227039646357298,0.63242702500429,0.0011138099944218993,0.01071642292663455,0.010774730937555432,11.077200029045343,0.503261891116572,2482153.0,7856.0,32.0,5000.0,True,False
10,25,5622119633900851523,SLH_DSA_PURE_SHA2_128S,0.11224597692489624,0.002000723034143448,0.6381993860704824,0.0011056639486923814,0.010830600978806615,0.010875496082007885,11.004553099046461,0.4772999394020647,2482153.0,7856.0,32.0,5000.0,True,False
10,25,18386892644566606236,SLH_DSA_PURE_SHA2_128S,0.08001454407349229,0.0014233780093491077,0.6685781850246713,0.0010530659928917885,0.010734823066741228,0.010779396980069578,11.135416339035146,0.483109496344047,2482153.0,7856.0,32.0,5000.0,True,False
10,25,14635732121077068609,SLH_DSA_PURE_SHA2_128S,0.1423614479135722,0.002237332984805107,0.7947347410954535,0.001052403007633984,0.010679463972337544,0.01072406000457704,10.818443370051682,0.5295244878169837,2482153.0,7856.0,32.0,5000.0,True,False
10,25,9399626473883501096,SLH_DSA_PURE_SHA2_128S,0.08273184997960925,0.0015230380231514573,0.6355638379463926,0.0010473369620740414,0.01074245001655072,0.010787212057039142,11.013503092923202,0.4700516768179502,2482153.0,7856.0,32.0,5000.0,True,False
10,25,1243597093261038898,SLH_DSA_PURE_SHA2_128S,0.08666374499443918,0.0015654739690944552,0.6284024990163743,0.0010978979989886284,0.010836253059096634,0.010911380057223141,10.81456511397846,0.493903697747144,2482153.0,7856.0,32.0,5000.0,True,False
10,25,13408360730194383900,SLH_DSA_PURE_SHA2_128S,0.11789285100530833,0.0014758780598640442,0.635282845934853,0.0010419590398669243,0.011036825948394835,0.01108112302608788,11.003397496999241,0.5108652229948788,2482153.0,7856.0,32.0,5000.0,True,False
10,25,464335060425520997,SLH_DSA_PURE_SHA2_128S,0.0800621050875634,0.0014903449919074774,0.6080399720231071,0.0010994960321113467,0.010793583001941442,0.010838556103408337,6.392960614990443,0.5089931971850289,2482153.0,7856.0,32.0,5000.0,True,False
10,25,10973719282594938592,SLH_DSA_PURE_SHA2_128S,0.07705950003582984,0.0013769670622423291,0.6123745150398463,0.0010558459907770157,0.010787574923597276,0.010834240936674178,6.23908571805805,0.5016749381402116,2482153.0,7856.0,32.0,5000.0,True,False
10,26,18386892644566606236,SLH_DSA_PURE_SHA2_128S,0.11472338601015508,0.0015698329079896212,0.63398898311425,0.0012349210446700454,0.02381389692891389,0.02392353699542582,10.88049366499763,0.4718119680976412,2482153.0,7856.0,32.0,5000.0,True,False
10,26,5622119633900851523,SLH_DSA_PURE_SHA2_128S,0.16054945904761553,0.0013156109489500523,0.6328405030071735,0.0012982009211555123,0.021983732003718615,0.022046467987820506,10.86086620495189,0.4509604807682098,2482153.0,7856.0,32.0,5000.0,True,False
10,26,2762871711174254556,SLH_DSA_PURE_SHA2_128S,0.15513481001835316,0.001455332967452705,0.6292126049520448,0.0011710249818861485,0.010871801991015673,0.010918359970673919,10.901687460951507,0.4601144310632709,2482153.0,7856.0,32.0,5000.0,True,False
10,26,4150953140159230187,SLH_DSA_PURE_SHA2_128S,0.0794184310361743,0.0013635189970955253,0.641369268996641,0.0013542099623009562,0.011005298001691699,0.011071101995185018,10.96454828302376,0.49450177473911816,2482153.0,7856.0,32.0,5000.0,True,False
10,26,13408360730194383900,SLH_DSA_PURE_SHA2_128S,0.1287699769018218,0.0016072809230536222,0.6411332520656288,0.0011491309851408005,0.01100035896524787,0.011049628024920821,11.01258123095613,0.4888917795222276,2482153.0,7856.0,32.0,5000.0,True,False
10,26,1243597093261038898,SLH_DSA_PURE_SHA2_128S,0.08606286102440208,0.0016823949990794063,0.6558523930143565,0.00135273695923388,0.01113166892901063,0.011202218011021614,11.084570233011618,0.4815005595872926,2482153.0,7856.0,32.0,5000.0,True,False
10,26,14635732121077068609,SLH_DSA_PURE_SHA2_128S,0.14993415004573762,0.0019200659589841962,0.7244785019429401,0.0011899189557880163,0.010915320017375052,0.01099037507083267,11.150260852999054,0.47330603551617856,2482153.0,7856.0,32.0,5000.0,True,False
10,26,9399626473883501096,SLH_DSA_PURE_SHA2_128S,0.07982050103601068,0.001391674974001944,0.6291714319959283,0.001233467017300427,0.010963794076815248,0.011012564995326102,11.379374942975119,0.4554084734101394,2482153.0,7856.0,32.0,5000.0,True,False
10,26,464335060425520997,SLH_DSA_PURE_SHA2_128S,0.08512209099717438,0.001737119979225099,0.6070068749831989,0.0012204020749777555,0.010841727955266833,0.010886769043281674,6.332889212993905,0.4733886792543967,2482153.0,7856.0,32.0,5000.0,True,False
10,26,10973719282594938592,SLH_DSA_PURE_SHA2_128S,0.07667005399707705,0.0013160851085558534,0.6338582490570843,0.0011691739782691002,0.010889939963817596,0.010941815911792219,6.3413526370422915,0.4673611642970781,2482153.0,7856.0,32.0,5000.0,True,False
10,27,2762871711174254556,SLH_DSA_PURE_SHA2_128S,0.08932887902483344,0.002359285019338131,0.6542418899480253,0.0016235440270975232,0.011634415946900845,0.011722832103259861,10.711632170947269,0.490354572725334,2482153.0,7856.0,32.0,5000.0,True,False
10,27,4150953140159230187,SLH_DSA_PURE_SHA2_128S,0.08220109110698104,0.0014065890572965145,0.632977727917023,0.0011214740807190537,0.010983236017636955,0.011028610984794796,11.001986862975173,0.4778928682208061,2482153.0,7856.0,32.0,5000.0,True,False
10,27,5622119633900851523,SLH_DSA_PURE_SHA2_128S,0.08357525803148746,0.0014894719934090972,0.6318575399927795,0.0010902569629251957,0.010893987026065588,0.010939322994090617,10.974304595030844,0.40773472933774924,2482153.0,7856.0,32.0,5000.0,True,False
10,27,18386892644566606236,SLH_DSA_PURE_SHA2_128S,0.08000393002294004,0.0016633619088679552,0.6295661899494007,0.001158346887677908,0.011045171064324677,0.011123370961286128,11.02752722997684,0.42351628246770545,2482153.0,7856.0,32.0,5000.0,True,False
10,27,14635732121077068609,SLH_DSA_PURE_SHA2_128S,0.0884203560417518,0.002553218975663185,0.6687875370262191,0.0010874989675357938,0.01094810594804585,0.010993345989845693,11.008968231035396,0.4446506177899754,2482153.0,7856.0,32.0,5000.0,True,False
10,27,9399626473883501096,SLH_DSA_PURE_SHA2_128S,0.08500324201304466,0.0017000209772959352,0.6421739220386371,0.0011722970521077514,0.011144263087771833,0.011191994068212807,10.927790500922129,0.4448969947399607,2482153.0,7856.0,32.0,5000.0,True,False
10,27,1243597093261038898,SLH_DSA_PURE_SHA2_128S,0.0847058129729703,0.0016782390885055065,0.6428782721050084,0.001094497973099351,0.01105198496952653,0.011127092991955578,10.877651541959494,0.4503507919989194,2482153.0,7856.0,32.0,5000.0,True,False
10,27,13408360730194383900,SLH_DSA_PURE_SHA2_128S,0.07967612205538899,0.0013989920262247324,0.6461355539504439,0.0010904979426413774,0.011072445893660188,0.011118797934614122,11.188894723076373,0.4376949324468329,2482153.0,7856.0,32.0,5000.0,True,False
10,27,464335060425520997,SLH_DSA_PURE_SHA2_128S,0.08466016198508441,0.0018821120029315352,0.6805693550268188,0.001165461027994752,0.01089694700203836,0.01094414503313601,6.175789684988558,0.4514825428082685,2482153.0,7856.0,32.0,5000.0,True,False
10,27,10973719282594938592,SLH_DSA_PURE_SHA2_128S,0.07757073198445141,0.0013339549768716097,0.6550856049871072,0.0011034490307793021,0.011269267997704446,0.01131505100056529,6.095738277886994,0.4572148257095343,2482153.0,7856.0,32.0,5000.0,True,False
10,28,5622119633900851523,SLH_DSA_PURE_SHA2_128S,0.15961487300228328,0.0024948150385171175,0.7018019820097834,0.0010776809649541974,0.010848575038835406,0.010938327992334962,10.865201254026033,0.44573483259007807,2482153.0,7856.0,32.0,5000.0,True,False
10,28,18386892644566606236,SLH_DSA_PURE_SHA2_128S,0.1445655389688909,0.0016893870197236538,0.6296885270858184,0.0011930649634450674,0.010810364969074726,0.010863109026104212,10.886828016024083,0.4064028953219865,2482153.0,7856.0,32.0,5000.0,True,False
10,28,4150953140159230187,SLH_DSA_PURE_SHA2_128S,0.08252250798977911,0.001511491951532662,0.6386869279667735,0.0011025830172002316,0.010824972996488214,0.010872239945456386,11.030460128909908,0.4636965681128441,2482153.0,7856.0,32.0,5000.0,True,False
10,28,2762871711174254556,SLH_DSA_PURE_SHA2_128S,0.11089770996477455,0.0013727189507335424,0.6330663280095905,0.0010690180351957679,0.01068591803777963,0.010734134004451334,11.102879361947998,0.449190433665066,2482153.0,7856.0,32.0,5000.0,True,False
10,28,14635732121077068609,SLH_DSA_PURE_SHA2_128S,0.14252141304314137,0.0018762580584734678,0.7640139090362936,0.001071825041435659,0.010782778961583972,0.010830525076016784,10.667770321946591,0.46651639942981443,2482153.0,7856.0,32.0,5000.0,True,False
10,28,13408360730194383900,SLH_DSA_PURE_SHA2_128S,0.16652789898216724,0.001695416052825749,0.645325904013589,0.0011492009507492185,0.010786917991936207,0.010841647977940738,10.925148045062087,0.42457082003924496,2482153.0,7856.0,32.0,5000.0,True,False
10,28,1243597093261038898,SLH_DSA_PURE_SHA2_128S,0.08143330796156079,0.0013541789958253503,0.6294742289464921,0.0011090330081060529,0.010959378094412386,0.01105430698953569,11.043276270967908,0.454907891198186,2482153.0,7856.0,32.0,5000.0,True,False
10,28,9399626473883501096,SLH_DSA_PURE_SHA2_128S,0.11246621096506715,0.0014108559116721153,0.6772126230644062,0.0010995049960911274,0.011016352917067707,0.011065826052799821,11.147548939101398,0.44999735629197896,2482153.0,7856.0,32.0,5000.0,True,False
10,28,464335060425520997,SLH_DSA_PURE_SHA2_128S,0.08662984101101756,0.0014999810373410583,0.6488603110192344,0.001298098941333592,0.010982564999721944,0.011044302023947239,6.500623908941634,0.4288553498732816,2482153.0,7856.0,32.0,5000.0,True,False
10,28,10973719282594938592,SLH_DSA_PURE_SHA2_128S,0.07872205402236432,0.001455012010410428,0.6184805029770359,0.0011574149830266833,0.010669940034858882,0.010719116078689694,6.5460497790481895,0.4482596690060606,2482153.0,7856.0,32.0,5000.0,True,False
10,29,4150953140159230187,SLH_DSA_PURE_SHA2_128S,0.10549018997699022,0.0014477749355137348,0.6308170879492536,0.001236835028976202,0.01078529900405556,0.010862546041607857,10.921220766962506,0.4292450521117563,2482153.0,7856.0,32.0,5000.0,True,False
10,29,2762871711174254556,SLH_DSA_PURE_SHA2_128S,0.08035402209497988,0.00138659100048244,0.6378842199919745,0.0012129381066188216,0.010849667945876718,0.01089903898537159,10.969495288911276,0.4313547527002301,2482153.0,7856.0,32.0,5000.0,True,False
10,29,18386892644566606236,SLH_DSA_PURE_SHA2_128S,0.07990688702557236,0.001468233997002244,0.635846986901015,0.001371542108245194,0.01098618796095252,0.011047900072298944,10.96901400492061,0.40590801955479533,2482153.0,7856.0,32.0,5000.0,True,False
10,29,5622119633900851523,SLH_DSA_PURE_SHA2_128S,0.08848064602352679,0.0014574049273505807,0.6284357019467279,0.001094356062822044,0.01096186600625515,0.011013980023562908,10.951830425066873,0.39423064003063807,2482153.0,7856.0,32.0,5000.0,True,False
10,29,9399626473883501096,SLH_DSA_PURE_SHA2_128S,0.14308666496071965,0.0015464300522580743,0.6264197359560058,0.0014317580498754978,0.010916340979747474,0.01096881099510938,10.928110815933906,0.41393940664448176,2482153.0,7856.0,32.0,5000.0,True,False
10,29,14635732121077068609,SLH_DSA_PURE_SHA2_128S,0.08531721006147563,0.0013894890435039997,0.6282292710384354,0.0011835999321192503,0.010822257027029991,0.010874253930523992,11.031415621051565,0.42698518800175495,2482153.0,7856.0,32.0,5000.0,True,False
10,29,1243597093261038898,SLH_DSA_PURE_SHA2_128S,0.09837948100175709,0.0013615720672532916,0.6310522749554366,0.0013918629847466946,0.010858002002350986,0.01094272208865732,11.039403970935382,0.4106408703840889,2482153.0,7856.0,32.0,5000.0,True,False
10,29,13408360730194383900,SLH_DSA_PURE_SHA2_128S,0.10924720298498869,0.0014514599461108446,0.6373187389690429,0.0011000909144058824,0.010858776047825813,0.01091013802215457,11.01881261903327,0.4269942539227996,2482153.0,7856.0,32.0,5000.0,True,False
10,29,10973719282594938592,SLH_DSA_PURE_SHA2_128S,0.07892450294457376,0.0013875860022380948,0.6125040209153667,0.001398766995407641,0.010916591039858758,0.0109686020296067,6.563286117045209,0.399643480433685,2482153.0,7856.0,32.0,5000.0,True,False
10,29,464335060425520997,SLH_DSA_PURE_SHA2_128S,0.08220134500879794,0.0014032169710844755,0.6132202029693872,0.001094442093744874,0.010970292030833662,0.01101953408215195,6.534726890036836,0.4293314378803513,2482153.0,7856.0,32.0,5000.0,True,False
10,30,5622119633900851523,SLH_DSA_PURE_SHA2_128S,0.11510770104359835,0.0014772110152989626,0.63126634596847,0.001240318058989942,0.010977194062434137,0.011054205941036344,10.728974441066384,0.38141986310102377,2482153.0,7856.0,32.0,5000.0,True,False
10,30,2762871711174254556,SLH_DSA_PURE_SHA2_128S,0.0863097490509972,0.0018247219268232584,0.6382203219691291,0.0011096380185335875,0.010847541969269514,0.010891319019719958,10.789340930059552,0.4217834660344443,2482153.0,7856.0,32.0,5000.0,True,False
10,30,4150953140159230187,SLH_DSA_PURE_SHA2_128S,0.08040885906666517,0.0013687610626220703,0.6311502009630203,0.0011504500871524215,0.01108646101783961,0.011131799081340432,10.883075327030383,0.421890111450272,2482153.0,7856.0,32.0,5000.0,True,False
10,30,18386892644566606236,SLH_DSA_PURE_SHA2_128S,0.07979465695098042,0.0014565290184691548,0.6699552499921992,0.001087710028514266,0.010725707979872823,0.010773767018690705,10.887904044939205,0.3821048022835118,2482153.0,7856.0,32.0,5000.0,True,False
10,30,13408360730194383900,SLH_DSA_PURE_SHA2_128S,0.08815285202581435,0.0021545200143009424,0.6484313160181046,0.0011586740147322416,0.010699060978367925,0.01074463501572609,10.66566841409076,0.4314384829774974,2482153.0,7856.0,32.0,5000.0,True,False
10,30,14635732121077068609,SLH_DSA_PURE_SHA2_128S,0.08601970004383475,0.0015939410077407956,0.6343537979992107,0.0010436830343678594,0.010753083042800426,0.010801533935591578,11.047380283940583,0.3992634588069502,2482153.0,7856.0,32.0,5000.0,True,False
10,30,1243597093261038898,SLH_DSA_PURE_SHA2_128S,0.0845658800099045,0.0017912420444190502,0.6297810539836064,0.0010694010416045785,0.010976663092151284,0.011105195037089288,10.85668106097728,0.3802216299305296,2482153.0,7856.0,32.0,5000.0,True,False
10,30,9399626473883501096,SLH_DSA_PURE_SHA2_128S,0.08015161601360887,0.0013453420251607895,0.6851654049241915,0.0010749910725280643,0.010844344040378928,0.01089322508778423,11.104174961918034,0.3739729067488651,2482153.0,7856.0,32.0,5000.0,True,False
10,30,10973719282594938592,SLH_DSA_PURE_SHA2_128S,0.08502560399938375,0.0018422110006213188,0.6234491770155728,0.0012545529752969742,0.010807370068505406,0.010859173955395818,6.291713417973369,0.38533375848820256,2482153.0,7856.0,32.0,5000.0,True,False
10,30,464335060425520997,SLH_DSA_PURE_SHA2_128S,0.07658958993852139,0.0016181479441002011,0.6058181090047583,0.001447907998226583,0.010743855033069849,0.010795028996653855,6.686285631032661,0.4037458109343128,2482153.0,7856.0,32.0,5000.0,True,False
