run,round,node_id,scheme,keygen_time,sign_time,verify_time,train_time,train_loss,payload_size,sig_size,pubkey_size,verified
1,1,12215281651307182946,ECDSA-256,0.009356329217553139,0.0010667359456419945,0.0006783739663660526,21.388341852929443,2.1286533872921245,2482141.0,71.0,91.0,True
1,1,3731143795487198090,ECDSA-256,0.0036356039345264435,0.0006111259572207928,0.00019412999972701073,21.587067420128733,2.204379048972084,2482141.0,70.0,91.0,True
1,1,7910144091959242563,ECDSA-256,0.00536862900480628,0.0009427852928638458,0.0002419981174170971,21.45344105968252,2.152613474538151,2482141.0,72.0,91.0,True
1,1,12364677543041677505,ECDSA-256,0.0031538251787424088,0.0006023170426487923,0.0001980336382985115,21.778042959980667,2.161863216957726,2482141.0,71.0,91.0,True
1,1,10938722517270409508,ECDSA-256,0.00013017700985074043,0.00014465069398283958,0.00023270584642887115,10.67434248700738,2.1841980801603667,2482141.0,71.0,91.0,True
1,2,12215281651307182946,ECDSA-256,0.0001267148181796074,0.0002906760200858116,0.00020579900592565536,21.631887905299664,2.3089235331684637,2482141.0,71.0,91.0,True
1,2,7910144091959242563,ECDSA-256,0.00017522694543004036,0.00024025002494454384,0.00020066089928150177,21.650899508036673,2.609068471783647,2482141.0,71.0,91.0,True
1,2,3731143795487198090,ECDSA-256,0.00012954417616128922,0.00018055317923426628,0.00018022675067186356,21.850918730255216,2.1477155997730293,2482141.0,72.0,91.0,True
1,2,12364677543041677505,ECDSA-256,0.00013003498315811157,0.0001841229386627674,0.0002565006725490093,21.890968552790582,2.158574141252536,2482141.0,72.0,91.0,True
1,2,10938722517270409508,ECDSA-256,0.00012598885223269463,0.00014883093535900116,0.00018977699801325798,10.5764793981798,2.3087564862955112,2482141.0,72.0,91.0,True
1,3,12215281651307182946,ECDSA-256,0.00021896371617913246,0.00019282707944512367,0.0002060541883111,21.87482269713655,2.056056037878457,2482141.0,70.0,91.0,True
1,3,7910144091959242563,ECDSA-256,0.0001268228515982628,0.00025132810696959496,0.00025151390582323074,22.239713761024177,2.2721140411334297,2482141.0,72.0,91.0,True
1,3,3731143795487198090,ECDSA-256,0.0001829429529607296,0.0002528759650886059,0.00017466861754655838,22.326331175863743,2.0214451113447978,2482141.0,72.0,91.0,True
1,3,12364677543041677505,ECDSA-256,0.00013159727677702904,0.00016201287508010864,0.00017544906586408615,22.403114122804254,2.3091823963311535,2482141.0,71.0,91.0,True
1,3,10938722517270409508,ECDSA-256,0.00012382818385958672,0.00014171190559864044,0.00019867392256855965,11.009994249325246,2.004794052995432,2482141.0,72.0,91.0,True
1,4,3731143795487198090,ECDSA-256,0.0004829852841794491,0.00029257312417030334,0.0003659101203083992,21.610506081022322,2.0193351240584643,2482141.0,72.0,91.0,True
1,4,7910144091959242563,ECDSA-256,0.00025261472910642624,0.000216012354940176,0.00026803184300661087,22.1310253739357,2.042833080687843,2482141.0,72.0,91.0,True
1,4,12215281651307182946,ECDSA-256,0.00014790426939725876,0.0003660968504846096,0.00018279720097780228,22.33224639808759,1.9987431280910017,2482141.0,71.0,91.0,True
1,4,12364677543041677505,ECDSA-256,0.00013339892029762268,0.00021118205040693283,0.00017515337094664574,22.373600108083338,1.9923179739961228,2482141.0,71.0,91.0,True
1,4,10938722517270409508,ECDSA-256,0.0001250365749001503,0.00017680833116173744,0.0002707820385694504,10.871263260021806,1.9685334938402754,2482141.0,71.0,91.0,True
1,5,12215281651307182946,ECDSA-256,0.00026810914278030396,0.0002465760335326195,0.00020535476505756378,21.746431657113135,1.930389527314768,2482141.0,71.0,91.0,True
1,5,3731143795487198090,ECDSA-256,0.0001856270246207714,0.00019710976630449295,0.0002554529346525669,21.926490806043148,1.9457489964299308,2482141.0,72.0,91.0,True
1,5,7910144091959242563,ECDSA-256,0.00017183693125844002,0.00017797481268644333,0.00018139369785785675,22.002725962083787,1.9216663959308173,2482141.0,71.0,91.0,True
1,5,12364677543041677505,ECDSA-256,0.0001252950169146061,0.00016132788732647896,0.00017339782789349556,22.148023430258036,1.9129959043984215,2482141.0,71.0,91.0,True
1,5,10938722517270409508,ECDSA-256,0.0001286761835217476,0.00015563704073429108,0.00017959391698241234,10.951830759178847,1.9072985831921854,2482141.0,72.0,91.0,True
1,6,7910144091959242563,ECDSA-256,0.00032253796234726906,0.00027076900005340576,0.00017999904230237007,22.434919104911387,1.8686521700776804,2482141.0,71.0,91.0,True
1,6,12364677543041677505,ECDSA-256,0.00018853088840842247,0.00026554614305496216,0.00017683766782283783,22.423625267110765,1.8762460482387116,2482141.0,72.0,91.0,True
1,6,3731143795487198090,ECDSA-256,0.00012514879927039146,0.00019243312999606133,0.0001742960885167122,22.61739792022854,1.8824115267957742,2482141.0,71.0,91.0,True
1,6,12215281651307182946,ECDSA-256,0.0001279842108488083,0.00017623696476221085,0.00017504999414086342,22.817449737340212,1.8921434997369686,2482141.0,70.0,91.0,True
1,6,10938722517270409508,ECDSA-256,0.0001308671198785305,0.00014778785407543182,0.0001756572164595127,10.692580139264464,1.8710016895787784,2482141.0,72.0,91.0,True
1,7,12364677543041677505,ECDSA-256,0.00012115715071558952,0.00025549065321683884,0.00017988309264183044,21.867615526076406,1.8531717949401076,2482141.0,72.0,91.0,True
1,7,7910144091959242563,ECDSA-256,0.0001958920620381832,0.000184633769094944,0.00017786258831620216,22.09883855842054,1.8476926522513928,2482141.0,71.0,91.0,True
1,7,3731143795487198090,ECDSA-256,0.00013352977111935616,0.00018141278997063637,0.00017648888751864433,22.209289534017444,1.859880790923731,2482141.0,72.0,91.0,True
1,7,12215281651307182946,ECDSA-256,0.0001393989659845829,0.00017754174768924713,0.00019153300672769547,22.35997133795172,1.849333282476797,2482141.0,71.0,91.0,True
1,7,10938722517270409508,ECDSA-256,0.00012258300557732582,0.00014528026804327965,0.00017551984637975693,10.537422735709697,1.8351318230644202,2482141.0,71.0,91.0,True
1,8,3731143795487198090,ECDSA-256,0.0001877918839454651,0.0002312879078090191,0.00021209800615906715,21.41597520187497,1.8555360659242819,2482141.0,71.0,91.0,True
1,8,12215281651307182946,ECDSA-256,0.0001697293482720852,0.0002569188363850117,0.00018685869872570038,21.534563191235065,1.8276469585613702,2482141.0,71.0,91.0,True
1,8,7910144091959242563,ECDSA-256,0.00020166998729109764,0.000253352802246809,0.00017828214913606644,21.66893252171576,1.822766549671039,2482141.0,71.0,91.0,True
1,8,12364677543041677505,ECDSA-256,0.00013977382332086563,0.00016090599820017815,0.00017046695575118065,21.790524197742343,1.8444266105993106,2482141.0,71.0,91.0,True
1,8,10938722517270409508,ECDSA-256,0.00012106215581297874,0.00014962861314415932,0.00017332891002297401,10.891967582050711,1.8059901661766222,2482141.0,72.0,91.0,True
1,9,12364677543041677505,ECDSA-256,0.0003147232346236706,0.00031518610194325447,0.00017864210531115532,21.435183360707015,1.8056459910572527,2482141.0,71.0,91.0,True
1,9,12215281651307182946,ECDSA-256,0.00016157515347003937,0.0001905611716210842,0.00018482794985175133,21.588997279759496,1.7874881314774291,2482141.0,72.0,91.0,True
1,9,7910144091959242563,ECDSA-256,0.0001742490567266941,0.00033367471769452095,0.00017443811520934105,21.78401542501524,1.8104678769462026,2482141.0,71.0,91.0,True
1,9,3731143795487198090,ECDSA-256,0.00012653693556785583,0.0001650252379477024,0.00017331819981336594,21.82229760568589,1.8030294724546683,2482141.0,70.0,91.0,True
1,9,10938722517270409508,ECDSA-256,0.00011962885037064552,0.000138887669891119,0.00017724139615893364,10.861900186166167,1.8133012703813303,2482141.0,72.0,91.0,True
1,10,12215281651307182946,ECDSA-256,0.0001520048826932907,0.00047147925943136215,0.00019216304644942284,21.811114409938455,1.760627558056158,2482141.0,71.0,91.0,True
1,10,7910144091959242563,ECDSA-256,0.00020846491679549217,0.0002457238733768463,0.0001945793628692627,21.935682721901685,1.7868031183370767,2482141.0,71.0,91.0,True
1,10,3731143795487198090,ECDSA-256,0.00017192494124174118,0.00024074502289295197,0.00019034789875149727,22.00251484103501,1.8436855024423082,2482141.0,72.0,91.0,True
1,10,12364677543041677505,ECDSA-256,0.00012899981811642647,0.00016477517783641815,0.00017586909234523773,22.107480933889747,1.800964850587205,2482141.0,70.0,91.0,True
1,10,10938722517270409508,ECDSA-256,0.0001238938421010971,0.0001366971991956234,0.00017723022028803825,10.858670461922884,1.7718821421217994,2482141.0,71.0,91.0,True
1,11,3731143795487198090,ECDSA-256,0.00020070327445864677,0.0002318369224667549,0.00017860392108559608,21.57007275475189,1.8023528325291107,2482141.0,70.0,91.0,True
1,11,12215281651307182946,ECDSA-256,0.00016042077913880348,0.0001732800155878067,0.00017647165805101395,21.93241526512429,1.7602375303975308,2482141.0,70.0,91.0,True
1,11,7910144091959242563,ECDSA-256,0.00024229614064097404,0.000421812292188406,0.00020528212189674377,21.88802804192528,1.7731465870579972,2482141.0,71.0,91.0,True
1,11,12364677543041677505,ECDSA-256,0.00019757216796278954,0.00037755584344267845,0.00017602089792490005,21.918341604992747,1.7939069823335154,2482141.0,72.0,91.0,True
1,11,10938722517270409508,ECDSA-256,0.00012015784159302711,0.00014365976676344872,0.00027928873896598816,10.533597676083446,1.7578811908301455,2482141.0,71.0,91.0,True
1,12,12364677543041677505,ECDSA-256,0.00023297220468521118,0.00024537183344364166,0.00018624495714902878,21.724106068722904,1.7724029610332208,2482141.0,72.0,91.0,True
1,12,7910144091959242563,ECDSA-256,0.0001699831336736679,0.00036499742418527603,0.0003369739279150963,21.999138836748898,1.7930458506075337,2482141.0,72.0,91.0,True
1,12,3731143795487198090,ECDSA-256,0.0001714448444545269,0.00017830822616815567,0.00033881887793540955,21.946097694337368,1.7842929504169063,2482141.0,72.0,91.0,True
1,12,12215281651307182946,ECDSA-256,0.00012412387877702713,0.00016232207417488098,0.0001799408346414566,22.29903977783397,1.7417952374528392,2482141.0,72.0,91.0,True
1,12,10938722517270409508,ECDSA-256,0.00012122979387640953,0.0001417812891304493,0.0001854579895734787,10.757667674683034,1.7678543531094877,2482141.0,72.0,91.0,True
1,13,7910144091959242563,ECDSA-256,0.0002979240380227566,0.00033609289675951004,0.00018189707770943642,22.61382420687005,1.7670906222285554,2482141.0,71.0,91.0,True
1,13,3731143795487198090,ECDSA-256,0.00017072632908821106,0.0003023911267518997,0.00018916605040431023,23.22957725264132,1.7524093614218714,2482141.0,72.0,91.0,True
1,13,12364677543041677505,ECDSA-256,0.00018510781228542328,0.000391446053981781,0.0001795496791601181,23.372411658987403,1.7891674136963134,2482141.0,71.0,91.0,True
1,13,12215281651307182946,ECDSA-256,0.0002052048221230507,0.0001754104159772396,0.0002198442816734314,23.49786503985524,1.7646796033024408,2482141.0,71.0,91.0,True
1,13,10938722517270409508,ECDSA-256,0.00013255001977086067,0.00013957824558019638,0.0001984969712793827,10.736087170895189,1.770534852442269,2482141.0,71.0,91.0,True
1,14,3731143795487198090,ECDSA-256,0.00022284407168626785,0.00024813413619995117,0.00022890279069542885,21.191286209970713,1.7379302437693929,2482141.0,72.0,91.0,True
1,14,12215281651307182946,ECDSA-256,0.0001899050548672676,0.00025270087644457817,0.0002029547467827797,21.376780265010893,1.7032327530102227,2482141.0,70.0,91.0,True
1,14,7910144091959242563,ECDSA-256,0.00014159735292196274,0.00017267931252717972,0.00017703184857964516,21.514809380751103,1.7251267695960146,2482141.0,71.0,91.0,True
1,14,12364677543041677505,ECDSA-256,0.00016865506768226624,0.00016870023682713509,0.000188400037586689,21.564480279106647,1.7704650156033306,2482141.0,71.0,91.0,True
1,14,10938722517270409508,ECDSA-256,0.0001208852045238018,0.00015030940994620323,0.00020995689556002617,10.484032083768398,1.800637696116877,2482141.0,72.0,91.0,True
1,15,3731143795487198090,ECDSA-256,0.00016322173178195953,0.00023925025016069412,0.0002376670017838478,21.114224065095186,1.768863102879387,2482141.0,71.0,91.0,True
1,15,12215281651307182946,ECDSA-256,0.00025553395971655846,0.00018487730994820595,0.0001918962225317955,21.192411992233247,1.7115764077098226,2482141.0,71.0,91.0,True
1,15,7910144091959242563,ECDSA-256,0.0001308727078139782,0.00013926485553383827,0.00020505907014012337,21.30114118475467,1.7243242477075742,2482141.0,70.0,91.0,True
1,15,12364677543041677505,ECDSA-256,0.0001727561466395855,0.00016203289851546288,0.0002431110478937626,21.470336778089404,1.7221209454460267,2482141.0,70.0,91.0,True
1,15,10938722517270409508,ECDSA-256,0.00014663906767964363,0.00017233798280358315,0.00021710479632019997,10.769571102689952,1.7299425655279677,2482141.0,72.0,91.0,True
1,16,12215281651307182946,ECDSA-256,0.0003959699533879757,0.00023697968572378159,0.00018817279487848282,21.559806224890053,1.6993220568464968,2482141.0,71.0,91.0,True
1,16,12364677543041677505,ECDSA-256,0.0001681833527982235,0.0002457061782479286,0.00018241163343191147,21.55482653202489,1.7189656419875903,2482141.0,72.0,91.0,True
1,16,7910144091959242563,ECDSA-256,0.00016375398263335228,0.00020213192328810692,0.00017542485147714615,21.740306299179792,1.7240025715325207,2482141.0,70.0,91.0,True
1,16,3731143795487198090,ECDSA-256,0.00011976342648267746,0.00016956403851509094,0.0002643018960952759,21.96613490395248,1.8069814595932396,2482141.0,71.0,91.0,True
1,16,10938722517270409508,ECDSA-256,0.00012335414066910744,0.00013834098353981972,0.0002552829682826996,10.54273241525516,1.7078414214685702,2482141.0,72.0,91.0,True
1,17,12364677543041677505,ECDSA-256,0.00020642206072807312,0.0001974431797862053,0.0002464880235493183,21.637922851368785,1.732058788259951,2482141.0,71.0,91.0,True
1,17,12215281651307182946,ECDSA-256,0.0002729841507971287,0.00017624208703637123,0.0001771962270140648,21.826151037123054,1.6862263464318297,2482141.0,71.0,91.0,True
1,17,3731143795487198090,ECDSA-256,0.00012282468378543854,0.0001705540344119072,0.00034525198861956596,21.98425396811217,1.7269054799795913,2482141.0,71.0,91.0,True
1,17,7910144091959242563,ECDSA-256,0.00032404065132141113,0.00018375227227807045,0.00022647902369499207,21.951000730041414,1.7122068565112714,2482141.0,71.0,91.0,True
1,17,10938722517270409508,ECDSA-256,0.00012102490290999413,0.0001363540068268776,0.00017525162547826767,10.516654157079756,1.706100928135954,2482141.0,72.0,91.0,True
1,18,7910144091959242563,ECDSA-256,0.0001628473401069641,0.00027781492099165916,0.00018728803843259811,22.18236318184063,1.6700452596615678,2482141.0,70.0,91.0,True
1,18,3731143795487198090,ECDSA-256,0.00020352238789200783,0.0002210359089076519,0.0001789112575352192,22.15090945409611,1.7218359095600848,2482141.0,71.0,91.0,True
1,18,12215281651307182946,ECDSA-256,0.00035813916474580765,0.00023727770894765854,0.0001742006279528141,22.350280847866088,1.6671363652323763,2482141.0,71.0,91.0,True
1,18,12364677543041677505,ECDSA-256,0.0001499592326581478,0.0001605958677828312,0.00017751101404428482,22.508838484063745,1.7369346965235262,2482141.0,71.0,91.0,True
1,18,10938722517270409508,ECDSA-256,0.00012033618986606598,0.00014566490426659584,0.00018593203276395798,10.67820959398523,1.6874733622462605,2482141.0,71.0,91.0,True
1,19,3731143795487198090,ECDSA-256,0.0003117751330137253,0.000498912762850523,0.00018674414604902267,21.7513783890754,1.7133960118308997,2482141.0,70.0,91.0,True
1,19,12364677543041677505,ECDSA-256,0.0001364508643746376,0.0002698400057852268,0.00022517098113894463,21.826696767937392,1.7041291383127817,2482141.0,71.0,91.0,True
1,19,12215281651307182946,ECDSA-256,0.0001324848271906376,0.00020973896607756615,0.00018522003665566444,21.875068151392043,1.659374908517344,2482141.0,70.0,91.0,True
1,19,7910144091959242563,ECDSA-256,0.00011951709166169167,0.0001645982265472412,0.00020889611914753914,22.13533648988232,1.6682675924544899,2482141.0,71.0,91.0,True
1,19,10938722517270409508,ECDSA-256,0.00013359682634472847,0.0001365942880511284,0.00018088612705469131,10.556217588949949,1.6577395791062912,2482141.0,72.0,91.0,True
1,20,12364677543041677505,ECDSA-256,0.00016235187649726868,0.00022632582113146782,0.00019533559679985046,21.598746701143682,1.7088770150376584,2482141.0,72.0,91.0,True
1,20,7910144091959242563,ECDSA-256,0.00017173867672681808,0.0003372351638972759,0.0001877988688647747,21.609291409142315,1.668880239081459,2482141.0,71.0,91.0,True
1,20,3731143795487198090,ECDSA-256,0.00011967122554779053,0.00016000820323824883,0.00024848710745573044,21.74873874662444,1.675057686936741,2482141.0,72.0,91.0,True
1,20,12215281651307182946,ECDSA-256,0.00012913206592202187,0.00020838528871536255,0.000178538728505373,21.669014774728566,1.6859192196934367,2482141.0,72.0,91.0,True
1,20,10938722517270409508,ECDSA-256,0.00012095924466848373,0.00013665203005075455,0.0002020159736275673,10.741386112757027,1.6483922416028884,2482141.0,72.0,91.0,True
1,21,3731143795487198090,ECDSA-256,0.00024309614673256874,0.0002320408821105957,0.00017822068184614182,21.436318753752857,1.6989402713867041,2482141.0,71.0,91.0,True
1,21,12364677543041677505,ECDSA-256,0.00038821203634142876,0.00023581786081194878,0.00017937878146767616,21.57643925677985,1.6703382235365554,2482141.0,72.0,91.0,True
1,21,7910144091959242563,ECDSA-256,0.0001581232063472271,0.00023432401940226555,0.00017869705334305763,21.776385160163045,1.6595919113189648,2482141.0,71.0,91.0,True
1,21,12215281651307182946,ECDSA-256,0.00015035225078463554,0.00021217716857790947,0.0003429260104894638,21.764104719273746,1.6483682489242797,2482141.0,70.0,91.0,True
1,21,10938722517270409508,ECDSA-256,0.00011940905824303627,0.0001350068487226963,0.00017802417278289795,10.825840902980417,1.6899786604859959,2482141.0,72.0,91.0,True
1,22,12364677543041677505,ECDSA-256,0.00023572705686092377,0.0008868938311934471,0.00018763821572065353,21.424973299261183,1.6549217780938925,2482141.0,70.0,91.0,True
1,22,12215281651307182946,ECDSA-256,0.0003258930519223213,0.00024150870740413666,0.0002426118589937687,21.52340295398608,1.6540321307822157,2482141.0,71.0,91.0,True
1,22,3731143795487198090,ECDSA-256,0.00019546085968613625,0.00023870868608355522,0.00018923403695225716,21.598857718985528,1.6776839064333005,2482141.0,70.0,91.0,True
1,22,7910144091959242563,ECDSA-256,0.00017598876729607582,0.00021956302225589752,0.0001799892634153366,21.72300366917625,1.7448322281669886,2482141.0,71.0,91.0,True
1,22,10938722517270409508,ECDSA-256,0.00012163817882537842,0.00013940315693616867,0.00017874781042337418,10.570365766063333,1.639891282247659,2482141.0,71.0,91.0,True
1,23,12364677543041677505,ECDSA-256,0.00017881812527775764,0.0007432820275425911,0.00018161442130804062,21.742805428802967,1.6900718558710603,2482141.0,71.0,91.0,True
1,23,7910144091959242563,ECDSA-256,0.0001817331649363041,0.0002839071676135063,0.00020355917513370514,22.007585785817355,1.6506931842706454,2482141.0,70.0,91.0,True
1,23,12215281651307182946,ECDSA-256,0.0002584788016974926,0.00019489508122205734,0.00019150041043758392,21.905143400654197,1.6271058589505691,2482141.0,72.0,91.0,True
1,23,3731143795487198090,ECDSA-256,0.00017231330275535583,0.0002453196793794632,0.00018759910017251968,21.975354763213545,1.652808470467028,2482141.0,70.0,91.0,True
1,23,10938722517270409508,ECDSA-256,0.00012028403580188751,0.00017532799392938614,0.00017733871936798096,10.537377876695246,1.6252563113983447,2482141.0,71.0,91.0,True
1,24,12215281651307182946,ECDSA-256,0.0002449783496558666,0.00019029201939702034,0.00017642928287386894,21.633678189944476,1.6086466438092364,2482141.0,72.0,91.0,True
1,24,7910144091959242563,ECDSA-256,0.00020068977028131485,0.0002840072847902775,0.00017814291641116142,21.64351986302063,1.6298262381705995,2482141.0,72.0,91.0,True
1,24,12364677543041677505,ECDSA-256,0.00015779724344611168,0.00019132904708385468,0.00020319409668445587,21.808591949287802,1.6470232063208143,2482141.0,71.0,91.0,True
1,24,3731143795487198090,ECDSA-256,0.00012116879224777222,0.00015580840408802032,0.00023472774773836136,21.92403276497498,1.6434821122751448,2482141.0,72.0,91.0,True
1,24,10938722517270409508,ECDSA-256,0.00012039300054311752,0.00013922713696956635,0.00019534630700945854,10.588688358664513,1.6149445326564411,2482141.0,72.0,91.0,True
1,25,7910144091959242563,ECDSA-256,0.00012752367183566093,0.00024564238265156746,0.0001930156722664833,21.567781639751047,1.6272479238601538,2482141.0,70.0,91.0,True
1,25,3731143795487198090,ECDSA-256,0.0001661917194724083,0.00018718140199780464,0.00023004598915576935,21.660566085018218,1.6355737900962464,2482141.0,72.0,91.0,True
1,25,12364677543041677505,ECDSA-256,0.00022757472470402718,0.0001768721267580986,0.00018330896273255348,21.794017342384905,1.6503989490838096,2482141.0,71.0,91.0,True
1,25,12215281651307182946,ECDSA-256,0.00012681400403380394,0.00016350019723176956,0.00018671434372663498,21.925588440615684,1.6181467017426658,2482141.0,72.0,91.0,True
1,25,10938722517270409508,ECDSA-256,0.00012578722089529037,0.00014751404523849487,0.00020496686920523643,10.514753997791559,1.5920935454079137,2482141.0,71.0,91.0,True
1,26,7910144091959242563,ECDSA-256,0.00015759514644742012,0.00025819288566708565,0.00018079811707139015,21.81628244696185,1.6080392290608951,2482141.0,71.0,91.0,True
1,26,3731143795487198090,ECDSA-256,0.00023459503427147865,0.00018114596605300903,0.00020273402333259583,21.830898084212095,1.6172251811804481,2482141.0,70.0,91.0,True
1,26,12215281651307182946,ECDSA-256,0.00012797396630048752,0.00019384687766432762,0.0001898631453514099,21.92878526588902,1.6119245401205726,2482141.0,72.0,91.0,True
1,26,12364677543041677505,ECDSA-256,0.0001723412424325943,0.00017066486179828644,0.00017600925639271736,22.100364456884563,1.6193073302412186,2482141.0,72.0,91.0,True
1,26,10938722517270409508,ECDSA-256,0.00012984685599803925,0.00014855898916721344,0.00018722796812653542,10.516467534936965,1.6239580433970442,2482141.0,70.0,91.0,True
1,27,7910144091959242563,ECDSA-256,0.00021065305918455124,0.0005076560191810131,0.0002845791168510914,21.633470064029098,1.5832334016077816,2482141.0,71.0,91.0,True
1,27,12215281651307182946,ECDSA-256,0.0001247171312570572,0.00025206105783581734,0.00017908727750182152,21.689468383789062,1.581937443524504,2482141.0,71.0,91.0,True
1,27,3731143795487198090,ECDSA-256,0.00014495709910988808,0.00020195823162794113,0.00019491231068968773,21.735293289180845,1.598191845531281,2482141.0,71.0,91.0,True
1,27,12364677543041677505,ECDSA-256,0.00012867804616689682,0.00016006315127015114,0.00018103839829564095,21.921041718218476,1.6345984577751769,2482141.0,71.0,91.0,True
1,27,10938722517270409508,ECDSA-256,0.0001236340031027794,0.00016904901713132858,0.0003526192158460617,10.43817709106952,1.5705575510716667,2482141.0,71.0,91.0,True
1,28,12215281651307182946,ECDSA-256,0.00028840498998761177,0.0001684841699898243,0.00019505387172102928,21.19495115801692,1.5432589492097069,2482141.0,72.0,91.0,True
1,28,12364677543041677505,ECDSA-256,0.00023606698960065842,0.0002404400147497654,0.00020407931879162788,21.491625973023474,1.598025446882644,2482141.0,71.0,91.0,True
1,28,7910144091959242563,ECDSA-256,0.0001973467878997326,0.00026898831129074097,0.00020166905596852303,21.51007714541629,1.5787759937417394,2482141.0,70.0,91.0,True
1,28,3731143795487198090,ECDSA-256,0.00015888595953583717,0.00015872716903686523,0.00020473729819059372,21.596000912133604,1.6051324811606362,2482141.0,72.0,91.0,True
1,28,10938722517270409508,ECDSA-256,0.00013469066470861435,0.00014874711632728577,0.00021253665909171104,10.661664132028818,1.5609889380848065,2482141.0,72.0,91.0,True
1,29,7910144091959242563,ECDSA-256,0.0002957656979560852,0.0002371850423514843,0.00018112268298864365,21.201089242938906,1.5766520271666895,2482141.0,71.0,91.0,True
1,29,12215281651307182946,ECDSA-256,0.000795191153883934,0.0006141257472336292,0.00018518511205911636,21.15504096215591,1.5407780471701211,2482141.0,70.0,91.0,True
1,29,12364677543041677505,ECDSA-256,0.0001546698622405529,0.0003025238402187824,0.00020079873502254486,21.252227446995676,1.6220802403867436,2482141.0,72.0,91.0,True
1,29,3731143795487198090,ECDSA-256,0.00016825180500745773,0.00017185788601636887,0.00025227805599570274,21.33091800380498,1.5931150223881292,2482141.0,70.0,91.0,True
1,29,10938722517270409508,ECDSA-256,0.00012126099318265915,0.00017361901700496674,0.000197581946849823,11.03259921586141,1.5490758222893786,2482141.0,70.0,91.0,True
1,30,12215281651307182946,ECDSA-256,0.0001541096717119217,0.0001695849932730198,0.00017899367958307266,21.305382496211678,1.5518436028172795,2482141.0,71.0,91.0,True
1,30,7910144091959242563,ECDSA-256,0.00012926803901791573,0.00024850107729434967,0.00018135784193873405,21.527638033032417,1.6058543273054373,2482141.0,71.0,91.0,True
1,30,3731143795487198090,ECDSA-256,0.0001228940673172474,0.00020242901518940926,0.00017651263624429703,21.537946632131934,1.5845098847779222,2482141.0,71.0,91.0,True
1,30,12364677543041677505,ECDSA-256,0.00021457066759467125,0.00023812893778085709,0.00018007634207606316,21.536736228968948,1.587416431012626,2482141.0,71.0,91.0,True
1,30,10938722517270409508,ECDSA-256,0.00012156087905168533,0.00014624977484345436,0.00017579225823283195,10.440422711428255,1.5730041341659742,2482141.0,70.0,91.0,True
1,31,7910144091959242563,ECDSA-256,0.0002243323251605034,0.0003473181277513504,0.000192384235560894,21.796716400887817,1.581171659806285,2482141.0,72.0,91.0,True
1,31,12364677543041677505,ECDSA-256,0.0001756022684276104,0.0002388209104537964,0.00018650665879249573,21.848013053648174,1.6312902015619004,2482141.0,70.0,91.0,True
1,31,3731143795487198090,ECDSA-256,0.00016538100317120552,0.00018145237118005753,0.000187720637768507,21.75264948606491,1.564802468203889,2482141.0,72.0,91.0,True
1,31,12215281651307182946,ECDSA-256,0.00014349864795804024,0.00016302010044455528,0.00018533505499362946,21.98951189313084,1.5422284515521016,2482141.0,71.0,91.0,True
1,31,10938722517270409508,ECDSA-256,0.0001360112801194191,0.0001560961827635765,0.00018566008657217026,10.545148835983127,1.5521706296993902,2482141.0,71.0,91.0,True
1,32,12215281651307182946,ECDSA-256,0.00025466689839959145,0.00023357803001999855,0.0001819808967411518,21.646716883871704,1.5417593458590035,2482141.0,71.0,91.0,True
1,32,3731143795487198090,ECDSA-256,0.0002518496476113796,0.00018400419503450394,0.00017500901594758034,21.717533349059522,1.561152857713425,2482141.0,72.0,91.0,True
1,32,12364677543041677505,ECDSA-256,0.00012493086978793144,0.000267034862190485,0.00017883535474538803,21.694999891798943,1.585114273019492,2482141.0,72.0,91.0,True
1,32,7910144091959242563,ECDSA-256,0.0001228880137205124,0.00015947595238685608,0.0001771119423210621,21.89739997498691,1.5628240496967547,2482141.0,71.0,91.0,True
1,32,10938722517270409508,ECDSA-256,0.0001212041825056076,0.0001415410079061985,0.00017529167234897614,10.77459610067308,1.5428588295135255,2482141.0,72.0,91.0,True
1,33,7910144091959242563,ECDSA-256,0.0002105790190398693,0.0002870410680770874,0.00017747282981872559,21.38294442789629,1.5321190479083564,2482141.0,70.0,91.0,True
1,33,12364677543041677505,ECDSA-256,0.00017441576346755028,0.00023752683773636818,0.00017456989735364914,21.75102699128911,1.5646093708638567,2482141.0,71.0,91.0,True
1,33,3731143795487198090,ECDSA-256,0.00018659420311450958,0.00018304493278265,0.00017463602125644684,21.753697129897773,1.5329728168420518,2482141.0,71.0,91.0,True
1,33,12215281651307182946,ECDSA-256,0.00012268265709280968,0.0001877443864941597,0.00017460808157920837,21.849953332915902,1.5919775576256334,2482141.0,72.0,91.0,True
1,33,10938722517270409508,ECDSA-256,0.00012255925685167313,0.00014510424807667732,0.00017743930220603943,10.770215025171638,1.5567706168269198,2482141.0,72.0,91.0,True
1,34,12215281651307182946,ECDSA-256,0.0002074860967695713,0.00024514785036444664,0.00021596066653728485,21.489400311838835,1.5109360391339555,2482141.0,71.0,91.0,True
1,34,3731143795487198090,ECDSA-256,0.00025352928787469864,0.00018861610442399979,0.00017220433801412582,21.548310785088688,1.55134836877116,2482141.0,70.0,91.0,True
1,34,7910144091959242563,ECDSA-256,0.00012945616617798805,0.00018171686679124832,0.0001748139038681984,21.701247709803283,1.5287100743181028,2482141.0,71.0,91.0,True
1,34,12364677543041677505,ECDSA-256,0.00012335414066910744,0.00024903519079089165,0.00026795314624905586,21.68858405109495,1.5949799268009563,2482141.0,70.0,91.0,True
1,34,10938722517270409508,ECDSA-256,0.00012070219963788986,0.00014009792357683182,0.00017550215125083923,10.631972993724048,1.505878019637574,2482141.0,71.0,91.0,True
1,35,3731143795487198090,ECDSA-256,0.00016624899581074715,0.00025163684040308,0.00017632823437452316,21.47165975999087,1.5283101473372585,2482141.0,72.0,91.0,True
1,35,12215281651307182946,ECDSA-256,0.00016748206689953804,0.00029049627482891083,0.00018403725698590279,21.578923187684268,1.5316542478415152,2482141.0,71.0,91.0,True
1,35,12364677543041677505,ECDSA-256,0.00017950963228940964,0.00017782626673579216,0.00017614709213376045,21.627491662744433,1.5574246007032668,2482141.0,70.0,91.0,True
1,35,7910144091959242563,ECDSA-256,0.00016538705676794052,0.0001723170280456543,0.00017806468531489372,21.63627069396898,1.552481571325479,2482141.0,70.0,91.0,True
1,35,10938722517270409508,ECDSA-256,0.00016654515638947487,0.00015200069174170494,0.0002047419548034668,10.547718370333314,1.490753349023886,2482141.0,71.0,91.0,True
1,36,7910144091959242563,ECDSA-256,0.00015860563144087791,0.00018412061035633087,0.00017951615154743195,21.392600602004677,1.5251557836517358,2482141.0,71.0,91.0,True
1,36,12215281651307182946,ECDSA-256,0.00012266961857676506,0.0001841406337916851,0.00021294597536325455,21.474213926121593,1.4932839184904252,2482141.0,71.0,91.0,True
1,36,12364677543041677505,ECDSA-256,0.00028545502573251724,0.00020269863307476044,0.00017044087871909142,21.471160715911537,1.5405341379177837,2482141.0,71.0,91.0,True
1,36,3731143795487198090,ECDSA-256,0.0001337490975856781,0.00016760081052780151,0.00019746413454413414,21.739725360646844,1.5651055926712938,2482141.0,71.0,91.0,True
1,36,10938722517270409508,ECDSA-256,0.0001319372095167637,0.00014355778694152832,0.00017927400767803192,10.881875397171825,1.5376472170360553,2482141.0,70.0,91.0,True
1,37,7910144091959242563,ECDSA-256,0.00018767127767205238,0.00030999816954135895,0.0001890263520181179,21.943673511967063,1.6306038746437705,2482141.0,72.0,91.0,True
1,37,12364677543041677505,ECDSA-256,0.0003223610110580921,0.0001759813167154789,0.0001904047094285488,22.09077545022592,1.5285065528302908,2482141.0,71.0,91.0,True
1,37,12215281651307182946,ECDSA-256,0.0001255958341062069,0.00015624100342392921,0.00018082698807120323,22.26354214735329,1.5261045343959674,2482141.0,72.0,91.0,True
1,37,3731143795487198090,ECDSA-256,0.00017268816009163857,0.0002872347831726074,0.000179206021130085,22.254880639258772,1.5474861205195467,2482141.0,71.0,91.0,True
1,37,10938722517270409508,ECDSA-256,0.00012501515448093414,0.00014822930097579956,0.00017697317525744438,10.650871030986309,1.5071905721871617,2482141.0,70.0,91.0,True
1,38,12364677543041677505,ECDSA-256,0.00022807810455560684,0.00020958203822374344,0.00018046610057353973,21.458355674054474,1.526484628645376,2482141.0,70.0,91.0,True
1,38,7910144091959242563,ECDSA-256,0.0003026118502020836,0.0001734672114253044,0.00019784364849328995,21.427820053882897,1.489969096816005,2482141.0,71.0,91.0,True
1,38,3731143795487198090,ECDSA-256,0.00019008200615644455,0.0002229544334113598,0.00018049031496047974,21.435148984193802,1.5147502648944673,2482141.0,71.0,91.0,True
1,38,12215281651307182946,ECDSA-256,0.00012139184400439262,0.0001811198890209198,0.00017659971490502357,21.704794771037996,1.4830706313776132,2482141.0,72.0,91.0,True
1,38,10938722517270409508,ECDSA-256,0.00012585800141096115,0.00017237896099686623,0.00017966143786907196,10.770709879230708,1.547952530102227,2482141.0,70.0,91.0,True
1,39,12215281651307182946,ECDSA-256,0.00023920880630612373,0.0003665238618850708,0.00018044700846076012,21.236433757003397,1.4684388325237239,2482141.0,71.0,91.0,True
1,39,7910144091959242563,ECDSA-256,0.00019035767763853073,0.0004906421527266502,0.00017746398225426674,21.38338169362396,1.551009963495663,2482141.0,70.0,91.0,True
1,39,12364677543041677505,ECDSA-256,0.00016426201909780502,0.00016506388783454895,0.00033350009471178055,21.5057338103652,1.522965467204682,2482141.0,71.0,91.0,True
1,39,3731143795487198090,ECDSA-256,0.00016887206584215164,0.00017164135351777077,0.0003270967863500118,21.43830899707973,1.5159391669419626,2482141.0,71.0,91.0,True
1,39,10938722517270409508,ECDSA-256,0.00012517999857664108,0.00014406302943825722,0.00019543198868632317,10.559374900069088,1.5259177075407375,2482141.0,72.0,91.0,True
1,40,3731143795487198090,ECDSA-256,0.00016636401414871216,0.00024636974558234215,0.00019523827359080315,21.154294001869857,1.5159984345253283,2482141.0,71.0,91.0,True
1,40,12215281651307182946,ECDSA-256,0.00021908199414610863,0.00026440713554620743,0.0002262531779706478,21.183635296300054,1.4890956516844778,2482141.0,71.0,91.0,True
1,40,12364677543041677505,ECDSA-256,0.00014222413301467896,0.0001664021983742714,0.00018669478595256805,21.296670409850776,1.53394032381594,2482141.0,71.0,91.0,True
1,40,7910144091959242563,ECDSA-256,0.00018524238839745522,0.000243328046053648,0.0001937607303261757,21.66419187700376,1.4912990407821851,2482141.0,70.0,91.0,True
1,40,10938722517270409508,ECDSA-256,0.00012696627527475357,0.00018779514357447624,0.0001912638545036316,10.652796695008874,1.487738829260817,2482141.0,72.0,91.0,True
1,41,12364677543041677505,ECDSA-256,0.00015894602984189987,0.00017858203500509262,0.00019614491611719131,21.053141986951232,1.522528721501652,2482141.0,71.0,91.0,True
1,41,3731143795487198090,ECDSA-256,0.00015871180221438408,0.00029239291325211525,0.0002020099200308323,21.10393065912649,1.4721321526426858,2482141.0,71.0,91.0,True
1,41,7910144091959242563,ECDSA-256,0.00011948682367801666,0.0001730639487504959,0.00017575081437826157,21.265947469044477,1.545775051505421,2482141.0,72.0,91.0,True
1,41,12215281651307182946,ECDSA-256,0.00012253085151314735,0.00016689300537109375,0.0001767934300005436,21.366608218755573,1.498804570386966,2482141.0,71.0,91.0,True
1,41,10938722517270409508,ECDSA-256,0.00012244796380400658,0.0001451638527214527,0.0001746159978210926,10.641924490686506,1.4932003826759874,2482141.0,70.0,91.0,True
1,42,12215281651307182946,ECDSA-256,0.0001903083175420761,0.00020676292479038239,0.00018292386084794998,21.925357291009277,1.482541666815456,2482141.0,71.0,91.0,True
1,42,7910144091959242563,ECDSA-256,0.00018979189917445183,0.0003410731442272663,0.00019800616428256035,21.753131663892418,1.5109412237859001,2482141.0,72.0,91.0,True
1,42,12364677543041677505,ECDSA-256,0.00016363011673092842,0.00023507466539740562,0.0002260892651975155,21.773758566007018,1.5451164925441194,2482141.0,70.0,91.0,True
1,42,3731143795487198090,ECDSA-256,0.0001582559198141098,0.0001607770100235939,0.0002546100877225399,22.002062004059553,1.5116102470757482,2482141.0,71.0,91.0,True
1,42,10938722517270409508,ECDSA-256,0.00012230128049850464,0.00015141768380999565,0.00017585884779691696,10.565142415929586,1.4789460324250852,2482141.0,70.0,91.0,True
1,43,12364677543041677505,ECDSA-256,0.000269309151917696,0.0001685810275375843,0.0001905187964439392,21.22368766507134,1.5092207065786416,2482141.0,71.0,91.0,True
1,43,12215281651307182946,ECDSA-256,0.00015287799760699272,0.000233394093811512,0.00017631333321332932,21.563393080141395,1.5080776843019188,2482141.0,71.0,91.0,True
1,43,7910144091959242563,ECDSA-256,0.00012120837345719337,0.00017945421859622002,0.00017586909234523773,21.6101391389966,1.491591325011878,2482141.0,71.0,91.0,True
1,43,3731143795487198090,ECDSA-256,0.00012465985491871834,0.00018208008259534836,0.0001738150604069233,21.621695608831942,1.4992814494398075,2482141.0,71.0,91.0,True
1,43,10938722517270409508,ECDSA-256,0.00013352185487747192,0.00014010118320584297,0.0001738280989229679,10.6107555818744,1.5112159572089443,2482141.0,70.0,91.0,True
1,44,7910144091959242563,ECDSA-256,0.0002757529728114605,0.00028868019580841064,0.00017743511125445366,21.41519996477291,1.5327558292748449,2482141.0,70.0,91.0,True
1,44,3731143795487198090,ECDSA-256,0.00019680382683873177,0.00019346177577972412,0.00026048021391034126,21.879643648397177,1.5898437644726933,2482141.0,70.0,91.0,True
1,44,12215281651307182946,ECDSA-256,0.00017474405467510223,0.00024254713207483292,0.00017608515918254852,22.204842331819236,1.522572505969209,2482141.0,70.0,91.0,True
1,44,12364677543041677505,ECDSA-256,0.00012126611545681953,0.00017097359523177147,0.0001782081089913845,22.116703536827117,1.529070500748607,2482141.0,70.0,91.0,True
1,44,10938722517270409508,ECDSA-256,0.00012107798829674721,0.0001401696354150772,0.00017529306933283806,10.683962097391486,1.4883950624983913,2482141.0,70.0,91.0,True
1,45,3731143795487198090,ECDSA-256,0.00017751706764101982,0.0002413000911474228,0.0002739368937909603,21.60478693759069,1.4932069673705786,2482141.0,70.0,91.0,True
1,45,12215281651307182946,ECDSA-256,0.00016682781279087067,0.00025077490136027336,0.0001733279787003994,21.68581050168723,1.4539348576396418,2482141.0,71.0,91.0,True
1,45,12364677543041677505,ECDSA-256,0.0001189839094877243,0.00017344020307064056,0.0002761678770184517,21.9059343659319,1.4879938409732172,2482141.0,72.0,91.0,True
1,45,7910144091959242563,ECDSA-256,0.0001211441121995449,0.00015810085460543633,0.00017833663150668144,21.95932358922437,1.4881994118705726,2482141.0,71.0,91.0,True
1,45,10938722517270409508,ECDSA-256,0.00012336112558841705,0.00013653002679347992,0.0002146218903362751,10.649551602080464,1.4691830599269928,2482141.0,72.0,91.0,True
1,46,3731143795487198090,ECDSA-256,0.00017624394968152046,0.0002816612832248211,0.00033063115552067757,22.473767273128033,1.5100666012246007,2482141.0,70.0,91.0,True
1,46,7910144091959242563,ECDSA-256,0.00016391277313232422,0.00034191086888313293,0.00022201891988515854,22.694561596028507,1.4874349906802558,2482141.0,70.0,91.0,True
1,46,12215281651307182946,ECDSA-256,0.00018838513642549515,0.00018444983288645744,0.00017987610772252083,22.679405556991696,1.45812190645419,2482141.0,72.0,91.0,True
1,46,12364677543041677505,ECDSA-256,0.000125181395560503,0.00017809821292757988,0.00017456430941820145,22.755082802847028,1.5251479409754085,2482141.0,71.0,91.0,True
1,46,10938722517270409508,ECDSA-256,0.00012099510058760643,0.00014176825061440468,0.00021479791030287743,10.509542332030833,1.4843163292248027,2482141.0,71.0,91.0,True
1,47,7910144091959242563,ECDSA-256,0.00015883473679423332,0.00024171313270926476,0.0001830700784921646,21.34987226733938,1.494577528760075,2482141.0,72.0,91.0,True
1,47,3731143795487198090,ECDSA-256,0.00022367900237441063,0.00023884698748588562,0.00017887912690639496,21.526143821887672,1.5046043670215545,2482141.0,71.0,91.0,True
1,47,12215281651307182946,ECDSA-256,0.00012385984882712364,0.0001753796823322773,0.00021827314049005508,21.614113189745694,1.466707877076853,2482141.0,72.0,91.0,True
1,47,12364677543041677505,ECDSA-256,0.00014798995107412338,0.0001713600941002369,0.00017632124945521355,21.69271551305428,1.468757830298366,2482141.0,70.0,91.0,True
1,47,10938722517270409508,ECDSA-256,0.00012233760207891464,0.00017333263531327248,0.00017502997070550919,10.506791995838284,1.4998758180072893,2482141.0,71.0,91.0,True
1,48,12215281651307182946,ECDSA-256,0.0001698080450296402,0.00044011371210217476,0.00017811404541134834,21.894726450089365,1.4411045371914823,2482141.0,71.0,91.0,True
1,48,3731143795487198090,ECDSA-256,0.0001770108938217163,0.00031332019716501236,0.0001772879622876644,22.006761274766177,1.4850965930630986,2482141.0,71.0,91.0,True
1,48,7910144091959242563,ECDSA-256,0.00012147892266511917,0.00015937304124236107,0.000181450042873621,22.062332226894796,1.506276344529356,2482141.0,71.0,91.0,True
1,48,12364677543041677505,ECDSA-256,0.0001787738874554634,0.00034359702840447426,0.00017516734078526497,21.981025107204914,1.4996294878161371,2482141.0,70.0,91.0,True
1,48,10938722517270409508,ECDSA-256,0.00012393807992339134,0.00016951793804764748,0.00017520971596240997,10.619477285072207,1.4886610077592892,2482141.0,72.0,91.0,True
1,49,7910144091959242563,ECDSA-256,0.00023141689598560333,0.0002226848155260086,0.00017961300909519196,21.454391391016543,1.466886362328697,2482141.0,71.0,91.0,True
1,49,12364677543041677505,ECDSA-256,0.00017031515017151833,0.00023092515766620636,0.00017882278189063072,21.448506184853613,1.4861990990349279,2482141.0,70.0,91.0,True
1,49,12215281651307182946,ECDSA-256,0.00012044096365571022,0.00016040122136473656,0.0001745261251926422,21.780098544899374,1.4669156040246494,2482141.0,72.0,91.0,True
1,49,3731143795487198090,ECDSA-256,0.00014825211837887764,0.0001762760803103447,0.00017612101510167122,21.707462501712143,1.4983812319204068,2482141.0,71.0,91.0,True
1,49,10938722517270409508,ECDSA-256,0.0001326487399637699,0.00014883186668157578,0.00017599621787667274,10.586278502829373,1.4815570319803377,2482141.0,72.0,91.0,True
1,50,12364677543041677505,ECDSA-256,0.000170018058270216,0.00047408416867256165,0.00032079266384243965,21.449495984707028,1.5361426173688504,2482141.0,71.0,91.0,True
1,50,7910144091959242563,ECDSA-256,0.00017442507669329643,0.0002753683365881443,0.00018403725698590279,21.53576922090724,1.5288913348993174,2482141.0,71.0,91.0,True
1,50,12215281651307182946,ECDSA-256,0.00028702663257718086,0.00024489080533385277,0.00017833290621638298,21.74181664409116,1.4711085952128085,2482141.0,71.0,91.0,True
1,50,3731143795487198090,ECDSA-256,0.00012093689292669296,0.000159568153321743,0.00017880601808428764,21.816116127185524,1.4690840832722454,2482141.0,70.0,91.0,True
1,50,10938722517270409508,ECDSA-256,0.00012598605826497078,0.00013713492080569267,0.000173881184309721,10.740180691238493,1.4313359289123608,2482141.0,71.0,91.0,True
2,1,4787150738278546621,ECDSA-256,0.004477295093238354,0.0007846662774682045,0.0005800928920507431,21.845709811896086,2.1599000162971667,2482141.0,71.0,91.0,True
2,1,6159547447158543510,ECDSA-256,0.0034579201601445675,0.0005532940849661827,0.00018321583047509193,21.81919139996171,2.090237858196417,2482141.0,71.0,91.0,True
2,1,4733365899187856236,ECDSA-256,0.00348739605396986,0.00064039696007967,0.00017342204228043556,21.822510526981205,2.291968013912725,2482141.0,72.0,91.0,True
2,1,2056125798154819304,ECDSA-256,0.0031623360700905323,0.0005930708721280098,0.00020675500854849815,21.955155833624303,2.236052078560899,2482141.0,71.0,91.0,True
2,1,8273073038615632587,ECDSA-256,0.0001256992109119892,0.000140319112688303,0.0001833159476518631,10.810477904044092,2.100121341193446,2482141.0,70.0,91.0,True
2,2,4733365899187856236,ECDSA-256,0.0002652192488312721,0.00029694801196455956,0.00019241031259298325,21.34972612094134,2.0715008060010476,2482141.0,71.0,91.0,True
2,2,2056125798154819304,ECDSA-256,0.00037303706631064415,0.00019572069868445396,0.00018055131658911705,21.436547240242362,2.1065681487226637,2482141.0,72.0,91.0,True
2,2,6159547447158543510,ECDSA-256,0.00026380782946944237,0.00018003815785050392,0.0001935441978275776,21.625467665027827,2.0869392148983743,2482141.0,71.0,91.0,True
2,2,4787150738278546621,ECDSA-256,0.00012748315930366516,0.0001898137852549553,0.000230391975492239,21.799072376918048,2.1335443768638394,2482141.0,71.0,91.0,True
2,2,8273073038615632587,ECDSA-256,0.00012737512588500977,0.00014255475252866745,0.00018067099153995514,10.476892582606524,2.3026813318173343,2482141.0,71.0,91.0,True
2,3,4787150738278546621,ECDSA-256,0.00023346208035945892,0.00018964800983667374,0.00018337508663535118,21.885185511317104,1.9917711034750405,2482141.0,72.0,91.0,True
2,3,4733365899187856236,ECDSA-256,0.0002859532833099365,0.00022467179223895073,0.00017437897622585297,21.955389284994453,1.969833546553176,2482141.0,71.0,91.0,True
2,3,2056125798154819304,ECDSA-256,0.00012533273547887802,0.00015718676149845123,0.0002817572094500065,22.060479257721454,1.9598546233801797,2482141.0,71.0,91.0,True
2,3,6159547447158543510,ECDSA-256,0.0002139117568731308,0.000267641618847847,0.00021602818742394447,22.006055880803615,1.9329150263874675,2482141.0,72.0,91.0,True
2,3,8273073038615632587,ECDSA-256,0.00012738024815917015,0.00014441320672631264,0.00017387792468070984,10.513962911907583,1.9393165941817312,2482141.0,71.0,91.0,True
2,4,4787150738278546621,ECDSA-256,0.000297661405056715,0.00031282566487789154,0.00017589563503861427,21.34689161926508,1.89108531543622,2482141.0,72.0,91.0,True
2,4,6159547447158543510,ECDSA-256,0.00016837706789374352,0.00019899103790521622,0.0002218727022409439,21.41069975029677,1.8645735670583317,2482141.0,72.0,91.0,True
2,4,2056125798154819304,ECDSA-256,0.0001747352071106434,0.00033224327489733696,0.0001737317070364952,21.493287863675505,1.8631935348145117,2482141.0,71.0,91.0,True
2,4,4733365899187856236,ECDSA-256,0.00012704776600003242,0.0001616128720343113,0.00022050784900784492,21.666749301366508,1.8872073900204498,2482141.0,70.0,91.0,True
2,4,8273073038615632587,ECDSA-256,0.00013883225619792938,0.000141938216984272,0.00024460768327116966,10.907722782809287,1.900072335816039,2482141.0,72.0,91.0,True
2,5,2056125798154819304,ECDSA-256,0.00017785513773560524,0.00041463086381554604,0.00018783099949359894,22.057007191702724,1.82390345437839,2482141.0,72.0,91.0,True
2,5,4787150738278546621,ECDSA-256,0.00018508592620491982,0.0002993983216583729,0.00018149521201848984,22.12059069518,1.855102676172226,2482141.0,71.0,91.0,True
2,5,4733365899187856236,ECDSA-256,0.00012737326323986053,0.00017613405361771584,0.00017387932166457176,22.26547381700948,1.8650387335128296,2482141.0,72.0,91.0,True
2,5,6159547447158543510,ECDSA-256,0.00012345099821686745,0.0001656562089920044,0.0001763780601322651,22.409224215894938,1.8485951705481678,2482141.0,71.0,91.0,True
2,5,8273073038615632587,ECDSA-256,0.0001273779198527336,0.0001505659893155098,0.0001755249686539173,10.327816562261432,1.7988820102648995,2482141.0,71.0,91.0,True
2,6,2056125798154819304,ECDSA-256,0.00017218990251421928,0.0002679959870874882,0.00017716223374009132,21.666803621686995,1.7984878483671731,2482141.0,71.0,91.0,True
2,6,4733365899187856236,ECDSA-256,0.0002314322628080845,0.00020419294014573097,0.00017777597531676292,21.845089804846793,1.8447201168194365,2482141.0,71.0,91.0,True
2,6,6159547447158543510,ECDSA-256,0.000170139130204916,0.0001731477677822113,0.00017180340364575386,21.900650208815932,1.7910176629837329,2482141.0,71.0,91.0,True
2,6,4787150738278546621,ECDSA-256,0.0001265108585357666,0.00018259836360812187,0.00017953291535377502,21.962335735093802,1.8050322346032237,2482141.0,71.0,91.0,True
2,6,8273073038615632587,ECDSA-256,0.00012914324179291725,0.0001514870673418045,0.00017753802239894867,10.533278453163803,1.7999302914348274,2482141.0,71.0,91.0,True
2,7,4787150738278546621,ECDSA-256,0.00012946221977472305,0.0002177148126065731,0.00019292812794446945,22.02310704626143,1.786581282036754,2482141.0,71.0,91.0,True
2,7,6159547447158543510,ECDSA-256,0.0002654748968780041,0.00018927035853266716,0.00018599629402160645,22.13434766419232,1.7657978808917938,2482141.0,71.0,91.0,True
2,7,4733365899187856236,ECDSA-256,0.00030238227918744087,0.0002641887404024601,0.00017924094572663307,22.319479935336858,1.7910197146784383,2482141.0,71.0,91.0,True
2,7,2056125798154819304,ECDSA-256,0.00014707492664456367,0.00015743589028716087,0.00018551712855696678,22.36660519009456,1.769319328637169,2482141.0,70.0,91.0,True
2,7,8273073038615632587,ECDSA-256,0.0001387856900691986,0.00016896706074476242,0.00017580389976501465,10.76829784270376,1.7918776231832778,2482141.0,71.0,91.0,True
2,8,6159547447158543510,ECDSA-256,0.00018322328105568886,0.00025490205734968185,0.00023000966757535934,22.268160196952522,1.7482052089307254,2482141.0,72.0,91.0,True
2,8,4787150738278546621,ECDSA-256,0.00013184500858187675,0.0001901392824947834,0.00017744535580277443,22.35815032897517,1.746908648326374,2482141.0,71.0,91.0,True
2,8,4733365899187856236,ECDSA-256,0.0001665228046476841,0.00018386868759989738,0.0001720762811601162,22.408568776678294,1.7510577226980044,2482141.0,71.0,91.0,True
2,8,2056125798154819304,ECDSA-256,0.00012931134551763535,0.00016429182142019272,0.00018057087436318398,22.528940501157194,1.7325315875367235,2482141.0,71.0,91.0,True
2,8,8273073038615632587,ECDSA-256,0.00012287218123674393,0.00013960013166069984,0.0001763543114066124,10.814186371862888,1.735422680553156,2482141.0,71.0,91.0,True
2,9,2056125798154819304,ECDSA-256,0.00019663991406559944,0.0002574087120592594,0.00018554506823420525,22.364583097863942,1.7225174172617757,2482141.0,72.0,91.0,True
2,9,4733365899187856236,ECDSA-256,0.0001749158836901188,0.00047443900257349014,0.00017322180792689323,22.348400527145714,1.747469515465319,2482141.0,72.0,91.0,True
2,9,4787150738278546621,ECDSA-256,0.00028197094798088074,0.0004273001104593277,0.00017411401495337486,22.287807161919773,1.750621518387962,2482141.0,72.0,91.0,True
2,9,6159547447158543510,ECDSA-256,0.00012852530926465988,0.00016257213428616524,0.00017413264140486717,22.45645778812468,1.7248141575164306,2482141.0,70.0,91.0,True
2,9,8273073038615632587,ECDSA-256,0.00012610619887709618,0.00014051701873540878,0.00018403399735689163,10.788709611166269,1.783630434316568,2482141.0,70.0,91.0,True
2,10,6159547447158543510,ECDSA-256,0.00016399379819631577,0.000217558816075325,0.00019071437418460846,21.71227327454835,1.7192345465334078,2482141.0,72.0,91.0,True
2,10,4787150738278546621,ECDSA-256,0.0002948758192360401,0.00023037102073431015,0.00017763487994670868,21.994463483802974,1.7299667516836343,2482141.0,71.0,91.0,True
2,10,2056125798154819304,ECDSA-256,0.00017587002366781235,0.0002697920426726341,0.00017723115161061287,22.068310872185975,1.718847539859077,2482141.0,72.0,91.0,True
2,10,4733365899187856236,ECDSA-256,0.00013024220243096352,0.00016681477427482605,0.0001721302978694439,22.24623765097931,1.73650498435901,2482141.0,72.0,91.0,True
2,10,8273073038615632587,ECDSA-256,0.00012284191325306892,0.0001407819800078869,0.00017260480672121048,10.741791757754982,1.742602845731254,2482141.0,72.0,91.0,True
2,11,4787150738278546621,ECDSA-256,0.00025575514882802963,0.0002472400665283203,0.00029884325340390205,21.630671489983797,1.7302317558386076,2482141.0,70.0,91.0,True
2,11,2056125798154819304,ECDSA-256,0.00021031731739640236,0.00017299875617027283,0.00017283903434872627,21.594109572004527,1.70197559355166,2482141.0,70.0,91.0,True
2,11,4733365899187856236,ECDSA-256,0.00020990241318941116,0.00018493039533495903,0.0001753740943968296,21.823662319220603,1.7587150754258274,2482141.0,72.0,91.0,True
2,11,6159547447158543510,ECDSA-256,0.0001258072443306446,0.0001650662161409855,0.00017650891095399857,21.976592873688787,1.6963897669277253,2482141.0,70.0,91.0,True
2,11,8273073038615632587,ECDSA-256,0.00012039113789796829,0.00014691706746816635,0.00018947012722492218,10.996901623904705,1.7082646586262762,2482141.0,70.0,91.0,True
2,12,2056125798154819304,ECDSA-256,0.00021005887538194656,0.0002646348439157009,0.00022580893710255623,21.724687641020864,1.6671732593649111,2482141.0,71.0,91.0,True
2,12,6159547447158543510,ECDSA-256,0.0001776488497853279,0.0003009708598256111,0.0002289540134370327,21.826552277430892,1.676382426255808,2482141.0,71.0,91.0,True
2,12,4787150738278546621,ECDSA-256,0.00013058213517069817,0.00016797427088022232,0.00022422708570957184,22.057815065141767,1.6839129711492373,2482141.0,71.0,91.0,True
2,12,4733365899187856236,ECDSA-256,0.00013559777289628983,0.00025261566042900085,0.00018323305994272232,21.984362303745,1.703376589110865,2482141.0,70.0,91.0,True
2,12,8273073038615632587,ECDSA-256,0.0001387489028275013,0.00017328094691038132,0.00021283980458974838,10.714547361247241,1.674251738828592,2482141.0,71.0,91.0,True
2,13,2056125798154819304,ECDSA-256,0.0001726057380437851,0.0002001873217523098,0.00019445782527327538,21.029391834978014,1.64751335454825,2482141.0,71.0,91.0,True
2,13,4733365899187856236,ECDSA-256,0.00027204491198062897,0.0002429978922009468,0.0001950790174305439,21.242735872976482,1.690116225340115,2482141.0,71.0,91.0,True
2,13,6159547447158543510,ECDSA-256,0.0001699160784482956,0.00024714088067412376,0.00021277135238051414,21.444405390881002,1.6471454880108087,2482141.0,70.0,91.0,True
2,13,4787150738278546621,ECDSA-256,0.00014969473704695702,0.0002048211172223091,0.00022639380767941475,21.495881957001984,1.6936360460500748,2482141.0,71.0,91.0,True
2,13,8273073038615632587,ECDSA-256,0.00012485217303037643,0.00015962403267621994,0.00026766397058963776,10.929217423312366,1.7329797104905589,2482141.0,70.0,91.0,True
2,14,2056125798154819304,ECDSA-256,0.00017999904230237007,0.0002913898788392544,0.0001934729516506195,22.13463015994057,1.6575547567190834,2482141.0,71.0,91.0,True
2,14,4787150738278546621,ECDSA-256,0.00019791489467024803,0.00042082276195287704,0.00025284383445978165,22.150266612879932,1.6603327867702935,2482141.0,71.0,91.0,True
2,14,4733365899187856236,ECDSA-256,0.0002240440808236599,0.00022543594241142273,0.0002523232251405716,22.330792698077857,1.682801306057281,2482141.0,71.0,91.0,True
2,14,6159547447158543510,ECDSA-256,0.00013375608250498772,0.0001722201704978943,0.00024317391216754913,22.529976489953697,1.6587726262430795,2482141.0,71.0,91.0,True
2,14,8273073038615632587,ECDSA-256,0.0001228940673172474,0.0001677931286394596,0.00022089388221502304,10.931725163012743,1.7458623777182338,2482141.0,71.0,91.0,True
2,15,4733365899187856236,ECDSA-256,0.00017185788601636887,0.00042381417006254196,0.0003632153384387493,21.369983019772917,1.7069629876377483,2482141.0,70.0,91.0,True
2,15,2056125798154819304,ECDSA-256,0.0003474922850728035,0.00017264019697904587,0.00036054709926247597,21.5368923060596,1.670588017652591,2482141.0,72.0,91.0,True
2,15,6159547447158543510,ECDSA-256,0.00013107294216752052,0.0002337801270186901,0.00023330794647336006,21.701473275199533,1.6575791820550498,2482141.0,71.0,91.0,True
2,15,4787150738278546621,ECDSA-256,0.00016561103984713554,0.0002166670747101307,0.0002029798924922943,21.729422903154045,1.6866077874034358,2482141.0,72.0,91.0,True
2,15,8273073038615632587,ECDSA-256,0.00015432480722665787,0.00015441607683897018,0.00020057382062077522,10.654773741960526,1.6705645776023499,2482141.0,72.0,91.0,True
2,16,6159547447158543510,ECDSA-256,0.00012404099106788635,0.0005312650464475155,0.00017505092546343803,21.557022352237254,1.6403002712292412,2482141.0,71.0,91.0,True
2,16,4787150738278546621,ECDSA-256,0.00013091834262013435,0.00024423468858003616,0.0004840441979467869,21.774947908706963,1.6907851772186475,2482141.0,70.0,91.0,True
2,16,4733365899187856236,ECDSA-256,0.00013002799823880196,0.00034283706918358803,0.00018368195742368698,21.646572592668235,1.6324598210307355,2482141.0,71.0,91.0,True
2,16,2056125798154819304,ECDSA-256,0.0001872456632554531,0.00016887905076146126,0.00017835572361946106,21.83703295700252,1.6349037992306792,2482141.0,70.0,91.0,True
2,16,8273073038615632587,ECDSA-256,0.0001215590164065361,0.00016516074538230896,0.00017576804384589195,10.471030256245285,1.6373321751055245,2482141.0,71.0,91.0,True
2,17,6159547447158543510,ECDSA-256,0.00019433069974184036,0.0004880409687757492,0.00017717387527227402,22.54887132998556,1.6316268436444072,2482141.0,71.0,91.0,True
2,17,2056125798154819304,ECDSA-256,0.00016615400090813637,0.0003461851738393307,0.00017565488815307617,22.476717056240886,1.6311395453949706,2482141.0,72.0,91.0,True
2,17,4787150738278546621,ECDSA-256,0.0003439127467572689,0.0001875162124633789,0.00017208000645041466,22.632954757194966,1.6397293356660836,2482141.0,71.0,91.0,True
2,17,4733365899187856236,ECDSA-256,0.00012379232794046402,0.00020516617223620415,0.00017513195052742958,22.611065577249974,1.6575773474507438,2482141.0,71.0,91.0,True
2,17,8273073038615632587,ECDSA-256,0.00012350594624876976,0.00014962302520871162,0.00019096676260232925,10.445116461720318,1.673299652318985,2482141.0,71.0,91.0,True
2,18,2056125798154819304,ECDSA-256,0.00032280897721648216,0.00042060017585754395,0.0001835199072957039,22.516053112689406,1.605884991514797,2482141.0,70.0,91.0,True
2,18,6159547447158543510,ECDSA-256,0.00020913267508149147,0.0004210490733385086,0.00018356088548898697,22.59548063389957,1.6286177033433518,2482141.0,71.0,91.0,True
2,18,4787150738278546621,ECDSA-256,0.00013074185699224472,0.00018018390983343124,0.00017304206266999245,22.636378382332623,1.659934679921062,2482141.0,71.0,91.0,True
2,18,4733365899187856236,ECDSA-256,0.0001250850036740303,0.0001490432769060135,0.0001863599754869938,22.817067984957248,1.624518176998955,2482141.0,71.0,91.0,True
2,18,8273073038615632587,ECDSA-256,0.0001227259635925293,0.0001325272023677826,0.00019787997007369995,10.53754041204229,1.6286965265822486,2482141.0,71.0,91.0,True
2,19,6159547447158543510,ECDSA-256,0.00037171225994825363,0.00024923915043473244,0.00018831482157111168,22.297775807790458,1.6043414187888367,2482141.0,71.0,91.0,True
2,19,4733365899187856236,ECDSA-256,0.0001684483140707016,0.00024277390912175179,0.0004126187413930893,22.480791073292494,1.61406753600215,2482141.0,70.0,91.0,True
2,19,2056125798154819304,ECDSA-256,0.0001275697723031044,0.00020187534391880035,0.00017872778698801994,22.57628892501816,1.5845452785111083,2482141.0,71.0,91.0,True
2,19,4787150738278546621,ECDSA-256,0.00012259697541594505,0.00015800772234797478,0.00029174424707889557,22.73134946404025,1.6527380739538053,2482141.0,71.0,91.0,True
2,19,8273073038615632587,ECDSA-256,0.00012327684089541435,0.0001420881599187851,0.0001777210272848606,10.3213189416565,1.6357628284170986,2482141.0,71.0,91.0,True
2,20,2056125798154819304,ECDSA-256,0.00019200006499886513,0.00018719909712672234,0.00018877489492297173,21.839677427895367,1.585538843188423,2482141.0,71.0,91.0,True
2,20,6159547447158543510,ECDSA-256,0.00018606986850500107,0.0002231663092970848,0.00017714500427246094,21.922466611023992,1.572795679774909,2482141.0,71.0,91.0,True
2,20,4787150738278546621,ECDSA-256,0.00017419829964637756,0.00018650619313120842,0.00023398688063025475,22.152248797006905,1.638083514314109,2482141.0,71.0,91.0,True
2,20,4733365899187856236,ECDSA-256,0.00013090204447507858,0.00015952112153172493,0.00019163405522704124,22.216891835909337,1.6150519105192191,2482141.0,72.0,91.0,True
2,20,8273073038615632587,ECDSA-256,0.0001228339970111847,0.00014182878658175468,0.0001737680286169052,10.77779543865472,1.5968329841717364,2482141.0,71.0,91.0,True
2,21,4787150738278546621,ECDSA-256,0.00018867990002036095,0.00037042004987597466,0.00018069706857204437,21.306329676881433,1.5945306121350857,2482141.0,71.0,91.0,True
2,21,2056125798154819304,ECDSA-256,0.0002129077911376953,0.00024197110906243324,0.00017537083476781845,21.68167142709717,1.5827830620467092,2482141.0,70.0,91.0,True
2,21,4733365899187856236,ECDSA-256,0.00023325206711888313,0.00025627901777625084,0.00017575733363628387,21.626517492812127,1.5741283752666875,2482141.0,72.0,91.0,True
2,21,6159547447158543510,ECDSA-256,0.00012876791879534721,0.00015555787831544876,0.0001728823408484459,21.902611350174993,1.6314653729478392,2482141.0,72.0,91.0,True
2,21,8273073038615632587,ECDSA-256,0.00012429291382431984,0.00013274792581796646,0.0001735021360218525,10.572471588850021,1.586222508844857,2482141.0,71.0,91.0,True
2,22,4787150738278546621,ECDSA-256,0.000174754299223423,0.00020944001153111458,0.0002196286804974079,21.627189425751567,1.5596855619844918,2482141.0,71.0,91.0,True
2,22,6159547447158543510,ECDSA-256,0.00016801804304122925,0.0003785830922424793,0.00018443912267684937,21.652151810005307,1.5825799909262612,2482141.0,71.0,91.0,True
2,22,4733365899187856236,ECDSA-256,0.00011973734945058823,0.00028671324253082275,0.00020731892436742783,21.74749317392707,1.6055441030298179,2482141.0,71.0,91.0,True
2,22,2056125798154819304,ECDSA-256,0.00012033805251121521,0.0001607532612979412,0.00017522508278489113,21.89353657187894,1.6062788363462819,2482141.0,71.0,91.0,True
2,22,8273073038615632587,ECDSA-256,0.00012099603191018105,0.00014627864584326744,0.00018003908917307854,10.535328190773726,1.6177770746782565,2482141.0,71.0,91.0,True
2,23,4733365899187856236,ECDSA-256,0.00015469221398234367,0.0002249707467854023,0.00017530284821987152,21.883066158741713,1.6485609324595418,2482141.0,71.0,91.0,True
2,23,4787150738278546621,ECDSA-256,0.0003451448865234852,0.000186149962246418,0.0001714932732284069,21.937966253142804,1.5544708540645271,2482141.0,71.0,91.0,True
2,23,6159547447158543510,ECDSA-256,0.0001300489529967308,0.00016989512369036674,0.0001738457940518856,21.99959770217538,1.5719773740814136,2482141.0,70.0,91.0,True
2,23,2056125798154819304,ECDSA-256,0.0001737191341817379,0.00019514979794621468,0.0001722509041428566,21.988750990945846,1.563709677789158,2482141.0,72.0,91.0,True
2,23,8273073038615632587,ECDSA-256,0.0001215646043419838,0.00020727887749671936,0.00017477013170719147,10.93230318184942,1.56673091478622,2482141.0,71.0,91.0,True
2,24,4787150738278546621,ECDSA-256,0.00018585100769996643,0.00025956984609365463,0.00017881114035844803,21.609680347610265,1.5627737367115082,2482141.0,70.0,91.0,True
2,24,2056125798154819304,ECDSA-256,0.00014577526599168777,0.00025168806314468384,0.00023022107779979706,21.800575834233314,1.5408943529707937,2482141.0,71.0,91.0,True
2,24,4733365899187856236,ECDSA-256,0.00017454568296670914,0.0002412530593574047,0.00017572520300745964,21.798773830756545,1.588549830662176,2482141.0,71.0,91.0,True
2,24,6159547447158543510,ECDSA-256,0.00012124935165047646,0.0001594829373061657,0.00020754104480147362,21.972788678016514,1.5697789344543847,2482141.0,71.0,91.0,True
2,24,8273073038615632587,ECDSA-256,0.00012323912233114243,0.00012718280777335167,0.00023272773250937462,10.541874702088535,1.5825454996416743,2482141.0,71.0,91.0,True
2,25,4787150738278546621,ECDSA-256,0.00016380473971366882,0.0004464387893676758,0.00019288482144474983,21.90985208377242,1.595220819829752,2482141.0,71.0,91.0,True
2,25,6159547447158543510,ECDSA-256,0.00017749005928635597,0.0002476177178323269,0.00021078810095787048,22.011634445283562,1.5776402992181504,2482141.0,70.0,91.0,True
2,25,4733365899187856236,ECDSA-256,0.00013977335765957832,0.00017894292250275612,0.00021668383851647377,22.166971104219556,1.5480050303684636,2482141.0,71.0,91.0,True
2,25,2056125798154819304,ECDSA-256,0.00012348918244242668,0.00017461692914366722,0.00017531495541334152,22.255110171157867,1.509851617173265,2482141.0,71.0,91.0,True
2,25,8273073038615632587,ECDSA-256,0.00012210896238684654,0.0001654699444770813,0.0001771789975464344,10.538807007018477,1.546379102685581,2482141.0,71.0,91.0,True
2,26,4733365899187856236,ECDSA-256,0.00032821716740727425,0.0002979189157485962,0.000180716160684824,21.940101120155305,1.568663641096304,2482141.0,71.0,91.0,True
2,26,2056125798154819304,ECDSA-256,0.00013753259554505348,0.00026193493977189064,0.0001757889986038208,22.066865978296846,1.5242929919459187,2482141.0,71.0,91.0,True
2,26,4787150738278546621,ECDSA-256,0.00016725203022360802,0.000338877085596323,0.0001739170402288437,21.94934603990987,1.5640905307123836,2482141.0,71.0,91.0,True
2,26,6159547447158543510,ECDSA-256,0.00014734826982021332,0.00017016008496284485,0.00021960074082016945,22.04955530585721,1.524264397331701,2482141.0,70.0,91.0,True
2,26,8273073038615632587,ECDSA-256,0.00012955768033862114,0.00013940315693616867,0.00017547793686389923,10.449997896328568,1.6013436385998712,2482141.0,70.0,91.0,True
2,27,4787150738278546621,ECDSA-256,0.00022523663938045502,0.00032280292361974716,0.0001757526770234108,21.696593201253563,1.5140095115088807,2482141.0,70.0,91.0,True
2,27,6159547447158543510,ECDSA-256,0.00016993889585137367,0.00024092290550470352,0.00020286906510591507,21.76924802782014,1.5006110211149952,2482141.0,71.0,91.0,True
2,27,2056125798154819304,ECDSA-256,0.00024190125986933708,0.00019047735258936882,0.00017445581033825874,21.80644216807559,1.5262856647229424,2482141.0,70.0,91.0,True
2,27,4733365899187856236,ECDSA-256,0.00012125028297305107,0.00016976520419120789,0.00018195807933807373,21.94349746592343,1.573465625889385,2482141.0,71.0,91.0,True
2,27,8273073038615632587,ECDSA-256,0.0001269499771296978,0.00013512512668967247,0.0001743333414196968,10.758708996232599,1.5566058701600511,2482141.0,70.0,91.0,True
2,28,4733365899187856236,ECDSA-256,0.0001586293801665306,0.0002374318428337574,0.00018665986135601997,22.79326787730679,1.6325480298112376,2482141.0,71.0,91.0,True
2,28,4787150738278546621,ECDSA-256,0.00020171795040369034,0.0002594790421426296,0.00017764978110790253,22.809838462155312,1.5573473475611628,2482141.0,72.0,91.0,True
2,28,6159547447158543510,ECDSA-256,0.00012866593897342682,0.00017832918092608452,0.00017797108739614487,23.029831087216735,1.548216716740459,2482141.0,70.0,91.0,True
2,28,2056125798154819304,ECDSA-256,0.00012044282630085945,0.00017673196271061897,0.0002797059714794159,23.396158948075026,1.4646399605769318,2482141.0,72.0,91.0,True
2,28,8273073038615632587,ECDSA-256,0.00012130895629525185,0.00013959314674139023,0.00019407318904995918,10.847086857073009,1.5744806987028153,2482141.0,70.0,91.0,True
2,29,6159547447158543510,ECDSA-256,0.00016699684783816338,0.0002774209715425968,0.0002129608765244484,21.401369565166533,1.5088479688373237,2482141.0,70.0,91.0,True
2,29,4733365899187856236,ECDSA-256,0.00021609896793961525,0.00018988782539963722,0.00017455406486988068,21.654342338908464,1.5203592364018716,2482141.0,71.0,91.0,True
2,29,4787150738278546621,ECDSA-256,0.00014623906463384628,0.00019170623272657394,0.00022197188809514046,21.707104756031185,1.521139832731253,2482141.0,72.0,91.0,True
2,29,2056125798154819304,ECDSA-256,0.00012140395119786263,0.00016082590445876122,0.00017557386308908463,21.891480416990817,1.4932553608196613,2482141.0,71.0,91.0,True
2,29,8273073038615632587,ECDSA-256,0.00012071104720234871,0.000137419905513525,0.0001772032119333744,10.655957754701376,1.5129512693173588,2482141.0,71.0,91.0,True
2,30,2056125798154819304,ECDSA-256,0.00018871203064918518,0.00023230398073792458,0.0001951507292687893,21.250780616886914,1.4839777028598724,2482141.0,72.0,91.0,True
2,30,6159547447158543510,ECDSA-256,0.00017220992594957352,0.00023901602253317833,0.00021651899442076683,21.31850759498775,1.5140326468708416,2482141.0,71.0,91.0,True
2,30,4733365899187856236,ECDSA-256,0.00016725808382034302,0.0001864451915025711,0.00019498495385050774,21.37818014342338,1.5227132738588718,2482141.0,72.0,91.0,True
2,30,4787150738278546621,ECDSA-256,0.00017148396000266075,0.00016703270375728607,0.00021045980975031853,21.477484594099224,1.529954741176325,2482141.0,71.0,91.0,True
2,30,8273073038615632587,ECDSA-256,0.00012085679918527603,0.0001494111493229866,0.0002156868577003479,10.370482847094536,1.521465374448429,2482141.0,72.0,91.0,True
2,31,4787150738278546621,ECDSA-256,0.00020420318469405174,0.0002625393681228161,0.00017984723672270775,21.21869888715446,1.505272213262491,2482141.0,71.0,91.0,True
2,31,4733365899187856236,ECDSA-256,0.0001811799593269825,0.00020003505051136017,0.00018176529556512833,21.53421673597768,1.5213630875459494,2482141.0,70.0,91.0,True
2,31,2056125798154819304,ECDSA-256,0.00016269925981760025,0.00023607304319739342,0.00017662066966295242,21.478109972085804,1.4620221432405538,2482141.0,70.0,91.0,True
2,31,6159547447158543510,ECDSA-256,0.00012227706611156464,0.00015958771109580994,0.00017245393246412277,21.82762844581157,1.48304500157079,2482141.0,71.0,91.0,True
2,31,8273073038615632587,ECDSA-256,0.0001229490153491497,0.00013860873878002167,0.00017940578982234,10.503338621929288,1.5203333245679593,2482141.0,71.0,91.0,True
2,32,2056125798154819304,ECDSA-256,0.00017447397112846375,0.0002698460593819618,0.00022078119218349457,21.45437086187303,1.4284502178335343,2482141.0,72.0,91.0,True
2,32,4787150738278546621,ECDSA-256,0.00026247231289744377,0.00024315482005476952,0.00018786778673529625,21.655085601843894,1.4865952551174468,2482141.0,72.0,91.0,True
2,32,6159547447158543510,ECDSA-256,0.00012958096340298653,0.00021851016208529472,0.0001715649850666523,21.757730050943792,1.497979542698723,2482141.0,72.0,91.0,True
2,32,4733365899187856236,ECDSA-256,0.00013033905997872353,0.00015867967158555984,0.00017666909843683243,21.867762472014874,1.4728124585395423,2482141.0,70.0,91.0,True
2,32,8273073038615632587,ECDSA-256,0.0001230938360095024,0.00014127278700470924,0.00017661787569522858,10.326350687071681,1.5180334570689704,2482141.0,71.0,91.0,True
2,33,2056125798154819304,ECDSA-256,0.00018680794164538383,0.00026535382494330406,0.00017649121582508087,21.696426693350077,1.4777074802797823,2482141.0,72.0,91.0,True
2,33,4733365899187856236,ECDSA-256,0.0003332751803100109,0.00040692510083317757,0.00017472496256232262,21.83225705800578,1.5162523716402512,2482141.0,71.0,91.0,True
2,33,4787150738278546621,ECDSA-256,0.00012134714052081108,0.00017786258831620216,0.00017609866335988045,21.914261780679226,1.5218794888581713,2482141.0,72.0,91.0,True
2,33,6159547447158543510,ECDSA-256,0.0001738998107612133,0.00016425829380750656,0.00023043062537908554,21.922982356045395,1.4867673740981104,2482141.0,71.0,91.0,True
2,33,8273073038615632587,ECDSA-256,0.00011990312486886978,0.00014200573787093163,0.00017524603754281998,10.451458251103759,1.541511060902105,2482141.0,71.0,91.0,True
2,34,4733365899187856236,ECDSA-256,0.00016661593690514565,0.00027613528072834015,0.0001947362907230854,21.495762922801077,1.4933005392360992,2482141.0,71.0,91.0,True
2,34,4787150738278546621,ECDSA-256,0.00015723099932074547,0.00017951475456357002,0.00017954735085368156,21.62179334787652,1.5047985658097192,2482141.0,72.0,91.0,True
2,34,6159547447158543510,ECDSA-256,0.00016068574041128159,0.00017066672444343567,0.00017175497487187386,21.773122332058847,1.4751249787906489,2482141.0,70.0,91.0,True
2,34,2056125798154819304,ECDSA-256,0.00012403912842273712,0.0001770099624991417,0.00023745093494653702,21.849999809172004,1.4653463813062675,2482141.0,71.0,91.0,True
2,34,8273073038615632587,ECDSA-256,0.0001232558861374855,0.00015494180843234062,0.00018364610150456429,10.319580812938511,1.506241542653154,2482141.0,71.0,91.0,True
2,35,6159547447158543510,ECDSA-256,0.0001744949258863926,0.0004586419090628624,0.00018119299784302711,21.74516201671213,1.4809163281331048,2482141.0,72.0,91.0,True
2,35,4787150738278546621,ECDSA-256,0.00018957024440169334,0.00023202411830425262,0.00020041409879922867,21.87225369317457,1.4808119546871978,2482141.0,72.0,91.0,True
2,35,2056125798154819304,ECDSA-256,0.00023227697238326073,0.00017003528773784637,0.00018397998064756393,22.085965489037335,1.46496596161169,2482141.0,71.0,91.0,True
2,35,4733365899187856236,ECDSA-256,0.00012088567018508911,0.0001755720004439354,0.0001849820837378502,22.264382048975676,1.480725857206046,2482141.0,70.0,91.0,True
2,35,8273073038615632587,ECDSA-256,0.0001284489408135414,0.00013868790119886398,0.000171000137925148,10.594044076744467,1.4813550706869496,2482141.0,71.0,91.0,True
2,36,4787150738278546621,ECDSA-256,0.00020878715440630913,0.0003543831408023834,0.0001806868240237236,21.989076289813966,1.5240027434147967,2482141.0,71.0,91.0,True
2,36,6159547447158543510,ECDSA-256,0.00012272968888282776,0.0002031112089753151,0.00017529679462313652,22.05881414702162,1.4868233872297854,2482141.0,70.0,91.0,True
2,36,2056125798154819304,ECDSA-256,0.00016004405915737152,0.00017531542107462883,0.00017512962222099304,22.06812825985253,1.4426668867135581,2482141.0,71.0,91.0,True
2,36,4733365899187856236,ECDSA-256,0.0001527261920273304,0.00016882596537470818,0.00017529912292957306,22.236004071775824,1.5240330191465994,2482141.0,70.0,91.0,True
2,36,8273073038615632587,ECDSA-256,0.0001445850357413292,0.00014295987784862518,0.00017483485862612724,10.39101596036926,1.494026245971838,2482141.0,70.0,91.0,True
2,37,2056125798154819304,ECDSA-256,0.0001667933538556099,0.00038756802678108215,0.00017840368673205376,21.782125437166542,1.47427744130357,2482141.0,72.0,91.0,True
2,37,4787150738278546621,ECDSA-256,0.00022821081802248955,0.00022142287343740463,0.00017634686082601547,22.15317335911095,1.4730073819145226,2482141.0,70.0,91.0,True
2,37,4733365899187856236,ECDSA-256,0.00012760469689965248,0.00020238524302840233,0.00018164794892072678,22.28763564210385,1.5175805181360091,2482141.0,71.0,91.0,True
2,37,6159547447158543510,ECDSA-256,0.00019511813297867775,0.00019522197544574738,0.00017621414735913277,22.232768406625837,1.4902116054544052,2482141.0,70.0,91.0,True
2,37,8273073038615632587,ECDSA-256,0.00012288987636566162,0.00013694912195205688,0.00017824210226535797,10.394579009152949,1.4746841685459637,2482141.0,70.0,91.0,True
2,38,2056125798154819304,ECDSA-256,0.00019479496404528618,0.0001818719319999218,0.00020107999444007874,21.639789385721087,1.459378528899659,2482141.0,71.0,91.0,True
2,38,4733365899187856236,ECDSA-256,0.00013039493933320045,0.00018712365999817848,0.00017573079094290733,21.738846170250326,1.494234875368234,2482141.0,72.0,91.0,True
2,38,6159547447158543510,ECDSA-256,0.00022434908896684647,0.00027360301464796066,0.00018424587324261665,21.73496284801513,1.4865151891312278,2482141.0,70.0,91.0,True
2,38,4787150738278546621,ECDSA-256,0.00013135606423020363,0.00022182287648320198,0.00017796223983168602,21.757987080141902,1.4568643166234319,2482141.0,71.0,91.0,True
2,38,8273073038615632587,ECDSA-256,0.00012233899906277657,0.00013867300003767014,0.00017584720626473427,10.438291986938566,1.4941181904210832,2482141.0,70.0,91.0,True
2,39,2056125798154819304,ECDSA-256,0.00028217583894729614,0.0002666809596121311,0.0002113780938088894,21.691481112036854,1.4598285302567406,2482141.0,71.0,91.0,True
2,39,6159547447158543510,ECDSA-256,0.00021517276763916016,0.00017736200243234634,0.00020743999630212784,21.78127111401409,1.5158030828728843,2482141.0,71.0,91.0,True
2,39,4733365899187856236,ECDSA-256,0.00019708601757884026,0.00016556400805711746,0.00017599668353796005,21.824394969735295,1.4715783028556897,2482141.0,70.0,91.0,True
2,39,4787150738278546621,ECDSA-256,0.0001768479123711586,0.00031981104984879494,0.00023671938106417656,21.702766648028046,1.5478526058669289,2482141.0,71.0,91.0,True
2,39,8273073038615632587,ECDSA-256,0.00012828130275011063,0.00013780267909169197,0.0001752106472849846,10.523438568226993,1.470341381173545,2482141.0,71.0,91.0,True
2,40,6159547447158543510,ECDSA-256,0.0001560831442475319,0.00017531216144561768,0.00024073012173175812,21.207180292345583,1.4696702418235925,2482141.0,72.0,91.0,True
2,40,4787150738278546621,ECDSA-256,0.00023768795654177666,0.0001897909678518772,0.0001938212662935257,21.341245493851602,1.4709883240846018,2482141.0,70.0,91.0,True
2,40,4733365899187856236,ECDSA-256,0.00016686925664544106,0.00026472099125385284,0.00018642796203494072,21.557484165765345,1.4960762155703462,2482141.0,71.0,91.0,True
2,40,2056125798154819304,ECDSA-256,0.00016322312876582146,0.0002728896215558052,0.00018835905939340591,21.560352537781,1.5151129839138482,2482141.0,71.0,91.0,True
2,40,8273073038615632587,ECDSA-256,0.0001207590103149414,0.00014777900651097298,0.0001886831596493721,10.27951928274706,1.501112966110912,2482141.0,70.0,91.0,True
2,41,4733365899187856236,ECDSA-256,0.0003004721365869045,0.00019036699086427689,0.00019614491611719131,21.33398070326075,1.519843394192644,2482141.0,70.0,91.0,True
2,41,4787150738278546621,ECDSA-256,0.0003105602227151394,0.0003310772590339184,0.00022728508338332176,21.849340709857643,1.4663907836039607,2482141.0,71.0,91.0,True
2,41,6159547447158543510,ECDSA-256,0.0001923050731420517,0.0002451511099934578,0.0001919930800795555,21.9055780232884,1.5233381426753327,2482141.0,71.0,91.0,True
2,41,2056125798154819304,ECDSA-256,0.0001293029636144638,0.00017396220937371254,0.0001928280107676983,22.122339603025466,1.4203840440835436,2482141.0,70.0,91.0,True
2,41,8273073038615632587,ECDSA-256,0.00012369686737656593,0.00014059431850910187,0.00020839786157011986,10.56271051010117,1.4863887097888862,2482141.0,71.0,91.0,True
2,42,4787150738278546621,ECDSA-256,0.00024399487301707268,0.000357016921043396,0.00019771140068769455,21.40679361205548,1.490687395246646,2482141.0,72.0,91.0,True
2,42,6159547447158543510,ECDSA-256,0.0001793922856450081,0.0002297176979482174,0.00017530377954244614,21.426244963891804,1.4912653862477872,2482141.0,71.0,91.0,True
2,42,4733365899187856236,ECDSA-256,0.00013254676014184952,0.00015933439135551453,0.00017731962725520134,21.65027589397505,1.484372513553205,2482141.0,71.0,91.0,True
2,42,2056125798154819304,ECDSA-256,0.0001642899587750435,0.00016981875523924828,0.0001789238303899765,21.67759428359568,1.422292494164488,2482141.0,72.0,91.0,True
2,42,8273073038615632587,ECDSA-256,0.00012066587805747986,0.0001546870917081833,0.00018965033814311028,10.544111613184214,1.4618039822426085,2482141.0,70.0,91.0,True
2,43,4733365899187856236,ECDSA-256,0.0001738821156322956,0.00024153431877493858,0.00019679497927427292,21.536559697706252,1.4579784295048577,2482141.0,72.0,91.0,True
2,43,4787150738278546621,ECDSA-256,0.00017566373571753502,0.000268787145614624,0.00022318586707115173,21.813318414147943,1.4631016591486459,2482141.0,71.0,91.0,True
2,43,6159547447158543510,ECDSA-256,0.00012744590640068054,0.00018305378034710884,0.0001848260872066021,21.840369591023773,1.4962847811726336,2482141.0,71.0,91.0,True
2,43,2056125798154819304,ECDSA-256,0.00013350695371627808,0.0001618531532585621,0.00017729820683598518,21.923821898177266,1.442646301973361,2482141.0,70.0,91.0,True
2,43,8273073038615632587,ECDSA-256,0.00012284796684980392,0.00013788510113954544,0.0002062888815999031,10.317210087087005,1.4894561508593087,2482141.0,70.0,91.0,True
2,44,4787150738278546621,ECDSA-256,0.00017753802239894867,0.000435051042586565,0.00017774291336536407,21.593597122933716,1.4653316180165203,2482141.0,71.0,91.0,True
2,44,4733365899187856236,ECDSA-256,0.0001711677759885788,0.0002654870040714741,0.00017628073692321777,21.853879590984434,1.478687575640389,2482141.0,71.0,91.0,True
2,44,6159547447158543510,ECDSA-256,0.00020364299416542053,0.00018260860815644264,0.00017322320491075516,21.75091372989118,1.4568493531915707,2482141.0,70.0,91.0,True
2,44,2056125798154819304,ECDSA-256,0.00013679778203368187,0.0001776423305273056,0.0001739300787448883,22.094968541059643,1.4627383115192572,2482141.0,72.0,91.0,True
2,44,8273073038615632587,ECDSA-256,0.00012816116213798523,0.00013922620564699173,0.00017255591228604317,10.587155122309923,1.4716578049781603,2482141.0,72.0,91.0,True
2,45,4733365899187856236,ECDSA-256,0.0001540379598736763,0.0003451653756201267,0.00019445829093456268,22.96651522209868,1.4993385674473576,2482141.0,71.0,91.0,True
2,45,2056125798154819304,ECDSA-256,0.0002725818194448948,0.00017969030886888504,0.0001747780479490757,22.9918303610757,1.4794047602449363,2482141.0,71.0,91.0,True
2,45,4787150738278546621,ECDSA-256,0.00017096102237701416,0.0001930869184434414,0.0001784791238605976,23.070693349000067,1.4576541777616872,2482141.0,72.0,91.0,True
2,45,6159547447158543510,ECDSA-256,0.00012742402032017708,0.00015239696949720383,0.00019907904788851738,23.307480223942548,1.468661631258151,2482141.0,71.0,91.0,True
2,45,8273073038615632587,ECDSA-256,0.00012080604210495949,0.00014250632375478745,0.00020770076662302017,10.590984511189163,1.458904937814219,2482141.0,70.0,91.0,True
2,46,6159547447158543510,ECDSA-256,0.00016788719221949577,0.0002860366366803646,0.00019286619499325752,21.584162502083927,1.426302549366753,2482141.0,70.0,91.0,True
2,46,4733365899187856236,ECDSA-256,0.00017845630645751953,0.00015937210991978645,0.00017814384773373604,21.877756434958428,1.4836910785958408,2482141.0,71.0,91.0,True
2,46,4787150738278546621,ECDSA-256,0.00020305300131440163,0.00020957179367542267,0.0002605956979095936,21.84293902805075,1.4422735823229098,2482141.0,72.0,91.0,True
2,46,2056125798154819304,ECDSA-256,0.00020506279543042183,0.0002923188731074333,0.00027323607355356216,21.80002309102565,1.4834282335381919,2482141.0,71.0,91.0,True
2,46,8273073038615632587,ECDSA-256,0.00012569408863782883,0.00020294217392802238,0.0001751570962369442,10.469951109029353,1.5036474334927032,2482141.0,70.0,91.0,True
2,47,4787150738278546621,ECDSA-256,0.00017090095207095146,0.00026796571910381317,0.0001765657216310501,21.67698336020112,1.4827641998997891,2482141.0,72.0,91.0,True
2,47,2056125798154819304,ECDSA-256,0.0001892908476293087,0.000243406742811203,0.00017704814672470093,22.01420620782301,1.4242535825735463,2482141.0,71.0,91.0,True
2,47,6159547447158543510,ECDSA-256,0.0002442141994833946,0.00018631014972925186,0.00018397485837340355,22.07376765459776,1.4529508059017193,2482141.0,69.0,91.0,True
2,47,4733365899187856236,ECDSA-256,0.00012846197932958603,0.0001782551407814026,0.00018005864694714546,22.121850966941565,1.4543202787923355,2482141.0,71.0,91.0,True
2,47,8273073038615632587,ECDSA-256,0.000130482017993927,0.0001370762474834919,0.00018572993576526642,10.558170372154564,1.4942475412600338,2482141.0,71.0,91.0,True
2,48,4787150738278546621,ECDSA-256,0.00015312805771827698,0.00019974494352936745,0.00017697131261229515,21.902954292017967,1.457879847611863,2482141.0,72.0,91.0,True
2,48,2056125798154819304,ECDSA-256,0.0002650679089128971,0.0006392658688127995,0.00019652629271149635,22.000952270813286,1.4352257097491061,2482141.0,71.0,91.0,True
2,48,6159547447158543510,ECDSA-256,0.0001484490931034088,0.00029153982177376747,0.00017740391194820404,21.89287601597607,1.5143153364665973,2482141.0,71.0,91.0,True
2,48,4733365899187856236,ECDSA-256,0.00017143599689006805,0.00018561957404017448,0.0001785513013601303,22.08388117328286,1.5543685195545038,2482141.0,72.0,91.0,True
2,48,8273073038615632587,ECDSA-256,0.00012266170233488083,0.00019233440980315208,0.00017650006338953972,10.318696376867592,1.4600135478348777,2482141.0,71.0,91.0,True
2,49,4733365899187856236,ECDSA-256,0.0002807099372148514,0.00028741592541337013,0.00017754221335053444,21.92026231205091,1.4910056756708188,2482141.0,72.0,91.0,True
2,49,6159547447158543510,ECDSA-256,0.00020590517669916153,0.0001775813288986683,0.00018706917762756348,22.069247276056558,1.4801258423838752,2482141.0,70.0,91.0,True
2,49,4787150738278546621,ECDSA-256,0.0002640560269355774,0.00036102067679166794,0.00017435988411307335,22.03458660468459,1.4948677679601188,2482141.0,71.0,91.0,True
2,49,2056125798154819304,ECDSA-256,0.0001226230524480343,0.0001573888584971428,0.00019335607066750526,22.112721339799464,1.435216275266946,2482141.0,72.0,91.0,True
2,49,8273073038615632587,ECDSA-256,0.0001244042068719864,0.00013659801334142685,0.00017344113439321518,10.442780927289277,1.52623400711023,2482141.0,71.0,91.0,True
2,50,2056125798154819304,ECDSA-256,0.00017521297559142113,0.00029614614322781563,0.00017641019076108932,21.833398723974824,1.448038377320043,2482141.0,72.0,91.0,True
2,50,4787150738278546621,ECDSA-256,0.00025063008069992065,0.00035289907827973366,0.00030591804534196854,21.93370370566845,1.4473107139142558,2482141.0,71.0,91.0,True
2,50,4733365899187856236,ECDSA-256,0.00018230965360999107,0.0002764808014035225,0.00034124869853258133,21.933522827923298,1.506331544905044,2482141.0,72.0,91.0,True
2,50,6159547447158543510,ECDSA-256,0.00012696301564574242,0.00015908805653452873,0.0001747547648847103,22.006585222668946,1.510110136799919,2482141.0,71.0,91.0,True
2,50,8273073038615632587,ECDSA-256,0.00012365775182843208,0.0001295851543545723,0.00020352564752101898,10.502692915964872,1.4739794327428166,2482141.0,72.0,91.0,True
3,1,17495405520925828244,ECDSA-256,0.006120959762483835,0.0010636900551617146,0.000849470030516386,21.77939976938069,2.20615919481832,2482141.0,70.0,91.0,True
3,1,5783559263697501312,ECDSA-256,0.005866377614438534,0.0011496818624436855,0.00018244516104459763,21.802653316874057,nan,2482141.0,70.0,91.0,True
3,1,15811638843020134777,ECDSA-256,0.0037457598373293877,0.000688549131155014,0.00018817512318491936,21.980007550213486,2.1507194777266285,2482141.0,71.0,91.0,True
3,1,8755916884249297402,ECDSA-256,0.0031758020631968975,0.0006001139990985394,0.0001910179853439331,22.2490888889879,2.0767238300067548,2482141.0,70.0,91.0,True
3,1,1734428934210139295,ECDSA-256,0.0001247110776603222,0.0001449398696422577,0.00018037017434835434,10.626461212988943,2.1871142189342754,2482141.0,72.0,91.0,True
3,2,15811638843020134777,ECDSA-256,0.0001813732087612152,0.00026559876278042793,0.0001870342530310154,21.64552353322506,nan,2482141.0,71.0,91.0,True
3,2,8755916884249297402,ECDSA-256,0.00013830792158842087,0.0002364818938076496,0.00017730984836816788,21.66137831704691,nan,2482141.0,72.0,91.0,True
3,2,5783559263697501312,ECDSA-256,0.00016108062118291855,0.00019131088629364967,0.00018127914518117905,21.76633304497227,nan,2482141.0,71.0,91.0,True
3,2,17495405520925828244,ECDSA-256,0.0001774369738996029,0.0002754451707005501,0.0002056448720395565,21.836811608169228,nan,2482141.0,72.0,91.0,True
3,2,1734428934210139295,ECDSA-256,0.0001233150251209736,0.0001472150906920433,0.00017997901886701584,10.771279932931066,nan,2482141.0,72.0,91.0,True
3,3,5783559263697501312,ECDSA-256,0.000178653746843338,0.0002580517902970314,0.00017911428585648537,21.91590388584882,nan,2482141.0,71.0,91.0,True
3,3,8755916884249297402,ECDSA-256,0.0002684979699552059,0.0002561621367931366,0.0002277931198477745,22.22051098011434,nan,2482141.0,70.0,91.0,True
3,3,15811638843020134777,ECDSA-256,0.000170909333974123,0.0002239788882434368,0.00017455965280532837,22.357581539079547,nan,2482141.0,71.0,91.0,True
3,3,17495405520925828244,ECDSA-256,0.00025269482284784317,0.00017560506239533424,0.00017810892313718796,22.264809691812843,nan,2482141.0,72.0,91.0,True
3,3,1734428934210139295,ECDSA-256,0.0001457580365240574,0.0001461612991988659,0.00018494296818971634,10.634939200244844,nan,2482141.0,71.0,91.0,True
3,4,8755916884249297402,ECDSA-256,0.0002899398095905781,0.0005566799081861973,0.00018044887110590935,21.588423989713192,nan,2482141.0,71.0,91.0,True
3,4,17495405520925828244,ECDSA-256,0.00016871001571416855,0.00019910605624318123,0.00017973175272345543,21.834583539981395,nan,2482141.0,72.0,91.0,True
3,4,15811638843020134777,ECDSA-256,0.00020011886954307556,0.00019125593826174736,0.00017657596617937088,21.89822026900947,nan,2482141.0,71.0,91.0,True
3,4,5783559263697501312,ECDSA-256,0.00012727081775665283,0.0001659812405705452,0.00017554499208927155,21.955394396092743,nan,2482141.0,71.0,91.0,True
3,4,1734428934210139295,ECDSA-256,0.00012477906420826912,0.00014800066128373146,0.00017496012151241302,10.689652631990612,nan,2482141.0,70.0,91.0,True
3,5,8755916884249297402,ECDSA-256,0.00032578129321336746,0.00028327712789177895,0.0001945863477885723,21.589197725988925,nan,2482141.0,71.0,91.0,True
3,5,5783559263697501312,ECDSA-256,0.0002690679393708706,0.00018154224380850792,0.00018633855506777763,21.585739127360284,nan,2482141.0,71.0,91.0,True
3,5,17495405520925828244,ECDSA-256,0.000126624945551157,0.00018309662118554115,0.00018391292542219162,21.70956174377352,nan,2482141.0,70.0,91.0,True
3,5,15811638843020134777,ECDSA-256,0.00017079897224903107,0.0001688092015683651,0.00018730433657765388,21.75551304081455,nan,2482141.0,71.0,91.0,True
3,5,1734428934210139295,ECDSA-256,0.00013689696788787842,0.00014450820162892342,0.0002323542721569538,10.730627574026585,nan,2482141.0,71.0,91.0,True
3,6,8755916884249297402,ECDSA-256,0.0001998571678996086,0.0002660970203578472,0.00018902402371168137,21.522814190015197,nan,2482141.0,71.0,91.0,True
3,6,5783559263697501312,ECDSA-256,0.00027603376656770706,0.00025592977181077003,0.0001795189455151558,21.942610251251608,nan,2482141.0,71.0,91.0,True
3,6,15811638843020134777,ECDSA-256,0.0001866738311946392,0.00018263468518853188,0.00017670774832367897,21.9747227570042,nan,2482141.0,71.0,91.0,True
3,6,17495405520925828244,ECDSA-256,0.00014619063585996628,0.0002793567255139351,0.0002000369131565094,22.017916383221745,nan,2482141.0,71.0,91.0,True
3,6,1734428934210139295,ECDSA-256,0.00012530293315649033,0.0001426180824637413,0.00017706910148262978,10.798421489074826,nan,2482141.0,70.0,91.0,True
3,7,5783559263697501312,ECDSA-256,0.00019718892872333527,0.0002616601996123791,0.00019783712923526764,21.80409655580297,nan,2482141.0,72.0,91.0,True
3,7,15811638843020134777,ECDSA-256,0.00022614281624555588,0.0002351580187678337,0.00017951522022485733,21.799131879583,nan,2482141.0,71.0,91.0,True
3,7,17495405520925828244,ECDSA-256,0.00017081014811992645,0.00018504075706005096,0.0003085578791797161,21.975756044965237,nan,2482141.0,70.0,91.0,True
3,7,8755916884249297402,ECDSA-256,0.0001322031021118164,0.00016590021550655365,0.0001789778470993042,22.12008534418419,nan,2482141.0,70.0,91.0,True
3,7,1734428934210139295,ECDSA-256,0.0001234780065715313,0.00014258502051234245,0.00018177693709731102,10.732580926734954,nan,2482141.0,70.0,91.0,True
3,8,5783559263697501312,ECDSA-256,0.00021332688629627228,0.0002550720237195492,0.0001988331787288189,21.738962442148477,nan,2482141.0,70.0,91.0,True
3,8,15811638843020134777,ECDSA-256,0.00018135597929358482,0.0003729020245373249,0.00017536478117108345,21.932931983843446,nan,2482141.0,71.0,91.0,True
3,8,8755916884249297402,ECDSA-256,0.00012866687029600143,0.00034239189699292183,0.0001830998808145523,21.892720414791256,nan,2482141.0,72.0,91.0,True
3,8,17495405520925828244,ECDSA-256,0.00011479994282126427,0.0001780637539923191,0.00018262816593050957,21.94845191994682,nan,2482141.0,71.0,91.0,True
3,8,1734428934210139295,ECDSA-256,0.00011956412345170975,0.0001574321649968624,0.00017284369096159935,10.764982434920967,nan,2482141.0,71.0,91.0,True
3,9,17495405520925828244,ECDSA-256,0.00020528025925159454,0.00019281776621937752,0.00017455080524086952,21.837752803228796,nan,2482141.0,70.0,91.0,True
3,9,8755916884249297402,ECDSA-256,0.0002622618339955807,0.0001818779855966568,0.0001812339760363102,21.72605565888807,nan,2482141.0,71.0,91.0,True
3,9,5783559263697501312,ECDSA-256,0.0001718238927423954,0.0002366197295486927,0.00017901090905070305,22.01729992311448,nan,2482141.0,71.0,91.0,True
3,9,15811638843020134777,ECDSA-256,0.00012520793825387955,0.00016161473467946053,0.00017713382840156555,22.06747944559902,nan,2482141.0,72.0,91.0,True
3,9,1734428934210139295,ECDSA-256,0.00011844979599118233,0.0001550363376736641,0.00017623696476221085,10.712249489035457,nan,2482141.0,71.0,91.0,True
3,10,5783559263697501312,ECDSA-256,0.00019401079043745995,0.00024304306134581566,0.00022239424288272858,22.63960694288835,nan,2482141.0,70.0,91.0,True
3,10,15811638843020134777,ECDSA-256,0.00017163483425974846,0.00023217592388391495,0.00019688019528985023,22.835656685754657,nan,2482141.0,71.0,91.0,True
3,10,8755916884249297402,ECDSA-256,0.00013613980263471603,0.00020158756524324417,0.00018669292330741882,22.867447873111814,nan,2482141.0,71.0,91.0,True
3,10,17495405520925828244,ECDSA-256,0.00012551108375191689,0.0001834789291024208,0.00017389096319675446,23.048570624087006,nan,2482141.0,71.0,91.0,True
3,10,1734428934210139295,ECDSA-256,0.0001227380707859993,0.00016020797193050385,0.00017383089289069176,10.770228586159647,nan,2482141.0,72.0,91.0,True
3,11,5783559263697501312,ECDSA-256,0.0001704692840576172,0.00028293998911976814,0.00017968611791729927,21.352729039732367,nan,2482141.0,71.0,91.0,True
3,11,15811638843020134777,ECDSA-256,0.00019729789346456528,0.00032753683626651764,0.0001800903119146824,21.553804265800864,nan,2482141.0,71.0,91.0,True
3,11,8755916884249297402,ECDSA-256,0.00017326604574918747,0.00031664595007896423,0.00017399806529283524,21.44624233013019,nan,2482141.0,71.0,91.0,True
3,11,17495405520925828244,ECDSA-256,0.00019193673506379128,0.00017878878861665726,0.0001775939017534256,21.512024832889438,nan,2482141.0,71.0,91.0,True
3,11,1734428934210139295,ECDSA-256,0.00012932391837239265,0.00015388010069727898,0.00019526900723576546,10.675013802014291,nan,2482141.0,72.0,91.0,True
3,12,8755916884249297402,ECDSA-256,0.00020707910880446434,0.0003151930868625641,0.00020521972328424454,21.21348200319335,nan,2482141.0,71.0,91.0,True
3,12,15811638843020134777,ECDSA-256,0.00017417920753359795,0.0002824971452355385,0.00019522104412317276,21.623306513763964,nan,2482141.0,71.0,91.0,True
3,12,17495405520925828244,ECDSA-256,0.00016864342615008354,0.0002625989727675915,0.00020340504124760628,21.660271135624498,nan,2482141.0,71.0,91.0,True
3,12,5783559263697501312,ECDSA-256,0.00015847990289330482,0.0001673949882388115,0.0001934608444571495,21.873961354140192,nan,2482141.0,72.0,91.0,True
3,12,1734428934210139295,ECDSA-256,0.00011776061728596687,0.00015235459432005882,0.00019040610641241074,10.624780059792101,nan,2482141.0,71.0,91.0,True
3,13,17495405520925828244,ECDSA-256,0.0003462769091129303,0.000338125042617321,0.0001777028664946556,21.44484900822863,nan,2482141.0,70.0,91.0,True
3,13,8755916884249297402,ECDSA-256,0.00015417160466313362,0.00024196691811084747,0.00018256576731801033,21.58379679080099,nan,2482141.0,71.0,91.0,True
3,13,15811638843020134777,ECDSA-256,0.00015364494174718857,0.0001810360699892044,0.00018294015899300575,21.614857729990035,nan,2482141.0,70.0,91.0,True
3,13,5783559263697501312,ECDSA-256,0.00012159673497080803,0.00015797512605786324,0.00017678691074252129,21.78941676625982,nan,2482141.0,71.0,91.0,True
3,13,1734428934210139295,ECDSA-256,0.0001299651339650154,0.00018546590581536293,0.00017512403428554535,10.548899378161877,nan,2482141.0,71.0,91.0,True
3,14,8755916884249297402,ECDSA-256,0.00018211407586932182,0.00018753111362457275,0.0001768958754837513,21.56512921722606,nan,2482141.0,72.0,91.0,True
3,14,15811638843020134777,ECDSA-256,0.00019767927005887032,0.0002542911097407341,0.00018857885152101517,21.837055366951972,nan,2482141.0,71.0,91.0,True
3,14,5783559263697501312,ECDSA-256,0.00023214193060994148,0.0002717161551117897,0.00017497222870588303,21.83792706998065,nan,2482141.0,71.0,91.0,True
3,14,17495405520925828244,ECDSA-256,0.00014991220086812973,0.00016703596338629723,0.00019702594727277756,22.095409393776208,nan,2482141.0,71.0,91.0,True
3,14,1734428934210139295,ECDSA-256,0.00011983094736933708,0.00014173565432429314,0.00017224764451384544,10.640120368916541,nan,2482141.0,71.0,91.0,True
3,15,15811638843020134777,ECDSA-256,0.0002444609999656677,0.00032776081934571266,0.00017905980348587036,21.803889704868197,nan,2482141.0,70.0,91.0,True
3,15,5783559263697501312,ECDSA-256,0.00016335491091012955,0.00039197830483317375,0.00019212905317544937,21.919115878175944,nan,2482141.0,72.0,91.0,True
3,15,17495405520925828244,ECDSA-256,0.00012049218639731407,0.00018154922872781754,0.0001947488635778427,22.07889987435192,nan,2482141.0,72.0,91.0,True
3,15,8755916884249297402,ECDSA-256,0.00012283585965633392,0.00015816790983080864,0.00018412526696920395,22.151187378913164,nan,2482141.0,70.0,91.0,True
3,15,1734428934210139295,ECDSA-256,0.00012143608182668686,0.00013572629541158676,0.00018111662939190865,10.407029849942774,nan,2482141.0,71.0,91.0,True
3,16,8755916884249297402,ECDSA-256,0.00022477377206087112,0.0004507489502429962,0.0002187550999224186,21.820441344287246,nan,2482141.0,71.0,91.0,True
3,16,17495405520925828244,ECDSA-256,0.00011893315240740776,0.00016137072816491127,0.00021173618733882904,21.940959453117102,nan,2482141.0,71.0,91.0,True
3,16,15811638843020134777,ECDSA-256,0.00012143189087510109,0.00018118089064955711,0.0001757889986038208,21.9170433729887,nan,2482141.0,72.0,91.0,True
3,16,5783559263697501312,ECDSA-256,0.00027214502915740013,0.0002714740112423897,0.0001729247160255909,21.853775741066784,nan,2482141.0,71.0,91.0,True
3,16,1734428934210139295,ECDSA-256,0.00013251090422272682,0.0001412821002304554,0.00017636222764849663,10.583825470879674,nan,2482141.0,71.0,91.0,True
3,17,15811638843020134777,ECDSA-256,0.00021453527733683586,0.00019622594118118286,0.00017837202176451683,22.07245717709884,nan,2482141.0,72.0,91.0,True
3,17,5783559263697501312,ECDSA-256,0.0002072700299322605,0.00031994283199310303,0.00017623323947191238,22.150891535915434,nan,2482141.0,72.0,91.0,True
3,17,8755916884249297402,ECDSA-256,0.00013755401596426964,0.0003286837600171566,0.00023450516164302826,22.24657819280401,nan,2482141.0,70.0,91.0,True
3,17,17495405520925828244,ECDSA-256,0.0001428099349141121,0.00019098492339253426,0.0001968778669834137,22.326347841881216,nan,2482141.0,71.0,91.0,True
3,17,1734428934210139295,ECDSA-256,0.00011969590559601784,0.00015937304124236107,0.00017934106290340424,10.692987916059792,nan,2482141.0,71.0,91.0,True
3,18,8755916884249297402,ECDSA-256,0.00024558790028095245,0.00017904210835695267,0.0001782081089913845,21.792336458340287,nan,2482141.0,72.0,91.0,True
3,18,15811638843020134777,ECDSA-256,0.0001579909585416317,0.00023649213835597038,0.00019046617671847343,21.877664288971573,nan,2482141.0,71.0,91.0,True
3,18,5783559263697501312,ECDSA-256,0.00012842193245887756,0.00037333089858293533,0.00021461769938468933,21.9577492387034,nan,2482141.0,71.0,91.0,True
3,18,17495405520925828244,ECDSA-256,0.000122136902064085,0.00016954587772488594,0.0001916978508234024,22.06039525102824,nan,2482141.0,72.0,91.0,True
3,18,1734428934210139295,ECDSA-256,0.00012193573638796806,0.00013547809794545174,0.00018073199316859245,10.428407126106322,nan,2482141.0,71.0,91.0,True
3,19,15811638843020134777,ECDSA-256,0.00023519108071923256,0.0001867329701781273,0.00020687514916062355,21.920228742994368,nan,2482141.0,70.0,91.0,True
3,19,5783559263697501312,ECDSA-256,0.00017280783504247665,0.0002564569003880024,0.00022546714171767235,22.016755539923906,nan,2482141.0,71.0,91.0,True
3,19,17495405520925828244,ECDSA-256,0.00011867331340909004,0.00017111888155341148,0.00017607631161808968,22.11384257907048,nan,2482141.0,72.0,91.0,True
3,19,8755916884249297402,ECDSA-256,0.00013730395585298538,0.00016974704340100288,0.00018062395974993706,22.044447327964008,nan,2482141.0,70.0,91.0,True
3,19,1734428934210139295,ECDSA-256,0.0001251930370926857,0.00013777287676930428,0.00017720414325594902,10.749335843138397,nan,2482141.0,71.0,91.0,True
3,20,5783559263697501312,ECDSA-256,0.00017732800915837288,0.0005128080956637859,0.00020086998119950294,21.734843667130917,nan,2482141.0,70.0,91.0,True
3,20,15811638843020134777,ECDSA-256,0.0001796879805624485,0.00018282607197761536,0.00018708175048232079,21.791705562267452,nan,2482141.0,71.0,91.0,True
3,20,8755916884249297402,ECDSA-256,0.00022281799465417862,0.00029453495517373085,0.00018228311091661453,21.814415221102536,nan,2482141.0,71.0,91.0,True
3,20,17495405520925828244,ECDSA-256,0.000121318269520998,0.00016215071082115173,0.00018182070925831795,21.921263844240457,nan,2482141.0,70.0,91.0,True
3,20,1734428934210139295,ECDSA-256,0.00012839026749134064,0.00014685885980725288,0.0001764860935509205,10.808718971908092,nan,2482141.0,72.0,91.0,True
3,21,5783559263697501312,ECDSA-256,0.0003101709298789501,0.00022924691438674927,0.0001894049346446991,21.483720311895013,nan,2482141.0,70.0,91.0,True
3,21,8755916884249297402,ECDSA-256,0.00015451712533831596,0.0001775757409632206,0.00018351292237639427,21.7352687981911,nan,2482141.0,71.0,91.0,True
3,21,15811638843020134777,ECDSA-256,0.00017113983631134033,0.0004001632332801819,0.0001775999553501606,22.001188925933093,nan,2482141.0,71.0,91.0,True
3,21,17495405520925828244,ECDSA-256,0.00012100394815206528,0.00017089396715164185,0.00017669424414634705,22.043072222732008,nan,2482141.0,71.0,91.0,True
3,21,1734428934210139295,ECDSA-256,0.00012223422527313232,0.00014215102419257164,0.00018097320571541786,10.680917538236827,nan,2482141.0,71.0,91.0,True
3,22,17495405520925828244,ECDSA-256,0.00034913700073957443,0.00018358509987592697,0.00017862534150481224,21.613375436980277,nan,2482141.0,71.0,91.0,True
3,22,8755916884249297402,ECDSA-256,0.00012198463082313538,0.0009052148088812828,0.0002813837490975857,21.66484670387581,nan,2482141.0,70.0,91.0,True
3,22,5783559263697501312,ECDSA-256,0.00019039912149310112,0.0002884417772293091,0.00031369319185614586,21.91011074418202,nan,2482141.0,71.0,91.0,True
3,22,15811638843020134777,ECDSA-256,0.0001250780187547207,0.00016444874927401543,0.0003170892596244812,21.96511161606759,nan,2482141.0,71.0,91.0,True
3,22,1734428934210139295,ECDSA-256,0.0001385631039738655,0.00014104507863521576,0.00018163397908210754,10.608247181866318,nan,2482141.0,72.0,91.0,True
3,23,8755916884249297402,ECDSA-256,0.0001910361461341381,0.00023679714649915695,0.00018172618001699448,21.670993503183126,nan,2482141.0,70.0,91.0,True
3,23,17495405520925828244,ECDSA-256,0.0001285737380385399,0.00017778296023607254,0.00018449174240231514,21.90001443400979,nan,2482141.0,71.0,91.0,True
3,23,5783559263697501312,ECDSA-256,0.00016567111015319824,0.0002772388979792595,0.00019028037786483765,21.77858986798674,nan,2482141.0,70.0,91.0,True
3,23,15811638843020134777,ECDSA-256,0.00012099510058760643,0.0001582140102982521,0.00017397617921233177,21.982516579329967,nan,2482141.0,71.0,91.0,True
3,23,1734428934210139295,ECDSA-256,0.00012224586680531502,0.0001425272785127163,0.00018168427050113678,10.560323624871671,nan,2482141.0,71.0,91.0,True
3,24,8755916884249297402,ECDSA-256,0.00015503820031881332,0.00023775175213813782,0.00019945204257965088,21.61875157384202,nan,2482141.0,71.0,91.0,True
3,24,5783559263697501312,ECDSA-256,0.0001903856173157692,0.00040936702862381935,0.00018609780818223953,21.872334233950824,nan,2482141.0,72.0,91.0,True
3,24,17495405520925828244,ECDSA-256,0.00033337390050292015,0.0002903561107814312,0.0001797666773200035,21.92493813391775,nan,2482141.0,72.0,91.0,True
3,24,15811638843020134777,ECDSA-256,0.00015675369650125504,0.0001596268266439438,0.0001821420155465603,22.0386279290542,nan,2482141.0,71.0,91.0,True
3,24,1734428934210139295,ECDSA-256,0.00012014107778668404,0.00016398495063185692,0.00018555112183094025,10.611374706029892,nan,2482141.0,71.0,91.0,True
3,25,15811638843020134777,ECDSA-256,0.00029750028625130653,0.00030879024416208267,0.00019777705892920494,21.855923507828265,nan,2482141.0,70.0,91.0,True
3,25,17495405520925828244,ECDSA-256,0.00021355599164962769,0.0002408549189567566,0.00019220402464270592,21.89636197127402,nan,2482141.0,71.0,91.0,True
3,25,8755916884249297402,ECDSA-256,0.00014972826465964317,0.00024359999224543571,0.00020289327949285507,22.03285055514425,nan,2482141.0,71.0,91.0,True
3,25,5783559263697501312,ECDSA-256,0.00015110382810235023,0.0001772511750459671,0.0001890328712761402,22.011613027192652,nan,2482141.0,71.0,91.0,True
3,25,1734428934210139295,ECDSA-256,0.00016592023894190788,0.00015836209058761597,0.0002211988903582096,10.49779211729765,nan,2482141.0,70.0,91.0,True
3,26,17495405520925828244,ECDSA-256,0.0002165781334042549,0.0006101890467107296,0.00017765117809176445,21.375846496317536,nan,2482141.0,71.0,91.0,True
3,26,15811638843020134777,ECDSA-256,0.00011892523616552353,0.00022313231602311134,0.0001798616722226143,21.502799863927066,nan,2482141.0,70.0,91.0,True
3,26,5783559263697501312,ECDSA-256,0.00013794982805848122,0.00019416725262999535,0.00020612822845578194,21.38962030177936,nan,2482141.0,71.0,91.0,True
3,26,8755916884249297402,ECDSA-256,0.00015616277232766151,0.00016073696315288544,0.00019690906628966331,21.50653513101861,nan,2482141.0,71.0,91.0,True
3,26,1734428934210139295,ECDSA-256,0.00012664496898651123,0.00013570301234722137,0.0002308851107954979,10.296877531800419,nan,2482141.0,72.0,91.0,True
3,27,15811638843020134777,ECDSA-256,0.00016331393271684647,0.0001948322169482708,0.00019458821043372154,22.552628051955253,nan,2482141.0,71.0,91.0,True
3,27,8755916884249297402,ECDSA-256,0.000181680079549551,0.00017388304695487022,0.00019750092178583145,22.711900724098086,nan,2482141.0,71.0,91.0,True
3,27,17495405520925828244,ECDSA-256,0.00012912601232528687,0.00018327310681343079,0.0001965523697435856,23.207552692852914,nan,2482141.0,71.0,91.0,True
3,27,5783559263697501312,ECDSA-256,0.00012343376874923706,0.0002352413721382618,0.00023155193775892258,23.459675827994943,nan,2482141.0,72.0,91.0,True
3,27,1734428934210139295,ECDSA-256,0.0001201629638671875,0.00014342879876494408,0.00019914796575903893,10.585613009985536,nan,2482141.0,71.0,91.0,True
3,28,15811638843020134777,ECDSA-256,0.00016110530123114586,0.0002666139043867588,0.0002236766740679741,21.226824294775724,nan,2482141.0,70.0,91.0,True
3,28,5783559263697501312,ECDSA-256,0.00016664108261466026,0.0002472563646733761,0.00032844021916389465,21.348854773677886,nan,2482141.0,70.0,91.0,True
3,28,8755916884249297402,ECDSA-256,0.00019669393077492714,0.00025790371000766754,0.0003583282232284546,21.470836132764816,nan,2482141.0,70.0,91.0,True
3,28,17495405520925828244,ECDSA-256,0.00011915899813175201,0.000187617726624012,0.0001933588646352291,21.366656264755875,nan,2482141.0,70.0,91.0,True
3,28,1734428934210139295,ECDSA-256,0.00015058601275086403,0.00015104329213500023,0.00017619086429476738,10.478988108225167,nan,2482141.0,70.0,91.0,True
3,29,15811638843020134777,ECDSA-256,0.00025278888642787933,0.00028756121173501015,0.0001744651235640049,21.79685807460919,nan,2482141.0,71.0,91.0,True
3,29,8755916884249297402,ECDSA-256,0.00017342111095786095,0.00026544881984591484,0.0001753559336066246,21.83591460576281,nan,2482141.0,72.0,91.0,True
3,29,17495405520925828244,ECDSA-256,0.00016184942796826363,0.00018260395154356956,0.0001754160039126873,21.962782194837928,nan,2482141.0,71.0,91.0,True
3,29,5783559263697501312,ECDSA-256,0.000125223770737648,0.00017009489238262177,0.00018580490723252296,22.068353595677763,nan,2482141.0,71.0,91.0,True
3,29,1734428934210139295,ECDSA-256,0.00012055691331624985,0.00015283888205885887,0.00024170568212866783,10.702564435079694,nan,2482141.0,71.0,91.0,True
3,30,15811638843020134777,ECDSA-256,0.00015825964510440826,0.00021332362666726112,0.00017917901277542114,21.902402757201344,nan,2482141.0,70.0,91.0,True
3,30,5783559263697501312,ECDSA-256,0.0003108507953584194,0.0004128608852624893,0.0001732553355395794,22.058552495203912,nan,2482141.0,70.0,91.0,True
3,30,17495405520925828244,ECDSA-256,0.00019583804532885551,0.0002617696300148964,0.000176331028342247,22.029365180060267,nan,2482141.0,71.0,91.0,True
3,30,8755916884249297402,ECDSA-256,0.00012042233720421791,0.00017736805602908134,0.00017715105786919594,22.161306359805167,nan,2482141.0,71.0,91.0,True
3,30,1734428934210139295,ECDSA-256,0.00012445403262972832,0.00013993913307785988,0.00024625007063150406,10.735879540909082,nan,2482141.0,71.0,91.0,True
3,31,8755916884249297402,ECDSA-256,0.00014875270426273346,0.00019169598817825317,0.00017955992370843887,22.22489801235497,nan,2482141.0,71.0,91.0,True
3,31,5783559263697501312,ECDSA-256,0.00018517859280109406,0.0004942757077515125,0.00018401676788926125,22.15743450867012,nan,2482141.0,71.0,91.0,True
3,31,17495405520925828244,ECDSA-256,0.000303816981613636,0.00029475288465619087,0.00017446372658014297,22.23662809515372,nan,2482141.0,72.0,91.0,True
3,31,15811638843020134777,ECDSA-256,0.00011973176151514053,0.0001742006279528141,0.0001767636276781559,22.31431731907651,nan,2482141.0,72.0,91.0,True
3,31,1734428934210139295,ECDSA-256,0.00012127915397286415,0.0001424499787390232,0.00017502577975392342,10.813941912725568,nan,2482141.0,72.0,91.0,True
3,32,5783559263697501312,ECDSA-256,0.0002439720556139946,0.0003050807863473892,0.0001817340962588787,21.457321736961603,nan,2482141.0,71.0,91.0,True
3,32,15811638843020134777,ECDSA-256,0.00033814413473010063,0.00024173222482204437,0.00018070684745907784,21.87631500698626,nan,2482141.0,71.0,91.0,True
3,32,8755916884249297402,ECDSA-256,0.00012128986418247223,0.0001899218186736107,0.00019304733723402023,21.887057593092322,nan,2482141.0,71.0,91.0,True
3,32,17495405520925828244,ECDSA-256,0.00012734998017549515,0.000160933006554842,0.00018818583339452744,22.115434968844056,nan,2482141.0,70.0,91.0,True
3,32,1734428934210139295,ECDSA-256,0.000121312215924263,0.00017803115770220757,0.00020831217989325523,10.593651559203863,nan,2482141.0,71.0,91.0,True
3,33,15811638843020134777,ECDSA-256,0.00033736182376742363,0.0002460898831486702,0.00017929682508111,21.583486932329834,nan,2482141.0,70.0,91.0,True
3,33,5783559263697501312,ECDSA-256,0.00026227300986647606,0.000186289194971323,0.00019141379743814468,21.764468234032393,nan,2482141.0,70.0,91.0,True
3,33,8755916884249297402,ECDSA-256,0.0001344229094684124,0.00021870993077754974,0.0001848810352385044,21.82116360682994,nan,2482141.0,72.0,91.0,True
3,33,17495405520925828244,ECDSA-256,0.000119037926197052,0.0001643989235162735,0.00018314877524971962,22.219091651029885,nan,2482141.0,72.0,91.0,True
3,33,1734428934210139295,ECDSA-256,0.0001266011968255043,0.00013378309085965157,0.0001934063620865345,10.66261577187106,nan,2482141.0,71.0,91.0,True
3,34,5783559263697501312,ECDSA-256,0.00018538115546107292,0.00035906024277210236,0.00024288101121783257,21.121239013038576,nan,2482141.0,72.0,91.0,True
3,34,17495405520925828244,ECDSA-256,0.00026457197964191437,0.0002590147778391838,0.00021361839026212692,21.429412114899606,nan,2482141.0,70.0,91.0,True
3,34,8755916884249297402,ECDSA-256,0.0002420409582555294,0.00023478781804442406,0.0003114589489996433,21.529771201778203,nan,2482141.0,71.0,91.0,True
3,34,15811638843020134777,ECDSA-256,0.00012197811156511307,0.00016807299107313156,0.00022076768800616264,21.67872517509386,nan,2482141.0,70.0,91.0,True
3,34,1734428934210139295,ECDSA-256,0.00012719165533781052,0.00014890730381011963,0.00021362490952014923,10.587122749071568,nan,2482141.0,71.0,91.0,True
3,35,5783559263697501312,ECDSA-256,0.00015687057748436928,0.00018749013543128967,0.0001786407083272934,21.60225863615051,nan,2482141.0,70.0,91.0,True
3,35,17495405520925828244,ECDSA-256,0.00021745916455984116,0.0002998500131070614,0.0001743203029036522,21.716116768307984,nan,2482141.0,70.0,91.0,True
3,35,15811638843020134777,ECDSA-256,0.00014500273391604424,0.00020013004541397095,0.0003015049733221531,21.830918308813125,nan,2482141.0,71.0,91.0,True
3,35,8755916884249297402,ECDSA-256,0.0001634792424738407,0.00023948587477207184,0.0002589356154203415,21.92501701693982,nan,2482141.0,72.0,91.0,True
3,35,1734428934210139295,ECDSA-256,0.0001223175786435604,0.0001400602050125599,0.00017428724095225334,10.592337461654097,nan,2482141.0,72.0,91.0,True
3,36,17495405520925828244,ECDSA-256,0.00012180395424365997,0.0002826969139277935,0.00017691031098365784,21.557609845884144,nan,2482141.0,71.0,91.0,True
3,36,15811638843020134777,ECDSA-256,0.00014944002032279968,0.00022291066125035286,0.0001747417263686657,21.767112507019192,nan,2482141.0,72.0,91.0,True
3,36,5783559263697501312,ECDSA-256,0.00013007409870624542,0.00019465293735265732,0.00017765723168849945,21.8368771080859,nan,2482141.0,72.0,91.0,True
3,36,8755916884249297402,ECDSA-256,0.00015635928139090538,0.00018032314255833626,0.00023429421707987785,21.77905712928623,nan,2482141.0,71.0,91.0,True
3,36,1734428934210139295,ECDSA-256,0.00012192083522677422,0.00013210391625761986,0.00022762315347790718,10.604170432314277,nan,2482141.0,70.0,91.0,True
3,37,17495405520925828244,ECDSA-256,0.00012946315109729767,0.0006141630001366138,0.00017502391710877419,21.593083205167204,nan,2482141.0,70.0,91.0,True
3,37,5783559263697501312,ECDSA-256,0.00012625427916646004,0.00032272329553961754,0.000176191795617342,21.799657934810966,nan,2482141.0,70.0,91.0,True
3,37,15811638843020134777,ECDSA-256,0.0001682010479271412,0.00033043092116713524,0.0001797969453036785,21.830758030992,nan,2482141.0,71.0,91.0,True
3,37,8755916884249297402,ECDSA-256,0.00012012524530291557,0.00016165291890501976,0.00018935883417725563,21.852668898180127,nan,2482141.0,71.0,91.0,True
3,37,1734428934210139295,ECDSA-256,0.00011921720579266548,0.0001437617465853691,0.0001772451214492321,10.4178003417328,nan,2482141.0,70.0,91.0,True
3,38,5783559263697501312,ECDSA-256,0.00020340457558631897,0.00033471034839749336,0.00018481723964214325,21.789412739221007,nan,2482141.0,72.0,91.0,True
3,38,8755916884249297402,ECDSA-256,0.00017395708709955215,0.000251145102083683,0.00020314613357186317,21.81014515599236,nan,2482141.0,72.0,91.0,True
3,38,15811638843020134777,ECDSA-256,0.00015458464622497559,0.0004477649927139282,0.00022600311785936356,21.773944885004312,nan,2482141.0,72.0,91.0,True
3,38,17495405520925828244,ECDSA-256,0.00012205075472593307,0.00015329569578170776,0.00023022759705781937,22.079729377757758,nan,2482141.0,72.0,91.0,True
3,38,1734428934210139295,ECDSA-256,0.00013579102233052254,0.00018252898007631302,0.00023153610527515411,10.456441941205412,nan,2482141.0,71.0,91.0,True
3,39,17495405520925828244,ECDSA-256,0.00019388087093830109,0.00024081440642476082,0.00033589592203497887,21.29349796101451,nan,2482141.0,70.0,91.0,True
3,39,15811638843020134777,ECDSA-256,0.00018144631758332253,0.0003207949921488762,0.0003328779712319374,21.572667869739234,nan,2482141.0,71.0,91.0,True
3,39,5783559263697501312,ECDSA-256,0.0001796460710465908,0.0002496223896741867,0.00018045399338006973,21.494891434442252,nan,2482141.0,70.0,91.0,True
3,39,8755916884249297402,ECDSA-256,0.0001351512037217617,0.00016402965411543846,0.0001815049909055233,21.672446066047996,nan,2482141.0,72.0,91.0,True
3,39,1734428934210139295,ECDSA-256,0.0001399340108036995,0.00015224283561110497,0.00019400566816329956,10.461950608994812,nan,2482141.0,70.0,91.0,True
3,40,8755916884249297402,ECDSA-256,0.00018041720613837242,0.00017744814977049828,0.00017711520195007324,21.483861243817955,nan,2482141.0,70.0,91.0,True
3,40,5783559263697501312,ECDSA-256,0.00019154511392116547,0.0001981891691684723,0.00017431378364562988,21.755894920788705,nan,2482141.0,71.0,91.0,True
3,40,15811638843020134777,ECDSA-256,0.00016160914674401283,0.0001650671474635601,0.0001781233586370945,21.769309169147164,nan,2482141.0,72.0,91.0,True
3,40,17495405520925828244,ECDSA-256,0.00017164787277579308,0.0002616150304675102,0.00020516477525234222,21.661944506689906,nan,2482141.0,71.0,91.0,True
3,40,1734428934210139295,ECDSA-256,0.00012208987027406693,0.0001320997253060341,0.00017304299399256706,10.538354105781764,nan,2482141.0,71.0,91.0,True
3,41,17495405520925828244,ECDSA-256,0.00016860896721482277,0.00042226584628224373,0.00019325828179717064,21.404666943009943,nan,2482141.0,71.0,91.0,True
3,41,15811638843020134777,ECDSA-256,0.00024724286049604416,0.0002002650871872902,0.00021958723664283752,21.674028472043574,nan,2482141.0,70.0,91.0,True
3,41,5783559263697501312,ECDSA-256,0.000196835957467556,0.0001691277138888836,0.00033891480416059494,21.695304725319147,nan,2482141.0,70.0,91.0,True
3,41,8755916884249297402,ECDSA-256,0.00012753717601299286,0.00016494374722242355,0.00021681608632206917,21.845511771272868,nan,2482141.0,72.0,91.0,True
3,41,1734428934210139295,ECDSA-256,0.00012673577293753624,0.0001506619155406952,0.00018007168546319008,10.551138003822416,nan,2482141.0,71.0,91.0,True
3,42,5783559263697501312,ECDSA-256,0.00021046912297606468,0.00018890295177698135,0.00022774189710617065,21.821456847246736,nan,2482141.0,70.0,91.0,True
3,42,8755916884249297402,ECDSA-256,0.00015704380348324776,0.00017767073586583138,0.0001908908598124981,21.984901106916368,nan,2482141.0,70.0,91.0,True
3,42,17495405520925828244,ECDSA-256,0.00019524898380041122,0.00024507520720362663,0.00018263235688209534,22.10638985875994,nan,2482141.0,71.0,91.0,True
3,42,15811638843020134777,ECDSA-256,0.00012245075777173042,0.00016757100820541382,0.00019456492736935616,22.200991393998265,nan,2482141.0,72.0,91.0,True
3,42,1734428934210139295,ECDSA-256,0.00012234319001436234,0.00014755502343177795,0.00018023932352662086,10.506391337607056,nan,2482141.0,72.0,91.0,True
3,43,17495405520925828244,ECDSA-256,0.00029775872826576233,0.00032569095492362976,0.00018196506425738335,21.728573576081544,nan,2482141.0,70.0,91.0,True
3,43,15811638843020134777,ECDSA-256,0.00035652704536914825,0.0005508577451109886,0.00017620902508497238,21.886287860106677,nan,2482141.0,70.0,91.0,True
3,43,8755916884249297402,ECDSA-256,0.00012492109090089798,0.0002534259110689163,0.0001749172806739807,21.97272502584383,nan,2482141.0,71.0,91.0,True
3,43,5783559263697501312,ECDSA-256,0.0001301751472055912,0.0001623411662876606,0.00024863332509994507,22.213513143360615,nan,2482141.0,70.0,91.0,True
3,43,1734428934210139295,ECDSA-256,0.00012168381363153458,0.00013653002679347992,0.0001771128736436367,10.941462949849665,nan,2482141.0,71.0,91.0,True
3,44,17495405520925828244,ECDSA-256,0.00024264492094516754,0.0005114837549626827,0.00017789844423532486,21.619633734691888,nan,2482141.0,71.0,91.0,True
3,44,15811638843020134777,ECDSA-256,0.0002493332140147686,0.0001767389476299286,0.00021237600594758987,21.643668764270842,nan,2482141.0,70.0,91.0,True
3,44,8755916884249297402,ECDSA-256,0.00013420777395367622,0.00018580211326479912,0.00018064817413687706,21.848848399706185,nan,2482141.0,71.0,91.0,True
3,44,5783559263697501312,ECDSA-256,0.00015497859567403793,0.00017575500532984734,0.0001763361506164074,21.9255473096855,nan,2482141.0,71.0,91.0,True
3,44,1734428934210139295,ECDSA-256,0.00011893780902028084,0.00014854595065116882,0.00018058298155665398,10.412084311246872,nan,2482141.0,71.0,91.0,True
3,45,8755916884249297402,ECDSA-256,0.00016556726768612862,0.0002603367902338505,0.00020896317437291145,21.162711512297392,nan,2482141.0,72.0,91.0,True
3,45,5783559263697501312,ECDSA-256,0.00012105097994208336,0.00028338469564914703,0.00019317399710416794,21.349873961880803,nan,2482141.0,71.0,91.0,True
3,45,17495405520925828244,ECDSA-256,0.00016666296869516373,0.00017842324450612068,0.00017725303769111633,21.51604219712317,nan,2482141.0,72.0,91.0,True
3,45,15811638843020134777,ECDSA-256,0.00012206844985485077,0.0001659085974097252,0.00018430408090353012,21.562489307951182,nan,2482141.0,72.0,91.0,True
3,45,1734428934210139295,ECDSA-256,0.0001333639957010746,0.00013984879478812218,0.0001754825934767723,10.548284870106727,nan,2482141.0,70.0,91.0,True
3,46,17495405520925828244,ECDSA-256,0.00022628577426075935,0.0002499590627849102,0.0001787310466170311,21.514529714826494,nan,2482141.0,71.0,91.0,True
3,46,15811638843020134777,ECDSA-256,0.00017446093261241913,0.00036904076114296913,0.00017683394253253937,21.730808790307492,nan,2482141.0,71.0,91.0,True
3,46,8755916884249297402,ECDSA-256,0.00017351005226373672,0.00023698480799794197,0.00017678504809737206,21.834749510046095,nan,2482141.0,72.0,91.0,True
3,46,5783559263697501312,ECDSA-256,0.00011775270104408264,0.00017180806025862694,0.00017741788178682327,21.84845265513286,nan,2482141.0,71.0,91.0,True
3,46,1734428934210139295,ECDSA-256,0.00012245029211044312,0.00018296204507350922,0.0001767822541296482,10.552013227250427,nan,2482141.0,70.0,91.0,True
3,47,5783559263697501312,ECDSA-256,0.00015595927834510803,0.00028263311833143234,0.0002292059361934662,21.546512702014297,nan,2482141.0,71.0,91.0,True
3,47,17495405520925828244,ECDSA-256,0.00017359061166644096,0.00017439015209674835,0.00020833592861890793,21.59655084880069,nan,2482141.0,72.0,91.0,True
3,47,15811638843020134777,ECDSA-256,0.00011969078332185745,0.00022907601669430733,0.0001780758611857891,21.574274466838688,nan,2482141.0,71.0,91.0,True
3,47,8755916884249297402,ECDSA-256,0.00012767035514116287,0.00016057491302490234,0.00017921486869454384,21.80836606118828,nan,2482141.0,70.0,91.0,True
3,47,1734428934210139295,ECDSA-256,0.00011961488053202629,0.0001365100033581257,0.0002261027693748474,10.505598709918559,nan,2482141.0,72.0,91.0,True
3,48,8755916884249297402,ECDSA-256,0.00021502189338207245,0.0002327212132513523,0.00018606288358569145,21.795092510059476,nan,2482141.0,71.0,91.0,True
3,48,15811638843020134777,ECDSA-256,0.00017248280346393585,0.00023496616631746292,0.00017838738858699799,21.93156833294779,nan,2482141.0,71.0,91.0,True
3,48,17495405520925828244,ECDSA-256,0.0001270468346774578,0.00018055783584713936,0.00017662066966295242,21.94511700188741,nan,2482141.0,70.0,91.0,True
3,48,5783559263697501312,ECDSA-256,0.00012892205268144608,0.00015885615721344948,0.00018722889944911003,22.042814535088837,nan,2482141.0,71.0,91.0,True
3,48,1734428934210139295,ECDSA-256,0.00012241583317518234,0.00015303585678339005,0.00024621980264782906,10.532825585920364,nan,2482141.0,71.0,91.0,True
3,49,8755916884249297402,ECDSA-256,0.00018176203593611717,0.00045646727085113525,0.00017651403322815895,22.138831317890435,nan,2482141.0,71.0,91.0,True
3,49,17495405520925828244,ECDSA-256,0.0002676621079444885,0.0002598310820758343,0.0001818360760807991,22.13292781636119,nan,2482141.0,70.0,91.0,True
3,49,15811638843020134777,ECDSA-256,0.00024782819673419,0.0002971864305436611,0.00017817411571741104,22.198158429004252,nan,2482141.0,70.0,91.0,True
3,49,5783559263697501312,ECDSA-256,0.0001542791724205017,0.00017744582146406174,0.00018013501539826393,22.16405893303454,nan,2482141.0,72.0,91.0,True
3,49,1734428934210139295,ECDSA-256,0.0001222142018377781,0.00014886632561683655,0.00017179269343614578,10.676135628018528,nan,2482141.0,71.0,91.0,True
3,50,15811638843020134777,ECDSA-256,0.00024582212790846825,0.0004453151486814022,0.00021542701870203018,21.652157261036336,nan,2482141.0,71.0,91.0,True
3,50,5783559263697501312,ECDSA-256,0.00026979390531778336,0.00024008983746170998,0.00021615205332636833,21.744974643923342,nan,2482141.0,72.0,91.0,True
3,50,17495405520925828244,ECDSA-256,0.00012159394100308418,0.00016992585733532906,0.00019619381055235863,21.954080058727413,nan,2482141.0,70.0,91.0,True
3,50,8755916884249297402,ECDSA-256,0.00035471096634864807,0.00024136388674378395,0.00020097102969884872,21.874223424121737,nan,2482141.0,70.0,91.0,True
3,50,1734428934210139295,ECDSA-256,0.00012359581887722015,0.00016634631901979446,0.00018554693087935448,10.724395893048495,nan,2482141.0,72.0,91.0,True
4,1,15006264268006976327,ECDSA-256,0.006206260994076729,0.0012227697297930717,0.0005563818849623203,22.030519941821694,2.1392770453382988,2482141.0,72.0,91.0,True
4,1,1758346664740429888,ECDSA-256,0.0035077398642897606,0.0006214790046215057,0.00018096715211868286,22.179237889125943,2.2316745119734693,2482141.0,72.0,91.0,True
4,1,3130402573058986140,ECDSA-256,0.004426168743520975,0.0006975447759032249,0.00019969511777162552,22.159226663876325,2.3340330607594013,2482141.0,71.0,91.0,True
4,1,7176149348807793361,ECDSA-256,0.0033466126769781113,0.000572974793612957,0.00017854804173111916,22.202553309034556,2.093732979731819,2482141.0,71.0,91.0,True
4,1,14588917652119131625,ECDSA-256,0.00012637488543987274,0.00015941401943564415,0.00018433714285492897,10.633705431129783,2.1282665923761486,2482141.0,72.0,91.0,True
4,2,1758346664740429888,ECDSA-256,0.00028824806213378906,0.00023638596758246422,0.00017574802041053772,21.24886334873736,2.309609694221911,2482141.0,71.0,91.0,True
4,2,3130402573058986140,ECDSA-256,0.00022347411140799522,0.00030446331948041916,0.0002443031407892704,21.532074501737952,2.250152204745113,2482141.0,70.0,91.0,True
4,2,15006264268006976327,ECDSA-256,0.00030578020960092545,0.00018310127779841423,0.00017571961507201195,21.590163357090205,2.3097528862877015,2482141.0,72.0,91.0,True
4,2,7176149348807793361,ECDSA-256,0.00013488298282027245,0.00015101907774806023,0.00017290515825152397,21.80174598330632,2.3101007831744114,2482141.0,71.0,91.0,True
4,2,14588917652119131625,ECDSA-256,0.00012921681627631187,0.00014499900862574577,0.00017451075837016106,10.6381625700742,2.310169451533796,2482141.0,72.0,91.0,True
4,3,3130402573058986140,ECDSA-256,0.0001723961904644966,0.00030882004648447037,0.00017886189743876457,21.98218294000253,2.056843607189556,2482141.0,71.0,91.0,True
4,3,1758346664740429888,ECDSA-256,0.00013154605403542519,0.0001771310344338417,0.00017296988517045975,22.207813744898885,2.043827974758209,2482141.0,71.0,91.0,True
4,3,15006264268006976327,ECDSA-256,0.00017365999519824982,0.0002740398049354553,0.0003140498884022236,22.18510187184438,2.077339252724815,2482141.0,71.0,91.0,True
4,3,7176149348807793361,ECDSA-256,0.00013352278620004654,0.0001629493199288845,0.00017221271991729736,22.299798327032477,2.106482268903202,2482141.0,70.0,91.0,True
4,3,14588917652119131625,ECDSA-256,0.00015943404287099838,0.00015441188588738441,0.00023862579837441444,10.636548331007361,2.0670797093607747,2482141.0,71.0,91.0,True
4,4,15006264268006976327,ECDSA-256,0.0001276591792702675,0.00025084614753723145,0.00022458191961050034,21.72040338627994,1.9838249584356435,2482141.0,70.0,91.0,True
4,4,3130402573058986140,ECDSA-256,0.00023613683879375458,0.00035116681829094887,0.00019459007307887077,21.791615684051067,1.9493330031538163,2482141.0,71.0,91.0,True
4,4,7176149348807793361,ECDSA-256,0.00012872135266661644,0.00017362507060170174,0.00017669005319476128,21.815044574905187,1.9740931226041751,2482141.0,71.0,91.0,True
4,4,1758346664740429888,ECDSA-256,0.00012594182044267654,0.00017235008999705315,0.00017229700461030006,21.955148100852966,1.951646674936191,2482141.0,72.0,91.0,True
4,4,14588917652119131625,ECDSA-256,0.0001415521837770939,0.00013908511027693748,0.0001811799593269825,10.848365641199052,1.9598588143674711,2482141.0,71.0,91.0,True
4,5,3130402573058986140,ECDSA-256,0.0002210540696978569,0.0002735219895839691,0.0001763850450515747,21.772034966852516,1.9348779025550087,2482141.0,71.0,91.0,True
4,5,15006264268006976327,ECDSA-256,0.0001607709564268589,0.0001963060349225998,0.00019127223640680313,21.95443948265165,1.9320036462320687,2482141.0,72.0,91.0,True
4,5,7176149348807793361,ECDSA-256,0.00023184111341834068,0.00026825908571481705,0.00017660390585660934,21.95801347773522,1.9304416457685039,2482141.0,70.0,91.0,True
4,5,1758346664740429888,ECDSA-256,0.00012276321649551392,0.00015624519437551498,0.00017477013170719147,22.138988480437547,1.941224848500456,2482141.0,70.0,91.0,True
4,5,14588917652119131625,ECDSA-256,0.0001278938725590706,0.00018262024968862534,0.0001900247298181057,10.56777022080496,1.8910116402866741,2482141.0,71.0,91.0,True
4,6,7176149348807793361,ECDSA-256,0.00015505589544773102,0.0006441506557166576,0.00017515476793050766,22.01799340173602,1.8957588196562503,2482141.0,70.0,91.0,True
4,6,3130402573058986140,ECDSA-256,0.0001571662724018097,0.0003331168554723263,0.00018244097009301186,22.2981463749893,1.857922957347224,2482141.0,71.0,91.0,True
4,6,1758346664740429888,ECDSA-256,0.00013174675405025482,0.00020126206800341606,0.0001681293360888958,22.577358984854072,1.8466693505692406,2482141.0,72.0,91.0,True
4,6,15006264268006976327,ECDSA-256,0.00013164198026061058,0.00020889006555080414,0.00017973501235246658,22.749948957934976,1.8740308616108026,2482141.0,72.0,91.0,True
4,6,14588917652119131625,ECDSA-256,0.0001206318847835064,0.00014838296920061111,0.00017322273924946785,10.753785572014749,1.8790019560164917,2482141.0,70.0,91.0,True
4,7,3130402573058986140,ECDSA-256,0.00012236181646585464,0.00038058822974562645,0.00019787391647696495,22.098819816019386,1.8216321361712373,2482141.0,71.0,91.0,True
4,7,15006264268006976327,ECDSA-256,0.0001383642666041851,0.0003366563469171524,0.0002756440080702305,22.196456455159932,1.8703690569240825,2482141.0,72.0,91.0,True
4,7,1758346664740429888,ECDSA-256,0.00014927517622709274,0.00020618503913283348,0.00017550401389598846,22.426612798590213,1.8097600262766829,2482141.0,71.0,91.0,True
4,7,7176149348807793361,ECDSA-256,0.00013567926362156868,0.00026277778670191765,0.00019170669838786125,22.413566422648728,1.8711414973194989,2482141.0,70.0,91.0,True
4,7,14588917652119131625,ECDSA-256,0.00012384122237563133,0.00014625582844018936,0.0001731347292661667,10.70737463189289,1.8394830394476747,2482141.0,72.0,91.0,True
4,8,15006264268006976327,ECDSA-256,0.00025150924921035767,0.00037661613896489143,0.00019269902259111404,22.26470989966765,1.8171627517706288,2482141.0,70.0,91.0,True
4,8,1758346664740429888,ECDSA-256,0.00012772902846336365,0.00019003218039870262,0.0001834779977798462,22.487575746141374,1.8048164151347101,2482141.0,71.0,91.0,True
4,8,3130402573058986140,ECDSA-256,0.00017730193212628365,0.0002503031864762306,0.0003352840431034565,22.432588345836848,1.8018738164688453,2482141.0,70.0,91.0,True
4,8,7176149348807793361,ECDSA-256,0.00012842193245887756,0.0003163493238389492,0.00027912668883800507,22.459473798051476,1.8507314886147983,2482141.0,71.0,91.0,True
4,8,14588917652119131625,ECDSA-256,0.00012040417641401291,0.00013162009418010712,0.00019280286505818367,10.659383976832032,1.8001535392036072,2482141.0,71.0,91.0,True
4,9,15006264268006976327,ECDSA-256,0.00027576927095651627,0.0002445071004331112,0.00018338393419981003,23.704876081086695,1.8190065595669487,2482141.0,72.0,91.0,True
4,9,3130402573058986140,ECDSA-256,0.0001246999017894268,0.00024588918313384056,0.0001758257858455181,23.911167026963085,1.8005591112965593,2482141.0,71.0,91.0,True
4,9,7176149348807793361,ECDSA-256,0.00013932306319475174,0.00015819212421774864,0.0001736111007630825,24.07773891603574,1.8338621313960408,2482141.0,72.0,91.0,True
4,9,1758346664740429888,ECDSA-256,0.000170788262039423,0.0003085406497120857,0.000176925677806139,24.016195494681597,1.7738872568447368,2482141.0,71.0,91.0,True
4,9,14588917652119131625,ECDSA-256,0.00012488476932048798,0.00014916714280843735,0.0001814449205994606,10.732331477105618,1.8173668365508984,2482141.0,71.0,91.0,True
4,10,3130402573058986140,ECDSA-256,0.0001956620253622532,0.00025722477585077286,0.00018155202269554138,21.95136438915506,1.7738135771248669,2482141.0,71.0,91.0,True
4,10,7176149348807793361,ECDSA-256,0.00030178017914295197,0.0004188842140138149,0.00017542298883199692,22.085365873295814,1.7928788391545938,2482141.0,70.0,91.0,True
4,10,15006264268006976327,ECDSA-256,0.0001396099105477333,0.00017681624740362167,0.0001764572225511074,22.15395357925445,1.8167045363983787,2482141.0,71.0,91.0,True
4,10,1758346664740429888,ECDSA-256,0.00012236787006258965,0.00016261311247944832,0.0002058860845863819,22.196162530221045,1.7715804694940487,2482141.0,72.0,91.0,True
4,10,14588917652119131625,ECDSA-256,0.00011987611651420593,0.0001357709988951683,0.0002461089752614498,10.595373549964279,1.8373293457701565,2482141.0,71.0,91.0,True
4,11,1758346664740429888,ECDSA-256,0.0001660292036831379,0.00018861563876271248,0.00017588306218385696,22.153799752239138,1.7516187920737951,2482141.0,70.0,91.0,True
4,11,3130402573058986140,ECDSA-256,0.00026736175641417503,0.00018311385065317154,0.00017130933701992035,22.220910178031772,1.7649295798505837,2482141.0,71.0,91.0,True
4,11,15006264268006976327,ECDSA-256,0.00012123817577958107,0.00017983000725507736,0.00017156265676021576,22.29138077283278,1.7536786726107612,2482141.0,71.0,91.0,True
4,11,7176149348807793361,ECDSA-256,0.0001226179301738739,0.00016962317749857903,0.00017352309077978134,22.319930477067828,1.7642996151226398,2482141.0,72.0,91.0,True
4,11,14588917652119131625,ECDSA-256,0.00012202607467770576,0.0001429961994290352,0.00017599482089281082,10.680614184122533,1.7888039997972238,2482141.0,71.0,91.0,True
4,12,15006264268006976327,ECDSA-256,0.0001944596879184246,0.00034749507904052734,0.00025240378454327583,21.968003580812365,1.7587780762023437,2482141.0,72.0,91.0,True
4,12,3130402573058986140,ECDSA-256,0.00023322692140936852,0.00018547987565398216,0.00024518463760614395,22.37148419721052,1.7595485193660845,2482141.0,70.0,91.0,True
4,12,1758346664740429888,ECDSA-256,0.00012795720249414444,0.00016342708840966225,0.00017759529873728752,22.388467990793288,1.748266417759295,2482141.0,72.0,91.0,True
4,12,7176149348807793361,ECDSA-256,0.0001406320370733738,0.00020330026745796204,0.00017487723380327225,22.402628606185317,1.7783317093651134,2482141.0,71.0,91.0,True
4,12,14588917652119131625,ECDSA-256,0.00012209033593535423,0.00014459993690252304,0.00018330104649066925,10.507506997790188,1.7481139433650543,2482141.0,71.0,91.0,True
4,13,3130402573058986140,ECDSA-256,0.0002084309235215187,0.0003081057220697403,0.00022649113088846207,21.777746974956244,1.750757472583661,2482141.0,72.0,91.0,True
4,13,15006264268006976327,ECDSA-256,0.0001664268784224987,0.00026556896045804024,0.00017505791038274765,21.998069796245545,1.7602744536658825,2482141.0,71.0,91.0,True
4,13,7176149348807793361,ECDSA-256,0.00012557487934827805,0.00018857279792428017,0.0001764688640832901,22.089745678938925,1.8157788050441315,2482141.0,71.0,91.0,True
4,13,1758346664740429888,ECDSA-256,0.00012065423652529716,0.00017141830176115036,0.00018905987963080406,22.329465630929917,1.7171048752416056,2482141.0,70.0,91.0,True
4,13,14588917652119131625,ECDSA-256,0.00013822317123413086,0.0001506800763309002,0.00018121302127838135,10.495369568932801,1.7092617159834305,2482141.0,71.0,91.0,True
4,14,7176149348807793361,ECDSA-256,0.0003975396975874901,0.0004116017371416092,0.0001750672236084938,22.03395232092589,1.743451171408827,2482141.0,72.0,91.0,True
4,14,3130402573058986140,ECDSA-256,0.00016667088493704796,0.00019637495279312134,0.0001866011880338192,22.152010497171432,1.694830748981561,2482141.0,71.0,91.0,True
4,14,1758346664740429888,ECDSA-256,0.00012935278937220573,0.00020610960200428963,0.0001804218627512455,22.253561716992408,1.7010833577226145,2482141.0,70.0,91.0,True
4,14,15006264268006976327,ECDSA-256,0.00012570666149258614,0.000247348565608263,0.00021936185657978058,22.277415021322668,1.7523080990337336,2482141.0,72.0,91.0,True
4,14,14588917652119131625,ECDSA-256,0.00012640329077839851,0.00015380140393972397,0.00017352262511849403,10.782844780944288,1.7257929191040917,2482141.0,72.0,91.0,True
4,15,15006264268006976327,ECDSA-256,0.0002773716114461422,0.00022504478693008423,0.00017260387539863586,21.784175001084805,1.7196287716539522,2482141.0,71.0,91.0,True
4,15,1758346664740429888,ECDSA-256,0.0001626061275601387,0.00021216785535216331,0.00017104297876358032,21.972660770639777,1.7011459052753144,2482141.0,71.0,91.0,True
4,15,7176149348807793361,ECDSA-256,0.00015772506594657898,0.0002445005811750889,0.0002614380791783333,21.95409443601966,1.7523429984101853,2482141.0,70.0,91.0,True
4,15,3130402573058986140,ECDSA-256,0.00012237625196576118,0.00016879895702004433,0.00017378106713294983,22.055570613127202,1.6985955828675827,2482141.0,70.0,91.0,True
4,15,14588917652119131625,ECDSA-256,0.00012053782120347023,0.00015383027493953705,0.0001740315929055214,10.44397120224312,1.717870916421421,2482141.0,72.0,91.0,True
4,16,3130402573058986140,ECDSA-256,0.00027611013501882553,0.00020456407219171524,0.00019237492233514786,21.415936031378806,1.7058897357398328,2482141.0,71.0,91.0,True
4,16,15006264268006976327,ECDSA-256,0.00019416864961385727,0.0002353312447667122,0.00021556532010436058,21.86322170495987,1.7087695042546185,2482141.0,71.0,91.0,True
4,16,1758346664740429888,ECDSA-256,0.00015656184405088425,0.0001875031739473343,0.00018112128600478172,21.891449206043035,1.7284710750031396,2482141.0,71.0,91.0,True
4,16,7176149348807793361,ECDSA-256,0.00016537215560674667,0.00022178888320922852,0.00019036885350942612,21.914553430862725,1.71572483690402,2482141.0,72.0,91.0,True
4,16,14588917652119131625,ECDSA-256,0.00011862488463521004,0.00014899764209985733,0.0001849466934800148,10.43995925039053,1.6989862065726575,2482141.0,71.0,91.0,True
4,17,15006264268006976327,ECDSA-256,0.000222792848944664,0.0003283699043095112,0.00022406503558158875,22.472770025022328,1.732375742147525,2482141.0,72.0,91.0,True
4,17,7176149348807793361,ECDSA-256,0.00017042411491274834,0.0003598700277507305,0.0002201572060585022,22.523255286272615,1.707787528967324,2482141.0,71.0,91.0,True
4,17,3130402573058986140,ECDSA-256,0.00021603098139166832,0.0002778712660074234,0.00020715920254588127,22.608587747905403,1.697263580160781,2482141.0,71.0,91.0,True
4,17,1758346664740429888,ECDSA-256,0.00013800011947751045,0.0001764446496963501,0.0001825271174311638,22.7544180219993,1.6767167355686712,2482141.0,72.0,91.0,True
4,17,14588917652119131625,ECDSA-256,0.00012308219447731972,0.00019652722403407097,0.00023464718833565712,10.454569542314857,1.6682236217462216,2482141.0,71.0,91.0,True
4,18,7176149348807793361,ECDSA-256,0.00016854982823133469,0.00036856625229120255,0.0002416740171611309,21.422981353942305,1.6846679567148128,2482141.0,71.0,91.0,True
4,18,15006264268006976327,ECDSA-256,0.00017384812235832214,0.0001751692034304142,0.0001820651814341545,21.446603706106544,1.7032107293796235,2482141.0,70.0,91.0,True
4,18,3130402573058986140,ECDSA-256,0.00011797109618782997,0.00017685489729046822,0.00021480489522218704,21.679855627007782,1.6656933805813043,2482141.0,72.0,91.0,True
4,18,1758346664740429888,ECDSA-256,0.00020146602764725685,0.0002340921200811863,0.00019676284864544868,21.654692996293306,1.6482685160713073,2482141.0,71.0,91.0,True
4,18,14588917652119131625,ECDSA-256,0.00011850288137793541,0.000148081686347723,0.00021093711256980896,10.676885006949306,1.6776721485125752,2482141.0,71.0,91.0,True
4,19,1758346664740429888,ECDSA-256,0.0002555311657488346,0.0003072763793170452,0.00022621732205152512,21.312085923273116,1.674048147643336,2482141.0,71.0,91.0,True
4,19,15006264268006976327,ECDSA-256,0.0001987852156162262,0.00017874594777822495,0.00017547607421875,21.656612082850188,1.693542704795496,2482141.0,71.0,91.0,True
4,19,7176149348807793361,ECDSA-256,0.00012556510046124458,0.00017790263518691063,0.00017867796123027802,21.926327337976545,1.678977566024366,2482141.0,72.0,91.0,True
4,19,3130402573058986140,ECDSA-256,0.00012152828276157379,0.0001804279163479805,0.00017567304894328117,22.030837760772556,1.6599212081287615,2482141.0,72.0,91.0,True
4,19,14588917652119131625,ECDSA-256,0.00012016156688332558,0.00014060921967029572,0.00017819786444306374,10.561851892154664,1.6749260749298924,2482141.0,71.0,91.0,True
4,20,15006264268006976327,ECDSA-256,0.00025994284078478813,0.0002429010346531868,0.00017782580107450485,21.96695225406438,1.6641872085321445,2482141.0,72.0,91.0,True
4,20,1758346664740429888,ECDSA-256,0.00033680815249681473,0.00032002106308937073,0.00016998173668980598,21.92855240078643,1.6456897940498572,2482141.0,70.0,91.0,True
4,20,3130402573058986140,ECDSA-256,0.0001226291060447693,0.00018887687474489212,0.0001733279787003994,21.89009033003822,1.6507888202088328,2482141.0,72.0,91.0,True
4,20,7176149348807793361,ECDSA-256,0.00012145563960075378,0.00016147829592227936,0.00019720522686839104,22.21889682719484,1.6580836273991644,2482141.0,72.0,91.0,True
4,20,14588917652119131625,ECDSA-256,0.00012099510058760643,0.00015090778470039368,0.00017264392226934433,10.551593543961644,1.6483162340645592,2482141.0,70.0,91.0,True
4,21,3130402573058986140,ECDSA-256,0.00017115287482738495,0.00043623289093375206,0.00022306200116872787,21.854614655021578,1.650733545946237,2482141.0,70.0,91.0,True
4,21,7176149348807793361,ECDSA-256,0.0001642722636461258,0.0004910328425467014,0.00019592419266700745,21.941932181827724,1.6561134459492497,2482141.0,71.0,91.0,True
4,21,15006264268006976327,ECDSA-256,0.0001225159503519535,0.0002375347539782524,0.00020796619355678558,22.0414529601112,1.6482652585727338,2482141.0,71.0,91.0,True
4,21,1758346664740429888,ECDSA-256,9.907921776175499e-05,0.00017151376232504845,0.0001813611015677452,22.051991776097566,1.6364250468750732,2482141.0,70.0,91.0,True
4,21,14588917652119131625,ECDSA-256,0.00011851638555526733,0.00014483602717518806,0.00028071319684386253,10.710471124853939,1.6750586870760202,2482141.0,70.0,91.0,True
4,22,3130402573058986140,ECDSA-256,0.00020037218928337097,0.0001791170798242092,0.0003579813055694103,21.851377283222973,1.6632534707316196,2482141.0,72.0,91.0,True
4,22,1758346664740429888,ECDSA-256,0.0001448020339012146,0.0001764986664056778,0.0003715790808200836,22.090269882697612,1.6350859774949071,2482141.0,72.0,91.0,True
4,22,15006264268006976327,ECDSA-256,0.00015774322673678398,0.00017475523054599762,0.00019234512001276016,22.04237161297351,1.65326503366708,2482141.0,71.0,91.0,True
4,22,7176149348807793361,ECDSA-256,0.00013804668560624123,0.0001722685992717743,0.00019940314814448357,22.226047042757273,1.6642724389847094,2482141.0,70.0,91.0,True
4,22,14588917652119131625,ECDSA-256,0.00012004422023892403,0.00014561088755726814,0.00017608096823096275,10.550929023884237,1.6279859474291816,2482141.0,70.0,91.0,True
4,23,7176149348807793361,ECDSA-256,0.00018709013238549232,0.0003812834620475769,0.0001784069463610649,21.750178107060492,1.6206158348165762,2482141.0,72.0,91.0,True
4,23,15006264268006976327,ECDSA-256,0.00026846490800380707,0.0002580522559583187,0.00017800088971853256,21.80391495442018,1.6598760677983586,2482141.0,70.0,91.0,True
4,23,3130402573058986140,ECDSA-256,0.00015594717115163803,0.00023927586153149605,0.00017617316916584969,21.85884342342615,1.6075536336380833,2482141.0,71.0,91.0,True
4,23,1758346664740429888,ECDSA-256,0.00013619521632790565,0.000161794014275074,0.00017253682017326355,21.93140440294519,1.6263248322489925,2482141.0,70.0,91.0,True
4,23,14588917652119131625,ECDSA-256,0.00012310314923524857,0.00015594111755490303,0.00019511254504323006,10.500899485312402,1.621689796447754,2482141.0,72.0,91.0,True
4,24,7176149348807793361,ECDSA-256,0.00039890874177217484,0.00017264997586607933,0.00017776992172002792,21.678559268824756,1.6248382371835435,2482141.0,70.0,91.0,True
4,24,15006264268006976327,ECDSA-256,0.0003576860763132572,0.0002506696619093418,0.00018245819956064224,21.855621268972754,1.6318443149042587,2482141.0,71.0,91.0,True
4,24,3130402573058986140,ECDSA-256,0.00016562780365347862,0.00016965577378869057,0.0001718420535326004,21.895530913956463,1.604650561040202,2482141.0,71.0,91.0,True
4,24,1758346664740429888,ECDSA-256,0.00012644287198781967,0.0001652478240430355,0.000185416080057621,22.063331808894873,1.6407512460653775,2482141.0,71.0,91.0,True
4,24,14588917652119131625,ECDSA-256,0.0001204460859298706,0.00015264516696333885,0.0001772507093846798,10.67688512802124,1.6312482463666045,2482141.0,71.0,91.0,True
4,25,1758346664740429888,ECDSA-256,0.0001705246977508068,0.00023424578830599785,0.0002133711241185665,21.640454603359103,1.6156569951639388,2482141.0,72.0,91.0,True
4,25,15006264268006976327,ECDSA-256,0.00022410927340388298,0.00025097373872995377,0.00018286984413862228,22.17634372599423,1.6326255200389095,2482141.0,70.0,91.0,True
4,25,3130402573058986140,ECDSA-256,0.00033779721707105637,0.00018934626132249832,0.0001743747852742672,22.2863615071401,1.6366041544527292,2482141.0,71.0,91.0,True
4,25,7176149348807793361,ECDSA-256,0.00013429205864667892,0.00018056342378258705,0.00017332099378108978,22.367342419922352,1.6227437726224954,2482141.0,71.0,91.0,True
4,25,14588917652119131625,ECDSA-256,0.00012080231681466103,0.0001421966589987278,0.00019583990797400475,10.815693605225533,1.5868730339379356,2482141.0,71.0,91.0,True
4,26,3130402573058986140,ECDSA-256,0.00020016729831695557,0.00019605224952101707,0.00017829705029726028,21.365806381218135,1.6667818238560004,2482141.0,71.0,91.0,True
4,26,7176149348807793361,ECDSA-256,0.00021383492276072502,0.00016904808580875397,0.00018961075693368912,21.57089953077957,1.6200063609467528,2482141.0,70.0,91.0,True
4,26,15006264268006976327,ECDSA-256,0.00012204842641949654,0.00017905188724398613,0.00018439721316099167,21.72212741104886,1.610393991104711,2482141.0,70.0,91.0,True
4,26,1758346664740429888,ECDSA-256,0.00012254295870661736,0.00015975302085280418,0.00019026687368750572,21.706565347034484,1.5996126507798705,2482141.0,71.0,91.0,True
4,26,14588917652119131625,ECDSA-256,0.00012437812983989716,0.00013710418716073036,0.0002216440625488758,10.674067823216319,1.6007251851855757,2482141.0,72.0,91.0,True
4,27,7176149348807793361,ECDSA-256,0.00017289724200963974,0.00026827678084373474,0.00018513016402721405,21.418634548783302,1.634620477978033,2482141.0,71.0,91.0,True
4,27,1758346664740429888,ECDSA-256,0.0002739541232585907,0.0002725599333643913,0.0001883883960545063,21.536568145267665,1.5890625593380425,2482141.0,72.0,91.0,True
4,27,3130402573058986140,ECDSA-256,0.0001569553278386593,0.00017857272177934647,0.00020029908046126366,21.59467275813222,1.5844002731691915,2482141.0,71.0,91.0,True
4,27,15006264268006976327,ECDSA-256,0.00013009412214159966,0.00015836674720048904,0.00017599808052182198,21.720592895988375,1.6238076667816113,2482141.0,71.0,91.0,True
4,27,14588917652119131625,ECDSA-256,0.0001224731095135212,0.00015377113595604897,0.00025166384875774384,10.69765466498211,1.5646487495388848,2482141.0,70.0,91.0,True
4,28,7176149348807793361,ECDSA-256,0.00015741074457764626,0.0002422519028186798,0.00017970195040106773,21.261528678704053,1.5990209320482736,2482141.0,72.0,91.0,True
4,28,3130402573058986140,ECDSA-256,0.0001718662679195404,0.00024463003501296043,0.0001823119819164276,21.459564778022468,1.6034672073662852,2482141.0,70.0,91.0,True
4,28,1758346664740429888,ECDSA-256,0.00019292021170258522,0.00023536570370197296,0.000174596905708313,21.554909453261644,1.5651310682296753,2482141.0,71.0,91.0,True
4,28,15006264268006976327,ECDSA-256,0.00012075202539563179,0.00016882596537470818,0.00017300434410572052,21.656688353978097,1.6419990934883824,2482141.0,72.0,91.0,True
4,28,14588917652119131625,ECDSA-256,0.0001199701800942421,0.00014256779104471207,0.0002276301383972168,10.600043113809079,1.608139648985939,2482141.0,70.0,91.0,True
4,29,1758346664740429888,ECDSA-256,0.00021169660612940788,0.00031657563522458076,0.0002028769813477993,21.68567792000249,1.5719095102895182,2482141.0,70.0,91.0,True
4,29,7176149348807793361,ECDSA-256,0.00027011334896087646,0.0002507409080862999,0.00017533032223582268,21.660504767205566,1.6275458777674472,2482141.0,71.0,91.0,True
4,29,15006264268006976327,ECDSA-256,0.00012208987027406693,0.00017756130546331406,0.0001978827640414238,21.733408958185464,1.6284693959422005,2482141.0,72.0,91.0,True
4,29,3130402573058986140,ECDSA-256,0.00013435259461402893,0.00017079943791031837,0.00017833895981311798,21.910258271731436,1.5904445341600777,2482141.0,70.0,91.0,True
4,29,14588917652119131625,ECDSA-256,0.00011998787522315979,0.00014191493391990662,0.00018516508862376213,10.699809676036239,1.5583544946707095,2482141.0,71.0,91.0,True
4,30,3130402573058986140,ECDSA-256,0.00017231004312634468,0.00019274000078439713,0.00018762005493044853,21.537595293018967,1.5692738519309046,2482141.0,70.0,91.0,True
4,30,1758346664740429888,ECDSA-256,0.00037629110738635063,0.00017502205446362495,0.0001783641055226326,21.670930930878967,1.6467171463722619,2482141.0,71.0,91.0,True
4,30,7176149348807793361,ECDSA-256,0.00030329078435897827,0.0003112759441137314,0.00017109466716647148,21.64139570016414,1.5857659155568375,2482141.0,71.0,91.0,True
4,30,15006264268006976327,ECDSA-256,0.0001229601912200451,0.0001693270169198513,0.00017372285947203636,21.79034089203924,1.5836292973722512,2482141.0,71.0,91.0,True
4,30,14588917652119131625,ECDSA-256,0.00012473994866013527,0.00016597704961895943,0.0001839352771639824,10.5094174570404,1.577540872005609,2482141.0,71.0,91.0,True
4,31,1758346664740429888,ECDSA-256,0.00017543090507388115,0.0001828041858971119,0.00021818606182932854,21.397773769218475,1.5949935456053517,2482141.0,70.0,91.0,True
4,31,15006264268006976327,ECDSA-256,0.00017555290833115578,0.00043743522837758064,0.00019645504653453827,21.426814331207424,1.575882963859997,2482141.0,72.0,91.0,True
4,31,3130402573058986140,ECDSA-256,0.0001837369054555893,0.0002436828799545765,0.00021085981279611588,21.437059151008725,1.5834237485647964,2482141.0,71.0,91.0,True
4,31,7176149348807793361,ECDSA-256,0.00012344308197498322,0.00016139307990670204,0.00019428227096796036,21.57110083475709,1.596190511799468,2482141.0,71.0,91.0,True
4,31,14588917652119131625,ECDSA-256,0.00012239208444952965,0.00015190895646810532,0.00020241690799593925,10.561211980879307,1.5681896207812496,2482141.0,71.0,91.0,True
4,32,7176149348807793361,ECDSA-256,0.00015135621652007103,0.0004105563275516033,0.00019940827041864395,21.21161297010258,1.5909449608562092,2482141.0,71.0,91.0,True
4,32,1758346664740429888,ECDSA-256,0.0003306148573756218,0.00034280121326446533,0.0002011568285524845,21.26212394796312,1.5293794127698905,2482141.0,72.0,91.0,True
4,32,3130402573058986140,ECDSA-256,0.00022662710398435593,0.0001926971599459648,0.0002527022734284401,21.41020621312782,1.5562970169816916,2482141.0,71.0,91.0,True
4,32,15006264268006976327,ECDSA-256,0.00012119719758629799,0.00016030902042984962,0.00020916061475872993,21.543168868869543,1.5844825289119928,2482141.0,72.0,91.0,True
4,32,14588917652119131625,ECDSA-256,0.00015839794650673866,0.00015428289771080017,0.0001890258863568306,10.863568674772978,1.5498114970926278,2482141.0,71.0,91.0,True
4,33,15006264268006976327,ECDSA-256,0.00021368218585848808,0.00019121868535876274,0.00022747740149497986,21.930412125773728,1.5915541073765618,2482141.0,71.0,91.0,True
4,33,3130402573058986140,ECDSA-256,0.0001676413230597973,0.0004397919401526451,0.00021733297035098076,21.86880529485643,1.5462346316907352,2482141.0,71.0,91.0,True
4,33,7176149348807793361,ECDSA-256,0.0003177579492330551,0.000241793692111969,0.00022793980315327644,21.977335908915848,1.5466966373851885,2482141.0,69.0,91.0,True
4,33,1758346664740429888,ECDSA-256,0.00015500793233513832,0.0002096211537718773,0.0001844172365963459,22.222286021336913,1.5286280853679766,2482141.0,69.0,91.0,True
4,33,14588917652119131625,ECDSA-256,0.00012038368731737137,0.00015105027705430984,0.00018996279686689377,10.34651308087632,1.5590404662461326,2482141.0,71.0,91.0,True
4,34,7176149348807793361,ECDSA-256,0.0002208859659731388,0.0001963479444384575,0.00021393876522779465,21.200352760963142,1.5510462370162574,2482141.0,70.0,91.0,True
4,34,3130402573058986140,ECDSA-256,0.00025083404034376144,0.00040993979200720787,0.00017552310600876808,21.37702404288575,1.5614353458340557,2482141.0,71.0,91.0,True
4,34,1758346664740429888,ECDSA-256,0.0001565050333738327,0.00024034082889556885,0.00021907128393650055,21.207599352113903,1.5402964589694819,2482141.0,71.0,91.0,True
4,34,15006264268006976327,ECDSA-256,0.0001257108524441719,0.00015442213043570518,0.0001856619492173195,21.572274518199265,1.5808128857384094,2482141.0,71.0,91.0,True
4,34,14588917652119131625,ECDSA-256,0.0001232428476214409,0.0001449459232389927,0.00019335933029651642,10.577252435032278,1.5392445786692464,2482141.0,71.0,91.0,True
4,35,3130402573058986140,ECDSA-256,0.00016846787184476852,0.0001899157650768757,0.0002192729152739048,21.955200073309243,1.5330741475946226,2482141.0,72.0,91.0,True
4,35,15006264268006976327,ECDSA-256,0.0002600541338324547,0.0002666669897735119,0.0001730821095407009,21.913769574835896,1.5382363864788995,2482141.0,70.0,91.0,True
4,35,1758346664740429888,ECDSA-256,0.0003378698602318764,0.00023782206699252129,0.00017377454787492752,22.03471373487264,1.5375966764867497,2482141.0,71.0,91.0,True
4,35,7176149348807793361,ECDSA-256,0.0001200367696583271,0.0001573539339005947,0.0001745130866765976,22.154380906838924,1.5326714601379614,2482141.0,71.0,91.0,True
4,35,14588917652119131625,ECDSA-256,0.00012140627950429916,0.00014881091192364693,0.0001949528232216835,10.562362952157855,1.5551973025257977,2482141.0,70.0,91.0,True
4,36,1758346664740429888,ECDSA-256,0.00015770690515637398,0.00016760826110839844,0.0002398625947535038,22.035252857021987,1.588607271829733,2482141.0,71.0,91.0,True
4,36,15006264268006976327,ECDSA-256,0.0001712879166007042,0.00025088386610150337,0.00017614709213376045,22.031328334938735,1.5156874104429738,2482141.0,72.0,91.0,True
4,36,7176149348807793361,ECDSA-256,0.0001238989643752575,0.0001678280532360077,0.00019181100651621819,22.208477899897844,1.5288503326166172,2482141.0,71.0,91.0,True
4,36,3130402573058986140,ECDSA-256,0.0002071550115942955,0.00018830876797437668,0.00017561716958880424,22.179970448836684,1.534195721530305,2482141.0,71.0,91.0,True
4,36,14588917652119131625,ECDSA-256,0.00012233620509505272,0.00014470890164375305,0.00020079594105482101,10.502836546860635,1.544167937752538,2482141.0,70.0,91.0,True
4,37,3130402573058986140,ECDSA-256,0.0002834261395037174,0.00040333205834031105,0.00017667608335614204,21.898024264723063,1.5113012259379743,2482141.0,70.0,91.0,True
4,37,15006264268006976327,ECDSA-256,0.00027653295546770096,0.00023942627012729645,0.00017649075016379356,21.787336892914027,1.5232005561121738,2482141.0,71.0,91.0,True
4,37,7176149348807793361,ECDSA-256,0.00015604542568325996,0.0001767463982105255,0.00020606815814971924,21.985015152022243,1.5344886429393634,2482141.0,71.0,91.0,True
4,37,1758346664740429888,ECDSA-256,0.0001275939866900444,0.0001657642424106598,0.0001877257600426674,22.127201864961535,1.54849125097354,2482141.0,70.0,91.0,True
4,37,14588917652119131625,ECDSA-256,0.00012223375961184502,0.00014822697266936302,0.00017953431233763695,10.67167631117627,1.585559087629897,2482141.0,71.0,91.0,True
4,38,3130402573058986140,ECDSA-256,0.0002862946130335331,0.00017594639211893082,0.00017499038949608803,21.86365308240056,1.5959005203490821,2482141.0,71.0,91.0,True
4,38,15006264268006976327,ECDSA-256,0.00029449304565787315,0.00024221604689955711,0.00038520386442542076,21.756885949056596,1.5497960080734838,2482141.0,71.0,91.0,True
4,38,7176149348807793361,ECDSA-256,0.0001692301593720913,0.0002547530457377434,0.00018347613513469696,22.124295249115676,1.530854307424527,2482141.0,71.0,91.0,True
4,38,1758346664740429888,ECDSA-256,0.00013404898345470428,0.00017705094069242477,0.00023433798924088478,22.176278428174555,1.5048674089840044,2482141.0,71.0,91.0,True
4,38,14588917652119131625,ECDSA-256,0.00012599024921655655,0.00014716992154717445,0.00018790597096085548,10.607126864604652,1.5250059602359614,2482141.0,71.0,91.0,True
4,39,3130402573058986140,ECDSA-256,0.0001835566945374012,0.00032803788781166077,0.0001774248667061329,21.5811855122447,1.5236259487490305,2482141.0,71.0,91.0,True
4,39,15006264268006976327,ECDSA-256,0.00017213821411132812,0.0002459459938108921,0.00017658201977610588,21.656811265274882,1.5355811686561511,2482141.0,70.0,91.0,True
4,39,1758346664740429888,ECDSA-256,0.00016058282926678658,0.0002396046184003353,0.00018043583258986473,21.700680198147893,1.5109771739560576,2482141.0,71.0,91.0,True
4,39,7176149348807793361,ECDSA-256,0.00012757070362567902,0.00015403609722852707,0.0001780572347342968,21.82920185290277,1.5347793528827995,2482141.0,71.0,91.0,True
4,39,14588917652119131625,ECDSA-256,0.00012464076280593872,0.00019217981025576591,0.00017595477402210236,10.771974908653647,1.5340788650055663,2482141.0,71.0,91.0,True
4,40,3130402573058986140,ECDSA-256,0.0001833457499742508,0.0002413191832602024,0.0002471916377544403,21.493970166891813,1.533637513748754,2482141.0,71.0,91.0,True
4,40,15006264268006976327,ECDSA-256,0.0001879618503153324,0.00018446240574121475,0.00017547514289617538,21.67394510610029,1.5143749344463167,2482141.0,71.0,91.0,True
4,40,7176149348807793361,ECDSA-256,0.00017402507364749908,0.0004664896987378597,0.00018799398094415665,21.81634449912235,1.5186584574726825,2482141.0,71.0,91.0,True
4,40,1758346664740429888,ECDSA-256,0.00012386497110128403,0.00016350625082850456,0.00021257158368825912,21.92047371622175,1.5082066262872835,2482141.0,71.0,91.0,True
4,40,14588917652119131625,ECDSA-256,0.00011876178905367851,0.0001416676677763462,0.00021198997274041176,10.6459098062478,1.5180538157685497,2482141.0,72.0,91.0,True
4,41,3130402573058986140,ECDSA-256,0.00016862014308571815,0.00025306688621640205,0.00017733126878738403,21.64483392611146,1.4844024626972576,2482141.0,72.0,91.0,True
4,41,15006264268006976327,ECDSA-256,0.00019228598102927208,0.0002478901296854019,0.00017886096611618996,21.768761483952403,1.5150522972448184,2482141.0,72.0,91.0,True
4,41,7176149348807793361,ECDSA-256,0.00013623107224702835,0.00018109381198883057,0.00017428677529096603,21.999209535308182,1.5278282689210325,2482141.0,72.0,91.0,True
4,41,1758346664740429888,ECDSA-256,0.00012320885434746742,0.00020581576973199844,0.00017569633200764656,22.212175618857145,1.4911482141802486,2482141.0,70.0,91.0,True
4,41,14588917652119131625,ECDSA-256,0.0001221960410475731,0.00014211609959602356,0.00017842696979641914,10.49694770295173,1.4942705675055044,2482141.0,71.0,91.0,True
4,42,15006264268006976327,ECDSA-256,0.000169387087225914,0.0002467171289026737,0.00021526683121919632,22.949738658964634,1.5017178961263298,2482141.0,71.0,91.0,True
4,42,7176149348807793361,ECDSA-256,0.00018851598724722862,0.0001694345846772194,0.0003164983354508877,22.925720094703138,1.5085742604999115,2482141.0,72.0,91.0,True
4,42,1758346664740429888,ECDSA-256,0.00012412015348672867,0.00015740981325507164,0.0001736888661980629,23.05507803801447,1.4879375972306004,2482141.0,72.0,91.0,True
4,42,3130402573058986140,ECDSA-256,0.00013187015429139137,0.0001780516467988491,0.00023050792515277863,23.02067028498277,1.4600725737623512,2482141.0,71.0,91.0,True
4,42,14588917652119131625,ECDSA-256,0.00012593762949109077,0.0001452593132853508,0.0001846281811594963,10.812249002978206,1.5216986883562593,2482141.0,71.0,91.0,True
4,43,1758346664740429888,ECDSA-256,0.00017569074407219887,0.00036597810685634613,0.00017938902601599693,21.489300685934722,1.4856292771074338,2482141.0,71.0,91.0,True
4,43,7176149348807793361,ECDSA-256,0.00015659723430871964,0.000185307115316391,0.00019749999046325684,21.95901297405362,1.5231193635410394,2482141.0,72.0,91.0,True
4,43,15006264268006976327,ECDSA-256,0.00012056203559041023,0.000255633145570755,0.00018056202679872513,22.066898052114993,1.5435392976568911,2482141.0,70.0,91.0,True
4,43,3130402573058986140,ECDSA-256,0.00013326900079846382,0.00019449694082140923,0.00018242374062538147,22.20895833382383,1.4728120559701523,2482141.0,72.0,91.0,True
4,43,14588917652119131625,ECDSA-256,0.0001221070997416973,0.00014404579997062683,0.00019007176160812378,10.563552136998624,1.5121802752391218,2482141.0,71.0,91.0,True
4,44,1758346664740429888,ECDSA-256,0.00028953375294804573,0.00017524883151054382,0.00018463237211108208,21.826250195037574,1.477774120176943,2482141.0,71.0,91.0,True
4,44,15006264268006976327,ECDSA-256,0.0001951758749783039,0.0003630639985203743,0.00017498573288321495,21.812905287835747,1.5294151428027656,2482141.0,71.0,91.0,True
4,44,7176149348807793361,ECDSA-256,0.00022950302809476852,0.00031877122819423676,0.00017433706670999527,21.769996371120214,1.507811534709443,2482141.0,70.0,91.0,True
4,44,3130402573058986140,ECDSA-256,0.00012332526966929436,0.00017184624448418617,0.00018080417066812515,21.966544767841697,1.574740925345558,2482141.0,72.0,91.0,True
4,44,14588917652119131625,ECDSA-256,0.00012282421812415123,0.00013642990961670876,0.00021611619740724564,10.722006686031818,1.5410385904982449,2482141.0,71.0,91.0,True
4,45,3130402573058986140,ECDSA-256,0.0003567039966583252,0.0002490147016942501,0.00017743976786732674,21.630435603205115,1.482434607732791,2482141.0,71.0,91.0,True
4,45,1758346664740429888,ECDSA-256,0.0001680450513958931,0.0002958662807941437,0.0001774020493030548,21.606588385999203,1.4721966595314562,2482141.0,70.0,91.0,True
4,45,7176149348807793361,ECDSA-256,0.00019882991909980774,0.00018749386072158813,0.000183063093572855,21.694233590271324,1.4704132331445956,2482141.0,72.0,91.0,True
4,45,15006264268006976327,ECDSA-256,0.00016543129459023476,0.0001602410338819027,0.00018187426030635834,21.7922756918706,1.4858731911205256,2482141.0,71.0,91.0,True
4,45,14588917652119131625,ECDSA-256,0.0001376606523990631,0.0001460588537156582,0.00018754974007606506,10.64112653490156,1.4836467550204584,2482141.0,70.0,91.0,True
4,46,3130402573058986140,ECDSA-256,0.0002436712384223938,0.0003240997903048992,0.0002333829179406166,21.606858715880662,1.5295100640565062,2482141.0,70.0,91.0,True
4,46,1758346664740429888,ECDSA-256,0.0002134242095053196,0.0005366839468479156,0.0002009989693760872,21.688274806831032,1.4823157581658408,2482141.0,72.0,91.0,True
4,46,7176149348807793361,ECDSA-256,0.0001259869895875454,0.0001728888601064682,0.00019015371799468994,21.91161635192111,1.4730165604585277,2482141.0,72.0,91.0,True
4,46,15006264268006976327,ECDSA-256,0.0002619512379169464,0.00021313689649105072,0.00019442103803157806,21.86454757116735,1.5524688066004184,2482141.0,72.0,91.0,True
4,46,14588917652119131625,ECDSA-256,0.00012101419270038605,0.00015638303011655807,0.00021612271666526794,10.554917799308896,1.5355332769905796,2482141.0,70.0,91.0,True
4,47,15006264268006976327,ECDSA-256,0.0002351151779294014,0.00031288573518395424,0.0003106151707470417,21.585207600146532,1.485238015842133,2482141.0,70.0,91.0,True
4,47,1758346664740429888,ECDSA-256,0.00021108612418174744,0.00023011723533272743,0.007003217935562134,21.969507079571486,1.4505784620111362,2482141.0,71.0,91.0,True
4,47,3130402573058986140,ECDSA-256,0.00016506807878613472,0.0002582743763923645,0.000323279295116663,22.175937610678375,1.4755985790167372,2482141.0,71.0,91.0,True
4,47,7176149348807793361,ECDSA-256,0.00014833221212029457,0.00017262203618884087,0.00027607008814811707,22.19123381609097,1.551543963031647,2482141.0,72.0,91.0,True
4,47,14588917652119131625,ECDSA-256,0.00011983327567577362,0.00015961099416017532,0.0002127448096871376,10.508027625270188,1.5325062084502685,2482141.0,70.0,91.0,True
4,48,15006264268006976327,ECDSA-256,0.00035490281879901886,0.0002317270264029503,0.00033381301909685135,20.92751752305776,1.5052203874999341,2482141.0,71.0,91.0,True
4,48,3130402573058986140,ECDSA-256,0.0001688450574874878,0.0002645258791744709,0.0001779361627995968,21.083357526920736,1.531509854732611,2482141.0,70.0,91.0,True
4,48,1758346664740429888,ECDSA-256,0.00016412697732448578,0.00023619038984179497,0.00017289631068706512,21.419303786940873,1.4694755332538496,2482141.0,71.0,91.0,True
4,48,7176149348807793361,ECDSA-256,0.00011997390538454056,0.00016698986291885376,0.00017573777586221695,21.37435319600627,1.5114002361084327,2482141.0,71.0,91.0,True
4,48,14588917652119131625,ECDSA-256,0.00012160325422883034,0.00014582183212041855,0.0001883278600871563,10.616465352009982,1.557767135457109,2482141.0,71.0,91.0,True
4,49,15006264268006976327,ECDSA-256,0.00017273612320423126,0.00023660017177462578,0.00019522663205862045,21.54009290970862,1.4856242301365057,2482141.0,72.0,91.0,True
4,49,1758346664740429888,ECDSA-256,0.00016559381037950516,0.00020764488726854324,0.0001858919858932495,21.614232677966356,1.5367576186649334,2482141.0,71.0,91.0,True
4,49,3130402573058986140,ECDSA-256,0.00018323026597499847,0.00022988766431808472,0.00023160316050052643,21.715125437825918,1.5173197257252167,2482141.0,72.0,91.0,True
4,49,7176149348807793361,ECDSA-256,0.00012239627540111542,0.00017907889559864998,0.00018365681171417236,21.970310636330396,1.507822382564362,2482141.0,72.0,91.0,True
4,49,14588917652119131625,ECDSA-256,0.00012311292812228203,0.000137972179800272,0.00017875991761684418,10.83225300628692,1.531017301562495,2482141.0,70.0,91.0,True
4,50,7176149348807793361,ECDSA-256,0.00020228186622262,0.0003625359386205673,0.00021223165094852448,21.82284060306847,1.4670003928696385,2482141.0,72.0,91.0,True
4,50,15006264268006976327,ECDSA-256,0.0001235930249094963,0.00017072726041078568,0.00018123211339116096,22.11930893501267,1.5098844878970625,2482141.0,72.0,91.0,True
4,50,1758346664740429888,ECDSA-256,0.0001261010766029358,0.0002582683227956295,0.00019481917843222618,22.1891958611086,1.4435449981460937,2482141.0,70.0,91.0,True
4,50,3130402573058986140,ECDSA-256,0.00011947844177484512,0.0001563718542456627,0.0001872330904006958,22.216698296833783,1.4783143212620062,2482141.0,70.0,91.0,True
4,50,14588917652119131625,ECDSA-256,0.0001227916218340397,0.00013992981985211372,0.00018965406343340874,10.544112332165241,1.5068145982754497,2482141.0,71.0,91.0,True
5,1,4216720572993924963,ECDSA-256,0.004252288024872541,0.0007056747563183308,0.0006190808489918709,21.384840740822256,2.3609523209520042,2482141.0,71.0,91.0,True
5,1,8488968100111759582,ECDSA-256,0.006472667213529348,0.0011462820693850517,0.00017655594274401665,21.548004426062107,2.190386930593667,2482141.0,71.0,91.0,True
5,1,15124613545808350779,ECDSA-256,0.003499290905892849,0.0006229272112250328,0.00017735594883561134,21.697437081020325,2.1487989258080624,2482141.0,71.0,91.0,True
5,1,4021298372250449774,ECDSA-256,0.003123294096440077,0.0005683661438524723,0.00017617829144001007,21.71660259598866,2.1310750657377153,2482141.0,72.0,91.0,True
5,1,11478566038483113370,ECDSA-256,0.0001272140070796013,0.00014145579189062119,0.00017369072884321213,10.632405935321003,2.0822712007802897,2482141.0,72.0,91.0,True
5,2,4216720572993924963,ECDSA-256,0.0002411147579550743,0.0004915809258818626,0.00017611030489206314,21.46622386900708,2.029726603541511,2482141.0,70.0,91.0,True
5,2,8488968100111759582,ECDSA-256,0.00016938941553235054,0.00024490291252732277,0.00017724419012665749,21.515389516949654,2.05773982339012,2482141.0,71.0,91.0,True
5,2,15124613545808350779,ECDSA-256,0.00013961084187030792,0.00018901517614722252,0.00017877481877803802,21.78075734479353,2.034379575960933,2482141.0,71.0,91.0,True
5,2,4021298372250449774,ECDSA-256,0.00014881882816553116,0.00018502399325370789,0.00017341924831271172,21.796122923027724,2.015888505469496,2482141.0,72.0,91.0,True
5,2,11478566038483113370,ECDSA-256,0.00012300163507461548,0.000137432012706995,0.00018897606059908867,10.471842316910625,2.0430968980819655,2482141.0,70.0,91.0,True
5,3,8488968100111759582,ECDSA-256,0.0003187190741300583,0.00019309157505631447,0.00017988914623856544,21.715489013120532,1.9825492320350184,2482141.0,71.0,91.0,True
5,3,4216720572993924963,ECDSA-256,0.0002621808089315891,0.0003630458377301693,0.00017564604058861732,21.685805684886873,1.9313172307639077,2482141.0,71.0,91.0,True
5,3,4021298372250449774,ECDSA-256,0.00016142381355166435,0.0001669679768383503,0.00017990171909332275,21.86480937106535,1.9212001261238854,2482141.0,72.0,91.0,True
5,3,15124613545808350779,ECDSA-256,0.00021943310275673866,0.00025205686688423157,0.0002036658115684986,21.837342036888003,1.9399025897248485,2482141.0,71.0,91.0,True
5,3,11478566038483113370,ECDSA-256,0.0001225811429321766,0.00014477502554655075,0.00017396779730916023,10.527858087792993,1.9402332534424414,2482141.0,71.0,91.0,True
5,4,15124613545808350779,ECDSA-256,0.0001803501509130001,0.00018871063366532326,0.0001769810914993286,21.601252547930926,1.9142777733147716,2482141.0,71.0,91.0,True
5,4,4021298372250449774,ECDSA-256,0.00017746491357684135,0.0002522827126085758,0.00017690658569335938,21.803100171033293,1.9195740634260086,2482141.0,72.0,91.0,True
5,4,8488968100111759582,ECDSA-256,0.00012877490371465683,0.00016672303900122643,0.00017678039148449898,21.99809043807909,1.921772413360425,2482141.0,71.0,91.0,True
5,4,4216720572993924963,ECDSA-256,0.0001369263045489788,0.00020929379388689995,0.00020676478743553162,21.965784639120102,1.898319258857459,2482141.0,70.0,91.0,True
5,4,11478566038483113370,ECDSA-256,0.00012404797598719597,0.00015352992340922356,0.00024481210857629776,10.474059229716659,1.9122730185048649,2482141.0,71.0,91.0,True
5,5,15124613545808350779,ECDSA-256,0.00018123909831047058,0.00025479868054389954,0.00021560071036219597,21.945768448058516,1.9204321577906989,2482141.0,71.0,91.0,True
5,5,4021298372250449774,ECDSA-256,0.0002408069558441639,0.00027650827541947365,0.00021268101409077644,21.848847365006804,1.9050872710566171,2482141.0,71.0,91.0,True
5,5,4216720572993924963,ECDSA-256,0.00015661772340536118,0.0002064388245344162,0.00019670603796839714,22.07024704804644,1.903906557887507,2482141.0,72.0,91.0,True
5,5,8488968100111759582,ECDSA-256,0.00016029085963964462,0.0001912466250360012,0.00017648190259933472,22.133721563965082,1.9309138429050627,2482141.0,70.0,91.0,True
5,5,11478566038483113370,ECDSA-256,0.00012024398893117905,0.0001444770023226738,0.00021189730614423752,10.490182710345834,1.8988357839492944,2482141.0,72.0,91.0,True
5,6,15124613545808350779,ECDSA-256,0.00023727631196379662,0.00018049683421850204,0.00017618900164961815,21.454230799805373,1.934567808724059,2482141.0,72.0,91.0,True
5,6,4021298372250449774,ECDSA-256,0.0002066977322101593,0.0001774621196091175,0.00017336802557110786,21.496812326833606,1.9086941221651559,2482141.0,70.0,91.0,True
5,6,4216720572993924963,ECDSA-256,0.0001392429694533348,0.00016981083899736404,0.0001735510304570198,21.777348067611456,1.9113264270483876,2482141.0,72.0,91.0,True
5,6,8488968100111759582,ECDSA-256,0.00012501003220677376,0.00017130794003605843,0.00017151795327663422,21.843666658271104,1.9267088582340521,2482141.0,71.0,91.0,True
5,6,11478566038483113370,ECDSA-256,0.0001294417306780815,0.00014948705211281776,0.0001844959333539009,10.433008544612676,1.9417258169704352,2482141.0,71.0,91.0,True
5,7,15124613545808350779,ECDSA-256,0.0001748017966747284,0.00038058822974562645,0.00020211981609463692,21.18044221168384,1.8924972161698266,2482141.0,71.0,91.0,True
5,7,8488968100111759582,ECDSA-256,0.00022144801914691925,0.0002911561168730259,0.00026366813108325005,21.45953149581328,1.9506066176838006,2482141.0,71.0,91.0,True
5,7,4021298372250449774,ECDSA-256,0.00016049016267061234,0.00024085119366645813,0.00025008292868733406,21.526056023780257,1.9004598772183012,2482141.0,70.0,91.0,True
5,7,4216720572993924963,ECDSA-256,0.00014096777886152267,0.00016635097563266754,0.00021780701354146004,21.758706427179277,1.9113012567495766,2482141.0,71.0,91.0,True
5,7,11478566038483113370,ECDSA-256,0.00015363190323114395,0.0001602829433977604,0.00021677417680621147,11.000017947982997,1.8978797387772095,2482141.0,71.0,91.0,True
5,8,4021298372250449774,ECDSA-256,0.00015851203352212906,0.0002639731392264366,0.00018444890156388283,21.71653625415638,1.8676936542645048,2482141.0,72.0,91.0,True
5,8,4216720572993924963,ECDSA-256,0.0001859581097960472,0.0003760312683880329,0.00019042938947677612,22.382606239058077,1.9597463950562402,2482141.0,71.0,91.0,True
5,8,15124613545808350779,ECDSA-256,0.00014780322089791298,0.0002089180052280426,0.0001744111068546772,22.171238257084042,1.90326938652002,2482141.0,72.0,91.0,True
5,8,8488968100111759582,ECDSA-256,0.00015813671052455902,0.00016144663095474243,0.00017897505313158035,22.203856552019715,1.935551276603065,2482141.0,71.0,91.0,True
5,8,11478566038483113370,ECDSA-256,0.00011957716196775436,0.00018625473603606224,0.00017581507563591003,10.616258558817208,1.914870206540385,2482141.0,70.0,91.0,True
5,9,4216720572993924963,ECDSA-256,0.00016382383182644844,0.0005383132956922054,0.00035294797271490097,21.105101429391652,1.9298914644283989,2482141.0,71.0,91.0,True
5,9,8488968100111759582,ECDSA-256,0.00016582990065217018,0.0001821247860789299,0.00038566021248698235,21.255805036984384,1.93687274928291,2482141.0,70.0,91.0,True
5,9,15124613545808350779,ECDSA-256,0.00015512201935052872,0.00016884831711649895,0.0003328169696033001,21.398053508717567,1.926893896188218,2482141.0,71.0,91.0,True
5,9,4021298372250449774,ECDSA-256,0.00012295320630073547,0.0002885623835027218,0.00021261069923639297,21.40953725297004,1.8863204161579998,2482141.0,71.0,91.0,True
5,9,11478566038483113370,ECDSA-256,0.00011925026774406433,0.00018007773905992508,0.00019050389528274536,10.549828208051622,1.8815451209156657,2482141.0,70.0,91.0,True
5,10,15124613545808350779,ECDSA-256,0.00017491308972239494,0.00023739086464047432,0.00033922214061021805,21.44654614292085,1.924197297888442,2482141.0,71.0,91.0,True
5,10,4021298372250449774,ECDSA-256,0.00034525198861956596,0.00018257694318890572,0.0003417599946260452,21.574404403101653,1.883821339652942,2482141.0,72.0,91.0,True
5,10,4216720572993924963,ECDSA-256,0.00016822107136249542,0.0002311142161488533,0.00038634566590189934,21.649042706936598,1.9089982764789473,2482141.0,71.0,91.0,True
5,10,8488968100111759582,ECDSA-256,0.000168725848197937,0.0002543521113693714,0.00020839227363467216,21.705540059134364,1.8923272644749844,2482141.0,71.0,91.0,True
5,10,11478566038483113370,ECDSA-256,0.00012349989265203476,0.00014580599963665009,0.0002158433198928833,10.372479749843478,1.8856836610708754,2482141.0,71.0,91.0,True
5,11,4216720572993924963,ECDSA-256,0.0001664622686803341,0.00047519104555249214,0.00017400877550244331,21.385072289966047,1.8907866702673914,2482141.0,70.0,91.0,True
5,11,8488968100111759582,ECDSA-256,0.00015658698976039886,0.00021509407088160515,0.00017307186499238014,21.656779868062586,1.8900772622599007,2482141.0,71.0,91.0,True
5,11,15124613545808350779,ECDSA-256,0.00018035201355814934,0.0002552187070250511,0.0001754281111061573,21.661668705753982,1.8857226348913516,2482141.0,71.0,91.0,True
5,11,4021298372250449774,ECDSA-256,0.00012835487723350525,0.0001731468364596367,0.00019914470613002777,21.68435919797048,1.8642322445829835,2482141.0,71.0,91.0,True
5,11,11478566038483113370,ECDSA-256,0.00011901231482625008,0.000151847954839468,0.00027013104408979416,10.44355097739026,1.8932541608810425,2482141.0,70.0,91.0,True
5,12,8488968100111759582,ECDSA-256,0.00018621794879436493,0.00024834927171468735,0.0001727258786559105,21.70662415539846,1.8711256714293751,2482141.0,71.0,91.0,True
5,12,4216720572993924963,ECDSA-256,0.0002340381033718586,0.0003162529319524765,0.00017741695046424866,21.903805557638407,1.8605185781424038,2482141.0,72.0,91.0,True
5,12,4021298372250449774,ECDSA-256,0.00017579412087798119,0.00019288808107376099,0.00020896457135677338,22.16259761666879,1.8702904865764582,2482141.0,72.0,91.0,True
5,12,15124613545808350779,ECDSA-256,0.00012045726180076599,0.00016551325097680092,0.0003034258261322975,22.17423729179427,1.9068723859878394,2482141.0,71.0,91.0,True
5,12,11478566038483113370,ECDSA-256,0.00012146495282649994,0.0001683332957327366,0.00023081479594111443,10.611755264922976,1.8596472005112865,2482141.0,72.0,91.0,True
5,13,15124613545808350779,ECDSA-256,0.00017576105892658234,0.00027108704671263695,0.00018124282360076904,21.68180510122329,1.881699184640147,2482141.0,71.0,91.0,True
5,13,4021298372250449774,ECDSA-256,0.00020780088379979134,0.0003174198791384697,0.00017723813652992249,21.924461752176285,1.816321598455167,2482141.0,71.0,91.0,True
5,13,8488968100111759582,ECDSA-256,0.0001805536448955536,0.0001710229553282261,0.0001791282556951046,22.089997487142682,1.8797592991076337,2482141.0,72.0,91.0,True
5,13,4216720572993924963,ECDSA-256,0.00014858273789286613,0.00021865125745534897,0.00022026291117072105,22.023910822346807,1.8412351539721503,2482141.0,70.0,91.0,True
5,13,11478566038483113370,ECDSA-256,0.00012451829388737679,0.00015056878328323364,0.0001744115725159645,10.478442521765828,1.8600616877833114,2482141.0,70.0,91.0,True
5,14,4021298372250449774,ECDSA-256,0.0003172522410750389,0.000224436167627573,0.00017629703506827354,22.1438928428106,1.8392621518704837,2482141.0,70.0,91.0,True
5,14,8488968100111759582,ECDSA-256,0.00020747492089867592,0.00017433380708098412,0.00018209824338555336,22.33232164895162,1.8495287727624083,2482141.0,71.0,91.0,True
5,14,4216720572993924963,ECDSA-256,0.000191595871001482,0.0001942371018230915,0.00017498666420578957,22.252211877144873,1.84982266593665,2482141.0,71.0,91.0,True
5,14,15124613545808350779,ECDSA-256,0.0001301201991736889,0.00016377726569771767,0.00017819134518504143,22.54396667331457,1.880245919044787,2482141.0,71.0,91.0,True
5,14,11478566038483113370,ECDSA-256,0.00011844094842672348,0.00014966120943427086,0.00017893919721245766,10.476620157714933,1.882235831345994,2482141.0,70.0,91.0,True
5,15,4216720572993924963,ECDSA-256,0.00016579404473304749,0.0002623056061565876,0.00020792894065380096,21.26838684035465,1.8354203164006193,2482141.0,71.0,91.0,True
5,15,4021298372250449774,ECDSA-256,0.0002693869173526764,0.0003529852256178856,0.00019004987552762032,21.736708675976843,1.8298326231801092,2482141.0,71.0,91.0,True
5,15,8488968100111759582,ECDSA-256,0.00017145182937383652,0.0002736826427280903,0.00017432495951652527,21.7475304370746,1.8523698995669429,2482141.0,70.0,91.0,True
5,15,15124613545808350779,ECDSA-256,0.00012250104919075966,0.0001805848442018032,0.00033662281930446625,21.916329632978886,1.8488393378333923,2482141.0,70.0,91.0,True
5,15,11478566038483113370,ECDSA-256,0.0001303320750594139,0.00013418029993772507,0.00018631713464856148,10.507198399398476,1.8655650684247003,2482141.0,71.0,91.0,True
5,16,15124613545808350779,ECDSA-256,0.00016204360872507095,0.00020674103870987892,0.00024009030312299728,21.372068877797574,1.8420886490672541,2482141.0,71.0,91.0,True
5,16,4216720572993924963,ECDSA-256,0.0002208254300057888,0.00022708484902977943,0.00017910124734044075,21.639404742978513,1.8447748776822805,2482141.0,72.0,91.0,True
5,16,8488968100111759582,ECDSA-256,0.0001547243446111679,0.0002430523745715618,0.00017323624342679977,21.681758668273687,1.8499889628955732,2482141.0,70.0,91.0,True
5,16,4021298372250449774,ECDSA-256,0.00012278510257601738,0.0002007763832807541,0.00017260480672121048,21.973388670012355,1.822788878751639,2482141.0,71.0,91.0,True
5,16,11478566038483113370,ECDSA-256,0.00012021185830235481,0.00015488918870687485,0.00022997288033366203,10.488914800807834,1.8329437255097654,2482141.0,72.0,91.0,True
5,17,4021298372250449774,ECDSA-256,0.00020562391728162766,0.00019719311967492104,0.00017765304073691368,22.132373753003776,1.847589362543612,2482141.0,71.0,91.0,True
5,17,15124613545808350779,ECDSA-256,0.00022778427228331566,0.0001987372525036335,0.0001720939762890339,22.230138198006898,1.8883556051376147,2482141.0,72.0,91.0,True
5,17,8488968100111759582,ECDSA-256,0.00016473326832056046,0.0002664197236299515,0.00017497874796390533,22.367189457640052,1.8471292935240382,2482141.0,70.0,91.0,True
5,17,4216720572993924963,ECDSA-256,0.00012033991515636444,0.00017889635637402534,0.0001860419288277626,22.43860009079799,1.8151043009834167,2482141.0,71.0,91.0,True
5,17,11478566038483113370,ECDSA-256,0.00011910544708371162,0.00014595268294215202,0.00018391013145446777,10.472555204760283,1.8373654848470475,2482141.0,70.0,91.0,True
5,18,4021298372250449774,ECDSA-256,0.00019663339480757713,0.00027219392359256744,0.000180036760866642,21.852006965782493,1.8478123814153213,2482141.0,71.0,91.0,True
5,18,15124613545808350779,ECDSA-256,0.00012114504352211952,0.00017774198204278946,0.00017720414325594902,22.243782601784915,1.881303451693477,2482141.0,71.0,91.0,True
5,18,4216720572993924963,ECDSA-256,0.00016441196203231812,0.0003337450325489044,0.00017296522855758667,22.187376942951232,1.814141704251591,2482141.0,72.0,91.0,True
5,18,8488968100111759582,ECDSA-256,0.00014170818030834198,0.000163285993039608,0.000172558706253767,22.340539052151144,1.825701476666874,2482141.0,70.0,91.0,True
5,18,11478566038483113370,ECDSA-256,0.00012432830408215523,0.00013922899961471558,0.00017239991575479507,10.901256610173732,1.8356977823062446,2482141.0,71.0,91.0,True
5,19,8488968100111759582,ECDSA-256,0.00018164189532399178,0.0007464438676834106,0.00039128493517637253,21.73651962215081,1.8434362986598152,2482141.0,72.0,91.0,True
5,19,4021298372250449774,ECDSA-256,0.00017819274216890335,0.0002489490434527397,0.00017333077266812325,21.80483725713566,1.8187508000352512,2482141.0,70.0,91.0,True
5,19,15124613545808350779,ECDSA-256,0.00020880205556750298,0.0001834728755056858,0.00017910590395331383,22.17784864315763,1.8304834998072907,2482141.0,70.0,91.0,True
5,19,4216720572993924963,ECDSA-256,0.00012091314420104027,0.0001601879484951496,0.00019099097698926926,22.23695878079161,1.8138435283027137,2482141.0,72.0,91.0,True
5,19,11478566038483113370,ECDSA-256,0.0001200307160615921,0.00015365006402134895,0.0001772628165781498,10.766136959660798,1.8229688840171399,2482141.0,71.0,91.0,True
5,20,4021298372250449774,ECDSA-256,0.0001579192467033863,0.00018089869990944862,0.0001750853843986988,21.353785876184702,1.7846743515886057,2482141.0,70.0,91.0,True
5,20,15124613545808350779,ECDSA-256,0.00017564091831445694,0.0002546464093029499,0.00017810380086302757,21.439185983035713,1.836909256042383,2482141.0,70.0,91.0,True
5,20,8488968100111759582,ECDSA-256,0.0001274789683520794,0.00018048472702503204,0.00019096070900559425,21.651581367943436,1.807592411010791,2482141.0,71.0,91.0,True
5,20,4216720572993924963,ECDSA-256,0.00012092199176549911,0.00015870807692408562,0.00017525581642985344,21.70561148505658,1.7845861576616573,2482141.0,71.0,91.0,True
5,20,11478566038483113370,ECDSA-256,0.00011873804032802582,0.00013957079499959946,0.0002499339170753956,10.690165968146175,1.8114340373883233,2482141.0,71.0,91.0,True
5,21,4216720572993924963,ECDSA-256,0.000228803139179945,0.0003386661410331726,0.00021615391597151756,21.183837892953306,1.7877879089440782,2482141.0,71.0,91.0,True
5,21,8488968100111759582,ECDSA-256,0.0002747708931565285,0.0002691890113055706,0.00019911769777536392,21.472179871983826,1.8220670394623242,2482141.0,71.0,91.0,True
5,21,15124613545808350779,ECDSA-256,0.00012490293011069298,0.00018059276044368744,0.00018835021182894707,21.57220822479576,1.8127472099785606,2482141.0,70.0,91.0,True
5,21,4021298372250449774,ECDSA-256,0.0001248740591108799,0.00016439193859696388,0.00020571937784552574,21.726790960412472,1.7907630334646938,2482141.0,71.0,91.0,True
5,21,11478566038483113370,ECDSA-256,0.0001183999702334404,0.00014801695942878723,0.00019647739827632904,10.409450720995665,1.7849342853497392,2482141.0,70.0,91.0,True
5,22,8488968100111759582,ECDSA-256,0.0002556820400059223,0.00036436086520552635,0.00019851792603731155,21.69339857902378,1.8231034179845937,2482141.0,72.0,91.0,True
5,22,4021298372250449774,ECDSA-256,0.0001849113032221794,0.00025019003078341484,0.00021481933072209358,21.725278231315315,1.791671595634363,2482141.0,71.0,91.0,True
5,22,15124613545808350779,ECDSA-256,0.00012436090037226677,0.00016655120998620987,0.00032335612922906876,21.73937955312431,1.8387217788269725,2482141.0,71.0,91.0,True
5,22,4216720572993924963,ECDSA-256,0.00013741711154580116,0.00016511697322130203,0.000335122924298048,21.743843594100326,1.8059400773276917,2482141.0,71.0,91.0,True
5,22,11478566038483113370,ECDSA-256,0.00012309104204177856,0.00015801703557372093,0.00030388496816158295,10.749582993332297,1.8247406056132942,2482141.0,70.0,91.0,True
5,23,4021298372250449774,ECDSA-256,0.00020459434017539024,0.00024553900584578514,0.00018835673108696938,21.252272703219205,1.768688469649123,2482141.0,71.0,91.0,True
5,23,8488968100111759582,ECDSA-256,0.00012177601456642151,0.00019206712022423744,0.0001762709580361843,21.46644061570987,1.8184853030469852,2482141.0,71.0,91.0,True
5,23,15124613545808350779,ECDSA-256,0.00022419309243559837,0.00025990884751081467,0.0001745200715959072,21.441294165328145,1.8268525333831105,2482141.0,70.0,91.0,True
5,23,4216720572993924963,ECDSA-256,0.00012731458991765976,0.00022091716527938843,0.00017529400065541267,21.77776104491204,1.7963405820889213,2482141.0,71.0,91.0,True
5,23,11478566038483113370,ECDSA-256,0.00012105097994208336,0.00014072423800826073,0.00019977521151304245,10.433875584974885,1.7774151845481068,2482141.0,70.0,91.0,True
5,24,4216720572993924963,ECDSA-256,0.00020213983952999115,0.0004430767148733139,0.00017985422164201736,21.776392348110676,1.77478759662031,2482141.0,71.0,91.0,True
5,24,15124613545808350779,ECDSA-256,0.00016881804913282394,0.0002866792492568493,0.00017593521624803543,22.223738858941942,1.816866691500996,2482141.0,71.0,91.0,True
5,24,4021298372250449774,ECDSA-256,0.00014356477186083794,0.00029671797528862953,0.00017709098756313324,22.643829175271094,1.765006524305374,2482141.0,72.0,91.0,True
5,24,8488968100111759582,ECDSA-256,0.0001291758380830288,0.00019219378009438515,0.00017595291137695312,22.864282889757305,1.787130868472992,2482141.0,70.0,91.0,True
5,24,11478566038483113370,ECDSA-256,0.00011782301589846611,0.00019173230975866318,0.00030195480212569237,10.81961460178718,1.8087981246149958,2482141.0,71.0,91.0,True
5,25,4216720572993924963,ECDSA-256,0.00016717473044991493,0.0004653697833418846,0.00018052197992801666,21.366971365641803,1.8054206180877197,2482141.0,71.0,91.0,True
5,25,4021298372250449774,ECDSA-256,0.00023837387561798096,0.0003334921784698963,0.0002067871391773224,21.44420805713162,1.761343048022578,2482141.0,71.0,91.0,True
5,25,15124613545808350779,ECDSA-256,0.000170866958796978,0.0001663248986005783,0.00017435802146792412,21.65022368216887,1.8045433611153794,2482141.0,71.0,91.0,True
5,25,8488968100111759582,ECDSA-256,0.00011900905519723892,0.0001624668948352337,0.0001752898097038269,21.64955748897046,1.7833992060000143,2482141.0,70.0,91.0,True
5,25,11478566038483113370,ECDSA-256,0.00012444192543625832,0.00014693289995193481,0.00017312681302428246,10.640115178655833,1.756420044091563,2482141.0,70.0,91.0,True
5,26,4216720572993924963,ECDSA-256,0.000167021993547678,0.00031076837331056595,0.00017920928075909615,22.242933948989958,1.7996239132774523,2482141.0,70.0,91.0,True
5,26,4021298372250449774,ECDSA-256,0.00017194077372550964,0.000207649078220129,0.00018267566338181496,22.22522559389472,1.7537896332268517,2482141.0,72.0,91.0,True
5,26,15124613545808350779,ECDSA-256,0.00014872988685965538,0.00020394381135702133,0.0001705600880086422,22.410955054219812,1.7937566118118482,2482141.0,70.0,91.0,True
5,26,8488968100111759582,ECDSA-256,0.00013390695676207542,0.0001705600880086422,0.00021192803978919983,22.631724998820573,1.798125733201877,2482141.0,71.0,91.0,True
5,26,11478566038483113370,ECDSA-256,0.00012450804933905602,0.00016359612345695496,0.00017598923295736313,10.431542590260506,1.7997632179016503,2482141.0,70.0,91.0,True
5,27,15124613545808350779,ECDSA-256,0.00017717061564326286,0.00035485904663801193,0.00019965600222349167,21.29311452480033,1.7693488102751418,2482141.0,71.0,91.0,True
5,27,8488968100111759582,ECDSA-256,0.00013635074719786644,0.0001842128112912178,0.0001709279604256153,21.398054651916027,1.7561245090283526,2482141.0,71.0,91.0,True
5,27,4216720572993924963,ECDSA-256,0.00016474677249789238,0.00019867299124598503,0.00017458293586969376,21.476747259963304,1.7691452621271053,2482141.0,69.0,91.0,True
5,27,4021298372250449774,ECDSA-256,0.00012712599709630013,0.0001803068444132805,0.00019148597493767738,21.459654988721013,1.7390334495721154,2482141.0,71.0,91.0,True
5,27,11478566038483113370,ECDSA-256,0.00012121815234422684,0.00016368692740797997,0.00017411867156624794,10.55106275016442,1.7597274833593886,2482141.0,71.0,91.0,True
5,28,8488968100111759582,ECDSA-256,0.00018818490207195282,0.0003357729874551296,0.0001791110262274742,21.921053477097303,1.739381931841183,2482141.0,72.0,91.0,True
5,28,4216720572993924963,ECDSA-256,0.00020416267216205597,0.00022839801385998726,0.00017452659085392952,22.155001800041646,1.7234220615210243,2482141.0,72.0,91.0,True
5,28,4021298372250449774,ECDSA-256,0.0001218901015818119,0.00017511192709207535,0.00017375405877828598,22.2543183430098,1.746433010497413,2482141.0,71.0,91.0,True
5,28,15124613545808350779,ECDSA-256,0.0001287492923438549,0.00016412138938903809,0.0002575749531388283,22.493261344730854,1.7619584391292291,2482141.0,71.0,91.0,True
5,28,11478566038483113370,ECDSA-256,0.00012037483975291252,0.00015067774802446365,0.00023577595129609108,10.420837153214961,1.7514155352839267,2482141.0,71.0,91.0,True
5,29,15124613545808350779,ECDSA-256,0.0001624021679162979,0.00023783789947628975,0.0001748809590935707,21.67495621321723,1.7364837654863303,2482141.0,71.0,91.0,True
5,29,4021298372250449774,ECDSA-256,0.0001603309065103531,0.0001752409152686596,0.00018570199608802795,22.055425739847124,1.714768019347145,2482141.0,71.0,91.0,True
5,29,4216720572993924963,ECDSA-256,0.0003429609350860119,0.0002634068951010704,0.0001732981763780117,22.008099823258817,1.737942425968548,2482141.0,71.0,91.0,True
5,29,8488968100111759582,ECDSA-256,0.0001209392212331295,0.00020164065062999725,0.00017675617709755898,22.116291255690157,1.7626519450745262,2482141.0,70.0,91.0,True
5,29,11478566038483113370,ECDSA-256,0.0001196451485157013,0.00013554561883211136,0.00031945807859301567,10.515431516803801,1.7491920363788787,2482141.0,72.0,91.0,True
5,30,4216720572993924963,ECDSA-256,0.00016546668484807014,0.0002813078463077545,0.00017823977395892143,21.403334563132375,1.7237099652854018,2482141.0,70.0,91.0,True
5,30,4021298372250449774,ECDSA-256,0.00015620794147253036,0.0001845080405473709,0.00017455080524086952,21.590539757162333,1.7173833660424327,2482141.0,71.0,91.0,True
5,30,15124613545808350779,ECDSA-256,0.0001439172774553299,0.00017398828640580177,0.00017483998090028763,21.686047052033246,1.7553284316778945,2482141.0,70.0,91.0,True
5,30,8488968100111759582,ECDSA-256,0.00015417998656630516,0.00016809068620204926,0.00017334194853901863,21.739193083252758,1.7934182269123797,2482141.0,71.0,91.0,True
5,30,11478566038483113370,ECDSA-256,0.00011945236474275589,0.00012884289026260376,0.00021247286349534988,10.508067804854363,1.7318620384691623,2482141.0,70.0,91.0,True
5,31,4021298372250449774,ECDSA-256,0.000170139130204916,0.00023957807570695877,0.00017517292872071266,22.092653882224113,1.71450855175908,2482141.0,70.0,91.0,True
5,31,4216720572993924963,ECDSA-256,0.00016907230019569397,0.0002428889274597168,0.00017629889771342278,22.155396051239222,1.7306697688544521,2482141.0,71.0,91.0,True
5,31,8488968100111759582,ECDSA-256,0.00017342064529657364,0.00022358307614922523,0.0001773349940776825,22.386744579765946,1.7272072653420054,2482141.0,71.0,91.0,True
5,31,15124613545808350779,ECDSA-256,0.0001738038845360279,0.00022195791825652122,0.00021745404228568077,22.413839960936457,1.7022880452890365,2482141.0,70.0,91.0,True
5,31,11478566038483113370,ECDSA-256,0.00011973315849900246,0.00014638667926192284,0.00018613971769809723,10.467099333181977,1.7290653150302533,2482141.0,71.0,91.0,True
5,32,15124613545808350779,ECDSA-256,0.00016598030924797058,0.0002459529787302017,0.00020477594807744026,21.479024040978402,1.7476681977415238,2482141.0,71.0,91.0,True
5,32,8488968100111759582,ECDSA-256,0.0002766633406281471,0.00032677408307790756,0.00017116311937570572,21.66016247542575,1.7276917372267848,2482141.0,70.0,91.0,True
5,32,4021298372250449774,ECDSA-256,0.0002740928903222084,0.00017703697085380554,0.00019603455439209938,21.65163961891085,1.6931226036419122,2482141.0,70.0,91.0,True
5,32,4216720572993924963,ECDSA-256,0.00011910125613212585,0.00016125384718179703,0.00022452091798186302,21.783395290840417,1.7463841400207423,2482141.0,71.0,91.0,True
5,32,11478566038483113370,ECDSA-256,0.00011927494779229164,0.0001389649696648121,0.00017748400568962097,10.613404642324895,1.7283925617845675,2482141.0,70.0,91.0,True
5,33,4216720572993924963,ECDSA-256,0.00016436493024230003,0.0001873718574643135,0.0001738341525197029,21.86583393998444,1.696743854318564,2482141.0,72.0,91.0,True
5,33,8488968100111759582,ECDSA-256,0.00022540288046002388,0.00032263481989502907,0.00017951522022485733,21.991692163981497,1.7299528137182656,2482141.0,72.0,91.0,True
5,33,15124613545808350779,ECDSA-256,0.00023981928825378418,0.00018633296713232994,0.0001936536282300949,21.916880995966494,1.7084892253144481,2482141.0,71.0,91.0,True
5,33,4021298372250449774,ECDSA-256,0.00017691263929009438,0.000246535986661911,0.00019328808411955833,22.07062923302874,1.6912140861486855,2482141.0,70.0,91.0,True
5,33,11478566038483113370,ECDSA-256,0.00011880602687597275,0.00021158112213015556,0.00017659366130828857,10.466572082135826,1.684573143815842,2482141.0,71.0,91.0,True
5,34,4216720572993924963,ECDSA-256,0.00020126113668084145,0.00024403678253293037,0.00019932491704821587,21.346079017035663,1.6880402492638975,2482141.0,70.0,91.0,True
5,34,8488968100111759582,ECDSA-256,0.00017056381329894066,0.00029729725793004036,0.00026854081079363823,21.376569103915244,1.6805037743748186,2482141.0,71.0,91.0,True
5,34,4021298372250449774,ECDSA-256,0.00014454498887062073,0.0002752598375082016,0.00023569725453853607,21.552587713114917,1.6573982741505193,2482141.0,70.0,91.0,True
5,34,15124613545808350779,ECDSA-256,0.00012677954509854317,0.00017242413014173508,0.00023502297699451447,21.599393090698868,1.707822063860421,2482141.0,72.0,91.0,True
5,34,11478566038483113370,ECDSA-256,0.00015281559899449348,0.0001826239749789238,0.00019621802493929863,10.463658344000578,1.6851825763623174,2482141.0,72.0,91.0,True
5,35,4021298372250449774,ECDSA-256,0.0001720222644507885,0.00027293385937809944,0.00017989380285143852,21.35845198528841,1.689931860747048,2482141.0,72.0,91.0,True
5,35,4216720572993924963,ECDSA-256,0.0001356378197669983,0.0002473429776728153,0.00017240410670638084,21.331276217941195,1.6828809808999206,2482141.0,72.0,91.0,True
5,35,15124613545808350779,ECDSA-256,0.00027718814089894295,0.0002427869476377964,0.00018715206533670425,21.434046724811196,1.733951626494289,2482141.0,72.0,91.0,True
5,35,8488968100111759582,ECDSA-256,0.0001292000524699688,0.00015936745330691338,0.00017800508067011833,21.51544158393517,1.7034415642674359,2482141.0,72.0,91.0,True
5,35,11478566038483113370,ECDSA-256,0.000121245626360178,0.00013469206169247627,0.00022186804562807083,10.401079203002155,1.7025416601961032,2482141.0,71.0,91.0,True
5,36,15124613545808350779,ECDSA-256,0.0002525639720261097,0.000306157860904932,0.0002276180312037468,21.086545513942838,1.708807346919855,2482141.0,71.0,91.0,True
5,36,8488968100111759582,ECDSA-256,0.00015462888404726982,0.00017050700262188911,0.00019962526857852936,21.55654832115397,1.7090586435299713,2482141.0,71.0,91.0,True
5,36,4216720572993924963,ECDSA-256,0.000195216853171587,0.00021739397197961807,0.0001869197003543377,21.482723522000015,1.6691228315091362,2482141.0,70.0,91.0,True
5,36,4021298372250449774,ECDSA-256,0.00019526109099388123,0.00016958266496658325,0.00022254092618823051,21.632814585696906,1.658213478688615,2482141.0,71.0,91.0,True
5,36,11478566038483113370,ECDSA-256,0.00012028729543089867,0.0001407167874276638,0.0001948149874806404,10.776108829304576,1.6744904617151133,2482141.0,71.0,91.0,True
5,37,8488968100111759582,ECDSA-256,0.00016459915786981583,0.0001901928335428238,0.00023271190002560616,21.428835032042116,1.6721970713176666,2482141.0,70.0,91.0,True
5,37,4216720572993924963,ECDSA-256,0.00023901602253317833,0.00023671984672546387,0.0001859450712800026,21.50467346701771,1.6829004283911122,2482141.0,71.0,91.0,True
5,37,4021298372250449774,ECDSA-256,0.0001745070330798626,0.00023522460833191872,0.00018513016402721405,21.71504057617858,1.658728663913739,2482141.0,70.0,91.0,True
5,37,15124613545808350779,ECDSA-256,0.00012498395517468452,0.00015120534226298332,0.00018639909103512764,21.900605207309127,1.6635394161120771,2482141.0,71.0,91.0,True
5,37,11478566038483113370,ECDSA-256,0.00012062676250934601,0.00014038896188139915,0.00017956923693418503,10.388220203109086,1.6687361123843696,2482141.0,70.0,91.0,True
5,38,15124613545808350779,ECDSA-256,0.00022675702348351479,0.00041712401434779167,0.00018216436728835106,21.51067577302456,1.6744976866359529,2482141.0,72.0,91.0,True
5,38,8488968100111759582,ECDSA-256,0.0003581237979233265,0.00034060003235936165,0.00018263421952724457,21.674767593387514,1.6573312583441933,2482141.0,72.0,91.0,True
5,38,4216720572993924963,ECDSA-256,0.00012176390737295151,0.00018248101696372032,0.00017603114247322083,21.827733323909342,1.6890684872770463,2482141.0,72.0,91.0,True
5,38,4021298372250449774,ECDSA-256,0.00012094713747501373,0.00016210414469242096,0.0001720227301120758,22.01275064330548,1.6728627948334422,2482141.0,70.0,91.0,True
5,38,11478566038483113370,ECDSA-256,0.0001488272100687027,0.000139530748128891,0.00018292618915438652,10.726086515001953,1.6746261999629939,2482141.0,70.0,91.0,True
5,39,4216720572993924963,ECDSA-256,0.00016959477216005325,0.00034287525340914726,0.00017831800505518913,21.62674954533577,1.6809387843068035,2482141.0,70.0,91.0,True
5,39,4021298372250449774,ECDSA-256,0.00012454017996788025,0.00016363291069865227,0.00017498387023806572,21.750673601403832,1.6278909189632524,2482141.0,71.0,91.0,True
5,39,8488968100111759582,ECDSA-256,0.0001728339120745659,0.00015206914395093918,0.00019834702834486961,21.69473229162395,1.6504502243127306,2482141.0,70.0,91.0,True
5,39,15124613545808350779,ECDSA-256,0.00017379503697156906,0.00018638605251908302,0.00018315389752388,21.69484743475914,1.7108689801761519,2482141.0,72.0,91.0,True
5,39,11478566038483113370,ECDSA-256,0.0001252950169146061,0.0001406809315085411,0.00017630308866500854,10.577984508592635,1.6597126032978582,2482141.0,72.0,91.0,True
5,40,15124613545808350779,ECDSA-256,0.00034740474075078964,0.00030420487746596336,0.00018254388123750687,21.984608149155974,1.6970662484153771,2482141.0,71.0,91.0,True
5,40,4216720572993924963,ECDSA-256,0.00016959290951490402,0.000333558302372694,0.0001752059906721115,22.17515580682084,1.6419503403166993,2482141.0,70.0,91.0,True
5,40,4021298372250449774,ECDSA-256,0.00012860633432865143,0.00022612465545535088,0.00018271896988153458,22.395434935111552,1.6295981433825752,2482141.0,70.0,91.0,True
5,40,8488968100111759582,ECDSA-256,0.00015982193872332573,0.00020803790539503098,0.0001742178574204445,22.576647653710097,1.6585822497693876,2482141.0,70.0,91.0,True
5,40,11478566038483113370,ECDSA-256,0.00012135179713368416,0.00014874013140797615,0.00017259316518902779,10.706142879091203,1.635364222069518,2482141.0,72.0,91.0,True
5,41,15124613545808350779,ECDSA-256,0.00016827788203954697,0.00041663506999611855,0.000174766406416893,22.885995000135154,1.710440714900105,2482141.0,71.0,91.0,True
5,41,8488968100111759582,ECDSA-256,0.00020854175090789795,0.0001749172806739807,0.00017606234177947044,23.00697873812169,1.6881361114331328,2482141.0,71.0,91.0,True
5,41,4021298372250449774,ECDSA-256,0.0002674609422683716,0.0002710600383579731,0.00017334800213575363,22.94474328123033,1.6682426971368516,2482141.0,72.0,91.0,True
5,41,4216720572993924963,ECDSA-256,0.00015366310253739357,0.0001634717918932438,0.0001997058279812336,23.06795384688303,1.6303988794168345,2482141.0,71.0,91.0,True
5,41,11478566038483113370,ECDSA-256,0.00012181280180811882,0.0001438637264072895,0.00023087812587618828,10.598936464637518,1.643480314614293,2482141.0,71.0,91.0,True
5,42,4021298372250449774,ECDSA-256,0.00017277803272008896,0.00025657517835497856,0.00019436795264482498,21.536167913116515,1.6122578176827476,2482141.0,70.0,91.0,True
5,42,4216720572993924963,ECDSA-256,0.00016920221969485283,0.0002567209303379059,0.00017779972404241562,21.54262963589281,1.6431508300403437,2482141.0,70.0,91.0,True
5,42,15124613545808350779,ECDSA-256,0.00012255972251296043,0.00022519426420331,0.00017690612003207207,21.62471270095557,1.6333037904276253,2482141.0,70.0,91.0,True
5,42,8488968100111759582,ECDSA-256,0.000136431772261858,0.00016185594722628593,0.000243449117988348,21.946692876983434,1.6418861386874994,2482141.0,71.0,91.0,True
5,42,11478566038483113370,ECDSA-256,0.00011979835107922554,0.00013122707605361938,0.00017580529674887657,10.753358024172485,1.6417246348560808,2482141.0,71.0,91.0,True
5,43,4021298372250449774,ECDSA-256,0.00018877023831009865,0.0002454211935400963,0.00023394310846924782,21.798865305259824,1.5878431838922227,2482141.0,71.0,91.0,True
5,43,4216720572993924963,ECDSA-256,0.0001699533313512802,0.0004607592709362507,0.00021752016618847847,22.070599059108645,1.6210961349475117,2482141.0,71.0,91.0,True
5,43,15124613545808350779,ECDSA-256,0.00012268312275409698,0.00017885630950331688,0.0002175220288336277,22.206446527969092,1.6843720922073997,2482141.0,71.0,91.0,True
5,43,8488968100111759582,ECDSA-256,0.00013475865125656128,0.0001556319184601307,0.00021746894344687462,22.30695968028158,1.6727147003332266,2482141.0,71.0,91.0,True
5,43,11478566038483113370,ECDSA-256,0.00012181000784039497,0.00013832096010446548,0.00019616028293967247,10.446491964161396,1.6320602577715255,2482141.0,72.0,91.0,True
5,44,4216720572993924963,ECDSA-256,0.00023313984274864197,0.000295375008136034,0.00017754780128598213,21.4646091950126,1.6376667148388995,2482141.0,71.0,91.0,True
5,44,15124613545808350779,ECDSA-256,0.00023399107158184052,0.00016886694356799126,0.00023314077407121658,21.564527173060924,1.6566705410472882,2482141.0,71.0,91.0,True
5,44,4021298372250449774,ECDSA-256,0.00012790225446224213,0.00021083513274788857,0.00017298385500907898,21.650259826797992,1.635748352105625,2482141.0,70.0,91.0,True
5,44,8488968100111759582,ECDSA-256,0.0001768963411450386,0.0001781890168786049,0.00017486605793237686,21.658134444151074,1.6316553160024527,2482141.0,71.0,91.0,True
5,44,11478566038483113370,ECDSA-256,0.00011981464922428131,0.00014058593660593033,0.00017582392320036888,10.476083744782954,1.6625074925133214,2482141.0,71.0,91.0,True
5,45,4216720572993924963,ECDSA-256,0.0002607661299407482,0.0005348501726984978,0.0002307472750544548,21.972237311769277,1.6292723112593825,2482141.0,71.0,91.0,True
5,45,8488968100111759582,ECDSA-256,0.00018466683104634285,0.00019238097593188286,0.00017833290621638298,22.167682328261435,1.6642846428929046,2482141.0,71.0,91.0,True
5,45,15124613545808350779,ECDSA-256,0.00017057592049241066,0.0002543679438531399,0.0002701939083635807,22.141546190250665,1.663026881674989,2482141.0,71.0,91.0,True
5,45,4021298372250449774,ECDSA-256,0.0001448560506105423,0.00015985500067472458,0.00021676067262887955,22.40374257788062,1.606849725634907,2482141.0,72.0,91.0,True
5,45,11478566038483113370,ECDSA-256,0.00012236787006258965,0.00013833725824952126,0.00022538285702466965,10.447437583003193,1.6170399371808328,2482141.0,71.0,91.0,True
5,46,15124613545808350779,ECDSA-256,0.00015610409900546074,0.00019559497013688087,0.00017585605382919312,22.027788533829153,1.6068044649526334,2482141.0,71.0,91.0,True
5,46,4216720572993924963,ECDSA-256,0.0001830090768635273,0.0002690339460968971,0.00018556276336312294,22.166951816994697,1.6002477129427388,2482141.0,71.0,91.0,True
5,46,8488968100111759582,ECDSA-256,0.0001786472275853157,0.00023570889607071877,0.00017189979553222656,22.299250168725848,1.6076050973928775,2482141.0,70.0,91.0,True
5,46,4021298372250449774,ECDSA-256,0.0001476057805120945,0.0001667402684688568,0.00017496664077043533,22.364445640239865,1.5844335346557081,2482141.0,71.0,91.0,True
5,46,11478566038483113370,ECDSA-256,0.00012416904792189598,0.00013221800327301025,0.00017892103642225266,10.581481232307851,1.604272485921939,2482141.0,71.0,91.0,True
5,47,15124613545808350779,ECDSA-256,0.00018582027405500412,0.00027003511786460876,0.0001987982541322708,21.19334496418014,1.6376527875376206,2482141.0,71.0,91.0,True
5,47,4216720572993924963,ECDSA-256,0.0002653072588145733,0.0002529560588300228,0.0001981179229915142,21.16118140425533,1.6205080048725629,2482141.0,70.0,91.0,True
5,47,8488968100111759582,ECDSA-256,0.00015925290063023567,0.00017521996051073074,0.0001926897093653679,21.46502613928169,1.621106485970104,2482141.0,72.0,91.0,True
5,47,4021298372250449774,ECDSA-256,0.00015383819118142128,0.00019437307491898537,0.00020007416605949402,21.56806376390159,1.5762883592337464,2482141.0,71.0,91.0,True
5,47,11478566038483113370,ECDSA-256,0.00015296973288059235,0.00014295941218733788,0.00019717589020729065,10.636759466957301,1.6266884308653518,2482141.0,71.0,91.0,True
5,48,4021298372250449774,ECDSA-256,0.00018808897584676743,0.0005048010498285294,0.00017646094784140587,21.31616303883493,1.5844082432433058,2482141.0,70.0,91.0,True
5,48,4216720572993924963,ECDSA-256,0.000158737413585186,0.00022014975547790527,0.00017483625560998917,21.530266334302723,1.5899591516382017,2482141.0,71.0,91.0,True
5,48,15124613545808350779,ECDSA-256,0.00017163110896945,0.00035650283098220825,0.0003340221010148525,21.420601428020746,1.6230102899356391,2482141.0,70.0,91.0,True
5,48,8488968100111759582,ECDSA-256,0.00012342818081378937,0.0001943637616932392,0.00026661111041903496,21.39118498703465,1.6452772061283978,2482141.0,72.0,91.0,True
5,48,11478566038483113370,ECDSA-256,0.00012089917436242104,0.00014091422781348228,0.00019722618162631989,10.710086015053093,1.5872576865144432,2482141.0,71.0,91.0,True
5,49,4216720572993924963,ECDSA-256,0.00024425797164440155,0.00017438456416130066,0.0001829136162996292,22.085206573829055,1.59266390282506,2482141.0,71.0,91.0,True
5,49,8488968100111759582,ECDSA-256,0.0002998257987201214,0.00023885583505034447,0.00017366604879498482,22.074284808244556,1.6343530319369257,2482141.0,70.0,91.0,True
5,49,4021298372250449774,ECDSA-256,0.0001758062280714512,0.00036872876808047295,0.0001835748553276062,22.027973231393844,1.57907442353404,2482141.0,70.0,91.0,True
5,49,15124613545808350779,ECDSA-256,0.0001549879088997841,0.00017206883057951927,0.00017787888646125793,21.981286288239062,1.5980704561970867,2482141.0,72.0,91.0,True
5,49,11478566038483113370,ECDSA-256,0.00012183375656604767,0.00014810310676693916,0.00018247729167342186,10.41263265023008,1.630749140684597,2482141.0,72.0,91.0,True
5,50,4216720572993924963,ECDSA-256,0.00034134695306420326,0.0002803918905556202,0.0001761498861014843,21.588806353975087,1.5770300575338614,2482141.0,70.0,91.0,True
5,50,15124613545808350779,ECDSA-256,0.00012005167081952095,0.0002939063124358654,0.00017503509297966957,21.81678650714457,1.6341815931728472,2482141.0,72.0,91.0,True
5,50,4021298372250449774,ECDSA-256,0.0001195250079035759,0.00015514018014073372,0.00017222203314304352,22.058254856150597,1.560076119800726,2482141.0,72.0,91.0,True
5,50,8488968100111759582,ECDSA-256,0.00020317686721682549,0.0004995670169591904,0.00017734896391630173,22.0273523950018,1.6049285258728856,2482141.0,71.0,91.0,True
5,50,11478566038483113370,ECDSA-256,0.00012073200196027756,0.00015444308519363403,0.00018268171697854996,10.420341779012233,1.5675137193439106,2482141.0,71.0,91.0,True
