run,round,node_id,scheme,keygen_time,sign_time,verify_time,train_time,train_loss,payload_size,sig_size,pubkey_size,sig_valid,has_nan
1,1,16945799894948634601,Falcon-padded-512,0.007619231007993221,0.0004334449768066406,9.302305988967419e-05,22.02293511899188,1.9192070861974844,2482153.0,666.0,897.0,True,False
1,1,2518417797369482812,Falcon-padded-512,0.00937168812379241,0.0004497719928622246,8.19261185824871e-05,22.24802143103443,1.8682018666983413,2482153.0,666.0,897.0,True,False
1,1,15493162955073248647,Falcon-padded-512,0.011421360075473785,0.0006004311144351959,6.094598211348057e-05,22.386444377945736,1.869180313695353,2482153.0,666.0,897.0,True,False
1,1,14040232443695769535,Falcon-padded-512,0.009069530060514808,0.0004389500245451927,5.8178091421723366e-05,22.204209903022274,1.9079048412676436,2482153.0,666.0,897.0,True,False
1,1,2523614256653225365,Falcon-padded-512,0.006176091963425279,0.00033658696338534355,5.787797272205353e-05,11.057536551961675,1.9155706643296506,2482153.0,666.0,897.0,True,False
1,2,16945799894948634601,Falcon-padded-512,0.0063178339041769505,0.0003519000019878149,8.135195821523666e-05,21.740897609852254,1.661960489071977,2482153.0,666.0,897.0,True,False
1,2,15493162955073248647,Falcon-padded-512,0.006641536019742489,0.0003561628982424736,5.7898927479982376e-05,21.87856530304998,1.662271527817455,2482153.0,666.0,897.0,True,False
1,2,2518417797369482812,Falcon-padded-512,0.0064402848947793245,0.0003573489375412464,6.0691963881254196e-05,21.954507692018524,1.6327411225809456,2482153.0,666.0,897.0,True,False
1,2,14040232443695769535,Falcon-padded-512,0.007422591093927622,0.00034082215279340744,5.815387703478336e-05,22.070840039057657,1.6763690214949294,2482153.0,666.0,897.0,True,False
1,2,2523614256653225365,Falcon-padded-512,0.006122953956946731,0.000373039860278368,5.598319694399834e-05,10.625668712891638,1.648257667645098,2482153.0,666.0,897.0,True,False
1,3,14040232443695769535,Falcon-padded-512,0.008267905097454786,0.0004981348756700754,7.588393054902554e-05,22.346091863932088,1.4663529356066791,2482153.0,666.0,897.0,True,False
1,3,16945799894948634601,Falcon-padded-512,0.006738167023286223,0.0003435479011386633,5.719996988773346e-05,22.547262656968087,1.4573764721044717,2482153.0,666.0,897.0,True,False
1,3,15493162955073248647,Falcon-padded-512,0.012477881042286754,0.00043954490683972836,5.6048156693577766e-05,22.493486752035096,1.4479143983258989,2482153.0,666.0,897.0,True,False
1,3,2518417797369482812,Falcon-padded-512,0.013185218209400773,0.0003379019908607006,5.764001980423927e-05,22.61847341596149,1.4507415586005385,2482153.0,666.0,897.0,True,False
1,3,2523614256653225365,Falcon-padded-512,0.010175301926210523,0.0003765230067074299,5.6470977142453194e-05,10.737123731989413,1.4253842442180402,2482153.0,666.0,897.0,True,False
1,4,15493162955073248647,Falcon-padded-512,0.020442598965018988,0.0005034229252487421,7.462501525878906e-05,21.465899985982105,1.299123784794975,2482153.0,666.0,897.0,True,False
1,4,2518417797369482812,Falcon-padded-512,0.013283890904858708,0.0004017020110040903,5.91999851167202e-05,21.605327662080526,1.302323539417011,2482153.0,666.0,897.0,True,False
1,4,14040232443695769535,Falcon-padded-512,0.005952809937298298,0.00042228493839502335,5.677202716469765e-05,21.526842790888622,1.3185101454250348,2482153.0,666.0,897.0,True,False
1,4,16945799894948634601,Falcon-padded-512,0.006236711051315069,0.00034877005964517593,6.61101657897234e-05,21.742166138021275,1.3316644576791756,2482153.0,666.0,897.0,True,False
1,4,2523614256653225365,Falcon-padded-512,0.00705746584571898,0.00040268804877996445,5.7609984651207924e-05,10.88075966318138,1.2957994345658885,2482153.0,666.0,897.0,True,False
1,5,2518417797369482812,Falcon-padded-512,0.009476043051108718,0.0005075840745121241,7.58608803153038e-05,21.53752166708,1.1883109891757417,2482153.0,666.0,897.0,True,False
1,5,14040232443695769535,Falcon-padded-512,0.008490693988278508,0.0006845181342214346,8.608889766037464e-05,21.76993685704656,1.1789258392855002,2482153.0,666.0,897.0,True,False
1,5,15493162955073248647,Falcon-padded-512,0.009754619095474482,0.0004820190370082855,6.42810482531786e-05,21.80645757680759,1.1804357311976985,2482153.0,666.0,897.0,True,False
1,5,16945799894948634601,Falcon-padded-512,0.010219448013231158,0.00034423498436808586,5.6799035519361496e-05,21.963884983910248,1.190013149866281,2482153.0,666.0,897.0,True,False
1,5,2523614256653225365,Falcon-padded-512,0.00734970485791564,0.00039060809649527073,6.57159835100174e-05,10.688184941885993,1.1841647470721042,2482153.0,666.0,897.0,True,False
1,6,2518417797369482812,Falcon-padded-512,0.0123166439589113,0.0006478780414909124,8.770613931119442e-05,22.761541326064616,1.0793271396106805,2482153.0,666.0,897.0,True,False
1,6,14040232443695769535,Falcon-padded-512,0.010953461984172463,0.0004962119273841381,5.678017623722553e-05,22.77246375591494,1.0883384200330741,2482153.0,666.0,897.0,True,False
1,6,15493162955073248647,Falcon-padded-512,0.010475873947143555,0.00037457398138940334,5.693710409104824e-05,23.012917650165036,1.0794136036699191,2482153.0,666.0,897.0,True,False
1,6,16945799894948634601,Falcon-padded-512,0.015338616911321878,0.000534737017005682,5.6647928431630135e-05,23.031683220062405,1.0895383807416923,2482153.0,666.0,897.0,True,False
1,6,2523614256653225365,Falcon-padded-512,0.008504053112119436,0.00038057705387473106,5.697389133274555e-05,10.619747781893238,1.0744596995865574,2482153.0,666.0,897.0,True,False
1,7,2518417797369482812,Falcon-padded-512,0.007133482955396175,0.0004249168559908867,7.779896259307861e-05,21.9313026110176,1.0183251743880324,2482153.0,666.0,897.0,True,False
1,7,14040232443695769535,Falcon-padded-512,0.010041662026196718,0.0007282448932528496,5.670404061675072e-05,21.99844859400764,1.0077241080256696,2482153.0,666.0,897.0,True,False
1,7,15493162955073248647,Falcon-padded-512,0.008930491050705314,0.0005953209474682808,5.6445831432938576e-05,22.069387429160997,1.0051554809934415,2482153.0,666.0,897.0,True,False
1,7,16945799894948634601,Falcon-padded-512,0.008903753943741322,0.0003508890513330698,5.691591650247574e-05,22.264330839039758,0.9946945022089413,2482153.0,666.0,897.0,True,False
1,7,2523614256653225365,Falcon-padded-512,0.007871082983911037,0.0003745479043573141,5.589192733168602e-05,10.799953246023506,0.9889282469932263,2482153.0,666.0,897.0,True,False
1,8,16945799894948634601,Falcon-padded-512,0.014934654114767909,0.0008302570786327124,7.661781273782253e-05,21.47716807294637,0.9419269807422503,2482153.0,666.0,897.0,True,False
1,8,15493162955073248647,Falcon-padded-512,0.010084032081067562,0.000420750817283988,5.7860976085066795e-05,21.551024067914113,0.9286023936332605,2482153.0,666.0,897.0,True,False
1,8,14040232443695769535,Falcon-padded-512,0.005867833970114589,0.00034269806928932667,5.676993168890476e-05,21.765437411842868,0.9393396084301007,2482153.0,666.0,897.0,True,False
1,8,2518417797369482812,Falcon-padded-512,0.01830801018513739,0.0004986610729247332,5.5543845519423485e-05,21.786574555095285,0.9316245149880552,2482153.0,666.0,897.0,True,False
1,8,2523614256653225365,Falcon-padded-512,0.006058869883418083,0.00033391802571713924,5.603581666946411e-05,10.740552356932312,0.9138847104848002,2482153.0,666.0,897.0,True,False
1,9,2518417797369482812,Falcon-padded-512,0.016019520815461874,0.0005803760141134262,7.546693086624146e-05,22.321667751995847,0.8818168427807074,2482153.0,666.0,897.0,True,False
1,9,16945799894948634601,Falcon-padded-512,0.008206258062273264,0.0006423259619623423,5.8508943766355515e-05,22.403611107030883,0.8826318089002237,2482153.0,666.0,897.0,True,False
1,9,15493162955073248647,Falcon-padded-512,0.007290125824511051,0.00034239888191223145,9.223120287060738e-05,22.67559242597781,0.8722364113163262,2482153.0,666.0,897.0,True,False
1,9,14040232443695769535,Falcon-padded-512,0.007508635986596346,0.0003394039813429117,5.596596747636795e-05,22.675083943875507,0.8549712788753997,2482153.0,666.0,897.0,True,False
1,9,2523614256653225365,Falcon-padded-512,0.009533904027193785,0.0003623620141297579,5.596294067800045e-05,10.734868839848787,0.8426786560220079,2482153.0,666.0,897.0,True,False
1,10,14040232443695769535,Falcon-padded-512,0.00949188880622387,0.0005813129246234894,7.788091897964478e-05,21.65157651901245,0.8008272373638214,2482153.0,666.0,897.0,True,False
1,10,16945799894948634601,Falcon-padded-512,0.0061743371188640594,0.00041537987999618053,5.734502337872982e-05,22.263772345148027,0.8038542316363643,2482153.0,666.0,897.0,True,False
1,10,2518417797369482812,Falcon-padded-512,0.007980180904269218,0.00043703382834792137,5.709286779165268e-05,22.389653492951766,0.8203415071335844,2482153.0,666.0,897.0,True,False
1,10,15493162955073248647,Falcon-padded-512,0.006923911860212684,0.00043569901026785374,5.714385770261288e-05,22.57155644404702,0.8034084248371398,2482153.0,666.0,897.0,True,False
1,10,2523614256653225365,Falcon-padded-512,0.0069142121355980635,0.00032008206471800804,5.7172030210494995e-05,10.700077484128997,0.786079080578999,2482153.0,666.0,897.0,True,False
1,11,14040232443695769535,Falcon-padded-512,0.008096365025267005,0.00043205684050917625,7.690908387303352e-05,22.30930766602978,0.7455973256700716,2482153.0,666.0,897.0,True,False
1,11,15493162955073248647,Falcon-padded-512,0.00860377005301416,0.00037308805622160435,5.700485780835152e-05,22.295156079810113,0.7416694685102652,2482153.0,666.0,897.0,True,False
1,11,2518417797369482812,Falcon-padded-512,0.006064526969566941,0.00033396901562809944,5.653197877109051e-05,22.468965844018385,0.7406611506360027,2482153.0,666.0,897.0,True,False
1,11,16945799894948634601,Falcon-padded-512,0.007729941047728062,0.0004790928214788437,5.710916593670845e-05,22.40269941696897,0.7422010170670744,2482153.0,666.0,897.0,True,False
1,11,2523614256653225365,Falcon-padded-512,0.009030367946252227,0.0003419120330363512,5.721091292798519e-05,10.824054653989151,0.7374471534555331,2482153.0,666.0,897.0,True,False
1,12,2518417797369482812,Falcon-padded-512,0.00995930703356862,0.0003591610584408045,7.546413689851761e-05,22.153891757130623,0.7010471375224689,2482153.0,666.0,897.0,True,False
1,12,14040232443695769535,Falcon-padded-512,0.009793902048841119,0.0004144629929214716,5.715293809771538e-05,22.181304977973923,0.6759722066430238,2482153.0,666.0,897.0,True,False
1,12,16945799894948634601,Falcon-padded-512,0.007453642785549164,0.00046704220585525036,6.14409800618887e-05,22.371155400993302,0.684786209854455,2482153.0,666.0,897.0,True,False
1,12,15493162955073248647,Falcon-padded-512,0.010005099000409245,0.0003299091476947069,5.735899321734905e-05,22.516130888136104,0.6782601491426127,2482153.0,666.0,897.0,True,False
1,12,2523614256653225365,Falcon-padded-512,0.006590044125914574,0.00038860016502439976,5.713803693652153e-05,10.904184059938416,0.6722877949666672,2482153.0,666.0,897.0,True,False
1,13,2518417797369482812,Falcon-padded-512,0.01598421297967434,0.0003878509160131216,9.603891521692276e-05,21.89227812900208,0.6524688702897904,2482153.0,666.0,897.0,True,False
1,13,14040232443695769535,Falcon-padded-512,0.006174060050398111,0.00034587597474455833,5.578622221946716e-05,22.142709833802655,0.6398624033687975,2482153.0,666.0,897.0,True,False
1,13,16945799894948634601,Falcon-padded-512,0.006466069025918841,0.00038520502857863903,5.620298907160759e-05,22.185735730919987,0.6394545354020481,2482153.0,666.0,897.0,True,False
1,13,15493162955073248647,Falcon-padded-512,0.005850769113749266,0.0003430910874158144,5.6077027693390846e-05,22.25943659991026,0.6374619826674461,2482153.0,666.0,897.0,True,False
1,13,2523614256653225365,Falcon-padded-512,0.006696538999676704,0.00037369504570961,5.572708323597908e-05,10.798197888070717,0.644555529609275,2482153.0,666.0,897.0,True,False
1,14,15493162955073248647,Falcon-padded-512,0.008723991923034191,0.0009926450438797474,0.00013433792628347874,22.52701581385918,0.6064200962837131,2482153.0,666.0,897.0,True,False
1,14,16945799894948634601,Falcon-padded-512,0.010871007107198238,0.0005078129470348358,5.6762946769595146e-05,22.654817235888913,0.5837948360858253,2482153.0,666.0,897.0,True,False
1,14,14040232443695769535,Falcon-padded-512,0.010557255009189248,0.0006648900453001261,5.959812551736832e-05,22.697321015875787,0.6042244765943232,2482153.0,666.0,897.0,True,False
1,14,2518417797369482812,Falcon-padded-512,0.012082454981282353,0.00034240284003317356,5.796784535050392e-05,22.711961458902806,0.6122405628045908,2482153.0,666.0,897.0,True,False
1,14,2523614256653225365,Falcon-padded-512,0.006963601103052497,0.0003936970606446266,6.211199797689915e-05,10.801661498844624,0.5767600552056925,2482153.0,666.0,897.0,True,False
1,15,14040232443695769535,Falcon-padded-512,0.011836027959361672,0.000568134943023324,7.724016904830933e-05,22.486111653968692,0.54825050136247,2482153.0,666.0,897.0,True,False
1,15,16945799894948634601,Falcon-padded-512,0.009043569909408689,0.0005050019826740026,5.869683809578419e-05,22.551665171980858,0.5501685562772682,2482153.0,666.0,897.0,True,False
1,15,2518417797369482812,Falcon-padded-512,0.00843982701189816,0.0004200139082968235,7.965695112943649e-05,22.640521768014878,0.5663778863537806,2482153.0,666.0,897.0,True,False
1,15,15493162955073248647,Falcon-padded-512,0.008533722953870893,0.00033713504672050476,5.648704245686531e-05,22.74300147802569,0.5562710749288908,2482153.0,666.0,897.0,True,False
1,15,2523614256653225365,Falcon-padded-512,0.005779271014034748,0.0003721450921148062,5.635898560285568e-05,10.85809577605687,0.5666064050036688,2482153.0,666.0,897.0,True,False
1,16,16945799894948634601,Falcon-padded-512,0.006344829918816686,0.00036978116258978844,7.606297731399536e-05,21.784871164010838,0.5041656347271353,2482153.0,666.0,897.0,True,False
1,16,14040232443695769535,Falcon-padded-512,0.01443696697242558,0.0003787730820477009,5.8197882026433945e-05,21.75356623902917,0.5131581475297673,2482153.0,666.0,897.0,True,False
1,16,15493162955073248647,Falcon-padded-512,0.007934343069791794,0.0003558530006557703,5.8611854910850525e-05,21.872495718067512,0.5323410278882462,2482153.0,666.0,897.0,True,False
1,16,2518417797369482812,Falcon-padded-512,0.006731339963153005,0.000343595864251256,5.6516146287322044e-05,22.002726953011006,0.5074940076984537,2482153.0,666.0,897.0,True,False
1,16,2523614256653225365,Falcon-padded-512,0.008217329857870936,0.0003762308042496443,5.77589962631464e-05,10.740877493983135,0.5233349792730694,2482153.0,666.0,897.0,True,False
1,17,16945799894948634601,Falcon-padded-512,0.007446921896189451,0.0006145569495856762,8.041202090680599e-05,22.19876609207131,0.4774120901755917,2482153.0,666.0,897.0,True,False
1,17,15493162955073248647,Falcon-padded-512,0.00873686489649117,0.0004313660319894552,5.7026976719498634e-05,22.399315888993442,0.48765095981498496,2482153.0,666.0,897.0,True,False
1,17,2518417797369482812,Falcon-padded-512,0.008731827139854431,0.00039117899723351,5.691288970410824e-05,22.54503332800232,0.47841519229233076,2482153.0,666.0,897.0,True,False
1,17,14040232443695769535,Falcon-padded-512,0.007413369137793779,0.0003688088618218899,5.781487561762333e-05,22.504664348904043,0.4725767659386412,2482153.0,666.0,897.0,True,False
1,17,2523614256653225365,Falcon-padded-512,0.007617216091603041,0.0003595910966396332,5.7040946558117867e-05,10.738238104153425,0.49894861778178917,2482153.0,666.0,897.0,True,False
1,18,14040232443695769535,Falcon-padded-512,0.008054611971601844,0.00041143479757010937,7.517891936004162e-05,22.58914880012162,0.4422401659214458,2482153.0,666.0,897.0,True,False
1,18,16945799894948634601,Falcon-padded-512,0.009829167975112796,0.0006173830479383469,5.6650955229997635e-05,22.64380969107151,0.4596225943523474,2482153.0,666.0,897.0,True,False
1,18,15493162955073248647,Falcon-padded-512,0.008194747846573591,0.000579190906137228,5.9677986428141594e-05,22.634628632105887,0.44887419524022376,2482153.0,666.0,897.0,True,False
1,18,2518417797369482812,Falcon-padded-512,0.014403825160115957,0.0003325599245727062,6.136693991720676e-05,22.723521703854203,0.4498827064427705,2482153.0,666.0,897.0,True,False
1,18,2523614256653225365,Falcon-padded-512,0.006726003019139171,0.00033721188083291054,5.614594556391239e-05,10.973225669004023,0.45419987104833126,2482153.0,666.0,897.0,True,False
1,19,14040232443695769535,Falcon-padded-512,0.015005114022642374,0.0005222209729254246,7.963203825056553e-05,21.78113885805942,0.40590159057344966,2482153.0,666.0,897.0,True,False
1,19,2518417797369482812,Falcon-padded-512,0.008908910909667611,0.0006007959600538015,5.6927092373371124e-05,21.811126578133553,0.4262139163078211,2482153.0,666.0,897.0,True,False
1,19,15493162955073248647,Falcon-padded-512,0.007575147086754441,0.0003587249666452408,5.662604235112667e-05,21.53131245309487,0.42408808354681105,2482153.0,666.0,897.0,True,False
1,19,16945799894948634601,Falcon-padded-512,0.005693126004189253,0.00035675009712576866,6.188196130096912e-05,21.70810286910273,0.4434719153058034,2482153.0,666.0,897.0,True,False
1,19,2523614256653225365,Falcon-padded-512,0.006072346121072769,0.000372420996427536,5.8292876929044724e-05,10.65649112383835,0.44198226676390956,2482153.0,666.0,897.0,True,False
1,20,14040232443695769535,Falcon-padded-512,0.007736173924058676,0.0003602178767323494,7.922295480966568e-05,22.048047116026282,0.3919147358933529,2482153.0,666.0,897.0,True,False
1,20,15493162955073248647,Falcon-padded-512,0.007863650098443031,0.0005632501561194658,5.6541990488767624e-05,22.12475705286488,0.40430812663235033,2482153.0,666.0,897.0,True,False
1,20,2518417797369482812,Falcon-padded-512,0.007929143961519003,0.00046994187869131565,5.859998054802418e-05,22.232119570020586,0.41834910102069567,2482153.0,666.0,897.0,True,False
1,20,16945799894948634601,Falcon-padded-512,0.008522514021024108,0.00034656282514333725,5.84479421377182e-05,22.251895178109407,0.38939086187142913,2482153.0,666.0,897.0,True,False
1,20,2523614256653225365,Falcon-padded-512,0.007185220951214433,0.0003695159684866667,6.035901606082916e-05,10.764811158180237,0.39523124533553666,2482153.0,666.0,897.0,True,False
1,21,15493162955073248647,Falcon-padded-512,0.010681390995159745,0.0006411049980670214,7.585412822663784e-05,22.090946635929868,0.39156692101956364,2482153.0,666.0,897.0,True,False
1,21,16945799894948634601,Falcon-padded-512,0.00850911089219153,0.0003978121094405651,5.666213110089302e-05,22.45743240090087,0.39275706767702634,2482153.0,666.0,897.0,True,False
1,21,2518417797369482812,Falcon-padded-512,0.006054910132661462,0.0003556169103831053,5.7371100410819054e-05,22.495969870127738,0.3874942029234224,2482153.0,666.0,897.0,True,False
1,21,14040232443695769535,Falcon-padded-512,0.00899718888103962,0.00038010207936167717,5.6860968470573425e-05,22.561087041860446,0.3879825699830446,2482153.0,666.0,897.0,True,False
1,21,2523614256653225365,Falcon-padded-512,0.006565082119777799,0.00032513588666915894,5.890894681215286e-05,10.824360609054565,0.3745628278040455,2482153.0,666.0,897.0,True,False
1,22,2518417797369482812,Falcon-padded-512,0.008490875829011202,0.0005766251124441624,7.813586853444576e-05,21.87731130886823,0.3662707933608573,2482153.0,666.0,897.0,True,False
1,22,14040232443695769535,Falcon-padded-512,0.009105820907279849,0.0003473449032753706,5.731196142733097e-05,22.272709511918947,0.3662630532720921,2482153.0,666.0,897.0,True,False
1,22,15493162955073248647,Falcon-padded-512,0.00877653295174241,0.000409918837249279,5.8097997680306435e-05,22.310304562794045,0.3518231524654423,2482153.0,666.0,897.0,True,False
1,22,16945799894948634601,Falcon-padded-512,0.007118549896404147,0.0004376359283924103,5.6404853239655495e-05,22.518618763890117,0.3498723826597269,2482153.0,666.0,897.0,True,False
1,22,2523614256653225365,Falcon-padded-512,0.01586007489822805,0.0003317659720778465,5.7057011872529984e-05,10.868671939941123,0.3439674750803568,2482153.0,666.0,897.0,True,False
1,23,16945799894948634601,Falcon-padded-512,0.015115665039047599,0.0005800270009785891,8.025183342397213e-05,21.78607133193873,0.342848362642141,2482153.0,666.0,897.0,True,False
1,23,14040232443695769535,Falcon-padded-512,0.008061378030106425,0.00040024612098932266,7.174396887421608e-05,22.01813211478293,0.32221670171466116,2482153.0,666.0,897.0,True,False
1,23,15493162955073248647,Falcon-padded-512,0.008163759019225836,0.0003283859696239233,5.946890451014042e-05,22.135415056953207,0.3300517279678545,2482153.0,666.0,897.0,True,False
1,23,2518417797369482812,Falcon-padded-512,0.007104329066351056,0.0003456631675362587,6.138300523161888e-05,22.217998381936923,0.34703164656881613,2482153.0,666.0,897.0,True,False
1,23,2523614256653225365,Falcon-padded-512,0.00717499409802258,0.00034985505044460297,5.967286415398121e-05,10.856743584154174,0.3486469874497705,2482153.0,666.0,897.0,True,False
1,24,2518417797369482812,Falcon-padded-512,0.009339171927422285,0.0005328648258000612,7.586204446852207e-05,22.193393791094422,0.3204351671132298,2482153.0,666.0,897.0,True,False
1,24,14040232443695769535,Falcon-padded-512,0.009072396904230118,0.0005034280475229025,5.617109127342701e-05,22.235952815040946,0.33365273899949205,2482153.0,666.0,897.0,True,False
1,24,16945799894948634601,Falcon-padded-512,0.009522095089778304,0.000596972880885005,5.949102342128754e-05,22.553441832074896,0.310241808257878,2482153.0,666.0,897.0,True,False
1,24,15493162955073248647,Falcon-padded-512,0.009703702991828322,0.00032872799783945084,5.709403194487095e-05,22.6503909251187,0.3185370095377675,2482153.0,666.0,897.0,True,False
1,24,2523614256653225365,Falcon-padded-512,0.007116700988262892,0.00039158808067440987,5.7891011238098145e-05,10.782768786884844,0.32484714678985577,2482153.0,666.0,897.0,True,False
1,25,14040232443695769535,Falcon-padded-512,0.007283582119271159,0.00040716398507356644,7.637310773134232e-05,22.192614730913192,0.3059707148366581,2482153.0,666.0,897.0,True,False
1,25,15493162955073248647,Falcon-padded-512,0.017104767030104995,0.0008643490727990866,7.583899423480034e-05,22.197766080033034,0.30662936296837684,2482153.0,666.0,897.0,True,False
1,25,2518417797369482812,Falcon-padded-512,0.009551706025376916,0.00039934716187417507,5.621695891022682e-05,22.227463327813894,0.3171997020756022,2482153.0,666.0,897.0,True,False
1,25,16945799894948634601,Falcon-padded-512,0.007606256054714322,0.00037939404137432575,8.596107363700867e-05,22.370903223054484,0.2977225034179303,2482153.0,666.0,897.0,True,False
1,25,2523614256653225365,Falcon-padded-512,0.007514819968491793,0.0003884520847350359,5.701417103409767e-05,10.796330448938534,0.310878524945055,2482153.0,666.0,897.0,True,False
1,26,14040232443695769535,Falcon-padded-512,0.009854178875684738,0.0003427129704505205,7.99188856035471e-05,22.312192576937377,0.30136712057926596,2482153.0,666.0,897.0,True,False
1,26,2518417797369482812,Falcon-padded-512,0.008255857974290848,0.00035882298834621906,5.67121896892786e-05,22.612095104996115,0.32117155181488005,2482153.0,666.0,897.0,True,False
1,26,15493162955073248647,Falcon-padded-512,0.008447955828160048,0.0005450868047773838,5.6341057643294334e-05,22.611042705131695,0.2966909546698161,2482153.0,666.0,897.0,True,False
1,26,16945799894948634601,Falcon-padded-512,0.011448665987700224,0.0003886069171130657,5.6832097470760345e-05,22.55571735696867,0.3170603566614096,2482153.0,666.0,897.0,True,False
1,26,2523614256653225365,Falcon-padded-512,0.006543835857883096,0.0003304099664092064,6.401306018233299e-05,10.835865434957668,0.31529695493505355,2482153.0,666.0,897.0,True,False
1,27,16945799894948634601,Falcon-padded-512,0.011865709908306599,0.0008318501058965921,7.58159440010786e-05,22.14255513995886,0.2712792644192414,2482153.0,666.0,897.0,True,False
1,27,2518417797369482812,Falcon-padded-512,0.008929725037887692,0.0005757829640060663,5.5697979405522346e-05,22.342472759075463,0.29670370688376285,2482153.0,666.0,897.0,True,False
1,27,15493162955073248647,Falcon-padded-512,0.010435022879391909,0.0005982050206512213,5.785096436738968e-05,22.326500245835632,0.2881971379331411,2482153.0,666.0,897.0,True,False
1,27,14040232443695769535,Falcon-padded-512,0.008944147964939475,0.00033381208777427673,5.7660043239593506e-05,22.427220557117835,0.274976760391503,2482153.0,666.0,897.0,True,False
1,27,2523614256653225365,Falcon-padded-512,0.006922264117747545,0.0003309990279376507,5.6284014135599136e-05,10.78120165108703,0.26769198468564964,2482153.0,666.0,897.0,True,False
1,28,15493162955073248647,Falcon-padded-512,0.010736970929428935,0.000455307075753808,7.518008351325989e-05,21.960260323947296,0.2576307248638068,2482153.0,666.0,897.0,True,False
1,28,2518417797369482812,Falcon-padded-512,0.010005187010392547,0.0006110889371484518,5.886983126401901e-05,21.934535675914958,0.2744392320965997,2482153.0,666.0,897.0,True,False
1,28,16945799894948634601,Falcon-padded-512,0.006758697098121047,0.00037089805118739605,5.633779801428318e-05,21.990863524843007,0.2704304609754191,2482153.0,666.0,897.0,True,False
1,28,14040232443695769535,Falcon-padded-512,0.009536747122183442,0.0005056390073150396,5.742092616856098e-05,22.051696192007512,0.264855942977875,2482153.0,666.0,897.0,True,False
1,28,2523614256653225365,Falcon-padded-512,0.007867488078773022,0.00032987003214657307,6.0693128034472466e-05,10.772693406092003,0.2548433180374745,2482153.0,666.0,897.0,True,False
1,29,16945799894948634601,Falcon-padded-512,0.009254827862605453,0.0005950629711151123,7.485202513635159e-05,22.66136874188669,0.2555286013268339,2482153.0,666.0,897.0,True,False
1,29,14040232443695769535,Falcon-padded-512,0.0073914858512580395,0.0004369190428406,5.629006773233414e-05,22.934881130000576,0.24255065151457542,2482153.0,666.0,897.0,True,False
1,29,2518417797369482812,Falcon-padded-512,0.01328433002345264,0.0005091219209134579,5.674385465681553e-05,22.961871806997806,0.2609537676952708,2482153.0,666.0,897.0,True,False
1,29,15493162955073248647,Falcon-padded-512,0.009510333184152842,0.0005462290719151497,5.746702663600445e-05,22.950765983900055,0.2773002191393163,2482153.0,666.0,897.0,True,False
1,29,2523614256653225365,Falcon-padded-512,0.006811738014221191,0.0003733739722520113,5.9586018323898315e-05,10.918394731124863,0.2653076757740872,2482153.0,666.0,897.0,True,False
1,30,2518417797369482812,Falcon-padded-512,0.011237288126721978,0.0006697990465909243,8.208281360566616e-05,22.291799145983532,0.251212392684471,2482153.0,666.0,897.0,True,False
1,30,16945799894948634601,Falcon-padded-512,0.0063064019195735455,0.0003404140006750822,5.74041623622179e-05,22.380181883927435,0.24029412453256982,2482153.0,666.0,897.0,True,False
1,30,15493162955073248647,Falcon-padded-512,0.014091804856434464,0.000521757872775197,5.7336874306201935e-05,22.366497635142878,0.23873400333495184,2482153.0,666.0,897.0,True,False
1,30,14040232443695769535,Falcon-padded-512,0.009628465166315436,0.0005001109093427658,5.70730771869421e-05,22.51789404381998,0.2347332803657451,2482153.0,666.0,897.0,True,False
1,30,2523614256653225365,Falcon-padded-512,0.006047944072633982,0.0003675271291285753,9.541981853544712e-05,11.098313936963677,0.25262504672563185,2482153.0,666.0,897.0,True,False
2,1,15848744212128256168,Falcon-padded-512,0.01291888882406056,0.0006163439247757196,0.00012896093539893627,22.282496561063454,1.945201638788461,2482153.0,666.0,897.0,True,False
2,1,808481450248392172,Falcon-padded-512,0.011809102958068252,0.0004395018331706524,9.533390402793884e-05,22.27718480490148,1.9516492335560223,2482153.0,666.0,897.0,True,False
2,1,9672529725821126023,Falcon-padded-512,0.0076528009958565235,0.000405333936214447,6.434903480112553e-05,22.479123070836067,1.9538505420136376,2482153.0,666.0,897.0,True,False
2,1,9892064953298417555,Falcon-padded-512,0.00861459388397634,0.0004393579438328743,5.74369914829731e-05,22.596988681936637,1.932773409940945,2482153.0,666.0,897.0,True,False
2,1,10002721663809044201,Falcon-padded-512,0.01005854713730514,0.0003314819186925888,7.125106640160084e-05,10.937341130105779,1.9123577896398478,2482153.0,666.0,897.0,True,False
2,2,808481450248392172,Falcon-padded-512,0.011890792055055499,0.0005004869308322668,8.678599260747433e-05,21.964432297972962,1.702822666579542,2482153.0,666.0,897.0,True,False
2,2,9892064953298417555,Falcon-padded-512,0.0067826558370143175,0.00042198505252599716,9.328499436378479e-05,22.251064276788384,1.6898004216507982,2482153.0,666.0,897.0,True,False
2,2,9672529725821126023,Falcon-padded-512,0.017543112160637975,0.000516100088134408,7.923506200313568e-05,22.25251469993964,1.6652294363076694,2482153.0,666.0,897.0,True,False
2,2,15848744212128256168,Falcon-padded-512,0.008534866152331233,0.00033701700158417225,5.705305375158787e-05,22.379244395066053,1.6618699018185892,2482153.0,666.0,897.0,True,False
2,2,10002721663809044201,Falcon-padded-512,0.008344306144863367,0.00033180718310177326,5.7025812566280365e-05,10.7161809199024,1.6831387380441538,2482153.0,666.0,897.0,True,False
2,3,15848744212128256168,Falcon-padded-512,0.006317131919786334,0.000486874021589756,7.607601583003998e-05,22.975199261913076,1.4740073673260479,2482153.0,666.0,897.0,True,False
2,3,808481450248392172,Falcon-padded-512,0.007449581986293197,0.000420538941398263,5.6295888498425484e-05,22.975297221913934,1.496409642048918,2482153.0,666.0,897.0,True,False
2,3,9672529725821126023,Falcon-padded-512,0.00603879801928997,0.0004075770266354084,7.800501771271229e-05,23.129803425865248,1.4932873399493793,2482153.0,666.0,897.0,True,False
2,3,9892064953298417555,Falcon-padded-512,0.006730812834575772,0.000346190994605422,5.870708264410496e-05,23.36007570498623,1.5025720638208115,2482153.0,666.0,897.0,True,False
2,3,10002721663809044201,Falcon-padded-512,0.008908281102776527,0.0003270369488745928,5.654594860970974e-05,10.795362102100626,1.4968593244354564,2482153.0,666.0,897.0,True,False
2,4,9672529725821126023,Falcon-padded-512,0.00735576800070703,0.0003306809812784195,7.900106720626354e-05,22.008553070947528,1.3572992092123428,2482153.0,666.0,897.0,True,False
2,4,15848744212128256168,Falcon-padded-512,0.008757211035117507,0.0005227779038250446,5.825189873576164e-05,22.004897173959762,1.3422987274468516,2482153.0,666.0,897.0,True,False
2,4,808481450248392172,Falcon-padded-512,0.008821191033348441,0.0007856790907680988,6.160303018987179e-05,21.78567055100575,1.3746572005482147,2482153.0,666.0,897.0,True,False
2,4,9892064953298417555,Falcon-padded-512,0.006625806912779808,0.00038832705467939377,5.944119766354561e-05,21.922152139013633,1.3601216426291787,2482153.0,666.0,897.0,True,False
2,4,10002721663809044201,Falcon-padded-512,0.006453613983467221,0.00033408799208700657,5.976809188723564e-05,10.694026700919494,1.3712974613466964,2482153.0,666.0,897.0,True,False
2,5,15848744212128256168,Falcon-padded-512,0.008337162900716066,0.0005637111607939005,7.616099901497364e-05,21.91467595892027,1.2428120157589166,2482153.0,666.0,897.0,True,False
2,5,808481450248392172,Falcon-padded-512,0.006837327033281326,0.0004319511353969574,7.631699554622173e-05,21.908451807918027,1.2558660166332136,2482153.0,666.0,897.0,True,False
2,5,9672529725821126023,Falcon-padded-512,0.006712700007483363,0.0003516401629894972,5.625095218420029e-05,22.030755271902308,1.2526760107031265,2482153.0,666.0,897.0,True,False
2,5,9892064953298417555,Falcon-padded-512,0.009580249898135662,0.00038013490848243237,5.673710256814957e-05,22.058001647004858,1.2614336906911465,2482153.0,666.0,897.0,True,False
2,5,10002721663809044201,Falcon-padded-512,0.00585558102466166,0.00036870595067739487,6.0407212004065514e-05,10.803491713944823,1.2664262446732566,2482153.0,666.0,897.0,True,False
2,6,9892064953298417555,Falcon-padded-512,0.009907934116199613,0.0006365531589835882,9.06467903405428e-05,22.35114974505268,1.1590486296449607,2482153.0,666.0,897.0,True,False
2,6,15848744212128256168,Falcon-padded-512,0.014097318984568119,0.0006181041244417429,5.6747812777757645e-05,22.557711944915354,1.1399423139163862,2482153.0,666.0,897.0,True,False
2,6,9672529725821126023,Falcon-padded-512,0.010125132044777274,0.0004120669327676296,7.669394835829735e-05,22.63578949100338,1.1552652966100188,2482153.0,666.0,897.0,True,False
2,6,808481450248392172,Falcon-padded-512,0.007571239024400711,0.0003947510849684477,5.639903247356415e-05,22.89786652312614,1.16316186981841,2482153.0,666.0,897.0,True,False
2,6,10002721663809044201,Falcon-padded-512,0.006168551044538617,0.0003806471358984709,5.70609699934721e-05,10.766596087953076,1.1673984064842566,2482153.0,666.0,897.0,True,False
2,7,808481450248392172,Falcon-padded-512,0.007340980926528573,0.0003683939576148987,7.662386633455753e-05,21.631362575106323,1.0712774845357902,2482153.0,666.0,897.0,True,False
2,7,9892064953298417555,Falcon-padded-512,0.015049283858388662,0.00034693419001996517,5.6371092796325684e-05,21.905710528837517,1.078947466211959,2482153.0,666.0,897.0,True,False
2,7,15848744212128256168,Falcon-padded-512,0.006156734889373183,0.00040641590021550655,5.6530116125941277e-05,21.85317886294797,1.0707758783151546,2482153.0,666.0,897.0,True,False
2,7,9672529725821126023,Falcon-padded-512,0.0069241279270499945,0.00033659208565950394,5.893688648939133e-05,21.969778616912663,1.057732083355657,2482153.0,666.0,897.0,True,False
2,7,10002721663809044201,Falcon-padded-512,0.00631076586432755,0.00037437514401972294,6.644497625529766e-05,10.784887202084064,1.0678890741671236,2482153.0,666.0,897.0,True,False
2,8,808481450248392172,Falcon-padded-512,0.009426891105249524,0.000618733000010252,0.00010192417539656162,21.810401214985177,0.9916052625011712,2482153.0,666.0,897.0,True,False
2,8,9672529725821126023,Falcon-padded-512,0.018283748999238014,0.0005367710255086422,6.215204484760761e-05,21.723148161079735,0.990413626162008,2482153.0,666.0,897.0,True,False
2,8,15848744212128256168,Falcon-padded-512,0.006150302942842245,0.00041691306978464127,5.935900844633579e-05,21.990509814117104,0.9838598932321079,2482153.0,666.0,897.0,True,False
2,8,9892064953298417555,Falcon-padded-512,0.007317329989746213,0.0003368351608514786,5.9003010392189026e-05,22.067379051819444,0.9810279729648139,2482153.0,666.0,897.0,True,False
2,8,10002721663809044201,Falcon-padded-512,0.008496307069435716,0.0003369520418345928,6.187101826071739e-05,10.673602531896904,0.9960577982111861,2482153.0,666.0,897.0,True,False
2,9,15848744212128256168,Falcon-padded-512,0.008523148018866777,0.0005605530459433794,7.786485366523266e-05,22.56059269979596,0.908907834523783,2482153.0,666.0,897.0,True,False
2,9,9892064953298417555,Falcon-padded-512,0.0077127639669924974,0.00044323899783194065,5.610007792711258e-05,22.530786239774898,0.9215149431944655,2482153.0,666.0,897.0,True,False
2,9,9672529725821126023,Falcon-padded-512,0.006333727855235338,0.0003916970454156399,5.876179784536362e-05,22.70389019791037,0.9112475478230193,2482153.0,666.0,897.0,True,False
2,9,808481450248392172,Falcon-padded-512,0.009458272019401193,0.00038506207056343555,5.686795338988304e-05,22.907909537898377,0.9299397852283697,2482153.0,666.0,897.0,True,False
2,9,10002721663809044201,Falcon-padded-512,0.010673563927412033,0.00032847095280885696,0.00010646809823811054,10.752714511938393,0.9317660161291068,2482153.0,666.0,897.0,True,False
2,10,9892064953298417555,Falcon-padded-512,0.012727707158774137,0.0005294489674270153,8.344999514520168e-05,22.315894209081307,0.8315197520743544,2482153.0,666.0,897.0,True,False
2,10,15848744212128256168,Falcon-padded-512,0.008207965875044465,0.00034288293682038784,5.739484913647175e-05,22.347488242201507,0.8367801867544461,2482153.0,666.0,897.0,True,False
2,10,808481450248392172,Falcon-padded-512,0.01134485681541264,0.000600914005190134,5.6732213124632835e-05,22.27364372322336,0.8565158617382232,2482153.0,666.0,897.0,True,False
2,10,9672529725821126023,Falcon-padded-512,0.006823394913226366,0.00038204900920391083,5.585420876741409e-05,22.416179585037753,0.8517109481290507,2482153.0,666.0,897.0,True,False
2,10,10002721663809044201,Falcon-padded-512,0.005846386076882482,0.00033553806133568287,5.66849485039711e-05,10.684549601981416,0.8570649761932726,2482153.0,666.0,897.0,True,False
2,11,15848744212128256168,Falcon-padded-512,0.006381184095516801,0.0003923799376934767,7.611303590238094e-05,22.140305683016777,0.7790997253058437,2482153.0,666.0,897.0,True,False
2,11,808481450248392172,Falcon-padded-512,0.01283298502676189,0.000533748883754015,5.7026976719498634e-05,22.37319540209137,0.7986941477551628,2482153.0,666.0,897.0,True,False
2,11,9892064953298417555,Falcon-padded-512,0.006676943972706795,0.00047689909115433693,5.6487973779439926e-05,22.528106555109844,0.7840202528352554,2482153.0,666.0,897.0,True,False
2,11,9672529725821126023,Falcon-padded-512,0.006242072908207774,0.0003803309518843889,5.6752003729343414e-05,22.471045824000612,0.7976941142600185,2482153.0,666.0,897.0,True,False
2,11,10002721663809044201,Falcon-padded-512,0.006893213838338852,0.00036562420427799225,5.6423014029860497e-05,10.669224286917597,0.7921116721991914,2482153.0,666.0,897.0,True,False
2,12,808481450248392172,Falcon-padded-512,0.00907129910774529,0.0005826049018651247,7.67209567129612e-05,22.32671977300197,0.7539304661484191,2482153.0,666.0,897.0,True,False
2,12,15848744212128256168,Falcon-padded-512,0.017222549067810178,0.0007938968483358622,5.5930111557245255e-05,22.38499993714504,0.7236143840958897,2482153.0,666.0,897.0,True,False
2,12,9672529725821126023,Falcon-padded-512,0.008791646920144558,0.0005384099204093218,5.649495869874954e-05,22.728934924816713,0.7274292672689731,2482153.0,666.0,897.0,True,False
2,12,9892064953298417555,Falcon-padded-512,0.00807491410523653,0.0003316120710223913,5.675014108419418e-05,22.8658904240001,0.7203106900183157,2482153.0,666.0,897.0,True,False
2,12,10002721663809044201,Falcon-padded-512,0.01064126007258892,0.00032687606289982796,5.640392191708088e-05,10.90141261415556,0.7528589765865582,2482153.0,666.0,897.0,True,False
2,13,9892064953298417555,Falcon-padded-512,0.008984235813841224,0.0006167669780552387,7.817591540515423e-05,21.93823469383642,0.6722194825688871,2482153.0,666.0,897.0,True,False
2,13,808481450248392172,Falcon-padded-512,0.01179838995449245,0.0007153660990297794,5.6626973673701286e-05,22.09408581117168,0.6752180802745941,2482153.0,666.0,897.0,True,False
2,13,15848744212128256168,Falcon-padded-512,0.012420105980709195,0.0005202151369303465,0.00010180706158280373,22.27248855913058,0.6551649309099673,2482153.0,666.0,897.0,True,False
2,13,9672529725821126023,Falcon-padded-512,0.005915000103414059,0.0003910709638148546,5.7104043662548065e-05,22.375524166971445,0.7002794476934134,2482153.0,666.0,897.0,True,False
2,13,10002721663809044201,Falcon-padded-512,0.005724620074033737,0.00032231188379228115,5.708704702556133e-05,10.697681509889662,0.7060888791427063,2482153.0,666.0,897.0,True,False
2,14,808481450248392172,Falcon-padded-512,0.009840997867286205,0.0005730381235480309,7.605599239468575e-05,22.25503135402687,0.6465205173380077,2482153.0,666.0,897.0,True,False
2,14,9892064953298417555,Falcon-padded-512,0.012583676958456635,0.0005212239921092987,5.734385922551155e-05,22.352307504974306,0.6399796224249819,2482153.0,666.0,897.0,True,False
2,14,15848744212128256168,Falcon-padded-512,0.01173656596802175,0.0006349107716232538,5.6338030844926834e-05,22.33427077694796,0.6254729856603062,2482153.0,666.0,897.0,True,False
2,14,9672529725821126023,Falcon-padded-512,0.012842384865507483,0.00037811510264873505,6.554997526109219e-05,22.625408292049542,0.6265737275584057,2482153.0,666.0,897.0,True,False
2,14,10002721663809044201,Falcon-padded-512,0.006034081103280187,0.0003319098614156246,7.241987623274326e-05,10.73297294205986,0.6366114316704555,2482153.0,666.0,897.0,True,False
2,15,808481450248392172,Falcon-padded-512,0.007678407011553645,0.000775833148509264,7.54969660192728e-05,21.964428721927106,0.5894235551785737,2482153.0,666.0,897.0,True,False
2,15,15848744212128256168,Falcon-padded-512,0.0064935809932649136,0.0005056369118392467,5.716807208955288e-05,22.22808275395073,0.5913957196255081,2482153.0,666.0,897.0,True,False
2,15,9672529725821126023,Falcon-padded-512,0.01703324308618903,0.0006067829672247171,5.589495413005352e-05,22.276147396070883,0.5863594498259191,2482153.0,666.0,897.0,True,False
2,15,9892064953298417555,Falcon-padded-512,0.006985347019508481,0.0003717138897627592,6.511504761874676e-05,22.358427033992484,0.5831254313881404,2482153.0,666.0,897.0,True,False
2,15,10002721663809044201,Falcon-padded-512,0.006571972044184804,0.00033033103682100773,5.763908848166466e-05,10.73667719704099,0.5963018807930688,2482153.0,666.0,897.0,True,False
2,16,9892064953298417555,Falcon-padded-512,0.01132912584580481,0.0005291609559208155,7.622502744197845e-05,21.745256940135732,0.5515966576794846,2482153.0,666.0,897.0,True,False
2,16,808481450248392172,Falcon-padded-512,0.015091141918674111,0.0007290448993444443,5.585001781582832e-05,21.844022575067356,0.5509199757283678,2482153.0,666.0,897.0,True,False
2,16,15848744212128256168,Falcon-padded-512,0.007515526143833995,0.00037292600609362125,5.662115290760994e-05,22.084956626873463,0.5300563925061934,2482153.0,666.0,897.0,True,False
2,16,9672529725821126023,Falcon-padded-512,0.008446653140708804,0.0003923778422176838,5.625002086162567e-05,22.0722121859435,0.57150336431143,2482153.0,666.0,897.0,True,False
2,16,10002721663809044201,Falcon-padded-512,0.007075248984619975,0.0003631568979471922,5.778414197266102e-05,10.657574870157987,0.561309928401781,2482153.0,666.0,897.0,True,False
2,17,9672529725821126023,Falcon-padded-512,0.011469854973256588,0.0003439499996602535,7.68410973250866e-05,22.30593910184689,0.5370709404539757,2482153.0,666.0,897.0,True,False
2,17,9892064953298417555,Falcon-padded-512,0.021929637994617224,0.00047426088713109493,5.597202107310295e-05,22.664561363868415,0.5126666267173359,2482153.0,666.0,897.0,True,False
2,17,15848744212128256168,Falcon-padded-512,0.005715373205021024,0.00039088004268705845,5.6996941566467285e-05,22.79665849893354,0.5095589344327252,2482153.0,666.0,897.0,True,False
2,17,808481450248392172,Falcon-padded-512,0.009059092029929161,0.0003591170534491539,5.793687887489796e-05,22.710896793054417,0.5151654379174542,2482153.0,666.0,897.0,True,False
2,17,10002721663809044201,Falcon-padded-512,0.007152843056246638,0.0003270797897130251,8.361018262803555e-05,10.712540372973308,0.5333861964769637,2482153.0,666.0,897.0,True,False
2,18,9892064953298417555,Falcon-padded-512,0.012881414964795113,0.0005869520828127861,7.598381489515305e-05,22.4906506780535,0.4812783769334848,2482153.0,666.0,897.0,True,False
2,18,9672529725821126023,Falcon-padded-512,0.011972656939178705,0.0003869989886879921,5.6410906836390495e-05,22.632950733881444,0.49667747312793714,2482153.0,666.0,897.0,True,False
2,18,15848744212128256168,Falcon-padded-512,0.009733818005770445,0.0005346459802240133,5.63149806112051e-05,22.66887171496637,0.4775616039995092,2482153.0,666.0,897.0,True,False
2,18,808481450248392172,Falcon-padded-512,0.006181362085044384,0.00033876486122608185,5.6792981922626495e-05,23.166884755017236,0.49022861420156094,2482153.0,666.0,897.0,True,False
2,18,10002721663809044201,Falcon-padded-512,0.012735202210024,0.0003872078377753496,5.6558987125754356e-05,10.946237167110667,0.49399261118266913,2482153.0,666.0,897.0,True,False
2,19,15848744212128256168,Falcon-padded-512,0.009753966936841607,0.0005934929940849543,0.00014478620141744614,21.86610099906102,0.4314037577484172,2482153.0,666.0,897.0,True,False
2,19,9892064953298417555,Falcon-padded-512,0.006218594964593649,0.00039437715895473957,6.085098721086979e-05,21.94357451889664,0.4654504324431522,2482153.0,666.0,897.0,True,False
2,19,9672529725821126023,Falcon-padded-512,0.0082336759660393,0.0003427190240472555,8.332892321050167e-05,22.00188574194908,0.4586735277142102,2482153.0,666.0,897.0,True,False
2,19,808481450248392172,Falcon-padded-512,0.008110897848382592,0.0003887100610882044,6.264401599764824e-05,22.23426381009631,0.47966914260968235,2482153.0,666.0,897.0,True,False
2,19,10002721663809044201,Falcon-padded-512,0.007225851062685251,0.00033311499282717705,5.9993937611579895e-05,10.748206499963999,0.4621499097718598,2482153.0,666.0,897.0,True,False
2,20,15848744212128256168,Falcon-padded-512,0.014910890953615308,0.0003637040499597788,8.602184243500233e-05,22.93934516608715,0.4455645074859595,2482153.0,666.0,897.0,True,False
2,20,9672529725821126023,Falcon-padded-512,0.008599288994446397,0.000403151148930192,5.6637218222022057e-05,23.011946556856856,0.44811010154815145,2482153.0,666.0,897.0,True,False
2,20,9892064953298417555,Falcon-padded-512,0.006020658882334828,0.0004051139112561941,5.587702617049217e-05,23.125334032112733,0.4348317782659405,2482153.0,666.0,897.0,True,False
2,20,808481450248392172,Falcon-padded-512,0.006091343006119132,0.00033182394690811634,5.704700015485287e-05,23.26200172211975,0.4357179703916938,2482153.0,666.0,897.0,True,False
2,20,10002721663809044201,Falcon-padded-512,0.008673699805513024,0.0003893321845680475,5.656084977090359e-05,10.707320304121822,0.4512962294272341,2482153.0,666.0,897.0,True,False
2,21,15848744212128256168,Falcon-padded-512,0.008709545014426112,0.0006595638114959002,7.719593122601509e-05,21.920202386099845,0.39296307279088627,2482153.0,666.0,897.0,True,False
2,21,9892064953298417555,Falcon-padded-512,0.01504284399561584,0.0006007768679410219,5.652196705341339e-05,22.06651259213686,0.40154931042640923,2482153.0,666.0,897.0,True,False
2,21,9672529725821126023,Falcon-padded-512,0.01081982092000544,0.0005042890552431345,5.722697824239731e-05,22.11997170886025,0.41610079394361843,2482153.0,666.0,897.0,True,False
2,21,808481450248392172,Falcon-padded-512,0.00909004407003522,0.0004890968557447195,5.692499689757824e-05,22.360897741978988,0.4087294599535271,2482153.0,666.0,897.0,True,False
2,21,10002721663809044201,Falcon-padded-512,0.010116459103301167,0.0003349140752106905,5.7931989431381226e-05,10.814566957065836,0.413569696735555,2482153.0,666.0,897.0,True,False
2,22,9892064953298417555,Falcon-padded-512,0.008828185964375734,0.0005076429806649685,7.654493674635887e-05,21.794522860087454,0.3927519102565968,2482153.0,666.0,897.0,True,False
2,22,9672529725821126023,Falcon-padded-512,0.007451580837368965,0.00042507494799792767,5.687912926077843e-05,21.858082139864564,0.4069549338029215,2482153.0,666.0,897.0,True,False
2,22,808481450248392172,Falcon-padded-512,0.006289576878771186,0.000402271980419755,5.6374119594693184e-05,21.965506000211462,0.3832605124626773,2482153.0,666.0,897.0,True,False
2,22,15848744212128256168,Falcon-padded-512,0.008667816873639822,0.00033343303948640823,5.588703788816929e-05,21.922300551086664,0.37321778219609786,2482153.0,666.0,897.0,True,False
2,22,10002721663809044201,Falcon-padded-512,0.008298286003991961,0.0003824811428785324,5.549285560846329e-05,11.004749447805807,0.3775501435104841,2482153.0,666.0,897.0,True,False
2,23,15848744212128256168,Falcon-padded-512,0.00910732289776206,0.0004953010939061642,7.667997851967812e-05,23.008351851953194,0.3427117343563527,2482153.0,666.0,897.0,True,False
2,23,808481450248392172,Falcon-padded-512,0.010377167025581002,0.00046317395754158497,5.691288970410824e-05,23.384303422877565,0.3658414972089112,2482153.0,666.0,897.0,True,False
2,23,9892064953298417555,Falcon-padded-512,0.009250086033716798,0.0006108989473432302,6.606290116906166e-05,23.33221850404516,0.3695925402190215,2482153.0,666.0,897.0,True,False
2,23,9672529725821126023,Falcon-padded-512,0.00626657297834754,0.0003310060128569603,5.643395707011223e-05,23.508122954983264,0.3878111202513781,2482153.0,666.0,897.0,True,False
2,23,10002721663809044201,Falcon-padded-512,0.00623845704831183,0.00033689290285110474,5.597900599241257e-05,10.849950202042237,0.38406973077168766,2482153.0,666.0,897.0,True,False
2,24,808481450248392172,Falcon-padded-512,0.01192753599025309,0.0004892039578408003,7.649906910955906e-05,21.804815204814076,0.36527505033789354,2482153.0,666.0,897.0,True,False
2,24,15848744212128256168,Falcon-padded-512,0.013501249952241778,0.0005732611753046513,5.73229044675827e-05,21.923234708141536,0.3440022385625627,2482153.0,666.0,897.0,True,False
2,24,9672529725821126023,Falcon-padded-512,0.007394383195787668,0.00042000808753073215,5.637994036078453e-05,21.984599767951295,0.3658094530383619,2482153.0,666.0,897.0,True,False
2,24,9892064953298417555,Falcon-padded-512,0.006903829984366894,0.0003746901638805866,5.7040946558117867e-05,22.085014607058838,0.3640951532156418,2482153.0,666.0,897.0,True,False
2,24,10002721663809044201,Falcon-padded-512,0.011182995978742838,0.0003921960014849901,5.662115290760994e-05,11.068541256012395,0.3480686502376446,2482153.0,666.0,897.0,True,False
2,25,9672529725821126023,Falcon-padded-512,0.009311237139627337,0.0004859999753534794,7.938710041344166e-05,21.8466636731755,0.332036853004723,2482153.0,666.0,897.0,True,False
2,25,9892064953298417555,Falcon-padded-512,0.008690431015565991,0.000583181856200099,5.652988329529762e-05,22.003895309055224,0.34199214002977424,2482153.0,666.0,897.0,True,False
2,25,808481450248392172,Falcon-padded-512,0.009451083140447736,0.00047027692198753357,5.6233955547213554e-05,22.127967048902065,0.3298153201588236,2482153.0,666.0,897.0,True,False
2,25,15848744212128256168,Falcon-padded-512,0.009259989019483328,0.00033114105463027954,5.644001066684723e-05,22.17410082090646,0.32177828043437423,2482153.0,666.0,897.0,True,False
2,25,10002721663809044201,Falcon-padded-512,0.008660204941406846,0.00033268891274929047,6.94140326231718e-05,10.740297730080783,0.33752197858255606,2482153.0,666.0,897.0,True,False
2,26,9672529725821126023,Falcon-padded-512,0.007947792997583747,0.0004048440605401993,0.00013202009722590446,22.468593595083803,0.3396962728149023,2482153.0,666.0,897.0,True,False
2,26,808481450248392172,Falcon-padded-512,0.009507935959845781,0.000554545084014535,6.113294512033463e-05,22.400403085863218,0.3282873153882905,2482153.0,666.0,897.0,True,False
2,26,9892064953298417555,Falcon-padded-512,0.005919301183894277,0.00039664306677877903,7.026293314993382e-05,22.639272548025474,0.3344014250128842,2482153.0,666.0,897.0,True,False
2,26,15848744212128256168,Falcon-padded-512,0.010434479918330908,0.0005379528738558292,6.167497485876083e-05,22.800735962809995,0.316166278301402,2482153.0,666.0,897.0,True,False
2,26,10002721663809044201,Falcon-padded-512,0.006941131083294749,0.0003277531359344721,6.358698010444641e-05,10.87475112406537,0.3338997640614264,2482153.0,666.0,897.0,True,False
2,27,808481450248392172,Falcon-padded-512,0.007182793924584985,0.000344481086358428,7.842411287128925e-05,22.17862621205859,0.31487606199883733,2482153.0,666.0,897.0,True,False
2,27,9892064953298417555,Falcon-padded-512,0.01310772099532187,0.0004190790932625532,5.663302727043629e-05,22.26783049106598,0.31830887366592076,2482153.0,666.0,897.0,True,False
2,27,15848744212128256168,Falcon-padded-512,0.010090972064062953,0.0003672011662274599,5.6126853451132774e-05,22.34210642101243,0.2904010580513424,2482153.0,666.0,897.0,True,False
2,27,9672529725821126023,Falcon-padded-512,0.005698160966858268,0.0003772629424929619,5.628494545817375e-05,22.439402712974697,0.3105011962000102,2482153.0,666.0,897.0,True,False
2,27,10002721663809044201,Falcon-padded-512,0.009799642954021692,0.0003328761085867882,5.617109127342701e-05,10.860841231886297,0.3092502167778679,2482153.0,666.0,897.0,True,False
2,28,9892064953298417555,Falcon-padded-512,0.007267154986038804,0.00036790804006159306,7.656891830265522e-05,22.197849799878895,0.2938150652838996,2482153.0,666.0,897.0,True,False
2,28,15848744212128256168,Falcon-padded-512,0.007320083910599351,0.00039294990710914135,5.660182796418667e-05,22.125952798873186,0.2747019682452975,2482153.0,666.0,897.0,True,False
2,28,808481450248392172,Falcon-padded-512,0.007152121979743242,0.0004142958205193281,5.8040954172611237e-05,22.383583461865783,0.30213522100032636,2482153.0,666.0,897.0,True,False
2,28,9672529725821126023,Falcon-padded-512,0.007844273000955582,0.00038846302777528763,5.917414091527462e-05,22.418848372995853,0.30275646875799894,2482153.0,666.0,897.0,True,False
2,28,10002721663809044201,Falcon-padded-512,0.008292778860777617,0.0003664318937808275,5.6056072935462e-05,10.800564465811476,0.2994609526165139,2482153.0,666.0,897.0,True,False
2,29,15848744212128256168,Falcon-padded-512,0.011607805965468287,0.0003548420500010252,0.0001169620081782341,22.430503527866676,0.2754330464068595,2482153.0,666.0,897.0,True,False
2,29,9892064953298417555,Falcon-padded-512,0.009298101998865604,0.00047861202619969845,5.656108260154724e-05,22.723936933092773,0.2890034188544705,2482153.0,666.0,897.0,True,False
2,29,9672529725821126023,Falcon-padded-512,0.01219183299690485,0.0004704210441559553,5.892501212656498e-05,22.791905008023605,0.2803559715401369,2482153.0,666.0,897.0,True,False
2,29,808481450248392172,Falcon-padded-512,0.005862415069714189,0.000331647926941514,5.647609941661358e-05,23.03968566004187,0.28533834088950777,2482153.0,666.0,897.0,True,False
2,29,10002721663809044201,Falcon-padded-512,0.007233093958348036,0.0003363308496773243,5.6345947086811066e-05,10.807326260954142,0.28759352699779095,2482153.0,666.0,897.0,True,False
2,30,15848744212128256168,Falcon-padded-512,0.006196474190801382,0.0005416788626462221,9.096995927393436e-05,22.280150779057294,0.2572103404855064,2482153.0,666.0,897.0,True,False
2,30,9892064953298417555,Falcon-padded-512,0.007091074017807841,0.0003847701009362936,5.614478141069412e-05,22.61474904208444,0.282885845673208,2482153.0,666.0,897.0,True,False
2,30,9672529725821126023,Falcon-padded-512,0.0072989920154213905,0.0005800761282444,5.63240610063076e-05,22.55350247491151,0.2737991233358529,2482153.0,666.0,897.0,True,False
2,30,808481450248392172,Falcon-padded-512,0.007399671943858266,0.00035495287738740444,5.629099905490875e-05,22.558713892940432,0.2753693951894871,2482153.0,666.0,897.0,True,False
2,30,10002721663809044201,Falcon-padded-512,0.009082472883164883,0.0003697208594530821,5.604606121778488e-05,11.280770502984524,0.2622523781703636,2482153.0,666.0,897.0,True,False
3,1,13264963746681839519,Falcon-padded-512,0.014157415134832263,0.0006579291075468063,0.00014458014629781246,21.78997083986178,1.842407361387064,2482153.0,666.0,897.0,True,False
3,1,8647448316144490624,Falcon-padded-512,0.007953352062031627,0.0006571800913661718,0.0001170639880001545,21.924928617896512,1.8616281747817993,2482153.0,666.0,897.0,True,False
3,1,6010022578357600533,Falcon-padded-512,0.014020811999216676,0.000585546949878335,7.693911902606487e-05,22.094523875042796,1.8319942505595783,2482153.0,666.0,897.0,True,False
3,1,5172004492925128739,Falcon-padded-512,0.006849423050880432,0.0004339548759162426,7.157307118177414e-05,22.214379471959546,1.90264578101734,2482153.0,666.0,897.0,True,False
3,1,8602730725630334157,Falcon-padded-512,0.007297183852642775,0.00033536902628839016,7.424806244671345e-05,10.788470084080473,1.8484171617526215,2482153.0,666.0,897.0,True,False
3,2,8647448316144490624,Falcon-padded-512,0.011797268874943256,0.0005332850851118565,7.682293653488159e-05,22.704537037061527,1.601589824825811,2482153.0,666.0,897.0,True,False
3,2,13264963746681839519,Falcon-padded-512,0.01083716913126409,0.0005469999741762877,5.95760066062212e-05,22.65128251700662,1.6196888125361726,2482153.0,666.0,897.0,True,False
3,2,5172004492925128739,Falcon-padded-512,0.009529403876513243,0.00036191707476973534,5.99161721765995e-05,22.892143992939964,1.6446683890522478,2482153.0,666.0,897.0,True,False
3,2,6010022578357600533,Falcon-padded-512,0.013075660215690732,0.00033508194610476494,5.7009048759937286e-05,22.998092220863327,1.5909436773568297,2482153.0,666.0,897.0,True,False
3,2,8602730725630334157,Falcon-padded-512,0.007496747886762023,0.000528138130903244,5.591614171862602e-05,10.748380857985467,1.6056757022778447,2482153.0,666.0,897.0,True,False
3,3,6010022578357600533,Falcon-padded-512,0.007987539051100612,0.000524197006598115,8.001597598195076e-05,21.45340818585828,1.4349177620662288,2482153.0,666.0,897.0,True,False
3,3,8647448316144490624,Falcon-padded-512,0.007680826121941209,0.0004480250645428896,5.7211145758628845e-05,21.840582605917007,1.4186287149072836,2482153.0,666.0,897.0,True,False
3,3,13264963746681839519,Falcon-padded-512,0.010629220167174935,0.0005219778977334499,5.653197877109051e-05,21.899171747965738,1.415189822260945,2482153.0,666.0,897.0,True,False
3,3,5172004492925128739,Falcon-padded-512,0.007815720979124308,0.0004300549626350403,6.802496500313282e-05,21.93071690411307,1.436054903097427,2482153.0,666.0,897.0,True,False
3,3,8602730725630334157,Falcon-padded-512,0.00663635297678411,0.000375877832993865,5.6196004152297974e-05,10.968191486783326,1.42275110315591,2482153.0,666.0,897.0,True,False
3,4,13264963746681839519,Falcon-padded-512,0.008893609046936035,0.0005550747737288475,7.519801147282124e-05,21.5720434919931,1.2852144262280327,2482153.0,666.0,897.0,True,False
3,4,6010022578357600533,Falcon-padded-512,0.01051689381711185,0.0007553189061582088,5.638902075588703e-05,21.46899713203311,1.2939963771131473,2482153.0,666.0,897.0,True,False
3,4,5172004492925128739,Falcon-padded-512,0.009572848211973906,0.00035893009044229984,5.683698691427708e-05,21.858693975955248,1.2780439758453126,2482153.0,666.0,897.0,True,False
3,4,8647448316144490624,Falcon-padded-512,0.008888821117579937,0.00038758013397455215,5.705212242901325e-05,21.767000230029225,1.2758083575830672,2482153.0,666.0,897.0,True,False
3,4,8602730725630334157,Falcon-padded-512,0.009725836105644703,0.0005374760366976261,5.7001831009984016e-05,10.997049700003117,1.2989477833239034,2482153.0,666.0,897.0,True,False
3,5,5172004492925128739,Falcon-padded-512,0.008807482896372676,0.0005817431956529617,0.00012444588355720043,22.522486086003482,1.186087983484847,2482153.0,666.0,897.0,True,False
3,5,8647448316144490624,Falcon-padded-512,0.008688531117513776,0.000498719047755003,5.818204954266548e-05,22.670239283004776,1.1785811669529436,2482153.0,666.0,897.0,True,False
3,5,6010022578357600533,Falcon-padded-512,0.006702589802443981,0.0003442040178924799,5.6423014029860497e-05,22.95108221285045,1.1870727601904458,2482153.0,666.0,897.0,True,False
3,5,13264963746681839519,Falcon-padded-512,0.008660223102197051,0.0004013068974018097,7.828790694475174e-05,23.21929769590497,1.16550090137762,2482153.0,666.0,897.0,True,False
3,5,8602730725630334157,Falcon-padded-512,0.010991479037329555,0.0003304739948362112,5.9537123888731e-05,10.83573472010903,1.1838890904435715,2482153.0,666.0,897.0,True,False
3,6,6010022578357600533,Falcon-padded-512,0.009212092962116003,0.000492393970489502,7.671606726944447e-05,22.097801219904795,1.0890573244125317,2482153.0,666.0,897.0,True,False
3,6,5172004492925128739,Falcon-padded-512,0.010321367997676134,0.0005371300503611565,6.0416990891098976e-05,22.293632959015667,1.0812220303014444,2482153.0,666.0,897.0,True,False
3,6,8647448316144490624,Falcon-padded-512,0.006229354999959469,0.00035522389225661755,6.212294101715088e-05,22.501041534123942,1.0772565973642916,2482153.0,666.0,897.0,True,False
3,6,13264963746681839519,Falcon-padded-512,0.009643281111493707,0.00033818394877016544,5.721906200051308e-05,22.556826130952686,1.0802472038581348,2482153.0,666.0,897.0,True,False
3,6,8602730725630334157,Falcon-padded-512,0.006574574857950211,0.00032280408777296543,5.828007124364376e-05,10.842939702095464,1.0976433347398862,2482153.0,666.0,897.0,True,False
3,7,13264963746681839519,Falcon-padded-512,0.010077384999021888,0.0006043780595064163,7.514096796512604e-05,21.589644104009494,0.9860845779458555,2482153.0,666.0,897.0,True,False
3,7,8647448316144490624,Falcon-padded-512,0.0064542649779468775,0.0005479860119521618,8.023600094020367e-05,22.041722853900865,1.0027002166635313,2482153.0,666.0,897.0,True,False
3,7,6010022578357600533,Falcon-padded-512,0.0068524370435625315,0.00039290706627070904,5.5928947404026985e-05,22.17777310614474,1.0060728600802131,2482153.0,666.0,897.0,True,False
3,7,5172004492925128739,Falcon-padded-512,0.0062879761680960655,0.0004256051033735275,5.652592517435551e-05,22.12248984701,1.009787353654258,2482153.0,666.0,897.0,True,False
3,7,8602730725630334157,Falcon-padded-512,0.011457873042672873,0.00033776508644223213,5.59540931135416e-05,10.890135020017624,1.0185529524906756,2482153.0,666.0,897.0,True,False
3,8,13264963746681839519,Falcon-padded-512,0.010101151186972857,0.0006116789299994707,9.508593939244747e-05,22.367901854915544,0.9377750148788427,2482153.0,666.0,897.0,True,False
3,8,5172004492925128739,Falcon-padded-512,0.007510476047173142,0.0005922589916735888,7.156794890761375e-05,22.312855376163498,0.9306315233151372,2482153.0,666.0,897.0,True,False
3,8,6010022578357600533,Falcon-padded-512,0.024862393038347363,0.0003597191534936428,6.340490654110909e-05,22.320841687032953,0.9468813753737428,2482153.0,666.0,897.0,True,False
3,8,8647448316144490624,Falcon-padded-512,0.008348384872078896,0.00033663702197372913,6.064516492187977e-05,22.586098165018484,0.9149596136979783,2482153.0,666.0,897.0,True,False
3,8,8602730725630334157,Falcon-padded-512,0.006089671049267054,0.00033592386171221733,6.246310658752918e-05,10.677829255815595,0.9312027277657018,2482153.0,666.0,897.0,True,False
3,9,6010022578357600533,Falcon-padded-512,0.007914080983027816,0.0006767641752958298,7.525505498051643e-05,22.10886911000125,0.8677425321679526,2482153.0,666.0,897.0,True,False
3,9,8647448316144490624,Falcon-padded-512,0.011794357094913721,0.0006928739603608847,6.638700142502785e-05,22.148272605147213,0.852084116147349,2482153.0,666.0,897.0,True,False
3,9,13264963746681839519,Falcon-padded-512,0.006486434955149889,0.000613051000982523,5.95911405980587e-05,22.218310195952654,0.8565981737531412,2482153.0,666.0,897.0,True,False
3,9,5172004492925128739,Falcon-padded-512,0.008356220787391067,0.0003567009698599577,5.970499478280544e-05,22.35545914201066,0.8679120382561851,2482153.0,666.0,897.0,True,False
3,9,8602730725630334157,Falcon-padded-512,0.005875458009541035,0.00038442411459982395,5.817902274429798e-05,10.81351818703115,0.8735666193139439,2482153.0,666.0,897.0,True,False
3,10,5172004492925128739,Falcon-padded-512,0.007528284098953009,0.00035112001933157444,7.961015217006207e-05,21.949365664971992,0.8091692610289722,2482153.0,666.0,897.0,True,False
3,10,8647448316144490624,Falcon-padded-512,0.01388643286190927,0.0005257800221443176,5.690893158316612e-05,21.951742368983105,0.8111694303754801,2482153.0,666.0,897.0,True,False
3,10,13264963746681839519,Falcon-padded-512,0.006673516938462853,0.0004033590666949749,5.7495199143886566e-05,22.210936304880306,0.7947630526158757,2482153.0,666.0,897.0,True,False
3,10,6010022578357600533,Falcon-padded-512,0.0073725320398807526,0.0003945431672036648,6.617000326514244e-05,22.309373416937888,0.8096263791425541,2482153.0,666.0,897.0,True,False
3,10,8602730725630334157,Falcon-padded-512,0.007533813128247857,0.00032947096042335033,6.003514863550663e-05,10.67792668309994,0.8275985009373187,2482153.0,666.0,897.0,True,False
3,11,13264963746681839519,Falcon-padded-512,0.01735827513039112,0.0005847439169883728,7.798802107572556e-05,22.186851826962084,0.7330600963042567,2482153.0,666.0,897.0,True,False
3,11,6010022578357600533,Falcon-padded-512,0.009435652988031507,0.0003467719070613384,5.680904723703861e-05,22.594519483856857,0.7469143488060552,2482153.0,666.0,897.0,True,False
3,11,5172004492925128739,Falcon-padded-512,0.005706969881430268,0.00034053297713398933,5.680113099515438e-05,22.568535405909643,0.7569787844110982,2482153.0,666.0,897.0,True,False
3,11,8647448316144490624,Falcon-padded-512,0.009564704028889537,0.0005508509930223227,5.6137097999453545e-05,22.560380324954167,0.7543945413427993,2482153.0,666.0,897.0,True,False
3,11,8602730725630334157,Falcon-padded-512,0.008791576838120818,0.00032675499096512794,5.715410225093365e-05,10.697284213965759,0.7613851377567925,2482153.0,666.0,897.0,True,False
3,12,8647448316144490624,Falcon-padded-512,0.00921612000092864,0.000570997130125761,8.98891594260931e-05,21.61958865309134,0.697158081748615,2482153.0,666.0,897.0,True,False
3,12,5172004492925128739,Falcon-padded-512,0.00962700485251844,0.0006834107916802168,6.264704279601574e-05,21.783155360957608,0.6996806179182217,2482153.0,666.0,897.0,True,False
3,12,13264963746681839519,Falcon-padded-512,0.010255080880597234,0.0005561511497944593,5.776388570666313e-05,22.065735313110054,0.6687021955324057,2482153.0,666.0,897.0,True,False
3,12,6010022578357600533,Falcon-padded-512,0.00662205507978797,0.0003925331402570009,7.099402137100697e-05,22.17757272021845,0.7076570010794618,2482153.0,666.0,897.0,True,False
3,12,8602730725630334157,Falcon-padded-512,0.006225161952897906,0.0003350998740643263,5.7167140766978264e-05,10.841173430904746,0.711130371251807,2482153.0,666.0,897.0,True,False
3,13,5172004492925128739,Falcon-padded-512,0.008765502134338021,0.0004033979494124651,7.44981225579977e-05,21.611091540195048,0.6554724009939656,2482153.0,666.0,897.0,True,False
3,13,13264963746681839519,Falcon-padded-512,0.009497698862105608,0.0005450809840112925,5.8581121265888214e-05,22.064192397054285,0.6405023785587698,2482153.0,666.0,897.0,True,False
3,13,8647448316144490624,Falcon-padded-512,0.007654604967683554,0.00040925899520516396,5.630706436932087e-05,21.96878335508518,0.6468606112768855,2482153.0,666.0,897.0,True,False
3,13,6010022578357600533,Falcon-padded-512,0.006792685016989708,0.0003452128730714321,5.7653989642858505e-05,22.117323368089274,0.6614169816191966,2482153.0,666.0,897.0,True,False
3,13,8602730725630334157,Falcon-padded-512,0.006381514016538858,0.00033629382960498333,5.807285197079182e-05,10.877646492095664,0.6660623146703069,2482153.0,666.0,897.0,True,False
3,14,5172004492925128739,Falcon-padded-512,0.010287964018061757,0.0006480300799012184,7.63838179409504e-05,22.701189416926354,0.6128692544115999,2482153.0,666.0,897.0,True,False
3,14,8647448316144490624,Falcon-padded-512,0.010773715795949101,0.00045055802911520004,5.736085586249828e-05,22.765259749954566,0.6007425436815514,2482153.0,666.0,897.0,True,False
3,14,13264963746681839519,Falcon-padded-512,0.006748114945366979,0.00035159895196557045,5.681603215634823e-05,22.787963178008795,0.5983549399783437,2482153.0,666.0,897.0,True,False
3,14,6010022578357600533,Falcon-padded-512,0.005855173105373979,0.00034454185515642166,5.6592049077153206e-05,22.858869068091735,0.6148095905971223,2482153.0,666.0,897.0,True,False
3,14,8602730725630334157,Falcon-padded-512,0.006713302806019783,0.00032787490636110306,5.630520172417164e-05,10.678446456091478,0.6069994029669336,2482153.0,666.0,897.0,True,False
3,15,5172004492925128739,Falcon-padded-512,0.010598227847367525,0.0005693880375474691,7.729209028184414e-05,22.015958416974172,0.5672604186942403,2482153.0,666.0,897.0,True,False
3,15,6010022578357600533,Falcon-padded-512,0.006238194881007075,0.0006155660375952721,5.6438148021698e-05,22.2387465541251,0.5782804990919254,2482153.0,666.0,897.0,True,False
3,15,8647448316144490624,Falcon-padded-512,0.009568830952048302,0.0005183520261198282,5.672406405210495e-05,22.244793965946883,0.581418710002027,2482153.0,666.0,897.0,True,False
3,15,13264963746681839519,Falcon-padded-512,0.010929048992693424,0.0003305608406662941,5.62549103051424e-05,22.322035965975374,0.5668576278577978,2482153.0,666.0,897.0,True,False
3,15,8602730725630334157,Falcon-padded-512,0.006214028922840953,0.0003228839486837387,5.605188198387623e-05,10.780381928896531,0.5640975007900415,2482153.0,666.0,897.0,True,False
3,16,6010022578357600533,Falcon-padded-512,0.008750179084017873,0.000636642100289464,9.909598156809807e-05,22.174505243077874,0.5300240632825004,2482153.0,666.0,897.0,True,False
3,16,5172004492925128739,Falcon-padded-512,0.006138765951618552,0.00043025589548051357,6.655487231910229e-05,22.407123608049005,0.532163105286158,2482153.0,666.0,897.0,True,False
3,16,8647448316144490624,Falcon-padded-512,0.009765244089066982,0.0005114011000841856,5.710008554160595e-05,22.38790065399371,0.5405958814742847,2482153.0,666.0,897.0,True,False
3,16,13264963746681839519,Falcon-padded-512,0.0065564371179789305,0.0003448550123721361,5.77019527554512e-05,22.560957830166444,0.5339782009966457,2482153.0,666.0,897.0,True,False
3,16,8602730725630334157,Falcon-padded-512,0.006082786014303565,0.0003386070020496845,5.640089511871338e-05,11.032847195863724,0.554153343620963,2482153.0,666.0,897.0,True,False
3,17,8647448316144490624,Falcon-padded-512,0.012335828971117735,0.0003438189160078764,7.633003406226635e-05,22.51719726389274,0.49920276305474603,2482153.0,666.0,897.0,True,False
3,17,13264963746681839519,Falcon-padded-512,0.006293105892837048,0.0006229891441762447,5.6413933634757996e-05,22.568422660930082,0.5001746676981259,2482153.0,666.0,897.0,True,False
3,17,6010022578357600533,Falcon-padded-512,0.011283688945695758,0.000660961028188467,5.700206384062767e-05,22.656124983914196,0.5085354992173636,2482153.0,666.0,897.0,True,False
3,17,5172004492925128739,Falcon-padded-512,0.009951067855581641,0.0003289980813860893,5.618599243462086e-05,22.709233497967944,0.4802127067392436,2482153.0,666.0,897.0,True,False
3,17,8602730725630334157,Falcon-padded-512,0.006710464134812355,0.0003252890892326832,5.6315911933779716e-05,10.778963512042537,0.5209748230446071,2482153.0,666.0,897.0,True,False
3,18,5172004492925128739,Falcon-padded-512,0.009600699180737138,0.0015904589090496302,9.541306644678116e-05,21.748332001967356,0.475090923365027,2482153.0,666.0,897.0,True,False
3,18,6010022578357600533,Falcon-padded-512,0.006391195813193917,0.00042304093949496746,6.116903387010098e-05,21.870312521932647,0.4791042531926792,2482153.0,666.0,897.0,True,False
3,18,8647448316144490624,Falcon-padded-512,0.006987141910940409,0.00041140918619930744,5.9603946283459663e-05,21.903584173182026,0.4832938072828058,2482153.0,666.0,897.0,True,False
3,18,13264963746681839519,Falcon-padded-512,0.013351463014259934,0.0003880769945681095,5.9196026995778084e-05,22.013589720940217,0.4546036032227853,2482153.0,666.0,897.0,True,False
3,18,8602730725630334157,Falcon-padded-512,0.006241119001060724,0.00036912388168275356,6.0099875554442406e-05,10.707232215907425,0.5001678063084904,2482153.0,666.0,897.0,True,False
3,19,13264963746681839519,Falcon-padded-512,0.012264410965144634,0.0006011270452290773,7.523386739194393e-05,21.887905105017126,0.44374784046468646,2482153.0,666.0,897.0,True,False
3,19,6010022578357600533,Falcon-padded-512,0.013557088794186711,0.00046740402467548847,9.325891733169556e-05,21.656270866980776,0.4269383297727321,2482153.0,666.0,897.0,True,False
3,19,5172004492925128739,Falcon-padded-512,0.01076602190732956,0.0005045710131525993,6.340118125081062e-05,22.005605838028714,0.43908081867229254,2482153.0,666.0,897.0,True,False
3,19,8647448316144490624,Falcon-padded-512,0.008309260942041874,0.00035850913263857365,5.801999941468239e-05,21.890206711832434,0.45930237014786884,2482153.0,666.0,897.0,True,False
3,19,8602730725630334157,Falcon-padded-512,0.013139948016032577,0.0003353729844093323,5.664210766553879e-05,10.872221146011725,0.4716852909912126,2482153.0,666.0,897.0,True,False
3,20,6010022578357600533,Falcon-padded-512,0.007404980016872287,0.00034945900551974773,7.661804556846619e-05,22.32549987290986,0.4093444763292996,2482153.0,666.0,897.0,True,False
3,20,8647448316144490624,Falcon-padded-512,0.012357207015156746,0.0006150680128484964,5.6238844990730286e-05,22.499070594785735,0.4362963457731679,2482153.0,666.0,897.0,True,False
3,20,5172004492925128739,Falcon-padded-512,0.007033906877040863,0.0003522669430822134,5.692685954272747e-05,22.48492401605472,0.4097759058645453,2482153.0,666.0,897.0,True,False
3,20,13264963746681839519,Falcon-padded-512,0.006692416965961456,0.0003402510192245245,5.7074008509516716e-05,22.61064247903414,0.41036902438289824,2482153.0,666.0,897.0,True,False
3,20,8602730725630334157,Falcon-padded-512,0.009272444993257523,0.0003708628937602043,5.718902684748173e-05,10.783987977076322,0.4244813327008067,2482153.0,666.0,897.0,True,False
3,21,8647448316144490624,Falcon-padded-512,0.00862442678771913,0.00040868320502340794,9.406683966517448e-05,21.93646762613207,0.4017909114567426,2482153.0,666.0,897.0,True,False
3,21,5172004492925128739,Falcon-padded-512,0.016187743982300162,0.0005505350418388844,7.156981155276299e-05,21.962235840037465,0.3681769380435205,2482153.0,666.0,897.0,True,False
3,21,6010022578357600533,Falcon-padded-512,0.006076521007344127,0.0004232749342918396,6.251293234527111e-05,22.027324924012646,0.39453708952346356,2482153.0,666.0,897.0,True,False
3,21,13264963746681839519,Falcon-padded-512,0.009938647970557213,0.00033341883681714535,6.586802192032337e-05,22.08791331597604,0.3945090287861923,2482153.0,666.0,897.0,True,False
3,21,8602730725630334157,Falcon-padded-512,0.00589808588847518,0.00033689290285110474,5.6993914768099785e-05,10.933610189007595,0.4069975674295197,2482153.0,666.0,897.0,True,False
3,22,5172004492925128739,Falcon-padded-512,0.008687077090144157,0.00044212909415364265,8.049607276916504e-05,22.06679539103061,0.36945547935026235,2482153.0,666.0,897.0,True,False
3,22,13264963746681839519,Falcon-padded-512,0.009111750172451138,0.00034829298965632915,5.8510107919573784e-05,22.387320494046435,0.36410093144736827,2482153.0,666.0,897.0,True,False
3,22,6010022578357600533,Falcon-padded-512,0.00624896795488894,0.0003511160612106323,6.975885480642319e-05,22.531093972967938,0.3749841106281922,2482153.0,666.0,897.0,True,False
3,22,8647448316144490624,Falcon-padded-512,0.010318896034732461,0.00035450514405965805,5.935295484960079e-05,22.680684360908344,0.382053204758551,2482153.0,666.0,897.0,True,False
3,22,8602730725630334157,Falcon-padded-512,0.006750170839950442,0.00032755383290350437,5.686609074473381e-05,10.872904794057831,0.37581019685529293,2482153.0,666.0,897.0,True,False
3,23,8647448316144490624,Falcon-padded-512,0.011617135955020785,0.0005765389651060104,9.159091860055923e-05,22.204634969122708,0.3619732102914788,2482153.0,666.0,897.0,True,False
3,23,5172004492925128739,Falcon-padded-512,0.009701119968667626,0.0005706818774342537,6.047799251973629e-05,22.621228023897856,0.3378909658015774,2482153.0,666.0,897.0,True,False
3,23,13264963746681839519,Falcon-padded-512,0.006900364998728037,0.0003984279464930296,6.391317583620548e-05,23.02932132105343,0.3313518747145804,2482153.0,666.0,897.0,True,False
3,23,6010022578357600533,Falcon-padded-512,0.01368482899852097,0.0005603008903563023,6.556697189807892e-05,22.958168203011155,0.35344438536610373,2482153.0,666.0,897.0,True,False
3,23,8602730725630334157,Falcon-padded-512,0.005708715878427029,0.0003635771572589874,6.222305819392204e-05,10.897860944038257,0.3359448230682542,2482153.0,666.0,897.0,True,False
3,24,13264963746681839519,Falcon-padded-512,0.009472568985074759,0.0004867599345743656,9.129289537668228e-05,21.919223939068615,0.34489571415899567,2482153.0,666.0,897.0,True,False
3,24,6010022578357600533,Falcon-padded-512,0.011021940968930721,0.0005949861370027065,6.0573918744921684e-05,22.04901964403689,0.33719839058078516,2482153.0,666.0,897.0,True,False
3,24,8647448316144490624,Falcon-padded-512,0.006140712182968855,0.0005585879553109407,9.519699960947037e-05,22.154898719862103,0.3463345279905219,2482153.0,666.0,897.0,True,False
3,24,5172004492925128739,Falcon-padded-512,0.005830202018842101,0.00038867397233843803,5.878903903067112e-05,22.249563219957054,0.3428582577481152,2482153.0,666.0,897.0,True,False
3,24,8602730725630334157,Falcon-padded-512,0.006143491016700864,0.0003845470491796732,5.863304249942303e-05,10.887599390000105,0.3216554616449978,2482153.0,666.0,897.0,True,False
3,25,5172004492925128739,Falcon-padded-512,0.00796335912309587,0.0007192320190370083,7.847999222576618e-05,21.95947088394314,0.30948993837097866,2482153.0,666.0,897.0,True,False
3,25,6010022578357600533,Falcon-padded-512,0.010564152151346207,0.0005794130265712738,5.698204040527344e-05,22.15450038202107,0.3168842375186233,2482153.0,666.0,897.0,True,False
3,25,13264963746681839519,Falcon-padded-512,0.014262092998251319,0.0003655028995126486,5.7548051699995995e-05,22.234147300943732,0.31966172571416,2482153.0,666.0,897.0,True,False
3,25,8647448316144490624,Falcon-padded-512,0.007721330039203167,0.00035288999788463116,5.6484946981072426e-05,22.364847395103425,0.3233381779775166,2482153.0,666.0,897.0,True,False
3,25,8602730725630334157,Falcon-padded-512,0.005976409884169698,0.0004306579940021038,5.650985985994339e-05,10.779974974924698,0.32051356289440547,2482153.0,666.0,897.0,True,False
3,26,13264963746681839519,Falcon-padded-512,0.008967259898781776,0.0003914858680218458,7.500313222408295e-05,22.11743989121169,0.3162967678146086,2482153.0,666.0,897.0,True,False
3,26,6010022578357600533,Falcon-padded-512,0.015332576120272279,0.00046988087706267834,5.7034194469451904e-05,22.14706445299089,0.30189445382430435,2482153.0,666.0,897.0,True,False
3,26,5172004492925128739,Falcon-padded-512,0.007267215987667441,0.00037810998037457466,6.278092041611671e-05,22.36558615695685,0.2993819308496964,2482153.0,666.0,897.0,True,False
3,26,8647448316144490624,Falcon-padded-512,0.007263791048899293,0.0003305089194327593,7.152603939175606e-05,22.391261911019683,0.2920713700032748,2482153.0,666.0,897.0,True,False
3,26,8602730725630334157,Falcon-padded-512,0.007128072902560234,0.00032997201196849346,5.95669262111187e-05,10.921085216104984,0.30188611604439947,2482153.0,666.0,897.0,True,False
3,27,8647448316144490624,Falcon-padded-512,0.012346754083409905,0.0005445070564746857,8.482811972498894e-05,22.03851926792413,0.3096612304472885,2482153.0,666.0,897.0,True,False
3,27,13264963746681839519,Falcon-padded-512,0.026445962954312563,0.0006074130069464445,5.6033022701740265e-05,22.067197875119746,0.2951333507004316,2482153.0,666.0,897.0,True,False
3,27,6010022578357600533,Falcon-padded-512,0.0073611310217529535,0.0004045278765261173,5.679694004356861e-05,22.337070506066084,0.30431015278620366,2482153.0,666.0,897.0,True,False
3,27,5172004492925128739,Falcon-padded-512,0.006525118835270405,0.0003844329621642828,6.066099740564823e-05,22.57478799112141,0.2846345390719823,2482153.0,666.0,897.0,True,False
3,27,8602730725630334157,Falcon-padded-512,0.006552029168233275,0.000328197842463851,6.0575082898139954e-05,11.042681807884946,0.2932900881912476,2482153.0,666.0,897.0,True,False
3,28,6010022578357600533,Falcon-padded-512,0.006043288158252835,0.00035571190528571606,7.535004988312721e-05,22.197848618030548,0.2788344149599774,2482153.0,666.0,897.0,True,False
3,28,5172004492925128739,Falcon-padded-512,0.008285222109407187,0.0003474801778793335,5.610613152384758e-05,22.186881959903985,0.27668491160324493,2482153.0,666.0,897.0,True,False
3,28,8647448316144490624,Falcon-padded-512,0.009105957113206387,0.0005281451158225536,5.986588075757027e-05,22.106721823103726,0.28410431573363826,2482153.0,666.0,897.0,True,False
3,28,13264963746681839519,Falcon-padded-512,0.010897441999986768,0.0004344121553003788,5.735806189477444e-05,22.256084277993068,0.2735747014207337,2482153.0,666.0,897.0,True,False
3,28,8602730725630334157,Falcon-padded-512,0.00600590999238193,0.00033227098174393177,5.673710256814957e-05,10.952439727028832,0.28656457122802115,2482153.0,666.0,897.0,True,False
3,29,5172004492925128739,Falcon-padded-512,0.009039270924404263,0.000552808865904808,8.06320458650589e-05,22.467641150113195,0.27275149968747325,2482153.0,666.0,897.0,True,False
3,29,6010022578357600533,Falcon-padded-512,0.008689031936228275,0.0004844500217586756,5.9789977967739105e-05,22.56110190995969,0.27642997597327856,2482153.0,666.0,897.0,True,False
3,29,13264963746681839519,Falcon-padded-512,0.006259118905290961,0.00039328495040535927,5.700206384062767e-05,22.66571583901532,0.28856496202659765,2482153.0,666.0,897.0,True,False
3,29,8647448316144490624,Falcon-padded-512,0.008015237981453538,0.000327706104144454,5.7502882555127144e-05,22.80043530999683,0.28108767649164784,2482153.0,666.0,897.0,True,False
3,29,8602730725630334157,Falcon-padded-512,0.0064770239405334,0.00036923307925462723,5.766283720731735e-05,10.851076172897592,0.26333335048025147,2482153.0,666.0,897.0,True,False
3,30,5172004492925128739,Falcon-padded-512,0.010401532985270023,0.0005125228781253099,9.13271214812994e-05,21.931740194093436,0.235936588261458,2482153.0,666.0,897.0,True,False
3,30,13264963746681839519,Falcon-padded-512,0.011698008049279451,0.0005967980250716209,6.392598152160645e-05,22.033636177890003,0.2471664564207214,2482153.0,666.0,897.0,True,False
3,30,8647448316144490624,Falcon-padded-512,0.016187404049560428,0.00046708108857274055,6.19890633970499e-05,22.105720832012594,0.260481577498999,2482153.0,666.0,897.0,True,False
3,30,6010022578357600533,Falcon-padded-512,0.017628902103751898,0.0005597388371825218,6.41189981251955e-05,22.068990824045613,0.29164441624811044,2482153.0,666.0,897.0,True,False
3,30,8602730725630334157,Falcon-padded-512,0.006961931940168142,0.0003279780503362417,6.456999108195305e-05,10.806156184058636,0.2639614917998449,2482153.0,666.0,897.0,True,False
4,1,8890052404800893676,Falcon-padded-512,0.013539710082113743,0.0006519248709082603,9.628990665078163e-05,22.331744170980528,1.915281142289646,2482153.0,666.0,897.0,True,False
4,1,12888962979999899887,Falcon-padded-512,0.013602396938949823,0.0008089998736977577,8.262810297310352e-05,22.554558077128604,1.9269947872375146,2482153.0,666.0,897.0,True,False
4,1,12458680751197305147,Falcon-padded-512,0.008135862881317735,0.00040941406041383743,5.916506052017212e-05,22.392525136936456,1.8923838698445037,2482153.0,666.0,897.0,True,False
4,1,16103114445393760044,Falcon-padded-512,0.008101260988041759,0.00039769592694938183,5.80749474465847e-05,22.250727848149836,1.9329763909879203,2482153.0,666.0,897.0,True,False
4,1,13492745583850570777,Falcon-padded-512,0.00933454604819417,0.0003740699030458927,6.114086136221886e-05,10.813823438016698,1.9057433285271397,2482153.0,666.0,897.0,True,False
4,2,8890052404800893676,Falcon-padded-512,0.00671501993201673,0.00036281091161072254,8.032983168959618e-05,23.01360108703375,1.6244244095616447,2482153.0,666.0,897.0,True,False
4,2,12458680751197305147,Falcon-padded-512,0.009128837147727609,0.00036283209919929504,5.883886478841305e-05,23.089013871969655,1.6693399782759695,2482153.0,666.0,897.0,True,False
4,2,12888962979999899887,Falcon-padded-512,0.009993596002459526,0.0005037121009081602,6.242911331355572e-05,23.097899802960455,1.663239566662822,2482153.0,666.0,897.0,True,False
4,2,16103114445393760044,Falcon-padded-512,0.006470917956903577,0.00033652991987764835,6.005400791764259e-05,23.25074176886119,1.6371205180597763,2482153.0,666.0,897.0,True,False
4,2,13492745583850570777,Falcon-padded-512,0.006044324021786451,0.0003189709968864918,5.725002847611904e-05,10.738297502044588,1.639017143188574,2482153.0,666.0,897.0,True,False
4,3,12888962979999899887,Falcon-padded-512,0.012119989842176437,0.0005766679532825947,0.00011059804819524288,22.250282255001366,1.4884589720077026,2482153.0,666.0,897.0,True,False
4,3,8890052404800893676,Falcon-padded-512,0.01026017195545137,0.0004554539918899536,5.668308585882187e-05,22.37806457094848,1.4733007203656645,2482153.0,666.0,897.0,True,False
4,3,12458680751197305147,Falcon-padded-512,0.011288289213553071,0.0004046941176056862,5.721696652472019e-05,22.428402138175443,1.4873564881257737,2482153.0,666.0,897.0,True,False
4,3,16103114445393760044,Falcon-padded-512,0.007360993884503841,0.0004243580624461174,5.7140132412314415e-05,22.505601427983493,1.4831527618173592,2482153.0,666.0,897.0,True,False
4,3,13492745583850570777,Falcon-padded-512,0.007686586119234562,0.00038543599657714367,5.703698843717575e-05,10.76776328892447,1.467309896747906,2482153.0,666.0,897.0,True,False
4,4,12888962979999899887,Falcon-padded-512,0.013005846180021763,0.0006520869210362434,0.00010152696631848812,22.09132456104271,1.3484817691885245,2482153.0,666.0,897.0,True,False
4,4,16103114445393760044,Falcon-padded-512,0.013069373788312078,0.0005860170349478722,6.366800516843796e-05,22.13321606698446,1.346950017986968,2482153.0,666.0,897.0,True,False
4,4,8890052404800893676,Falcon-padded-512,0.008514580084010959,0.0003473639953881502,6.238906644284725e-05,22.157910499023274,1.3430054989485696,2482153.0,666.0,897.0,True,False
4,4,12458680751197305147,Falcon-padded-512,0.006308853859081864,0.0003355732187628746,6.0603953897953033e-05,22.237541544018313,1.374317736100084,2482153.0,666.0,897.0,True,False
4,4,13492745583850570777,Falcon-padded-512,0.010940290056169033,0.0003343860153108835,6.047985516488552e-05,10.762246225960553,1.3391593119587761,2482153.0,666.0,897.0,True,False
4,5,12888962979999899887,Falcon-padded-512,0.0131568000651896,0.0006103930063545704,7.569696754217148e-05,21.989801985910162,1.2251531401762186,2482153.0,666.0,897.0,True,False
4,5,16103114445393760044,Falcon-padded-512,0.012568901060149074,0.000621679937466979,5.859602242708206e-05,22.62886627181433,1.2277926720750219,2482153.0,666.0,897.0,True,False
4,5,8890052404800893676,Falcon-padded-512,0.0074156338814646006,0.00041054002940654755,8.333497680723667e-05,22.798315739957616,1.225281416798552,2482153.0,666.0,897.0,True,False
4,5,12458680751197305147,Falcon-padded-512,0.013054898008704185,0.00042058806866407394,5.8412086218595505e-05,22.730419129831716,1.2400330668821122,2482153.0,666.0,897.0,True,False
4,5,13492745583850570777,Falcon-padded-512,0.009570729918777943,0.0003789979964494705,5.7507073506712914e-05,10.685053074965253,1.2148395967178833,2482153.0,666.0,897.0,True,False
4,6,12458680751197305147,Falcon-padded-512,0.007789734052494168,0.0005722190253436565,7.688300684094429e-05,22.032434116816148,1.1332882671310498,2482153.0,666.0,897.0,True,False
4,6,12888962979999899887,Falcon-padded-512,0.00981978396885097,0.0005795799661427736,5.6989025324583054e-05,22.181935087079182,1.1376606248819028,2482153.0,666.0,897.0,True,False
4,6,16103114445393760044,Falcon-padded-512,0.007352699991315603,0.00035080197267234325,5.727517418563366e-05,22.34759339108132,1.1381918544205614,2482153.0,666.0,897.0,True,False
4,6,8890052404800893676,Falcon-padded-512,0.012446175096556544,0.00039156898856163025,5.9348996728658676e-05,22.442283091833815,1.114152295330462,2482153.0,666.0,897.0,True,False
4,6,13492745583850570777,Falcon-padded-512,0.005885479971766472,0.0003335438668727875,5.6931981816887856e-05,10.788744044024497,1.1234220214926016,2482153.0,666.0,897.0,True,False
4,7,8890052404800893676,Falcon-padded-512,0.009705686941742897,0.00041700201109051704,0.00010737194679677486,22.537133088102564,1.0141012478179443,2482153.0,666.0,897.0,True,False
4,7,12458680751197305147,Falcon-padded-512,0.009429241996258497,0.0005433461628854275,5.647307261824608e-05,22.746937558986247,1.041147967592215,2482153.0,666.0,897.0,True,False
4,7,16103114445393760044,Falcon-padded-512,0.010178786935284734,0.0003362600691616535,5.8421166613698006e-05,22.68484720401466,1.0420239525862014,2482153.0,666.0,897.0,True,False
4,7,12888962979999899887,Falcon-padded-512,0.0057869357988238335,0.00034381705336272717,5.8391131460666656e-05,22.757227398920804,1.0616475358938637,2482153.0,666.0,897.0,True,False
4,7,13492745583850570777,Falcon-padded-512,0.011242466978728771,0.0003277829382568598,5.667516961693764e-05,10.808505408000201,1.054122714188914,2482153.0,666.0,897.0,True,False
4,8,8890052404800893676,Falcon-padded-512,0.00988095416687429,0.00043190992437303066,8.724303916096687e-05,22.548735006013885,0.9609231709862669,2482153.0,666.0,897.0,True,False
4,8,12888962979999899887,Falcon-padded-512,0.009693450992926955,0.00041252002120018005,7.83128198236227e-05,22.828909053001553,0.9830236915772715,2482153.0,666.0,897.0,True,False
4,8,12458680751197305147,Falcon-padded-512,0.011604890925809741,0.00053072115406394,5.691009573638439e-05,22.87623390601948,0.9649703257000104,2482153.0,666.0,897.0,True,False
4,8,16103114445393760044,Falcon-padded-512,0.00936173484660685,0.0003805919550359249,5.801906809210777e-05,22.973399876151234,0.971593117371154,2482153.0,666.0,897.0,True,False
4,8,13492745583850570777,Falcon-padded-512,0.007786022964864969,0.00032935780473053455,5.697202868759632e-05,10.869996814988554,0.9896993111497678,2482153.0,666.0,897.0,True,False
4,9,16103114445393760044,Falcon-padded-512,0.013595161959528923,0.0004020421765744686,7.664598524570465e-05,22.188677080906928,0.8991087224727241,2482153.0,666.0,897.0,True,False
4,9,12888962979999899887,Falcon-padded-512,0.011943132849410176,0.0005635530687868595,7.620290853083134e-05,22.163533890154213,0.9134080158635831,2482153.0,666.0,897.0,True,False
4,9,8890052404800893676,Falcon-padded-512,0.011029162909835577,0.00034084287472069263,5.7055847719311714e-05,22.43023492395878,0.8793139033995497,2482153.0,666.0,897.0,True,False
4,9,12458680751197305147,Falcon-padded-512,0.005729923024773598,0.00033919489942491055,5.904794670641422e-05,22.579682980896905,0.8873578568997855,2482153.0,666.0,897.0,True,False
4,9,13492745583850570777,Falcon-padded-512,0.0073380679823458195,0.00032284599728882313,5.811802111566067e-05,10.929991953074932,0.9155572994638936,2482153.0,666.0,897.0,True,False
4,10,12458680751197305147,Falcon-padded-512,0.009816769976168871,0.0006979668978601694,9.773299098014832e-05,22.75139590888284,0.8356792533550018,2482153.0,666.0,897.0,True,False
4,10,8890052404800893676,Falcon-padded-512,0.007686862954869866,0.0003918618895113468,5.69978728890419e-05,22.831048995023593,0.831091912504964,2482153.0,666.0,897.0,True,False
4,10,12888962979999899887,Falcon-padded-512,0.011226193979382515,0.0005122160073369741,5.898205563426018e-05,22.777051944984123,0.8507437606969961,2482153.0,666.0,897.0,True,False
4,10,16103114445393760044,Falcon-padded-512,0.006064424058422446,0.00033361511304974556,5.856086499989033e-05,22.865882656071335,0.8464193217480145,2482153.0,666.0,897.0,True,False
4,10,13492745583850570777,Falcon-padded-512,0.007461974862962961,0.0003602299839258194,6.28249254077673e-05,10.996642868034542,0.838349062223404,2482153.0,666.0,897.0,True,False
4,11,12458680751197305147,Falcon-padded-512,0.009487524861469865,0.0007291790097951889,9.695207700133324e-05,22.524350038031116,0.7690028283066643,2482153.0,666.0,897.0,True,False
4,11,16103114445393760044,Falcon-padded-512,0.008194011868909001,0.0005221320316195488,5.904608406126499e-05,22.558808162109926,0.786462726065526,2482153.0,666.0,897.0,True,False
4,11,8890052404800893676,Falcon-padded-512,0.005838128039613366,0.0004091330338269472,5.70761039853096e-05,22.75145974685438,0.7537665942701669,2482153.0,666.0,897.0,True,False
4,11,12888962979999899887,Falcon-padded-512,0.009280902799218893,0.0005721128545701504,5.886191502213478e-05,22.659222692018375,0.7884516503673773,2482153.0,666.0,897.0,True,False
4,11,13492745583850570777,Falcon-padded-512,0.006233802065253258,0.00033956393599510193,5.804398097097874e-05,10.69114968390204,0.7749854023464191,2482153.0,666.0,897.0,True,False
4,12,12888962979999899887,Falcon-padded-512,0.008876387029886246,0.0006492161191999912,7.569510489702225e-05,22.950689658988267,0.7222407351191432,2482153.0,666.0,897.0,True,False
4,12,8890052404800893676,Falcon-padded-512,0.0074175018817186356,0.0003541989717632532,6.324308924376965e-05,22.87533970689401,0.6948868967949773,2482153.0,666.0,897.0,True,False
4,12,16103114445393760044,Falcon-padded-512,0.0068089310079813,0.00035014585591852665,5.6892866268754005e-05,22.99811887787655,0.7347261579082416,2482153.0,666.0,897.0,True,False
4,12,12458680751197305147,Falcon-padded-512,0.007812845055013895,0.00040571182034909725,5.628308281302452e-05,22.972707716049626,0.721108681144425,2482153.0,666.0,897.0,True,False
4,12,13492745583850570777,Falcon-padded-512,0.008167264983057976,0.00032424600794911385,5.689007230103016e-05,10.707357601029798,0.7293425974087974,2482153.0,666.0,897.0,True,False
4,13,12888962979999899887,Falcon-padded-512,0.008983048144727945,0.0006214720197021961,7.798802107572556e-05,22.107484976993874,0.6839489689745462,2482153.0,666.0,897.0,True,False
4,13,12458680751197305147,Falcon-padded-512,0.008241595001891255,0.0005871439352631569,5.655200220644474e-05,22.185345019912347,0.6784825449267896,2482153.0,666.0,897.0,True,False
4,13,16103114445393760044,Falcon-padded-512,0.012770839966833591,0.0005987968761473894,5.858810618519783e-05,22.251372881932184,0.6730567410159797,2482153.0,666.0,897.0,True,False
4,13,8890052404800893676,Falcon-padded-512,0.005708232056349516,0.0003470298834145069,5.721184425055981e-05,22.579923411132768,0.6557936206364784,2482153.0,666.0,897.0,True,False
4,13,13492745583850570777,Falcon-padded-512,0.007909266976639628,0.0003287140280008316,5.7129887863993645e-05,10.644137351075187,0.676536538539984,2482153.0,666.0,897.0,True,False
4,14,12458680751197305147,Falcon-padded-512,0.009189566131681204,0.0005498637910932302,7.633795030415058e-05,22.113216654164717,0.6376000807498591,2482153.0,666.0,897.0,True,False
4,14,16103114445393760044,Falcon-padded-512,0.008834359934553504,0.0005151359364390373,5.9020938351750374e-05,22.244587659835815,0.6401665086944264,2482153.0,666.0,897.0,True,False
4,14,12888962979999899887,Falcon-padded-512,0.005900515941902995,0.00035698595456779003,5.673919804394245e-05,22.14693575608544,0.6338753505065419,2482153.0,666.0,897.0,True,False
4,14,8890052404800893676,Falcon-padded-512,0.007102909963577986,0.0003360370174050331,5.622510798275471e-05,22.20802710019052,0.6174692871233526,2482153.0,666.0,897.0,True,False
4,14,13492745583850570777,Falcon-padded-512,0.008404024876654148,0.0003285040147602558,5.691801197826862e-05,10.80341218993999,0.6359741210985107,2482153.0,666.0,897.0,True,False
4,15,8890052404800893676,Falcon-padded-512,0.010185156017541885,0.0008844549302011728,7.561803795397282e-05,22.207982764113694,0.5765187207002419,2482153.0,666.0,897.0,True,False
4,15,12458680751197305147,Falcon-padded-512,0.009619401069357991,0.0003966251388192177,5.6487973779439926e-05,22.31418390199542,0.5958314701771965,2482153.0,666.0,897.0,True,False
4,15,12888962979999899887,Falcon-padded-512,0.007339607924222946,0.00033088098280131817,5.679507739841938e-05,22.393481825012714,0.6113544734426961,2482153.0,666.0,897.0,True,False
4,15,16103114445393760044,Falcon-padded-512,0.007483572931960225,0.0003722540568560362,5.715899169445038e-05,22.34902406600304,0.5906544807619942,2482153.0,666.0,897.0,True,False
4,15,13492745583850570777,Falcon-padded-512,0.010893954196944833,0.0003339450340718031,5.650520324707031e-05,10.73851310601458,0.6114642091404897,2482153.0,666.0,897.0,True,False
4,16,12888962979999899887,Falcon-padded-512,0.010101051069796085,0.0009076879359781742,8.910591714084148e-05,22.342103209113702,0.562825088326733,2482153.0,666.0,897.0,True,False
4,16,16103114445393760044,Falcon-padded-512,0.006547415163367987,0.0003912670072168112,5.628494545817375e-05,22.63652593502775,0.5680905707632772,2482153.0,666.0,897.0,True,False
4,16,12458680751197305147,Falcon-padded-512,0.008420169120654464,0.000342734856531024,7.816893048584461e-05,22.739178898045793,0.552730102580005,2482153.0,666.0,897.0,True,False
4,16,8890052404800893676,Falcon-padded-512,0.00632440997287631,0.0003956558648496866,5.7255150750279427e-05,22.867668985156342,0.5626866092173436,2482153.0,666.0,897.0,True,False
4,16,13492745583850570777,Falcon-padded-512,0.015391901135444641,0.00034470902755856514,6.30752183496952e-05,10.673188703833148,0.5676349052629722,2482153.0,666.0,897.0,True,False
4,17,16103114445393760044,Falcon-padded-512,0.013694735942408442,0.0005133149679750204,8.830404840409756e-05,22.215032303938642,0.5221737343877458,2482153.0,666.0,897.0,True,False
4,17,12458680751197305147,Falcon-padded-512,0.00870799203403294,0.0005333900917321444,5.7107070460915565e-05,22.632324988022447,0.539416149841806,2482153.0,666.0,897.0,True,False
4,17,12888962979999899887,Falcon-padded-512,0.008563264040276408,0.0006030879449099302,5.9333862736821175e-05,22.675388389034197,0.5270243371589877,2482153.0,666.0,897.0,True,False
4,17,8890052404800893676,Falcon-padded-512,0.005698592867702246,0.000333431176841259,5.67510724067688e-05,22.91061279689893,0.5225208465117045,2482153.0,666.0,897.0,True,False
4,17,13492745583850570777,Falcon-padded-512,0.0060754502192139626,0.0003678861539810896,5.664885975420475e-05,10.80354438489303,0.5283764082307633,2482153.0,666.0,897.0,True,False
4,18,16103114445393760044,Falcon-padded-512,0.01600712607614696,0.00048759602941572666,0.00012079393491148949,21.896264016162604,0.48736357249724216,2482153.0,666.0,897.0,True,False
4,18,12458680751197305147,Falcon-padded-512,0.017235854174941778,0.000572138000279665,6.34330790489912e-05,21.985364111838862,0.48613021475152846,2482153.0,666.0,897.0,True,False
4,18,8890052404800893676,Falcon-padded-512,0.00772804394364357,0.00037111900746822357,7.15979840606451e-05,22.014841687865555,0.4950933799671289,2482153.0,666.0,897.0,True,False
4,18,12888962979999899887,Falcon-padded-512,0.007720357971265912,0.0003808019682765007,6.237486377358437e-05,22.192576695000753,0.47909177141115306,2482153.0,666.0,897.0,True,False
4,18,13492745583850570777,Falcon-padded-512,0.005904118996113539,0.00033461302518844604,6.0244929045438766e-05,10.713910892838612,0.4879337193343205,2482153.0,666.0,897.0,True,False
4,19,12888962979999899887,Falcon-padded-512,0.006340245949104428,0.0003666698466986418,7.650209590792656e-05,22.29345700191334,0.4674224470274898,2482153.0,666.0,897.0,True,False
4,19,12458680751197305147,Falcon-padded-512,0.009002055041491985,0.0006424011662602425,5.7423021644353867e-05,22.549110879888758,0.4645975022056042,2482153.0,666.0,897.0,True,False
4,19,16103114445393760044,Falcon-padded-512,0.012152333045378327,0.0005476539954543114,5.804887041449547e-05,22.67430138308555,0.45816515635449095,2482153.0,666.0,897.0,True,False
4,19,8890052404800893676,Falcon-padded-512,0.008827166864648461,0.00033231591805815697,5.7295896112918854e-05,22.823600549949333,0.46381331409532994,2482153.0,666.0,897.0,True,False
4,19,13492745583850570777,Falcon-padded-512,0.015957355964928865,0.00038243900053203106,5.774805322289467e-05,10.865886647021398,0.4757645349866285,2482153.0,666.0,897.0,True,False
4,20,12888962979999899887,Falcon-padded-512,0.010976389050483704,0.0005183720495551825,7.544993422925472e-05,22.188823332078755,0.4473564635021999,2482153.0,666.0,897.0,True,False
4,20,8890052404800893676,Falcon-padded-512,0.009993656072765589,0.0004986238200217485,5.9116166085004807e-05,22.441936346003786,0.44029172968131286,2482153.0,666.0,897.0,True,False
4,20,16103114445393760044,Falcon-padded-512,0.010270035825669765,0.0004924449604004622,5.813012830913067e-05,22.512009855825454,0.439054978011658,2482153.0,666.0,897.0,True,False
4,20,12458680751197305147,Falcon-padded-512,0.006026156013831496,0.0003422501031309366,5.84600493311882e-05,22.582999436883256,0.43632434085963634,2482153.0,666.0,897.0,True,False
4,20,13492745583850570777,Falcon-padded-512,0.0057075670920312405,0.0003348959144204855,5.7271914556622505e-05,11.118694551987574,0.44276396841548693,2482153.0,666.0,897.0,True,False
4,21,16103114445393760044,Falcon-padded-512,0.009350453969091177,0.000583206070587039,9.355507791042328e-05,21.623020767932758,0.4160279415952512,2482153.0,666.0,897.0,True,False
4,21,8890052404800893676,Falcon-padded-512,0.006699194898828864,0.00034915399737656116,5.725119262933731e-05,21.682553658960387,0.42082718741624786,2482153.0,666.0,897.0,True,False
4,21,12458680751197305147,Falcon-padded-512,0.01169164921157062,0.000418792013078928,5.695014260709286e-05,21.746554183075204,0.4291406295443781,2482153.0,666.0,897.0,True,False
4,21,12888962979999899887,Falcon-padded-512,0.0058541439939290285,0.0003489190712571144,5.716108717024326e-05,21.949449558975175,0.40540292702567654,2482153.0,666.0,897.0,True,False
4,21,13492745583850570777,Falcon-padded-512,0.00867121503688395,0.0003209388814866543,5.865190178155899e-05,10.732349179917946,0.42949993517428353,2482153.0,666.0,897.0,True,False
4,22,12458680751197305147,Falcon-padded-512,0.009271043818444014,0.0008166679181158543,8.147000335156918e-05,22.51131135900505,0.3987628435329222,2482153.0,666.0,897.0,True,False
4,22,12888962979999899887,Falcon-padded-512,0.01264357310719788,0.0005273190326988697,5.66970556974411e-05,22.57263625995256,0.3855856318568317,2482153.0,666.0,897.0,True,False
4,22,16103114445393760044,Falcon-padded-512,0.007216823985800147,0.00034513697028160095,5.7931989431381226e-05,22.942994250915945,0.37773658292957196,2482153.0,666.0,897.0,True,False
4,22,8890052404800893676,Falcon-padded-512,0.007597682066261768,0.00038116308860480785,5.826912820339203e-05,22.930950890062377,0.4062363715848317,2482153.0,666.0,897.0,True,False
4,22,13492745583850570777,Falcon-padded-512,0.008042956935241818,0.000324977096170187,5.7181110605597496e-05,11.015792480902746,0.390661890573871,2482153.0,666.0,897.0,True,False
4,23,16103114445393760044,Falcon-padded-512,0.009855079930275679,0.0005557010881602764,7.545412518084049e-05,22.515677948016673,0.36199738611035737,2482153.0,666.0,897.0,True,False
4,23,8890052404800893676,Falcon-padded-512,0.010460893157869577,0.0005988460034132004,5.783699452877045e-05,22.745741044869646,0.3633188663672406,2482153.0,666.0,897.0,True,False
4,23,12888962979999899887,Falcon-padded-512,0.010121021885424852,0.0005158549174666405,5.639297887682915e-05,22.80234811315313,0.3906028277446001,2482153.0,666.0,897.0,True,False
4,23,12458680751197305147,Falcon-padded-512,0.007278708973899484,0.0003301908727735281,5.6543853133916855e-05,22.92952487617731,0.36530198383564577,2482153.0,666.0,897.0,True,False
4,23,13492745583850570777,Falcon-padded-512,0.005927923135459423,0.00036523002199828625,5.662417970597744e-05,10.73481547110714,0.39251434102583044,2482153.0,666.0,897.0,True,False
4,24,8890052404800893676,Falcon-padded-512,0.01614005700685084,0.0007352940738201141,7.786694914102554e-05,22.4027486089617,0.34730631617989877,2482153.0,666.0,897.0,True,False
4,24,12888962979999899887,Falcon-padded-512,0.009081187192350626,0.0005227490328252316,5.6758057326078415e-05,22.502704789862037,0.37775793329428753,2482153.0,666.0,897.0,True,False
4,24,16103114445393760044,Falcon-padded-512,0.01216600788757205,0.0006010148208588362,5.6459102779626846e-05,22.47786818514578,0.3681580624171196,2482153.0,666.0,897.0,True,False
4,24,12458680751197305147,Falcon-padded-512,0.00975355296395719,0.00033735879696905613,5.831895396113396e-05,22.548544524004683,0.36788214945766967,2482153.0,666.0,897.0,True,False
4,24,13492745583850570777,Falcon-padded-512,0.006778305862098932,0.0003271489404141903,5.6724995374679565e-05,10.754040493164212,0.36515377780285696,2482153.0,666.0,897.0,True,False
4,25,12458680751197305147,Falcon-padded-512,0.010198908858001232,0.0005880258977413177,7.732701487839222e-05,22.93870690301992,0.3446486940482459,2482153.0,666.0,897.0,True,False
4,25,8890052404800893676,Falcon-padded-512,0.0063136001117527485,0.00034854584373533726,5.900207906961441e-05,22.96868483396247,0.34694975172987763,2482153.0,666.0,897.0,True,False
4,25,16103114445393760044,Falcon-padded-512,0.0118019450455904,0.0005122020374983549,5.697016604244709e-05,23.226025562966242,0.34118572314873863,2482153.0,666.0,897.0,True,False
4,25,12888962979999899887,Falcon-padded-512,0.0061774421483278275,0.0004022871144115925,6.57280907034874e-05,23.20550541393459,0.35130849357741994,2482153.0,666.0,897.0,True,False
4,25,13492745583850570777,Falcon-padded-512,0.0071709800977259874,0.0003706829156726599,6.296113133430481e-05,10.757440097862855,0.34669523949499803,2482153.0,666.0,897.0,True,False
4,26,8890052404800893676,Falcon-padded-512,0.009557597106322646,0.0005016070790588856,7.628998719155788e-05,21.902664448833093,0.3181750304608668,2482153.0,666.0,897.0,True,False
4,26,12888962979999899887,Falcon-padded-512,0.012569973012432456,0.0005471950862556696,6.484496407210827e-05,22.04331669677049,0.3478032463265898,2482153.0,666.0,897.0,True,False
4,26,16103114445393760044,Falcon-padded-512,0.0072611242067068815,0.00045721791684627533,5.728914402425289e-05,22.25758714810945,0.32078003517676373,2482153.0,666.0,897.0,True,False
4,26,12458680751197305147,Falcon-padded-512,0.006717718206346035,0.00039664912037551403,5.71149867027998e-05,22.309275164967403,0.33777998011565197,2482153.0,666.0,897.0,True,False
4,26,13492745583850570777,Falcon-padded-512,0.006574281025677919,0.0003347080200910568,5.736318416893482e-05,10.791572690941393,0.31347410914937435,2482153.0,666.0,897.0,True,False
4,27,12888962979999899887,Falcon-padded-512,0.014971083961427212,0.00037195091135799885,7.634912617504597e-05,22.333549867151305,0.33523690750518925,2482153.0,666.0,897.0,True,False
4,27,8890052404800893676,Falcon-padded-512,0.010791398817673326,0.0005902459379285574,6.157299503684044e-05,22.450878962874413,0.327078662479457,2482153.0,666.0,897.0,True,False
4,27,12458680751197305147,Falcon-padded-512,0.018536760937422514,0.0004924270324409008,5.797995254397392e-05,22.50778985605575,0.3247083271920574,2482153.0,666.0,897.0,True,False
4,27,16103114445393760044,Falcon-padded-512,0.006490467116236687,0.00039816717617213726,5.8856094256043434e-05,22.864558130968362,0.32389105681758434,2482153.0,666.0,897.0,True,False
4,27,13492745583850570777,Falcon-padded-512,0.006121471058577299,0.00036358414217829704,5.664094351232052e-05,10.822977728908882,0.3064780977819436,2482153.0,666.0,897.0,True,False
4,28,8890052404800893676,Falcon-padded-512,0.012858839007094502,0.0005063300486654043,7.71121121942997e-05,22.6199759170413,0.3020268261853677,2482153.0,666.0,897.0,True,False
4,28,16103114445393760044,Falcon-padded-512,0.007174489786848426,0.0003484250046312809,5.646585486829281e-05,22.793609178857878,0.30093569894687244,2482153.0,666.0,897.0,True,False
4,28,12888962979999899887,Falcon-padded-512,0.011352601926773787,0.0005548680201172829,5.727889947593212e-05,22.554340677103028,0.30253180494895,2482153.0,666.0,897.0,True,False
4,28,12458680751197305147,Falcon-padded-512,0.006580328103154898,0.0003328921739012003,5.8792997151613235e-05,22.87913967994973,0.3109627291307258,2482153.0,666.0,897.0,True,False
4,28,13492745583850570777,Falcon-padded-512,0.0060202188324183226,0.0003278132062405348,5.859788507223129e-05,10.758517912123352,0.30861023937265714,2482153.0,666.0,897.0,True,False
4,29,12458680751197305147,Falcon-padded-512,0.007551885908469558,0.0005363058298826218,7.622316479682922e-05,21.986109748948365,0.3040033974945129,2482153.0,666.0,897.0,True,False
4,29,16103114445393760044,Falcon-padded-512,0.015269791008904576,0.0005511310882866383,5.652499385178089e-05,22.1384204311762,0.27163830705540487,2482153.0,666.0,897.0,True,False
4,29,12888962979999899887,Falcon-padded-512,0.006550293182954192,0.000398396048694849,5.649006925523281e-05,22.104638256831095,0.30399228750576324,2482153.0,666.0,897.0,True,False
4,29,8890052404800893676,Falcon-padded-512,0.006360136903822422,0.00038259406574070454,5.979393608868122e-05,22.300980812869966,0.3181011158851728,2482153.0,666.0,897.0,True,False
4,29,13492745583850570777,Falcon-padded-512,0.006272485945373774,0.00035962811671197414,5.580484867095947e-05,10.849832964129746,0.29502494388465256,2482153.0,666.0,897.0,True,False
4,30,12458680751197305147,Falcon-padded-512,0.008806303841993213,0.00036255200393497944,8.777505718171597e-05,22.430407939944416,0.275970673009295,2482153.0,666.0,897.0,True,False
4,30,12888962979999899887,Falcon-padded-512,0.008628563955426216,0.0005958920810371637,7.134000770747662e-05,22.41468558483757,0.283702697084931,2482153.0,666.0,897.0,True,False
4,30,8890052404800893676,Falcon-padded-512,0.007137149106711149,0.0003490650560706854,5.66309317946434e-05,22.568702900083736,0.27233404140717116,2482153.0,666.0,897.0,True,False
4,30,16103114445393760044,Falcon-padded-512,0.009379341034218669,0.0004925380926579237,5.647307261824608e-05,22.61266994010657,0.2909654899739836,2482153.0,666.0,897.0,True,False
4,30,13492745583850570777,Falcon-padded-512,0.0072354720905423164,0.00034750113263726234,5.8986013755202293e-05,10.767937521915883,0.2840849780856956,2482153.0,666.0,897.0,True,False
5,1,16960375232756772866,Falcon-padded-512,0.016757896170020103,0.0005810500588268042,9.056716226041317e-05,22.838026530109346,1.9321768089605216,2482153.0,666.0,897.0,True,False
5,1,16035328151783662852,Falcon-padded-512,0.012842288939282298,0.0006905319169163704,8.235708810389042e-05,22.98467214894481,1.9395339957441384,2482153.0,666.0,897.0,True,False
5,1,1933694902087149202,Falcon-padded-512,0.008587339892983437,0.0004223310388624668,5.852896720170975e-05,23.19044087897055,1.860388330377329,2482153.0,666.0,897.0,True,False
5,1,14238781043607544356,Falcon-padded-512,0.0069779991172254086,0.0003997432067990303,5.9782061725854874e-05,23.26445861090906,1.8951878612414716,2482153.0,666.0,897.0,True,False
5,1,9571417317991755460,Falcon-padded-512,0.00952549697831273,0.0003396628890186548,5.746213719248772e-05,10.646195726003498,1.8878139032723424,2482153.0,666.0,897.0,True,False
5,2,16960375232756772866,Falcon-padded-512,0.012348440941423178,0.0006256070919334888,7.777288556098938e-05,22.03679070598446,1.6420463479745884,2482153.0,666.0,897.0,True,False
5,2,1933694902087149202,Falcon-padded-512,0.009781655855476856,0.0005376350600272417,5.779997445642948e-05,22.376135731115937,1.621957956030727,2482153.0,666.0,897.0,True,False
5,2,14238781043607544356,Falcon-padded-512,0.009200617903843522,0.0005382150411605835,5.9742946177721024e-05,22.37940784310922,1.6375244909201185,2482153.0,666.0,897.0,True,False
5,2,16035328151783662852,Falcon-padded-512,0.006426104111596942,0.00034983991645276546,5.688099190592766e-05,22.565808722982183,1.636961860016893,2482153.0,666.0,897.0,True,False
5,2,9571417317991755460,Falcon-padded-512,0.009986962890252471,0.00033508380874991417,5.817483179271221e-05,10.996070028049871,1.6321567967296027,2482153.0,666.0,897.0,True,False
5,3,1933694902087149202,Falcon-padded-512,0.007951552979648113,0.00045381998643279076,8.192402310669422e-05,22.769168342929333,1.4493631198764227,2482153.0,666.0,897.0,True,False
5,3,14238781043607544356,Falcon-padded-512,0.006073064170777798,0.0003839267883449793,5.918997339904308e-05,22.69893559603952,1.4892017266239983,2482153.0,666.0,897.0,True,False
5,3,16035328151783662852,Falcon-padded-512,0.007420963142067194,0.0004296479746699333,5.779694765806198e-05,22.703248518984765,1.4716753580699713,2482153.0,666.0,897.0,True,False
5,3,16960375232756772866,Falcon-padded-512,0.007231915136799216,0.00041397707536816597,6.797909736633301e-05,22.79935341514647,1.4760943354128269,2482153.0,666.0,897.0,True,False
5,3,9571417317991755460,Falcon-padded-512,0.007130979793146253,0.00037848413921892643,5.823792889714241e-05,10.846567385131493,1.438565181467099,2482153.0,666.0,897.0,True,False
5,4,16960375232756772866,Falcon-padded-512,0.012680400162935257,0.0005344790406525135,8.912594057619572e-05,23.054547523148358,1.337472257141869,2482153.0,666.0,897.0,True,False
5,4,16035328151783662852,Falcon-padded-512,0.021463728044182062,0.0005392869934439659,5.9094978496432304e-05,22.90300209214911,1.363788597119121,2482153.0,666.0,897.0,True,False
5,4,14238781043607544356,Falcon-padded-512,0.009952203137800097,0.0005241038743406534,6.517209112644196e-05,23.042744047008455,1.3345576886551829,2482153.0,666.0,897.0,True,False
5,4,1933694902087149202,Falcon-padded-512,0.008980727987363935,0.0004863899666815996,6.977585144340992e-05,23.07468725903891,1.3252028091646992,2482153.0,666.0,897.0,True,False
5,4,9571417317991755460,Falcon-padded-512,0.0057326569221913815,0.00034636398777365685,5.936715751886368e-05,10.815119041129947,1.3142881905689787,2482153.0,666.0,897.0,True,False
5,5,16035328151783662852,Falcon-padded-512,0.009169458877295256,0.0004559119697660208,7.49099999666214e-05,21.701784499920905,1.2429392145464595,2482153.0,666.0,897.0,True,False
5,5,14238781043607544356,Falcon-padded-512,0.006023867055773735,0.00035186903551220894,9.402609430253506e-05,22.17929685791023,1.2303586699330389,2482153.0,666.0,897.0,True,False
5,5,1933694902087149202,Falcon-padded-512,0.010624866932630539,0.0005125079769641161,6.0610007494688034e-05,22.15249717212282,1.2259187165159768,2482153.0,666.0,897.0,True,False
5,5,16960375232756772866,Falcon-padded-512,0.007076323963701725,0.0003401010762900114,6.3746003434062e-05,22.30933878896758,1.2371167479612577,2482153.0,666.0,897.0,True,False
5,5,9571417317991755460,Falcon-padded-512,0.0077519279439002275,0.00033555016852915287,5.6058866903185844e-05,10.837731286883354,1.2003459482909011,2482153.0,666.0,897.0,True,False
5,6,16035328151783662852,Falcon-padded-512,0.014289374928921461,0.0003677119966596365,8.746492676436901e-05,21.958814462879673,1.1441411808275948,2482153.0,666.0,897.0,True,False
5,6,14238781043607544356,Falcon-padded-512,0.0073837770614773035,0.0005942219868302345,7.486296817660332e-05,22.22269570012577,1.13724698864233,2482153.0,666.0,897.0,True,False
5,6,1933694902087149202,Falcon-padded-512,0.0076537958811968565,0.00044746301136910915,5.786889232695103e-05,22.48352981894277,1.1285102769208792,2482153.0,666.0,897.0,True,False
5,6,16960375232756772866,Falcon-padded-512,0.006089855916798115,0.00033647194504737854,5.5626966059207916e-05,22.497209045104682,1.1283717111657603,2482153.0,666.0,897.0,True,False
5,6,9571417317991755460,Falcon-padded-512,0.006135995965451002,0.00037559308111667633,5.59419859200716e-05,10.953287379816175,1.126151231340707,2482153.0,666.0,897.0,True,False
5,7,16960375232756772866,Falcon-padded-512,0.006539326859638095,0.0003672840539366007,7.587205618619919e-05,22.393263328121975,1.0494213759327848,2482153.0,666.0,897.0,True,False
5,7,14238781043607544356,Falcon-padded-512,0.008741788100451231,0.0005197999998927116,5.6862132623791695e-05,22.304145156173036,1.0489229055258413,2482153.0,666.0,897.0,True,False
5,7,16035328151783662852,Falcon-padded-512,0.011436512926593423,0.0003456010017544031,5.921395495533943e-05,22.772472008131444,1.0571128089968769,2482153.0,666.0,897.0,True,False
5,7,1933694902087149202,Falcon-padded-512,0.008912075078114867,0.0003990361001342535,5.694013088941574e-05,22.93532435107045,1.0596991899295356,2482153.0,666.0,897.0,True,False
5,7,9571417317991755460,Falcon-padded-512,0.010556109016761184,0.0003323268610984087,5.626492202281952e-05,10.701490581966937,1.046682809488461,2482153.0,666.0,897.0,True,False
5,8,1933694902087149202,Falcon-padded-512,0.011750590056180954,0.0005146691109985113,7.652305066585541e-05,22.085365519160405,0.9789566367198104,2482153.0,666.0,897.0,True,False
5,8,14238781043607544356,Falcon-padded-512,0.01205549598671496,0.000480682123452425,8.696806617081165e-05,22.192038154928014,0.9729994098408915,2482153.0,666.0,897.0,True,False
5,8,16960375232756772866,Falcon-padded-512,0.009537399047985673,0.00033952994272112846,5.645281635224819e-05,22.314028891036287,0.9688726663589478,2482153.0,666.0,897.0,True,False
5,8,16035328151783662852,Falcon-padded-512,0.006115419091656804,0.0004069369751960039,5.6094955652952194e-05,22.26062719989568,0.9788186210222518,2482153.0,666.0,897.0,True,False
5,8,9571417317991755460,Falcon-padded-512,0.00686098518781364,0.00033413595519959927,7.699406705796719e-05,11.101094976067543,0.9666127905297203,2482153.0,666.0,897.0,True,False
5,9,14238781043607544356,Falcon-padded-512,0.02128756302408874,0.0005975179374217987,7.585808634757996e-05,22.323963060975075,0.9140998880131938,2482153.0,666.0,897.0,True,False
5,9,1933694902087149202,Falcon-padded-512,0.010533727006986737,0.00047902995720505714,5.63720241189003e-05,22.51083328598179,0.9200710217221476,2482153.0,666.0,897.0,True,False
5,9,16960375232756772866,Falcon-padded-512,0.011801989050582051,0.00037127011455595493,5.83878718316555e-05,22.592745980015025,0.9070373148487779,2482153.0,666.0,897.0,True,False
5,9,16035328151783662852,Falcon-padded-512,0.00787985697388649,0.0004185279831290245,5.596410483121872e-05,22.886063262121752,0.9180042203813316,2482153.0,666.0,897.0,True,False
5,9,9571417317991755460,Falcon-padded-512,0.007315941853448749,0.00032907514832913876,5.586887709796429e-05,10.782437683083117,0.9036879809900594,2482153.0,666.0,897.0,True,False
5,10,1933694902087149202,Falcon-padded-512,0.009988662786781788,0.0006971459370106459,7.607601583003998e-05,22.791178327985108,0.8515534202416484,2482153.0,666.0,897.0,True,False
5,10,16960375232756772866,Falcon-padded-512,0.006324189016595483,0.00034648296423256397,5.862605758011341e-05,22.86858859984204,0.8583991211919358,2482153.0,666.0,897.0,True,False
5,10,16035328151783662852,Falcon-padded-512,0.01275314693339169,0.0005113331135362387,5.98409678786993e-05,22.8481531040743,0.8621980943047581,2482153.0,666.0,897.0,True,False
5,10,14238781043607544356,Falcon-padded-512,0.0080545952077955,0.0003468259237706661,5.6295888498425484e-05,22.988847948843613,0.8574536349445867,2482153.0,666.0,897.0,True,False
5,10,9571417317991755460,Falcon-padded-512,0.009050925029441714,0.0003436291590332985,5.603698082268238e-05,11.00990946800448,0.8434356529110918,2482153.0,666.0,897.0,True,False
5,11,16960375232756772866,Falcon-padded-512,0.00833333795890212,0.0008130611386150122,8.337409235537052e-05,21.92265982297249,0.7950649488562593,2482153.0,666.0,897.0,True,False
5,11,14238781043607544356,Falcon-padded-512,0.009878729935735464,0.00040910812094807625,7.101520895957947e-05,21.998943699989468,0.8001809464380764,2482153.0,666.0,897.0,True,False
5,11,1933694902087149202,Falcon-padded-512,0.011842051055282354,0.0004948368296027184,6.073387339711189e-05,22.191966931102797,0.8012667501125091,2482153.0,666.0,897.0,True,False
5,11,16035328151783662852,Falcon-padded-512,0.0060871317982673645,0.00039536086842417717,6.297905929386616e-05,22.109384631039575,0.8046559338657239,2482153.0,666.0,897.0,True,False
5,11,9571417317991755460,Falcon-padded-512,0.007378824055194855,0.0003621659707278013,6.221607327461243e-05,10.738869447028264,0.7834244848440249,2482153.0,666.0,897.0,True,False
5,12,14238781043607544356,Falcon-padded-512,0.01069061504676938,0.0005572971422225237,7.617892697453499e-05,22.036620897008106,0.7514178506292093,2482153.0,666.0,897.0,True,False
5,12,16035328151783662852,Falcon-padded-512,0.009350416017696261,0.0005113529041409492,5.6992052122950554e-05,22.114525330020115,0.7493808953621136,2482153.0,666.0,897.0,True,False
5,12,16960375232756772866,Falcon-padded-512,0.007051468128338456,0.000388577813282609,5.624815821647644e-05,22.16510792588815,0.7549737362435069,2482153.0,666.0,897.0,True,False
5,12,1933694902087149202,Falcon-padded-512,0.012691027019172907,0.0003934989217668772,5.794595927000046e-05,22.244653842179105,0.75547347639125,2482153.0,666.0,897.0,True,False
5,12,9571417317991755460,Falcon-padded-512,0.006025918060913682,0.00033300695940852165,5.621905438601971e-05,10.74767075991258,0.7288517441136387,2482153.0,666.0,897.0,True,False
5,13,16035328151783662852,Falcon-padded-512,0.013390206964686513,0.0007149889133870602,7.505388930439949e-05,22.67046435084194,0.6862420230246962,2482153.0,666.0,897.0,True,False
5,13,14238781043607544356,Falcon-padded-512,0.012702001025900245,0.0005896531511098146,5.740812048316002e-05,22.770512243034318,0.7034042797054345,2482153.0,666.0,897.0,True,False
5,13,1933694902087149202,Falcon-padded-512,0.010186664061620831,0.0005110518541187048,5.746097303926945e-05,22.976231209933758,0.6934866082077971,2482153.0,666.0,897.0,True,False
5,13,16960375232756772866,Falcon-padded-512,0.007155387895181775,0.0003420368302613497,5.6491000577807426e-05,23.026048344094306,0.6896470421895432,2482153.0,666.0,897.0,True,False
5,13,9571417317991755460,Falcon-padded-512,0.00757228909060359,0.000331308227032423,5.6655844673514366e-05,10.805474827997386,0.6703071412377464,2482153.0,666.0,897.0,True,False
5,14,14238781043607544356,Falcon-padded-512,0.007919023977592587,0.0006007370539009571,9.230920113623142e-05,21.85530700185336,0.6467562587782979,2482153.0,666.0,897.0,True,False
5,14,1933694902087149202,Falcon-padded-512,0.011999256908893585,0.0006091399118304253,5.55659644305706e-05,21.99706518300809,0.6741468176102867,2482153.0,666.0,897.0,True,False
5,14,16035328151783662852,Falcon-padded-512,0.009987853933125734,0.0005077589303255081,5.9744808822870255e-05,21.979798716958612,0.6353679031443101,2482153.0,666.0,897.0,True,False
5,14,16960375232756772866,Falcon-padded-512,0.005658688955008984,0.00034338911063969135,0.00010037492029368877,21.999559863004833,0.6491623917421975,2482153.0,666.0,897.0,True,False
5,14,9571417317991755460,Falcon-padded-512,0.007081842049956322,0.00032488396391272545,5.606398917734623e-05,10.759239867795259,0.6279827960240193,2482153.0,666.0,897.0,True,False
5,15,1933694902087149202,Falcon-padded-512,0.009187808027490973,0.0004028219264000654,7.480103522539139e-05,22.350921705830842,0.6224243671844562,2482153.0,666.0,897.0,True,False
5,15,16960375232756772866,Falcon-padded-512,0.009532542899250984,0.0006382539868354797,5.5141979828476906e-05,22.582262363983318,0.6017950197663932,2482153.0,666.0,897.0,True,False
5,15,16035328151783662852,Falcon-padded-512,0.006894523045048118,0.00038740900345146656,5.6033022701740265e-05,22.676456943154335,0.6039169419068879,2482153.0,666.0,897.0,True,False
5,15,14238781043607544356,Falcon-padded-512,0.0063834041357040405,0.0003463360480964184,5.7867029681801796e-05,22.635321404086426,0.6046963903350762,2482153.0,666.0,897.0,True,False
5,15,9571417317991755460,Falcon-padded-512,0.008147255051881075,0.0003260199446231127,5.5765965953469276e-05,10.713656181003898,0.5978305221746524,2482153.0,666.0,897.0,True,False
5,16,1933694902087149202,Falcon-padded-512,0.007345178863033652,0.00042507098987698555,7.67270103096962e-05,22.216268041869625,0.608659484063665,2482153.0,666.0,897.0,True,False
5,16,16960375232756772866,Falcon-padded-512,0.011658892966806889,0.0005828449502587318,5.63210342079401e-05,22.40355674806051,0.5887830964149758,2482153.0,666.0,897.0,True,False
5,16,16035328151783662852,Falcon-padded-512,0.007950829807668924,0.0003742750268429518,5.617784336209297e-05,22.513386209961027,0.5598132301110048,2482153.0,666.0,897.0,True,False
5,16,14238781043607544356,Falcon-padded-512,0.006546219112351537,0.0003379080444574356,5.689007230103016e-05,22.702432192862034,0.5652743236968121,2482153.0,666.0,897.0,True,False
5,16,9571417317991755460,Falcon-padded-512,0.006199350114911795,0.00032755592837929726,5.7833967730402946e-05,10.596336486982182,0.5556360470672576,2482153.0,666.0,897.0,True,False
5,17,1933694902087149202,Falcon-padded-512,0.010710209840908647,0.0005400299560278654,9.287707507610321e-05,22.27717691496946,0.5327314539982108,2482153.0,666.0,897.0,True,False
5,17,16960375232756772866,Falcon-padded-512,0.006175583926960826,0.0003775879740715027,5.890103057026863e-05,22.573558264179155,0.527637190575274,2482153.0,666.0,897.0,True,False
5,17,16035328151783662852,Falcon-padded-512,0.011005915934219956,0.0007390619721263647,5.877204239368439e-05,22.53954536607489,0.5577461785092331,2482153.0,666.0,897.0,True,False
5,17,14238781043607544356,Falcon-padded-512,0.009010598994791508,0.00040689995512366295,6.350199691951275e-05,22.58767062309198,0.5390315291742547,2482153.0,666.0,897.0,True,False
5,17,9571417317991755460,Falcon-padded-512,0.00862090801820159,0.0003884171601384878,6.165588274598122e-05,10.952617442933843,0.5219997032619894,2482153.0,666.0,897.0,True,False
5,18,14238781043607544356,Falcon-padded-512,0.008808396989479661,0.0006252031307667494,7.681897841393948e-05,21.70542494696565,0.4975134794192668,2482153.0,666.0,897.0,True,False
5,18,16960375232756772866,Falcon-padded-512,0.009470131015405059,0.000574369914829731,0.0001092720776796341,21.831567973131314,0.5138178280652902,2482153.0,666.0,897.0,True,False
5,18,16035328151783662852,Falcon-padded-512,0.009021288016811013,0.0004878179170191288,5.7126861065626144e-05,21.97630929783918,0.49698855432744227,2482153.0,666.0,897.0,True,False
5,18,1933694902087149202,Falcon-padded-512,0.0098938241135329,0.0005288980901241302,5.9273093938827515e-05,21.835022114915773,0.5068449139380797,2482153.0,666.0,897.0,True,False
5,18,9571417317991755460,Falcon-padded-512,0.006436175899580121,0.00033031217753887177,5.677691660821438e-05,10.570451472885907,0.47721348754085674,2482153.0,666.0,897.0,True,False
5,19,16035328151783662852,Falcon-padded-512,0.010358364088460803,0.0005737231113016605,7.635285146534443e-05,22.682687930064276,0.4779234516044585,2482153.0,666.0,897.0,True,False
5,19,1933694902087149202,Falcon-padded-512,0.0086736511439085,0.0005712117999792099,5.62458299100399e-05,22.730196138145402,0.48535590403424667,2482153.0,666.0,897.0,True,False
5,19,14238781043607544356,Falcon-padded-512,0.0072050560265779495,0.00040534487925469875,5.6684017181396484e-05,22.757403480121866,0.4932147930063807,2482153.0,666.0,897.0,True,False
5,19,16960375232756772866,Falcon-padded-512,0.007678530877456069,0.0003446198534220457,5.6437915191054344e-05,22.809356776997447,0.48815872323232146,2482153.0,666.0,897.0,True,False
5,19,9571417317991755460,Falcon-padded-512,0.007197567028924823,0.0003247389104217291,5.9074023738503456e-05,10.67693702201359,0.44875976047553,2482153.0,666.0,897.0,True,False
5,20,16035328151783662852,Falcon-padded-512,0.01244003907777369,0.00035703787580132484,7.823808118700981e-05,21.841452743159607,0.46153084750468737,2482153.0,666.0,897.0,True,False
5,20,1933694902087149202,Falcon-padded-512,0.010957767954096198,0.0005804239772260189,5.5767130106687546e-05,21.843462419928983,0.4458233150192343,2482153.0,666.0,897.0,True,False
5,20,16960375232756772866,Falcon-padded-512,0.007342156954109669,0.0004232178907841444,5.6197866797447205e-05,22.110929057002068,0.4602665863931179,2482153.0,666.0,897.0,True,False
5,20,14238781043607544356,Falcon-padded-512,0.008143056882545352,0.00040202587842941284,5.6871213018894196e-05,22.345708573935553,0.4460173700445186,2482153.0,666.0,897.0,True,False
5,20,9571417317991755460,Falcon-padded-512,0.008066053967922926,0.00037173088639974594,5.608797073364258e-05,10.597962772008032,0.4323202956574984,2482153.0,666.0,897.0,True,False
5,21,1933694902087149202,Falcon-padded-512,0.010213573928922415,0.0004041797947138548,7.58159440010786e-05,22.069946424104273,0.42587234883215097,2482153.0,666.0,897.0,True,False
5,21,16035328151783662852,Falcon-padded-512,0.006840633926913142,0.00036383001133799553,5.6416960433125496e-05,22.1197189160157,0.42011195696747533,2482153.0,666.0,897.0,True,False
5,21,14238781043607544356,Falcon-padded-512,0.009230613010004163,0.0003566339146345854,5.580787546932697e-05,22.1488766761031,0.4163520243375922,2482153.0,666.0,897.0,True,False
5,21,16960375232756772866,Falcon-padded-512,0.006197592010721564,0.0003350360784679651,5.7273078709840775e-05,22.323685822077096,0.4385890090189422,2482153.0,666.0,897.0,True,False
5,21,9571417317991755460,Falcon-padded-512,0.006356725003570318,0.00033221603371202946,5.865795537829399e-05,10.656980488914996,0.41894645515543677,2482153.0,666.0,897.0,True,False
5,22,14238781043607544356,Falcon-padded-512,0.009455522056668997,0.0004893990699201822,0.00012470711953938007,21.98969054291956,0.3793874529395669,2482153.0,666.0,897.0,True,False
5,22,1933694902087149202,Falcon-padded-512,0.006170150125399232,0.0005948601756244898,6.7482003942132e-05,22.02474843384698,0.40678887089458515,2482153.0,666.0,897.0,True,False
5,22,16035328151783662852,Falcon-padded-512,0.006770347012206912,0.0004001960624009371,5.752500146627426e-05,22.29037562897429,0.42241407431864414,2482153.0,666.0,897.0,True,False
5,22,16960375232756772866,Falcon-padded-512,0.007561004953458905,0.0003570099361240864,6.045494228601456e-05,22.385726331034675,0.41238822442845413,2482153.0,666.0,897.0,True,False
5,22,9571417317991755460,Falcon-padded-512,0.006720681907609105,0.00038119382224977016,8.009886369109154e-05,10.883724397048354,0.3873328370110581,2482153.0,666.0,897.0,True,False
5,23,16960375232756772866,Falcon-padded-512,0.009809329872950912,0.0005172521341592073,7.601198740303516e-05,22.067622519098222,0.37086265459478185,2482153.0,666.0,897.0,True,False
5,23,1933694902087149202,Falcon-padded-512,0.0065281379502266645,0.0006332928314805031,5.6036049500107765e-05,22.26532899402082,0.37566683934138606,2482153.0,666.0,897.0,True,False
5,23,16035328151783662852,Falcon-padded-512,0.010991299990564585,0.0005165399052202702,5.647307261824608e-05,22.395017334027216,0.3892847314869729,2482153.0,666.0,897.0,True,False
5,23,14238781043607544356,Falcon-padded-512,0.006059287814423442,0.00039365701377391815,5.6406017392873764e-05,22.388956642942503,0.3677301032575794,2482153.0,666.0,897.0,True,False
5,23,9571417317991755460,Falcon-padded-512,0.008302243892103434,0.00033960212022066116,5.635595880448818e-05,10.769835783867165,0.37464855725582413,2482153.0,666.0,897.0,True,False
5,24,16035328151783662852,Falcon-padded-512,0.012563233030959964,0.0008423449471592903,8.653104305267334e-05,22.349416776793078,0.35854124315023517,2482153.0,666.0,897.0,True,False
5,24,14238781043607544356,Falcon-padded-512,0.009311867179349065,0.0003503491170704365,6.19769562035799e-05,22.57631731289439,0.3448845080111902,2482153.0,666.0,897.0,True,False
5,24,1933694902087149202,Falcon-padded-512,0.008882340043783188,0.0005332259461283684,5.598599091172218e-05,22.570935909170657,0.34441742048369717,2482153.0,666.0,897.0,True,False
5,24,16960375232756772866,Falcon-padded-512,0.006678412901237607,0.0003536529839038849,5.622720345854759e-05,22.672785128001124,0.3531683306403149,2482153.0,666.0,897.0,True,False
5,24,9571417317991755460,Falcon-padded-512,0.008484215941280127,0.0003299091476947069,9.603099897503853e-05,10.612345054047182,0.3702746073301798,2482153.0,666.0,897.0,True,False
5,25,1933694902087149202,Falcon-padded-512,0.012616669991984963,0.0005707810632884502,7.795216515660286e-05,22.177998916013166,0.3482808621195606,2482153.0,666.0,897.0,True,False
5,25,16960375232756772866,Falcon-padded-512,0.013336253119632602,0.0005168081261217594,5.5935001000761986e-05,22.076915693003684,0.3426415382946928,2482153.0,666.0,897.0,True,False
5,25,14238781043607544356,Falcon-padded-512,0.00644951406866312,0.00041508511640131474,5.7419994845986366e-05,22.18320978502743,0.3446615121368997,2482153.0,666.0,897.0,True,False
5,25,16035328151783662852,Falcon-padded-512,0.00945182517170906,0.00033359089866280556,5.6421151384711266e-05,22.44309832295403,0.34195682596037397,2482153.0,666.0,897.0,True,False
5,25,9571417317991755460,Falcon-padded-512,0.0062683699652552605,0.00038455985486507416,5.6126853451132774e-05,10.790512908948585,0.33615112758149357,2482153.0,666.0,897.0,True,False
5,26,16960375232756772866,Falcon-padded-512,0.008585592033341527,0.0006301978137344122,0.00010441895574331284,22.40891970600933,0.34783755093604657,2482153.0,666.0,897.0,True,False
5,26,1933694902087149202,Falcon-padded-512,0.011304397135972977,0.0004431609995663166,6.184494122862816e-05,22.44636740698479,0.3324160555335946,2482153.0,666.0,897.0,True,False
5,26,14238781043607544356,Falcon-padded-512,0.0067654019221663475,0.000366738997399807,5.709007382392883e-05,22.6960430808831,0.3439231527189668,2482153.0,666.0,897.0,True,False
5,26,16035328151783662852,Falcon-padded-512,0.007506515132263303,0.0003461411688476801,5.669589154422283e-05,22.78592915297486,0.3513194904350244,2482153.0,666.0,897.0,True,False
5,26,9571417317991755460,Falcon-padded-512,0.008143285056576133,0.00033212616108357906,5.605816841125488e-05,10.776909837964922,0.343704348275313,2482153.0,666.0,897.0,True,False
5,27,14238781043607544356,Falcon-padded-512,0.009865779196843505,0.0005231790710240602,7.689604535698891e-05,21.93000645400025,0.32471127244242176,2482153.0,666.0,897.0,True,False
5,27,16960375232756772866,Falcon-padded-512,0.006759260082617402,0.0003714070189744234,5.7613011449575424e-05,22.228606628952548,0.3285201447286878,2482153.0,666.0,897.0,True,False
5,27,16035328151783662852,Falcon-padded-512,0.0074651059694588184,0.0003623249940574169,5.645211786031723e-05,22.221035363152623,0.34328323160372554,2482153.0,666.0,897.0,True,False
5,27,1933694902087149202,Falcon-padded-512,0.005680765025317669,0.0003398910630494356,5.6647928431630135e-05,22.287519788136706,0.3218235908233867,2482153.0,666.0,897.0,True,False
5,27,9571417317991755460,Falcon-padded-512,0.01121217105537653,0.00032920902594923973,5.6398799642920494e-05,10.759946531848982,0.31047304456952374,2482153.0,666.0,897.0,True,False
5,28,1933694902087149202,Falcon-padded-512,0.006101754028350115,0.0004537678323686123,7.676007226109505e-05,22.528851250885054,0.28930001539109756,2482153.0,666.0,897.0,True,False
5,28,16035328151783662852,Falcon-padded-512,0.007747818948701024,0.00042630801908671856,6.1027007177472115e-05,22.46671286202036,0.30483417465283086,2482153.0,666.0,897.0,True,False
5,28,16960375232756772866,Falcon-padded-512,0.005898007191717625,0.00041151000186800957,5.610310472548008e-05,22.54703168105334,0.30269875785056205,2482153.0,666.0,897.0,True,False
5,28,14238781043607544356,Falcon-padded-512,0.010411671828478575,0.00039429706521332264,9.56470612436533e-05,22.677741914987564,0.3070020239217022,2482153.0,666.0,897.0,True,False
5,28,9571417317991755460,Falcon-padded-512,0.006379927974194288,0.0003279398661106825,5.625700578093529e-05,10.810803313972428,0.2938362031694525,2482153.0,666.0,897.0,True,False
5,29,16035328151783662852,Falcon-padded-512,0.009875058894976974,0.0005272720009088516,9.571807458996773e-05,22.054706305032596,0.3111499768425934,2482153.0,666.0,897.0,True,False
5,29,14238781043607544356,Falcon-padded-512,0.010020429035648704,0.0005691749975085258,6.243307143449783e-05,22.225332482950762,0.28452604473047793,2482153.0,666.0,897.0,True,False
5,29,1933694902087149202,Falcon-padded-512,0.01785679697059095,0.0005222090985625982,6.720190867781639e-05,22.564351517008618,0.3076108915139192,2482153.0,666.0,897.0,True,False
5,29,16960375232756772866,Falcon-padded-512,0.008102398831397295,0.0003432580269873142,6.355205550789833e-05,22.46242210501805,0.29418260409844854,2482153.0,666.0,897.0,True,False
5,29,9571417317991755460,Falcon-padded-512,0.007809017086401582,0.00037001585587859154,7.688510231673717e-05,10.676528875017539,0.2863072103422028,2482153.0,666.0,897.0,True,False
5,30,16035328151783662852,Falcon-padded-512,0.007493767887353897,0.0003549819812178612,9.506195783615112e-05,21.927204880164936,0.2824166784711634,2482153.0,666.0,897.0,True,False
5,30,16960375232756772866,Falcon-padded-512,0.00676812999881804,0.00045720511116087437,5.602510645985603e-05,22.17961919400841,0.2615764514437487,2482153.0,666.0,897.0,True,False
5,30,14238781043607544356,Falcon-padded-512,0.0067204630468040705,0.0003561219200491905,5.6094955652952194e-05,22.16357509093359,0.2714938810303474,2482153.0,666.0,897.0,True,False
5,30,1933694902087149202,Falcon-padded-512,0.01147285895422101,0.00033572595566511154,5.6487973779439926e-05,22.23041892191395,0.3117638839771019,2482153.0,666.0,897.0,True,False
5,30,9571417317991755460,Falcon-padded-512,0.007252037059515715,0.00034760008566081524,5.679507739841938e-05,10.757080839946866,0.26369251989902326,2482153.0,666.0,897.0,True,False
