run,round,node_id,scheme,keygen_time,sign_time,verify_time,train_time,train_loss,payload_size,sig_size,pubkey_size,verified
1,1,2922294849836869020,ML-DSA-87,0.003781068022362888,0.0007034529699012637,0.00018530304078012705,21.826023348025046,2.0680660268369193,2482164.0,4627.0,2592.0,True
1,1,5992156577678619817,ML-DSA-87,0.0010557560017332435,0.0004587590228766203,0.00010445690713822842,21.9482540669851,2.146649744563971,2482164.0,4627.0,2592.0,True
1,1,13388001032675048269,ML-DSA-87,0.0009802739368751645,0.0004533650353550911,0.0001026960089802742,22.085726543911733,2.11740330461496,2482165.0,4627.0,2592.0,True
1,1,12806618082565629236,ML-DSA-87,0.001032389933243394,0.0003125510411337018,0.0001278489362448454,22.24428347905632,nan,2482165.0,4627.0,2592.0,True
1,1,2693986936198526529,ML-DSA-87,0.00018741295207291842,0.00018875801470130682,0.00011977797839790583,10.535421275999397,2.1759389901694397,2482164.0,4627.0,2592.0,True
1,2,5992156577678619817,ML-DSA-87,0.00028896797448396683,0.00034521694760769606,0.00012241199146956205,21.14386149297934,nan,2482164.0,4627.0,2592.0,True
1,2,13388001032675048269,ML-DSA-87,0.00035021896474063396,0.0005601849406957626,0.00010361697059124708,21.414937694906257,nan,2482165.0,4627.0,2592.0,True
1,2,12806618082565629236,ML-DSA-87,0.00021737103816121817,0.0002233240520581603,0.00010337703861296177,21.59001577401068,nan,2482165.0,4627.0,2592.0,True
1,2,2922294849836869020,ML-DSA-87,0.00018808303866535425,0.0004029129631817341,0.0001177019439637661,21.571184935048223,nan,2482164.0,4627.0,2592.0,True
1,2,2693986936198526529,ML-DSA-87,0.0001841739285737276,0.00016991491429507732,0.00010861502960324287,10.474938557017595,nan,2482164.0,4627.0,2592.0,True
1,3,2922294849836869020,ML-DSA-87,0.00037987902760505676,0.00020772393327206373,0.00012231909204274416,21.600249028997496,nan,2482164.0,4627.0,2592.0,True
1,3,13388001032675048269,ML-DSA-87,0.0004303619498386979,0.00029254902619868517,0.00010065000969916582,21.634951937943697,nan,2482165.0,4627.0,2592.0,True
1,3,5992156577678619817,ML-DSA-87,0.00026680598966777325,0.00026105204597115517,0.00010005803778767586,21.71188337006606,nan,2482164.0,4627.0,2592.0,True
1,3,12806618082565629236,ML-DSA-87,0.00025570602156221867,0.0001859109615907073,0.00011011597234755754,21.700267542968504,nan,2482165.0,4627.0,2592.0,True
1,3,2693986936198526529,ML-DSA-87,0.00025468808598816395,0.0002109199995175004,0.0001167510636150837,10.518368321005255,nan,2482164.0,4627.0,2592.0,True
1,4,2922294849836869020,ML-DSA-87,0.0005699710454791784,0.0004564679693430662,0.00011784909293055534,21.65196012693923,nan,2482164.0,4627.0,2592.0,True
1,4,13388001032675048269,ML-DSA-87,0.0002728579565882683,0.00021931994706392288,0.00011233694385737181,21.67323913401924,nan,2482165.0,4627.0,2592.0,True
1,4,5992156577678619817,ML-DSA-87,0.0002003359841182828,0.00024930108338594437,9.988097008317709e-05,21.80317993508652,nan,2482164.0,4627.0,2592.0,True
1,4,12806618082565629236,ML-DSA-87,0.00032410898711532354,0.000371157075278461,0.00010516098700463772,21.781125515000895,nan,2482165.0,4627.0,2592.0,True
1,4,2693986936198526529,ML-DSA-87,0.00019227107986807823,0.00046891497913748026,0.00010037003085017204,10.433798708952963,nan,2482164.0,4627.0,2592.0,True
1,5,5992156577678619817,ML-DSA-87,0.0004364920314401388,0.0006470700027421117,0.0001634099753573537,22.017523676040582,nan,2482164.0,4627.0,2592.0,True
1,5,13388001032675048269,ML-DSA-87,0.00033241009805351496,0.0006696090567857027,0.00014460098464041948,22.10368856205605,nan,2482165.0,4627.0,2592.0,True
1,5,2922294849836869020,ML-DSA-87,0.00042581395246088505,0.0005101980641484261,9.938201401382685e-05,22.164192437077872,nan,2482164.0,4627.0,2592.0,True
1,5,12806618082565629236,ML-DSA-87,0.0001952419988811016,0.0002270640106871724,0.00010065198875963688,22.410408554947935,nan,2482165.0,4627.0,2592.0,True
1,5,2693986936198526529,ML-DSA-87,0.00024978595320135355,0.00032483204267919064,9.819294791668653e-05,10.370056041050702,nan,2482164.0,4627.0,2592.0,True
1,6,5992156577678619817,ML-DSA-87,0.00019486097153276205,0.00032887596171349287,0.00012632296420633793,21.466514016035944,nan,2482164.0,4627.0,2592.0,True
1,6,12806618082565629236,ML-DSA-87,0.0002523560542613268,0.00036685599479824305,0.00010603200644254684,21.65931045403704,nan,2482165.0,4627.0,2592.0,True
1,6,13388001032675048269,ML-DSA-87,0.00027353200130164623,0.000369061017408967,0.0001359399175271392,21.808519256999716,nan,2482165.0,4627.0,2592.0,True
1,6,2922294849836869020,ML-DSA-87,0.000219259993173182,0.00022167002316564322,9.860994759947062e-05,21.92201467708219,nan,2482164.0,4627.0,2592.0,True
1,6,2693986936198526529,ML-DSA-87,0.00022373406682163477,0.00020264799240976572,0.0001378550659865141,10.661136135924608,nan,2482164.0,4627.0,2592.0,True
1,7,12806618082565629236,ML-DSA-87,0.00041459500789642334,0.000822002999484539,0.00011985294986516237,21.233597920974717,nan,2482165.0,4627.0,2592.0,True
1,7,5992156577678619817,ML-DSA-87,0.0002146940678358078,0.0003017130075022578,0.0001015540910884738,21.32928440195974,nan,2482164.0,4627.0,2592.0,True
1,7,2922294849836869020,ML-DSA-87,0.0003862750018015504,0.0007543319370597601,0.0001061990624293685,21.402111163944937,nan,2482164.0,4627.0,2592.0,True
1,7,13388001032675048269,ML-DSA-87,0.00024966103956103325,0.00035741005558520555,0.00012859900016337633,21.482094022911042,nan,2482165.0,4627.0,2592.0,True
1,7,2693986936198526529,ML-DSA-87,0.00024186493828892708,0.0003138459287583828,9.74610447883606e-05,10.265153305022977,nan,2482164.0,4627.0,2592.0,True
1,8,5992156577678619817,ML-DSA-87,0.00027708790730684996,0.0002475420478731394,0.00012343598064035177,21.123233911930583,nan,2482164.0,4627.0,2592.0,True
1,8,12806618082565629236,ML-DSA-87,0.00040161400102078915,0.00040373404044657946,0.0001015389570966363,21.211692341021262,nan,2482165.0,4627.0,2592.0,True
1,8,13388001032675048269,ML-DSA-87,0.00027117400895804167,0.00021141301840543747,0.00011088198516517878,21.198555732960813,nan,2482165.0,4627.0,2592.0,True
1,8,2922294849836869020,ML-DSA-87,0.00018560804892331362,0.0001935390755534172,0.00011164101306349039,21.383579107001424,nan,2482164.0,4627.0,2592.0,True
1,8,2693986936198526529,ML-DSA-87,0.00031888193916529417,0.0003748360322788358,0.0001170760951936245,10.63044318498578,nan,2482164.0,4627.0,2592.0,True
1,9,5992156577678619817,ML-DSA-87,0.0003738719969987869,0.00037334999069571495,0.00011377595365047455,21.440419169026427,nan,2482164.0,4627.0,2592.0,True
1,9,13388001032675048269,ML-DSA-87,0.0006901699816808105,0.0002853169571608305,9.774998761713505e-05,21.747834463021718,nan,2482165.0,4627.0,2592.0,True
1,9,12806618082565629236,ML-DSA-87,0.00028980604838579893,0.00028409191872924566,0.00014628202188760042,21.812613510992378,nan,2482165.0,4627.0,2592.0,True
1,9,2922294849836869020,ML-DSA-87,0.00018736498896032572,0.0002496190136298537,0.00010885403025895357,21.834875844069757,nan,2482164.0,4627.0,2592.0,True
1,9,2693986936198526529,ML-DSA-87,0.00025273405481129885,0.00020858598873019218,0.00010065396782010794,10.425440934021026,nan,2482164.0,4627.0,2592.0,True
1,10,5992156577678619817,ML-DSA-87,0.00035989307798445225,0.00041232595685869455,0.00012932298704981804,21.170627244049683,nan,2482164.0,4627.0,2592.0,True
1,10,12806618082565629236,ML-DSA-87,0.0004930410068482161,0.0002302259672433138,0.00013020401820540428,21.54746818204876,nan,2482165.0,4627.0,2592.0,True
1,10,2922294849836869020,ML-DSA-87,0.0004009209806099534,0.0002582219894975424,0.00010513199958950281,21.60339639999438,nan,2482164.0,4627.0,2592.0,True
1,10,13388001032675048269,ML-DSA-87,0.0001847120001912117,0.00024813704658299685,0.00010162696707993746,21.760384160093963,nan,2482165.0,4627.0,2592.0,True
1,10,2693986936198526529,ML-DSA-87,0.0002490259939804673,0.00020415103062987328,0.00010096002370119095,10.511805026093498,nan,2482164.0,4627.0,2592.0,True
1,11,13388001032675048269,ML-DSA-87,0.000246196985244751,0.0002353390445932746,0.00015575799625366926,21.7596220059786,nan,2482165.0,4627.0,2592.0,True
1,11,5992156577678619817,ML-DSA-87,0.00033376296050846577,0.0004203580319881439,9.8041957244277e-05,21.857913027051836,nan,2482164.0,4627.0,2592.0,True
1,11,12806618082565629236,ML-DSA-87,0.00018565997015684843,0.0001676339888945222,0.00011662498582154512,22.004963611951098,nan,2482165.0,4627.0,2592.0,True
1,11,2922294849836869020,ML-DSA-87,0.00026452902238816023,0.000546760973520577,9.92750283330679e-05,21.97180183592718,nan,2482164.0,4627.0,2592.0,True
1,11,2693986936198526529,ML-DSA-87,0.00018326705321669579,0.00015205098316073418,0.00010124000255018473,10.424350462970324,nan,2482164.0,4627.0,2592.0,True
1,12,13388001032675048269,ML-DSA-87,0.00034647888969630003,0.0003296829527243972,0.00012557907029986382,21.310210986994207,nan,2482165.0,4627.0,2592.0,True
1,12,5992156577678619817,ML-DSA-87,0.0003509349189698696,0.00047020602505654097,0.00010109296999871731,21.49283584195655,nan,2482164.0,4627.0,2592.0,True
1,12,12806618082565629236,ML-DSA-87,0.0004405539948493242,0.0005674069980159402,9.841599967330694e-05,21.509899578988552,nan,2482165.0,4627.0,2592.0,True
1,12,2922294849836869020,ML-DSA-87,0.0002055580262094736,0.00026087602600455284,0.00011695199646055698,21.74036130902823,nan,2482164.0,4627.0,2592.0,True
1,12,2693986936198526529,ML-DSA-87,0.00018651492428034544,0.0003661309601739049,9.952997788786888e-05,10.628381501999684,nan,2482164.0,4627.0,2592.0,True
1,13,5992156577678619817,ML-DSA-87,0.00031574605964124203,0.00043078791350126266,0.0001223940635100007,21.548724223976023,nan,2482164.0,4627.0,2592.0,True
1,13,12806618082565629236,ML-DSA-87,0.0003137820167466998,0.0004557539941743016,0.00011062296107411385,21.731769967940636,nan,2482165.0,4627.0,2592.0,True
1,13,13388001032675048269,ML-DSA-87,0.00018477498088032007,0.00018137902952730656,0.0001246579922735691,22.029978336999193,nan,2482165.0,4627.0,2592.0,True
1,13,2922294849836869020,ML-DSA-87,0.0004712250083684921,0.0004806400975212455,0.00010307098273187876,22.00020392704755,nan,2482164.0,4627.0,2592.0,True
1,13,2693986936198526529,ML-DSA-87,0.00018095795530825853,0.00022164208348840475,0.000141722965054214,10.336157654062845,nan,2482164.0,4627.0,2592.0,True
1,14,12806618082565629236,ML-DSA-87,0.0005315840244293213,0.00021906208712607622,0.00012319802772253752,21.014764335006475,nan,2482165.0,4627.0,2592.0,True
1,14,5992156577678619817,ML-DSA-87,0.00029694894328713417,0.00032888504210859537,0.00010995706543326378,21.213558029965498,nan,2482164.0,4627.0,2592.0,True
1,14,13388001032675048269,ML-DSA-87,0.00024289300199598074,0.0002157209673896432,0.00010033103171736002,21.282628307002597,nan,2482165.0,4627.0,2592.0,True
1,14,2922294849836869020,ML-DSA-87,0.00029370200354605913,0.00023819890338927507,0.0001016020542010665,21.400744471000507,nan,2482164.0,4627.0,2592.0,True
1,14,2693986936198526529,ML-DSA-87,0.00018432200886309147,0.00015955499839037657,0.00010029599070549011,10.465625033015385,nan,2482164.0,4627.0,2592.0,True
1,15,2922294849836869020,ML-DSA-87,0.00027370499446988106,0.0005000029923394322,0.00011646491475403309,21.4098960950505,nan,2482164.0,4627.0,2592.0,True
1,15,13388001032675048269,ML-DSA-87,0.00035347300581634045,0.0002737700706347823,0.00013275095261633396,21.65228720800951,nan,2482165.0,4627.0,2592.0,True
1,15,5992156577678619817,ML-DSA-87,0.0002611109521239996,0.0002431659959256649,0.00010777905117720366,21.862221281044185,nan,2482164.0,4627.0,2592.0,True
1,15,12806618082565629236,ML-DSA-87,0.0002512439386919141,0.0003157369792461395,9.842007420957088e-05,21.774497876991518,nan,2482165.0,4627.0,2592.0,True
1,15,2693986936198526529,ML-DSA-87,0.00018068403005599976,0.0002819240326061845,0.00010160706005990505,10.544583256007172,nan,2482164.0,4627.0,2592.0,True
1,16,2922294849836869020,ML-DSA-87,0.00027795403730124235,0.00026473402976989746,0.0001358418958261609,21.684298417996615,nan,2482164.0,4627.0,2592.0,True
1,16,13388001032675048269,ML-DSA-87,0.0005449180025607347,0.0004628200549632311,0.00010002194903790951,21.661209707031958,nan,2482165.0,4627.0,2592.0,True
1,16,5992156577678619817,ML-DSA-87,0.0002596030244603753,0.0002628900110721588,0.00012075202539563179,21.887626512092538,nan,2482164.0,4627.0,2592.0,True
1,16,12806618082565629236,ML-DSA-87,0.00018110102973878384,0.0001713290112093091,0.00013999990187585354,21.919463987927884,nan,2482165.0,4627.0,2592.0,True
1,16,2693986936198526529,ML-DSA-87,0.00020417093764990568,0.00020385498646646738,0.00010059098713099957,10.759728790959343,nan,2482164.0,4627.0,2592.0,True
1,17,2922294849836869020,ML-DSA-87,0.000404752092435956,0.00038750702515244484,0.00011947995517402887,21.508813399006613,nan,2482164.0,4627.0,2592.0,True
1,17,12806618082565629236,ML-DSA-87,0.00018338498193770647,0.00018391699995845556,9.8054064437747e-05,21.760066893068142,nan,2482165.0,4627.0,2592.0,True
1,17,13388001032675048269,ML-DSA-87,0.00019187293946743011,0.0003123820060864091,9.981601033359766e-05,21.82158976595383,nan,2482165.0,4627.0,2592.0,True
1,17,5992156577678619817,ML-DSA-87,0.00018421804998070002,0.0002963599981740117,0.00011405604891479015,21.79442199796904,nan,2482164.0,4627.0,2592.0,True
1,17,2693986936198526529,ML-DSA-87,0.0002477949019521475,0.00019719998817890882,0.00010094500612467527,10.41562754905317,nan,2482164.0,4627.0,2592.0,True
1,18,5992156577678619817,ML-DSA-87,0.0005039829993620515,0.0007382879266515374,0.00011977809481322765,21.545404567033984,nan,2482164.0,4627.0,2592.0,True
1,18,12806618082565629236,ML-DSA-87,0.00046164903324097395,0.0006787569727748632,9.950506500899792e-05,21.77533140196465,nan,2482165.0,4627.0,2592.0,True
1,18,13388001032675048269,ML-DSA-87,0.0004532129969447851,0.00030601699836552143,0.00011716596782207489,21.851031469996087,nan,2482165.0,4627.0,2592.0,True
1,18,2922294849836869020,ML-DSA-87,0.0002513970248401165,0.00021640898194164038,0.00010351999662816525,21.9478240320459,nan,2482164.0,4627.0,2592.0,True
1,18,2693986936198526529,ML-DSA-87,0.00019720499403774738,0.00021992693655192852,0.00012055004481226206,10.523388722911477,nan,2482164.0,4627.0,2592.0,True
1,19,13388001032675048269,ML-DSA-87,0.00018421898130327463,0.0004556090570986271,0.00012840097770094872,21.588494056952186,nan,2482165.0,4627.0,2592.0,True
1,19,12806618082565629236,ML-DSA-87,0.00029630796052515507,0.00046427291817963123,0.00010823097545653582,21.748865595902316,nan,2482165.0,4627.0,2592.0,True
1,19,5992156577678619817,ML-DSA-87,0.00025728996843099594,0.00027556903660297394,9.948492515832186e-05,21.776845498010516,nan,2482164.0,4627.0,2592.0,True
1,19,2922294849836869020,ML-DSA-87,0.00018528697546571493,0.00018769805319607258,0.00010340998414903879,21.928448667982593,nan,2482164.0,4627.0,2592.0,True
1,19,2693986936198526529,ML-DSA-87,0.00029978295788168907,0.0003481759922578931,0.00011444592382758856,10.737701200996526,nan,2482164.0,4627.0,2592.0,True
1,20,12806618082565629236,ML-DSA-87,0.0003931520041078329,0.00024833192583173513,0.00011924095451831818,21.96377913991455,nan,2482165.0,4627.0,2592.0,True
1,20,5992156577678619817,ML-DSA-87,0.00038143398705869913,0.0004872219869866967,0.00011712999548763037,21.82728360197507,nan,2482164.0,4627.0,2592.0,True
1,20,2922294849836869020,ML-DSA-87,0.0001985259586945176,0.0003982390044257045,9.94029687717557e-05,22.10524472198449,nan,2482164.0,4627.0,2592.0,True
1,20,13388001032675048269,ML-DSA-87,0.0002615210833027959,0.00033505994360893965,0.00010168401058763266,22.2138997229049,nan,2482165.0,4627.0,2592.0,True
1,20,2693986936198526529,ML-DSA-87,0.00018298090435564518,0.0001615519868209958,0.00012090301606804132,10.316408358048648,nan,2482164.0,4627.0,2592.0,True
1,21,2922294849836869020,ML-DSA-87,0.00026122794952243567,0.00046364404261112213,0.00017095997463911772,21.547221087967046,nan,2482164.0,4627.0,2592.0,True
1,21,13388001032675048269,ML-DSA-87,0.0002696830779314041,0.00041768501978367567,0.00011710706166923046,21.578116067918018,nan,2482165.0,4627.0,2592.0,True
1,21,12806618082565629236,ML-DSA-87,0.0004589000018313527,0.0007129269652068615,0.00014858704525977373,21.74038782599382,nan,2482165.0,4627.0,2592.0,True
1,21,5992156577678619817,ML-DSA-87,0.00044049404095858335,0.0005393880419433117,0.00010734901297837496,21.77849670208525,nan,2482164.0,4627.0,2592.0,True
1,21,2693986936198526529,ML-DSA-87,0.000247318996116519,0.0002869680756703019,0.00011207605712115765,10.469819576013833,nan,2482164.0,4627.0,2592.0,True
1,22,5992156577678619817,ML-DSA-87,0.00036685599479824305,0.00036765600088983774,0.00012383796274662018,21.12708472099621,nan,2482164.0,4627.0,2592.0,True
1,22,2922294849836869020,ML-DSA-87,0.001960047986358404,0.00041937793139368296,0.0001047489931806922,21.027843773015775,nan,2482164.0,4627.0,2592.0,True
1,22,12806618082565629236,ML-DSA-87,0.00025967101100832224,0.00031929195392876863,0.00010035408195108175,21.329327189945616,nan,2482165.0,4627.0,2592.0,True
1,22,13388001032675048269,ML-DSA-87,0.000304460059851408,0.00047339394222944975,0.00011345604434609413,21.276714261970483,nan,2482165.0,4627.0,2592.0,True
1,22,2693986936198526529,ML-DSA-87,0.00018354097846895456,0.00020866701379418373,0.00010150903835892677,10.457378259976394,nan,2482164.0,4627.0,2592.0,True
1,23,13388001032675048269,ML-DSA-87,0.0003923220792785287,0.0003391809295862913,0.00015344901476055384,21.63289576896932,nan,2482165.0,4627.0,2592.0,True
1,23,5992156577678619817,ML-DSA-87,0.00031133799348026514,0.00037078396417200565,0.00010194501373916864,21.69046488997992,nan,2482164.0,4627.0,2592.0,True
1,23,2922294849836869020,ML-DSA-87,0.00020789809059351683,0.0001675350358709693,0.00010466703679412603,21.87294044101145,nan,2482164.0,4627.0,2592.0,True
1,23,12806618082565629236,ML-DSA-87,0.00026474904734641314,0.00023467105347663164,0.00011743907816708088,21.73469431407284,nan,2482165.0,4627.0,2592.0,True
1,23,2693986936198526529,ML-DSA-87,0.00018034304957836866,0.00017638003919273615,0.00012073898687958717,10.434139593038708,nan,2482164.0,4627.0,2592.0,True
1,24,13388001032675048269,ML-DSA-87,0.00023420504294335842,0.0002793930470943451,0.00011511496268212795,21.610581115004607,nan,2482165.0,4627.0,2592.0,True
1,24,12806618082565629236,ML-DSA-87,0.0007056340109556913,0.00044012407306581736,0.0001040060305967927,21.699663158040494,nan,2482165.0,4627.0,2592.0,True
1,24,2922294849836869020,ML-DSA-87,0.0003014359390363097,0.0003092989791184664,0.00010044197551906109,21.81310918496456,nan,2482164.0,4627.0,2592.0,True
1,24,5992156577678619817,ML-DSA-87,0.0001809439854696393,0.0001855919836089015,0.000102830003015697,21.92796968203038,nan,2482164.0,4627.0,2592.0,True
1,24,2693986936198526529,ML-DSA-87,0.000245196046307683,0.0002488369354978204,0.0001024249941110611,10.344009757973254,nan,2482164.0,4627.0,2592.0,True
1,25,5992156577678619817,ML-DSA-87,0.0003546290099620819,0.00044534308835864067,0.00011928810272365808,21.215442916029133,nan,2482164.0,4627.0,2592.0,True
1,25,2922294849836869020,ML-DSA-87,0.0004914399469271302,0.0005215189885348082,0.0001436069142073393,21.436550269951113,nan,2482164.0,4627.0,2592.0,True
1,25,13388001032675048269,ML-DSA-87,0.0002556189429014921,0.0003970880061388016,0.00010210007894784212,21.48010471300222,nan,2482165.0,4627.0,2592.0,True
1,25,12806618082565629236,ML-DSA-87,0.00018411502242088318,0.000326717970892787,0.00012668000999838114,21.812194522004575,nan,2482165.0,4627.0,2592.0,True
1,25,2693986936198526529,ML-DSA-87,0.0002992890076711774,0.00018977804575115442,0.00010081101208925247,10.486494744080119,nan,2482164.0,4627.0,2592.0,True
1,26,5992156577678619817,ML-DSA-87,0.00040861195884644985,0.0008243439951911569,0.0001174240605905652,21.492128525977023,nan,2482164.0,4627.0,2592.0,True
1,26,12806618082565629236,ML-DSA-87,0.0002894359640777111,0.0003687100252136588,0.00011291902046650648,21.615509872091934,nan,2482165.0,4627.0,2592.0,True
1,26,13388001032675048269,ML-DSA-87,0.00038601201958954334,0.0006088810041546822,0.00011749297846108675,21.667437166091986,nan,2482165.0,4627.0,2592.0,True
1,26,2922294849836869020,ML-DSA-87,0.00018334598280489445,0.0002885489957407117,0.00010056700557470322,21.772623206023127,nan,2482164.0,4627.0,2592.0,True
1,26,2693986936198526529,ML-DSA-87,0.00018053199164569378,0.00018576194997876883,0.00011273298878222704,10.434909472009167,nan,2482164.0,4627.0,2592.0,True
1,27,5992156577678619817,ML-DSA-87,0.0004109978908672929,0.0005803160602226853,0.00011894095223397017,21.369179391069338,nan,2482164.0,4627.0,2592.0,True
1,27,13388001032675048269,ML-DSA-87,0.0003788500325754285,0.0003685629926621914,9.988294914364815e-05,21.568093098001555,nan,2482165.0,4627.0,2592.0,True
1,27,12806618082565629236,ML-DSA-87,0.0001982100075110793,0.00023732904810458422,0.00010143499821424484,21.699349454022013,nan,2482165.0,4627.0,2592.0,True
1,27,2922294849836869020,ML-DSA-87,0.0002528679324313998,0.00045406201388686895,0.0001192570198327303,22.035028977086768,nan,2482164.0,4627.0,2592.0,True
1,27,2693986936198526529,ML-DSA-87,0.00018371292389929295,0.0001630720216780901,0.000100388890132308,10.54866204294376,nan,2482164.0,4627.0,2592.0,True
1,28,5992156577678619817,ML-DSA-87,0.0002645539352670312,0.0002688230015337467,0.00014153006486594677,21.448958297027275,nan,2482164.0,4627.0,2592.0,True
1,28,13388001032675048269,ML-DSA-87,0.0005442879628390074,0.0004008590476587415,0.00017725396901369095,21.606606980087236,nan,2482165.0,4627.0,2592.0,True
1,28,2922294849836869020,ML-DSA-87,0.0002334299497306347,0.00018801703117787838,0.00011173903476446867,21.665603491012007,nan,2482164.0,4627.0,2592.0,True
1,28,12806618082565629236,ML-DSA-87,0.0002570690121501684,0.0004196789814159274,0.0001474069431424141,21.74561225704383,nan,2482165.0,4627.0,2592.0,True
1,28,2693986936198526529,ML-DSA-87,0.0001809750683605671,0.0002579519059509039,0.00012354401405900717,10.362778009963222,nan,2482164.0,4627.0,2592.0,True
1,29,5992156577678619817,ML-DSA-87,0.0004335499834269285,0.0003545329673215747,0.00011772091966122389,21.31994150497485,nan,2482164.0,4627.0,2592.0,True
1,29,2922294849836869020,ML-DSA-87,0.0004040769999846816,0.0005963159492239356,0.00010996602941304445,21.435049562947825,nan,2482164.0,4627.0,2592.0,True
1,29,13388001032675048269,ML-DSA-87,0.00039343303069472313,0.00043242506217211485,0.00010786298662424088,21.645778291043825,nan,2482165.0,4627.0,2592.0,True
1,29,12806618082565629236,ML-DSA-87,0.00020243809558451176,0.00021881901193410158,0.00010147294960916042,21.881540828966536,nan,2482165.0,4627.0,2592.0,True
1,29,2693986936198526529,ML-DSA-87,0.00018028297927230597,0.0004486480029299855,0.00010471092537045479,10.271450271946378,nan,2482164.0,4627.0,2592.0,True
1,30,12806618082565629236,ML-DSA-87,0.00025167001876980066,0.000576498918235302,0.00013087003026157618,20.927137920050882,nan,2482165.0,4627.0,2592.0,True
1,30,2922294849836869020,ML-DSA-87,0.00037647399585694075,0.0004813750274479389,0.00012056401465088129,21.34831482998561,nan,2482164.0,4627.0,2592.0,True
1,30,13388001032675048269,ML-DSA-87,0.00018337799701839685,0.0002171649830415845,0.0001167800510302186,21.487183905090205,nan,2482165.0,4627.0,2592.0,True
1,30,5992156577678619817,ML-DSA-87,0.00018597499001771212,0.0002742280485108495,0.00010161707177758217,21.428265433060005,nan,2482164.0,4627.0,2592.0,True
1,30,2693986936198526529,ML-DSA-87,0.0001828729873523116,0.00022412196267396212,9.876210242509842e-05,10.376403148984537,nan,2482164.0,4627.0,2592.0,True
2,1,6211756974499226147,ML-DSA-87,0.0016534950118511915,0.00044400396291166544,0.00019166606944054365,21.615307196974754,nan,2482164.0,4627.0,2592.0,True
2,1,9741765158543602461,ML-DSA-87,0.0009977309964597225,0.0006225509569048882,0.0001069740392267704,21.657573988079093,2.099761383982893,2482164.0,4627.0,2592.0,True
2,1,2954403878956725957,ML-DSA-87,0.0010786440689116716,0.0003732840996235609,0.00010073999874293804,21.786980633973144,2.129434346390989,2482164.0,4627.0,2592.0,True
2,1,17626355669066473838,ML-DSA-87,0.001849994994699955,0.0004457550821825862,0.00013670697808265686,21.721115302992985,2.0984792400853705,2482165.0,4627.0,2592.0,True
2,1,4956546116125520692,ML-DSA-87,0.00020689796656370163,0.00027632899582386017,0.00011224695481359959,10.495466731023043,2.052087660033863,2482164.0,4627.0,2592.0,True
2,2,6211756974499226147,ML-DSA-87,0.00032554997596889734,0.0003816559910774231,0.00012169405817985535,21.241732337046415,nan,2482164.0,4627.0,2592.0,True
2,2,17626355669066473838,ML-DSA-87,0.00019573105964809656,0.00017482100520282984,0.00010465399827808142,21.41813706594985,nan,2482165.0,4627.0,2592.0,True
2,2,9741765158543602461,ML-DSA-87,0.00026372598949819803,0.00025422999169677496,0.00010524597018957138,21.307104807929136,nan,2482164.0,4627.0,2592.0,True
2,2,2954403878956725957,ML-DSA-87,0.0002815809566527605,0.0003080429742112756,0.0001243830192834139,21.34606634499505,nan,2482164.0,4627.0,2592.0,True
2,2,4956546116125520692,ML-DSA-87,0.00018963601905852556,0.00021030299831181765,9.990704711526632e-05,10.41143992904108,nan,2482164.0,4627.0,2592.0,True
2,3,4956546116125520692,ML-DSA-87,0.0003105850191786885,0.00023942405823618174,0.00011641206219792366,21.106943411985412,nan,2482164.0,4627.0,2592.0,True
2,3,2954403878956725957,ML-DSA-87,0.000450480030849576,0.0014051080215722322,0.0001011179992929101,21.38334344001487,nan,2482164.0,4627.0,2592.0,True
2,3,17626355669066473838,ML-DSA-87,0.00018952100072056055,0.0002528700279071927,9.86920204013586e-05,21.48678525199648,nan,2482165.0,4627.0,2592.0,True
2,3,9741765158543602461,ML-DSA-87,0.000248173950240016,0.00028219609521329403,0.00012762891128659248,21.714652493945323,nan,2482164.0,4627.0,2592.0,True
2,3,6211756974499226147,ML-DSA-87,0.0002509449841454625,0.00020029698498547077,0.000112770008854568,10.456754748011008,nan,2482164.0,4627.0,2592.0,True
2,4,9741765158543602461,ML-DSA-87,0.00038165494333952665,0.00047016795724630356,0.00012163503561168909,21.28357325703837,nan,2482164.0,4627.0,2592.0,True
2,4,6211756974499226147,ML-DSA-87,0.0002844879636541009,0.0006408480694517493,0.00010843994095921516,21.37101539003197,nan,2482164.0,4627.0,2592.0,True
2,4,2954403878956725957,ML-DSA-87,0.0002396369818598032,0.00021331105381250381,0.00010507006663829088,21.542035680962726,nan,2482164.0,4627.0,2592.0,True
2,4,17626355669066473838,ML-DSA-87,0.0002516040112823248,0.00041042198427021503,9.944499470293522e-05,21.592942039947957,nan,2482165.0,4627.0,2592.0,True
2,4,4956546116125520692,ML-DSA-87,0.00019428401719778776,0.000366216991096735,0.00010201602708548307,10.335350063978694,nan,2482164.0,4627.0,2592.0,True
2,5,6211756974499226147,ML-DSA-87,0.0002989839995279908,0.0005379780195653439,0.0001499699428677559,21.26108840305824,nan,2482164.0,4627.0,2592.0,True
2,5,2954403878956725957,ML-DSA-87,0.00034054601565003395,0.00046501203905791044,0.0001183580607175827,21.312449864926748,nan,2482164.0,4627.0,2592.0,True
2,5,17626355669066473838,ML-DSA-87,0.00021582201588898897,0.0003097240114584565,0.0001244089799001813,21.528097935952246,nan,2482165.0,4627.0,2592.0,True
2,5,9741765158543602461,ML-DSA-87,0.0001891230931505561,0.00019557797349989414,0.00011065800208598375,21.559035168029368,nan,2482164.0,4627.0,2592.0,True
2,5,4956546116125520692,ML-DSA-87,0.0002485400764271617,0.0002867580624297261,0.00012049695942550898,10.366276209009811,nan,2482164.0,4627.0,2592.0,True
2,6,9741765158543602461,ML-DSA-87,0.000365127925761044,0.0004633660428225994,0.00015608395915478468,21.17680121702142,nan,2482164.0,4627.0,2592.0,True
2,6,2954403878956725957,ML-DSA-87,0.00021924206521362066,0.0002801229711622,0.00010181404650211334,21.2648622719571,nan,2482164.0,4627.0,2592.0,True
2,6,6211756974499226147,ML-DSA-87,0.0002574699465185404,0.00023998005781322718,0.0001161710824817419,21.184186741011217,nan,2482164.0,4627.0,2592.0,True
2,6,17626355669066473838,ML-DSA-87,0.00032845104578882456,0.00023692892864346504,0.00010828697122633457,21.384109317907132,nan,2482165.0,4627.0,2592.0,True
2,6,4956546116125520692,ML-DSA-87,0.00025470100808888674,0.0002346920082345605,0.00013665901497006416,10.291242541978136,nan,2482164.0,4627.0,2592.0,True
2,7,2954403878956725957,ML-DSA-87,0.0004852770362049341,0.00031887099612504244,0.0001164519926533103,21.101679748971947,nan,2482164.0,4627.0,2592.0,True
2,7,9741765158543602461,ML-DSA-87,0.00036879105027765036,0.0003770620096474886,9.865500032901764e-05,21.799037019954994,nan,2482164.0,4627.0,2592.0,True
2,7,17626355669066473838,ML-DSA-87,0.00018625310622155666,0.0001861469354480505,0.0001177710946649313,21.80653953703586,nan,2482165.0,4627.0,2592.0,True
2,7,6211756974499226147,ML-DSA-87,0.0002155130496248603,0.0003724079579114914,0.00015833508223295212,21.791998212924227,nan,2482164.0,4627.0,2592.0,True
2,7,4956546116125520692,ML-DSA-87,0.00018482108134776354,0.00018160708714276552,0.00010557600762695074,10.534185737022199,nan,2482164.0,4627.0,2592.0,True
2,8,9741765158543602461,ML-DSA-87,0.00024584506172686815,0.000661437981761992,0.00011844898108392954,21.435091778985225,nan,2482164.0,4627.0,2592.0,True
2,8,6211756974499226147,ML-DSA-87,0.0002692330162972212,0.0004221749259158969,0.0001227839384227991,21.531145803048275,nan,2482164.0,4627.0,2592.0,True
2,8,17626355669066473838,ML-DSA-87,0.0003527069929987192,0.0003319490933790803,0.0001091009471565485,21.57236996095162,nan,2482165.0,4627.0,2592.0,True
2,8,2954403878956725957,ML-DSA-87,0.00025071902200579643,0.00034337397664785385,0.000101025914773345,21.853594498010352,nan,2482164.0,4627.0,2592.0,True
2,8,4956546116125520692,ML-DSA-87,0.00019816204439848661,0.0002404599217697978,0.00011720601469278336,10.501966619980522,nan,2482164.0,4627.0,2592.0,True
2,9,9741765158543602461,ML-DSA-87,0.0002876430517062545,0.0005645640194416046,0.00015262793749570847,21.421639131964184,nan,2482164.0,4627.0,2592.0,True
2,9,2954403878956725957,ML-DSA-87,0.00024147098883986473,0.00017882499378174543,0.00010197400115430355,21.44273128802888,nan,2482164.0,4627.0,2592.0,True
2,9,17626355669066473838,ML-DSA-87,0.00023653602693229914,0.0002343679079785943,0.00015711900778114796,21.412750688032247,nan,2482165.0,4627.0,2592.0,True
2,9,6211756974499226147,ML-DSA-87,0.00025034300051629543,0.00026588805485516787,0.00010300404392182827,21.598539783037268,nan,2482164.0,4627.0,2592.0,True
2,9,4956546116125520692,ML-DSA-87,0.00018286891281604767,0.0002674920251592994,0.00010052998550236225,10.363249671994708,nan,2482164.0,4627.0,2592.0,True
2,10,9741765158543602461,ML-DSA-87,0.00031646399293094873,0.0005503169959411025,0.00012326205614954233,21.365173005964607,nan,2482164.0,4627.0,2592.0,True
2,10,6211756974499226147,ML-DSA-87,0.00026586290914565325,0.00026540399994701147,0.00011868192814290524,21.441957034985535,nan,2482164.0,4627.0,2592.0,True
2,10,2954403878956725957,ML-DSA-87,0.0003247170243412256,0.00025163404643535614,0.00010237004607915878,21.51426258299034,nan,2482164.0,4627.0,2592.0,True
2,10,17626355669066473838,ML-DSA-87,0.000244961935095489,0.00023419002536684275,0.00011937797535210848,21.64900555810891,nan,2482165.0,4627.0,2592.0,True
2,10,4956546116125520692,ML-DSA-87,0.00018715800251811743,0.0002756930189207196,0.00010345608461648226,10.475601507001556,nan,2482164.0,4627.0,2592.0,True
2,11,2954403878956725957,ML-DSA-87,0.0006025610491633415,0.0012617689790204167,0.00011938204988837242,21.39406755194068,nan,2482164.0,4627.0,2592.0,True
2,11,6211756974499226147,ML-DSA-87,0.0003648110432550311,0.00042765995021909475,0.00010225095320492983,21.477329385932535,nan,2482164.0,4627.0,2592.0,True
2,11,17626355669066473838,ML-DSA-87,0.00023321097251027822,0.0002613120013847947,0.0001182690029963851,21.722592832986265,nan,2482165.0,4627.0,2592.0,True
2,11,9741765158543602461,ML-DSA-87,0.00020807795226573944,0.00038817303720861673,0.00010224594734609127,21.72998472105246,nan,2482164.0,4627.0,2592.0,True
2,11,4956546116125520692,ML-DSA-87,0.0001846670638769865,0.0003570019034668803,0.00010048295371234417,10.547461216920055,nan,2482164.0,4627.0,2592.0,True
2,12,17626355669066473838,ML-DSA-87,0.0003593750298023224,0.0004618000239133835,0.00011692696716636419,21.56662126001902,nan,2482165.0,4627.0,2592.0,True
2,12,9741765158543602461,ML-DSA-87,0.0003141389461234212,0.0002892629709094763,0.00010100204963237047,21.715159990941174,nan,2482164.0,4627.0,2592.0,True
2,12,6211756974499226147,ML-DSA-87,0.00028211798053234816,0.00018421607092022896,0.0001212400384247303,21.919424979016185,nan,2482164.0,4627.0,2592.0,True
2,12,2954403878956725957,ML-DSA-87,0.00018883205484598875,0.00016821606550365686,0.00012439198326319456,22.078126271022484,nan,2482164.0,4627.0,2592.0,True
2,12,4956546116125520692,ML-DSA-87,0.00024719000793993473,0.00020414497703313828,0.0001024120720103383,10.488469721982256,nan,2482164.0,4627.0,2592.0,True
2,13,9741765158543602461,ML-DSA-87,0.0003789919428527355,0.0003032190725207329,0.00021105410996824503,21.1449252179591,nan,2482164.0,4627.0,2592.0,True
2,13,6211756974499226147,ML-DSA-87,0.00039395003113895655,0.0005752339493483305,0.00011521705891937017,21.35302521905396,nan,2482164.0,4627.0,2592.0,True
2,13,2954403878956725957,ML-DSA-87,0.00023694697301834822,0.00025240599643439054,0.00010726903565227985,21.40036650793627,nan,2482164.0,4627.0,2592.0,True
2,13,17626355669066473838,ML-DSA-87,0.0002349310088902712,0.00020036892965435982,0.0001328920479863882,21.49968412995804,nan,2482165.0,4627.0,2592.0,True
2,13,4956546116125520692,ML-DSA-87,0.00018373096827417612,0.0003487729700282216,0.00012695509940385818,10.80344032496214,nan,2482164.0,4627.0,2592.0,True
2,14,2954403878956725957,ML-DSA-87,0.00046081095933914185,0.00030436902306973934,0.00011553696822375059,20.90397479396779,nan,2482164.0,4627.0,2592.0,True
2,14,17626355669066473838,ML-DSA-87,0.00034988601692020893,0.0003247099230065942,9.873299859464169e-05,21.26139322493691,nan,2482165.0,4627.0,2592.0,True
2,14,6211756974499226147,ML-DSA-87,0.0003188380505889654,0.00025830999948084354,0.00014606607146561146,21.345281453919597,nan,2482164.0,4627.0,2592.0,True
2,14,9741765158543602461,ML-DSA-87,0.00025594502221792936,0.00023807398974895477,9.901192970573902e-05,21.400448689004406,nan,2482164.0,4627.0,2592.0,True
2,14,4956546116125520692,ML-DSA-87,0.00026052293833345175,0.00018062302842736244,9.964802302420139e-05,10.64063789008651,nan,2482164.0,4627.0,2592.0,True
2,15,2954403878956725957,ML-DSA-87,0.00023401400540024042,0.00036649301182478666,0.00011991802603006363,21.35314310598187,nan,2482164.0,4627.0,2592.0,True
2,15,9741765158543602461,ML-DSA-87,0.0003336200024932623,0.00030703400261700153,0.00011581089347600937,21.442374733975157,nan,2482164.0,4627.0,2592.0,True
2,15,6211756974499226147,ML-DSA-87,0.0002758060581982136,0.00029128906317055225,9.89699037745595e-05,21.56468438997399,nan,2482164.0,4627.0,2592.0,True
2,15,17626355669066473838,ML-DSA-87,0.0001832930138334632,0.00032091105822473764,9.954895358532667e-05,21.785280416952446,nan,2482165.0,4627.0,2592.0,True
2,15,4956546116125520692,ML-DSA-87,0.00018675101455301046,0.0001884860685095191,9.718199726194143e-05,10.662224896019325,nan,2482164.0,4627.0,2592.0,True
2,16,6211756974499226147,ML-DSA-87,0.00029946898575872183,0.00027308205608278513,0.00019286898896098137,21.635230434010737,nan,2482164.0,4627.0,2592.0,True
2,16,9741765158543602461,ML-DSA-87,0.0003763039130717516,0.0003954030107706785,0.00010252301581203938,21.664426264935173,nan,2482164.0,4627.0,2592.0,True
2,16,2954403878956725957,ML-DSA-87,0.00032156205270439386,0.0004924079403281212,0.00012303795665502548,21.68091108405497,nan,2482164.0,4627.0,2592.0,True
2,16,17626355669066473838,ML-DSA-87,0.00021748896688222885,0.0002574319951236248,0.00010260497219860554,21.76286706200335,nan,2482165.0,4627.0,2592.0,True
2,16,4956546116125520692,ML-DSA-87,0.00025163101963698864,0.00021035200916230679,0.00010067899711430073,10.432762893033214,nan,2482164.0,4627.0,2592.0,True
2,17,2954403878956725957,ML-DSA-87,0.00042418704833835363,0.0005622380413115025,0.00011950696352869272,21.33919745904859,nan,2482164.0,4627.0,2592.0,True
2,17,6211756974499226147,ML-DSA-87,0.0004893100121989846,0.0002915969816967845,0.00010188296437263489,21.330732645001262,nan,2482164.0,4627.0,2592.0,True
2,17,17626355669066473838,ML-DSA-87,0.00020665803458541632,0.00032664695754647255,9.886804036796093e-05,21.512005342985503,nan,2482165.0,4627.0,2592.0,True
2,17,9741765158543602461,ML-DSA-87,0.00020209001377224922,0.0002114749513566494,0.00011357397306710482,21.701456470997073,nan,2482164.0,4627.0,2592.0,True
2,17,4956546116125520692,ML-DSA-87,0.00019010202959179878,0.0001652400242164731,0.00010274804662913084,10.707212398992851,nan,2482164.0,4627.0,2592.0,True
2,18,9741765158543602461,ML-DSA-87,0.00041893194429576397,0.0008095720550045371,0.00011817493941634893,21.491436186013743,nan,2482164.0,4627.0,2592.0,True
2,18,6211756974499226147,ML-DSA-87,0.00037939799949526787,0.00027810002211481333,9.996595326811075e-05,21.485807994031347,nan,2482164.0,4627.0,2592.0,True
2,18,2954403878956725957,ML-DSA-87,0.0003249109722673893,0.0002414060290902853,9.971694089472294e-05,21.696760872961022,nan,2482164.0,4627.0,2592.0,True
2,18,17626355669066473838,ML-DSA-87,0.0001892449799925089,0.00024756102357059717,9.97029710561037e-05,21.810253074974753,nan,2482165.0,4627.0,2592.0,True
2,18,4956546116125520692,ML-DSA-87,0.00025177490897476673,0.0003224810352548957,0.00012117403093725443,10.360002778936177,nan,2482164.0,4627.0,2592.0,True
2,19,17626355669066473838,ML-DSA-87,0.0002594310790300369,0.0001827190862968564,0.0001284549944102764,21.891285376041196,nan,2482165.0,4627.0,2592.0,True
2,19,9741765158543602461,ML-DSA-87,0.00024900794960558414,0.00030834495555609465,0.00015502702444791794,22.046350654098205,nan,2482164.0,4627.0,2592.0,True
2,19,2954403878956725957,ML-DSA-87,0.0004998119547963142,0.0008116819662973285,9.979901369661093e-05,21.969758703024127,nan,2482164.0,4627.0,2592.0,True
2,19,6211756974499226147,ML-DSA-87,0.00028943491633981466,0.00033321906812489033,9.920494630932808e-05,21.993494365015067,nan,2482164.0,4627.0,2592.0,True
2,19,4956546116125520692,ML-DSA-87,0.00018574693240225315,0.0005314439767971635,9.991810657083988e-05,10.79849884309806,nan,2482164.0,4627.0,2592.0,True
2,20,17626355669066473838,ML-DSA-87,0.0002324549714103341,0.00038168299943208694,0.00012686802074313164,21.396872907993384,nan,2482165.0,4627.0,2592.0,True
2,20,6211756974499226147,ML-DSA-87,0.0003086780197918415,0.0006724969716742635,0.00011503603309392929,21.59085720696021,nan,2482164.0,4627.0,2592.0,True
2,20,9741765158543602461,ML-DSA-87,0.0002931209746748209,0.0005811760202050209,0.00014507095329463482,21.741767160012387,nan,2482164.0,4627.0,2592.0,True
2,20,2954403878956725957,ML-DSA-87,0.0002482789568603039,0.00024127308279275894,0.00011308304965496063,21.774042095057666,nan,2482164.0,4627.0,2592.0,True
2,20,4956546116125520692,ML-DSA-87,0.00024296797346323729,0.00020457000937312841,0.00011181097943335772,10.44783446204383,nan,2482164.0,4627.0,2592.0,True
2,21,17626355669066473838,ML-DSA-87,0.00017951789777725935,0.00018992996774613857,0.00012024003081023693,21.337954625021666,nan,2482165.0,4627.0,2592.0,True
2,21,6211756974499226147,ML-DSA-87,0.0003847450716421008,0.0006417590193450451,9.874999523162842e-05,21.25119161501061,nan,2482164.0,4627.0,2592.0,True
2,21,2954403878956725957,ML-DSA-87,0.00029233202803879976,0.0003782539861276746,0.00011494592763483524,21.28916523803491,nan,2482164.0,4627.0,2592.0,True
2,21,9741765158543602461,ML-DSA-87,0.00018285808619111776,0.00019196700304746628,9.995093569159508e-05,21.472954769968055,nan,2482164.0,4627.0,2592.0,True
2,21,4956546116125520692,ML-DSA-87,0.0001831919653341174,0.0003167620161548257,0.00010015896987169981,10.369823210989125,nan,2482164.0,4627.0,2592.0,True
2,22,2954403878956725957,ML-DSA-87,0.0001946230186149478,0.0004115690244361758,0.00015550805255770683,21.231545583927073,nan,2482164.0,4627.0,2592.0,True
2,22,6211756974499226147,ML-DSA-87,0.0002658090088516474,0.0005363250384107232,0.00010287109762430191,21.32506972493138,nan,2482164.0,4627.0,2592.0,True
2,22,9741765158543602461,ML-DSA-87,0.0001927610719576478,0.0003180819330736995,9.972299449145794e-05,21.59920556191355,nan,2482164.0,4627.0,2592.0,True
2,22,17626355669066473838,ML-DSA-87,0.00025580101646482944,0.00031662394758313894,0.00012004002928733826,21.891139072016813,nan,2482165.0,4627.0,2592.0,True
2,22,4956546116125520692,ML-DSA-87,0.000249302014708519,0.0002103529404848814,0.00010135490447282791,10.457533360924572,nan,2482164.0,4627.0,2592.0,True
2,23,2954403878956725957,ML-DSA-87,0.00026499899104237556,0.0005743970395997167,0.00012185703963041306,21.53145287896041,nan,2482164.0,4627.0,2592.0,True
2,23,17626355669066473838,ML-DSA-87,0.0003644860116764903,0.0003865370526909828,0.00014301296323537827,21.773321896092966,nan,2482165.0,4627.0,2592.0,True
2,23,9741765158543602461,ML-DSA-87,0.00038771703839302063,0.0005948389880359173,0.00010170694440603256,21.80916569090914,nan,2482164.0,4627.0,2592.0,True
2,23,6211756974499226147,ML-DSA-87,0.0002501129638403654,0.0002355240285396576,0.0001470140414312482,21.878334962995723,nan,2482164.0,4627.0,2592.0,True
2,23,4956546116125520692,ML-DSA-87,0.00018591899424791336,0.0002086180029436946,0.00013177096843719482,10.545018892968073,nan,2482164.0,4627.0,2592.0,True
2,24,9741765158543602461,ML-DSA-87,0.000273442012257874,0.00020721391774713993,0.00011955806985497475,21.472731980029494,nan,2482164.0,4627.0,2592.0,True
2,24,17626355669066473838,ML-DSA-87,0.00028482405468821526,0.00027108308859169483,9.921891614794731e-05,21.485035386984237,nan,2482165.0,4627.0,2592.0,True
2,24,6211756974499226147,ML-DSA-87,0.00019484292715787888,0.00022893794812262058,0.00010956393089145422,21.59035989793483,nan,2482164.0,4627.0,2592.0,True
2,24,2954403878956725957,ML-DSA-87,0.0002490819897502661,0.0003930310485884547,9.965803474187851e-05,21.59428721992299,nan,2482164.0,4627.0,2592.0,True
2,24,4956546116125520692,ML-DSA-87,0.00018531293608248234,0.0001820949837565422,9.74640715867281e-05,10.499326764023863,nan,2482164.0,4627.0,2592.0,True
2,25,17626355669066473838,ML-DSA-87,0.0005503490101546049,0.00038676802068948746,0.00011579401325434446,21.34419688989874,nan,2482165.0,4627.0,2592.0,True
2,25,9741765158543602461,ML-DSA-87,0.0003649800783023238,0.0003620490897446871,0.00012540596071630716,21.481838247040287,nan,2482164.0,4627.0,2592.0,True
2,25,6211756974499226147,ML-DSA-87,0.0002515719970688224,0.00037735304795205593,9.947293438017368e-05,21.748236863990314,nan,2482164.0,4627.0,2592.0,True
2,25,2954403878956725957,ML-DSA-87,0.0004514489555731416,0.00047084398102015257,0.00010156701318919659,21.72336624597665,nan,2482164.0,4627.0,2592.0,True
2,25,4956546116125520692,ML-DSA-87,0.0002580470172688365,0.0004425969673320651,9.957398287951946e-05,10.63557981303893,nan,2482164.0,4627.0,2592.0,True
2,26,17626355669066473838,ML-DSA-87,0.00028163392562419176,0.0003282839898020029,0.00012010091450065374,21.294511605985463,nan,2482165.0,4627.0,2592.0,True
2,26,9741765158543602461,ML-DSA-87,0.0002726929960772395,0.0005306421080604196,0.00010173500049859285,21.268607369973324,nan,2482164.0,4627.0,2592.0,True
2,26,6211756974499226147,ML-DSA-87,0.0001967370044440031,0.0002534689847379923,0.00011968403123319149,21.471151535981335,nan,2482164.0,4627.0,2592.0,True
2,26,2954403878956725957,ML-DSA-87,0.00019147899001836777,0.0001617589732632041,0.0001169390743598342,21.758194735040888,nan,2482164.0,4627.0,2592.0,True
2,26,4956546116125520692,ML-DSA-87,0.0001803250052034855,0.0001804080093279481,0.0001246799947693944,10.623841697932221,nan,2482164.0,4627.0,2592.0,True
2,27,6211756974499226147,ML-DSA-87,0.0003752009943127632,0.00037868693470954895,0.0001844530925154686,21.189656415954232,nan,2482164.0,4627.0,2592.0,True
2,27,9741765158543602461,ML-DSA-87,0.000321942032314837,0.00037060806062072515,0.0001362290931865573,21.336820674012415,nan,2482164.0,4627.0,2592.0,True
2,27,2954403878956725957,ML-DSA-87,0.0003392150392755866,0.0006432590307667851,0.00014040095265954733,21.348761994042434,nan,2482164.0,4627.0,2592.0,True
2,27,17626355669066473838,ML-DSA-87,0.0002720559714362025,0.0003157489700242877,0.00013062497600913048,21.471981565933675,nan,2482165.0,4627.0,2592.0,True
2,27,4956546116125520692,ML-DSA-87,0.00024369603488594294,0.00022548099514096975,0.00010418205056339502,10.42437219293788,nan,2482164.0,4627.0,2592.0,True
2,28,17626355669066473838,ML-DSA-87,0.0002929100301116705,0.0003667740384116769,0.00011893094051629305,21.138551561976783,nan,2482165.0,4627.0,2592.0,True
2,28,9741765158543602461,ML-DSA-87,0.0002558630658313632,0.0003410619683563709,0.0001009299885481596,21.183336757938378,nan,2482164.0,4627.0,2592.0,True
2,28,2954403878956725957,ML-DSA-87,0.0002817369531840086,0.0004802460316568613,0.00013182801194489002,21.170626697014086,nan,2482164.0,4627.0,2592.0,True
2,28,6211756974499226147,ML-DSA-87,0.0002593790413811803,0.0002447729930281639,0.0001269750064238906,21.322339697973803,nan,2482164.0,4627.0,2592.0,True
2,28,4956546116125520692,ML-DSA-87,0.00018577894661575556,0.0002781719667837024,0.00013161799870431423,10.288906393921934,nan,2482164.0,4627.0,2592.0,True
2,29,9741765158543602461,ML-DSA-87,0.0003681710222736001,0.0002851960016414523,0.00011742010246962309,21.00418528204318,nan,2482164.0,4627.0,2592.0,True
2,29,2954403878956725957,ML-DSA-87,0.00032256601843982935,0.0003447390627115965,0.00010745704639703035,21.282794962986372,nan,2482164.0,4627.0,2592.0,True
2,29,6211756974499226147,ML-DSA-87,0.00018430198542773724,0.00017287698574364185,0.00010010902769863605,21.474554448970594,nan,2482164.0,4627.0,2592.0,True
2,29,17626355669066473838,ML-DSA-87,0.00018086307682096958,0.00034153705928474665,0.00010278599802404642,21.450523952022195,nan,2482165.0,4627.0,2592.0,True
2,29,4956546116125520692,ML-DSA-87,0.00018282805103808641,0.00015464099124073982,9.923509787768126e-05,10.581304515013471,nan,2482164.0,4627.0,2592.0,True
2,30,6211756974499226147,ML-DSA-87,0.0003122040070593357,0.00022922910284250975,0.00012267404235899448,20.90590328699909,nan,2482164.0,4627.0,2592.0,True
2,30,2954403878956725957,ML-DSA-87,0.0003743689740076661,0.000533315003849566,0.0001419429900124669,21.481158808921464,nan,2482164.0,4627.0,2592.0,True
2,30,9741765158543602461,ML-DSA-87,0.00041119707748293877,0.0004292710218578577,0.00010015291627496481,21.534618866047822,nan,2482164.0,4627.0,2592.0,True
2,30,17626355669066473838,ML-DSA-87,0.00029253808315843344,0.0005926290759816766,0.00015088100917637348,21.657158009009436,nan,2482165.0,4627.0,2592.0,True
2,30,4956546116125520692,ML-DSA-87,0.0001818559831008315,0.0002515530213713646,9.723007678985596e-05,10.474116352037527,nan,2482164.0,4627.0,2592.0,True
3,1,16444747621966469475,ML-DSA-87,0.001696572988294065,0.0005432449979707599,0.00015143898781388998,21.2322418600088,2.1922091538913713,2482165.0,4627.0,2592.0,True
3,1,3179105926681844100,ML-DSA-87,0.0009879160206764936,0.0002826330019161105,0.00013403804041445255,21.363985856994987,2.139068518583767,2482164.0,4627.0,2592.0,True
3,1,11580712530328067225,ML-DSA-87,0.0013226999435573816,0.0005232790717855096,0.00010116305202245712,21.449143506935798,2.231787350992806,2482165.0,4627.0,2592.0,True
3,1,4173026397357226386,ML-DSA-87,0.0010814379202201962,0.00031982199288904667,0.00017617596313357353,21.542502706986852,2.084645267492666,2482164.0,4627.0,2592.0,True
3,1,3824743379031703355,ML-DSA-87,0.00021764601115137339,0.0002115190727636218,0.0001103089889511466,10.796109591959976,2.08475186840033,2482164.0,4627.0,2592.0,True
3,2,11580712530328067225,ML-DSA-87,0.00024226494133472443,0.00042702897917479277,0.00021269696298986673,21.057105873012915,2.3096721301825283,2482165.0,4627.0,2592.0,True
3,2,4173026397357226386,ML-DSA-87,0.00022365199401974678,0.0005485400324687362,0.00012128904927521944,21.503105952986516,2.3101782890173572,2482164.0,4627.0,2592.0,True
3,2,16444747621966469475,ML-DSA-87,0.000188687932677567,0.00030578195583075285,0.00010264001321047544,21.603035991080105,2.3093765718868364,2482165.0,4627.0,2592.0,True
3,2,3179105926681844100,ML-DSA-87,0.00022205698769539595,0.00040730403270572424,0.00011448794975876808,21.764911336940713,2.3114560655892467,2482164.0,4627.0,2592.0,True
3,2,3824743379031703355,ML-DSA-87,0.0002524849260225892,0.00023213995154947042,9.997701272368431e-05,10.6078843139112,2.310318466192617,2482164.0,4627.0,2592.0,True
3,3,16444747621966469475,ML-DSA-87,0.0003014570102095604,0.0003925999626517296,0.0001171530457213521,21.400892073987052,2.3111438583642148,2482165.0,4627.0,2592.0,True
3,3,3179105926681844100,ML-DSA-87,0.0003054070984944701,0.0005597809795290232,0.00010055291932076216,21.480274467961863,2.309701660570626,2482164.0,4627.0,2592.0,True
3,3,11580712530328067225,ML-DSA-87,0.00018615403678268194,0.00039416097570210695,0.00010438100434839725,21.650465253042057,2.3083157943079646,2482165.0,4627.0,2592.0,True
3,3,4173026397357226386,ML-DSA-87,0.00019529403652995825,0.00018581305630505085,0.00010145502164959908,21.779828181955963,2.3102666752787826,2482164.0,4627.0,2592.0,True
3,3,3824743379031703355,ML-DSA-87,0.0002498349640518427,0.00025351508520543575,0.00012937001883983612,10.65770465193782,2.3089585479456014,2482164.0,4627.0,2592.0,True
3,4,16444747621966469475,ML-DSA-87,0.000621455954387784,0.0004994829650968313,0.00012121000327169895,21.343636348028667,2.3088218807793273,2482165.0,4627.0,2592.0,True
3,4,3179105926681844100,ML-DSA-87,0.00030013592913746834,0.00035345705691725016,0.00010410300455987453,21.447991407942027,2.2019355396112315,2482164.0,4627.0,2592.0,True
3,4,11580712530328067225,ML-DSA-87,0.00022231100592762232,0.00027472199872136116,0.00010525097604840994,21.563332016929053,2.3095776471086205,2482165.0,4627.0,2592.0,True
3,4,4173026397357226386,ML-DSA-87,0.00025040004402399063,0.00034782709553837776,0.00010058400221168995,21.644070650916547,2.2633873951701693,2482164.0,4627.0,2592.0,True
3,4,3824743379031703355,ML-DSA-87,0.00018797710072249174,0.00025633699260652065,9.85040096566081e-05,10.485063393949531,2.198258224767618,2482164.0,4627.0,2592.0,True
3,5,3179105926681844100,ML-DSA-87,0.00028008606750518084,0.000591424060985446,0.00013188901357352734,21.11600341903977,1.9587190471137295,2482164.0,4627.0,2592.0,True
3,5,16444747621966469475,ML-DSA-87,0.00047910306602716446,0.0013499100459739566,0.00013870897237211466,21.38269986398518,1.9524391931466782,2482165.0,4627.0,2592.0,True
3,5,11580712530328067225,ML-DSA-87,0.00028730498161166906,0.00031635002233088017,0.00010543200187385082,21.48188842111267,1.9803050467000602,2482165.0,4627.0,2592.0,True
3,5,4173026397357226386,ML-DSA-87,0.0002731679705902934,0.00019846693612635136,0.00011539598926901817,21.529431518982165,1.987457343945488,2482164.0,4627.0,2592.0,True
3,5,3824743379031703355,ML-DSA-87,0.0002506549935787916,0.0002722499193623662,0.0001350500388070941,10.577587884035893,1.9574518367505302,2482164.0,4627.0,2592.0,True
3,6,16444747621966469475,ML-DSA-87,0.0004578579682856798,0.00021128403022885323,0.00011930498294532299,20.9534229679266,1.9092238532087673,2482165.0,4627.0,2592.0,True
3,6,11580712530328067225,ML-DSA-87,0.0002632500836625695,0.0002964750165119767,0.00010103709064424038,21.26268450601492,1.8818839689413198,2482165.0,4627.0,2592.0,True
3,6,4173026397357226386,ML-DSA-87,0.00025066803209483624,0.00022129795979708433,0.00011755106970667839,21.26879510807339,1.8987691592865479,2482164.0,4627.0,2592.0,True
3,6,3179105926681844100,ML-DSA-87,0.00025749392807483673,0.0003814869560301304,0.00015742902178317308,21.35396306507755,1.8944935345421203,2482164.0,4627.0,2592.0,True
3,6,3824743379031703355,ML-DSA-87,0.0001865519443526864,0.00016423198394477367,0.00010833097621798515,10.65055951999966,1.8819285082740906,2482164.0,4627.0,2592.0,True
3,7,4173026397357226386,ML-DSA-87,0.0003051230451092124,0.00023290503304451704,0.00011894607450813055,20.892195923952386,1.8528832448557162,2482164.0,4627.0,2592.0,True
3,7,16444747621966469475,ML-DSA-87,0.0002681850455701351,0.0010222240816801786,0.00010228599421679974,21.22437740699388,1.8700113357446444,2482165.0,4627.0,2592.0,True
3,7,11580712530328067225,ML-DSA-87,0.0002508959732949734,0.00026369199622422457,0.00010224292054772377,21.505755571997724,1.8163288245185876,2482165.0,4627.0,2592.0,True
3,7,3179105926681844100,ML-DSA-87,0.0002535999519750476,0.0004626230802386999,0.00011926493607461452,21.57298364304006,1.8304206688944904,2482164.0,4627.0,2592.0,True
3,7,3824743379031703355,ML-DSA-87,0.00019548693671822548,0.00024441606365144253,0.00011370796710252762,10.52210207900498,1.868837328383717,2482164.0,4627.0,2592.0,True
3,8,16444747621966469475,ML-DSA-87,0.0003145049558952451,0.0005493710050359368,0.00011750194244086742,21.269199487986043,1.8196761158708565,2482165.0,4627.0,2592.0,True
3,8,11580712530328067225,ML-DSA-87,0.000397311057895422,0.000307246926240623,0.00010221102274954319,21.32024570996873,1.7939080891136925,2482165.0,4627.0,2592.0,True
3,8,3179105926681844100,ML-DSA-87,0.0002057490637525916,0.00020099396351724863,0.00013867008965462446,21.489108627079986,1.7947360387625404,2482164.0,4627.0,2592.0,True
3,8,4173026397357226386,ML-DSA-87,0.00022173195611685514,0.0002793079474940896,0.00010478997137397528,21.573145558941178,1.7964049429177475,2482164.0,4627.0,2592.0,True
3,8,3824743379031703355,ML-DSA-87,0.00018596695736050606,0.0002243820345029235,0.00012330396566540003,10.529673146083951,1.8057751156651556,2482164.0,4627.0,2592.0,True
3,9,16444747621966469475,ML-DSA-87,0.0002959939884021878,0.0004452870925888419,0.0001178389647975564,21.201938587008044,1.7866658726439308,2482165.0,4627.0,2592.0,True
3,9,11580712530328067225,ML-DSA-87,0.0002993060043081641,0.0007708000484853983,0.00010093208402395248,21.396748592029326,1.777396299587652,2482165.0,4627.0,2592.0,True
3,9,4173026397357226386,ML-DSA-87,0.0001803189516067505,0.00028265395667403936,9.902205783873796e-05,21.572098033037037,1.7713370128942374,2482164.0,4627.0,2592.0,True
3,9,3179105926681844100,ML-DSA-87,0.00018654298037290573,0.00018726300913840532,9.944499470293522e-05,21.687213730998337,1.7828244199387182,2482164.0,4627.0,2592.0,True
3,9,3824743379031703355,ML-DSA-87,0.0001878809416666627,0.00034277106169611216,0.00014390202704817057,10.477491360972635,1.7901731257240612,2482164.0,4627.0,2592.0,True
3,10,4173026397357226386,ML-DSA-87,0.0020374549785628915,0.0006668029818683863,0.00012028194032609463,21.079821776016615,1.796231866263734,2482164.0,4627.0,2592.0,True
3,10,11580712530328067225,ML-DSA-87,0.0002649399684742093,0.0002871189499273896,0.00012072804383933544,21.625924636027776,1.7525995771724956,2482165.0,4627.0,2592.0,True
3,10,3179105926681844100,ML-DSA-87,0.0002494240179657936,0.0005915680667385459,9.996001608669758e-05,21.561701586004347,1.831192834308734,2482164.0,4627.0,2592.0,True
3,10,16444747621966469475,ML-DSA-87,0.0002952370559796691,0.00027338601648807526,0.00010113592725247145,21.803570057963952,1.792986864479967,2482165.0,4627.0,2592.0,True
3,10,3824743379031703355,ML-DSA-87,0.0001838869648054242,0.00021487101912498474,0.00010067003313452005,10.758921521017328,1.7823633134555512,2482164.0,4627.0,2592.0,True
3,11,3179105926681844100,ML-DSA-87,0.00030498194973915815,0.00045354501344263554,0.00011559901759028435,21.20734415401239,1.7537973391743134,2482164.0,4627.0,2592.0,True
3,11,4173026397357226386,ML-DSA-87,0.00032007298432290554,0.0001977189676836133,9.793706703931093e-05,21.453374325064942,1.7831654563879433,2482164.0,4627.0,2592.0,True
3,11,16444747621966469475,ML-DSA-87,0.00019329495262354612,0.0002350300783291459,0.00011475803330540657,21.48662450397387,1.767816134915946,2482165.0,4627.0,2592.0,True
3,11,11580712530328067225,ML-DSA-87,0.0001881229691207409,0.0002389899455010891,9.932008106261492e-05,21.52032444102224,1.7533784103088867,2482165.0,4627.0,2592.0,True
3,11,3824743379031703355,ML-DSA-87,0.00021682295482605696,0.0001582589466124773,0.00011928693857043982,10.538052360061556,1.7593835238069773,2482164.0,4627.0,2592.0,True
3,12,3179105926681844100,ML-DSA-87,0.00047940295189619064,0.00066069804597646,0.00019045500084757805,21.212591113056988,1.7327520196049357,2482164.0,4627.0,2592.0,True
3,12,11580712530328067225,ML-DSA-87,0.00044708605855703354,0.00042602792382240295,0.000149986008182168,21.282190195983276,1.7086445093154907,2482165.0,4627.0,2592.0,True
3,12,4173026397357226386,ML-DSA-87,0.00019545108079910278,0.0003549980465322733,0.0001414039870724082,21.299332318943925,1.7448197542288053,2482164.0,4627.0,2592.0,True
3,12,16444747621966469475,ML-DSA-87,0.0001912660663947463,0.0001714620739221573,0.00017572403885424137,21.52473387797363,1.7516971019129404,2482165.0,4627.0,2592.0,True
3,12,3824743379031703355,ML-DSA-87,0.00018193002324551344,0.00024257402401417494,0.0001459590857848525,10.562130286940373,1.7417527540042377,2482164.0,4627.0,2592.0,True
3,13,11580712530328067225,ML-DSA-87,0.00033322698436677456,0.0007280090358108282,0.00015646894462406635,20.930198573041707,1.7292349517535859,2482165.0,4627.0,2592.0,True
3,13,3179105926681844100,ML-DSA-87,0.00032468896824866533,0.0003097840817645192,0.0001248749904334545,21.07314510201104,1.7284239541989166,2482164.0,4627.0,2592.0,True
3,13,16444747621966469475,ML-DSA-87,0.0002675660653039813,0.00027571991086006165,0.00013559998478740454,20.980014984030277,1.7227329609873958,2482165.0,4627.0,2592.0,True
3,13,4173026397357226386,ML-DSA-87,0.00024295190814882517,0.0002592450473457575,0.00011957995593547821,21.422924442915246,1.7395466965989184,2482164.0,4627.0,2592.0,True
3,13,3824743379031703355,ML-DSA-87,0.00027330394368618727,0.0003853519447147846,0.0001406420487910509,10.507179485983215,1.7033116425188204,2482164.0,4627.0,2592.0,True
3,14,16444747621966469475,ML-DSA-87,0.0002774969907477498,0.0005034410860389471,0.00012500002048909664,21.11615694698412,1.7380001179326456,2482165.0,4627.0,2592.0,True
3,14,4173026397357226386,ML-DSA-87,0.000422974000684917,0.00047619198448956013,9.847606997936964e-05,21.06262461899314,1.7243147970388493,2482164.0,4627.0,2592.0,True
3,14,3179105926681844100,ML-DSA-87,0.00036503805313259363,0.0002756600733846426,9.838200639933348e-05,21.037074841093272,1.719773645218188,2482164.0,4627.0,2592.0,True
3,14,11580712530328067225,ML-DSA-87,0.0001994239864870906,0.00016338704153895378,0.00010059401392936707,21.402152591967024,1.676991529738941,2482165.0,4627.0,2592.0,True
3,14,3824743379031703355,ML-DSA-87,0.000272435019724071,0.00024389196187257767,0.00010036502499133348,10.644210366997868,1.7689152712258287,2482164.0,4627.0,2592.0,True
3,15,3179105926681844100,ML-DSA-87,0.00023882498499006033,0.0003649450372904539,0.0001543370308354497,21.40062355797272,1.6745172240101873,2482164.0,4627.0,2592.0,True
3,15,11580712530328067225,ML-DSA-87,0.00023461692035198212,0.0001958950888365507,0.00015928701031953096,21.59921547397971,1.7013144919666618,2482165.0,4627.0,2592.0,True
3,15,4173026397357226386,ML-DSA-87,0.0002356070326641202,0.00016840698663145304,0.00011581997387111187,21.597806168952957,1.7282522219819383,2482164.0,4627.0,2592.0,True
3,15,16444747621966469475,ML-DSA-87,0.00023199303541332483,0.0001908199628815055,0.00010151602327823639,21.603234858019277,1.7079690359651851,2482165.0,4627.0,2592.0,True
3,15,3824743379031703355,ML-DSA-87,0.00024583993945270777,0.00035815907176584005,0.00012994406279176474,10.6221926829312,1.7094651601565913,2482164.0,4627.0,2592.0,True
3,16,16444747621966469475,ML-DSA-87,0.00043611100409179926,0.0005593759706243873,0.00011653301771730185,21.330891129095107,1.7156844196228174,2482165.0,4627.0,2592.0,True
3,16,11580712530328067225,ML-DSA-87,0.00023548200260847807,0.00022143498063087463,0.00010132102761417627,21.502218662993982,1.672443349521381,2482165.0,4627.0,2592.0,True
3,16,3179105926681844100,ML-DSA-87,0.0002525890013203025,0.00039072695653885603,0.00011462206020951271,21.578352473909035,1.6818406997016444,2482164.0,4627.0,2592.0,True
3,16,4173026397357226386,ML-DSA-87,0.0001838199095800519,0.0004871389828622341,0.00010785192716866732,21.648686297005042,1.6637564764236108,2482164.0,4627.0,2592.0,True
3,16,3824743379031703355,ML-DSA-87,0.0001842309720814228,0.0001791330287232995,0.00010311207734048367,10.591062985011376,1.6590694196688862,2482164.0,4627.0,2592.0,True
3,17,3179105926681844100,ML-DSA-87,0.0003350920742377639,0.00023502903059124947,0.00011676200665533543,21.303345110965893,1.642149774411235,2482164.0,4627.0,2592.0,True
3,17,16444747621966469475,ML-DSA-87,0.00037438503932207823,0.0004589119926095009,0.00010462803766131401,21.332354328944348,1.6928073929521603,2482165.0,4627.0,2592.0,True
3,17,4173026397357226386,ML-DSA-87,0.00033995695412158966,0.0002364909742027521,0.0001025819219648838,21.532794849015772,1.667081255882312,2482164.0,4627.0,2592.0,True
3,17,11580712530328067225,ML-DSA-87,0.00018536194693297148,0.0003100449685007334,0.00012314401101320982,21.66249170503579,1.670347733619495,2482165.0,4627.0,2592.0,True
3,17,3824743379031703355,ML-DSA-87,0.00018782890401780605,0.00021064793691039085,0.00012255494948476553,10.622279379982501,1.6509044772138992,2482164.0,4627.0,2592.0,True
3,18,3179105926681844100,ML-DSA-87,0.00044236599933356047,0.00027106900233775377,0.00012854603119194508,21.375128662912175,1.6454852400496365,2482164.0,4627.0,2592.0,True
3,18,11580712530328067225,ML-DSA-87,0.0005450390744954348,0.0007658289978280663,9.97509341686964e-05,21.460666420985945,1.6660075701844579,2482165.0,4627.0,2592.0,True
3,18,4173026397357226386,ML-DSA-87,0.0004094809992238879,0.0005189490038901567,0.0001006430247798562,21.571293415967375,1.6566012833065118,2482164.0,4627.0,2592.0,True
3,18,16444747621966469475,ML-DSA-87,0.0002783359959721565,0.00021687091793864965,9.976699948310852e-05,21.617119885981083,1.6455174280812566,2482165.0,4627.0,2592.0,True
3,18,3824743379031703355,ML-DSA-87,0.00018482201267033815,0.00018156901933252811,0.0001428989926353097,10.46844823891297,1.6655677499862525,2482164.0,4627.0,2592.0,True
3,19,16444747621966469475,ML-DSA-87,0.0003285330021753907,0.0003480039304122329,0.00012467801570892334,21.16574416391086,1.6525959404893578,2482165.0,4627.0,2592.0,True
3,19,3179105926681844100,ML-DSA-87,0.00034011201933026314,0.0002939499681815505,0.00010003498755395412,21.500986062106676,1.6305771285352615,2482164.0,4627.0,2592.0,True
3,19,4173026397357226386,ML-DSA-87,0.00018945802003145218,0.00018486392218619585,0.00010286096949130297,21.625411115936004,1.6264163731766965,2482164.0,4627.0,2592.0,True
3,19,11580712530328067225,ML-DSA-87,0.0002478969981893897,0.00025260692927986383,0.00010105094406753778,21.64648875396233,1.6321345674344145,2482165.0,4627.0,2592.0,True
3,19,3824743379031703355,ML-DSA-87,0.00019829801749438047,0.0003744730493053794,0.00010063406080007553,10.73308733094018,1.6255351072683122,2482164.0,4627.0,2592.0,True
3,20,3179105926681844100,ML-DSA-87,0.0002794340252876282,0.0005244070198386908,0.0001634419895708561,21.2694436640013,1.632337811084601,2482164.0,4627.0,2592.0,True
3,20,11580712530328067225,ML-DSA-87,0.0003389940829947591,0.0004607429727911949,0.00012490199878811836,21.289759257924743,1.6475165255915243,2482165.0,4627.0,2592.0,True
3,20,16444747621966469475,ML-DSA-87,0.00018738198559731245,0.00028298201505094767,0.00010208005551248789,21.48160711408127,1.6358468924848417,2482165.0,4627.0,2592.0,True
3,20,4173026397357226386,ML-DSA-87,0.00018661399371922016,0.00028791208751499653,0.00010016991291195154,21.560729843913577,1.669529252158948,2482164.0,4627.0,2592.0,True
3,20,3824743379031703355,ML-DSA-87,0.00025961094070225954,0.00031552696600556374,9.848899208009243e-05,10.532170880935155,1.6185721747410564,2482164.0,4627.0,2592.0,True
3,21,11580712530328067225,ML-DSA-87,0.00032925803679972887,0.0003670679870992899,0.00013058201875537634,21.21830988500733,1.618957086493032,2482165.0,4627.0,2592.0,True
3,21,16444747621966469475,ML-DSA-87,0.00025177106726914644,0.0003089670790359378,0.00010065792594105005,21.305003119981848,1.6558769050116737,2482165.0,4627.0,2592.0,True
3,21,4173026397357226386,ML-DSA-87,0.0001973239704966545,0.00022786692716181278,0.00012848700862377882,21.303125425009057,1.6324927662127315,2482164.0,4627.0,2592.0,True
3,21,3179105926681844100,ML-DSA-87,0.000247096992097795,0.0003576310118660331,0.00010330695658922195,21.352846465073526,1.5862217692140572,2482164.0,4627.0,2592.0,True
3,21,3824743379031703355,ML-DSA-87,0.00018362596165388823,0.00017905794084072113,0.00010241905692964792,10.495467997039668,1.598701085145481,2482164.0,4627.0,2592.0,True
3,22,11580712530328067225,ML-DSA-87,0.00039976206608116627,0.0004156199283897877,0.00014748203102499247,21.033372709993273,1.6163117003897889,2482165.0,4627.0,2592.0,True
3,22,16444747621966469475,ML-DSA-87,0.0002460730029270053,0.0002493620850145817,0.0001004679361358285,21.210437680012546,1.6054848771506605,2482165.0,4627.0,2592.0,True
3,22,3179105926681844100,ML-DSA-87,0.00020724697969853878,0.0002978930715471506,0.00010247703175991774,21.155323005048558,1.5766736630814524,2482164.0,4627.0,2592.0,True
3,22,4173026397357226386,ML-DSA-87,0.0002602910390123725,0.0002066000597551465,0.00011982198338955641,21.118815702036954,1.6197254410186135,2482164.0,4627.0,2592.0,True
3,22,3824743379031703355,ML-DSA-87,0.00018587708473205566,0.0001516500487923622,0.0001023031072691083,10.525534121086821,1.6055096875364407,2482164.0,4627.0,2592.0,True
3,23,16444747621966469475,ML-DSA-87,0.0004997270880267024,0.00034772499930113554,0.00012714497279375792,21.282354824943468,1.6225904272006342,2482165.0,4627.0,2592.0,True
3,23,4173026397357226386,ML-DSA-87,0.00034637702628970146,0.0003177470061928034,0.00010916194878518581,21.36488718097098,1.6116758691617095,2482164.0,4627.0,2592.0,True
3,23,11580712530328067225,ML-DSA-87,0.00018433399964123964,0.00031928298994898796,0.0001897420734167099,21.37481390708126,1.6017981221119817,2482165.0,4627.0,2592.0,True
3,23,3179105926681844100,ML-DSA-87,0.00018392503261566162,0.0003306870348751545,0.00010790792293846607,21.507698925910518,1.612131218750256,2482164.0,4627.0,2592.0,True
3,23,3824743379031703355,ML-DSA-87,0.00028388097416609526,0.0002460739342495799,0.00012258405331522226,10.633722205995582,1.582757167922803,2482164.0,4627.0,2592.0,True
3,24,4173026397357226386,ML-DSA-87,0.00024766894057393074,0.0002101990394294262,0.00011503102723509073,21.160972376004793,1.6146851842776655,2482164.0,4627.0,2592.0,True
3,24,3179105926681844100,ML-DSA-87,0.00025551801081746817,0.0005263719940558076,0.00010304397437721491,21.295600736048073,1.60733568135161,2482164.0,4627.0,2592.0,True
3,24,11580712530328067225,ML-DSA-87,0.00045100401621311903,0.00028006406500935555,0.00010791607201099396,21.532012755051255,1.5880378522811986,2482165.0,4627.0,2592.0,True
3,24,16444747621966469475,ML-DSA-87,0.0002676589647307992,0.0003313889028504491,0.00010126596316695213,21.755752862081863,1.6504231919876684,2482165.0,4627.0,2592.0,True
3,24,3824743379031703355,ML-DSA-87,0.00024790805764496326,0.00044099800288677216,0.00013945891987532377,10.452421843074262,1.6018144867290705,2482164.0,4627.0,2592.0,True
3,25,3179105926681844100,ML-DSA-87,0.000334159005433321,0.00023759296163916588,0.0001510769361630082,21.147966676042415,1.5785217997365104,2482164.0,4627.0,2592.0,True
3,25,16444747621966469475,ML-DSA-87,0.0001844859216362238,0.0004113549366593361,0.00012177007738500834,21.390651441994123,1.603514458424748,2482165.0,4627.0,2592.0,True
3,25,11580712530328067225,ML-DSA-87,0.0002589779905974865,0.0003041030140593648,0.00010078796185553074,21.371059656026773,1.5660794093586003,2482165.0,4627.0,2592.0,True
3,25,4173026397357226386,ML-DSA-87,0.00018374400679022074,0.0003142799250781536,9.826198220252991e-05,21.507111891987734,1.569840870916653,2482164.0,4627.0,2592.0,True
3,25,3824743379031703355,ML-DSA-87,0.00018327997531741858,0.00040687096770852804,0.00011216802522540092,10.563233827007934,1.594302214182223,2482164.0,4627.0,2592.0,True
3,26,11580712530328067225,ML-DSA-87,0.0003800179110839963,0.0003771160263568163,0.00011340796481817961,21.342044188990258,1.5944058114347366,2482165.0,4627.0,2592.0,True
3,26,3179105926681844100,ML-DSA-87,0.0002339240163564682,0.00039155001286417246,9.847001638263464e-05,21.4819470399525,1.547961986102997,2482164.0,4627.0,2592.0,True
3,26,16444747621966469475,ML-DSA-87,0.00028968602418899536,0.00031216093339025974,0.00012356904335319996,21.49597806390375,1.614911414182986,2482165.0,4627.0,2592.0,True
3,26,4173026397357226386,ML-DSA-87,0.0001851450651884079,0.00016699801199138165,9.883195161819458e-05,21.587326116976328,1.5885536126054514,2482164.0,4627.0,2592.0,True
3,26,3824743379031703355,ML-DSA-87,0.00024732796009629965,0.00020001805387437344,9.831797797232866e-05,10.594478051993065,1.5760400205755387,2482164.0,4627.0,2592.0,True
3,27,3179105926681844100,ML-DSA-87,0.0003911759704351425,0.0004980789963155985,0.00022232101764529943,21.105436582001857,1.5429752488105823,2482164.0,4627.0,2592.0,True
3,27,11580712530328067225,ML-DSA-87,0.0002644570777192712,0.000372305978089571,0.0001134779304265976,21.439675775007345,1.598061412858506,2482165.0,4627.0,2592.0,True
3,27,4173026397357226386,ML-DSA-87,0.0003048200160264969,0.0002901980187743902,0.00011059700045734644,21.46863961208146,1.602695880225672,2482164.0,4627.0,2592.0,True
3,27,16444747621966469475,ML-DSA-87,0.0004333489341661334,0.00043698109220713377,0.0001326530473306775,21.330411384929903,1.6106094095272758,2482165.0,4627.0,2592.0,True
3,27,3824743379031703355,ML-DSA-87,0.0001821810146793723,0.0002603291068226099,0.00010650302283465862,10.575391259044409,1.5661246222429002,2482164.0,4627.0,2592.0,True
3,28,3179105926681844100,ML-DSA-87,0.0005867630243301392,0.00019226002041250467,0.00011971394997090101,21.115634887944907,1.5372945944341228,2482164.0,4627.0,2592.0,True
3,28,4173026397357226386,ML-DSA-87,0.00019275303930044174,0.00020870007574558258,9.99760814011097e-05,21.18671591603197,1.5863643899893227,2482164.0,4627.0,2592.0,True
3,28,16444747621966469475,ML-DSA-87,0.00031493999995291233,0.0007336430717259645,0.00010042102076113224,21.425569782033563,1.57338598856149,2482165.0,4627.0,2592.0,True
3,28,11580712530328067225,ML-DSA-87,0.00023683090694248676,0.00020201399456709623,0.00010211893822997808,21.47397568495944,1.5647178753115498,2482165.0,4627.0,2592.0,True
3,28,3824743379031703355,ML-DSA-87,0.0002466639271005988,0.0001962230307981372,0.0001243259757757187,10.50744284701068,1.5528079895927502,2482164.0,4627.0,2592.0,True
3,29,16444747621966469475,ML-DSA-87,0.0008100910345092416,0.00043834897223860025,0.00012212898582220078,21.027362302993424,1.5658836675147279,2482165.0,4627.0,2592.0,True
3,29,3179105926681844100,ML-DSA-87,0.0002850389573723078,0.0003135559381917119,0.00015344389248639345,21.06331165600568,1.6140401112004972,2482164.0,4627.0,2592.0,True
3,29,11580712530328067225,ML-DSA-87,0.0002078439574688673,0.0004610159667208791,9.848701301962137e-05,21.262633022037335,1.5768628994496867,2482165.0,4627.0,2592.0,True
3,29,4173026397357226386,ML-DSA-87,0.00027112499810755253,0.0002875770442187786,9.97729366645217e-05,21.46298944298178,1.547853071659137,2482164.0,4627.0,2592.0,True
3,29,3824743379031703355,ML-DSA-87,0.0002530860947445035,0.00023103703279048204,0.0001028779661282897,10.546943493071012,1.5517535222985874,2482164.0,4627.0,2592.0,True
3,30,3179105926681844100,ML-DSA-87,0.0003917450085282326,0.0006383900763466954,0.00011874001938849688,21.324676232994534,1.535252353253837,2482164.0,4627.0,2592.0,True
3,30,4173026397357226386,ML-DSA-87,0.00024105305783450603,0.00019038096070289612,0.00011942593846470118,21.431897327071056,1.5514570769791405,2482164.0,4627.0,2592.0,True
3,30,16444747621966469475,ML-DSA-87,0.0004246730823069811,0.00041775405406951904,0.00010185595601797104,21.410734941950068,1.5859900787234686,2482165.0,4627.0,2592.0,True
3,30,11580712530328067225,ML-DSA-87,0.00018076901324093342,0.0002752300351858139,0.00011391809675842524,21.500205087009817,1.538129462030368,2482165.0,4627.0,2592.0,True
3,30,3824743379031703355,ML-DSA-87,0.00024730293080210686,0.0003236329648643732,0.00015879108104854822,10.539467502967454,1.5351634825380465,2482164.0,4627.0,2592.0,True
4,1,7042290623110471936,ML-DSA-87,0.0021089670481160283,0.0005639659939333797,0.00013903900980949402,21.239723060978577,2.107176162183475,2482164.0,4627.0,2592.0,True
4,1,11060381086296902878,ML-DSA-87,0.001033492968417704,0.0005322759971022606,0.00010269100312143564,21.37950488203205,2.29109330908559,2482165.0,4627.0,2592.0,True
4,1,15691922560039550397,ML-DSA-87,0.0009924439946189523,0.00039715401362627745,0.00010011508129537106,21.66710058390163,2.1699644098647486,2482165.0,4627.0,2592.0,True
4,1,14599686038156408637,ML-DSA-87,0.001016633934341371,0.0002897129161283374,0.00010717101395130157,21.321357109001838,nan,2482165.0,4627.0,2592.0,True
4,1,642993285596620578,ML-DSA-87,0.00018384808208793402,0.00019406306091696024,0.00014889694284647703,10.588757661054842,2.2059026343373063,2482163.0,4627.0,2592.0,True
4,2,7042290623110471936,ML-DSA-87,0.00029111106414347887,0.00043581309728324413,0.00012481899466365576,21.262643949012272,nan,2482164.0,4627.0,2592.0,True
4,2,11060381086296902878,ML-DSA-87,0.00031634699553251266,0.0004092570161446929,0.0001005060039460659,21.43163224600721,nan,2482165.0,4627.0,2592.0,True
4,2,14599686038156408637,ML-DSA-87,0.00024771702010184526,0.0004300229484215379,0.00011115404777228832,21.397735473001376,nan,2482165.0,4627.0,2592.0,True
4,2,15691922560039550397,ML-DSA-87,0.00018799304962158203,0.00016768602654337883,0.00010965997353196144,21.468769908999093,nan,2482165.0,4627.0,2592.0,True
4,2,642993285596620578,ML-DSA-87,0.00018754100892692804,0.00019588391296565533,0.0001227289903908968,10.450912580010481,nan,2482163.0,4627.0,2592.0,True
4,3,14599686038156408637,ML-DSA-87,0.00043886899948120117,0.00048326398245990276,0.0001369669334962964,21.277314787963405,nan,2482165.0,4627.0,2592.0,True
4,3,11060381086296902878,ML-DSA-87,0.000341178965754807,0.00018942193128168583,0.00010050099808722734,21.332075288984925,nan,2482165.0,4627.0,2592.0,True
4,3,15691922560039550397,ML-DSA-87,0.00038659805431962013,0.0007225720910355449,0.00010180007666349411,21.398142622085288,nan,2482165.0,4627.0,2592.0,True
4,3,7042290623110471936,ML-DSA-87,0.0002530299825593829,0.0003082180628553033,0.00010215002112090588,21.50134480698034,nan,2482164.0,4627.0,2592.0,True
4,3,642993285596620578,ML-DSA-87,0.00018869503401219845,0.0001611629268154502,0.00010280497372150421,10.433736159931868,nan,2482163.0,4627.0,2592.0,True
4,4,14599686038156408637,ML-DSA-87,0.0006530969403684139,0.0004762959433719516,0.00012175599113106728,21.50622020708397,nan,2482165.0,4627.0,2592.0,True
4,4,11060381086296902878,ML-DSA-87,0.0003681869711726904,0.0002454320201650262,0.00010444305371493101,21.53540619497653,nan,2482165.0,4627.0,2592.0,True
4,4,15691922560039550397,ML-DSA-87,0.000315516022965312,0.0009149130200967193,0.00010570394806563854,21.743008001009002,nan,2482165.0,4627.0,2592.0,True
4,4,7042290623110471936,ML-DSA-87,0.0003310919273644686,0.00027359393425285816,0.0001069679856300354,21.797505432972685,nan,2482164.0,4627.0,2592.0,True
4,4,642993285596620578,ML-DSA-87,0.00025921594351530075,0.0004136919742450118,0.00010216096416115761,10.445236325962469,nan,2482163.0,4627.0,2592.0,True
4,5,14599686038156408637,ML-DSA-87,0.0004431189736351371,0.000939248944632709,0.0001152850454673171,21.63713425199967,nan,2482165.0,4627.0,2592.0,True
4,5,11060381086296902878,ML-DSA-87,0.0003274609334766865,0.0003871000371873379,0.0001157630467787385,21.722785115009174,nan,2482165.0,4627.0,2592.0,True
4,5,7042290623110471936,ML-DSA-87,0.00028943701181560755,0.0007749589858576655,0.00010393199045211077,21.891294582979754,nan,2482164.0,4627.0,2592.0,True
4,5,15691922560039550397,ML-DSA-87,0.00019128702115267515,0.0002079489640891552,0.00010548904538154602,22.008582556969486,nan,2482165.0,4627.0,2592.0,True
4,5,642993285596620578,ML-DSA-87,0.00018665904644876719,0.000158619019202888,0.0001090719597414136,10.434871111996472,nan,2482163.0,4627.0,2592.0,True
4,6,11060381086296902878,ML-DSA-87,0.00033585994970053434,0.0006555259460583329,0.00011549599003046751,21.207892787992023,nan,2482165.0,4627.0,2592.0,True
4,6,7042290623110471936,ML-DSA-87,0.00023850600700825453,0.0004541110247373581,0.00011537806130945683,21.3570789960213,nan,2482164.0,4627.0,2592.0,True
4,6,14599686038156408637,ML-DSA-87,0.00024574995040893555,0.0003321769181638956,0.00012149906251579523,21.4274954990251,nan,2482165.0,4627.0,2592.0,True
4,6,15691922560039550397,ML-DSA-87,0.0002477410016581416,0.00023929204326123,0.00010677799582481384,21.483963422011584,nan,2482165.0,4627.0,2592.0,True
4,6,642993285596620578,ML-DSA-87,0.0002527710748836398,0.00023941509425640106,0.00010367296636104584,10.258139527984895,nan,2482163.0,4627.0,2592.0,True
4,7,7042290623110471936,ML-DSA-87,0.000555648934096098,0.00041127402801066637,0.0001290190266445279,21.47134880896192,nan,2482164.0,4627.0,2592.0,True
4,7,15691922560039550397,ML-DSA-87,0.0003177829785272479,0.00036490592174232006,0.00010091904550790787,21.708996220957488,nan,2482165.0,4627.0,2592.0,True
4,7,11060381086296902878,ML-DSA-87,0.0003238869830965996,0.00021011801436543465,0.00011304498184472322,21.733664778992534,nan,2482165.0,4627.0,2592.0,True
4,7,14599686038156408637,ML-DSA-87,0.00019809696823358536,0.00016944308299571276,0.00011442892719060183,21.76804265694227,nan,2482165.0,4627.0,2592.0,True
4,7,642993285596620578,ML-DSA-87,0.0001935260370373726,0.00034148094709962606,0.00013144908007234335,10.454232949996367,nan,2482163.0,4627.0,2592.0,True
4,8,15691922560039550397,ML-DSA-87,0.0002829208970069885,0.0006623809458687901,0.00012273900210857391,20.99982996901963,nan,2482165.0,4627.0,2592.0,True
4,8,7042290623110471936,ML-DSA-87,0.00029077602084726095,0.0002859600353986025,9.91959823295474e-05,21.30944468092639,nan,2482164.0,4627.0,2592.0,True
4,8,11060381086296902878,ML-DSA-87,0.0001952860038727522,0.0002524179872125387,9.952194523066282e-05,21.503261558013037,nan,2482165.0,4627.0,2592.0,True
4,8,14599686038156408637,ML-DSA-87,0.00038243702147156,0.000643956009298563,9.992392733693123e-05,21.53383943508379,nan,2482165.0,4627.0,2592.0,True
4,8,642993285596620578,ML-DSA-87,0.0002492449712008238,0.0002153670648112893,0.00014097196981310844,10.435428900062107,nan,2482163.0,4627.0,2592.0,True
4,9,11060381086296902878,ML-DSA-87,0.0003300500102341175,0.00031909497920423746,0.00012250395957380533,21.516683785011992,nan,2482165.0,4627.0,2592.0,True
4,9,7042290623110471936,ML-DSA-87,0.0004464000230655074,0.0004253340885043144,0.00011133402585983276,21.59997606894467,nan,2482164.0,4627.0,2592.0,True
4,9,15691922560039550397,ML-DSA-87,0.0003809069748967886,0.00036734796594828367,0.00010842806659638882,21.52393713197671,nan,2482165.0,4627.0,2592.0,True
4,9,14599686038156408637,ML-DSA-87,0.00018105702474713326,0.0006060289451852441,0.0001093429746106267,21.67275150201749,nan,2482165.0,4627.0,2592.0,True
4,9,642993285596620578,ML-DSA-87,0.00018586206715554,0.00022878695745021105,0.00011324393562972546,10.338211921975017,nan,2482163.0,4627.0,2592.0,True
4,10,15691922560039550397,ML-DSA-87,0.00026221806183457375,0.0003360200207680464,0.00011565093882381916,21.50039307505358,nan,2482165.0,4627.0,2592.0,True
4,10,14599686038156408637,ML-DSA-87,0.0004435209557414055,0.00044034700840711594,0.00012652005534619093,21.822881735977717,nan,2482165.0,4627.0,2592.0,True
4,10,11060381086296902878,ML-DSA-87,0.00018482503946870565,0.0003316890215501189,0.0001073889434337616,21.949571106000803,nan,2482165.0,4627.0,2592.0,True
4,10,7042290623110471936,ML-DSA-87,0.00020580191630870104,0.00021635496523231268,0.00011786795221269131,21.843862551962957,nan,2482164.0,4627.0,2592.0,True
4,10,642993285596620578,ML-DSA-87,0.00018527999054640532,0.00021292793098837137,0.00011810206342488527,10.41465294000227,nan,2482163.0,4627.0,2592.0,True
4,11,14599686038156408637,ML-DSA-87,0.0003887519706040621,0.0002895320067182183,0.00016705004964023829,21.252051368006505,nan,2482165.0,4627.0,2592.0,True
4,11,7042290623110471936,ML-DSA-87,0.00037956994492560625,0.0004259300185367465,0.0001002730568870902,21.234584792051464,nan,2482164.0,4627.0,2592.0,True
4,11,11060381086296902878,ML-DSA-87,0.0004057349869981408,0.00027839699760079384,0.00015721202362328768,21.31945121602621,nan,2482165.0,4627.0,2592.0,True
4,11,15691922560039550397,ML-DSA-87,0.00019192497711628675,0.00016685097943991423,0.00010707695037126541,21.45161241106689,nan,2482165.0,4627.0,2592.0,True
4,11,642993285596620578,ML-DSA-87,0.00018492399249225855,0.00021557300351560116,0.00010577100329101086,10.408091529039666,nan,2482163.0,4627.0,2592.0,True
4,12,11060381086296902878,ML-DSA-87,0.000541586079634726,0.00046657409984618425,0.00016175804194062948,21.557735843001865,nan,2482165.0,4627.0,2592.0,True
4,12,14599686038156408637,ML-DSA-87,0.00039774097967892885,0.000545246060937643,0.00011699798051267862,21.48757131199818,nan,2482165.0,4627.0,2592.0,True
4,12,7042290623110471936,ML-DSA-87,0.00028159504290670156,0.0002968470798805356,0.00011070002801716328,21.89263232401572,nan,2482164.0,4627.0,2592.0,True
4,12,15691922560039550397,ML-DSA-87,0.0001991500612348318,0.000242021051235497,0.00015958806034177542,21.955463053891435,nan,2482165.0,4627.0,2592.0,True
4,12,642993285596620578,ML-DSA-87,0.00025442102923989296,0.00019941607024520636,0.00012993800919502974,10.514293454005383,nan,2482163.0,4627.0,2592.0,True
4,13,11060381086296902878,ML-DSA-87,0.00028942793142050505,0.000510399928316474,0.00012130301911383867,21.310650442028418,nan,2482165.0,4627.0,2592.0,True
4,13,7042290623110471936,ML-DSA-87,0.00027193897403776646,0.0005336729809641838,0.00010039296466857195,21.321765215019695,nan,2482164.0,4627.0,2592.0,True
4,13,14599686038156408637,ML-DSA-87,0.00018936709966510534,0.0003637269837781787,0.00010935193859040737,21.613685050979257,nan,2482165.0,4627.0,2592.0,True
4,13,15691922560039550397,ML-DSA-87,0.00019199401140213013,0.0002935159718617797,0.00011623196769505739,21.732478460064158,nan,2482165.0,4627.0,2592.0,True
4,13,642993285596620578,ML-DSA-87,0.0001895899185910821,0.00026979309041053057,0.00016063801012933254,10.362344413995743,nan,2482163.0,4627.0,2592.0,True
4,14,7042290623110471936,ML-DSA-87,0.00038385100197046995,0.0006440889555960894,0.00011644791811704636,21.039122287067585,nan,2482164.0,4627.0,2592.0,True
4,14,15691922560039550397,ML-DSA-87,0.00025814096443355083,0.0005261129699647427,0.00010174303315579891,21.237348249997012,nan,2482165.0,4627.0,2592.0,True
4,14,11060381086296902878,ML-DSA-87,0.0002574709942564368,0.0003029550425708294,0.00012341002002358437,21.425495925941505,nan,2482165.0,4627.0,2592.0,True
4,14,14599686038156408637,ML-DSA-87,0.0002581480657681823,0.00023917609360069036,0.00010923400986939669,21.497783394996077,nan,2482165.0,4627.0,2592.0,True
4,14,642993285596620578,ML-DSA-87,0.00018643797375261784,0.0003849610220640898,0.00011680205352604389,10.60190714802593,nan,2482163.0,4627.0,2592.0,True
4,15,14599686038156408637,ML-DSA-87,0.00036773690953850746,0.00038705498445779085,0.0001265769824385643,21.49185289000161,nan,2482165.0,4627.0,2592.0,True
4,15,15691922560039550397,ML-DSA-87,0.0002762929070740938,0.00044895499013364315,0.00013257400132715702,21.630690302001312,nan,2482165.0,4627.0,2592.0,True
4,15,7042290623110471936,ML-DSA-87,0.00025560997892171144,0.000684055034071207,0.00010756799019873142,21.956334079033695,nan,2482164.0,4627.0,2592.0,True
4,15,11060381086296902878,ML-DSA-87,0.00018762308172881603,0.0004120080266147852,0.00010813598055392504,22.156456724973395,nan,2482165.0,4627.0,2592.0,True
4,15,642993285596620578,ML-DSA-87,0.00024938699789345264,0.0002235380234196782,0.0001050200080499053,10.39863820897881,nan,2482163.0,4627.0,2592.0,True
4,16,7042290623110471936,ML-DSA-87,0.000244361930526793,0.00026020791847258806,0.00012109905946999788,21.50189572898671,nan,2482164.0,4627.0,2592.0,True
4,16,14599686038156408637,ML-DSA-87,0.00029694894328713417,0.00034957495518028736,9.804405272006989e-05,21.946163319051266,nan,2482165.0,4627.0,2592.0,True
4,16,15691922560039550397,ML-DSA-87,0.00023958703968673944,0.00021699198987334967,0.0001171409385278821,22.027962082996964,nan,2482165.0,4627.0,2592.0,True
4,16,11060381086296902878,ML-DSA-87,0.0001964879920706153,0.00037270807661116123,9.836000390350819e-05,22.07179804192856,nan,2482165.0,4627.0,2592.0,True
4,16,642993285596620578,ML-DSA-87,0.0002523759612813592,0.0002901050029322505,9.975302964448929e-05,10.578468901920132,nan,2482163.0,4627.0,2592.0,True
4,17,14599686038156408637,ML-DSA-87,0.0005399530055001378,0.00018597499001771212,0.00011632905807346106,21.363017959985882,nan,2482165.0,4627.0,2592.0,True
4,17,15691922560039550397,ML-DSA-87,0.00023695500567555428,0.0002834649058058858,0.00012397102545946836,21.396103162900545,nan,2482165.0,4627.0,2592.0,True
4,17,11060381086296902878,ML-DSA-87,0.00032462901435792446,0.0004053269512951374,0.00011162599548697472,21.45032231300138,nan,2482165.0,4627.0,2592.0,True
4,17,7042290623110471936,ML-DSA-87,0.00019522500224411488,0.0001928569981828332,0.00012263399548828602,21.63247240392957,nan,2482164.0,4627.0,2592.0,True
4,17,642993285596620578,ML-DSA-87,0.00018656998872756958,0.00020614592358469963,0.00010604900307953358,10.343083824031055,nan,2482163.0,4627.0,2592.0,True
4,18,15691922560039550397,ML-DSA-87,0.00026038289070129395,0.00018560397438704967,0.00011950894258916378,21.223783332970925,nan,2482165.0,4627.0,2592.0,True
4,18,7042290623110471936,ML-DSA-87,0.0004872729768976569,0.0002665610518306494,0.00011106801684945822,21.321472136070952,nan,2482164.0,4627.0,2592.0,True
4,18,14599686038156408637,ML-DSA-87,0.0003933500265702605,0.0004137040814384818,0.00011451891623437405,21.391458934056573,nan,2482165.0,4627.0,2592.0,True
4,18,11060381086296902878,ML-DSA-87,0.0002449890598654747,0.0003848029300570488,0.00010922492947429419,21.459812685963698,nan,2482165.0,4627.0,2592.0,True
4,18,642993285596620578,ML-DSA-87,0.0001847409876063466,0.00019690301269292831,0.00013573700562119484,10.428988390020095,nan,2482163.0,4627.0,2592.0,True
4,19,14599686038156408637,ML-DSA-87,0.0003414340317249298,0.0005162260495126247,0.0001551249297335744,20.851412212941796,nan,2482165.0,4627.0,2592.0,True
4,19,15691922560039550397,ML-DSA-87,0.00038691191002726555,0.00028055498842149973,0.0001059060450643301,21.015457466011867,nan,2482165.0,4627.0,2592.0,True
4,19,7042290623110471936,ML-DSA-87,0.0003282809630036354,0.0003339609829708934,0.00011282600462436676,21.068822139990516,nan,2482164.0,4627.0,2592.0,True
4,19,11060381086296902878,ML-DSA-87,0.0002362609375268221,0.000217276974581182,0.00011013506446033716,21.17175709095318,nan,2482165.0,4627.0,2592.0,True
4,19,642993285596620578,ML-DSA-87,0.00025170703884214163,0.0001603820128366351,0.00010671291965991259,10.32397636200767,nan,2482163.0,4627.0,2592.0,True
4,20,15691922560039550397,ML-DSA-87,0.00039252510759979486,0.00031464092899113894,0.00012108497321605682,20.982841867022216,nan,2482165.0,4627.0,2592.0,True
4,20,7042290623110471936,ML-DSA-87,0.0002430700697004795,0.0008390969596803188,0.00013487099204212427,20.92193888500333,nan,2482164.0,4627.0,2592.0,True
4,20,11060381086296902878,ML-DSA-87,0.0002486960729584098,0.0001871950225904584,0.0001224649604409933,20.941591447917745,nan,2482165.0,4627.0,2592.0,True
4,20,14599686038156408637,ML-DSA-87,0.00018579408060759306,0.0003970669349655509,0.0001177940284833312,21.069164232932962,nan,2482165.0,4627.0,2592.0,True
4,20,642993285596620578,ML-DSA-87,0.00024645403027534485,0.0001850059488788247,0.00011030305176973343,10.380575450952165,nan,2482163.0,4627.0,2592.0,True
4,21,11060381086296902878,ML-DSA-87,0.0003797430545091629,0.0004881960339844227,0.0001200519036501646,21.508041505003348,nan,2482165.0,4627.0,2592.0,True
4,21,7042290623110471936,ML-DSA-87,0.0002477919915691018,0.00030128308571875095,9.94859728962183e-05,21.7422171770595,nan,2482164.0,4627.0,2592.0,True
4,21,14599686038156408637,ML-DSA-87,0.00018792797345668077,0.00040429295040667057,0.00015729304868727922,21.693861452047713,nan,2482165.0,4627.0,2592.0,True
4,21,15691922560039550397,ML-DSA-87,0.00024613598361611366,0.0002785380929708481,9.96739836409688e-05,21.951230010017753,nan,2482165.0,4627.0,2592.0,True
4,21,642993285596620578,ML-DSA-87,0.00018536602146923542,0.0002618629951030016,0.00010787800420075655,10.453148524975404,nan,2482163.0,4627.0,2592.0,True
4,22,15691922560039550397,ML-DSA-87,0.00029552809428423643,0.000877407961525023,0.00012489501386880875,21.551199595909566,nan,2482165.0,4627.0,2592.0,True
4,22,14599686038156408637,ML-DSA-87,0.0003411719808354974,0.0007082869997248054,0.00010471092537045479,21.65092416096013,nan,2482165.0,4627.0,2592.0,True
4,22,7042290623110471936,ML-DSA-87,0.00033895205706357956,0.0002995319664478302,0.00010300602298229933,21.650750622036867,nan,2482164.0,4627.0,2592.0,True
4,22,11060381086296902878,ML-DSA-87,0.0002575180260464549,0.0009770951000973582,0.00011645001359283924,21.67480105801951,nan,2482165.0,4627.0,2592.0,True
4,22,642993285596620578,ML-DSA-87,0.0001838579773902893,0.00015093700494617224,0.00010886101517826319,10.369122607051395,nan,2482163.0,4627.0,2592.0,True
4,23,14599686038156408637,ML-DSA-87,0.0006799339316785336,0.0003199599450454116,0.0001275839749723673,21.364139523007907,nan,2482165.0,4627.0,2592.0,True
4,23,7042290623110471936,ML-DSA-87,0.00026879296638071537,0.00029757607262581587,0.00010218098759651184,21.48108068201691,nan,2482164.0,4627.0,2592.0,True
4,23,15691922560039550397,ML-DSA-87,0.0003703450784087181,0.000574910081923008,0.00010396505240350962,21.861541817896068,nan,2482165.0,4627.0,2592.0,True
4,23,11060381086296902878,ML-DSA-87,0.00018507998902350664,0.00019312009681016207,0.00010657601524144411,21.849350920063443,nan,2482165.0,4627.0,2592.0,True
4,23,642993285596620578,ML-DSA-87,0.00020260200835764408,0.00021395704243332148,0.00012287008576095104,10.455102827050723,nan,2482163.0,4627.0,2592.0,True
4,24,15691922560039550397,ML-DSA-87,0.00044431304559111595,0.00029858306515961885,0.00011490704491734505,21.600205054040998,nan,2482165.0,4627.0,2592.0,True
4,24,7042290623110471936,ML-DSA-87,0.00027758406940847635,0.00020866398699581623,0.000101605080999434,21.889812119072303,nan,2482164.0,4627.0,2592.0,True
4,24,11060381086296902878,ML-DSA-87,0.00028143299277871847,0.0002780139911919832,0.00010170391760766506,21.982659430010244,nan,2482165.0,4627.0,2592.0,True
4,24,14599686038156408637,ML-DSA-87,0.00018792296759784222,0.00020601402502506971,0.00011918297968804836,22.12816812901292,nan,2482165.0,4627.0,2592.0,True
4,24,642993285596620578,ML-DSA-87,0.00019838206935673952,0.00019552290905267,0.00011272402480244637,10.568827463896014,nan,2482163.0,4627.0,2592.0,True
4,25,15691922560039550397,ML-DSA-87,0.0003119360189884901,0.00022287399042397738,0.00011943001300096512,21.649306164006703,nan,2482165.0,4627.0,2592.0,True
4,25,14599686038156408637,ML-DSA-87,0.0003584160003811121,0.0003181450301781297,0.00011837005149573088,21.840703404974192,nan,2482165.0,4627.0,2592.0,True
4,25,11060381086296902878,ML-DSA-87,0.00026005005929619074,0.0002156159607693553,0.00012573902495205402,22.12786191503983,nan,2482165.0,4627.0,2592.0,True
4,25,7042290623110471936,ML-DSA-87,0.0001826270017772913,0.0006605909438803792,0.00010632793419063091,22.027517796028405,nan,2482164.0,4627.0,2592.0,True
4,25,642993285596620578,ML-DSA-87,0.00020026997663080692,0.000196835957467556,0.00010295200627297163,10.520475638913922,nan,2482163.0,4627.0,2592.0,True
4,26,11060381086296902878,ML-DSA-87,0.0003849619533866644,0.0003728700103238225,0.00011700298637151718,21.612298461026512,nan,2482165.0,4627.0,2592.0,True
4,26,15691922560039550397,ML-DSA-87,0.00035241199657320976,0.0005658769514411688,0.0001252099173143506,21.703039537998848,nan,2482165.0,4627.0,2592.0,True
4,26,14599686038156408637,ML-DSA-87,0.00026093702763319016,0.00029947306029498577,0.00011576805263757706,21.727516531944275,nan,2482165.0,4627.0,2592.0,True
4,26,7042290623110471936,ML-DSA-87,0.00018545403145253658,0.0002272839192301035,0.00010142906103283167,21.984578375006095,nan,2482164.0,4627.0,2592.0,True
4,26,642993285596620578,ML-DSA-87,0.00020700704772025347,0.0001527650747448206,0.00013610394671559334,10.469479581923224,nan,2482163.0,4627.0,2592.0,True
4,27,7042290623110471936,ML-DSA-87,0.00042962003499269485,0.0005107589531689882,0.0001211509807035327,21.738777760067023,nan,2482164.0,4627.0,2592.0,True
4,27,11060381086296902878,ML-DSA-87,0.0003063400508835912,0.00044535810593515635,0.0001417060848325491,21.84322682104539,nan,2482165.0,4627.0,2592.0,True
4,27,14599686038156408637,ML-DSA-87,0.0005199189763516188,0.0009716040221974254,0.0001188140595331788,21.766464386018924,nan,2482165.0,4627.0,2592.0,True
4,27,15691922560039550397,ML-DSA-87,0.0001942720264196396,0.00017172296065837145,0.00013563805259764194,21.861110817990266,nan,2482165.0,4627.0,2592.0,True
4,27,642993285596620578,ML-DSA-87,0.00018165702931582928,0.00025062996428459883,0.00010530499275773764,10.402474720962346,nan,2482163.0,4627.0,2592.0,True
4,28,14599686038156408637,ML-DSA-87,0.00048081891145557165,0.00035782100167125463,0.00011830008588731289,21.144556211074814,nan,2482165.0,4627.0,2592.0,True
4,28,7042290623110471936,ML-DSA-87,0.0002262380439788103,0.00045073404908180237,0.00010714703239500523,21.275351357995532,nan,2482164.0,4627.0,2592.0,True
4,28,15691922560039550397,ML-DSA-87,0.00026419595815241337,0.00028030097018927336,0.00010095990728586912,21.31420851906296,nan,2482165.0,4627.0,2592.0,True
4,28,11060381086296902878,ML-DSA-87,0.0002078149700537324,0.0002997830742970109,0.00010292103979736567,21.5476890609134,nan,2482165.0,4627.0,2592.0,True
4,28,642993285596620578,ML-DSA-87,0.0001827359665185213,0.00015277799684554338,0.00013588694855570793,10.33480117795989,nan,2482163.0,4627.0,2592.0,True
4,29,14599686038156408637,ML-DSA-87,0.00033603899646550417,0.00027437799144536257,0.0001133050536736846,21.58400105999317,nan,2482165.0,4627.0,2592.0,True
4,29,15691922560039550397,ML-DSA-87,0.00021610106341540813,0.0004913969896733761,9.898701682686806e-05,21.651534697040915,nan,2482165.0,4627.0,2592.0,True
4,29,11060381086296902878,ML-DSA-87,0.00047012302093207836,0.00047556799836456776,0.00010619999375194311,21.931829732027836,nan,2482165.0,4627.0,2592.0,True
4,29,7042290623110471936,ML-DSA-87,0.0002981440629810095,0.00024997000582516193,0.00010796904098242521,21.865144856041297,nan,2482164.0,4627.0,2592.0,True
4,29,642993285596620578,ML-DSA-87,0.0002478549722582102,0.000397789990529418,0.00010506703983992338,10.497815982904285,nan,2482163.0,4627.0,2592.0,True
4,30,15691922560039550397,ML-DSA-87,0.00028676202055066824,0.00025401508901268244,0.00012530793901532888,21.382469219970517,nan,2482165.0,4627.0,2592.0,True
4,30,7042290623110471936,ML-DSA-87,0.0002925220178440213,0.0008583030430600047,0.000114261987619102,21.32216666394379,nan,2482164.0,4627.0,2592.0,True
4,30,11060381086296902878,ML-DSA-87,0.0002484710421413183,0.00045644398778676987,0.00010085897520184517,21.710380951990373,nan,2482165.0,4627.0,2592.0,True
4,30,14599686038156408637,ML-DSA-87,0.00027550896629691124,0.00033250695560127497,0.00011013401672244072,21.648675039061345,nan,2482165.0,4627.0,2592.0,True
4,30,642993285596620578,ML-DSA-87,0.0002770060673356056,0.00023459293879568577,0.00011073099449276924,10.42752736795228,nan,2482163.0,4627.0,2592.0,True
5,1,9708511311649180147,ML-DSA-87,0.0013441839255392551,0.00038067600689828396,0.00016786297783255577,21.108738316921517,2.1034155177613036,2482164.0,4627.0,2592.0,True
5,1,17115983179730983986,ML-DSA-87,0.0012934939004480839,0.0005158799467608333,0.00010519998613744974,21.425737333018333,2.160594948945335,2482165.0,4627.0,2592.0,True
5,1,13763468836585466405,ML-DSA-87,0.0013705020537599921,0.00039165199268609285,0.00010657892562448978,21.54481641203165,2.107786667994417,2482165.0,4627.0,2592.0,True
5,1,18402706845694348664,ML-DSA-87,0.0009836229728534818,0.0004563849652186036,0.00013425410725176334,21.67367385106627,2.0636433408664057,2482165.0,4627.0,2592.0,True
5,1,9113304692756718275,ML-DSA-87,0.00018709199503064156,0.00018333701882511377,0.00032747501973062754,10.588585366029292,2.115424639500749,2482164.0,4627.0,2592.0,True
5,2,9708511311649180147,ML-DSA-87,0.0002710329135879874,0.00035690702497959137,0.0001267869956791401,21.816267444984987,1.9632316999161206,2482164.0,4627.0,2592.0,True
5,2,18402706845694348664,ML-DSA-87,0.0003178790211677551,0.0004203800344839692,0.00010662293061614037,21.841410839930177,1.9643457396723591,2482165.0,4627.0,2592.0,True
5,2,17115983179730983986,ML-DSA-87,0.00035804102662950754,0.0003064819611608982,0.00012653390876948833,22.014566555037163,1.973332900208787,2482165.0,4627.0,2592.0,True
5,2,13763468836585466405,ML-DSA-87,0.00019412802066653967,0.00016895390581339598,0.00012090196833014488,22.10278355702758,1.965609753855501,2482165.0,4627.0,2592.0,True
5,2,9113304692756718275,ML-DSA-87,0.00018804206047207117,0.00015419605188071728,0.00012334599159657955,10.60460423398763,1.966027019122919,2482164.0,4627.0,2592.0,True
5,3,18402706845694348664,ML-DSA-87,0.00034649798180907965,0.0003861470613628626,0.00011913501657545567,21.55707483610604,1.8657699038807196,2482165.0,4627.0,2592.0,True
5,3,9708511311649180147,ML-DSA-87,0.000418676994740963,0.00044058391358703375,0.00011275906581431627,21.571701959939674,1.8988883761933055,2482164.0,4627.0,2592.0,True
5,3,13763468836585466405,ML-DSA-87,0.00022226001601666212,0.00018876895774155855,0.00010755402036011219,21.713566917926073,1.8610259641092806,2482165.0,4627.0,2592.0,True
5,3,17115983179730983986,ML-DSA-87,0.00032948702573776245,0.00022574595641344786,0.00010138505604118109,21.719254540978,1.8764532290327662,2482165.0,4627.0,2592.0,True
5,3,9113304692756718275,ML-DSA-87,0.0001889109844341874,0.0003379619447514415,0.00010294199455529451,10.628986311960034,1.8823014116896608,2482164.0,4627.0,2592.0,True
5,4,13763468836585466405,ML-DSA-87,0.0005479030078276992,0.0003580719931051135,0.00011815200559794903,21.5596278620651,1.8217121134169947,2482165.0,4627.0,2592.0,True
5,4,17115983179730983986,ML-DSA-87,0.00039119902066886425,0.0003539059543982148,0.00012139393948018551,21.592325781006366,1.8658260655479308,2482165.0,4627.0,2592.0,True
5,4,18402706845694348664,ML-DSA-87,0.00033635995350778103,0.00033476308453828096,0.00010550499428063631,21.692967775976285,1.8155118181301764,2482165.0,4627.0,2592.0,True
5,4,9708511311649180147,ML-DSA-87,0.0001988059375435114,0.0001864429796114564,0.00011136289685964584,21.790596378967166,1.8498194754694979,2482164.0,4627.0,2592.0,True
5,4,9113304692756718275,ML-DSA-87,0.00018581899348646402,0.0001656039385125041,0.000113515998236835,10.5355615549488,1.8400164229420428,2482164.0,4627.0,2592.0,True
5,5,9708511311649180147,ML-DSA-87,0.00023947504814714193,0.0004477790789678693,0.0001244720770046115,21.772947720019147,1.8258362345802137,2482164.0,4627.0,2592.0,True
5,5,17115983179730983986,ML-DSA-87,0.00024750304874032736,0.00042953400406986475,0.00010179390665143728,21.867004491039552,1.7939308089570116,2482165.0,4627.0,2592.0,True
5,5,13763468836585466405,ML-DSA-87,0.0003491840325295925,0.0004054929595440626,0.00011857692152261734,21.950708769029006,1.7807450119298869,2482165.0,4627.0,2592.0,True
5,5,18402706845694348664,ML-DSA-87,0.00018942705355584621,0.0002298150211572647,0.00010063603986054659,22.025181573000737,1.7892103732203524,2482165.0,4627.0,2592.0,True
5,5,9113304692756718275,ML-DSA-87,0.00025325792375952005,0.0002771740546450019,0.0001028269762173295,10.692016369081102,1.8017111254957157,2482164.0,4627.0,2592.0,True
5,6,18402706845694348664,ML-DSA-87,0.00038864905945956707,0.0006442749872803688,0.00012298603542149067,21.50428475404624,1.772979412977688,2482165.0,4627.0,2592.0,True
5,6,17115983179730983986,ML-DSA-87,0.0003138809697702527,0.00023699202574789524,0.00010180100798606873,21.649206103989854,1.7791246095785318,2482165.0,4627.0,2592.0,True
5,6,13763468836585466405,ML-DSA-87,0.0002820019144564867,0.0003874989924952388,0.00010256702080368996,21.65669047704432,1.7618611940560631,2482165.0,4627.0,2592.0,True
5,6,9708511311649180147,ML-DSA-87,0.00025487702805548906,0.00035294191911816597,0.00011926994193345308,21.73786328197457,1.7867113759342474,2482164.0,4627.0,2592.0,True
5,6,9113304692756718275,ML-DSA-87,0.00018664903473109007,0.00025728403124958277,0.00010271999053657055,10.689799098996446,1.7617549111667914,2482164.0,4627.0,2592.0,True
5,7,9708511311649180147,ML-DSA-87,0.0002811859594658017,0.00034877797588706017,0.00011856202036142349,21.960272456984967,1.7752368838642352,2482164.0,4627.0,2592.0,True
5,7,13763468836585466405,ML-DSA-87,0.00034684198908507824,0.0006673489697277546,0.0001020010095089674,21.924698918010108,1.7902548435016181,2482165.0,4627.0,2592.0,True
5,7,17115983179730983986,ML-DSA-87,0.0005795829929411411,0.00028663105331361294,0.0001562340185046196,22.1182946030749,1.7893505225928066,2482165.0,4627.0,2592.0,True
5,7,18402706845694348664,ML-DSA-87,0.00024714204482734203,0.00030339101795107126,0.00010230892803519964,22.29022837104276,1.7529319848496312,2482165.0,4627.0,2592.0,True
5,7,9113304692756718275,ML-DSA-87,0.00018597592134028673,0.00024465599562972784,0.00012654298916459084,10.659424231969751,1.749692788139319,2482164.0,4627.0,2592.0,True
5,8,9708511311649180147,ML-DSA-87,0.0003603150835260749,0.0006789950421079993,0.0001266059698536992,21.19152454903815,1.754541376909128,2482164.0,4627.0,2592.0,True
5,8,18402706845694348664,ML-DSA-87,0.00043842510785907507,0.0005039330571889877,0.00011326605454087257,21.248877810081467,1.7381075944382542,2482165.0,4627.0,2592.0,True
5,8,17115983179730983986,ML-DSA-87,0.00024222093634307384,0.00032794405706226826,0.0001194109208881855,21.54461041803006,1.7430890013996405,2482165.0,4627.0,2592.0,True
5,8,13763468836585466405,ML-DSA-87,0.0003186720423400402,0.0003878220450133085,0.0001159000676125288,21.546996238990687,1.725462755075278,2482165.0,4627.0,2592.0,True
5,8,9113304692756718275,ML-DSA-87,0.00018841191194951534,0.000685616978444159,0.00011633196845650673,10.498823491041549,1.725868515313243,2482164.0,4627.0,2592.0,True
5,9,17115983179730983986,ML-DSA-87,0.00020943500567227602,0.00037243205588310957,0.00013962609227746725,21.473876830074005,1.7456983057454751,2482165.0,4627.0,2592.0,True
5,9,18402706845694348664,ML-DSA-87,0.000383144011721015,0.0003964939387515187,0.00011603592429310083,21.379656718927436,1.7212624367052756,2482165.0,4627.0,2592.0,True
5,9,9708511311649180147,ML-DSA-87,0.00026164401788264513,0.00035434297751635313,0.00010391802061349154,21.45726153301075,1.7437310938637096,2482164.0,4627.0,2592.0,True
5,9,13763468836585466405,ML-DSA-87,0.0001924620009958744,0.0003029940417036414,0.00010145502164959908,21.63382161699701,1.6943255712429937,2482165.0,4627.0,2592.0,True
5,9,9113304692756718275,ML-DSA-87,0.00019334699027240276,0.0001545600825920701,0.00010013498831540346,10.592111913021654,1.7481897345747048,2482164.0,4627.0,2592.0,True
5,10,17115983179730983986,ML-DSA-87,0.0004499610513448715,0.00036900502163916826,0.00012081291060894728,21.32789470604621,1.7457648089137703,2482165.0,4627.0,2592.0,True
5,10,18402706845694348664,ML-DSA-87,0.000690105021931231,0.00036933599039912224,0.00010289100464433432,21.366689904010855,1.6871141374301606,2482165.0,4627.0,2592.0,True
5,10,9708511311649180147,ML-DSA-87,0.00039534096140414476,0.00038969190791249275,0.00011801102664321661,21.495528674917296,1.6989522414466443,2482164.0,4627.0,2592.0,True
5,10,13763468836585466405,ML-DSA-87,0.00018188799731433392,0.00017528107855468988,0.00010109401773661375,21.475353618967347,1.7127736692611402,2482165.0,4627.0,2592.0,True
5,10,9113304692756718275,ML-DSA-87,0.0002496270462870598,0.0003799339756369591,0.00010855100117623806,10.692459655925632,1.7110377694852055,2482164.0,4627.0,2592.0,True
5,11,9708511311649180147,ML-DSA-87,0.00051403499674052,0.0005387869896367192,0.00013250205665826797,22.15955824102275,1.692297842175054,2482164.0,4627.0,2592.0,True
5,11,18402706845694348664,ML-DSA-87,0.00033224199432879686,0.0002609390066936612,0.00010620802640914917,22.10994533903431,1.6848622678567806,2482165.0,4627.0,2592.0,True
5,11,17115983179730983986,ML-DSA-87,0.00041516392957419157,0.0005513069918379188,0.00010625901632010937,22.184923946042545,1.6942064811627324,2482165.0,4627.0,2592.0,True
5,11,13763468836585466405,ML-DSA-87,0.00019183801487088203,0.00035463704261928797,0.00011712498962879181,22.364621652057394,1.6751769396443716,2482165.0,4627.0,2592.0,True
5,11,9113304692756718275,ML-DSA-87,0.00018458592239767313,0.00018930202350020409,0.00010118796490132809,10.644733124994673,1.711978066081818,2482164.0,4627.0,2592.0,True
5,12,17115983179730983986,ML-DSA-87,0.00041814998257905245,0.00044109299778938293,0.00013135105837136507,21.965926124015823,1.6865369195755298,2482165.0,4627.0,2592.0,True
5,12,13763468836585466405,ML-DSA-87,0.0001952069578692317,0.00018667092081159353,0.00012728502042591572,22.232725842972286,1.6511053109702212,2482165.0,4627.0,2592.0,True
5,12,9708511311649180147,ML-DSA-87,0.0001985090784728527,0.00019197002984583378,0.00010653003118932247,22.325650963000953,1.7045945999340508,2482164.0,4627.0,2592.0,True
5,12,18402706845694348664,ML-DSA-87,0.0002822490641847253,0.0005238020094111562,0.0001053990563377738,22.329662395990454,1.6650571556517872,2482165.0,4627.0,2592.0,True
5,12,9113304692756718275,ML-DSA-87,0.0002610760275274515,0.0001557340146973729,0.0001260950230062008,10.806918741902336,1.6869139477086905,2482164.0,4627.0,2592.0,True
5,13,13763468836585466405,ML-DSA-87,0.0003352559870108962,0.0005709689576178789,0.00011700892355293036,21.716494643944316,1.6678144748980246,2482165.0,4627.0,2592.0,True
5,13,17115983179730983986,ML-DSA-87,0.0002494839718565345,0.0006519260350614786,0.00010135804768651724,21.757810960058123,1.7262151062298126,2482165.0,4627.0,2592.0,True
5,13,9708511311649180147,ML-DSA-87,0.00040869403164833784,0.00044384493958204985,9.989296086132526e-05,21.83455774304457,1.656054523044501,2482164.0,4627.0,2592.0,True
5,13,18402706845694348664,ML-DSA-87,0.00024381896946579218,0.0005395059706643224,0.00012953998520970345,21.987746404949576,1.661003569063668,2482165.0,4627.0,2592.0,True
5,13,9113304692756718275,ML-DSA-87,0.00019741803407669067,0.00037146301474422216,0.0001005060039460659,10.684109182097018,1.6809069352408947,2482164.0,4627.0,2592.0,True
5,14,17115983179730983986,ML-DSA-87,0.00044093700125813484,0.0007219590479508042,0.00012788595631718636,21.9011104980018,1.6523400072853405,2482165.0,4627.0,2592.0,True
5,14,13763468836585466405,ML-DSA-87,0.00022357096895575523,0.00018109299708157778,0.00011533498764038086,21.94898302294314,1.641548802867865,2482165.0,4627.0,2592.0,True
5,14,9708511311649180147,ML-DSA-87,0.000444054021500051,0.0006700409576296806,0.00010051007848232985,21.953440931043588,1.6721327539069204,2482164.0,4627.0,2592.0,True
5,14,18402706845694348664,ML-DSA-87,0.00019476097077131271,0.00019047397654503584,0.0001001779455691576,22.175861370982602,1.677426154621112,2482165.0,4627.0,2592.0,True
5,14,9113304692756718275,ML-DSA-87,0.00018521095626056194,0.00030535494443029165,0.00010108202695846558,10.443661006051116,1.6668473657327718,2482164.0,4627.0,2592.0,True
5,15,18402706845694348664,ML-DSA-87,0.0004455079324543476,0.000718979979865253,0.00016285397578030825,21.76725171401631,1.6521381105477817,2482165.0,4627.0,2592.0,True
5,15,13763468836585466405,ML-DSA-87,0.00034616095945239067,0.0005783360684290528,9.932403918355703e-05,22.006431929999962,1.6205912599929224,2482165.0,4627.0,2592.0,True
5,15,17115983179730983986,ML-DSA-87,0.0002715580631047487,0.00042944203596562147,0.000133198918774724,22.24853820691351,1.6580681781799267,2482165.0,4627.0,2592.0,True
5,15,9708511311649180147,ML-DSA-87,0.0003540420439094305,0.0003350320039317012,0.00012116995640099049,22.24436244997196,1.672930483810437,2482164.0,4627.0,2592.0,True
5,15,9113304692756718275,ML-DSA-87,0.00025011401157826185,0.0002360050566494465,0.00010735599789768457,10.829935500049032,1.6136189828665493,2482164.0,4627.0,2592.0,True
5,16,13763468836585466405,ML-DSA-87,0.00026029907166957855,0.0002532070502638817,0.00015242001973092556,21.719693806953728,1.6293759917298827,2482165.0,4627.0,2592.0,True
5,16,18402706845694348664,ML-DSA-87,0.000245535047724843,0.00019576097838580608,0.0001002470962703228,22.08905765390955,1.5994979188845941,2482165.0,4627.0,2592.0,True
5,16,17115983179730983986,ML-DSA-87,0.0004816800355911255,0.0002973739756271243,0.0001017049653455615,22.122191295027733,1.641477211214864,2482165.0,4627.0,2592.0,True
5,16,9708511311649180147,ML-DSA-87,0.00019066303502768278,0.00022234790958464146,0.00011638493742793798,22.173757354961708,1.6401003976218618,2482164.0,4627.0,2592.0,True
5,16,9113304692756718275,ML-DSA-87,0.0001841259654611349,0.00018081790767610073,9.970704559236765e-05,10.82385400205385,1.5822035253238373,2482164.0,4627.0,2592.0,True
5,17,13763468836585466405,ML-DSA-87,0.000279524945653975,0.0003360649570822716,0.00012706301640719175,21.660989393945783,1.6005427037565092,2482165.0,4627.0,2592.0,True
5,17,17115983179730983986,ML-DSA-87,0.0001875179586932063,0.00019508693367242813,0.00010175607167184353,22.08372585498728,1.6473933921073571,2482165.0,4627.0,2592.0,True
5,17,18402706845694348664,ML-DSA-87,0.0006604690570384264,0.00028936006128787994,0.00010100496001541615,21.999252691981383,1.610402549417636,2482165.0,4627.0,2592.0,True
5,17,9708511311649180147,ML-DSA-87,0.00032199197448790073,0.0003913990221917629,0.00010927999392151833,22.06315123999957,1.637532285988902,2482164.0,4627.0,2592.0,True
5,17,9113304692756718275,ML-DSA-87,0.0001814189599826932,0.00021137099247425795,0.00012229802086949348,10.588850722066127,1.6298985934486023,2482164.0,4627.0,2592.0,True
5,18,9708511311649180147,ML-DSA-87,0.0004675480304285884,0.000528372940607369,0.00021383201237767935,21.549672032007948,1.6153327582743222,2482164.0,4627.0,2592.0,True
5,18,18402706845694348664,ML-DSA-87,0.00046059105079621077,0.00039879896212369204,0.00022683304268866777,21.540959805017337,1.611067068843415,2482165.0,4627.0,2592.0,True
5,18,13763468836585466405,ML-DSA-87,0.00037431996315717697,0.0006800520932301879,0.00021074898540973663,21.70693567499984,1.5800652077403694,2482165.0,4627.0,2592.0,True
5,18,17115983179730983986,ML-DSA-87,0.00018209300469607115,0.0003037330461665988,0.00014490296598523855,21.889073746977374,1.6398170858907242,2482165.0,4627.0,2592.0,True
5,18,9113304692756718275,ML-DSA-87,0.00018244492821395397,0.00021377799566835165,0.00016391195822507143,10.598191804019734,1.569006294488145,2482164.0,4627.0,2592.0,True
5,19,18402706845694348664,ML-DSA-87,0.00031886191572993994,0.0003252540482208133,0.00011873897165060043,21.010250953026116,1.5846105922525302,2482165.0,4627.0,2592.0,True
5,19,17115983179730983986,ML-DSA-87,0.00025106698740273714,0.0004965589614585042,0.00011906796135008335,21.092955801053904,1.626930490088539,2482165.0,4627.0,2592.0,True
5,19,13763468836585466405,ML-DSA-87,0.00025612988974899054,0.0007095229811966419,0.00011091597843915224,20.999526311061345,1.626358810895548,2482165.0,4627.0,2592.0,True
5,19,9708511311649180147,ML-DSA-87,0.00019121996592730284,0.00018941599410027266,0.00010301498696208,21.26132133009378,1.6100649113853138,2482164.0,4627.0,2592.0,True
5,19,9113304692756718275,ML-DSA-87,0.0002486100420355797,0.0003166419919580221,0.00010658497922122478,10.72355780203361,1.6014298998509733,2482164.0,4627.0,2592.0,True
5,20,13763468836585466405,ML-DSA-87,0.0002759919734671712,0.00031569902785122395,0.00011788296978920698,21.07555088994559,1.5800177125504222,2482165.0,4627.0,2592.0,True
5,20,17115983179730983986,ML-DSA-87,0.0003154800506308675,0.00021718896459788084,0.0001028840197250247,21.53323844796978,1.5864971230586116,2482165.0,4627.0,2592.0,True
5,20,18402706845694348664,ML-DSA-87,0.00019130401778966188,0.0003693660255521536,0.00016954203601926565,21.877055198070593,1.5792712016989248,2482165.0,4627.0,2592.0,True
5,20,9708511311649180147,ML-DSA-87,0.0002873949706554413,0.00022964098025113344,0.00010489404667168856,21.83064258506056,1.5735685402592912,2482164.0,4627.0,2592.0,True
5,20,9113304692756718275,ML-DSA-87,0.0002495730295777321,0.00044960109516978264,0.00010279903654009104,10.56527326698415,1.6494696475446415,2482164.0,4627.0,2592.0,True
5,21,18402706845694348664,ML-DSA-87,0.0004110300214961171,0.00047254294622689486,0.00012439896818250418,22.11569371900987,1.5912096296636442,2482165.0,4627.0,2592.0,True
5,21,9708511311649180147,ML-DSA-87,0.0004164939746260643,0.00019625993445515633,0.00010487204417586327,22.076428421074525,1.5968690383167694,2482164.0,4627.0,2592.0,True
5,21,17115983179730983986,ML-DSA-87,0.00042560696601867676,0.0004432309651747346,0.00010469602420926094,22.324022952001542,1.591773119216529,2482165.0,4627.0,2592.0,True
5,21,13763468836585466405,ML-DSA-87,0.00019795808475464582,0.00016704702284187078,0.00011914502829313278,22.51108451001346,1.5795365499612242,2482165.0,4627.0,2592.0,True
5,21,9113304692756718275,ML-DSA-87,0.0001853399444371462,0.00021147402003407478,0.00010526995174586773,10.63588991703,1.5896625217919151,2482164.0,4627.0,2592.0,True
5,22,17115983179730983986,ML-DSA-87,0.0002778959460556507,0.00031276990193873644,0.00013175001367926598,21.333269184920937,1.5928874678505114,2482165.0,4627.0,2592.0,True
5,22,18402706845694348664,ML-DSA-87,0.0003127119271084666,0.00032082502730190754,0.00010263302829116583,21.85199993592687,1.6049283651498178,2482165.0,4627.0,2592.0,True
5,22,13763468836585466405,ML-DSA-87,0.00022494501899927855,0.0002099159173667431,0.0001003689831122756,22.17503832001239,1.584808277817199,2482165.0,4627.0,2592.0,True
5,22,9708511311649180147,ML-DSA-87,0.0003062679897993803,0.0002897769445553422,0.00016968895215541124,22.164509652997367,1.6033388772330726,2482164.0,4627.0,2592.0,True
5,22,9113304692756718275,ML-DSA-87,0.00024687498807907104,0.0002914889482781291,0.00014623499009758234,10.599305751966313,1.589509414788633,2482164.0,4627.0,2592.0,True
5,23,13763468836585466405,ML-DSA-87,0.0003517059376463294,0.00032657699193805456,0.00013271102216094732,21.431170607102104,1.606262148188326,2482165.0,4627.0,2592.0,True
5,23,18402706845694348664,ML-DSA-87,0.0003189810086041689,0.0004441040800884366,0.00010457797907292843,21.527837560977787,1.5836149979704104,2482165.0,4627.0,2592.0,True
5,23,17115983179730983986,ML-DSA-87,0.0002413230249658227,0.0001843420322984457,0.0001022720243781805,21.898692974005826,1.5602656540017539,2482165.0,4627.0,2592.0,True
5,23,9708511311649180147,ML-DSA-87,0.0001884679077193141,0.0001730660442262888,0.00010192592162638903,21.917135380906984,1.5710211996072398,2482164.0,4627.0,2592.0,True
5,23,9113304692756718275,ML-DSA-87,0.00018941902089864016,0.00014193402603268623,0.00010261102579534054,10.859019956085831,1.5441707787803187,2482164.0,4627.0,2592.0,True
5,24,9708511311649180147,ML-DSA-87,0.00043204997200518847,0.0004927049158141017,0.00012046797201037407,22.035909836064093,1.5832419128844533,2482164.0,4627.0,2592.0,True
5,24,18402706845694348664,ML-DSA-87,0.0003913920372724533,0.0004502910887822509,0.0001173289492726326,22.055309068993665,1.5559979566750817,2482165.0,4627.0,2592.0,True
5,24,17115983179730983986,ML-DSA-87,0.0003026720369234681,0.0002532429061830044,0.00010172196198254824,22.03608822298702,1.6006261235989703,2482165.0,4627.0,2592.0,True
5,24,13763468836585466405,ML-DSA-87,0.00018966698553413153,0.00017124204896390438,0.0001020299969241023,22.31222179508768,1.5413297092952667,2482165.0,4627.0,2592.0,True
5,24,9113304692756718275,ML-DSA-87,0.0001844980288296938,0.00020624196622520685,0.00010181998368352652,10.62839728104882,1.5717994066092154,2482164.0,4627.0,2592.0,True
5,25,13763468836585466405,ML-DSA-87,0.00033576600253582,0.0007112529128789902,0.00012455403339117765,21.355630588019267,1.5446902822000912,2482165.0,4627.0,2592.0,True
5,25,9708511311649180147,ML-DSA-87,0.0004561350215226412,0.0003553279675543308,0.00010331894736737013,21.516124772955664,1.5832870482636716,2482164.0,4627.0,2592.0,True
5,25,17115983179730983986,ML-DSA-87,0.00018943496979773045,0.00020798295736312866,0.00014708808157593012,21.71839438797906,1.6675547768894476,2482165.0,4627.0,2592.0,True
5,25,18402706845694348664,ML-DSA-87,0.00020902499090880156,0.00023592100478708744,0.0001025559613481164,21.845969902933575,1.5447511566332734,2482165.0,4627.0,2592.0,True
5,25,9113304692756718275,ML-DSA-87,0.00019837904255837202,0.00014097499661147594,0.00010286003816872835,10.552800607983954,1.5893990022305864,2482164.0,4627.0,2592.0,True
5,26,18402706845694348664,ML-DSA-87,0.00024321605451405048,0.0009137541055679321,0.0001789109082892537,21.724209179985337,1.5529604078100894,2482165.0,4627.0,2592.0,True
5,26,17115983179730983986,ML-DSA-87,0.00037198199424892664,0.000269712065346539,0.00015311094466596842,21.81493611901533,1.609656411428421,2482165.0,4627.0,2592.0,True
5,26,9708511311649180147,ML-DSA-87,0.0002522800350561738,0.00023409200366586447,0.0001466639805585146,22.11920337495394,1.6003905502371132,2482164.0,4627.0,2592.0,True
5,26,13763468836585466405,ML-DSA-87,0.00026921601966023445,0.0005040009273216128,0.00018763693515211344,22.05915402097162,1.5518409120389067,2482165.0,4627.0,2592.0,True
5,26,9113304692756718275,ML-DSA-87,0.0002722089411690831,0.0003618050832301378,0.000164853991009295,10.452041986049153,1.595890939997408,2482164.0,4627.0,2592.0,True
5,27,17115983179730983986,ML-DSA-87,0.0002456300426274538,0.0004207849269732833,0.00014803791418671608,21.52135490893852,1.5539908426257367,2482165.0,4627.0,2592.0,True
5,27,9708511311649180147,ML-DSA-87,0.00029649597126990557,0.00038368499372154474,0.00013282708823680878,21.661563635920174,1.5482883190575498,2482164.0,4627.0,2592.0,True
5,27,13763468836585466405,ML-DSA-87,0.0003306559519842267,0.0002992310328409076,0.00011622998863458633,21.68905491195619,1.566369955341656,2482165.0,4627.0,2592.0,True
5,27,18402706845694348664,ML-DSA-87,0.0002347240224480629,0.00018120103050023317,0.0001324779586866498,21.774069376057014,1.5306156635665285,2482165.0,4627.0,2592.0,True
5,27,9113304692756718275,ML-DSA-87,0.0002479869872331619,0.00026269396767020226,0.000149240018799901,10.674622699036263,1.5652637769239017,2482164.0,4627.0,2592.0,True
5,28,13763468836585466405,ML-DSA-87,0.00043919601012021303,0.0004387840162962675,0.0002116758842021227,21.479641514946707,1.5335235624267651,2482165.0,4627.0,2592.0,True
5,28,9708511311649180147,ML-DSA-87,0.0002765730023384094,0.00034111097920686007,0.00015890703070908785,21.624016165034845,1.5321181961141837,2482164.0,4627.0,2592.0,True
5,28,17115983179730983986,ML-DSA-87,0.0003905569901689887,0.0005417279899120331,0.0001682050060480833,21.584841173957102,1.5360371830364385,2482165.0,4627.0,2592.0,True
5,28,18402706845694348664,ML-DSA-87,0.00018936197739094496,0.00026347406674176455,0.0001714919926598668,22.150116985081695,1.5492134585548132,2482165.0,4627.0,2592.0,True
5,28,9113304692756718275,ML-DSA-87,0.00025825598277151585,0.0003080340102314949,0.00015019497368484735,10.658851868007332,1.566286790294769,2482164.0,4627.0,2592.0,True
5,29,17115983179730983986,ML-DSA-87,0.00034228607546538115,0.00043565407395362854,0.00011593208182603121,21.548987808986567,1.5473749287212237,2482165.0,4627.0,2592.0,True
5,29,9708511311649180147,ML-DSA-87,0.00029909901786595583,0.00035674695391207933,0.00011605396866798401,21.65921644505579,1.5226272919688362,2482164.0,4627.0,2592.0,True
5,29,13763468836585466405,ML-DSA-87,0.0004131409805268049,0.0008497900562360883,0.00010072404984384775,21.583474898012355,1.4685112300772256,2482165.0,4627.0,2592.0,True
5,29,18402706845694348664,ML-DSA-87,0.00019780604634433985,0.00018374808132648468,9.985500946640968e-05,21.746176496031694,1.5354789861094076,2482165.0,4627.0,2592.0,True
5,29,9113304692756718275,ML-DSA-87,0.00024780805688351393,0.00019244092982262373,0.00010284804739058018,10.61254379095044,1.5276242079445348,2482164.0,4627.0,2592.0,True
5,30,9708511311649180147,ML-DSA-87,0.0002734989393502474,0.0002898529637604952,0.00012128299567848444,21.714038370992057,1.5925491050409433,2482164.0,4627.0,2592.0,True
5,30,13763468836585466405,ML-DSA-87,0.00029962603002786636,0.00022145593538880348,0.00012165401130914688,21.805773535044864,1.489379494334943,2482165.0,4627.0,2592.0,True
5,30,18402706845694348664,ML-DSA-87,0.0002984370803460479,0.00019272894132882357,0.00011546106543391943,21.840592794003896,1.5492855041933518,2482165.0,4627.0,2592.0,True
5,30,17115983179730983986,ML-DSA-87,0.0002487029414623976,0.00022653292398899794,0.00010051496792584658,21.81621796800755,1.5487831036884563,2482165.0,4627.0,2592.0,True
5,30,9113304692756718275,ML-DSA-87,0.00025211204774677753,0.0003458940191194415,9.95940063148737e-05,10.622678142040968,1.5648140579747696,2482164.0,4627.0,2592.0,True
