run,round,node_id,scheme,keygen_time,sign_time,verify_time,train_time,train_loss,payload_size,sig_size,pubkey_size,verified
1,1,206097792034578659,ML-DSA-65,0.0016471887938678265,0.0003957650624215603,0.00011707097291946411,22.32860373100266,2.1876198171426693,2482141.0,3309.0,1952.0,True
1,1,8796886025631027285,ML-DSA-65,0.0009969919919967651,0.0003656209446489811,7.9302117228508e-05,22.380050628911704,2.2772869092587844,2482141.0,3309.0,1952.0,True
1,1,18232908833717602403,ML-DSA-65,0.0022060666233301163,0.0003328290767967701,7.448531687259674e-05,22.405128671322018,2.2061385506639084,2482141.0,3309.0,1952.0,True
1,1,15613181677383637208,ML-DSA-65,0.0013208049349486828,0.00040247105062007904,0.00013038469478487968,22.5139546059072,2.122585621885598,2482141.0,3309.0,1952.0,True
1,1,12456872745910739864,ML-DSA-65,0.00018581002950668335,0.00024484796449542046,8.19861888885498e-05,10.698192128911614,2.1667568257060674,2482141.0,3309.0,1952.0,True
1,2,18232908833717602403,ML-DSA-65,0.00027540000155568123,0.00045031867921352386,9.65888611972332e-05,22.268842936959118,2.016578295741218,2482141.0,3309.0,1952.0,True
1,2,8796886025631027285,ML-DSA-65,0.0003412831574678421,0.00022685574367642403,7.603596895933151e-05,22.327929791994393,1.9943314394630944,2482141.0,3309.0,1952.0,True
1,2,15613181677383637208,ML-DSA-65,0.00016701780259609222,0.00019473396241664886,7.98441469669342e-05,22.34773002192378,1.960544511533012,2482141.0,3309.0,1952.0,True
1,2,206097792034578659,ML-DSA-65,0.00016839196905493736,0.00021569989621639252,9.871507063508034e-05,22.39512355485931,2.0052360669492533,2482141.0,3309.0,1952.0,True
1,2,12456872745910739864,ML-DSA-65,0.0001578591763973236,0.0002023349516093731,9.159836918115616e-05,10.638637957628816,1.9934650000672751,2482141.0,3309.0,1952.0,True
1,3,18232908833717602403,ML-DSA-65,0.0002607358619570732,0.00018983613699674606,9.961379691958427e-05,21.980824265629053,1.906774722730009,2482141.0,3309.0,1952.0,True
1,3,206097792034578659,ML-DSA-65,0.00020517222583293915,0.0003073778934776783,8.203322067856789e-05,22.126820258330554,1.8809145414791169,2482141.0,3309.0,1952.0,True
1,3,15613181677383637208,ML-DSA-65,0.00030034594237804413,0.00022490601986646652,9.885989129543304e-05,22.356443386990577,1.917156880275129,2482141.0,3309.0,1952.0,True
1,3,8796886025631027285,ML-DSA-65,0.0002736300230026245,0.0005845031701028347,7.697707042098045e-05,22.332760746125132,1.8594494159229267,2482141.0,3309.0,1952.0,True
1,3,12456872745910739864,ML-DSA-65,0.00023579271510243416,0.00019141193479299545,0.00011487910524010658,10.772817336954176,1.9035819822226088,2482141.0,3309.0,1952.0,True
1,4,15613181677383637208,ML-DSA-65,0.000203670933842659,0.00022626901045441628,8.75992700457573e-05,21.878979521803558,1.842104082290357,2482141.0,3309.0,1952.0,True
1,4,8796886025631027285,ML-DSA-65,0.00020270003005862236,0.00020158570259809494,7.403083145618439e-05,21.960444048047066,1.8130819043412376,2482141.0,3309.0,1952.0,True
1,4,206097792034578659,ML-DSA-65,0.0002180519513785839,0.0002653030678629875,7.060403004288673e-05,21.99707366200164,1.853970095753289,2482141.0,3309.0,1952.0,True
1,4,18232908833717602403,ML-DSA-65,0.00022342009469866753,0.00044807884842157364,7.485318928956985e-05,21.97332680085674,1.861693929940367,2482141.0,3309.0,1952.0,True
1,4,12456872745910739864,ML-DSA-65,0.00015586987137794495,0.00011178897693753242,7.3188915848732e-05,10.832688462920487,1.8637665114082849,2482141.0,3309.0,1952.0,True
1,5,15613181677383637208,ML-DSA-65,0.00022835424169898033,0.00041184015572071075,9.07708890736103e-05,22.005193857941777,1.8236672607854532,2482141.0,3309.0,1952.0,True
1,5,8796886025631027285,ML-DSA-65,0.0003102412447333336,0.0003043343313038349,0.00011948030441999435,22.046601465903223,1.8069007168181788,2482141.0,3309.0,1952.0,True
1,5,18232908833717602403,ML-DSA-65,0.00040519610047340393,0.00028449902310967445,8.18539410829544e-05,22.12934650387615,1.8181079028132625,2482141.0,3309.0,1952.0,True
1,5,206097792034578659,ML-DSA-65,0.00016303127631545067,0.00022145314142107964,7.53132626414299e-05,22.164405868854374,1.8263749074631226,2482141.0,3309.0,1952.0,True
1,5,12456872745910739864,ML-DSA-65,0.00016594817861914635,0.00019440799951553345,7.125409319996834e-05,10.832656888756901,1.8047764499347432,2482141.0,3309.0,1952.0,True
1,6,18232908833717602403,ML-DSA-65,0.00034623686224222183,0.00021978607401251793,9.986991062760353e-05,21.750799510627985,1.8439399971367834,2482141.0,3309.0,1952.0,True
1,6,206097792034578659,ML-DSA-65,0.00034177815541625023,0.000290880911052227,8.051097393035889e-05,21.966280227992684,1.8199357803637228,2482141.0,3309.0,1952.0,True
1,6,15613181677383637208,ML-DSA-65,0.0002865958958864212,0.000265700276941061,0.00012249499559402466,22.0486206789501,1.799477116368449,2482141.0,3309.0,1952.0,True
1,6,8796886025631027285,ML-DSA-65,0.00023923534899950027,0.0003657648339867592,7.387204095721245e-05,22.188710288144648,1.7879391630617574,2482141.0,3309.0,1952.0,True
1,6,12456872745910739864,ML-DSA-65,0.00016845902428030968,0.00014106091111898422,7.206015288829803e-05,10.581928587052971,1.7907116097002365,2482141.0,3309.0,1952.0,True
1,7,206097792034578659,ML-DSA-65,0.000321866013109684,0.00016739685088396072,9.375717490911484e-05,22.980579029768705,1.8471029147553368,2482141.0,3309.0,1952.0,True
1,7,18232908833717602403,ML-DSA-65,0.0002928697504103184,0.0002959328703582287,7.430510595440865e-05,23.07548066508025,1.8149982938370384,2482141.0,3309.0,1952.0,True
1,7,8796886025631027285,ML-DSA-65,0.0003467160277068615,0.0003043878823518753,0.00015073688700795174,23.339473431929946,1.8120496154974064,2482141.0,3309.0,1952.0,True
1,7,15613181677383637208,ML-DSA-65,0.00015230011194944382,0.00022952444851398468,0.0001677148975431919,23.519698591902852,1.7971582507934813,2482141.0,3309.0,1952.0,True
1,7,12456872745910739864,ML-DSA-65,0.0001650182530283928,0.00021919282153248787,7.015513256192207e-05,10.551351520232856,1.8078581513688206,2482141.0,3309.0,1952.0,True
1,8,15613181677383637208,ML-DSA-65,0.0003423350863158703,0.0005936720408499241,0.00011165579780936241,21.60682787792757,1.7644530511892642,2482141.0,3309.0,1952.0,True
1,8,206097792034578659,ML-DSA-65,0.00032964302226901054,0.0004722531884908676,8.201040327548981e-05,21.746576864272356,1.7886346658578696,2482141.0,3309.0,1952.0,True
1,8,18232908833717602403,ML-DSA-65,0.00019010016694664955,0.00033119693398475647,8.015194907784462e-05,21.870079485233873,1.794748703511759,2482141.0,3309.0,1952.0,True
1,8,8796886025631027285,ML-DSA-65,0.00023527070879936218,0.0001693321391940117,7.26599246263504e-05,21.83571936376393,1.81016746458535,2482141.0,3309.0,1952.0,True
1,8,12456872745910739864,ML-DSA-65,0.00015342142432928085,0.00011450005695223808,0.00014757271856069565,10.520097646862268,1.790183159489982,2482141.0,3309.0,1952.0,True
1,9,18232908833717602403,ML-DSA-65,0.00031306827440857887,0.00017457082867622375,9.217904880642891e-05,21.40017404826358,1.7824461482965146,2482141.0,3309.0,1952.0,True
1,9,206097792034578659,ML-DSA-65,0.0002511739730834961,0.00034693675115704536,7.19921663403511e-05,21.60901915607974,1.8103735366949258,2482141.0,3309.0,1952.0,True
1,9,8796886025631027285,ML-DSA-65,0.00027998117730021477,0.0007388577796518803,8.55177640914917e-05,21.659484897274524,1.760490682178412,2482141.0,3309.0,1952.0,True
1,9,15613181677383637208,ML-DSA-65,0.00015722494572401047,0.00015842821449041367,7.872330024838448e-05,21.802958616055548,1.78324812060347,2482141.0,3309.0,1952.0,True
1,9,12456872745910739864,ML-DSA-65,0.00015186285600066185,0.00013267714530229568,7.0211011916399e-05,10.682720974087715,1.7731747269249571,2482141.0,3309.0,1952.0,True
1,10,18232908833717602403,ML-DSA-65,0.0003966139629483223,0.00023526325821876526,9.529432281851768e-05,21.953294581733644,1.7785506598865644,2482141.0,3309.0,1952.0,True
1,10,15613181677383637208,ML-DSA-65,0.00021661678329110146,0.000270686112344265,0.00010134000331163406,22.309883784037083,1.7416975479156445,2482141.0,3309.0,1952.0,True
1,10,206097792034578659,ML-DSA-65,0.0003325706347823143,0.0003665289841592312,7.708929479122162e-05,22.183701816014946,1.7419116417059122,2482141.0,3309.0,1952.0,True
1,10,8796886025631027285,ML-DSA-65,0.0002207597717642784,0.00024457601830363274,7.385620847344398e-05,22.20534277986735,1.7317580872069533,2482141.0,3309.0,1952.0,True
1,10,12456872745910739864,ML-DSA-65,0.00016301870346069336,0.0002669938839972019,7.429718971252441e-05,10.791843661107123,1.7885723989992477,2482141.0,3309.0,1952.0,True
1,11,15613181677383637208,ML-DSA-65,0.0002747229300439358,0.0004887417890131474,0.000143387820571661,22.0623993803747,1.7045921978478233,2482141.0,3309.0,1952.0,True
1,11,8796886025631027285,ML-DSA-65,0.00020880484953522682,0.0005891099572181702,7.966207340359688e-05,22.083161026705056,1.7535970214837657,2482141.0,3309.0,1952.0,True
1,11,18232908833717602403,ML-DSA-65,0.0002420106902718544,0.00016204174607992172,9.337300434708595e-05,22.282612101640552,1.7643121237191148,2482141.0,3309.0,1952.0,True
1,11,206097792034578659,ML-DSA-65,0.00015551084652543068,0.00018058018758893013,7.318565621972084e-05,22.374159514904022,1.7515652785285973,2482141.0,3309.0,1952.0,True
1,11,12456872745910739864,ML-DSA-65,0.00021951599046587944,0.00022127991542220116,0.00010674307122826576,10.721357201226056,1.7126103380617623,2482141.0,3309.0,1952.0,True
1,12,18232908833717602403,ML-DSA-65,0.00015608174726366997,0.0002334960736334324,0.0001019197516143322,21.458026527892798,1.7186009381144953,2482141.0,3309.0,1952.0,True
1,12,206097792034578659,ML-DSA-65,0.0001672389917075634,0.000225782860070467,9.807618334889412e-05,21.496812127996236,1.7396507903028982,2482141.0,3309.0,1952.0,True
1,12,15613181677383637208,ML-DSA-65,0.00023504719138145447,0.0002637510187923908,8.39470885694027e-05,21.696642962750047,1.7106389111985032,2482141.0,3309.0,1952.0,True
1,12,8796886025631027285,ML-DSA-65,0.0001902468502521515,0.0001551266759634018,0.00030520791187882423,21.929322677198797,1.687419816327933,2482141.0,3309.0,1952.0,True
1,12,12456872745910739864,ML-DSA-65,0.00022720405831933022,0.0002284669317305088,8.288165554404259e-05,10.574121601879597,1.7310369467963806,2482141.0,3309.0,1952.0,True
1,13,15613181677383637208,ML-DSA-65,0.00024870503693819046,0.000690133310854435,0.000147166196256876,21.70876898104325,1.684685215020713,2482141.0,3309.0,1952.0,True
1,13,8796886025631027285,ML-DSA-65,0.00042776530608534813,0.00014799367636442184,0.00014754477888345718,21.963656906969845,1.6776620530472777,2482141.0,3309.0,1952.0,True
1,13,206097792034578659,ML-DSA-65,0.0003714039921760559,0.0002638949081301689,0.0001184479333460331,22.01085764495656,1.694476109343215,2482141.0,3309.0,1952.0,True
1,13,18232908833717602403,ML-DSA-65,0.0003687548451125622,0.0006631971336901188,0.00011536898091435432,22.00346322823316,1.757070929859393,2482141.0,3309.0,1952.0,True
1,13,12456872745910739864,ML-DSA-65,0.00016432302072644234,0.00018394924700260162,0.00014837132766842842,10.566483602393419,1.6948448868986137,2482141.0,3309.0,1952.0,True
1,14,206097792034578659,ML-DSA-65,0.00020851194858551025,0.0005451086908578873,0.00010485202074050903,21.543259824160486,1.6976614185034657,2482141.0,3309.0,1952.0,True
1,14,8796886025631027285,ML-DSA-65,0.0003045680932700634,0.0004440867342054844,7.876800373196602e-05,21.575580042786896,1.6522950021603617,2482141.0,3309.0,1952.0,True
1,14,15613181677383637208,ML-DSA-65,0.00023214798420667648,0.00023806001991033554,8.138874545693398e-05,21.91898646298796,1.699528907434628,2482141.0,3309.0,1952.0,True
1,14,18232908833717602403,ML-DSA-65,0.00023839203640818596,0.0002743517979979515,8.101621642708778e-05,22.20670863194391,1.7180679762325348,2482141.0,3309.0,1952.0,True
1,14,12456872745910739864,ML-DSA-65,0.00015095388516783714,0.00019390322268009186,8.008209988474846e-05,10.551579725928605,1.677971502462515,2482141.0,3309.0,1952.0,True
1,15,18232908833717602403,ML-DSA-65,0.00023155007511377335,0.00021264655515551567,9.331805631518364e-05,21.340445458889008,1.7390075754433776,2482141.0,3309.0,1952.0,True
1,15,8796886025631027285,ML-DSA-65,0.0003818958066403866,0.0004167412407696247,8.483882993459702e-05,21.51669096481055,1.6964098161782701,2482141.0,3309.0,1952.0,True
1,15,15613181677383637208,ML-DSA-65,0.00029566697776317596,0.0005156109109520912,7.31470063328743e-05,21.698404566850513,1.6717766847092503,2482141.0,3309.0,1952.0,True
1,15,206097792034578659,ML-DSA-65,0.0001515112817287445,0.00012909388169646263,0.00014651380479335785,21.744033913128078,1.676322256033413,2482141.0,3309.0,1952.0,True
1,15,12456872745910739864,ML-DSA-65,0.0002360292710363865,0.00022325944155454636,7.830513641238213e-05,10.51113553531468,1.714952393461721,2482141.0,3309.0,1952.0,True
1,16,15613181677383637208,ML-DSA-65,0.0002094060182571411,0.00034480681642889977,8.74549150466919e-05,21.737100948113948,1.674499123241193,2482141.0,3309.0,1952.0,True
1,16,8796886025631027285,ML-DSA-65,0.00022994354367256165,0.00024224119260907173,8.632615208625793e-05,22.101229072082788,1.6678134446707777,2482141.0,3309.0,1952.0,True
1,16,206097792034578659,ML-DSA-65,0.00016298890113830566,0.00014922628179192543,9.96151939034462e-05,22.146584440022707,1.6960486828709562,2482141.0,3309.0,1952.0,True
1,16,18232908833717602403,ML-DSA-65,0.0001601330004632473,0.00041656801477074623,7.217330858111382e-05,22.21596976229921,1.7200377170270242,2482141.0,3309.0,1952.0,True
1,16,12456872745910739864,ML-DSA-65,0.00015375996008515358,0.0002493462525308132,7.902970537543297e-05,10.527156927622855,1.6794149940387129,2482141.0,3309.0,1952.0,True
1,17,18232908833717602403,ML-DSA-65,0.0004076361656188965,0.00016672303900122643,8.84062610566616e-05,21.80762366205454,1.676095487972418,2482141.0,3309.0,1952.0,True
1,17,8796886025631027285,ML-DSA-65,0.00022787507623434067,0.00026960577815771103,7.42478296160698e-05,21.987016832921654,1.6572325671442782,2482141.0,3309.0,1952.0,True
1,17,206097792034578659,ML-DSA-65,0.0002186172641813755,0.00019125128164887428,7.111206650733948e-05,22.20197586994618,1.6824146848136243,2482141.0,3309.0,1952.0,True
1,17,15613181677383637208,ML-DSA-65,0.0003668591380119324,0.0007225070148706436,8.661067113280296e-05,22.099936708342284,1.6932068705177916,2482141.0,3309.0,1952.0,True
1,17,12456872745910739864,ML-DSA-65,0.00022868672385811806,0.00016573909670114517,7.023802027106285e-05,10.531538696959615,1.6428739933160166,2482141.0,3309.0,1952.0,True
1,18,18232908833717602403,ML-DSA-65,0.00023883488029241562,0.0002831169404089451,8.861906826496124e-05,21.97318214830011,1.6688864191119281,2482141.0,3309.0,1952.0,True
1,18,206097792034578659,ML-DSA-65,0.00025887973606586456,0.00035919900983572006,0.0002112160436809063,21.973175977822393,1.675357652548403,2482141.0,3309.0,1952.0,True
1,18,8796886025631027285,ML-DSA-65,0.00016078399494290352,0.00020427722483873367,0.0001416429877281189,22.223601669073105,1.6539349102745422,2482141.0,3309.0,1952.0,True
1,18,15613181677383637208,ML-DSA-65,0.00015518628060817719,0.0003673788160085678,0.00011148396879434586,22.454543167725205,1.7054271399022671,2482141.0,3309.0,1952.0,True
1,18,12456872745910739864,ML-DSA-65,0.00015229405835270882,0.00023462902754545212,0.000119050033390522,10.688935945276171,1.6732227455693693,2482141.0,3309.0,1952.0,True
1,19,15613181677383637208,ML-DSA-65,0.0004504183307290077,0.00047852611169219017,0.00011740671470761299,21.767627529799938,1.6392573971337023,2482141.0,3309.0,1952.0,True
1,19,206097792034578659,ML-DSA-65,0.0003139497712254524,0.0001515229232609272,7.526064291596413e-05,21.817491812165827,1.6480029231062332,2482141.0,3309.0,1952.0,True
1,19,8796886025631027285,ML-DSA-65,0.00022843992337584496,0.0002954457886517048,6.961915642023087e-05,22.049335083924234,1.6446024716471712,2482141.0,3309.0,1952.0,True
1,19,18232908833717602403,ML-DSA-65,0.00016768090426921844,0.00042433803901076317,0.00010604178532958031,22.34526982391253,1.6621015574604558,2482141.0,3309.0,1952.0,True
1,19,12456872745910739864,ML-DSA-65,0.00016433000564575195,0.00011616107076406479,7.194839417934418e-05,10.774838821031153,1.6471963800942173,2482141.0,3309.0,1952.0,True
1,20,206097792034578659,ML-DSA-65,0.0004335399717092514,0.00023665325716137886,8.97059217095375e-05,21.55435274215415,1.6424094621365823,2482141.0,3309.0,1952.0,True
1,20,18232908833717602403,ML-DSA-65,0.00023137032985687256,0.0005117440596222878,8.835410699248314e-05,21.77136019896716,1.6747849269416004,2482141.0,3309.0,1952.0,True
1,20,8796886025631027285,ML-DSA-65,0.00022819498553872108,0.0002548028714954853,7.057422772049904e-05,21.895607138983905,1.6098795523658729,2482141.0,3309.0,1952.0,True
1,20,15613181677383637208,ML-DSA-65,0.00018619513139128685,0.0003304420970380306,7.998105138540268e-05,22.143819661810994,1.682133696330622,2482141.0,3309.0,1952.0,True
1,20,12456872745910739864,ML-DSA-65,0.00015274714678525925,0.0001150188036262989,0.00012060301378369331,10.661734705790877,1.6233228536459585,2482141.0,3309.0,1952.0,True
1,21,18232908833717602403,ML-DSA-65,0.00027832528576254845,0.00045635178685188293,8.820462971925735e-05,21.903048548847437,1.6771455237659783,2482141.0,3309.0,1952.0,True
1,21,15613181677383637208,ML-DSA-65,0.00020064227283000946,0.00023550866171717644,7.134489715099335e-05,21.94993006810546,1.6377886708932943,2482141.0,3309.0,1952.0,True
1,21,206097792034578659,ML-DSA-65,0.00021837512031197548,0.0003478536382317543,9.028706699609756e-05,22.129737799987197,1.6384622125199046,2482141.0,3309.0,1952.0,True
1,21,8796886025631027285,ML-DSA-65,0.0001513180322945118,0.00016714585945010185,0.00010275235399603844,22.4213945758529,1.6090317553224656,2482141.0,3309.0,1952.0,True
1,21,12456872745910739864,ML-DSA-65,0.00015246868133544922,0.00017343973740935326,7.27740116417408e-05,10.514804569073021,1.627049879144175,2482141.0,3309.0,1952.0,True
1,22,8796886025631027285,ML-DSA-65,0.00022476399317383766,0.00027191638946533203,9.008077904582024e-05,21.74038887489587,1.5920785052326922,2482141.0,3309.0,1952.0,True
1,22,206097792034578659,ML-DSA-65,0.00020013796165585518,0.0003349459730088711,7.442198693752289e-05,21.845575253944844,1.6157716046126125,2482141.0,3309.0,1952.0,True
1,22,15613181677383637208,ML-DSA-65,0.0004107472486793995,0.000196920707821846,7.320800796151161e-05,22.138521309942007,1.6103300659801252,2482141.0,3309.0,1952.0,True
1,22,18232908833717602403,ML-DSA-65,0.0002571139484643936,0.0002394178882241249,8.952897042036057e-05,22.111540247686207,1.646392018269426,2482141.0,3309.0,1952.0,True
1,22,12456872745910739864,ML-DSA-65,0.00015287520363926888,0.0004417886957526207,8.063297718763351e-05,10.55028049601242,1.6448843269683302,2482141.0,3309.0,1952.0,True
1,23,15613181677383637208,ML-DSA-65,0.00032391585409641266,0.00037724291905760765,0.0001698089763522148,21.6339714769274,1.6125615766634955,2482141.0,3309.0,1952.0,True
1,23,206097792034578659,ML-DSA-65,0.0001543997786939144,0.00014856411144137383,7.123313844203949e-05,21.978072909172624,1.6277674394674575,2482141.0,3309.0,1952.0,True
1,23,8796886025631027285,ML-DSA-65,0.00020309817045927048,0.0006844219751656055,7.249368354678154e-05,21.945523808710277,1.6084215123051653,2482141.0,3309.0,1952.0,True
1,23,18232908833717602403,ML-DSA-65,0.00024307798594236374,0.0005731475539505482,7.331091910600662e-05,21.943483798764646,1.678157555790374,2482141.0,3309.0,1952.0,True
1,23,12456872745910739864,ML-DSA-65,0.0001943269744515419,0.00023470772430300713,9.915605187416077e-05,10.989028905984014,1.619200443688292,2482141.0,3309.0,1952.0,True
1,24,15613181677383637208,ML-DSA-65,0.00024041859433054924,0.0011096620000898838,9.001698344945908e-05,21.80133380414918,1.6056670521775755,2482141.0,3309.0,1952.0,True
1,24,18232908833717602403,ML-DSA-65,0.00016624294221401215,0.00019076699391007423,8.119596168398857e-05,21.904288245830685,1.6577465183818683,2482141.0,3309.0,1952.0,True
1,24,8796886025631027285,ML-DSA-65,0.00015387218445539474,0.0005264072678983212,0.00016464712098240852,22.007001073099673,1.596295914710901,2482141.0,3309.0,1952.0,True
1,24,206097792034578659,ML-DSA-65,0.00015595229342579842,0.0003493987023830414,7.617194205522537e-05,22.154118828009814,1.5987520351196631,2482141.0,3309.0,1952.0,True
1,24,12456872745910739864,ML-DSA-65,0.0002213423140347004,0.0001925160177052021,0.00010538892820477486,10.632040387950838,1.597866522618376,2482141.0,3309.0,1952.0,True
1,25,8796886025631027285,ML-DSA-65,0.00027216458693146706,0.0004017520695924759,9.207520633935928e-05,22.392047225032,1.6298274677782394,2482141.0,3309.0,1952.0,True
1,25,15613181677383637208,ML-DSA-65,0.00039476435631513596,0.00042558880522847176,0.000309051014482975,22.71150355786085,1.6461240974858926,2482141.0,3309.0,1952.0,True
1,25,18232908833717602403,ML-DSA-65,0.0002331230789422989,0.0003114528954029083,0.00011040689423680305,22.806335282046348,1.6677540567355416,2482141.0,3309.0,1952.0,True
1,25,206097792034578659,ML-DSA-65,0.00024739978834986687,0.00018965639173984528,9.146612137556076e-05,22.84468350512907,1.6101625357953886,2482141.0,3309.0,1952.0,True
1,25,12456872745910739864,ML-DSA-65,0.00021810969337821007,0.0002618799917399883,0.0001119500957429409,10.978672670666128,1.6412297885257976,2482141.0,3309.0,1952.0,True
1,26,18232908833717602403,ML-DSA-65,0.0002636006101965904,0.0002520461566746235,9.346101433038712e-05,21.60889511136338,1.6424494932253901,2482141.0,3309.0,1952.0,True
1,26,8796886025631027285,ML-DSA-65,0.00023053167387843132,0.00037327781319618225,9.641796350479126e-05,22.008741070050746,1.5704300563556317,2482141.0,3309.0,1952.0,True
1,26,15613181677383637208,ML-DSA-65,0.00017626211047172546,0.00015039509162306786,0.0001074732281267643,22.15406381804496,1.6241333042851651,2482141.0,3309.0,1952.0,True
1,26,206097792034578659,ML-DSA-65,0.00024111894890666008,0.0003990139812231064,8.91340896487236e-05,22.162464837078005,1.604929574190999,2482141.0,3309.0,1952.0,True
1,26,12456872745910739864,ML-DSA-65,0.00023281155154109,0.00029113003984093666,7.361313328146935e-05,10.58287281030789,1.6422569888849228,2482141.0,3309.0,1952.0,True
1,27,206097792034578659,ML-DSA-65,0.00025021471083164215,0.0005943127907812595,9.349919855594635e-05,21.637050616089255,1.5919841348934478,2482141.0,3309.0,1952.0,True
1,27,18232908833717602403,ML-DSA-65,0.0002262885682284832,0.00029389141127467155,7.245689630508423e-05,21.962246862705797,1.6179349487201093,2482141.0,3309.0,1952.0,True
1,27,15613181677383637208,ML-DSA-65,0.0002870396710932255,0.000341982115060091,7.473304867744446e-05,22.1578290713951,1.5810104932267064,2482141.0,3309.0,1952.0,True
1,27,8796886025631027285,ML-DSA-65,0.0001621483825147152,0.00030154595151543617,0.00016643758863210678,22.14573616767302,1.5544581893153084,2482141.0,3309.0,1952.0,True
1,27,12456872745910739864,ML-DSA-65,0.0002302243374288082,0.0004130597226321697,7.066270336508751e-05,10.718364076688886,1.6031606566791716,2482141.0,3309.0,1952.0,True
1,28,15613181677383637208,ML-DSA-65,0.00020753685384988785,0.00023756688460707664,0.00010448507964611053,21.194887720048428,1.6349431123977272,2482141.0,3309.0,1952.0,True
1,28,18232908833717602403,ML-DSA-65,0.00031257281079888344,0.000508469995111227,9.831413626670837e-05,21.872019819915295,1.6444327659881153,2482141.0,3309.0,1952.0,True
1,28,206097792034578659,ML-DSA-65,0.000451801810413599,0.0003580166958272457,8.6161307990551e-05,21.990186920389533,1.6015012631781946,2482141.0,3309.0,1952.0,True
1,28,8796886025631027285,ML-DSA-65,0.0002396279014647007,0.00020622694864869118,9.776093065738678e-05,22.089364598039538,1.581897800722823,2482141.0,3309.0,1952.0,True
1,28,12456872745910739864,ML-DSA-65,0.00015750806778669357,0.00013293232768774033,0.00010881712660193443,10.705337109044194,1.5817648006704288,2482141.0,3309.0,1952.0,True
1,29,8796886025631027285,ML-DSA-65,0.0003440040163695812,0.0005438020452857018,9.017577394843102e-05,21.70762589527294,1.592179297448728,2482141.0,3309.0,1952.0,True
1,29,15613181677383637208,ML-DSA-65,0.00033312197774648666,0.0005402900278568268,0.0001362818293273449,21.70934910699725,1.5643403299700338,2482141.0,3309.0,1952.0,True
1,29,18232908833717602403,ML-DSA-65,0.00015336321666836739,0.0003455132246017456,0.00014592288061976433,22.00372455921024,1.6072312566799858,2482141.0,3309.0,1952.0,True
1,29,206097792034578659,ML-DSA-65,0.00015741679817438126,0.00017499132081866264,7.549673318862915e-05,22.13172055967152,1.6002071581709498,2482141.0,3309.0,1952.0,True
1,29,12456872745910739864,ML-DSA-65,0.0001522931270301342,0.0001947963610291481,7.904181256890297e-05,10.556042268872261,1.6201837081878712,2482141.0,3309.0,1952.0,True
1,30,18232908833717602403,ML-DSA-65,0.0003804471343755722,0.0005315220914781094,0.00010202499106526375,21.60356088168919,1.5997436377948846,2482141.0,3309.0,1952.0,True
1,30,206097792034578659,ML-DSA-65,0.00015251431614160538,0.00016356119886040688,0.00010080868378281593,21.975487445946783,1.6014228899258014,2482141.0,3309.0,1952.0,True
1,30,15613181677383637208,ML-DSA-65,0.00021887337788939476,0.00033354898914694786,0.00016860803589224815,21.767559157684445,1.562903559817293,2482141.0,3309.0,1952.0,True
1,30,8796886025631027285,ML-DSA-65,0.00030727311968803406,0.000235825777053833,7.605785503983498e-05,21.867938595358282,1.5915379337609386,2482141.0,3309.0,1952.0,True
1,30,12456872745910739864,ML-DSA-65,0.000154928769916296,0.00014321878552436829,7.430417463183403e-05,10.78721103304997,1.597678906620501,2482141.0,3309.0,1952.0,True
1,31,206097792034578659,ML-DSA-65,0.00043954094871878624,0.00038873497396707535,9.772507473826408e-05,22.204393988009542,1.5887730399640605,2482141.0,3309.0,1952.0,True
1,31,18232908833717602403,ML-DSA-65,0.00034139910712838173,0.0002260967157781124,7.538357749581337e-05,22.161699132062495,1.5682552736788131,2482141.0,3309.0,1952.0,True
1,31,15613181677383637208,ML-DSA-65,0.0003424929454922676,0.0005299728363752365,9.210966527462006e-05,22.29214520798996,1.579070210266418,2482141.0,3309.0,1952.0,True
1,31,8796886025631027285,ML-DSA-65,0.00040558306500315666,0.00022394582629203796,7.561501115560532e-05,22.30466552777216,1.5747502986996318,2482141.0,3309.0,1952.0,True
1,31,12456872745910739864,ML-DSA-65,0.0001553799957036972,0.00030295923352241516,7.171323522925377e-05,10.532140602823347,1.581186458706475,2482141.0,3309.0,1952.0,True
1,32,18232908833717602403,ML-DSA-65,0.00015412131324410439,0.0005331500433385372,9.200675413012505e-05,21.89051155699417,1.5789879975608363,2482141.0,3309.0,1952.0,True
1,32,8796886025631027285,ML-DSA-65,0.0001707775518298149,0.000199219211935997,7.383013144135475e-05,22.216607114765793,1.5795802986279082,2482141.0,3309.0,1952.0,True
1,32,15613181677383637208,ML-DSA-65,0.0001590317115187645,0.0001727812923491001,7.380405440926552e-05,22.275515512097627,1.5893790398162013,2482141.0,3309.0,1952.0,True
1,32,206097792034578659,ML-DSA-65,0.00015973299741744995,0.00017211493104696274,0.00010098004713654518,22.35604158276692,1.6005253557579966,2482141.0,3309.0,1952.0,True
1,32,12456872745910739864,ML-DSA-65,0.00015746010467410088,0.00010854192078113556,8.305907249450684e-05,11.018994826823473,1.5792973209112977,2482141.0,3309.0,1952.0,True
1,33,206097792034578659,ML-DSA-65,0.00030541419982910156,0.00027803564444184303,0.00013004709035158157,21.656384595669806,1.5797550026981975,2482141.0,3309.0,1952.0,True
1,33,18232908833717602403,ML-DSA-65,0.00017444882541894913,0.00020822230726480484,7.30990432202816e-05,21.912046725861728,1.6040146872639276,2482141.0,3309.0,1952.0,True
1,33,8796886025631027285,ML-DSA-65,0.00027765193954110146,0.0002112588845193386,7.315818220376968e-05,21.93391417618841,1.558890257399684,2482141.0,3309.0,1952.0,True
1,33,15613181677383637208,ML-DSA-65,0.00021764403209090233,0.0003191591240465641,7.352279499173164e-05,22.02154424181208,1.5465654786021565,2482141.0,3309.0,1952.0,True
1,33,12456872745910739864,ML-DSA-65,0.00021719513460993767,0.00015328079462051392,8.755363523960114e-05,10.54565795371309,1.562830557076695,2482141.0,3309.0,1952.0,True
1,34,18232908833717602403,ML-DSA-65,0.00029702531173825264,0.00044874101877212524,9.566685184836388e-05,21.759057777002454,1.6209279732963147,2482141.0,3309.0,1952.0,True
1,34,8796886025631027285,ML-DSA-65,0.0002904520370066166,0.0002904227003455162,7.41160474717617e-05,22.065224437974393,1.5926768044694164,2482141.0,3309.0,1952.0,True
1,34,206097792034578659,ML-DSA-65,0.0001525389961898327,0.00026925094425678253,7.926812395453453e-05,22.274569287896156,1.5789747710426014,2482141.0,3309.0,1952.0,True
1,34,15613181677383637208,ML-DSA-65,0.00018907897174358368,0.0003931350074708462,7.27679580450058e-05,22.2807910121046,1.567450829207326,2482141.0,3309.0,1952.0,True
1,34,12456872745910739864,ML-DSA-65,0.00015120906755328178,0.00030323490500450134,7.135793566703796e-05,10.645078567788005,1.5835374397591662,2482141.0,3309.0,1952.0,True
1,35,206097792034578659,ML-DSA-65,0.0002945731393992901,0.0005350005812942982,0.000289243645966053,21.945895267184824,1.5888519766993416,2482141.0,3309.0,1952.0,True
1,35,18232908833717602403,ML-DSA-65,0.00044987117871642113,0.0006342600099742413,9.112618863582611e-05,22.007580340839922,1.6163968495286691,2482141.0,3309.0,1952.0,True
1,35,15613181677383637208,ML-DSA-65,0.00020508421584963799,0.0002583283931016922,7.289927452802658e-05,22.04893726715818,1.5963927376003693,2482141.0,3309.0,1952.0,True
1,35,8796886025631027285,ML-DSA-65,0.00019664084538817406,0.00025286106392741203,7.067574188113213e-05,22.0664264280349,1.5243108613422502,2482141.0,3309.0,1952.0,True
1,35,12456872745910739864,ML-DSA-65,0.00021894881501793861,0.00026384321972727776,0.00011196127161383629,10.602583050262183,1.6379262627884983,2482141.0,3309.0,1952.0,True
1,36,15613181677383637208,ML-DSA-65,0.000470481812953949,0.0006192270666360855,8.948706090450287e-05,21.777214550878853,1.5631982345169726,2482141.0,3309.0,1952.0,True
1,36,8796886025631027285,ML-DSA-65,0.000358083751052618,0.0005852929316461086,7.126620039343834e-05,21.84388738591224,1.5447261234441885,2482141.0,3309.0,1952.0,True
1,36,18232908833717602403,ML-DSA-65,0.0003622472286224365,0.0007979059591889381,9.49581153690815e-05,21.958413979038596,1.6123809357420704,2482141.0,3309.0,1952.0,True
1,36,206097792034578659,ML-DSA-65,0.00023369817063212395,0.00022671883925795555,9.456416592001915e-05,22.115242411848158,1.556845041128774,2482141.0,3309.0,1952.0,True
1,36,12456872745910739864,ML-DSA-65,0.000149422325193882,0.0001246337778866291,7.471209391951561e-05,10.490419928915799,1.5331933344134128,2482141.0,3309.0,1952.0,True
1,37,15613181677383637208,ML-DSA-65,0.0003196881152689457,0.00037415092810988426,0.0003206399269402027,22.186612576711923,1.5753390849969637,2482141.0,3309.0,1952.0,True
1,37,8796886025631027285,ML-DSA-65,0.00023500435054302216,0.0008864649571478367,7.973611354827881e-05,22.311418052297086,1.633944155499577,2482141.0,3309.0,1952.0,True
1,37,206097792034578659,ML-DSA-65,0.0002010120078921318,0.00013797124847769737,9.980471804738045e-05,22.392736211884767,1.5730304759912217,2482141.0,3309.0,1952.0,True
1,37,18232908833717602403,ML-DSA-65,0.00023140991106629372,0.0002452889457345009,8.549774065613747e-05,22.393300605006516,1.6430452410786296,2482141.0,3309.0,1952.0,True
1,37,12456872745910739864,ML-DSA-65,0.00015103397890925407,0.00014593079686164856,9.263493120670319e-05,10.547770354896784,1.602066547725909,2482141.0,3309.0,1952.0,True
1,38,15613181677383637208,ML-DSA-65,0.00035603996366262436,0.0006411499343812466,9.512808173894882e-05,22.261170496232808,1.6122460801380512,2482141.0,3309.0,1952.0,True
1,38,206097792034578659,ML-DSA-65,0.00024754786863923073,0.00023747095838189125,7.144222036004066e-05,22.24117397610098,1.5454890322380554,2482141.0,3309.0,1952.0,True
1,38,8796886025631027285,ML-DSA-65,0.00021695485338568687,0.0003068661317229271,0.00012494390830397606,22.401285318192095,1.554045970257098,2482141.0,3309.0,1952.0,True
1,38,18232908833717602403,ML-DSA-65,0.00022733910009264946,0.0007267366163432598,7.50063918530941e-05,22.37717496883124,1.5843921871231006,2482141.0,3309.0,1952.0,True
1,38,12456872745910739864,ML-DSA-65,0.00021716579794883728,0.00016167713329195976,8.779671043157578e-05,10.68768209265545,1.5900362196821756,2482141.0,3309.0,1952.0,True
1,39,15613181677383637208,ML-DSA-65,0.00019318517297506332,0.0003072628751397133,9.956210851669312e-05,21.674921974074095,1.5556748254230608,2482141.0,3309.0,1952.0,True
1,39,8796886025631027285,ML-DSA-65,0.0003193751908838749,0.0005597812123596668,7.346132770180702e-05,21.731081226840615,1.5646414724401772,2482141.0,3309.0,1952.0,True
1,39,18232908833717602403,ML-DSA-65,0.0002270340919494629,0.0003610076382756233,7.222592830657959e-05,21.874505295883864,1.5758076810989137,2482141.0,3309.0,1952.0,True
1,39,206097792034578659,ML-DSA-65,0.00021698884665966034,0.00018222816288471222,7.116841152310371e-05,21.962276497855783,1.5736865327000238,2482141.0,3309.0,1952.0,True
1,39,12456872745910739864,ML-DSA-65,0.0001595187932252884,0.00014140689745545387,7.316702976822853e-05,10.488704359158874,1.5480310949273766,2482141.0,3309.0,1952.0,True
1,40,206097792034578659,ML-DSA-65,0.00024423981085419655,0.0004142541438341141,0.00013084569945931435,22.948852614033967,1.581638066722943,2482141.0,3309.0,1952.0,True
1,40,15613181677383637208,ML-DSA-65,0.0003192601725459099,0.0005101901479065418,0.00013245316222310066,23.267300811130553,1.539330024307909,2482141.0,3309.0,1952.0,True
1,40,8796886025631027285,ML-DSA-65,0.000350418034940958,0.000292761716991663,0.00015232525765895844,23.403293859679252,1.5192599883094764,2482141.0,3309.0,1952.0,True
1,40,18232908833717602403,ML-DSA-65,0.00017493870109319687,0.000274111982434988,8.639087900519371e-05,23.493777308613062,1.593871807899719,2482141.0,3309.0,1952.0,True
1,40,12456872745910739864,ML-DSA-65,0.0001591700129210949,0.0001160530373454094,8.240807801485062e-05,10.811997533775866,1.5295061090122015,2482141.0,3309.0,1952.0,True
1,41,18232908833717602403,ML-DSA-65,0.0004412839189171791,0.00015585310757160187,8.952710777521133e-05,21.73287859093398,1.697468548156202,2482141.0,3309.0,1952.0,True
1,41,15613181677383637208,ML-DSA-65,0.00033900002017617226,0.0010760379955172539,0.00016114069148898125,22.040605548769236,1.5416689922634406,2482141.0,3309.0,1952.0,True
1,41,206097792034578659,ML-DSA-65,0.0001709088683128357,0.00020064739510416985,0.00011608283966779709,22.192004193086177,1.5662842750930177,2482141.0,3309.0,1952.0,True
1,41,8796886025631027285,ML-DSA-65,0.00014834338799118996,0.0002654106356203556,8.655386045575142e-05,22.285213710274547,1.52902650947388,2482141.0,3309.0,1952.0,True
1,41,12456872745910739864,ML-DSA-65,0.0001513790339231491,0.0002158018760383129,8.543720468878746e-05,10.776507948990911,1.5757995447792565,2482141.0,3309.0,1952.0,True
1,42,15613181677383637208,ML-DSA-65,0.0007329131476581097,0.0006933622062206268,0.00012474413961172104,21.84471659688279,1.5389530706329468,2482141.0,3309.0,1952.0,True
1,42,18232908833717602403,ML-DSA-65,0.00022780802100896835,0.00019409507513046265,0.00010650325566530228,22.11871125129983,1.5767109786359648,2482141.0,3309.0,1952.0,True
1,42,206097792034578659,ML-DSA-65,0.0005168570205569267,0.0005751149728894234,7.520662620663643e-05,22.076472077984363,1.5714095282478455,2482141.0,3309.0,1952.0,True
1,42,8796886025631027285,ML-DSA-65,0.00030804798007011414,0.0004706205800175667,9.155087172985077e-05,22.103690966032445,1.5038493427986535,2482141.0,3309.0,1952.0,True
1,42,12456872745910739864,ML-DSA-65,0.00015279091894626617,0.00012390874326229095,7.392698898911476e-05,10.609083087183535,1.5906406481045123,2482141.0,3309.0,1952.0,True
1,43,8796886025631027285,ML-DSA-65,0.000229008961468935,0.00023486698046326637,8.967379108071327e-05,21.987649492919445,1.5202058431820367,2482141.0,3309.0,1952.0,True
1,43,206097792034578659,ML-DSA-65,0.0002473611384630203,0.0004635872319340706,8.236803114414215e-05,22.041723294183612,1.5643192108827657,2482141.0,3309.0,1952.0,True
1,43,18232908833717602403,ML-DSA-65,0.00016067596152424812,0.00023712310940027237,7.038097828626633e-05,22.223998232744634,1.590138814700678,2482141.0,3309.0,1952.0,True
1,43,15613181677383637208,ML-DSA-65,0.00016618194058537483,0.00027022603899240494,0.00011068163439631462,22.229124358855188,1.5808941323917134,2482141.0,3309.0,1952.0,True
1,43,12456872745910739864,ML-DSA-65,0.000151011161506176,0.000289310235530138,8.491799235343933e-05,10.800224456936121,1.541944644512079,2482141.0,3309.0,1952.0,True
1,44,206097792034578659,ML-DSA-65,0.00038560526445508003,0.00037859566509723663,0.00011167116463184357,21.275178746320307,1.5224166438221551,2482141.0,3309.0,1952.0,True
1,44,8796886025631027285,ML-DSA-65,0.0003415169194340706,0.0005997810512781143,0.00011267885565757751,21.503324278164655,1.5290919321413619,2482141.0,3309.0,1952.0,True
1,44,15613181677383637208,ML-DSA-65,0.0004917113110423088,0.0005580228753387928,9.68719832599163e-05,21.8259058999829,1.5161531276215379,2482141.0,3309.0,1952.0,True
1,44,18232908833717602403,ML-DSA-65,0.0002569998614490032,0.00035786302760243416,0.00011947378516197205,21.95078111020848,1.5853695446690812,2482141.0,3309.0,1952.0,True
1,44,12456872745910739864,ML-DSA-65,0.00022653117775917053,0.00021356577053666115,7.527600973844528e-05,10.705093166790903,1.533246737509109,2482141.0,3309.0,1952.0,True
1,45,15613181677383637208,ML-DSA-65,0.00033899303525686264,0.0008180961012840271,0.00010292325168848038,21.70125642698258,1.5424841638571156,2482141.0,3309.0,1952.0,True
1,45,8796886025631027285,ML-DSA-65,0.0002349652349948883,0.00033040111884474754,0.00010914821177721024,21.976762984879315,1.5303362021430993,2482141.0,3309.0,1952.0,True
1,45,206097792034578659,ML-DSA-65,0.0002016793005168438,0.00018292199820280075,0.0001250612549483776,21.950524215120822,1.5256359944709192,2482141.0,3309.0,1952.0,True
1,45,18232908833717602403,ML-DSA-65,0.00015145400539040565,0.00026902463287115097,0.00011673616245388985,22.04116450017318,1.5612721873548465,2482141.0,3309.0,1952.0,True
1,45,12456872745910739864,ML-DSA-65,0.00015222188085317612,0.00015710294246673584,0.00011773593723773956,10.58884741505608,1.549234903848971,2482141.0,3309.0,1952.0,True
1,46,8796886025631027285,ML-DSA-65,0.00019910093396902084,0.0010086609981954098,0.00016303220763802528,21.899833688978106,1.4751154370963002,2482141.0,3309.0,1952.0,True
1,46,15613181677383637208,ML-DSA-65,0.00033602630719542503,0.0003527817316353321,0.00011045718565583229,22.036768774036318,1.534378293984995,2482141.0,3309.0,1952.0,True
1,46,206097792034578659,ML-DSA-65,0.00026497524231672287,0.0008095679804682732,9.143725037574768e-05,21.94670299626887,1.5761294858143353,2482141.0,3309.0,1952.0,True
1,46,18232908833717602403,ML-DSA-65,0.00015672994777560234,0.00027597323060035706,7.809977978467941e-05,22.106962298043072,1.5915693054183984,2482141.0,3309.0,1952.0,True
1,46,12456872745910739864,ML-DSA-65,0.00021888362243771553,0.0005298652686178684,8.313171565532684e-05,10.52170086093247,1.5586034811723728,2482141.0,3309.0,1952.0,True
1,47,18232908833717602403,ML-DSA-65,0.0002882969565689564,0.0005117999389767647,8.90376977622509e-05,21.620898513123393,1.5420196382001565,2482141.0,3309.0,1952.0,True
1,47,8796886025631027285,ML-DSA-65,0.00028700893744826317,0.00018391013145446777,7.223617285490036e-05,21.768901193980128,1.5748203653877917,2482141.0,3309.0,1952.0,True
1,47,15613181677383637208,ML-DSA-65,0.0002161380834877491,0.0002866918221116066,0.00014573335647583008,21.862980851437896,1.5705834339601925,2482141.0,3309.0,1952.0,True
1,47,206097792034578659,ML-DSA-65,0.0002189893275499344,0.00018192175775766373,8.756294846534729e-05,21.814172849059105,1.5587691177194491,2482141.0,3309.0,1952.0,True
1,47,12456872745910739864,ML-DSA-65,0.00014808401465415955,0.0002315291203558445,7.351208478212357e-05,10.459021063055843,1.5173779935501635,2482141.0,3309.0,1952.0,True
1,48,18232908833717602403,ML-DSA-65,0.00021831411868333817,0.00015933113172650337,0.00011460203677415848,21.493611583020538,1.585376969922465,2482141.0,3309.0,1952.0,True
1,48,15613181677383637208,ML-DSA-65,0.0001545250415802002,0.0002359943464398384,7.02887773513794e-05,21.640626635868102,1.6175733981802822,2482141.0,3309.0,1952.0,True
1,48,8796886025631027285,ML-DSA-65,0.00027748337015509605,0.00024117622524499893,7.110973820090294e-05,21.669215958099812,1.5149920695125105,2482141.0,3309.0,1952.0,True
1,48,206097792034578659,ML-DSA-65,0.00015293434262275696,0.00014958065003156662,7.107900455594063e-05,21.856947099789977,1.4961319600050442,2482141.0,3309.0,1952.0,True
1,48,12456872745910739864,ML-DSA-65,0.00021844077855348587,0.00015087192878127098,0.0001140260137617588,10.664764525834471,1.5513195429747098,2482141.0,3309.0,1952.0,True
1,49,18232908833717602403,ML-DSA-65,0.000340145081281662,0.0003935941495001316,9.132595732808113e-05,21.53226359281689,1.567954514735042,2482141.0,3309.0,1952.0,True
1,49,15613181677383637208,ML-DSA-65,0.0002875751815736294,0.0004923632368445396,7.254583761096e-05,21.562773608602583,1.5272179575392995,2482141.0,3309.0,1952.0,True
1,49,206097792034578659,ML-DSA-65,0.00023756502196192741,0.0002272087149322033,7.227202877402306e-05,21.74198259226978,1.533889318426577,2482141.0,3309.0,1952.0,True
1,49,8796886025631027285,ML-DSA-65,0.00022974703460931778,0.000614440068602562,7.579568773508072e-05,21.779631494078785,1.4858359401218426,2482141.0,3309.0,1952.0,True
1,49,12456872745910739864,ML-DSA-65,0.00015207286924123764,0.00013600895181298256,7.395073771476746e-05,10.73173729237169,1.5662476829827403,2482141.0,3309.0,1952.0,True
1,50,15613181677383637208,ML-DSA-65,0.00021422002464532852,0.00017693312838673592,8.824700489640236e-05,21.765866256318986,1.5690286292816504,2482141.0,3309.0,1952.0,True
1,50,206097792034578659,ML-DSA-65,0.00024185236543416977,0.0007552891038358212,8.89291986823082e-05,21.828293515834957,1.5322071970842135,2482141.0,3309.0,1952.0,True
1,50,8796886025631027285,ML-DSA-65,0.00022203335538506508,0.0003464440815150738,7.663480937480927e-05,21.92266326257959,1.4976657661386192,2482141.0,3309.0,1952.0,True
1,50,18232908833717602403,ML-DSA-65,0.0002040569670498371,0.00033871037885546684,8.17752443253994e-05,21.922906866297126,1.545256226588362,2482141.0,3309.0,1952.0,True
1,50,12456872745910739864,ML-DSA-65,0.00021776137873530388,0.0001838221214711666,7.740780711174011e-05,10.536435570567846,1.4911214132278492,2482141.0,3309.0,1952.0,True
2,1,5012823317865825494,ML-DSA-65,0.001916246023029089,0.0006076740100979805,0.00013255001977086067,22.000709208194166,2.226150233524676,2482141.0,3309.0,1952.0,True
2,1,12357172637582064285,ML-DSA-65,0.0015699369832873344,0.0004936791956424713,8.877459913492203e-05,22.118489425163716,2.180561097285237,2482141.0,3309.0,1952.0,True
2,1,7197081026895266089,ML-DSA-65,0.0015648561529815197,0.0002824789844453335,8.2407146692276e-05,22.21409427188337,nan,2482141.0,3309.0,1952.0,True
2,1,16931297726745407280,ML-DSA-65,0.0009707408025860786,0.00020001502707600594,0.00011724792420864105,22.431868582963943,2.229840654534654,2482141.0,3309.0,1952.0,True
2,1,16998995891189380340,ML-DSA-65,0.0001566787250339985,0.0007249428890645504,8.86707566678524e-05,10.599980848375708,2.1013290619316956,2482141.0,3309.0,1952.0,True
2,2,5012823317865825494,ML-DSA-65,0.0002340259961783886,0.0003783660940825939,9.483098983764648e-05,21.556712109129876,nan,2482141.0,3309.0,1952.0,True
2,2,16931297726745407280,ML-DSA-65,0.00037856120616197586,0.0002644173800945282,8.08127224445343e-05,21.814561361446977,nan,2482141.0,3309.0,1952.0,True
2,2,12357172637582064285,ML-DSA-65,0.00020535383373498917,0.00032513774931430817,8.570076897740364e-05,21.918910501990467,nan,2482141.0,3309.0,1952.0,True
2,2,7197081026895266089,ML-DSA-65,0.0002355067990720272,0.00022505689412355423,0.00010029971599578857,21.89851000579074,nan,2482141.0,3309.0,1952.0,True
2,2,16998995891189380340,ML-DSA-65,0.00017992081120610237,0.0002965531311929226,8.120806887745857e-05,10.365936766378582,nan,2482141.0,3309.0,1952.0,True
2,3,16931297726745407280,ML-DSA-65,0.0002675452269613743,0.00026666605845093727,9.434390813112259e-05,21.53400861704722,nan,2482141.0,3309.0,1952.0,True
2,3,7197081026895266089,ML-DSA-65,0.00023754825815558434,0.0004051267169415951,7.323222234845161e-05,21.587925693020225,nan,2482141.0,3309.0,1952.0,True
2,3,5012823317865825494,ML-DSA-65,0.0001734900288283825,0.0002852827310562134,7.916521281003952e-05,21.740190885029733,nan,2482141.0,3309.0,1952.0,True
2,3,12357172637582064285,ML-DSA-65,0.0002873847261071205,0.00026027997955679893,0.00012181419879198074,21.725705764256418,nan,2482141.0,3309.0,1952.0,True
2,3,16998995891189380340,ML-DSA-65,0.00015866383910179138,0.00012941006571054459,9.83038917183876e-05,10.379646374844015,nan,2482141.0,3309.0,1952.0,True
2,4,5012823317865825494,ML-DSA-65,0.0002309870906174183,0.00048647215589880943,0.00010517006739974022,21.370366784743965,nan,2482141.0,3309.0,1952.0,True
2,4,12357172637582064285,ML-DSA-65,0.00033983029425144196,0.0003754780627787113,8.062506094574928e-05,21.487879082094878,nan,2482141.0,3309.0,1952.0,True
2,4,7197081026895266089,ML-DSA-65,0.00043451879173517227,0.0009925276972353458,7.553678005933762e-05,21.466216777916998,nan,2482141.0,3309.0,1952.0,True
2,4,16931297726745407280,ML-DSA-65,0.00024102302268147469,0.0002692318521440029,8.484022691845894e-05,21.53238149220124,nan,2482141.0,3309.0,1952.0,True
2,4,16998995891189380340,ML-DSA-65,0.00015317508950829506,0.00018309801816940308,8.028512820601463e-05,10.268829159904271,nan,2482141.0,3309.0,1952.0,True
2,5,16931297726745407280,ML-DSA-65,0.00033606821671128273,0.00028173625469207764,0.0002830401062965393,21.351587316952646,nan,2482141.0,3309.0,1952.0,True
2,5,5012823317865825494,ML-DSA-65,0.00021129008382558823,0.00015374505892395973,8.119689300656319e-05,21.432220293208957,nan,2482141.0,3309.0,1952.0,True
2,5,7197081026895266089,ML-DSA-65,0.0002593989484012127,0.00022710487246513367,7.343431934714317e-05,21.805534573737532,nan,2482141.0,3309.0,1952.0,True
2,5,12357172637582064285,ML-DSA-65,0.0002327808178961277,0.00022611860185861588,8.209282532334328e-05,21.67653168225661,nan,2482141.0,3309.0,1952.0,True
2,5,16998995891189380340,ML-DSA-65,0.00016308575868606567,0.00011886702850461006,9.551690891385078e-05,10.79262316506356,nan,2482141.0,3309.0,1952.0,True
2,6,16931297726745407280,ML-DSA-65,0.00020860787481069565,0.00023025693371891975,7.387576624751091e-05,21.551018451806158,nan,2482141.0,3309.0,1952.0,True
2,6,5012823317865825494,ML-DSA-65,0.0004533766768872738,0.0007398789748549461,0.00010418565943837166,21.510788754094392,nan,2482141.0,3309.0,1952.0,True
2,6,7197081026895266089,ML-DSA-65,0.00027360208332538605,0.00031537190079689026,7.39111565053463e-05,21.457361766137183,nan,2482141.0,3309.0,1952.0,True
2,6,12357172637582064285,ML-DSA-65,0.0001542852260172367,0.00021153315901756287,9.52770933508873e-05,21.580294013023376,nan,2482141.0,3309.0,1952.0,True
2,6,16998995891189380340,ML-DSA-65,0.0001590978354215622,0.0002110060304403305,7.295282557606697e-05,10.470994770992547,nan,2482141.0,3309.0,1952.0,True
2,7,16931297726745407280,ML-DSA-65,0.00033795228227972984,0.00031535420566797256,7.609603926539421e-05,21.969869943335652,nan,2482141.0,3309.0,1952.0,True
2,7,7197081026895266089,ML-DSA-65,0.0004739849828183651,0.00031168200075626373,7.37849622964859e-05,21.93409747397527,nan,2482141.0,3309.0,1952.0,True
2,7,5012823317865825494,ML-DSA-65,0.0003179330378770828,0.00026308977976441383,7.252302020788193e-05,22.105662296991795,nan,2482141.0,3309.0,1952.0,True
2,7,12357172637582064285,ML-DSA-65,0.00022435327991843224,0.000203058123588562,7.416261360049248e-05,22.436925717629492,nan,2482141.0,3309.0,1952.0,True
2,7,16998995891189380340,ML-DSA-65,0.0001709219068288803,0.00017428724095225334,7.593119516968727e-05,10.604667749255896,nan,2482141.0,3309.0,1952.0,True
2,8,12357172637582064285,ML-DSA-65,0.0002866988070309162,0.0005725817754864693,8.67568887770176e-05,21.353042081929743,nan,2482141.0,3309.0,1952.0,True
2,8,16931297726745407280,ML-DSA-65,0.00024951621890068054,0.0003828299231827259,0.00010350998491048813,21.592458826955408,nan,2482141.0,3309.0,1952.0,True
2,8,7197081026895266089,ML-DSA-65,0.0002794354222714901,0.00040233274921774864,9.784288704395294e-05,21.503722640220076,nan,2482141.0,3309.0,1952.0,True
2,8,5012823317865825494,ML-DSA-65,0.00025588227435946465,0.00040939636528491974,0.00010589975863695145,21.592111113946885,nan,2482141.0,3309.0,1952.0,True
2,8,16998995891189380340,ML-DSA-65,0.00015443237498402596,0.0001325584016740322,0.00011618109419941902,10.581679918803275,nan,2482141.0,3309.0,1952.0,True
2,9,12357172637582064285,ML-DSA-65,0.00030488288030028343,0.0002535460516810417,8.643604815006256e-05,21.48335779318586,nan,2482141.0,3309.0,1952.0,True
2,9,16931297726745407280,ML-DSA-65,0.0006004651077091694,0.00030543189495801926,7.280101999640465e-05,21.847811485175043,nan,2482141.0,3309.0,1952.0,True
2,9,7197081026895266089,ML-DSA-65,0.00018535461276769638,0.00015938328579068184,9.965337812900543e-05,21.88334664935246,nan,2482141.0,3309.0,1952.0,True
2,9,5012823317865825494,ML-DSA-65,0.0002783588133752346,0.00022836541756987572,9.385822340846062e-05,22.085535704158247,nan,2482141.0,3309.0,1952.0,True
2,9,16998995891189380340,ML-DSA-65,0.00021609803661704063,0.00014765094965696335,8.842675015330315e-05,10.245374992024153,nan,2482141.0,3309.0,1952.0,True
2,10,5012823317865825494,ML-DSA-65,0.000493388157337904,0.00020132632926106453,9.712297469377518e-05,21.322625478729606,nan,2482141.0,3309.0,1952.0,True
2,10,16931297726745407280,ML-DSA-65,0.00021795975044369698,0.0007212469354271889,9.439606219530106e-05,21.263493647798896,nan,2482141.0,3309.0,1952.0,True
2,10,12357172637582064285,ML-DSA-65,0.0001577259972691536,0.00024025514721870422,8.503114804625511e-05,21.456491166260093,nan,2482141.0,3309.0,1952.0,True
2,10,7197081026895266089,ML-DSA-65,0.00015857210382819176,0.00020046019926667213,0.00012101000174880028,21.320445531979203,nan,2482141.0,3309.0,1952.0,True
2,10,16998995891189380340,ML-DSA-65,0.00015431595966219902,0.0002020350657403469,8.023716509342194e-05,10.496290917973965,nan,2482141.0,3309.0,1952.0,True
2,11,5012823317865825494,ML-DSA-65,0.00024117203429341316,0.0005812998861074448,0.0001697302795946598,21.857330987229943,nan,2482141.0,3309.0,1952.0,True
2,11,12357172637582064285,ML-DSA-65,0.0001525520347058773,0.00023792171850800514,7.386691868305206e-05,22.113502416294068,nan,2482141.0,3309.0,1952.0,True
2,11,16931297726745407280,ML-DSA-65,0.0002147718332707882,0.000175603199750185,0.00013087084516882896,22.18043699208647,nan,2482141.0,3309.0,1952.0,True
2,11,7197081026895266089,ML-DSA-65,0.00019428133964538574,0.0001915479078888893,7.331511005759239e-05,22.16351865697652,nan,2482141.0,3309.0,1952.0,True
2,11,16998995891189380340,ML-DSA-65,0.00022284500300884247,0.0002960832789540291,7.531000301241875e-05,10.533228151034564,nan,2482141.0,3309.0,1952.0,True
2,12,16931297726745407280,ML-DSA-65,0.0003673969767987728,0.00023524370044469833,0.0001120520755648613,22.14447270706296,nan,2482141.0,3309.0,1952.0,True
2,12,5012823317865825494,ML-DSA-65,0.0005913460627198219,0.0004926030524075031,7.19982199370861e-05,22.232377915177494,nan,2482141.0,3309.0,1952.0,True
2,12,7197081026895266089,ML-DSA-65,0.0003491109237074852,0.0002352893352508545,7.154000923037529e-05,22.318096078932285,nan,2482141.0,3309.0,1952.0,True
2,12,12357172637582064285,ML-DSA-65,0.00021516205742955208,0.00024861516430974007,9.043002501130104e-05,22.393045709934086,nan,2482141.0,3309.0,1952.0,True
2,12,16998995891189380340,ML-DSA-65,0.00015617068856954575,0.00014518201351165771,0.00010692235082387924,10.412337190005928,nan,2482141.0,3309.0,1952.0,True
2,13,16931297726745407280,ML-DSA-65,0.00033973483368754387,0.0004308088682591915,9.718630462884903e-05,21.81882307305932,nan,2482141.0,3309.0,1952.0,True
2,13,12357172637582064285,ML-DSA-65,0.00022052833810448647,0.00018332526087760925,7.144687697291374e-05,22.085136766079813,nan,2482141.0,3309.0,1952.0,True
2,13,5012823317865825494,ML-DSA-65,0.0001774188131093979,0.00029898015782237053,7.415283471345901e-05,22.15389605704695,nan,2482141.0,3309.0,1952.0,True
2,13,7197081026895266089,ML-DSA-65,0.00015042303130030632,0.00026738597080111504,0.00011377828195691109,22.163869495037943,nan,2482141.0,3309.0,1952.0,True
2,13,16998995891189380340,ML-DSA-65,0.0001548989675939083,0.00021582935005426407,8.860370144248009e-05,10.459139522630721,nan,2482141.0,3309.0,1952.0,True
2,14,7197081026895266089,ML-DSA-65,0.00021376227959990501,0.00029760319739580154,8.932314813137054e-05,22.28824097244069,nan,2482141.0,3309.0,1952.0,True
2,14,12357172637582064285,ML-DSA-65,0.00021014874801039696,0.00020328303799033165,8.202996104955673e-05,22.400335766840726,nan,2482141.0,3309.0,1952.0,True
2,14,5012823317865825494,ML-DSA-65,0.00023594405502080917,0.0003374367952346802,8.058920502662659e-05,22.38006561389193,nan,2482141.0,3309.0,1952.0,True
2,14,16931297726745407280,ML-DSA-65,0.00016468577086925507,0.00030568381771445274,8.0897007137537e-05,22.431717826984823,nan,2482141.0,3309.0,1952.0,True
2,14,16998995891189380340,ML-DSA-65,0.00021714158356189728,0.00023616524413228035,7.9296063631773e-05,10.712172792758793,nan,2482141.0,3309.0,1952.0,True
2,15,7197081026895266089,ML-DSA-65,0.00034980522468686104,0.00044243596494197845,8.731381967663765e-05,21.73766479594633,nan,2482141.0,3309.0,1952.0,True
2,15,16931297726745407280,ML-DSA-65,0.00025227200239896774,0.00015346240252256393,8.784700185060501e-05,21.870072731748223,nan,2482141.0,3309.0,1952.0,True
2,15,12357172637582064285,ML-DSA-65,0.0003156270831823349,0.0004792069084942341,7.362104952335358e-05,22.27717671683058,nan,2482141.0,3309.0,1952.0,True
2,15,5012823317865825494,ML-DSA-65,0.00023010466247797012,0.0003112107515335083,7.836800068616867e-05,22.29457566002384,nan,2482141.0,3309.0,1952.0,True
2,15,16998995891189380340,ML-DSA-65,0.0001588398590683937,0.00012446800246834755,7.20759853720665e-05,10.482144020032138,nan,2482141.0,3309.0,1952.0,True
2,16,7197081026895266089,ML-DSA-65,0.0002819499932229519,0.0002848501317203045,0.0001711500808596611,21.85187552589923,nan,2482141.0,3309.0,1952.0,True
2,16,5012823317865825494,ML-DSA-65,0.00021600397303700447,0.00028685107827186584,8.118804544210434e-05,21.963902099058032,nan,2482141.0,3309.0,1952.0,True
2,16,16931297726745407280,ML-DSA-65,0.00021212873980402946,0.0005348846316337585,9.016506373882294e-05,22.060946490149945,nan,2482141.0,3309.0,1952.0,True
2,16,12357172637582064285,ML-DSA-65,0.00015280116349458694,0.00018266402184963226,7.548369467258453e-05,22.185953003820032,nan,2482141.0,3309.0,1952.0,True
2,16,16998995891189380340,ML-DSA-65,0.00015554903075098991,0.00016458099707961082,7.554888725280762e-05,10.692583223804832,nan,2482141.0,3309.0,1952.0,True
2,17,7197081026895266089,ML-DSA-65,0.0002922690473496914,0.0005598138086497784,9.652925655245781e-05,21.633006795775145,nan,2482141.0,3309.0,1952.0,True
2,17,16931297726745407280,ML-DSA-65,0.0003886101767420769,0.0006106491200625896,7.230276241898537e-05,21.58523852797225,nan,2482141.0,3309.0,1952.0,True
2,17,12357172637582064285,ML-DSA-65,0.0002441876567900181,0.00026234425604343414,0.00018142210319638252,21.736298757139593,nan,2482141.0,3309.0,1952.0,True
2,17,5012823317865825494,ML-DSA-65,0.00022424384951591492,0.00029505183920264244,0.00014457711949944496,21.77507401909679,nan,2482141.0,3309.0,1952.0,True
2,17,16998995891189380340,ML-DSA-65,0.00014878390356898308,0.00011109374463558197,0.00010548485442996025,10.570393247064203,nan,2482141.0,3309.0,1952.0,True
2,18,5012823317865825494,ML-DSA-65,0.0003044703043997288,0.00030509475618600845,0.00010123196989297867,21.911569010932,nan,2482141.0,3309.0,1952.0,True
2,18,7197081026895266089,ML-DSA-65,0.00020253797993063927,0.00014906702563166618,0.00010320683941245079,22.05965525470674,nan,2482141.0,3309.0,1952.0,True
2,18,16931297726745407280,ML-DSA-65,0.00035273702815175056,0.00043096113950014114,7.505714893341064e-05,22.026150323916227,nan,2482141.0,3309.0,1952.0,True
2,18,12357172637582064285,ML-DSA-65,0.00015319883823394775,0.0001372937113046646,8.647609502077103e-05,22.115672653075308,nan,2482141.0,3309.0,1952.0,True
2,18,16998995891189380340,ML-DSA-65,0.0001536291092634201,0.00038403086364269257,9.033409878611565e-05,10.455331932753325,nan,2482141.0,3309.0,1952.0,True
2,19,16931297726745407280,ML-DSA-65,0.00019523361697793007,0.0003213007003068924,9.190617129206657e-05,21.842455813195556,nan,2482141.0,3309.0,1952.0,True
2,19,5012823317865825494,ML-DSA-65,0.0003981352783739567,0.00024363910779356956,7.392978295683861e-05,21.989752476103604,nan,2482141.0,3309.0,1952.0,True
2,19,12357172637582064285,ML-DSA-65,0.00028409063816070557,0.00045519694685935974,7.402105256915092e-05,22.203671662136912,nan,2482141.0,3309.0,1952.0,True
2,19,7197081026895266089,ML-DSA-65,0.00015617487952113152,0.000276865903288126,7.27558508515358e-05,22.2162650199607,nan,2482141.0,3309.0,1952.0,True
2,19,16998995891189380340,ML-DSA-65,0.00021839188411831856,0.00018575601279735565,7.280893623828888e-05,10.362735525239259,nan,2482141.0,3309.0,1952.0,True
2,20,12357172637582064285,ML-DSA-65,0.00030632689595222473,0.0003600986674427986,0.00010304246097803116,21.372810319066048,nan,2482141.0,3309.0,1952.0,True
2,20,16931297726745407280,ML-DSA-65,0.000401902012526989,0.0003439309075474739,0.00010825134813785553,21.45342171797529,nan,2482141.0,3309.0,1952.0,True
2,20,5012823317865825494,ML-DSA-65,0.00023217080160975456,0.00019666273146867752,8.444394916296005e-05,21.47303309990093,nan,2482141.0,3309.0,1952.0,True
2,20,7197081026895266089,ML-DSA-65,0.00021843286231160164,0.00020909681916236877,8.65710899233818e-05,21.668638076633215,nan,2482141.0,3309.0,1952.0,True
2,20,16998995891189380340,ML-DSA-65,0.00015615299344062805,0.00014175986871123314,8.105486631393433e-05,10.441464728210121,nan,2482141.0,3309.0,1952.0,True
2,21,16931297726745407280,ML-DSA-65,0.0002477872185409069,0.00043324287980794907,0.00011030305176973343,21.403536266181618,nan,2482141.0,3309.0,1952.0,True
2,21,12357172637582064285,ML-DSA-65,0.0001914268359541893,0.00013622688129544258,7.293093949556351e-05,21.58271423028782,nan,2482141.0,3309.0,1952.0,True
2,21,5012823317865825494,ML-DSA-65,0.00027751922607421875,0.00036297598853707314,8.671963587403297e-05,21.615554349962622,nan,2482141.0,3309.0,1952.0,True
2,21,7197081026895266089,ML-DSA-65,0.00024205120280385017,0.0005190819501876831,9.37008298933506e-05,21.54807915398851,nan,2482141.0,3309.0,1952.0,True
2,21,16998995891189380340,ML-DSA-65,0.00022148620337247849,0.000304230023175478,7.251603528857231e-05,10.33428500732407,nan,2482141.0,3309.0,1952.0,True
2,22,12357172637582064285,ML-DSA-65,0.0002465639263391495,0.0003999718464910984,8.761463686823845e-05,22.426324212923646,nan,2482141.0,3309.0,1952.0,True
2,22,16931297726745407280,ML-DSA-65,0.00027061905711889267,0.0005227560177445412,7.224781438708305e-05,22.590063231997192,nan,2482141.0,3309.0,1952.0,True
2,22,5012823317865825494,ML-DSA-65,0.00037376768887043,0.0003631892614066601,7.795961573719978e-05,22.616821993142366,nan,2482141.0,3309.0,1952.0,True
2,22,7197081026895266089,ML-DSA-65,0.00034456606954336166,0.0005509448237717152,0.00012842286378145218,22.543162680696696,nan,2482141.0,3309.0,1952.0,True
2,22,16998995891189380340,ML-DSA-65,0.0002184240147471428,0.0002537979744374752,7.242104038596153e-05,10.42322646221146,nan,2482141.0,3309.0,1952.0,True
2,23,7197081026895266089,ML-DSA-65,0.0003097290173172951,0.00021390710026025772,8.777482435107231e-05,21.734787795692682,nan,2482141.0,3309.0,1952.0,True
2,23,5012823317865825494,ML-DSA-65,0.00023598456755280495,0.0001672939397394657,7.48559832572937e-05,21.873519715853035,nan,2482141.0,3309.0,1952.0,True
2,23,12357172637582064285,ML-DSA-65,0.00019725318998098373,0.0004557901993393898,8.639506995677948e-05,21.853585343342274,nan,2482141.0,3309.0,1952.0,True
2,23,16931297726745407280,ML-DSA-65,0.0001509939320385456,0.00019681360572576523,7.944926619529724e-05,21.919478374067694,nan,2482141.0,3309.0,1952.0,True
2,23,16998995891189380340,ML-DSA-65,0.00015027401968836784,0.00021790480241179466,9.44468192756176e-05,10.299359974917024,nan,2482141.0,3309.0,1952.0,True
2,24,5012823317865825494,ML-DSA-65,0.0003998200409114361,0.00037895701825618744,9.714905172586441e-05,21.667988451197743,nan,2482141.0,3309.0,1952.0,True
2,24,16931297726745407280,ML-DSA-65,0.0002944408915936947,0.000204338226467371,7.122009992599487e-05,21.77409148076549,nan,2482141.0,3309.0,1952.0,True
2,24,7197081026895266089,ML-DSA-65,0.0001538279466331005,0.0002595623955130577,7.544830441474915e-05,21.886713013984263,nan,2482141.0,3309.0,1952.0,True
2,24,12357172637582064285,ML-DSA-65,0.0001926058903336525,0.0003453497774899006,8.083228021860123e-05,21.83113017026335,nan,2482141.0,3309.0,1952.0,True
2,24,16998995891189380340,ML-DSA-65,0.00015337765216827393,0.00015160208567976952,8.856179192662239e-05,10.542656422127038,nan,2482141.0,3309.0,1952.0,True
2,25,7197081026895266089,ML-DSA-65,0.00041249068453907967,0.0004954459145665169,9.759189561009407e-05,21.303297869861126,nan,2482141.0,3309.0,1952.0,True
2,25,16931297726745407280,ML-DSA-65,0.00024465005844831467,0.000346980057656765,8.76178964972496e-05,21.44327434292063,nan,2482141.0,3309.0,1952.0,True
2,25,12357172637582064285,ML-DSA-65,0.00022989697754383087,0.0004152408801019192,9.569106623530388e-05,21.520460220053792,nan,2482141.0,3309.0,1952.0,True
2,25,5012823317865825494,ML-DSA-65,0.00022328412160277367,0.00026047229766845703,7.202522829174995e-05,21.59296358190477,nan,2482141.0,3309.0,1952.0,True
2,25,16998995891189380340,ML-DSA-65,0.00015287194401025772,0.00010802969336509705,8.160620927810669e-05,10.607065100222826,nan,2482141.0,3309.0,1952.0,True
2,26,5012823317865825494,ML-DSA-65,0.00021284911781549454,0.00023315008729696274,9.158486500382423e-05,22.141969631891698,nan,2482141.0,3309.0,1952.0,True
2,26,16931297726745407280,ML-DSA-65,0.00029760273173451424,0.0003506140783429146,7.289228960871696e-05,22.104475690983236,nan,2482141.0,3309.0,1952.0,True
2,26,12357172637582064285,ML-DSA-65,0.00037009501829743385,0.00025878800079226494,8.780695497989655e-05,22.259199757128954,nan,2482141.0,3309.0,1952.0,True
2,26,7197081026895266089,ML-DSA-65,0.0001552719622850418,0.00013065990060567856,9.317975491285324e-05,22.39145681122318,nan,2482141.0,3309.0,1952.0,True
2,26,16998995891189380340,ML-DSA-65,0.00022342894226312637,0.00016679288819432259,7.449788972735405e-05,10.479720284231007,nan,2482141.0,3309.0,1952.0,True
2,27,16931297726745407280,ML-DSA-65,0.00022073835134506226,0.0003044581972062588,8.7725929915905e-05,21.743262208998203,nan,2482141.0,3309.0,1952.0,True
2,27,5012823317865825494,ML-DSA-65,0.0005149301141500473,0.00030859513208270073,7.3947012424469e-05,21.823267554398626,nan,2482141.0,3309.0,1952.0,True
2,27,12357172637582064285,ML-DSA-65,0.0002605440095067024,0.00048220017924904823,8.256034925580025e-05,22.101793781854212,nan,2482141.0,3309.0,1952.0,True
2,27,7197081026895266089,ML-DSA-65,0.00016191229224205017,0.0001432979479432106,9.430106729269028e-05,22.117001083213836,nan,2482141.0,3309.0,1952.0,True
2,27,16998995891189380340,ML-DSA-65,0.00015364401042461395,0.00030536530539393425,7.528392598032951e-05,10.666778715327382,nan,2482141.0,3309.0,1952.0,True
2,28,5012823317865825494,ML-DSA-65,0.0002221181057393551,0.0004882281646132469,0.00013103103265166283,21.996828149072826,nan,2482141.0,3309.0,1952.0,True
2,28,12357172637582064285,ML-DSA-65,0.00024017784744501114,0.00043241214007139206,7.237773388624191e-05,21.91066708229482,nan,2482141.0,3309.0,1952.0,True
2,28,16931297726745407280,ML-DSA-65,0.00021813204512000084,0.00026800110936164856,7.27619044482708e-05,22.018184137996286,nan,2482141.0,3309.0,1952.0,True
2,28,7197081026895266089,ML-DSA-65,0.00021965429186820984,0.0002493560314178467,7.270975038409233e-05,22.234596414957196,nan,2482141.0,3309.0,1952.0,True
2,28,16998995891189380340,ML-DSA-65,0.00022060610353946686,0.0001716800034046173,9.605893865227699e-05,10.49706507101655,nan,2482141.0,3309.0,1952.0,True
2,29,16931297726745407280,ML-DSA-65,0.00023170188069343567,0.00028078677132725716,9.146006777882576e-05,21.377123264130205,nan,2482141.0,3309.0,1952.0,True
2,29,12357172637582064285,ML-DSA-65,0.00023174099624156952,0.00026890216395258904,7.960479706525803e-05,21.776410386897624,nan,2482141.0,3309.0,1952.0,True
2,29,5012823317865825494,ML-DSA-65,0.0001569930464029312,0.0001746523194015026,7.574819028377533e-05,21.795507613103837,nan,2482141.0,3309.0,1952.0,True
2,29,7197081026895266089,ML-DSA-65,0.00017618108540773392,0.00016809580847620964,7.983716204762459e-05,22.063168960157782,nan,2482141.0,3309.0,1952.0,True
2,29,16998995891189380340,ML-DSA-65,0.00015473691746592522,0.00017053913325071335,8.302181959152222e-05,10.326277690939605,nan,2482141.0,3309.0,1952.0,True
2,30,16931297726745407280,ML-DSA-65,0.0003497060388326645,0.00045236293226480484,9.66009683907032e-05,22.1932310750708,nan,2482141.0,3309.0,1952.0,True
2,30,12357172637582064285,ML-DSA-65,0.00030766893178224564,0.0006809798069298267,9.011011570692062e-05,22.325935039203614,nan,2482141.0,3309.0,1952.0,True
2,30,5012823317865825494,ML-DSA-65,0.00028350623324513435,0.0002595903351902962,7.518613710999489e-05,22.443910374306142,nan,2482141.0,3309.0,1952.0,True
2,30,7197081026895266089,ML-DSA-65,0.00017074309289455414,0.00017779413610696793,7.251603528857231e-05,22.55933789908886,nan,2482141.0,3309.0,1952.0,True
2,30,16998995891189380340,ML-DSA-65,0.0001624729484319687,0.00016924692317843437,7.172813639044762e-05,10.395391514990479,nan,2482141.0,3309.0,1952.0,True
2,31,16931297726745407280,ML-DSA-65,0.00027632666751742363,0.0004937476478517056,0.00017653405666351318,21.159774479921907,nan,2482141.0,3309.0,1952.0,True
2,31,7197081026895266089,ML-DSA-65,0.0002321787178516388,0.0003174198791384697,0.00013472186401486397,21.472344398032874,nan,2482141.0,3309.0,1952.0,True
2,31,5012823317865825494,ML-DSA-65,0.0004064710810780525,0.00047613494098186493,0.00010255537927150726,21.43844480579719,nan,2482141.0,3309.0,1952.0,True
2,31,12357172637582064285,ML-DSA-65,0.00014925794675946236,0.0002600257284939289,9.097903966903687e-05,21.455819468945265,nan,2482141.0,3309.0,1952.0,True
2,31,16998995891189380340,ML-DSA-65,0.000230416189879179,0.00017126696184277534,9.256461635231972e-05,10.6514527881518,nan,2482141.0,3309.0,1952.0,True
2,32,12357172637582064285,ML-DSA-65,0.0003889291547238827,0.00015943078324198723,0.00012548686936497688,21.61158902477473,nan,2482141.0,3309.0,1952.0,True
2,32,5012823317865825494,ML-DSA-65,0.00038940412923693657,0.0004546055570244789,9.279418736696243e-05,21.71770883584395,nan,2482141.0,3309.0,1952.0,True
2,32,16931297726745407280,ML-DSA-65,0.00020598573610186577,0.0003927638754248619,9.080814197659492e-05,22.00863537704572,nan,2482141.0,3309.0,1952.0,True
2,32,7197081026895266089,ML-DSA-65,0.00016206130385398865,0.0001482437364757061,0.00010779360309243202,22.164628747850657,nan,2482141.0,3309.0,1952.0,True
2,32,16998995891189380340,ML-DSA-65,0.00015511410310864449,0.00011307280510663986,8.509960025548935e-05,10.386445517186075,nan,2482141.0,3309.0,1952.0,True
2,33,12357172637582064285,ML-DSA-65,0.00032782182097435,0.00031130388379096985,9.107496589422226e-05,21.593701626174152,nan,2482141.0,3309.0,1952.0,True
2,33,7197081026895266089,ML-DSA-65,0.00030860817059874535,0.00040097394958138466,7.153069600462914e-05,21.54386880295351,nan,2482141.0,3309.0,1952.0,True
2,33,16931297726745407280,ML-DSA-65,0.0003987029194831848,0.00032990891486406326,7.10957683622837e-05,21.753474593162537,nan,2482141.0,3309.0,1952.0,True
2,33,5012823317865825494,ML-DSA-65,0.00015759887173771858,0.00030751992017030716,7.28759914636612e-05,21.794364696834236,nan,2482141.0,3309.0,1952.0,True
2,33,16998995891189380340,ML-DSA-65,0.00021940190345048904,0.00014402717351913452,8.762115612626076e-05,10.623212630860507,nan,2482141.0,3309.0,1952.0,True
2,34,5012823317865825494,ML-DSA-65,0.00022703269496560097,0.00031759683042764664,9.08062793314457e-05,22.074567712843418,nan,2482141.0,3309.0,1952.0,True
2,34,16931297726745407280,ML-DSA-65,0.00029172515496611595,0.00037879403680562973,7.490301504731178e-05,22.219242594670504,nan,2482141.0,3309.0,1952.0,True
2,34,12357172637582064285,ML-DSA-65,0.0006143860518932343,0.00016421405598521233,7.269997149705887e-05,22.22639467800036,nan,2482141.0,3309.0,1952.0,True
2,34,7197081026895266089,ML-DSA-65,0.0002485462464392185,0.0002923239953815937,7.248017936944962e-05,22.32683735108003,nan,2482141.0,3309.0,1952.0,True
2,34,16998995891189380340,ML-DSA-65,0.00015219300985336304,0.00012978492304682732,7.315725088119507e-05,10.447305745910853,nan,2482141.0,3309.0,1952.0,True
2,35,7197081026895266089,ML-DSA-65,0.00024894485250115395,0.00041805626824498177,9.036902338266373e-05,21.724964519031346,nan,2482141.0,3309.0,1952.0,True
2,35,12357172637582064285,ML-DSA-65,0.00019643409177660942,0.00020485790446400642,0.00010271323844790459,21.83835383411497,nan,2482141.0,3309.0,1952.0,True
2,35,16931297726745407280,ML-DSA-65,0.0003496352583169937,0.0002996898256242275,0.00014385301619768143,22.090164271183312,nan,2482141.0,3309.0,1952.0,True
2,35,5012823317865825494,ML-DSA-65,0.00017458200454711914,0.00039702607318758965,7.325829938054085e-05,22.15000189980492,nan,2482141.0,3309.0,1952.0,True
2,35,16998995891189380340,ML-DSA-65,0.00015404587611556053,0.00010773306712508202,7.695890963077545e-05,10.459316805936396,nan,2482141.0,3309.0,1952.0,True
2,36,12357172637582064285,ML-DSA-65,0.0003861142322421074,0.00044604111462831497,8.971383795142174e-05,21.44229176128283,nan,2482141.0,3309.0,1952.0,True
2,36,16931297726745407280,ML-DSA-65,0.000398014672100544,0.0003959331661462784,7.54217617213726e-05,21.545695023145527,nan,2482141.0,3309.0,1952.0,True
2,36,5012823317865825494,ML-DSA-65,0.00016915425658226013,0.00031881267204880714,8.685188367962837e-05,21.562026110012084,nan,2482141.0,3309.0,1952.0,True
2,36,7197081026895266089,ML-DSA-65,0.0002762060612440109,0.00021588802337646484,7.366994395852089e-05,21.67252193018794,nan,2482141.0,3309.0,1952.0,True
2,36,16998995891189380340,ML-DSA-65,0.00014998996630311012,0.0001691938377916813,7.734773680567741e-05,10.573679609689862,nan,2482141.0,3309.0,1952.0,True
2,37,16931297726745407280,ML-DSA-65,0.00020539714023470879,0.00020188000053167343,0.00019645830616354942,21.772797250188887,nan,2482141.0,3309.0,1952.0,True
2,37,12357172637582064285,ML-DSA-65,0.00033735716715455055,0.00033534830436110497,7.282989099621773e-05,21.77234834805131,nan,2482141.0,3309.0,1952.0,True
2,37,7197081026895266089,ML-DSA-65,0.00019784225150942802,0.00016983598470687866,7.629813626408577e-05,21.882577498443425,nan,2482141.0,3309.0,1952.0,True
2,37,5012823317865825494,ML-DSA-65,0.00015319092199206352,0.00013184919953346252,9.500235319137573e-05,21.923172500915825,nan,2482141.0,3309.0,1952.0,True
2,37,16998995891189380340,ML-DSA-65,0.00021798722445964813,0.0001591579057276249,7.123500108718872e-05,10.600334418937564,nan,2482141.0,3309.0,1952.0,True
2,38,16931297726745407280,ML-DSA-65,0.00022914167493581772,0.0008400059305131435,0.00010183081030845642,21.560075730085373,nan,2482141.0,3309.0,1952.0,True
2,38,5012823317865825494,ML-DSA-65,0.0003976910375058651,0.0006417389959096909,7.449416443705559e-05,21.755856373347342,nan,2482141.0,3309.0,1952.0,True
2,38,7197081026895266089,ML-DSA-65,0.00035041989758610725,0.00019532488659024239,7.517728954553604e-05,21.97322331601754,nan,2482141.0,3309.0,1952.0,True
2,38,12357172637582064285,ML-DSA-65,0.00015378091484308243,0.000397625844925642,7.139518857002258e-05,22.05578684899956,nan,2482141.0,3309.0,1952.0,True
2,38,16998995891189380340,ML-DSA-65,0.00015762029215693474,0.00017458992078900337,0.00012523308396339417,10.413120023906231,nan,2482141.0,3309.0,1952.0,True
2,39,7197081026895266089,ML-DSA-65,0.0002973410300910473,0.00043950509279966354,8.907681331038475e-05,22.886613456066698,nan,2482141.0,3309.0,1952.0,True
2,39,5012823317865825494,ML-DSA-65,0.0002130516804754734,0.00028558913618326187,7.683224976062775e-05,23.147887110244483,nan,2482141.0,3309.0,1952.0,True
2,39,16931297726745407280,ML-DSA-65,0.0003097052685916424,0.00035156914964318275,8.227024227380753e-05,23.246587404981256,nan,2482141.0,3309.0,1952.0,True
2,39,12357172637582064285,ML-DSA-65,0.000235019251704216,0.00020610913634300232,7.916241884231567e-05,23.275929785799235,nan,2482141.0,3309.0,1952.0,True
2,39,16998995891189380340,ML-DSA-65,0.00015785079449415207,0.00040448037907481194,8.462602272629738e-05,10.434358121827245,nan,2482141.0,3309.0,1952.0,True
2,40,16931297726745407280,ML-DSA-65,0.0003197537735104561,0.000490731094032526,9.761983528733253e-05,21.736952907871455,nan,2482141.0,3309.0,1952.0,True
2,40,12357172637582064285,ML-DSA-65,0.00023200782015919685,0.00033375807106494904,0.00010935729369521141,21.83729625493288,nan,2482141.0,3309.0,1952.0,True
2,40,7197081026895266089,ML-DSA-65,0.0002775699831545353,0.00027777906507253647,8.252682164311409e-05,21.895326131023467,nan,2482141.0,3309.0,1952.0,True
2,40,5012823317865825494,ML-DSA-65,0.00016599195078015327,0.00024528615176677704,7.868604734539986e-05,22.191419571172446,nan,2482141.0,3309.0,1952.0,True
2,40,16998995891189380340,ML-DSA-65,0.0002340329810976982,0.00022967299446463585,7.969606667757034e-05,10.35682582296431,nan,2482141.0,3309.0,1952.0,True
2,41,16931297726745407280,ML-DSA-65,0.00023013213649392128,0.00023355381563305855,9.382516145706177e-05,21.375939645338804,nan,2482141.0,3309.0,1952.0,True
2,41,7197081026895266089,ML-DSA-65,0.0002270527184009552,0.00024807732552289963,7.31470063328743e-05,21.582436650060117,nan,2482141.0,3309.0,1952.0,True
2,41,5012823317865825494,ML-DSA-65,0.00022020423784852028,0.00026745814830064774,8.880812674760818e-05,21.604540995322168,nan,2482141.0,3309.0,1952.0,True
2,41,12357172637582064285,ML-DSA-65,0.0002690190449357033,0.0002501462586224079,7.221614941954613e-05,21.678542949724942,nan,2482141.0,3309.0,1952.0,True
2,41,16998995891189380340,ML-DSA-65,0.00015380792319774628,0.0002028471790254116,8.613243699073792e-05,10.35480595799163,nan,2482141.0,3309.0,1952.0,True
2,42,12357172637582064285,ML-DSA-65,0.00033635692670941353,0.000661057885736227,0.00010301172733306885,21.37115588784218,nan,2482141.0,3309.0,1952.0,True
2,42,7197081026895266089,ML-DSA-65,0.00019420310854911804,0.0011066519655287266,9.055016562342644e-05,21.479819293133914,nan,2482141.0,3309.0,1952.0,True
2,42,16931297726745407280,ML-DSA-65,0.00027880026027560234,0.0002079857513308525,8.871685713529587e-05,21.73695476585999,nan,2482141.0,3309.0,1952.0,True
2,42,5012823317865825494,ML-DSA-65,0.00022340891882777214,0.00028745876625180244,0.00016583409160375595,21.74990988895297,nan,2482141.0,3309.0,1952.0,True
2,42,16998995891189380340,ML-DSA-65,0.00015075504779815674,0.000218984205275774,8.274894207715988e-05,10.344200605060905,nan,2482141.0,3309.0,1952.0,True
2,43,7197081026895266089,ML-DSA-65,0.00046434812247753143,0.0002451688051223755,9.13846306502819e-05,21.279760638717562,nan,2482141.0,3309.0,1952.0,True
2,43,5012823317865825494,ML-DSA-65,0.0002617822028696537,0.00017722602933645248,7.35200010240078e-05,21.635846061166376,nan,2482141.0,3309.0,1952.0,True
2,43,16931297726745407280,ML-DSA-65,0.00022567901760339737,0.00023634685203433037,7.458403706550598e-05,21.625206680968404,nan,2482141.0,3309.0,1952.0,True
2,43,12357172637582064285,ML-DSA-65,0.00030423514544963837,0.0005272440612316132,8.066324517130852e-05,21.477360784076154,nan,2482141.0,3309.0,1952.0,True
2,43,16998995891189380340,ML-DSA-65,0.00017261411994695663,0.00016053300350904465,9.454973042011261e-05,10.604459450114518,nan,2482141.0,3309.0,1952.0,True
2,44,12357172637582064285,ML-DSA-65,0.00036247028037905693,0.0004611499607563019,9.102420881390572e-05,21.53028446994722,nan,2482141.0,3309.0,1952.0,True
2,44,7197081026895266089,ML-DSA-65,0.0003326861187815666,0.0006132051348686218,8.070375770330429e-05,21.530431255698204,nan,2482141.0,3309.0,1952.0,True
2,44,16931297726745407280,ML-DSA-65,0.0003009159117937088,0.0002269740216434002,7.375795394182205e-05,21.814585635904223,nan,2482141.0,3309.0,1952.0,True
2,44,5012823317865825494,ML-DSA-65,0.00023099780082702637,0.000232005026191473,7.22985714673996e-05,21.8812726251781,nan,2482141.0,3309.0,1952.0,True
2,44,16998995891189380340,ML-DSA-65,0.000217461958527565,0.00039475224912166595,7.4025709182024e-05,10.343597470317036,nan,2482141.0,3309.0,1952.0,True
2,45,12357172637582064285,ML-DSA-65,0.00023591704666614532,0.00022585783153772354,0.0001611071638762951,22.004225082229823,nan,2482141.0,3309.0,1952.0,True
2,45,5012823317865825494,ML-DSA-65,0.00024027377367019653,0.000228778924793005,9.035784751176834e-05,22.23866657912731,nan,2482141.0,3309.0,1952.0,True
2,45,7197081026895266089,ML-DSA-65,0.0003117457963526249,0.0001988569274544716,7.307669147849083e-05,22.27182846982032,nan,2482141.0,3309.0,1952.0,True
2,45,16931297726745407280,ML-DSA-65,0.00023747794330120087,0.0005885208956897259,8.251378312706947e-05,22.32403015717864,nan,2482141.0,3309.0,1952.0,True
2,45,16998995891189380340,ML-DSA-65,0.0001551392488181591,0.00010962504893541336,8.11675563454628e-05,10.463748128153384,nan,2482141.0,3309.0,1952.0,True
2,46,16931297726745407280,ML-DSA-65,0.0003701159730553627,0.00029456010088324547,9.361607953906059e-05,21.605943999253213,nan,2482141.0,3309.0,1952.0,True
2,46,7197081026895266089,ML-DSA-65,0.0002625053748488426,0.000252637080848217,7.396796718239784e-05,21.640948982909322,nan,2482141.0,3309.0,1952.0,True
2,46,12357172637582064285,ML-DSA-65,0.0002354523167014122,0.0006383657455444336,9.283516556024551e-05,21.72328637400642,nan,2482141.0,3309.0,1952.0,True
2,46,5012823317865825494,ML-DSA-65,0.00015276717022061348,0.00015630992129445076,7.576309144496918e-05,21.76068359380588,nan,2482141.0,3309.0,1952.0,True
2,46,16998995891189380340,ML-DSA-65,0.00015483610332012177,0.00029028113931417465,7.229717448353767e-05,10.618653718847781,nan,2482141.0,3309.0,1952.0,True
2,47,5012823317865825494,ML-DSA-65,0.0006618360057473183,0.0006769089959561825,8.807284757494926e-05,21.348542457912117,nan,2482141.0,3309.0,1952.0,True
2,47,7197081026895266089,ML-DSA-65,0.00034041237086057663,0.0005768677219748497,7.393676787614822e-05,21.630342022981495,nan,2482141.0,3309.0,1952.0,True
2,47,16931297726745407280,ML-DSA-65,0.00016014184802770615,0.00021842075511813164,7.402431219816208e-05,21.768468430731446,nan,2482141.0,3309.0,1952.0,True
2,47,12357172637582064285,ML-DSA-65,0.000351571012288332,0.0005663237534463406,8.805235847830772e-05,21.744735683314502,nan,2482141.0,3309.0,1952.0,True
2,47,16998995891189380340,ML-DSA-65,0.0001516910269856453,0.0002249288372695446,8.055707439780235e-05,10.264748999848962,nan,2482141.0,3309.0,1952.0,True
2,48,7197081026895266089,ML-DSA-65,0.0002779602073132992,0.0002663247287273407,8.838437497615814e-05,21.407294888980687,nan,2482141.0,3309.0,1952.0,True
2,48,5012823317865825494,ML-DSA-65,0.0002567530609667301,0.00027723610401153564,8.082715794444084e-05,21.422480460722,nan,2482141.0,3309.0,1952.0,True
2,48,16931297726745407280,ML-DSA-65,0.00019219890236854553,0.0002634599804878235,8.436990901827812e-05,21.615642909891903,nan,2482141.0,3309.0,1952.0,True
2,48,12357172637582064285,ML-DSA-65,0.00015129288658499718,0.00016362499445676804,7.729604840278625e-05,21.710763266775757,nan,2482141.0,3309.0,1952.0,True
2,48,16998995891189380340,ML-DSA-65,0.00015010405331850052,0.00017738668248057365,9.183026850223541e-05,10.521639226004481,nan,2482141.0,3309.0,1952.0,True
2,49,7197081026895266089,ML-DSA-65,0.0002351580187678337,0.00044235121458768845,9.773718193173409e-05,21.09955043112859,nan,2482141.0,3309.0,1952.0,True
2,49,16931297726745407280,ML-DSA-65,0.0002099531702697277,0.0002593682147562504,7.979990914463997e-05,21.262135926168412,nan,2482141.0,3309.0,1952.0,True
2,49,12357172637582064285,ML-DSA-65,0.00015349220484495163,0.0001476421020925045,7.300172001123428e-05,21.630635919980705,nan,2482141.0,3309.0,1952.0,True
2,49,5012823317865825494,ML-DSA-65,0.00023328326642513275,0.0004273671656847,7.359404116868973e-05,21.689359487965703,nan,2482141.0,3309.0,1952.0,True
2,49,16998995891189380340,ML-DSA-65,0.0002155061811208725,0.00018840515986084938,7.700920104980469e-05,10.421147088054568,nan,2482141.0,3309.0,1952.0,True
2,50,12357172637582064285,ML-DSA-65,0.00021397322416305542,0.0003332970663905144,0.00010065361857414246,21.851586955599487,nan,2482141.0,3309.0,1952.0,True
2,50,7197081026895266089,ML-DSA-65,0.0003524553030729294,0.00018707429990172386,0.00010323524475097656,21.79468338796869,nan,2482141.0,3309.0,1952.0,True
2,50,16931297726745407280,ML-DSA-65,0.00015211710706353188,0.00014685234054923058,8.109491318464279e-05,22.06584769440815,nan,2482141.0,3309.0,1952.0,True
2,50,5012823317865825494,ML-DSA-65,0.00024309661239385605,0.00041277799755334854,7.747719064354897e-05,22.019784827250987,nan,2482141.0,3309.0,1952.0,True
2,50,16998995891189380340,ML-DSA-65,0.00015644496306777,0.000138165894895792,7.896684110164642e-05,10.686961973086,nan,2482141.0,3309.0,1952.0,True
3,1,16429536071763386141,ML-DSA-65,0.0015241587534546852,0.0007107183337211609,0.00011743325740098953,21.450908822007477,nan,2482141.0,3309.0,1952.0,True
3,1,15494040578434724021,ML-DSA-65,0.0014067217707633972,0.0005441061221063137,7.800431922078133e-05,21.351253654807806,2.2646308173767675,2482141.0,3309.0,1952.0,True
3,1,767925441029141955,ML-DSA-65,0.0012675863690674305,0.00027137668803334236,7.323268800973892e-05,21.44898000312969,2.0759054708023803,2482141.0,3309.0,1952.0,True
3,1,14151010005216354968,ML-DSA-65,0.0010385210625827312,0.0003175479359924793,0.00010841386392712593,21.53848447697237,2.1273441813624325,2482141.0,3309.0,1952.0,True
3,1,16156705430446143401,ML-DSA-65,0.00015875883400440216,0.00011300714686512947,8.681789040565491e-05,10.738292797934264,2.1715963465718033,2482141.0,3309.0,1952.0,True
3,2,16429536071763386141,ML-DSA-65,0.0003178641200065613,0.0005136560648679733,0.00011127721518278122,21.434033480938524,nan,2482141.0,3309.0,1952.0,True
3,2,767925441029141955,ML-DSA-65,0.0005642073228955269,0.00041826721280813217,7.614772766828537e-05,21.418537020217627,nan,2482141.0,3309.0,1952.0,True
3,2,14151010005216354968,ML-DSA-65,0.00016956310719251633,0.00016639195382595062,8.649984374642372e-05,21.604166637174785,nan,2482141.0,3309.0,1952.0,True
3,2,15494040578434724021,ML-DSA-65,0.00017902301624417305,0.00012921588495373726,8.88570211827755e-05,21.722089594695717,nan,2482141.0,3309.0,1952.0,True
3,2,16156705430446143401,ML-DSA-65,0.00022675702348351479,0.00018767965957522392,7.392512634396553e-05,10.458815566264093,nan,2482141.0,3309.0,1952.0,True
3,3,16429536071763386141,ML-DSA-65,0.0001730876974761486,0.001086641103029251,9.987922385334969e-05,21.297162090893835,nan,2482141.0,3309.0,1952.0,True
3,3,14151010005216354968,ML-DSA-65,0.0004281122237443924,0.00031831441447138786,8.613010868430138e-05,21.439544856082648,nan,2482141.0,3309.0,1952.0,True
3,3,15494040578434724021,ML-DSA-65,0.00020541716367006302,0.0005367817357182503,7.969420403242111e-05,21.668102152179927,nan,2482141.0,3309.0,1952.0,True
3,3,767925441029141955,ML-DSA-65,0.00015776697546243668,0.0002175518311560154,8.054962381720543e-05,21.75044876895845,nan,2482141.0,3309.0,1952.0,True
3,3,16156705430446143401,ML-DSA-65,0.00024366192519664764,0.00015759794041514397,9.782891720533371e-05,10.585583181120455,nan,2482141.0,3309.0,1952.0,True
3,4,14151010005216354968,ML-DSA-65,0.00024205492809414864,0.0005205981433391571,9.497115388512611e-05,21.890112403780222,nan,2482141.0,3309.0,1952.0,True
3,4,15494040578434724021,ML-DSA-65,0.0004319706931710243,0.00031827064231038094,7.65463337302208e-05,21.86734492285177,nan,2482141.0,3309.0,1952.0,True
3,4,16429536071763386141,ML-DSA-65,0.00032717082649469376,0.000548231415450573,8.475594222545624e-05,21.93093122402206,nan,2482141.0,3309.0,1952.0,True
3,4,767925441029141955,ML-DSA-65,0.00015862705186009407,0.0002346821129322052,7.368624210357666e-05,22.034430664032698,nan,2482141.0,3309.0,1952.0,True
3,4,16156705430446143401,ML-DSA-65,0.00015769200399518013,0.00016722967848181725,8.897483348846436e-05,10.937937766779214,nan,2482141.0,3309.0,1952.0,True
3,5,15494040578434724021,ML-DSA-65,0.00034407712519168854,0.0003916551358997822,0.0001016487367451191,21.669373324606568,nan,2482141.0,3309.0,1952.0,True
3,5,767925441029141955,ML-DSA-65,0.000390578992664814,0.0002665650099515915,9.832112118601799e-05,21.6647183932364,nan,2482141.0,3309.0,1952.0,True
3,5,16429536071763386141,ML-DSA-65,0.00015963101759552956,0.00020005600526928902,7.351301610469818e-05,21.77033283188939,nan,2482141.0,3309.0,1952.0,True
3,5,14151010005216354968,ML-DSA-65,0.0001629181206226349,0.0001663006842136383,8.949730545282364e-05,21.739866798743606,nan,2482141.0,3309.0,1952.0,True
3,5,16156705430446143401,ML-DSA-65,0.00022478774189949036,0.00015832018107175827,7.783295586705208e-05,10.612303304020315,nan,2482141.0,3309.0,1952.0,True
3,6,15494040578434724021,ML-DSA-65,0.00025806203484535217,0.0004533641040325165,0.00013106875121593475,21.42315644212067,nan,2482141.0,3309.0,1952.0,True
3,6,767925441029141955,ML-DSA-65,0.00024777278304100037,0.0003665848635137081,7.856078445911407e-05,21.589846402872354,nan,2482141.0,3309.0,1952.0,True
3,6,14151010005216354968,ML-DSA-65,0.0002729310654103756,0.0004047849215567112,9.035924449563026e-05,21.584347150288522,nan,2482141.0,3309.0,1952.0,True
3,6,16429536071763386141,ML-DSA-65,0.0002908087335526943,0.00018034130334854126,9.80691984295845e-05,21.693317922297865,nan,2482141.0,3309.0,1952.0,True
3,6,16156705430446143401,ML-DSA-65,0.0001547778956592083,0.00017555570229887962,8.339481428265572e-05,10.394374878145754,nan,2482141.0,3309.0,1952.0,True
3,7,767925441029141955,ML-DSA-65,0.00031716981902718544,0.00044759688898921013,9.072711691260338e-05,21.460846017114818,nan,2482141.0,3309.0,1952.0,True
3,7,16429536071763386141,ML-DSA-65,0.00022465689107775688,0.00014849286526441574,7.290160283446312e-05,21.565654029138386,nan,2482141.0,3309.0,1952.0,True
3,7,15494040578434724021,ML-DSA-65,0.0003265608102083206,0.0006591738201677799,7.343804463744164e-05,21.42531219497323,nan,2482141.0,3309.0,1952.0,True
3,7,14151010005216354968,ML-DSA-65,0.00016900384798645973,0.0003030290827155113,0.00013478891924023628,21.60280581889674,nan,2482141.0,3309.0,1952.0,True
3,7,16156705430446143401,ML-DSA-65,0.0001544230617582798,0.0001084599643945694,0.00010019587352871895,10.778927369974554,nan,2482141.0,3309.0,1952.0,True
3,8,15494040578434724021,ML-DSA-65,0.00023980485275387764,0.0002732030116021633,9.101582691073418e-05,21.65443290118128,nan,2482141.0,3309.0,1952.0,True
3,8,14151010005216354968,ML-DSA-65,0.00028910906985402107,0.00023003621026873589,7.344689220190048e-05,21.67768429312855,nan,2482141.0,3309.0,1952.0,True
3,8,767925441029141955,ML-DSA-65,0.00031513115391135216,0.0003396118991076946,7.202522829174995e-05,21.703353357035667,nan,2482141.0,3309.0,1952.0,True
3,8,16429536071763386141,ML-DSA-65,0.00022057071328163147,0.00029876502230763435,7.766485214233398e-05,21.778574518859386,nan,2482141.0,3309.0,1952.0,True
3,8,16156705430446143401,ML-DSA-65,0.00021984102204442024,0.00016650278121232986,8.728587999939919e-05,10.48750083707273,nan,2482141.0,3309.0,1952.0,True
3,9,767925441029141955,ML-DSA-65,0.00023429328575730324,0.0007957108318805695,0.00010916823521256447,21.820066206157207,nan,2482141.0,3309.0,1952.0,True
3,9,15494040578434724021,ML-DSA-65,0.00021805474534630775,0.00031713908538222313,8.886121213436127e-05,21.974807866849005,nan,2482141.0,3309.0,1952.0,True
3,9,14151010005216354968,ML-DSA-65,0.0002396758645772934,0.0003599366173148155,8.838670328259468e-05,22.040845799725503,nan,2482141.0,3309.0,1952.0,True
3,9,16429536071763386141,ML-DSA-65,0.0002228529192507267,0.0002094837836921215,0.00012405961751937866,22.36839911295101,nan,2482141.0,3309.0,1952.0,True
3,9,16156705430446143401,ML-DSA-65,0.0001544537954032421,0.00025428924709558487,9.312806650996208e-05,10.455575723666698,nan,2482141.0,3309.0,1952.0,True
3,10,767925441029141955,ML-DSA-65,0.00030533503741025925,0.0004186169244349003,9.295204654335976e-05,21.008905089925975,nan,2482141.0,3309.0,1952.0,True
3,10,15494040578434724021,ML-DSA-65,0.0004312898963689804,0.000354778952896595,8.782139047980309e-05,20.96471165306866,nan,2482141.0,3309.0,1952.0,True
3,10,14151010005216354968,ML-DSA-65,0.00015613902360200882,0.00019111577421426773,7.294723764061928e-05,21.13163544703275,nan,2482141.0,3309.0,1952.0,True
3,10,16429536071763386141,ML-DSA-65,0.00017583370208740234,0.0003126310184597969,8.765794336795807e-05,21.101739916950464,nan,2482141.0,3309.0,1952.0,True
3,10,16156705430446143401,ML-DSA-65,0.00015653809532523155,0.0005532330833375454,9.434064850211143e-05,10.649433515034616,nan,2482141.0,3309.0,1952.0,True
3,11,767925441029141955,ML-DSA-65,0.00022682501003146172,0.00047812191769480705,9.350618347525597e-05,21.314923711121082,nan,2482141.0,3309.0,1952.0,True
3,11,14151010005216354968,ML-DSA-65,0.00015894928947091103,0.00026326021179556847,7.403828203678131e-05,21.36974386544898,nan,2482141.0,3309.0,1952.0,True
3,11,15494040578434724021,ML-DSA-65,0.00015966733917593956,0.00020299479365348816,9.383074939250946e-05,21.427247422281653,nan,2482141.0,3309.0,1952.0,True
3,11,16429536071763386141,ML-DSA-65,0.0002968190237879753,0.00018691690638661385,7.160613313317299e-05,21.71866066707298,nan,2482141.0,3309.0,1952.0,True
3,11,16156705430446143401,ML-DSA-65,0.00021554017439484596,0.0001832200214266777,7.787765935063362e-05,10.485072123352438,nan,2482141.0,3309.0,1952.0,True
3,12,767925441029141955,ML-DSA-65,0.00030779093503952026,0.00041385507211089134,0.00012542586773633957,21.769010963849723,nan,2482141.0,3309.0,1952.0,True
3,12,15494040578434724021,ML-DSA-65,0.00037791114300489426,0.0008443938568234444,7.533468306064606e-05,21.776511890348047,nan,2482141.0,3309.0,1952.0,True
3,12,14151010005216354968,ML-DSA-65,0.00015870295464992523,0.00017266487702727318,7.41998665034771e-05,21.905739142093807,nan,2482141.0,3309.0,1952.0,True
3,12,16429536071763386141,ML-DSA-65,0.00016932375729084015,0.0001934058964252472,9.674718603491783e-05,21.841522735077888,nan,2482141.0,3309.0,1952.0,True
3,12,16156705430446143401,ML-DSA-65,0.0001550843007862568,0.0001903739757835865,7.34603963792324e-05,10.715026054996997,nan,2482141.0,3309.0,1952.0,True
3,13,14151010005216354968,ML-DSA-65,0.00027774181216955185,0.0003942428156733513,9.038485586643219e-05,21.79231652803719,nan,2482141.0,3309.0,1952.0,True
3,13,15494040578434724021,ML-DSA-65,0.00020180735737085342,0.00021935906261205673,7.272092625498772e-05,22.005046135745943,nan,2482141.0,3309.0,1952.0,True
3,13,16429536071763386141,ML-DSA-65,0.00012693693861365318,0.00022795004770159721,7.289974018931389e-05,21.996787962969393,nan,2482141.0,3309.0,1952.0,True
3,13,767925441029141955,ML-DSA-65,0.0002861940301954746,0.0002965247258543968,7.471535354852676e-05,22.003895303234458,nan,2482141.0,3309.0,1952.0,True
3,13,16156705430446143401,ML-DSA-65,0.00016084592789411545,0.0002791406586766243,8.856318891048431e-05,10.529426982626319,nan,2482141.0,3309.0,1952.0,True
3,14,767925441029141955,ML-DSA-65,0.00015899771824479103,0.0002468489110469818,9.181397035717964e-05,21.34250852232799,nan,2482141.0,3309.0,1952.0,True
3,14,16429536071763386141,ML-DSA-65,0.0003511989489197731,0.0005151410587131977,7.234932854771614e-05,21.515079502016306,nan,2482141.0,3309.0,1952.0,True
3,14,14151010005216354968,ML-DSA-65,0.00024150079116225243,0.00032913265749812126,0.00016610277816653252,21.508446089923382,nan,2482141.0,3309.0,1952.0,True
3,14,15494040578434724021,ML-DSA-65,0.00016508297994732857,0.0001353682018816471,7.866881787776947e-05,21.610525872558355,nan,2482141.0,3309.0,1952.0,True
3,14,16156705430446143401,ML-DSA-65,0.00024057505652308464,0.00016703177243471146,7.358193397521973e-05,10.434990347828716,nan,2482141.0,3309.0,1952.0,True
3,15,767925441029141955,ML-DSA-65,0.00019320612773299217,0.0005699256435036659,0.00015461677685379982,21.461978343315423,nan,2482141.0,3309.0,1952.0,True
3,15,16429536071763386141,ML-DSA-65,0.000378916971385479,0.0008391528390347958,0.00013073626905679703,21.585413318127394,nan,2482141.0,3309.0,1952.0,True
3,15,15494040578434724021,ML-DSA-65,0.00021121278405189514,0.0002088812179863453,0.00012079533189535141,21.581423053052276,nan,2482141.0,3309.0,1952.0,True
3,15,14151010005216354968,ML-DSA-65,0.000220603309571743,0.00062172906473279,0.00010627089068293571,21.651761875953525,nan,2482141.0,3309.0,1952.0,True
3,15,16156705430446143401,ML-DSA-65,0.00021018041297793388,0.0004953416064381599,0.00010604970157146454,10.436749706044793,nan,2482141.0,3309.0,1952.0,True
3,16,767925441029141955,ML-DSA-65,0.0003314511850476265,0.00034224335104227066,0.00015075458213686943,21.18273810390383,nan,2482141.0,3309.0,1952.0,True
3,16,16429536071763386141,ML-DSA-65,0.0001616068184375763,0.00022863270714879036,8.492078632116318e-05,21.345804781187326,nan,2482141.0,3309.0,1952.0,True
3,16,14151010005216354968,ML-DSA-65,0.00027674809098243713,0.0002077259123325348,9.108195081353188e-05,21.47735816705972,nan,2482141.0,3309.0,1952.0,True
3,16,15494040578434724021,ML-DSA-65,0.0002190978266298771,0.0002896701917052269,0.00012465007603168488,21.488763824105263,nan,2482141.0,3309.0,1952.0,True
3,16,16156705430446143401,ML-DSA-65,0.00015520211309194565,0.00021229078993201256,0.00010670395568013191,10.452262122184038,nan,2482141.0,3309.0,1952.0,True
3,17,767925441029141955,ML-DSA-65,0.0002210591919720173,0.00028957100585103035,9.026005864143372e-05,21.7446502270177,nan,2482141.0,3309.0,1952.0,True
3,17,15494040578434724021,ML-DSA-65,0.0003140019252896309,0.0006355550140142441,7.850304245948792e-05,21.775189908687025,nan,2482141.0,3309.0,1952.0,True
3,17,16429536071763386141,ML-DSA-65,0.0001562037505209446,0.0003534662537276745,7.30208121240139e-05,21.891971566714346,nan,2482141.0,3309.0,1952.0,True
3,17,14151010005216354968,ML-DSA-65,0.00019477307796478271,0.00032549304887652397,0.00010642316192388535,21.877484154887497,nan,2482141.0,3309.0,1952.0,True
3,17,16156705430446143401,ML-DSA-65,0.0002220170572400093,0.0002600080333650112,7.400102913379669e-05,10.460349437780678,nan,2482141.0,3309.0,1952.0,True
3,18,14151010005216354968,ML-DSA-65,0.0002198680303990841,0.00021129008382558823,8.855713531374931e-05,21.36621786095202,nan,2482141.0,3309.0,1952.0,True
3,18,15494040578434724021,ML-DSA-65,0.00015448406338691711,0.00030917488038539886,8.864235132932663e-05,21.55678110709414,nan,2482141.0,3309.0,1952.0,True
3,18,767925441029141955,ML-DSA-65,0.00015503494068980217,0.0001712469384074211,7.317913696169853e-05,21.666146894916892,nan,2482141.0,3309.0,1952.0,True
3,18,16429536071763386141,ML-DSA-65,0.0002805981785058975,0.00025078002363443375,7.268087938427925e-05,21.629617754835635,nan,2482141.0,3309.0,1952.0,True
3,18,16156705430446143401,ML-DSA-65,0.0001550130546092987,0.00021179812029004097,0.00012183887884020805,10.4895576601848,nan,2482141.0,3309.0,1952.0,True
3,19,15494040578434724021,ML-DSA-65,0.00026900414377450943,0.0008119880221784115,8.920207619667053e-05,21.623141853604466,nan,2482141.0,3309.0,1952.0,True
3,19,767925441029141955,ML-DSA-65,0.00023209815844893456,0.00022447993978857994,7.459800690412521e-05,21.733981150668114,nan,2482141.0,3309.0,1952.0,True
3,19,14151010005216354968,ML-DSA-65,0.00021809665486216545,0.0003425232134759426,7.351627573370934e-05,21.708531866781414,nan,2482141.0,3309.0,1952.0,True
3,19,16429536071763386141,ML-DSA-65,0.00037824036553502083,0.00031405501067638397,7.208716124296188e-05,21.696684427093714,nan,2482141.0,3309.0,1952.0,True
3,19,16156705430446143401,ML-DSA-65,0.0002201520837843418,0.0002169990912079811,7.855379953980446e-05,10.650167190935463,nan,2482141.0,3309.0,1952.0,True
3,20,14151010005216354968,ML-DSA-65,0.00027723703533411026,0.00020736688748002052,0.0001786830835044384,21.023960217367858,nan,2482141.0,3309.0,1952.0,True
3,20,16429536071763386141,ML-DSA-65,0.00014840532094240189,0.0005524749867618084,0.0001606978476047516,21.286504707299173,nan,2482141.0,3309.0,1952.0,True
3,20,15494040578434724021,ML-DSA-65,0.0003861458972096443,0.0005955267697572708,0.00013406621292233467,21.299702363088727,nan,2482141.0,3309.0,1952.0,True
3,20,767925441029141955,ML-DSA-65,0.00022564781829714775,0.00040871696546673775,9.083421900868416e-05,21.34532221732661,nan,2482141.0,3309.0,1952.0,True
3,20,16156705430446143401,ML-DSA-65,0.00015276717022061348,0.00012777838855981827,9.651342406868935e-05,10.588455465156585,nan,2482141.0,3309.0,1952.0,True
3,21,14151010005216354968,ML-DSA-65,0.0002351640723645687,0.00033192383125424385,0.0001257588155567646,22.265723809599876,nan,2482141.0,3309.0,1952.0,True
3,21,16429536071763386141,ML-DSA-65,0.00026913080364465714,0.00044676102697849274,8.673220872879028e-05,22.184480529744178,nan,2482141.0,3309.0,1952.0,True
3,21,767925441029141955,ML-DSA-65,0.0003574029542505741,0.00020660832524299622,0.00012284331023693085,22.71608412405476,nan,2482141.0,3309.0,1952.0,True
3,21,15494040578434724021,ML-DSA-65,0.00022331485524773598,0.00039850035682320595,8.349912241101265e-05,22.63879731995985,nan,2482141.0,3309.0,1952.0,True
3,21,16156705430446143401,ML-DSA-65,0.0002558981068432331,0.0001680878922343254,9.218929335474968e-05,10.77758320979774,nan,2482141.0,3309.0,1952.0,True
3,22,767925441029141955,ML-DSA-65,0.00019930070266127586,0.00028559891507029533,8.956622332334518e-05,20.683078905101866,nan,2482141.0,3309.0,1952.0,True
3,22,16429536071763386141,ML-DSA-65,0.0003530159592628479,0.00030659232288599014,7.378077134490013e-05,21.05275642219931,nan,2482141.0,3309.0,1952.0,True
3,22,14151010005216354968,ML-DSA-65,0.00031659798696637154,0.000348155852407217,7.391301915049553e-05,21.142740573268384,nan,2482141.0,3309.0,1952.0,True
3,22,15494040578434724021,ML-DSA-65,0.00032920902594923973,0.00015132268890738487,8.693290874361992e-05,21.1391696408391,nan,2482141.0,3309.0,1952.0,True
3,22,16156705430446143401,ML-DSA-65,0.00015236297622323036,0.0001464993692934513,7.311394438147545e-05,10.683812129311264,nan,2482141.0,3309.0,1952.0,True
3,23,15494040578434724021,ML-DSA-65,0.00020007789134979248,0.0004970049485564232,8.93501564860344e-05,21.694842502940446,nan,2482141.0,3309.0,1952.0,True
3,23,14151010005216354968,ML-DSA-65,0.0002509388141334057,0.00025023194029927254,7.388275116682053e-05,22.05987756419927,nan,2482141.0,3309.0,1952.0,True
3,23,767925441029141955,ML-DSA-65,0.00022883806377649307,0.00019608577713370323,7.283501327037811e-05,22.045098438858986,nan,2482141.0,3309.0,1952.0,True
3,23,16429536071763386141,ML-DSA-65,0.00019755680114030838,0.00015752436593174934,8.091097697615623e-05,22.165295127779245,nan,2482141.0,3309.0,1952.0,True
3,23,16156705430446143401,ML-DSA-65,0.0001543140970170498,0.0003750929608941078,9.903591126203537e-05,10.600282855797559,nan,2482141.0,3309.0,1952.0,True
3,24,16429536071763386141,ML-DSA-65,0.0003041601739823818,0.00038958899676799774,9.154202416539192e-05,21.320860689971596,nan,2482141.0,3309.0,1952.0,True
3,24,14151010005216354968,ML-DSA-65,0.00022302288562059402,0.0002086102031171322,7.428601384162903e-05,21.4039392368868,nan,2482141.0,3309.0,1952.0,True
3,24,767925441029141955,ML-DSA-65,0.00042174477130174637,0.0007240800186991692,7.390696555376053e-05,21.359638751950115,nan,2482141.0,3309.0,1952.0,True
3,24,15494040578434724021,ML-DSA-65,0.00015358813107013702,0.0003316570073366165,7.33821652829647e-05,21.459418249782175,nan,2482141.0,3309.0,1952.0,True
3,24,16156705430446143401,ML-DSA-65,0.000227414071559906,0.00021020416170358658,7.217517122626305e-05,10.56472606305033,nan,2482141.0,3309.0,1952.0,True
3,25,16429536071763386141,ML-DSA-65,0.0005052229389548302,0.0003621429204940796,0.00014994200319051743,21.84202161291614,nan,2482141.0,3309.0,1952.0,True
3,25,15494040578434724021,ML-DSA-65,0.00017989566549658775,0.00016414420679211617,9.040627628564835e-05,21.926429741084576,nan,2482141.0,3309.0,1952.0,True
3,25,14151010005216354968,ML-DSA-65,0.00015672901645302773,0.00022896472364664078,7.994892075657845e-05,22.10422867210582,nan,2482141.0,3309.0,1952.0,True
3,25,767925441029141955,ML-DSA-65,0.00015210779383778572,0.00027304282411932945,7.252395153045654e-05,22.18117177207023,nan,2482141.0,3309.0,1952.0,True
3,25,16156705430446143401,ML-DSA-65,0.0002201269380748272,0.00023034261539578438,0.00010919012129306793,10.55394633533433,nan,2482141.0,3309.0,1952.0,True
3,26,15494040578434724021,ML-DSA-65,0.00024005677551031113,0.0004094857722520828,9.254831820726395e-05,21.440314433071762,nan,2482141.0,3309.0,1952.0,True
3,26,767925441029141955,ML-DSA-65,0.0002008737064898014,0.00032491283491253853,7.269764319062233e-05,21.503857950214297,nan,2482141.0,3309.0,1952.0,True
3,26,14151010005216354968,ML-DSA-65,0.0001525641418993473,0.00013444898650050163,8.895201608538628e-05,21.771428103093058,nan,2482141.0,3309.0,1952.0,True
3,26,16429536071763386141,ML-DSA-65,0.00024472782388329506,0.000377885065972805,7.312698289752007e-05,21.69365467177704,nan,2482141.0,3309.0,1952.0,True
3,26,16156705430446143401,ML-DSA-65,0.00022293999791145325,0.00016729766502976418,8.247699588537216e-05,10.568870872724801,nan,2482141.0,3309.0,1952.0,True
3,27,16429536071763386141,ML-DSA-65,0.00027026282623410225,0.00021995091810822487,9.114481508731842e-05,21.1194331580773,nan,2482141.0,3309.0,1952.0,True
3,27,15494040578434724021,ML-DSA-65,0.00032203085720539093,0.0003246590495109558,8.50181095302105e-05,21.216295106802136,nan,2482141.0,3309.0,1952.0,True
3,27,14151010005216354968,ML-DSA-65,0.0002736351452767849,0.00022657588124275208,7.778266444802284e-05,21.57863739412278,nan,2482141.0,3309.0,1952.0,True
3,27,767925441029141955,ML-DSA-65,0.00016799615696072578,0.0002492251805961132,9.230431169271469e-05,21.629755664151162,nan,2482141.0,3309.0,1952.0,True
3,27,16156705430446143401,ML-DSA-65,0.00017427606508135796,0.00016902294009923935,7.25691206753254e-05,10.513817722909153,nan,2482141.0,3309.0,1952.0,True
3,28,15494040578434724021,ML-DSA-65,0.00027580559253692627,0.0004069078713655472,0.00010324874892830849,21.342167016118765,nan,2482141.0,3309.0,1952.0,True
3,28,16429536071763386141,ML-DSA-65,0.0003313068300485611,0.0002198084257543087,7.728999480605125e-05,21.397961103823036,nan,2482141.0,3309.0,1952.0,True
3,28,14151010005216354968,ML-DSA-65,0.00015565380454063416,0.00019076140597462654,9.806174784898758e-05,21.620407959911972,nan,2482141.0,3309.0,1952.0,True
3,28,767925441029141955,ML-DSA-65,0.00036369962617754936,0.0007170420140028,8.864002302289009e-05,21.59001524420455,nan,2482141.0,3309.0,1952.0,True
3,28,16156705430446143401,ML-DSA-65,0.0001533091999590397,0.0001303250901401043,0.00010833516716957092,10.477424490265548,nan,2482141.0,3309.0,1952.0,True
3,29,16429536071763386141,ML-DSA-65,0.00019513024017214775,0.000373906921595335,0.0001077800989151001,21.19096717517823,nan,2482141.0,3309.0,1952.0,True
3,29,767925441029141955,ML-DSA-65,0.0003881850279867649,0.0005729761905968189,7.285084575414658e-05,21.765775380190462,nan,2482141.0,3309.0,1952.0,True
3,29,14151010005216354968,ML-DSA-65,0.0002395310439169407,0.0002795620821416378,7.407320663332939e-05,21.941149880178273,nan,2482141.0,3309.0,1952.0,True
3,29,15494040578434724021,ML-DSA-65,0.00018871808424592018,0.0004253811202943325,7.424596697092056e-05,22.003202226944268,nan,2482141.0,3309.0,1952.0,True
3,29,16156705430446143401,ML-DSA-65,0.00015323003754019737,0.00010570790618658066,0.00010415725409984589,10.421607592143118,nan,2482141.0,3309.0,1952.0,True
3,30,767925441029141955,ML-DSA-65,0.0002155550755560398,0.00039406074211001396,9.321002289652824e-05,21.016055173240602,nan,2482141.0,3309.0,1952.0,True
3,30,16429536071763386141,ML-DSA-65,0.0002795308828353882,0.00035621505230665207,9.859073907136917e-05,21.363781990017742,nan,2482141.0,3309.0,1952.0,True
3,30,14151010005216354968,ML-DSA-65,0.00021869875490665436,0.00029295915737748146,8.588889613747597e-05,21.484594515059143,nan,2482141.0,3309.0,1952.0,True
3,30,15494040578434724021,ML-DSA-65,0.0002322387881577015,0.00033314432948827744,9.594764560461044e-05,21.66450563399121,nan,2482141.0,3309.0,1952.0,True
3,30,16156705430446143401,ML-DSA-65,0.0001527681015431881,0.00018762657418847084,9.474903345108032e-05,10.457258033100516,nan,2482141.0,3309.0,1952.0,True
3,31,16429536071763386141,ML-DSA-65,0.00028825830668210983,0.00047985324636101723,0.00012260209769010544,21.180597620084882,nan,2482141.0,3309.0,1952.0,True
3,31,767925441029141955,ML-DSA-65,0.00019942410290241241,0.0005644820630550385,7.175188511610031e-05,21.188755587209016,nan,2482141.0,3309.0,1952.0,True
3,31,14151010005216354968,ML-DSA-65,0.00015228381380438805,0.0001908848062157631,8.677924051880836e-05,21.465999762061983,nan,2482141.0,3309.0,1952.0,True
3,31,15494040578434724021,ML-DSA-65,0.00016567623242735863,0.00019299006089568138,8.195312693715096e-05,21.650494737084955,nan,2482141.0,3309.0,1952.0,True
3,31,16156705430446143401,ML-DSA-65,0.00015184096992015839,0.00014840206131339073,7.27260485291481e-05,10.553406678140163,nan,2482141.0,3309.0,1952.0,True
3,32,14151010005216354968,ML-DSA-65,0.0002886303700506687,0.00035605020821094513,0.00012474507093429565,21.32014599395916,nan,2482141.0,3309.0,1952.0,True
3,32,16429536071763386141,ML-DSA-65,0.00018232222646474838,0.00042331917211413383,7.390091195702553e-05,21.317197224125266,nan,2482141.0,3309.0,1952.0,True
3,32,15494040578434724021,ML-DSA-65,0.0004571201279759407,0.0005287611857056618,7.41579569876194e-05,21.308722713962197,nan,2482141.0,3309.0,1952.0,True
3,32,767925441029141955,ML-DSA-65,0.00021796906366944313,0.0002019261009991169,8.872710168361664e-05,21.407844333909452,nan,2482141.0,3309.0,1952.0,True
3,32,16156705430446143401,ML-DSA-65,0.000157190952450037,0.00015918491408228874,7.41519033908844e-05,10.327237451914698,nan,2482141.0,3309.0,1952.0,True
3,33,16429536071763386141,ML-DSA-65,0.0004528891295194626,0.00038818782195448875,9.381398558616638e-05,21.7995627024211,nan,2482141.0,3309.0,1952.0,True
3,33,767925441029141955,ML-DSA-65,0.0002589789219200611,0.0003224858082830906,7.39777460694313e-05,21.780620046891272,nan,2482141.0,3309.0,1952.0,True
3,33,14151010005216354968,ML-DSA-65,0.00021202163770794868,0.00026231585070490837,8.232379332184792e-05,21.84984553605318,nan,2482141.0,3309.0,1952.0,True
3,33,15494040578434724021,ML-DSA-65,0.00017527304589748383,0.00018898583948612213,9.17571596801281e-05,21.980296176392585,nan,2482141.0,3309.0,1952.0,True
3,33,16156705430446143401,ML-DSA-65,0.00023455312475562096,0.00014374405145645142,8.931709453463554e-05,10.462500560097396,nan,2482141.0,3309.0,1952.0,True
3,34,15494040578434724021,ML-DSA-65,0.00023782113566994667,0.0004592030309140682,9.297206997871399e-05,21.506239356007427,nan,2482141.0,3309.0,1952.0,True
3,34,14151010005216354968,ML-DSA-65,0.00016593001782894135,0.00016852794215083122,7.076002657413483e-05,21.520347442943603,nan,2482141.0,3309.0,1952.0,True
3,34,767925441029141955,ML-DSA-65,0.00016561709344387054,0.00025366805493831635,7.265293970704079e-05,21.591241624206305,nan,2482141.0,3309.0,1952.0,True
3,34,16429536071763386141,ML-DSA-65,0.00015255995094776154,0.0001831180416047573,7.29910098016262e-05,21.71377978986129,nan,2482141.0,3309.0,1952.0,True
3,34,16156705430446143401,ML-DSA-65,0.00015485892072319984,0.00018800096586346626,7.537193596363068e-05,10.363939804024994,nan,2482141.0,3309.0,1952.0,True
3,35,16429536071763386141,ML-DSA-65,0.0003661620430648327,0.0003750687465071678,0.000101474579423666,21.35138183599338,nan,2482141.0,3309.0,1952.0,True
3,35,767925441029141955,ML-DSA-65,0.0004758639261126518,0.0007179640233516693,9.326310828328133e-05,21.384474772959948,nan,2482141.0,3309.0,1952.0,True
3,35,14151010005216354968,ML-DSA-65,0.000304575078189373,0.00024004094302654266,7.474375888705254e-05,21.41930512804538,nan,2482141.0,3309.0,1952.0,True
3,35,15494040578434724021,ML-DSA-65,0.0002154042012989521,0.00019498495385050774,7.326481863856316e-05,21.499185911845416,nan,2482141.0,3309.0,1952.0,True
3,35,16156705430446143401,ML-DSA-65,0.00021981215104460716,0.00026269396767020226,7.401499897241592e-05,10.64615894202143,nan,2482141.0,3309.0,1952.0,True
3,36,15494040578434724021,ML-DSA-65,0.0002688937820494175,0.00026713917031884193,9.549595415592194e-05,21.46891799196601,nan,2482141.0,3309.0,1952.0,True
3,36,14151010005216354968,ML-DSA-65,0.0001522027887403965,0.00030475202947854996,7.23893754184246e-05,21.676237599924207,nan,2482141.0,3309.0,1952.0,True
3,36,767925441029141955,ML-DSA-65,0.00020878715440630913,0.0003325720317661762,8.942093700170517e-05,21.810703535098583,nan,2482141.0,3309.0,1952.0,True
3,36,16429536071763386141,ML-DSA-65,0.00015937397256493568,0.00037765828892588615,7.222406566143036e-05,21.860598662868142,nan,2482141.0,3309.0,1952.0,True
3,36,16156705430446143401,ML-DSA-65,0.00015952205285429955,0.00025814399123191833,7.345620542764664e-05,10.657750687096268,nan,2482141.0,3309.0,1952.0,True
3,37,16429536071763386141,ML-DSA-65,0.000345821026712656,0.00022976985201239586,9.283004328608513e-05,21.3216251260601,nan,2482141.0,3309.0,1952.0,True
3,37,14151010005216354968,ML-DSA-65,0.00024749571457505226,0.0004215948283672333,8.011888712644577e-05,21.45576681289822,nan,2482141.0,3309.0,1952.0,True
3,37,15494040578434724021,ML-DSA-65,0.00019607413560152054,0.00014917319640517235,7.391581311821938e-05,21.525452700909227,nan,2482141.0,3309.0,1952.0,True
3,37,767925441029141955,ML-DSA-65,0.0002216189168393612,0.00021065399050712585,9.941495954990387e-05,21.601404236163944,nan,2482141.0,3309.0,1952.0,True
3,37,16156705430446143401,ML-DSA-65,0.0002192608080804348,0.000191408209502697,7.960991933941841e-05,10.422911803238094,nan,2482141.0,3309.0,1952.0,True
3,38,767925441029141955,ML-DSA-65,0.00023087766021490097,0.00017765304073691368,9.114481508731842e-05,22.492247440852225,nan,2482141.0,3309.0,1952.0,True
3,38,14151010005216354968,ML-DSA-65,0.00022701499983668327,0.00034761009737849236,0.00016525713726878166,22.76797420112416,nan,2482141.0,3309.0,1952.0,True
3,38,15494040578434724021,ML-DSA-65,0.00023212376981973648,0.0003484250046312809,7.793493568897247e-05,22.759274112060666,nan,2482141.0,3309.0,1952.0,True
3,38,16429536071763386141,ML-DSA-65,0.00022138189524412155,0.00045242300257086754,0.00013627996668219566,22.79318290716037,nan,2482141.0,3309.0,1952.0,True
3,38,16156705430446143401,ML-DSA-65,0.00015609804540872574,0.00015175901353359222,0.00010498287156224251,10.546025491785258,nan,2482141.0,3309.0,1952.0,True
3,39,16429536071763386141,ML-DSA-65,0.00014855200424790382,0.0002804771065711975,0.00016102613881230354,21.484083668794483,nan,2482141.0,3309.0,1952.0,True
3,39,767925441029141955,ML-DSA-65,0.0002790200524032116,0.00028857216238975525,0.00011666910722851753,21.408237667754292,nan,2482141.0,3309.0,1952.0,True
3,39,14151010005216354968,ML-DSA-65,0.0003917952999472618,0.00026913732290267944,0.00013579893857240677,21.437769395764917,nan,2482141.0,3309.0,1952.0,True
3,39,15494040578434724021,ML-DSA-65,0.00015263119712471962,0.00022107083350419998,0.0001434297300875187,21.54644150286913,nan,2482141.0,3309.0,1952.0,True
3,39,16156705430446143401,ML-DSA-65,0.00015720538794994354,0.0002387980930507183,0.00012233713641762733,10.42789825797081,nan,2482141.0,3309.0,1952.0,True
3,40,15494040578434724021,ML-DSA-65,0.00022530509158968925,0.0003622947260737419,0.00019183196127414703,21.175844135228544,nan,2482141.0,3309.0,1952.0,True
3,40,14151010005216354968,ML-DSA-65,0.0005055689252912998,0.00038265110924839973,0.0001567038707435131,21.44880111096427,nan,2482141.0,3309.0,1952.0,True
3,40,16429536071763386141,ML-DSA-65,0.0001568412408232689,0.0006184978410601616,8.185207843780518e-05,21.595132204238325,nan,2482141.0,3309.0,1952.0,True
3,40,767925441029141955,ML-DSA-65,0.000170042272657156,0.00014412403106689453,8.681835606694221e-05,21.601129210088402,nan,2482141.0,3309.0,1952.0,True
3,40,16156705430446143401,ML-DSA-65,0.00021624984219670296,0.00020049512386322021,9.959889575839043e-05,10.53456378588453,nan,2482141.0,3309.0,1952.0,True
3,41,767925441029141955,ML-DSA-65,0.00019979942589998245,0.0003120880573987961,9.255297482013702e-05,21.265959633048624,nan,2482141.0,3309.0,1952.0,True
3,41,15494040578434724021,ML-DSA-65,0.00022348901256918907,0.00027918722480535507,7.409974932670593e-05,21.42061170283705,nan,2482141.0,3309.0,1952.0,True
3,41,16429536071763386141,ML-DSA-65,0.00025350693613290787,0.0002551879733800888,9.03131440281868e-05,21.61602716287598,nan,2482141.0,3309.0,1952.0,True
3,41,14151010005216354968,ML-DSA-65,0.0002303081564605236,0.0002750256098806858,0.00012770108878612518,21.58622954180464,nan,2482141.0,3309.0,1952.0,True
3,41,16156705430446143401,ML-DSA-65,0.00015405705198645592,0.00011595897376537323,7.449928671121597e-05,10.348938657902181,nan,2482141.0,3309.0,1952.0,True
3,42,767925441029141955,ML-DSA-65,0.00023026484996080399,0.0004522111266851425,9.136088192462921e-05,21.112247505690902,nan,2482141.0,3309.0,1952.0,True
3,42,14151010005216354968,ML-DSA-65,0.0002304106019437313,0.0002215048298239708,0.00019636191427707672,21.615688590332866,nan,2482141.0,3309.0,1952.0,True
3,42,15494040578434724021,ML-DSA-65,0.00017363764345645905,0.00030106911435723305,7.324293255805969e-05,21.514829180203378,nan,2482141.0,3309.0,1952.0,True
3,42,16429536071763386141,ML-DSA-65,0.0001618536189198494,0.0004015350714325905,9.182514622807503e-05,21.666239890269935,nan,2482141.0,3309.0,1952.0,True
3,42,16156705430446143401,ML-DSA-65,0.00015471084043383598,0.0002613780088722706,7.210811600089073e-05,10.620923042763025,nan,2482141.0,3309.0,1952.0,True
3,43,15494040578434724021,ML-DSA-65,0.00029997387900948524,0.000732135958969593,0.00010241009294986725,21.433818546589464,nan,2482141.0,3309.0,1952.0,True
3,43,16429536071763386141,ML-DSA-65,0.0003265431150794029,0.00020892079919576645,7.490301504731178e-05,21.45073378412053,nan,2482141.0,3309.0,1952.0,True
3,43,14151010005216354968,ML-DSA-65,0.00015964219346642494,0.0001593329943716526,7.938314229249954e-05,21.482441009953618,nan,2482141.0,3309.0,1952.0,True
3,43,767925441029141955,ML-DSA-65,0.0001544835977256298,0.00014509819447994232,7.626507431268692e-05,21.68640376906842,nan,2482141.0,3309.0,1952.0,True
3,43,16156705430446143401,ML-DSA-65,0.0002260599285364151,0.0001442660577595234,9.108195081353188e-05,10.716066555120051,nan,2482141.0,3309.0,1952.0,True
3,44,14151010005216354968,ML-DSA-65,0.00032236939296126366,0.000314496923238039,9.43569466471672e-05,21.551819059997797,nan,2482141.0,3309.0,1952.0,True
3,44,16429536071763386141,ML-DSA-65,0.0003433222882449627,0.001261990051716566,7.349532097578049e-05,21.569662170950323,nan,2482141.0,3309.0,1952.0,True
3,44,15494040578434724021,ML-DSA-65,0.00015383167192339897,0.00016862107440829277,7.411371916532516e-05,21.775144699029624,nan,2482141.0,3309.0,1952.0,True
3,44,767925441029141955,ML-DSA-65,0.0002247607335448265,0.00015644868835806847,7.474329322576523e-05,21.794594023842365,nan,2482141.0,3309.0,1952.0,True
3,44,16156705430446143401,ML-DSA-65,0.00015383213758468628,0.0001646452583372593,8.223205804824829e-05,10.402708177920431,nan,2482141.0,3309.0,1952.0,True
3,45,14151010005216354968,ML-DSA-65,0.00020304089412093163,0.00016868766397237778,8.88388603925705e-05,21.173339045140892,nan,2482141.0,3309.0,1952.0,True
3,45,767925441029141955,ML-DSA-65,0.00019636796787381172,0.00045885704457759857,0.00012154923751950264,21.308281030971557,nan,2482141.0,3309.0,1952.0,True
3,45,15494040578434724021,ML-DSA-65,0.00015234481543302536,0.00017378292977809906,7.387390360236168e-05,21.433790570124984,nan,2482141.0,3309.0,1952.0,True
3,45,16429536071763386141,ML-DSA-65,0.00017874594777822495,0.00015470199286937714,7.60769471526146e-05,21.69851472461596,nan,2482141.0,3309.0,1952.0,True
3,45,16156705430446143401,ML-DSA-65,0.00021367007866501808,0.000270770862698555,7.375003769993782e-05,10.682153863832355,nan,2482141.0,3309.0,1952.0,True
3,46,14151010005216354968,ML-DSA-65,0.00031052855774760246,0.0005225557833909988,8.993595838546753e-05,21.014373653102666,nan,2482141.0,3309.0,1952.0,True
3,46,767925441029141955,ML-DSA-65,0.00019663898274302483,0.00035419687628746033,7.979292422533035e-05,21.279092696961015,nan,2482141.0,3309.0,1952.0,True
3,46,16429536071763386141,ML-DSA-65,0.0002200370654463768,0.0004264521412551403,8.880719542503357e-05,21.53790396731347,nan,2482141.0,3309.0,1952.0,True
3,46,15494040578434724021,ML-DSA-65,0.00024081720039248466,0.0002288222312927246,7.20759853720665e-05,21.768586688209325,nan,2482141.0,3309.0,1952.0,True
3,46,16156705430446143401,ML-DSA-65,0.00018500210717320442,0.00014344509690999985,7.536914199590683e-05,10.51705274078995,nan,2482141.0,3309.0,1952.0,True
3,47,15494040578434724021,ML-DSA-65,0.0002095443196594715,0.00029932986944913864,9.175995364785194e-05,21.294378529768437,nan,2482141.0,3309.0,1952.0,True
3,47,16429536071763386141,ML-DSA-65,0.0003507290966808796,0.00036687031388282776,7.216772064566612e-05,21.384019243065268,nan,2482141.0,3309.0,1952.0,True
3,47,14151010005216354968,ML-DSA-65,0.00026245275512337685,0.00015734322369098663,7.20336101949215e-05,21.516775692347437,nan,2482141.0,3309.0,1952.0,True
3,47,767925441029141955,ML-DSA-65,0.00015466194599866867,0.0001941099762916565,8.973479270935059e-05,21.543473592959344,nan,2482141.0,3309.0,1952.0,True
3,47,16156705430446143401,ML-DSA-65,0.0002179318107664585,0.00018774671480059624,9.730830788612366e-05,10.682261403184384,nan,2482141.0,3309.0,1952.0,True
3,48,767925441029141955,ML-DSA-65,0.0002564447931945324,0.00026662973687052727,0.00010697077959775925,21.304055377840996,nan,2482141.0,3309.0,1952.0,True
3,48,14151010005216354968,ML-DSA-65,0.00034222984686493874,0.00039374176412820816,9.211990982294083e-05,21.622043744195253,nan,2482141.0,3309.0,1952.0,True
3,48,15494040578434724021,ML-DSA-65,0.00023814663290977478,0.00021762913092970848,7.71908089518547e-05,21.704977578949183,nan,2482141.0,3309.0,1952.0,True
3,48,16429536071763386141,ML-DSA-65,0.00020796991884708405,0.0002170400694012642,7.462175562977791e-05,21.731879129074514,nan,2482141.0,3309.0,1952.0,True
3,48,16156705430446143401,ML-DSA-65,0.0001601092517375946,0.00014450494199991226,9.59089957177639e-05,10.512948158197105,nan,2482141.0,3309.0,1952.0,True
3,49,14151010005216354968,ML-DSA-65,0.00041081104427576065,0.00024295272305607796,9.603798389434814e-05,21.119773475453258,nan,2482141.0,3309.0,1952.0,True
3,49,15494040578434724021,ML-DSA-65,0.00015760911628603935,0.00042091915383934975,7.581105455756187e-05,21.071163305081427,nan,2482141.0,3309.0,1952.0,True
3,49,16429536071763386141,ML-DSA-65,0.00015889573842287064,0.00021041790023446083,7.913494482636452e-05,21.2579186684452,nan,2482141.0,3309.0,1952.0,True
3,49,767925441029141955,ML-DSA-65,0.0002168361097574234,0.00020123086869716644,8.238805457949638e-05,21.535056981258094,nan,2482141.0,3309.0,1952.0,True
3,49,16156705430446143401,ML-DSA-65,0.0001515648327767849,0.0005058366805315018,7.589487358927727e-05,10.394400728866458,nan,2482141.0,3309.0,1952.0,True
3,50,767925441029141955,ML-DSA-65,0.0003759898245334625,0.0007463260553777218,0.00013715075328946114,21.021859641186893,nan,2482141.0,3309.0,1952.0,True
3,50,15494040578434724021,ML-DSA-65,0.0002045556902885437,0.0003294004127383232,0.00010605296120047569,21.31015155185014,nan,2482141.0,3309.0,1952.0,True
3,50,14151010005216354968,ML-DSA-65,0.0002316250465810299,0.0005669831298291683,7.234187796711922e-05,21.35986695997417,nan,2482141.0,3309.0,1952.0,True
3,50,16429536071763386141,ML-DSA-65,0.00021851295605301857,0.0002259397879242897,7.194187492132187e-05,21.359277260955423,nan,2482141.0,3309.0,1952.0,True
3,50,16156705430446143401,ML-DSA-65,0.0001528593711555004,0.00011511798948049545,7.243640720844269e-05,10.476607138291001,nan,2482141.0,3309.0,1952.0,True
4,1,5216315757739753923,ML-DSA-65,0.0021796543151140213,0.0008697472512722015,0.00011654431000351906,21.734738774131984,2.1916590449147333,2482141.0,3309.0,1952.0,True
4,1,12029281445387356117,ML-DSA-65,0.0024858913384377956,0.0004872642457485199,7.65891745686531e-05,21.962668606080115,2.1040809935274214,2482141.0,3309.0,1952.0,True
4,1,18446501395051796831,ML-DSA-65,0.0015245797112584114,0.00043676188215613365,7.512001320719719e-05,22.029990954790264,2.2479305084521015,2482141.0,3309.0,1952.0,True
4,1,16769360279784182754,ML-DSA-65,0.0009559770114719868,0.00030311616137623787,0.00011109607294201851,22.20181175880134,2.1820762465937067,2482141.0,3309.0,1952.0,True
4,1,15936605297579415334,ML-DSA-65,0.00016438309103250504,0.00012657325714826584,8.16970132291317e-05,10.861058849841356,nan,2482141.0,3309.0,1952.0,True
4,2,5216315757739753923,ML-DSA-65,0.0002527208998799324,0.00037413323298096657,0.00010125478729605675,21.58761959616095,nan,2482141.0,3309.0,1952.0,True
4,2,12029281445387356117,ML-DSA-65,0.00029637105762958527,0.00038565974682569504,8.600298315286636e-05,21.72571710124612,nan,2482141.0,3309.0,1952.0,True
4,2,16769360279784182754,ML-DSA-65,0.00015396811068058014,0.00012955069541931152,7.561594247817993e-05,21.776275791227818,nan,2482141.0,3309.0,1952.0,True
4,2,18446501395051796831,ML-DSA-65,0.00022418098524212837,0.00038895383477211,0.00010734191164374352,21.64691545208916,nan,2482141.0,3309.0,1952.0,True
4,2,15936605297579415334,ML-DSA-65,0.0001613609492778778,0.0003153989091515541,7.416587322950363e-05,10.568990287836641,nan,2482141.0,3309.0,1952.0,True
4,3,18446501395051796831,ML-DSA-65,0.00036408286541700363,0.0002803849056363106,0.0001111319288611412,21.779736404307187,nan,2482141.0,3309.0,1952.0,True
4,3,12029281445387356117,ML-DSA-65,0.0003599608317017555,0.00043374672532081604,7.542921230196953e-05,21.946536063682288,nan,2482141.0,3309.0,1952.0,True
4,3,5216315757739753923,ML-DSA-65,0.00021152524277567863,0.00036733318120241165,7.219426333904266e-05,22.213495695963502,nan,2482141.0,3309.0,1952.0,True
4,3,16769360279784182754,ML-DSA-65,0.0002919812686741352,0.00022126827389001846,7.453607395291328e-05,22.130860204342753,nan,2482141.0,3309.0,1952.0,True
4,3,15936605297579415334,ML-DSA-65,0.0002321428619325161,0.0003317086957395077,9.056692942976952e-05,10.681551604066044,nan,2482141.0,3309.0,1952.0,True
4,4,12029281445387356117,ML-DSA-65,0.00035507604479789734,0.0002274191938340664,0.00010854704305529594,21.683503199834377,nan,2482141.0,3309.0,1952.0,True
4,4,5216315757739753923,ML-DSA-65,0.0002706749364733696,0.0005681701004505157,0.00012037204578518867,21.771625325083733,nan,2482141.0,3309.0,1952.0,True
4,4,16769360279784182754,ML-DSA-65,0.00043867575004696846,0.0005502072162926197,7.341988384723663e-05,21.783182266168296,nan,2482141.0,3309.0,1952.0,True
4,4,18446501395051796831,ML-DSA-65,0.00022270670160651207,0.0003298199735581875,7.278192788362503e-05,21.908586614765227,nan,2482141.0,3309.0,1952.0,True
4,4,15936605297579415334,ML-DSA-65,0.00015852972865104675,0.00013016676530241966,7.416913285851479e-05,10.336696320679039,nan,2482141.0,3309.0,1952.0,True
4,5,5216315757739753923,ML-DSA-65,0.00016888976097106934,0.00030473386868834496,9.306007996201515e-05,21.62522322498262,nan,2482141.0,3309.0,1952.0,True
4,5,18446501395051796831,ML-DSA-65,0.0003317217342555523,0.00027720164507627487,8.859392255544662e-05,22.207635203842074,nan,2482141.0,3309.0,1952.0,True
4,5,16769360279784182754,ML-DSA-65,0.0003712661564350128,0.00016409577801823616,7.38627277314663e-05,22.108748802915215,nan,2482141.0,3309.0,1952.0,True
4,5,12029281445387356117,ML-DSA-65,0.0002176971174776554,0.00024340813979506493,7.430091500282288e-05,22.268704331014305,nan,2482141.0,3309.0,1952.0,True
4,5,15936605297579415334,ML-DSA-65,0.00024949898943305016,0.00023739878088235855,7.192697376012802e-05,10.664272747933865,nan,2482141.0,3309.0,1952.0,True
4,6,12029281445387356117,ML-DSA-65,0.00031525641679763794,0.00031733978539705276,8.904002606868744e-05,21.45277292886749,nan,2482141.0,3309.0,1952.0,True
4,6,16769360279784182754,ML-DSA-65,0.00028345920145511627,0.0002290499396622181,8.224602788686752e-05,21.527910600882024,nan,2482141.0,3309.0,1952.0,True
4,6,18446501395051796831,ML-DSA-65,0.00030168425291776657,0.0004272828809916973,8.539203554391861e-05,21.523067593108863,nan,2482141.0,3309.0,1952.0,True
4,6,5216315757739753923,ML-DSA-65,0.00028411904349923134,0.00022495165467262268,7.352419197559357e-05,21.622540794778615,nan,2482141.0,3309.0,1952.0,True
4,6,15936605297579415334,ML-DSA-65,0.00015705078840255737,0.00018733786419034004,7.180310785770416e-05,10.356532532721758,nan,2482141.0,3309.0,1952.0,True
4,7,12029281445387356117,ML-DSA-65,0.0003374023362994194,0.0005706078372895718,9.742099791765213e-05,21.086747894994915,nan,2482141.0,3309.0,1952.0,True
4,7,5216315757739753923,ML-DSA-65,0.0002544890157878399,0.0004815240390598774,7.401080802083015e-05,21.38510389206931,nan,2482141.0,3309.0,1952.0,True
4,7,18446501395051796831,ML-DSA-65,0.00020259106531739235,0.00015700189396739006,7.36461952328682e-05,21.504495083820075,nan,2482141.0,3309.0,1952.0,True
4,7,16769360279784182754,ML-DSA-65,0.0001526838168501854,0.00019651604816317558,9.964266791939735e-05,21.626455327961594,nan,2482141.0,3309.0,1952.0,True
4,7,15936605297579415334,ML-DSA-65,0.0001518665812909603,0.00021232431754469872,7.340312004089355e-05,10.348381755873561,nan,2482141.0,3309.0,1952.0,True
4,8,16769360279784182754,ML-DSA-65,0.00022233882918953896,0.00018317066133022308,0.00010251486673951149,21.471915963105857,nan,2482141.0,3309.0,1952.0,True
4,8,18446501395051796831,ML-DSA-65,0.0003009578213095665,0.00024609826505184174,8.167000487446785e-05,21.547483270056546,nan,2482141.0,3309.0,1952.0,True
4,8,12029281445387356117,ML-DSA-65,0.00015785079449415207,0.0003010490909218788,7.982179522514343e-05,21.625026599038392,nan,2482141.0,3309.0,1952.0,True
4,8,5216315757739753923,ML-DSA-65,0.0001636231318116188,0.0001367400400340557,8.257338777184486e-05,21.698760798200965,nan,2482141.0,3309.0,1952.0,True
4,8,15936605297579415334,ML-DSA-65,0.000216594897210598,0.00023806607350707054,9.450921788811684e-05,10.634466635994613,nan,2482141.0,3309.0,1952.0,True
4,9,5216315757739753923,ML-DSA-65,0.00019486015662550926,0.00019255513325333595,0.00015487009659409523,20.883805501740426,nan,2482141.0,3309.0,1952.0,True
4,9,18446501395051796831,ML-DSA-65,0.00044634798541665077,0.0003438089042901993,0.00014747167006134987,21.058035124093294,nan,2482141.0,3309.0,1952.0,True
4,9,16769360279784182754,ML-DSA-65,0.00041488418355584145,0.0005536279641091824,0.00010452326387166977,21.22372692031786,nan,2482141.0,3309.0,1952.0,True
4,9,12029281445387356117,ML-DSA-65,0.00016648508608341217,0.00036652805283665657,0.00010534189641475677,21.29824027698487,nan,2482141.0,3309.0,1952.0,True
4,9,15936605297579415334,ML-DSA-65,0.00015416182577610016,0.00025239400565624237,0.00013649510219693184,10.242156567052007,nan,2482141.0,3309.0,1952.0,True
4,10,5216315757739753923,ML-DSA-65,0.0004162401892244816,0.00030859094113111496,9.117228910326958e-05,21.007689976133406,nan,2482141.0,3309.0,1952.0,True
4,10,12029281445387356117,ML-DSA-65,0.0002754870802164078,0.00021010031923651695,8.581485599279404e-05,20.893866187892854,nan,2482141.0,3309.0,1952.0,True
4,10,16769360279784182754,ML-DSA-65,0.00015524495393037796,0.00014920486137270927,7.911399006843567e-05,21.08813638286665,nan,2482141.0,3309.0,1952.0,True
4,10,18446501395051796831,ML-DSA-65,0.00015499303117394447,0.000177077017724514,0.0001247171312570572,21.19642457785085,nan,2482141.0,3309.0,1952.0,True
4,10,15936605297579415334,ML-DSA-65,0.0001508789137005806,0.00018784217536449432,7.233908399939537e-05,10.467963703908026,nan,2482141.0,3309.0,1952.0,True
4,11,18446501395051796831,ML-DSA-65,0.0004078280180692673,0.00039484910666942596,9.185634553432465e-05,21.258586923591793,nan,2482141.0,3309.0,1952.0,True
4,11,12029281445387356117,ML-DSA-65,0.00019516004249453545,0.0002476251684129238,8.412916213274002e-05,21.419665676075965,nan,2482141.0,3309.0,1952.0,True
4,11,16769360279784182754,ML-DSA-65,0.00015839328989386559,0.0002590678632259369,9.195273742079735e-05,21.46144010638818,nan,2482141.0,3309.0,1952.0,True
4,11,5216315757739753923,ML-DSA-65,0.0001522689126431942,0.0001353970728814602,8.661206811666489e-05,21.721678858157247,nan,2482141.0,3309.0,1952.0,True
4,11,15936605297579415334,ML-DSA-65,0.0001534721814095974,0.00017950916662812233,7.419288158416748e-05,10.786446768790483,nan,2482141.0,3309.0,1952.0,True
4,12,18446501395051796831,ML-DSA-65,0.0001955963671207428,0.0002164090983569622,9.406823664903641e-05,21.470768752042204,nan,2482141.0,3309.0,1952.0,True
4,12,16769360279784182754,ML-DSA-65,0.0003308728337287903,0.0004924382083117962,7.316982373595238e-05,21.391930053941905,nan,2482141.0,3309.0,1952.0,True
4,12,12029281445387356117,ML-DSA-65,0.00016346434131264687,0.00014765700325369835,7.196096703410149e-05,21.614257072098553,nan,2482141.0,3309.0,1952.0,True
4,12,5216315757739753923,ML-DSA-65,0.00021630432456731796,0.0003127497620880604,8.839787915349007e-05,21.6583247683011,nan,2482141.0,3309.0,1952.0,True
4,12,15936605297579415334,ML-DSA-65,0.00015405938029289246,0.00015271781012415886,7.401406764984131e-05,10.346896416042,nan,2482141.0,3309.0,1952.0,True
4,13,12029281445387356117,ML-DSA-65,0.0002448447048664093,0.001199834980070591,9.048264473676682e-05,21.14239564212039,nan,2482141.0,3309.0,1952.0,True
4,13,18446501395051796831,ML-DSA-65,0.0002201390452682972,0.0006708260625600815,7.295375689864159e-05,21.322809532284737,nan,2482141.0,3309.0,1952.0,True
4,13,16769360279784182754,ML-DSA-65,0.0002147182822227478,0.0004520248621702194,0.00014032097533345222,21.411163998767734,nan,2482141.0,3309.0,1952.0,True
4,13,5216315757739753923,ML-DSA-65,0.00021732691675424576,0.00017699506133794785,0.00010842783376574516,21.515079780016094,nan,2482141.0,3309.0,1952.0,True
4,13,15936605297579415334,ML-DSA-65,0.00021851388737559319,0.0003833877854049206,9.006122127175331e-05,10.381691106129438,nan,2482141.0,3309.0,1952.0,True
4,14,12029281445387356117,ML-DSA-65,0.0002111140638589859,0.0002160361036658287,9.114667773246765e-05,21.243321360088885,nan,2482141.0,3309.0,1952.0,True
4,14,5216315757739753923,ML-DSA-65,0.00022694095969200134,0.00035220105201005936,7.296865805983543e-05,21.312032817862928,nan,2482141.0,3309.0,1952.0,True
4,14,18446501395051796831,ML-DSA-65,0.00015614600852131844,0.00034589599817991257,7.292767986655235e-05,21.567016653250903,nan,2482141.0,3309.0,1952.0,True
4,14,16769360279784182754,ML-DSA-65,0.00022889487445354462,0.0002327142283320427,7.35740177333355e-05,21.510132462717593,nan,2482141.0,3309.0,1952.0,True
4,14,15936605297579415334,ML-DSA-65,0.0001527140848338604,0.00018451502546668053,7.529323920607567e-05,10.255436528008431,nan,2482141.0,3309.0,1952.0,True
4,15,5216315757739753923,ML-DSA-65,0.0002412581816315651,0.00026297802105546,8.867122232913971e-05,21.178684774320573,nan,2482141.0,3309.0,1952.0,True
4,15,12029281445387356117,ML-DSA-65,0.0003188159316778183,0.0004173549823462963,8.76840204000473e-05,21.099890464916825,nan,2482141.0,3309.0,1952.0,True
4,15,18446501395051796831,ML-DSA-65,0.00015059206634759903,0.0005431603640317917,0.00013018399477005005,21.468923611100763,nan,2482141.0,3309.0,1952.0,True
4,15,16769360279784182754,ML-DSA-65,0.00015823869034647942,0.0002360776998102665,8.793594315648079e-05,21.550674794707447,nan,2482141.0,3309.0,1952.0,True
4,15,15936605297579415334,ML-DSA-65,0.0001725391484797001,0.00039139483124017715,0.00010774098336696625,10.289964188355953,nan,2482141.0,3309.0,1952.0,True
4,16,5216315757739753923,ML-DSA-65,0.00021799607202410698,0.0002818228676915169,0.00010942807421088219,21.367019748315215,nan,2482141.0,3309.0,1952.0,True
4,16,12029281445387356117,ML-DSA-65,0.0003588870167732239,0.00036098528653383255,0.00030120788142085075,21.39315265417099,nan,2482141.0,3309.0,1952.0,True
4,16,16769360279784182754,ML-DSA-65,0.0005970550701022148,0.0004830220714211464,9.443378075957298e-05,21.35010505421087,nan,2482141.0,3309.0,1952.0,True
4,16,18446501395051796831,ML-DSA-65,0.00024966616183519363,0.00046350574120879173,9.164493530988693e-05,21.53678692318499,nan,2482141.0,3309.0,1952.0,True
4,16,15936605297579415334,ML-DSA-65,0.00015696510672569275,0.00021530687808990479,8.458876982331276e-05,10.450457985978574,nan,2482141.0,3309.0,1952.0,True
4,17,16769360279784182754,ML-DSA-65,0.0003295913338661194,0.0003675641492009163,0.0002223951742053032,21.369282817002386,nan,2482141.0,3309.0,1952.0,True
4,17,18446501395051796831,ML-DSA-65,0.00021981913596391678,0.0002846699208021164,0.00012351712211966515,21.36565497983247,nan,2482141.0,3309.0,1952.0,True
4,17,5216315757739753923,ML-DSA-65,0.00015144795179367065,0.00020837411284446716,0.00010556681081652641,21.617938586045057,nan,2482141.0,3309.0,1952.0,True
4,17,12029281445387356117,ML-DSA-65,0.00021863402798771858,0.00036538438871502876,0.00017322180792689323,21.550174542702734,nan,2482141.0,3309.0,1952.0,True
4,17,15936605297579415334,ML-DSA-65,0.00021143024787306786,0.00014980696141719818,0.00011242600157856941,10.180250307079405,nan,2482141.0,3309.0,1952.0,True
4,18,18446501395051796831,ML-DSA-65,0.00023980671539902687,0.00016867415979504585,9.102094918489456e-05,21.098319525830448,nan,2482141.0,3309.0,1952.0,True
4,18,16769360279784182754,ML-DSA-65,0.0002096998505294323,0.0004373849369585514,7.790373638272285e-05,21.219980855938047,nan,2482141.0,3309.0,1952.0,True
4,18,12029281445387356117,ML-DSA-65,0.00025120703503489494,0.0002630702219903469,8.455803617835045e-05,21.121282211970538,nan,2482141.0,3309.0,1952.0,True
4,18,5216315757739753923,ML-DSA-65,0.0001637618988752365,0.0002044769935309887,0.0001038331538438797,21.258107213303447,nan,2482141.0,3309.0,1952.0,True
4,18,15936605297579415334,ML-DSA-65,0.0002218247391283512,0.00016771210357546806,9.667221456766129e-05,10.641093946993351,nan,2482141.0,3309.0,1952.0,True
4,19,16769360279784182754,ML-DSA-65,0.000330186914652586,0.00045887427404522896,9.307963773608208e-05,21.211432251147926,nan,2482141.0,3309.0,1952.0,True
4,19,18446501395051796831,ML-DSA-65,0.00033615995198488235,0.00030794693157076836,7.566716521978378e-05,21.289867006242275,nan,2482141.0,3309.0,1952.0,True
4,19,12029281445387356117,ML-DSA-65,0.00014802441000938416,0.00023250607773661613,7.416075095534325e-05,21.274323771707714,nan,2482141.0,3309.0,1952.0,True
4,19,5216315757739753923,ML-DSA-65,0.00016378611326217651,0.00036490103229880333,9.934511035680771e-05,21.453475589863956,nan,2482141.0,3309.0,1952.0,True
4,19,15936605297579415334,ML-DSA-65,0.00015138881281018257,0.0001161559484899044,7.906928658485413e-05,10.408217075280845,nan,2482141.0,3309.0,1952.0,True
4,20,5216315757739753923,ML-DSA-65,0.00022933771833777428,0.0003407280892133713,8.953502401709557e-05,21.177036869805306,nan,2482141.0,3309.0,1952.0,True
4,20,12029281445387356117,ML-DSA-65,0.00022064801305532455,0.00026843929663300514,8.953921496868134e-05,21.299046165775508,nan,2482141.0,3309.0,1952.0,True
4,20,16769360279784182754,ML-DSA-65,0.00023374706506729126,0.00024159206077456474,7.359776645898819e-05,21.503072070889175,nan,2482141.0,3309.0,1952.0,True
4,20,18446501395051796831,ML-DSA-65,0.00031641777604818344,0.0005460083484649658,0.00010880688205361366,21.520245106890798,nan,2482141.0,3309.0,1952.0,True
4,20,15936605297579415334,ML-DSA-65,0.0002177082933485508,0.0003303689882159233,7.290579378604889e-05,10.749159235972911,nan,2482141.0,3309.0,1952.0,True
4,21,5216315757739753923,ML-DSA-65,0.00032800715416669846,0.0011067152954638004,8.964724838733673e-05,21.11357771186158,nan,2482141.0,3309.0,1952.0,True
4,21,12029281445387356117,ML-DSA-65,0.0002547670155763626,0.00020173890516161919,7.228879258036613e-05,21.39789999462664,nan,2482141.0,3309.0,1952.0,True
4,21,18446501395051796831,ML-DSA-65,0.00020956993103027344,0.00041868817061185837,0.0001569553278386593,21.375140743795782,nan,2482141.0,3309.0,1952.0,True
4,21,16769360279784182754,ML-DSA-65,0.00019072182476520538,0.00031090714037418365,8.31889919936657e-05,21.396057432051748,nan,2482141.0,3309.0,1952.0,True
4,21,15936605297579415334,ML-DSA-65,0.0001480579376220703,0.0003098160959780216,8.373195305466652e-05,10.464851356111467,nan,2482141.0,3309.0,1952.0,True
4,22,12029281445387356117,ML-DSA-65,0.0001505301333963871,0.00029582297429442406,9.298371151089668e-05,21.43547351937741,nan,2482141.0,3309.0,1952.0,True
4,22,5216315757739753923,ML-DSA-65,0.0002385508269071579,0.0002644220367074013,7.729511708021164e-05,21.538419884629548,nan,2482141.0,3309.0,1952.0,True
4,22,18446501395051796831,ML-DSA-65,0.00025776587426662445,0.0004177559167146683,7.904879748821259e-05,21.59053458319977,nan,2482141.0,3309.0,1952.0,True
4,22,16769360279784182754,ML-DSA-65,0.00015040067955851555,0.00020263995975255966,9.092502295970917e-05,21.67934335069731,nan,2482141.0,3309.0,1952.0,True
4,22,15936605297579415334,ML-DSA-65,0.00021961098536849022,0.0003514089621603489,7.484294474124908e-05,10.417561354115605,nan,2482141.0,3309.0,1952.0,True
4,23,16769360279784182754,ML-DSA-65,0.0003158240579068661,0.00021234294399619102,9.385496377944946e-05,21.293596948031336,nan,2482141.0,3309.0,1952.0,True
4,23,12029281445387356117,ML-DSA-65,0.00024113710969686508,0.00022278307005763054,7.26962462067604e-05,21.365394808351994,nan,2482141.0,3309.0,1952.0,True
4,23,5216315757739753923,ML-DSA-65,0.00021105585619807243,0.0002454030327498913,7.3940958827734e-05,21.39523844094947,nan,2482141.0,3309.0,1952.0,True
4,23,18446501395051796831,ML-DSA-65,0.00023106904700398445,0.00040389271453022957,7.623294368386269e-05,21.493132938165218,nan,2482141.0,3309.0,1952.0,True
4,23,15936605297579415334,ML-DSA-65,0.0001827259548008442,0.00019153114408254623,8.955691009759903e-05,10.73936161538586,nan,2482141.0,3309.0,1952.0,True
4,24,12029281445387356117,ML-DSA-65,0.00032047927379608154,0.0005695987492799759,8.742883801460266e-05,21.444418710656464,nan,2482141.0,3309.0,1952.0,True
4,24,18446501395051796831,ML-DSA-65,0.0004082736559212208,0.0006436798721551895,8.0915167927742e-05,21.401456121820956,nan,2482141.0,3309.0,1952.0,True
4,24,16769360279784182754,ML-DSA-65,0.00014844723045825958,0.00014888402074575424,7.155211642384529e-05,21.487553177867085,nan,2482141.0,3309.0,1952.0,True
4,24,5216315757739753923,ML-DSA-65,0.00022802501916885376,0.00024579092860221863,7.462408393621445e-05,21.51660222094506,nan,2482141.0,3309.0,1952.0,True
4,24,15936605297579415334,ML-DSA-65,0.00015516811981797218,0.000267792958766222,7.167598232626915e-05,10.546310432255268,nan,2482141.0,3309.0,1952.0,True
4,25,18446501395051796831,ML-DSA-65,0.0003284499980509281,0.00037807878106832504,0.00017356360331177711,21.3136863601394,nan,2482141.0,3309.0,1952.0,True
4,25,12029281445387356117,ML-DSA-65,0.0005511604249477386,0.00033871131017804146,0.00015534693375229836,21.370106647722423,nan,2482141.0,3309.0,1952.0,True
4,25,16769360279784182754,ML-DSA-65,0.00020864792168140411,0.00045493943616747856,0.00013741711154580116,21.456142934039235,nan,2482141.0,3309.0,1952.0,True
4,25,5216315757739753923,ML-DSA-65,0.0001718061976134777,0.00016584573313593864,0.00011390121653676033,21.47274842998013,nan,2482141.0,3309.0,1952.0,True
4,25,15936605297579415334,ML-DSA-65,0.00014997925609350204,0.00011859089136123657,0.00012123491615056992,10.423676055856049,nan,2482141.0,3309.0,1952.0,True
4,26,5216315757739753923,ML-DSA-65,0.00026112375780940056,0.00041886139661073685,0.00011192681267857552,21.2361689559184,nan,2482141.0,3309.0,1952.0,True
4,26,16769360279784182754,ML-DSA-65,0.00027653109282255173,0.00035783974453806877,8.744699880480766e-05,21.460057999007404,nan,2482141.0,3309.0,1952.0,True
4,26,12029281445387356117,ML-DSA-65,0.00022000912576913834,0.000814313068985939,0.00018998794257640839,21.63433829881251,nan,2482141.0,3309.0,1952.0,True
4,26,18446501395051796831,ML-DSA-65,0.00016181310638785362,0.0001371060498058796,0.00011306675150990486,21.72800308279693,nan,2482141.0,3309.0,1952.0,True
4,26,15936605297579415334,ML-DSA-65,0.000151847954839468,0.00020083924755454063,0.0001065288670361042,10.361920923925936,nan,2482141.0,3309.0,1952.0,True
4,27,12029281445387356117,ML-DSA-65,0.0003309040330350399,0.0007989327423274517,8.91401432454586e-05,21.525727283675224,nan,2482141.0,3309.0,1952.0,True
4,27,18446501395051796831,ML-DSA-65,0.0003475900739431381,0.00034541403874754906,7.60653056204319e-05,21.504008277785033,nan,2482141.0,3309.0,1952.0,True
4,27,5216315757739753923,ML-DSA-65,0.00016298890113830566,0.00014401599764823914,7.730303332209587e-05,21.275162658188492,nan,2482141.0,3309.0,1952.0,True
4,27,16769360279784182754,ML-DSA-65,0.00022243382409214973,0.00018049869686365128,8.740462362766266e-05,21.466887628193945,nan,2482141.0,3309.0,1952.0,True
4,27,15936605297579415334,ML-DSA-65,0.00015292176976799965,0.00029395101591944695,7.422594353556633e-05,10.511594492942095,nan,2482141.0,3309.0,1952.0,True
4,28,16769360279784182754,ML-DSA-65,0.0003037271089851856,0.0002949219197034836,9.073829278349876e-05,21.2971387389116,nan,2482141.0,3309.0,1952.0,True
4,28,5216315757739753923,ML-DSA-65,0.0002411799505352974,0.0003487691283226013,7.448205724358559e-05,21.239096427801996,nan,2482141.0,3309.0,1952.0,True
4,28,12029281445387356117,ML-DSA-65,0.00016852887347340584,0.00015190569683909416,0.00010081799700856209,21.440054342150688,nan,2482141.0,3309.0,1952.0,True
4,28,18446501395051796831,ML-DSA-65,0.0002505010925233364,0.0006650970317423344,7.462967187166214e-05,21.360949006397277,nan,2482141.0,3309.0,1952.0,True
4,28,15936605297579415334,ML-DSA-65,0.0002185269258916378,0.000466048251837492,9.08607617020607e-05,10.366006104275584,nan,2482141.0,3309.0,1952.0,True
4,29,16769360279784182754,ML-DSA-65,0.00026557594537734985,0.00028491485863924026,8.774222806096077e-05,21.196150156203657,nan,2482141.0,3309.0,1952.0,True
4,29,12029281445387356117,ML-DSA-65,0.0002008378505706787,0.000334929209202528,7.264642044901848e-05,21.576430737040937,nan,2482141.0,3309.0,1952.0,True
4,29,18446501395051796831,ML-DSA-65,0.0002423771657049656,0.00022560032084584236,7.564108818769455e-05,21.5656906128861,nan,2482141.0,3309.0,1952.0,True
4,29,5216315757739753923,ML-DSA-65,0.00015775207430124283,0.00013774214312434196,7.755402475595474e-05,21.661383340135217,nan,2482141.0,3309.0,1952.0,True
4,29,15936605297579415334,ML-DSA-65,0.00021841097623109818,0.00037014205008745193,7.199402898550034e-05,10.544754805974662,nan,2482141.0,3309.0,1952.0,True
4,30,18446501395051796831,ML-DSA-65,0.0004261638969182968,0.0004767277278006077,9.166402742266655e-05,21.218172621447593,nan,2482141.0,3309.0,1952.0,True
4,30,5216315757739753923,ML-DSA-65,0.00024416483938694,0.00023823464289307594,9.001698344945908e-05,21.29528990201652,nan,2482141.0,3309.0,1952.0,True
4,30,12029281445387356117,ML-DSA-65,0.00015263771638274193,0.00015051476657390594,7.293280214071274e-05,21.341194263193756,nan,2482141.0,3309.0,1952.0,True
4,30,16769360279784182754,ML-DSA-65,0.000160162802785635,0.00016870908439159393,7.308972999453545e-05,21.477263275999576,nan,2482141.0,3309.0,1952.0,True
4,30,15936605297579415334,ML-DSA-65,0.00015192804858088493,0.00022247899323701859,7.180869579315186e-05,10.61509253596887,nan,2482141.0,3309.0,1952.0,True
4,31,16769360279784182754,ML-DSA-65,0.00022852374240756035,0.0002484079450368881,8.824421092867851e-05,21.144037620164454,nan,2482141.0,3309.0,1952.0,True
4,31,18446501395051796831,ML-DSA-65,0.0002626907080411911,0.00033032801002264023,7.286202162504196e-05,21.264458797406405,nan,2482141.0,3309.0,1952.0,True
4,31,5216315757739753923,ML-DSA-65,0.0002815360203385353,0.00033234572038054466,9.076576679944992e-05,21.267627206165344,nan,2482141.0,3309.0,1952.0,True
4,31,12029281445387356117,ML-DSA-65,0.000157075934112072,0.000246221199631691,7.407693192362785e-05,21.421839039307088,nan,2482141.0,3309.0,1952.0,True
4,31,15936605297579415334,ML-DSA-65,0.0002377023920416832,0.00016828672960400581,7.413607090711594e-05,10.662433944642544,nan,2482141.0,3309.0,1952.0,True
4,32,18446501395051796831,ML-DSA-65,0.00027354201301932335,0.0003293142654001713,8.787540718913078e-05,21.502966293133795,nan,2482141.0,3309.0,1952.0,True
4,32,12029281445387356117,ML-DSA-65,0.00023050885647535324,0.0002902601845562458,7.130391895771027e-05,21.480193128809333,nan,2482141.0,3309.0,1952.0,True
4,32,16769360279784182754,ML-DSA-65,0.0003064810298383236,0.00045105908066034317,7.271580398082733e-05,21.455133009701967,nan,2482141.0,3309.0,1952.0,True
4,32,5216315757739753923,ML-DSA-65,0.00021522818133234978,0.00020139198750257492,8.958438411355019e-05,21.476617896929383,nan,2482141.0,3309.0,1952.0,True
4,32,15936605297579415334,ML-DSA-65,0.00015262002125382423,0.00011235382407903671,8.143577724695206e-05,10.622397620230913,nan,2482141.0,3309.0,1952.0,True
4,33,12029281445387356117,ML-DSA-65,0.00014941208064556122,0.00030094385147094727,0.00014800531789660454,21.025049187708646,nan,2482141.0,3309.0,1952.0,True
4,33,16769360279784182754,ML-DSA-65,0.0004393821582198143,0.00023345788940787315,8.750800043344498e-05,21.270116528961807,nan,2482141.0,3309.0,1952.0,True
4,33,5216315757739753923,ML-DSA-65,0.00028851116076111794,0.00029026996344327927,0.00012434786185622215,21.444901671260595,nan,2482141.0,3309.0,1952.0,True
4,33,18446501395051796831,ML-DSA-65,0.0001727808266878128,0.00020563695579767227,7.3194969445467e-05,21.51986616803333,nan,2482141.0,3309.0,1952.0,True
4,33,15936605297579415334,ML-DSA-65,0.00021751318126916885,0.0001529604196548462,8.816411718726158e-05,10.385568587109447,nan,2482141.0,3309.0,1952.0,True
4,34,16769360279784182754,ML-DSA-65,0.00046116486191749573,0.0002896222285926342,0.00017199665307998657,21.507974546402693,nan,2482141.0,3309.0,1952.0,True
4,34,12029281445387356117,ML-DSA-65,0.00032324204221367836,0.0002570780925452709,7.392000406980515e-05,21.763536503072828,nan,2482141.0,3309.0,1952.0,True
4,34,5216315757739753923,ML-DSA-65,0.00032930728048086166,0.0004646060988306999,7.428275421261787e-05,21.96822537574917,nan,2482141.0,3309.0,1952.0,True
4,34,18446501395051796831,ML-DSA-65,0.00015083281323313713,0.00017940299585461617,7.579801604151726e-05,22.042849209625274,nan,2482141.0,3309.0,1952.0,True
4,34,15936605297579415334,ML-DSA-65,0.00021393503993749619,0.0002755322493612766,7.87610188126564e-05,10.342695341445506,nan,2482141.0,3309.0,1952.0,True
4,35,16769360279784182754,ML-DSA-65,0.00035965628921985626,0.00032151490449905396,9.676581248641014e-05,20.965809581801295,nan,2482141.0,3309.0,1952.0,True
4,35,18446501395051796831,ML-DSA-65,0.00043770158663392067,0.0005736569873988628,9.317975491285324e-05,21.426837561186403,nan,2482141.0,3309.0,1952.0,True
4,35,12029281445387356117,ML-DSA-65,0.00023258104920387268,0.0004053455777466297,7.232604548335075e-05,21.56442649802193,nan,2482141.0,3309.0,1952.0,True
4,35,5216315757739753923,ML-DSA-65,0.0001624440774321556,0.00014566490426659584,7.181195542216301e-05,21.583902899175882,nan,2482141.0,3309.0,1952.0,True
4,35,15936605297579415334,ML-DSA-65,0.0001522386446595192,0.0003031478263437748,7.456820458173752e-05,10.276665003038943,nan,2482141.0,3309.0,1952.0,True
4,36,16769360279784182754,ML-DSA-65,0.0005144807510077953,0.0007133409380912781,8.845515549182892e-05,21.452697821892798,nan,2482141.0,3309.0,1952.0,True
4,36,18446501395051796831,ML-DSA-65,0.0003237803466618061,0.0005015088245272636,7.219798862934113e-05,21.64105433318764,nan,2482141.0,3309.0,1952.0,True
4,36,5216315757739753923,ML-DSA-65,0.0001541399396955967,0.0001835692673921585,0.00010760081931948662,21.794135274365544,nan,2482141.0,3309.0,1952.0,True
4,36,12029281445387356117,ML-DSA-65,0.0002273349091410637,0.0005476870574057102,7.361220195889473e-05,21.82162946322933,nan,2482141.0,3309.0,1952.0,True
4,36,15936605297579415334,ML-DSA-65,0.00015090219676494598,0.00013758335262537003,7.336214184761047e-05,10.349039354827255,nan,2482141.0,3309.0,1952.0,True
4,37,18446501395051796831,ML-DSA-65,0.0002084299921989441,0.00021597184240818024,9.243888780474663e-05,21.777245031204075,nan,2482141.0,3309.0,1952.0,True
4,37,5216315757739753923,ML-DSA-65,0.0002809218131005764,0.0003172219730913639,7.210392504930496e-05,22.051768047735095,nan,2482141.0,3309.0,1952.0,True
4,37,12029281445387356117,ML-DSA-65,0.000231896061450243,0.00033724401146173477,7.260963320732117e-05,22.499653161969036,nan,2482141.0,3309.0,1952.0,True
4,37,16769360279784182754,ML-DSA-65,0.00016042077913880348,0.0001986711286008358,9.020790457725525e-05,22.72467793431133,nan,2482141.0,3309.0,1952.0,True
4,37,15936605297579415334,ML-DSA-65,0.00015159184113144875,0.00011534104123711586,7.475866004824638e-05,10.619201052002609,nan,2482141.0,3309.0,1952.0,True
4,38,12029281445387356117,ML-DSA-65,0.0003490699455142021,0.0004701027646660805,9.001605212688446e-05,21.174411369021982,nan,2482141.0,3309.0,1952.0,True
4,38,16769360279784182754,ML-DSA-65,0.0004064999520778656,0.0004235752858221531,7.145898416638374e-05,21.43945873202756,nan,2482141.0,3309.0,1952.0,True
4,38,18446501395051796831,ML-DSA-65,0.00022886600345373154,0.000489609781652689,8.533988147974014e-05,21.537294797133654,nan,2482141.0,3309.0,1952.0,True
4,38,5216315757739753923,ML-DSA-65,0.00016516167670488358,0.00016211438924074173,7.894914597272873e-05,21.702681007329375,nan,2482141.0,3309.0,1952.0,True
4,38,15936605297579415334,ML-DSA-65,0.00015328358858823776,0.00012679724022746086,0.00011589424684643745,10.4326805411838,nan,2482141.0,3309.0,1952.0,True
4,39,12029281445387356117,ML-DSA-65,0.00020255940034985542,0.0004992936737835407,9.187823161482811e-05,21.60633690422401,nan,2482141.0,3309.0,1952.0,True
4,39,5216315757739753923,ML-DSA-65,0.0001970580779016018,0.00018138205632567406,7.245736196637154e-05,21.624664262868464,nan,2482141.0,3309.0,1952.0,True
4,39,18446501395051796831,ML-DSA-65,0.00021324492990970612,0.000281680840998888,7.728999480605125e-05,21.776215524878353,nan,2482141.0,3309.0,1952.0,True
4,39,16769360279784182754,ML-DSA-65,0.00015759095549583435,0.000144139863550663,7.55777582526207e-05,21.866270462051034,nan,2482141.0,3309.0,1952.0,True
4,39,15936605297579415334,ML-DSA-65,0.00014825677499175072,0.00021754903718829155,7.59032554924488e-05,10.563945963047445,nan,2482141.0,3309.0,1952.0,True
4,40,12029281445387356117,ML-DSA-65,0.0005213399417698383,0.0006022714078426361,9.029265493154526e-05,21.48887391295284,nan,2482141.0,3309.0,1952.0,True
4,40,18446501395051796831,ML-DSA-65,0.00020527979359030724,0.0004850211553275585,9.045377373695374e-05,21.643278049770743,nan,2482141.0,3309.0,1952.0,True
4,40,16769360279784182754,ML-DSA-65,0.0001588459126651287,0.0002361200749874115,8.281785994768143e-05,21.67217245697975,nan,2482141.0,3309.0,1952.0,True
4,40,5216315757739753923,ML-DSA-65,0.00037044286727905273,0.000494005624204874,7.21546821296215e-05,21.601894934196025,nan,2482141.0,3309.0,1952.0,True
4,40,15936605297579415334,ML-DSA-65,0.00014971289783716202,0.0002413731999695301,0.00010137585923075676,10.294229451101273,nan,2482141.0,3309.0,1952.0,True
4,41,12029281445387356117,ML-DSA-65,0.00024500302970409393,0.0004880279302597046,9.929807856678963e-05,21.673073962330818,nan,2482141.0,3309.0,1952.0,True
4,41,5216315757739753923,ML-DSA-65,0.0002382448874413967,0.00028542522341012955,8.272798731923103e-05,21.846938487142324,nan,2482141.0,3309.0,1952.0,True
4,41,18446501395051796831,ML-DSA-65,0.00022264104336500168,0.00022706575691699982,9.183911606669426e-05,21.833412527106702,nan,2482141.0,3309.0,1952.0,True
4,41,16769360279784182754,ML-DSA-65,0.0002165110781788826,0.0003421963192522526,7.273023948073387e-05,22.022248685825616,nan,2482141.0,3309.0,1952.0,True
4,41,15936605297579415334,ML-DSA-65,0.0002157040871679783,0.00016192207112908363,7.33216293156147e-05,10.347945800051093,nan,2482141.0,3309.0,1952.0,True
4,42,12029281445387356117,ML-DSA-65,0.00025899289175868034,0.0006525400094687939,9.106192737817764e-05,21.53626090893522,nan,2482141.0,3309.0,1952.0,True
4,42,5216315757739753923,ML-DSA-65,0.00031784502789378166,0.0003765416331589222,7.34659843146801e-05,21.579762153793126,nan,2482141.0,3309.0,1952.0,True
4,42,18446501395051796831,ML-DSA-65,0.00015727616846561432,0.00015047192573547363,0.00010336516425013542,21.631937525700778,nan,2482141.0,3309.0,1952.0,True
4,42,16769360279784182754,ML-DSA-65,0.0002193152904510498,0.0002603740431368351,9.433366358280182e-05,21.778420153073967,nan,2482141.0,3309.0,1952.0,True
4,42,15936605297579415334,ML-DSA-65,0.00015085330232977867,0.00027968594804406166,8.485699072480202e-05,10.38970099389553,nan,2482141.0,3309.0,1952.0,True
4,43,12029281445387356117,ML-DSA-65,0.0003618481568992138,0.0006168470717966557,0.00012997398152947426,21.293348201084882,nan,2482141.0,3309.0,1952.0,True
4,43,16769360279784182754,ML-DSA-65,0.00035803671926259995,0.001009203027933836,8.757691830396652e-05,21.403231244068593,nan,2482141.0,3309.0,1952.0,True
4,43,5216315757739753923,ML-DSA-65,0.0003082812763750553,0.00020272377878427505,9.637326002120972e-05,21.51655530789867,nan,2482141.0,3309.0,1952.0,True
4,43,18446501395051796831,ML-DSA-65,0.00015155691653490067,0.00015017716214060783,8.792802691459656e-05,21.67746241018176,nan,2482141.0,3309.0,1952.0,True
4,43,15936605297579415334,ML-DSA-65,0.0001583038829267025,0.00016052322462201118,0.0001230449415743351,10.318722310010344,nan,2482141.0,3309.0,1952.0,True
4,44,12029281445387356117,ML-DSA-65,0.0002558841370046139,0.00030989479273557663,9.373994544148445e-05,20.81306049088016,nan,2482141.0,3309.0,1952.0,True
4,44,5216315757739753923,ML-DSA-65,0.00036530056968331337,0.00021056132391095161,7.439916953444481e-05,20.97909391578287,nan,2482141.0,3309.0,1952.0,True
4,44,16769360279784182754,ML-DSA-65,0.0001535140909254551,0.00023734988644719124,7.378170266747475e-05,21.021543374285102,nan,2482141.0,3309.0,1952.0,True
4,44,18446501395051796831,ML-DSA-65,0.00015112059190869331,0.00017381180077791214,7.394980639219284e-05,21.432373872958124,nan,2482141.0,3309.0,1952.0,True
4,44,15936605297579415334,ML-DSA-65,0.0002172519452869892,0.00021195132285356522,0.00010773958638310432,10.313304434996098,nan,2482141.0,3309.0,1952.0,True
4,45,5216315757739753923,ML-DSA-65,0.002253273967653513,0.0003390819765627384,0.00011342717334628105,21.125651373062283,nan,2482141.0,3309.0,1952.0,True
4,45,16769360279784182754,ML-DSA-65,0.00021286588162183762,0.0003954707644879818,8.52290540933609e-05,21.073272349778563,nan,2482141.0,3309.0,1952.0,True
4,45,12029281445387356117,ML-DSA-65,0.00024081626906991005,0.00023692380636930466,0.00010100007057189941,21.13892528321594,nan,2482141.0,3309.0,1952.0,True
4,45,18446501395051796831,ML-DSA-65,0.00021643983200192451,0.0004223613068461418,7.104407995939255e-05,21.267174871172756,nan,2482141.0,3309.0,1952.0,True
4,45,15936605297579415334,ML-DSA-65,0.00021463679149746895,0.00017803162336349487,7.150322198867798e-05,10.477594057098031,nan,2482141.0,3309.0,1952.0,True
4,46,12029281445387356117,ML-DSA-65,0.0003233118914067745,0.0005781529471278191,8.649984374642372e-05,21.28937086230144,nan,2482141.0,3309.0,1952.0,True
4,46,5216315757739753923,ML-DSA-65,0.00023148488253355026,0.0002242540940642357,7.20401294529438e-05,21.512214625254273,nan,2482141.0,3309.0,1952.0,True
4,46,18446501395051796831,ML-DSA-65,0.00017681904137134552,0.00032926397398114204,8.732639253139496e-05,21.626841955818236,nan,2482141.0,3309.0,1952.0,True
4,46,16769360279784182754,ML-DSA-65,0.0001525580883026123,0.00018601585179567337,7.464084774255753e-05,21.767005598172545,nan,2482141.0,3309.0,1952.0,True
4,46,15936605297579415334,ML-DSA-65,0.00015276996418833733,0.00011655967682600021,7.15348869562149e-05,10.268709579948336,nan,2482141.0,3309.0,1952.0,True
4,47,5216315757739753923,ML-DSA-65,0.00033089611679315567,0.00045980000868439674,9.415717795491219e-05,21.34909618506208,nan,2482141.0,3309.0,1952.0,True
4,47,12029281445387356117,ML-DSA-65,0.00039384979754686356,0.00044883787631988525,7.217517122626305e-05,21.485045892186463,nan,2482141.0,3309.0,1952.0,True
4,47,18446501395051796831,ML-DSA-65,0.0002788458950817585,0.0002796407788991928,7.346691563725471e-05,21.53503376012668,nan,2482141.0,3309.0,1952.0,True
4,47,16769360279784182754,ML-DSA-65,0.00016330182552337646,0.00014934130012989044,8.836528286337852e-05,21.681281643919647,nan,2482141.0,3309.0,1952.0,True
4,47,15936605297579415334,ML-DSA-65,0.00015405705198645592,0.00013860128819942474,7.199309766292572e-05,10.72726574819535,nan,2482141.0,3309.0,1952.0,True
4,48,16769360279784182754,ML-DSA-65,0.00039294129237532616,0.00048711197450757027,8.748983964323997e-05,21.450055787339807,nan,2482141.0,3309.0,1952.0,True
4,48,12029281445387356117,ML-DSA-65,0.00022986391559243202,0.00033152708783745766,7.467903196811676e-05,21.449475849978626,nan,2482141.0,3309.0,1952.0,True
4,48,18446501395051796831,ML-DSA-65,0.00032213516533374786,0.00022310204803943634,7.16731883585453e-05,21.506441256962717,nan,2482141.0,3309.0,1952.0,True
4,48,5216315757739753923,ML-DSA-65,0.00016524875536561012,0.00026639876887202263,7.307808846235275e-05,21.574373342096806,nan,2482141.0,3309.0,1952.0,True
4,48,15936605297579415334,ML-DSA-65,0.00014971662312746048,0.0001133400946855545,0.00012539513409137726,10.391052203252912,nan,2482141.0,3309.0,1952.0,True
4,49,18446501395051796831,ML-DSA-65,0.00020642438903450966,0.0004128729924559593,9.023398160934448e-05,21.333528318908066,nan,2482141.0,3309.0,1952.0,True
4,49,12029281445387356117,ML-DSA-65,0.0005338313058018684,0.00034913187846541405,7.298402488231659e-05,21.286068288143724,nan,2482141.0,3309.0,1952.0,True
4,49,5216315757739753923,ML-DSA-65,0.00022334512323141098,0.00032590189948678017,7.392792031168938e-05,21.45415334077552,nan,2482141.0,3309.0,1952.0,True
4,49,16769360279784182754,ML-DSA-65,0.00015234015882015228,0.0003077089786529541,7.305294275283813e-05,21.51885653520003,nan,2482141.0,3309.0,1952.0,True
4,49,15936605297579415334,ML-DSA-65,0.0001514330506324768,0.00024002185091376305,7.288390770554543e-05,10.346165868919343,nan,2482141.0,3309.0,1952.0,True
4,50,5216315757739753923,ML-DSA-65,0.0003254711627960205,0.00041296519339084625,9.288312867283821e-05,21.0698119122535,nan,2482141.0,3309.0,1952.0,True
4,50,18446501395051796831,ML-DSA-65,0.0002533779479563236,0.00036133965477347374,8.768029510974884e-05,21.320864711888134,nan,2482141.0,3309.0,1952.0,True
4,50,16769360279784182754,ML-DSA-65,0.0003192070871591568,0.0002824077382683754,8.810777217149734e-05,21.4436338650994,nan,2482141.0,3309.0,1952.0,True
4,50,12029281445387356117,ML-DSA-65,0.0001520039513707161,0.000177841167896986,0.00013485318049788475,21.594625905621797,nan,2482141.0,3309.0,1952.0,True
4,50,15936605297579415334,ML-DSA-65,0.00015190476551651955,0.0001320280134677887,0.00010566320270299911,10.340342187788337,nan,2482141.0,3309.0,1952.0,True
5,1,17324434425194387542,ML-DSA-65,0.0017291507683694363,0.000251994002610445,0.00016633793711662292,21.686646120622754,2.263808465613344,2482141.0,3309.0,1952.0,True
5,1,3049361951422264555,ML-DSA-65,0.0012819590047001839,0.0005199071019887924,7.791118696331978e-05,21.857798444107175,2.2218641579722442,2482141.0,3309.0,1952.0,True
5,1,9384692447029308341,ML-DSA-65,0.0009931870736181736,0.00022284220904111862,7.426412776112556e-05,21.91297503793612,2.0692541005131537,2482141.0,3309.0,1952.0,True
5,1,6542713397788783495,ML-DSA-65,0.001003592275083065,0.0002825269475579262,9.706290438771248e-05,21.80258920462802,2.1761618049000018,2482141.0,3309.0,1952.0,True
5,1,4602812660252347752,ML-DSA-65,0.00016086408868432045,0.0001332196407020092,8.001131936907768e-05,10.78579161921516,2.18643895201028,2482141.0,3309.0,1952.0,True
5,2,6542713397788783495,ML-DSA-65,0.00026358431205153465,0.00018097134307026863,9.459815919399261e-05,21.831563069019467,2.053875684738159,2482141.0,3309.0,1952.0,True
5,2,17324434425194387542,ML-DSA-65,0.0002062530256807804,0.00019730022177100182,8.887611329555511e-05,21.900749690830708,2.036322581501434,2482141.0,3309.0,1952.0,True
5,2,3049361951422264555,ML-DSA-65,0.0002076779492199421,0.0002157888375222683,9.399093687534332e-05,21.902978043071926,2.0095502408548667,2482141.0,3309.0,1952.0,True
5,2,9384692447029308341,ML-DSA-65,0.0002009212039411068,0.0003686491400003433,9.788991883397102e-05,21.95475357864052,2.30735020667981,2482141.0,3309.0,1952.0,True
5,2,4602812660252347752,ML-DSA-65,0.00016089202836155891,0.00019080424681305885,0.00010375306010246277,10.753945293836296,2.0525524680987717,2482141.0,3309.0,1952.0,True
5,3,6542713397788783495,ML-DSA-65,0.00023039104416966438,0.00023648887872695923,0.00010641571134328842,22.75509167276323,1.9272129455694376,2482141.0,3309.0,1952.0,True
5,3,3049361951422264555,ML-DSA-65,0.00032055098563432693,0.0006538210436701775,0.00011207116767764091,23.07122161332518,1.9340868308521306,2482141.0,3309.0,1952.0,True
5,3,9384692447029308341,ML-DSA-65,0.0002764440141618252,0.0001490372233092785,7.886998355388641e-05,23.165985357947648,1.9369963525583187,2482141.0,3309.0,1952.0,True
5,3,17324434425194387542,ML-DSA-65,0.00028939591720700264,0.0002772319130599499,8.17091204226017e-05,23.4158096620813,1.9236668729172728,2482141.0,3309.0,1952.0,True
5,3,4602812660252347752,ML-DSA-65,0.0002327621914446354,0.0002260473556816578,9.724544361233711e-05,10.762033186852932,1.9494726673101845,2482141.0,3309.0,1952.0,True
5,4,3049361951422264555,ML-DSA-65,0.000280607957392931,0.0003804960288107395,0.00010564923286437988,21.892799022141844,1.8715767685216838,2482141.0,3309.0,1952.0,True
5,4,9384692447029308341,ML-DSA-65,0.0003006155602633953,0.00017593475058674812,8.380599319934845e-05,21.886459974572062,1.8944148350828371,2482141.0,3309.0,1952.0,True
5,4,17324434425194387542,ML-DSA-65,0.00015533482655882835,0.0003852960653603077,8.112797513604164e-05,21.97393028996885,1.8984285623501664,2482141.0,3309.0,1952.0,True
5,4,6542713397788783495,ML-DSA-65,0.0001591099426150322,0.0003029420040547848,9.211711585521698e-05,21.963715745601803,1.9080842276350758,2482141.0,3309.0,1952.0,True
5,4,4602812660252347752,ML-DSA-65,0.00015765894204378128,0.0001635090447962284,7.312791422009468e-05,10.370780541095883,1.8955166423663545,2482141.0,3309.0,1952.0,True
5,5,9384692447029308341,ML-DSA-65,0.0002283938229084015,0.0002712467685341835,0.00012790458276867867,21.415322457440197,1.8889522255419162,2482141.0,3309.0,1952.0,True
5,5,17324434425194387542,ML-DSA-65,0.0004653087817132473,0.00022670486941933632,9.977584704756737e-05,21.297981174197048,1.8728517754771077,2482141.0,3309.0,1952.0,True
5,5,6542713397788783495,ML-DSA-65,0.00035402318462729454,0.00022374000400304794,7.169833406805992e-05,21.333961287979037,1.8756073107734657,2482141.0,3309.0,1952.0,True
5,5,3049361951422264555,ML-DSA-65,0.00015648314729332924,0.00015271082520484924,9.024608880281448e-05,21.49955123476684,1.8449699094120307,2482141.0,3309.0,1952.0,True
5,5,4602812660252347752,ML-DSA-65,0.00016409996896982193,0.0002042241394519806,7.314514368772507e-05,10.454550724010915,1.869303615710225,2482141.0,3309.0,1952.0,True
5,6,17324434425194387542,ML-DSA-65,0.0002864398993551731,0.000157190952450037,9.836722165346146e-05,21.227908772882074,1.8411674720410722,2482141.0,3309.0,1952.0,True
5,6,3049361951422264555,ML-DSA-65,0.0002009510062634945,0.00016242871060967445,7.725739851593971e-05,21.54153007362038,1.8416724330701006,2482141.0,3309.0,1952.0,True
5,6,9384692447029308341,ML-DSA-65,0.0002240748144686222,0.00029853498563170433,0.00010276772081851959,21.588898655958474,1.8714533701491431,2482141.0,3309.0,1952.0,True
5,6,6542713397788783495,ML-DSA-65,0.00021912390366196632,0.0002041109837591648,7.33700580894947e-05,21.745309109799564,1.9070707860465248,2482141.0,3309.0,1952.0,True
5,6,4602812660252347752,ML-DSA-65,0.0002155611291527748,0.00030628498643636703,0.0001306449994444847,10.690734785981476,1.878714086529546,2482141.0,3309.0,1952.0,True
5,7,3049361951422264555,ML-DSA-65,0.00026103807613253593,0.00018392829224467278,0.00010135117918252945,21.38255388988182,1.854624114478358,2482141.0,3309.0,1952.0,True
5,7,17324434425194387542,ML-DSA-65,0.0002186950296163559,0.00022458285093307495,8.176499977707863e-05,21.540862328838557,1.840123947055195,2482141.0,3309.0,1952.0,True
5,7,6542713397788783495,ML-DSA-65,0.00024246098473668098,0.0005403561517596245,7.422221824526787e-05,21.643844100646675,1.872101634074324,2482141.0,3309.0,1952.0,True
5,7,9384692447029308341,ML-DSA-65,0.00022175908088684082,0.00028110481798648834,8.753221482038498e-05,21.803137798793614,1.862978314820189,2482141.0,3309.0,1952.0,True
5,7,4602812660252347752,ML-DSA-65,0.00016114534810185432,0.00016798404976725578,7.945392280817032e-05,10.829174234997481,1.8391247088916767,2482141.0,3309.0,1952.0,True
5,8,6542713397788783495,ML-DSA-65,0.000348804984241724,0.0008410993032157421,9.191082790493965e-05,21.554261947982013,1.8635370247661116,2482141.0,3309.0,1952.0,True
5,8,3049361951422264555,ML-DSA-65,0.00038153212517499924,0.0004328242503106594,0.00010490976274013519,21.819666501134634,1.8244504243040238,2482141.0,3309.0,1952.0,True
5,8,17324434425194387542,ML-DSA-65,0.0003253691829741001,0.00029710913076996803,7.450301200151443e-05,21.92681148601696,1.8476312480414638,2482141.0,3309.0,1952.0,True
5,8,9384692447029308341,ML-DSA-65,0.00023290608078241348,0.00021896092221140862,7.262174040079117e-05,21.89666472421959,1.8573481716667881,2482141.0,3309.0,1952.0,True
5,8,4602812660252347752,ML-DSA-65,0.00015550432726740837,0.00014833174645900726,9.438814595341682e-05,10.530942679848522,1.859624076575136,2482141.0,3309.0,1952.0,True
5,9,17324434425194387542,ML-DSA-65,0.0006636669859290123,0.00022834772244095802,0.00013419194146990776,21.627013084013015,1.8363928741540392,2482141.0,3309.0,1952.0,True
5,9,6542713397788783495,ML-DSA-65,0.0005706022493541241,0.00015053292736411095,7.210206240415573e-05,21.68483408400789,1.8626997954548357,2482141.0,3309.0,1952.0,True
5,9,9384692447029308341,ML-DSA-65,0.0003615003079175949,0.00019050808623433113,7.199123501777649e-05,21.77532184496522,1.8693546586143324,2482141.0,3309.0,1952.0,True
5,9,3049361951422264555,ML-DSA-65,0.00023001711815595627,0.0002879439853131771,7.272791117429733e-05,21.841540789231658,1.8505948652474644,2482141.0,3309.0,1952.0,True
5,9,4602812660252347752,ML-DSA-65,0.0002165357582271099,0.0003434736281633377,7.553910836577415e-05,10.633801227901131,1.8382503049442183,2482141.0,3309.0,1952.0,True
5,10,17324434425194387542,ML-DSA-65,0.00029676081612706184,0.00028665782883763313,0.00010359892621636391,21.597176228184253,1.822581161325351,2482141.0,3309.0,1952.0,True
5,10,6542713397788783495,ML-DSA-65,0.00021007610484957695,0.00020548468455672264,9.566033259034157e-05,21.700205062050372,1.892162375175915,2482141.0,3309.0,1952.0,True
5,10,9384692447029308341,ML-DSA-65,0.00029688188806176186,0.0006531141698360443,0.0001946520060300827,21.699616001918912,1.872938287905611,2482141.0,3309.0,1952.0,True
5,10,3049361951422264555,ML-DSA-65,0.00022384990006685257,0.00016031693667173386,0.00019157025963068008,22.183948781806976,1.8058483132158225,2482141.0,3309.0,1952.0,True
5,10,4602812660252347752,ML-DSA-65,0.0002245623618364334,0.00024024862796068192,8.520809933543205e-05,10.510278259869665,1.8583887788815239,2482141.0,3309.0,1952.0,True
5,11,17324434425194387542,ML-DSA-65,0.0001545557752251625,0.0005329600535333157,8.878856897354126e-05,21.123081475961953,1.8686754760650781,2482141.0,3309.0,1952.0,True
5,11,3049361951422264555,ML-DSA-65,0.00035103317350149155,0.0007678200490772724,9.60412435233593e-05,21.313418103847653,1.8216122392648326,2482141.0,3309.0,1952.0,True
5,11,6542713397788783495,ML-DSA-65,0.0002386770211160183,0.00020636385306715965,0.00011750403791666031,21.620079913176596,1.8722750904461065,2482141.0,3309.0,1952.0,True
5,11,9384692447029308341,ML-DSA-65,0.00015931623056530952,0.00032413192093372345,7.303990423679352e-05,21.713157563004643,1.8298377446092355,2482141.0,3309.0,1952.0,True
5,11,4602812660252347752,ML-DSA-65,0.00015455624088644981,0.00044190697371959686,7.038097828626633e-05,10.35555181093514,1.8122307191641567,2482141.0,3309.0,1952.0,True
5,12,6542713397788783495,ML-DSA-65,0.0005072378553450108,0.0004703020676970482,9.213387966156006e-05,21.059193747118115,1.8393009531612214,2482141.0,3309.0,1952.0,True
5,12,3049361951422264555,ML-DSA-65,0.0006734966300427914,0.0005748393014073372,7.540406659245491e-05,21.166849229019135,1.7797432856057018,2482141.0,3309.0,1952.0,True
5,12,9384692447029308341,ML-DSA-65,0.00021354621276259422,0.00025622593238949776,7.462222129106522e-05,21.323006049264222,1.820354466240246,2482141.0,3309.0,1952.0,True
5,12,17324434425194387542,ML-DSA-65,0.00021862192079424858,0.0002713189460337162,9.333109483122826e-05,21.287218562792987,1.841382605199235,2482141.0,3309.0,1952.0,True
5,12,4602812660252347752,ML-DSA-65,0.00015420280396938324,0.0001494656316936016,7.519684731960297e-05,10.52821243274957,1.8223701532656393,2482141.0,3309.0,1952.0,True
5,13,17324434425194387542,ML-DSA-65,0.0002888529561460018,0.00015727803111076355,0.00013348227366805077,21.461242815013975,1.8234306790958197,2482141.0,3309.0,1952.0,True
5,13,6542713397788783495,ML-DSA-65,0.00019626598805189133,0.000454464927315712,7.509812712669373e-05,21.59657518705353,1.8181924317210627,2482141.0,3309.0,1952.0,True
5,13,9384692447029308341,ML-DSA-65,0.00019557680934667587,0.0002354229800403118,7.247459143400192e-05,21.578275602776557,1.8294274746038663,2482141.0,3309.0,1952.0,True
5,13,3049361951422264555,ML-DSA-65,0.00015491480007767677,0.000151860062032938,9.506335482001305e-05,21.91626743087545,1.8017443795554555,2482141.0,3309.0,1952.0,True
5,13,4602812660252347752,ML-DSA-65,0.0002250908873975277,0.0003346758894622326,9.002210572361946e-05,10.395547336898744,1.812873387489075,2482141.0,3309.0,1952.0,True
5,14,6542713397788783495,ML-DSA-65,0.0003753681667149067,0.0002578399144113064,8.882815018296242e-05,21.252748165745288,1.8204518423293725,2482141.0,3309.0,1952.0,True
5,14,17324434425194387542,ML-DSA-65,0.0002700979821383953,0.00020474102348089218,7.502268999814987e-05,21.623237404972315,1.8213104059140142,2482141.0,3309.0,1952.0,True
5,14,3049361951422264555,ML-DSA-65,0.00016150716692209244,0.00024200277402997017,7.319264113903046e-05,21.709871716797352,1.8055463865542183,2482141.0,3309.0,1952.0,True
5,14,9384692447029308341,ML-DSA-65,0.00015858281403779984,0.00026425300166010857,7.413513958454132e-05,21.887908577919006,1.8304280316867767,2482141.0,3309.0,1952.0,True
5,14,4602812660252347752,ML-DSA-65,0.00015290500596165657,0.0002709277905523777,7.558614015579224e-05,10.579710526391864,1.8605341713268535,2482141.0,3309.0,1952.0,True
5,15,6542713397788783495,ML-DSA-65,0.0003505540080368519,0.00027121929451823235,9.164400398731232e-05,21.52665038406849,1.801750461895245,2482141.0,3309.0,1952.0,True
5,15,9384692447029308341,ML-DSA-65,0.00020750565454363823,0.0004926961846649647,8.899904787540436e-05,21.45965643413365,1.8110318625696933,2482141.0,3309.0,1952.0,True
5,15,17324434425194387542,ML-DSA-65,0.00021227216348052025,0.0004683658480644226,0.0001474129967391491,21.671470303088427,1.7974231665888534,2482141.0,3309.0,1952.0,True
5,15,3049361951422264555,ML-DSA-65,0.0002139420248568058,0.00021828897297382355,7.364479824900627e-05,21.88941497821361,1.7803190725679976,2482141.0,3309.0,1952.0,True
5,15,4602812660252347752,ML-DSA-65,0.00021415716037154198,0.00035158218815922737,6.987294182181358e-05,10.697742742020637,1.806840851664924,2482141.0,3309.0,1952.0,True
5,16,17324434425194387542,ML-DSA-65,0.00024313712492585182,0.00016873981803655624,9.000301361083984e-05,21.160724317654967,1.790780286438549,2482141.0,3309.0,1952.0,True
5,16,9384692447029308341,ML-DSA-65,0.00021223071962594986,0.00023283902555704117,7.133325561881065e-05,21.41605837084353,1.8020447580197367,2482141.0,3309.0,1952.0,True
5,16,3049361951422264555,ML-DSA-65,0.00021414877846837044,0.00023814896121621132,0.00010265083983540535,21.79950825823471,1.7999801750000293,2482141.0,3309.0,1952.0,True
5,16,6542713397788783495,ML-DSA-65,0.00016147131100296974,0.0001848321408033371,7.051276043057442e-05,21.777148311026394,1.8314629960745668,2482141.0,3309.0,1952.0,True
5,16,4602812660252347752,ML-DSA-65,0.0001555606722831726,0.0001267879270017147,7.017422467470169e-05,10.554928314872086,1.8137049473131808,2482141.0,3309.0,1952.0,True
5,17,3049361951422264555,ML-DSA-65,0.00025290437042713165,0.0004147500731050968,0.00010755704715847969,21.460670659784228,1.7875895835340214,2482141.0,3309.0,1952.0,True
5,17,6542713397788783495,ML-DSA-65,0.00031696027144789696,0.00035963160917162895,7.981713861227036e-05,21.640769788995385,1.813904127373863,2482141.0,3309.0,1952.0,True
5,17,9384692447029308341,ML-DSA-65,0.00016837799921631813,0.00038309721276164055,7.693888619542122e-05,21.662781596183777,1.8075075682740622,2482141.0,3309.0,1952.0,True
5,17,17324434425194387542,ML-DSA-65,0.00021575577557086945,0.0002826051786541939,8.481089025735855e-05,21.623460636939853,1.7979444387240913,2482141.0,3309.0,1952.0,True
5,17,4602812660252347752,ML-DSA-65,0.00022916775196790695,0.00040549691766500473,0.00012558186426758766,10.682877480052412,1.8481007254542634,2482141.0,3309.0,1952.0,True
5,18,6542713397788783495,ML-DSA-65,0.0002690879628062248,0.00021614693105220795,9.851576760411263e-05,21.416109037119895,1.812828688956678,2482141.0,3309.0,1952.0,True
5,18,3049361951422264555,ML-DSA-65,0.00023694289848208427,0.00042004697024822235,7.550418376922607e-05,21.502984120044857,1.7829044211786775,2482141.0,3309.0,1952.0,True
5,18,9384692447029308341,ML-DSA-65,0.00015341071411967278,0.00025508133694529533,7.58906826376915e-05,21.77531734481454,1.8370400377736686,2482141.0,3309.0,1952.0,True
5,18,17324434425194387542,ML-DSA-65,0.00016095396131277084,0.00030608708038926125,7.291790097951889e-05,21.953173590824008,1.8226896897672464,2482141.0,3309.0,1952.0,True
5,18,4602812660252347752,ML-DSA-65,0.00015715183690190315,0.0003885459154844284,9.946757927536964e-05,10.500126210041344,1.7881291921908102,2482141.0,3309.0,1952.0,True
5,19,3049361951422264555,ML-DSA-65,0.0004019699990749359,0.0005521401762962341,0.00015247007831931114,21.475806090980768,1.7517818486728607,2482141.0,3309.0,1952.0,True
5,19,17324434425194387542,ML-DSA-65,0.00038273632526397705,0.00026671215891838074,0.00012707989662885666,21.60433364007622,1.811542117938447,2482141.0,3309.0,1952.0,True
5,19,6542713397788783495,ML-DSA-65,0.00016264105215668678,0.00012342212721705437,0.00014840811491012573,21.70600434113294,1.7907899252522868,2482141.0,3309.0,1952.0,True
5,19,9384692447029308341,ML-DSA-65,0.00016180193051695824,0.00019221892580389977,0.00014280807226896286,21.703124373219907,1.7836187209565038,2482141.0,3309.0,1952.0,True
5,19,4602812660252347752,ML-DSA-65,0.00015466008335351944,0.00021457206457853317,0.0001335088163614273,11.033997530117631,1.7789549084898002,2482141.0,3309.0,1952.0,True
5,20,9384692447029308341,ML-DSA-65,0.0002896417863667011,0.0003177439793944359,0.00020038103684782982,22.02371401898563,1.8067793244371018,2482141.0,3309.0,1952.0,True
5,20,3049361951422264555,ML-DSA-65,0.00032010022550821304,0.000555126927793026,0.00015520304441452026,21.91829978581518,1.7399045819291672,2482141.0,3309.0,1952.0,True
5,20,17324434425194387542,ML-DSA-65,0.0002700481563806534,0.00044626835733652115,0.000115180853754282,22.067611263599247,1.7797294428554207,2482141.0,3309.0,1952.0,True
5,20,6542713397788783495,ML-DSA-65,0.00022990629076957703,0.00027650827541947365,8.129514753818512e-05,22.227759584318846,1.7656450039281633,2482141.0,3309.0,1952.0,True
5,20,4602812660252347752,ML-DSA-65,0.00015121791511774063,0.00023222016170620918,8.344883099198341e-05,10.387079401873052,1.7603194763104375,2482141.0,3309.0,1952.0,True
5,21,17324434425194387542,ML-DSA-65,0.0002165772020816803,0.0002293628640472889,8.918298408389091e-05,21.10237285401672,1.7680132343365362,2482141.0,3309.0,1952.0,True
5,21,6542713397788783495,ML-DSA-65,0.0002081422135233879,0.0004786187782883644,7.421663030982018e-05,21.341893994715065,1.771587555781721,2482141.0,3309.0,1952.0,True
5,21,9384692447029308341,ML-DSA-65,0.0002423468977212906,0.00033753784373402596,8.698925375938416e-05,21.459088866133243,1.7540371033330313,2482141.0,3309.0,1952.0,True
5,21,3049361951422264555,ML-DSA-65,0.0002896268852055073,0.0004114829935133457,7.271626964211464e-05,21.503906849306077,1.7387741750802477,2482141.0,3309.0,1952.0,True
5,21,4602812660252347752,ML-DSA-65,0.00021589919924736023,0.00034058699384331703,7.247226312756538e-05,10.452758649829775,1.7795188880195252,2482141.0,3309.0,1952.0,True
5,22,9384692447029308341,ML-DSA-65,0.0002265479415655136,0.0001805005595088005,9.118625894188881e-05,21.62874112976715,1.7823644217591696,2482141.0,3309.0,1952.0,True
5,22,3049361951422264555,ML-DSA-65,0.00014960486441850662,0.000463118776679039,7.322197780013084e-05,21.522661495022476,1.7599426260390603,2482141.0,3309.0,1952.0,True
5,22,17324434425194387542,ML-DSA-65,0.0002083517611026764,0.000348447822034359,7.594702765345573e-05,21.780691742897034,1.7564588697573629,2482141.0,3309.0,1952.0,True
5,22,6542713397788783495,ML-DSA-65,0.00015251804143190384,0.00023816199973225594,8.671171963214874e-05,21.722725260071456,1.7648854229016044,2482141.0,3309.0,1952.0,True
5,22,4602812660252347752,ML-DSA-65,0.000218947883695364,0.0002449899911880493,0.00011089304462075233,10.636627674102783,1.7493005278773202,2482141.0,3309.0,1952.0,True
5,23,3049361951422264555,ML-DSA-65,0.00031543709337711334,0.0003422689624130726,0.00012547802180051804,21.531487881671637,1.6963040851556455,2482141.0,3309.0,1952.0,True
5,23,6542713397788783495,ML-DSA-65,0.00016646599397063255,0.00023244228214025497,7.579009979963303e-05,21.6904467898421,1.7354050444337887,2482141.0,3309.0,1952.0,True
5,23,17324434425194387542,ML-DSA-65,0.00020479736849665642,0.00037129921838641167,7.530767470598221e-05,21.841523110866547,1.7460413535182087,2482141.0,3309.0,1952.0,True
5,23,9384692447029308341,ML-DSA-65,0.0002761669456958771,0.00031359773129224777,7.482897490262985e-05,21.91986923199147,1.7815780681543076,2482141.0,3309.0,1952.0,True
5,23,4602812660252347752,ML-DSA-65,0.00021882494911551476,0.00015535904094576836,8.798763155937195e-05,10.560563648119569,1.7241217545427072,2482141.0,3309.0,1952.0,True
5,24,3049361951422264555,ML-DSA-65,0.000227414071559906,0.00031303614377975464,8.949730545282364e-05,21.66813177522272,1.681682104881579,2482141.0,3309.0,1952.0,True
5,24,17324434425194387542,ML-DSA-65,0.00020747212693095207,0.000751853920519352,7.194606587290764e-05,21.763262260705233,1.7064196404557639,2482141.0,3309.0,1952.0,True
5,24,6542713397788783495,ML-DSA-65,0.00015116902068257332,0.00037819333374500275,7.410719990730286e-05,22.088092339225113,1.75534039678665,2482141.0,3309.0,1952.0,True
5,24,9384692447029308341,ML-DSA-65,0.00040049897506833076,0.00037430599331855774,7.28159211575985e-05,22.049083122052252,1.7313411548114812,2482141.0,3309.0,1952.0,True
5,24,4602812660252347752,ML-DSA-65,0.00021975673735141754,0.00016110623255372047,0.00011159898713231087,10.67831321619451,1.725573485651717,2482141.0,3309.0,1952.0,True
5,25,3049361951422264555,ML-DSA-65,0.0002671298570930958,0.00021556764841079712,8.889706805348396e-05,21.57141341594979,1.7678611375653326,2482141.0,3309.0,1952.0,True
5,25,6542713397788783495,ML-DSA-65,0.00024869199842214584,0.0003010719083249569,0.00010821735486388206,21.66985483886674,1.7254591662282,2482141.0,3309.0,1952.0,True
5,25,9384692447029308341,ML-DSA-65,0.00021361093968153,0.000189152080565691,7.205270230770111e-05,21.91851645009592,1.7213191308152562,2482141.0,3309.0,1952.0,True
5,25,17324434425194387542,ML-DSA-65,0.00015259534120559692,0.00022988487035036087,7.237028330564499e-05,21.961427956819534,1.7408910197571825,2482141.0,3309.0,1952.0,True
5,25,4602812660252347752,ML-DSA-65,0.0001571550965309143,0.0001229308545589447,7.749581709504128e-05,10.86453159013763,1.705678261887913,2482141.0,3309.0,1952.0,True
5,26,17324434425194387542,ML-DSA-65,0.0003992309793829918,0.0005325358361005783,0.00010879011824727058,21.348563734907657,1.7146817491458246,2482141.0,3309.0,1952.0,True
5,26,3049361951422264555,ML-DSA-65,0.00045514991506934166,0.0004692263901233673,8.094217628240585e-05,21.443848765920848,1.7642688789306737,2482141.0,3309.0,1952.0,True
5,26,9384692447029308341,ML-DSA-65,0.00033090589568018913,0.00023911520838737488,0.00010360591113567352,21.557541511021554,1.7957270476764764,2482141.0,3309.0,1952.0,True
5,26,6542713397788783495,ML-DSA-65,0.0001550251618027687,0.00016842875629663467,8.199736475944519e-05,21.71474644402042,1.7618767720060988,2482141.0,3309.0,1952.0,True
5,26,4602812660252347752,ML-DSA-65,0.00016171112656593323,0.0001427680253982544,8.014682680368423e-05,10.52483764803037,1.7324374339070183,2482141.0,3309.0,1952.0,True
5,27,17324434425194387542,ML-DSA-65,0.0002812240272760391,0.0006368532776832581,0.00010833563283085823,21.575061208102852,1.7146826144605398,2482141.0,3309.0,1952.0,True
5,27,6542713397788783495,ML-DSA-65,0.0002483171410858631,0.00020812498405575752,7.61738047003746e-05,21.86873748898506,1.728368606430273,2482141.0,3309.0,1952.0,True
5,27,9384692447029308341,ML-DSA-65,0.0003209402784705162,0.0004890630953013897,7.294211536645889e-05,21.859418340958655,1.7461402736151943,2482141.0,3309.0,1952.0,True
5,27,3049361951422264555,ML-DSA-65,0.00015781167894601822,0.0001481478102505207,9.557092562317848e-05,21.969084239099175,1.7082311185404135,2482141.0,3309.0,1952.0,True
5,27,4602812660252347752,ML-DSA-65,0.0002147490158677101,0.00019581709057092667,7.329694926738739e-05,10.63227427424863,1.686826514359861,2482141.0,3309.0,1952.0,True
5,28,17324434425194387542,ML-DSA-65,0.00035633984953165054,0.00015939120203256607,0.00012916000559926033,21.187338049989194,1.7204291245426995,2482141.0,3309.0,1952.0,True
5,28,6542713397788783495,ML-DSA-65,0.00028292788192629814,0.0003942390903830528,7.118424400687218e-05,21.306650024373084,1.7189930033759948,2482141.0,3309.0,1952.0,True
5,28,3049361951422264555,ML-DSA-65,0.0003278846852481365,0.0003823409788310528,7.638288661837578e-05,21.403639148920774,1.712176200299979,2482141.0,3309.0,1952.0,True
5,28,9384692447029308341,ML-DSA-65,0.00015631411224603653,0.0003725946880877018,7.397495210170746e-05,21.475764906965196,1.758196758005185,2482141.0,3309.0,1952.0,True
5,28,4602812660252347752,ML-DSA-65,0.000152715016156435,0.00023078219965100288,9.155692532658577e-05,10.510761180892587,1.6968059033250655,2482141.0,3309.0,1952.0,True
5,29,6542713397788783495,ML-DSA-65,0.00034990208223462105,0.0003877519629895687,9.036203846335411e-05,21.80139491101727,1.727798488574287,2482141.0,3309.0,1952.0,True
5,29,9384692447029308341,ML-DSA-65,0.0004285029135644436,0.0005443859845399857,7.349997758865356e-05,21.903751727193594,1.7314161519273021,2482141.0,3309.0,1952.0,True
5,29,3049361951422264555,ML-DSA-65,0.0002081240527331829,0.00018013827502727509,7.370905950665474e-05,21.949807527009398,1.7108528876837832,2482141.0,3309.0,1952.0,True
5,29,17324434425194387542,ML-DSA-65,0.00023000966757535934,0.0002493802458047867,7.875170558691025e-05,21.95322578633204,1.6852246593362608,2482141.0,3309.0,1952.0,True
5,29,4602812660252347752,ML-DSA-65,0.00015386799350380898,0.00025521405041217804,7.582316175103188e-05,10.472037659026682,1.7112123349223274,2482141.0,3309.0,1952.0,True
5,30,6542713397788783495,ML-DSA-65,0.00024662213400006294,0.0002879318781197071,0.00011497503146529198,21.140100518707186,1.7021371533695502,2482141.0,3309.0,1952.0,True
5,30,17324434425194387542,ML-DSA-65,0.00026522623375058174,0.0003760228864848614,0.0001252712681889534,21.521190084982663,1.7454766526389807,2482141.0,3309.0,1952.0,True
5,30,3049361951422264555,ML-DSA-65,0.0004699421115219593,0.00025722989812493324,8.743908256292343e-05,21.476244911085814,1.659040948834282,2482141.0,3309.0,1952.0,True
5,30,9384692447029308341,ML-DSA-65,0.00022402917966246605,0.00019129225984215736,8.816597983241081e-05,21.518503675237298,1.7036477860551291,2482141.0,3309.0,1952.0,True
5,30,4602812660252347752,ML-DSA-65,0.000149585772305727,0.00018973322585225105,8.55056568980217e-05,10.58785537770018,1.6975066913202548,2482141.0,3309.0,1952.0,True
5,31,6542713397788783495,ML-DSA-65,0.00030463607981801033,0.00040904711931943893,0.00011846516281366348,21.514976419042796,1.7398076061242687,2482141.0,3309.0,1952.0,True
5,31,3049361951422264555,ML-DSA-65,0.00027115829288959503,0.00031910091638565063,9.008357301354408e-05,21.644638611003757,1.6627379766287513,2482141.0,3309.0,1952.0,True
5,31,9384692447029308341,ML-DSA-65,0.0002491050399839878,0.00022217212244868279,0.00011606281623244286,21.747143663000315,1.7279202526750657,2482141.0,3309.0,1952.0,True
5,31,17324434425194387542,ML-DSA-65,0.0005523189902305603,0.00047756871208548546,8.956668898463249e-05,21.7556234318763,1.694514655457518,2482141.0,3309.0,1952.0,True
5,31,4602812660252347752,ML-DSA-65,0.00016182195395231247,0.00014545023441314697,9.595230221748352e-05,10.407012538984418,1.6972621732626478,2482141.0,3309.0,1952.0,True
5,32,9384692447029308341,ML-DSA-65,0.00036226678639650345,0.0006479448638856411,0.00011393893510103226,21.173541099764407,1.7124979153227882,2482141.0,3309.0,1952.0,True
5,32,17324434425194387542,ML-DSA-65,0.00022100890055298805,0.000338986050337553,0.00012730620801448822,21.062718968838453,1.6853198342429945,2482141.0,3309.0,1952.0,True
5,32,3049361951422264555,ML-DSA-65,0.0002368600107729435,0.0005258913151919842,9.156111627817154e-05,21.327244164887816,1.663943828104403,2482141.0,3309.0,1952.0,True
5,32,6542713397788783495,ML-DSA-65,0.00015808315947651863,0.00018495367839932442,0.00010674074292182922,21.43941084202379,1.7082682261451745,2482141.0,3309.0,1952.0,True
5,32,4602812660252347752,ML-DSA-65,0.00021645985543727875,0.00024001812562346458,8.588004857301712e-05,10.46937965694815,1.6780563642422612,2482141.0,3309.0,1952.0,True
5,33,9384692447029308341,ML-DSA-65,0.0002551339566707611,0.0002256021834909916,0.0001458670012652874,21.091943670995533,1.6860437347485235,2482141.0,3309.0,1952.0,True
5,33,6542713397788783495,ML-DSA-65,0.0003687259741127491,0.0004047057591378689,8.511915802955627e-05,21.32769523235038,1.721678015142203,2482141.0,3309.0,1952.0,True
5,33,3049361951422264555,ML-DSA-65,0.00027558207511901855,0.00045492593199014664,8.771941065788269e-05,21.597941156011075,1.6476836067419083,2482141.0,3309.0,1952.0,True
5,33,17324434425194387542,ML-DSA-65,0.00021448172628879547,0.0002906522713601589,7.657986134290695e-05,21.861137792933732,1.6809164026674752,2482141.0,3309.0,1952.0,True
5,33,4602812660252347752,ML-DSA-65,0.00015272898599505424,0.0001387069933116436,9.623495861887932e-05,10.651521258987486,1.6786296177215088,2482141.0,3309.0,1952.0,True
5,34,17324434425194387542,ML-DSA-65,0.0002975817769765854,0.00023185228928923607,8.682021871209145e-05,21.507122533861548,1.6760507932486244,2482141.0,3309.0,1952.0,True
5,34,9384692447029308341,ML-DSA-65,0.0003494657576084137,0.00040478305891156197,0.00011021224781870842,21.643475919030607,1.702208920789603,2482141.0,3309.0,1952.0,True
5,34,3049361951422264555,ML-DSA-65,0.00015872996300458908,0.00019155815243721008,7.708976045250893e-05,21.752828350756317,1.6523949433439455,2482141.0,3309.0,1952.0,True
5,34,6542713397788783495,ML-DSA-65,0.00015478814020752907,0.0001928173005580902,7.214443758130074e-05,21.8551158150658,1.6981623953523728,2482141.0,3309.0,1952.0,True
5,34,4602812660252347752,ML-DSA-65,0.00015387125313282013,0.00019212625920772552,7.200287654995918e-05,10.470537093933672,1.6498938482790328,2482141.0,3309.0,1952.0,True
5,35,17324434425194387542,ML-DSA-65,0.00022775772958993912,0.00042857415974140167,8.765421807765961e-05,21.12057994119823,1.7229620343960894,2482141.0,3309.0,1952.0,True
5,35,3049361951422264555,ML-DSA-65,0.00036271102726459503,0.0005209008231759071,8.812034502625465e-05,21.160166894085705,1.681818162290433,2482141.0,3309.0,1952.0,True
5,35,6542713397788783495,ML-DSA-65,0.00021999888122081757,0.0002210121601819992,7.155491039156914e-05,21.311500447336584,1.6562080798438563,2482141.0,3309.0,1952.0,True
5,35,9384692447029308341,ML-DSA-65,0.0001833639107644558,0.0002423902042210102,7.238192483782768e-05,21.427218080032617,1.7052191823435288,2482141.0,3309.0,1952.0,True
5,35,4602812660252347752,ML-DSA-65,0.00021424377337098122,0.0002510766498744488,7.034791633486748e-05,10.37068761093542,1.672308710817331,2482141.0,3309.0,1952.0,True
5,36,17324434425194387542,ML-DSA-65,0.00033744191750884056,0.00016539031639695168,8.836202323436737e-05,21.430705403909087,1.6929240356238124,2482141.0,3309.0,1952.0,True
5,36,3049361951422264555,ML-DSA-65,0.0003136531449854374,0.00028881197795271873,7.246015593409538e-05,21.683015159331262,1.655277356933862,2482141.0,3309.0,1952.0,True
5,36,6542713397788783495,ML-DSA-65,0.00022947927936911583,0.0001835380680859089,8.585862815380096e-05,21.999348137993366,1.6687192105637572,2482141.0,3309.0,1952.0,True
5,36,9384692447029308341,ML-DSA-65,0.0003400319255888462,0.00034896330907940865,8.390098810195923e-05,21.976358861196786,1.6506991995790135,2482141.0,3309.0,1952.0,True
5,36,4602812660252347752,ML-DSA-65,0.00015430618077516556,0.00012227706611156464,7.103895768523216e-05,10.698243299033493,1.696512621431686,2482141.0,3309.0,1952.0,True
5,37,17324434425194387542,ML-DSA-65,0.0003293710760772228,0.00042022112756967545,8.956808596849442e-05,21.442405168898404,1.6484966457080537,2482141.0,3309.0,1952.0,True
5,37,3049361951422264555,ML-DSA-65,0.0005564321763813496,0.00040084077045321465,7.470091804862022e-05,21.35183060914278,1.6344480560229608,2482141.0,3309.0,1952.0,True
5,37,9384692447029308341,ML-DSA-65,0.00019594095647335052,0.00017642509192228317,0.00010007619857788086,21.57108394941315,1.671057058218569,2482141.0,3309.0,1952.0,True
5,37,6542713397788783495,ML-DSA-65,0.0001535927876830101,0.00024098390713334084,9.32859256863594e-05,21.719782017171383,1.6415992563905808,2482141.0,3309.0,1952.0,True
5,37,4602812660252347752,ML-DSA-65,0.00015045003965497017,0.00014387397095561028,7.198192179203033e-05,10.421382966917008,1.6688141872326787,2482141.0,3309.0,1952.0,True
5,38,3049361951422264555,ML-DSA-65,0.00031320471316576004,0.0002836729399859905,9.576277807354927e-05,21.324655850883573,1.633619465386144,2482141.0,3309.0,1952.0,True
5,38,9384692447029308341,ML-DSA-65,0.0001546097919344902,0.00016267085447907448,7.1769580245018e-05,21.39424527110532,1.6965437586696004,2482141.0,3309.0,1952.0,True
5,38,6542713397788783495,ML-DSA-65,0.00028924690559506416,0.0002490938641130924,7.365597411990166e-05,21.603180387057364,1.6745854181984363,2482141.0,3309.0,1952.0,True
5,38,17324434425194387542,ML-DSA-65,0.00015563983470201492,0.00015654182061553001,7.280893623828888e-05,21.6003308580257,1.671056683832845,2482141.0,3309.0,1952.0,True
5,38,4602812660252347752,ML-DSA-65,0.00015510804951190948,0.0001103370450437069,8.987216278910637e-05,10.5527519043535,1.6858374120328372,2482141.0,3309.0,1952.0,True
5,39,9384692447029308341,ML-DSA-65,0.00022303080186247826,0.0004172292537987232,0.00014025811105966568,21.007936457637697,1.6898926587912222,2482141.0,3309.0,1952.0,True
5,39,6542713397788783495,ML-DSA-65,0.0005073826760053635,0.0005896030925214291,0.00012483494356274605,21.161716321948916,1.6619733354915827,2482141.0,3309.0,1952.0,True
5,39,3049361951422264555,ML-DSA-65,0.00023598503321409225,0.0004278947599232197,9.687012061476707e-05,21.215417304076254,1.6445761290602028,2482141.0,3309.0,1952.0,True
5,39,17324434425194387542,ML-DSA-65,0.00019427388906478882,0.00015338324010372162,8.557364344596863e-05,21.451202674768865,1.6477561503553544,2482141.0,3309.0,1952.0,True
5,39,4602812660252347752,ML-DSA-65,0.00022050784900784492,0.00020921416580677032,0.00011151330545544624,10.435246809851378,1.657739836567888,2482141.0,3309.0,1952.0,True
5,40,3049361951422264555,ML-DSA-65,0.0002084732986986637,0.0002271132543683052,0.00010475795716047287,21.073239770252258,1.6247200169883216,2482141.0,3309.0,1952.0,True
5,40,9384692447029308341,ML-DSA-65,0.0002190801315009594,0.00016608880832791328,0.00010357983410358429,21.356015126220882,1.6876676151165948,2482141.0,3309.0,1952.0,True
5,40,17324434425194387542,ML-DSA-65,0.0004470641724765301,0.00043372856453061104,8.700182661414146e-05,21.349933991208673,1.7078890876648145,2482141.0,3309.0,1952.0,True
5,40,6542713397788783495,ML-DSA-65,0.00021926593035459518,0.00020059291273355484,7.926905527710915e-05,21.48390537733212,1.6136446941774873,2482141.0,3309.0,1952.0,True
5,40,4602812660252347752,ML-DSA-65,0.00015435274690389633,0.00017784209921956062,9.610224515199661e-05,10.621908530127257,1.6442453937408643,2482141.0,3309.0,1952.0,True
5,41,6542713397788783495,ML-DSA-65,0.0003290250897407532,0.00022692512720823288,8.927518501877785e-05,21.35865465598181,1.6625622099580857,2482141.0,3309.0,1952.0,True
5,41,3049361951422264555,ML-DSA-65,0.0001619141548871994,0.000449442770332098,0.00010667694732546806,21.52633413206786,1.636598465351251,2482141.0,3309.0,1952.0,True
5,41,9384692447029308341,ML-DSA-65,0.000255080871284008,0.00024044094607234,9.15410928428173e-05,21.462457980029285,1.662049511751047,2482141.0,3309.0,1952.0,True
5,41,17324434425194387542,ML-DSA-65,0.0002341526560485363,0.00018542399629950523,7.745902985334396e-05,21.565121701918542,1.6483170670061447,2482141.0,3309.0,1952.0,True
5,41,4602812660252347752,ML-DSA-65,0.00015202397480607033,0.00022491486743092537,7.72690400481224e-05,10.488951814826578,1.6378419391644268,2482141.0,3309.0,1952.0,True
5,42,3049361951422264555,ML-DSA-65,0.0002859402447938919,0.0005315220914781094,0.00012105889618396759,21.214067532215267,1.6141405292212392,2482141.0,3309.0,1952.0,True
5,42,17324434425194387542,ML-DSA-65,0.00031514279544353485,0.00023755524307489395,8.145580068230629e-05,21.524991665035486,1.6418303477878389,2482141.0,3309.0,1952.0,True
5,42,9384692447029308341,ML-DSA-65,0.0002926001325249672,0.00022097909823060036,7.24252313375473e-05,21.577053654007614,1.6467398584079438,2482141.0,3309.0,1952.0,True
5,42,6542713397788783495,ML-DSA-65,0.00024018529802560806,0.00022407015785574913,8.769892156124115e-05,21.4369378820993,1.624957791151711,2482141.0,3309.0,1952.0,True
5,42,4602812660252347752,ML-DSA-65,0.00015586568042635918,0.0004092301242053509,0.00011168234050273895,10.74732587998733,1.637315214251558,2482141.0,3309.0,1952.0,True
5,43,3049361951422264555,ML-DSA-65,0.00022216374054551125,0.0001981416717171669,9.490177035331726e-05,21.659472373779863,1.636966879756306,2482141.0,3309.0,1952.0,True
5,43,6542713397788783495,ML-DSA-65,0.0005369540303945541,0.00039023393765091896,0.000280626118183136,21.650939780753106,1.6551211897176676,2482141.0,3309.0,1952.0,True
5,43,17324434425194387542,ML-DSA-65,0.00024849409237504005,0.00040548015385866165,7.570488378405571e-05,21.699953997973353,1.6239558435476626,2482141.0,3309.0,1952.0,True
5,43,9384692447029308341,ML-DSA-65,0.0001608496531844139,0.00022771582007408142,7.316796109080315e-05,21.930477069225162,1.6724844291187322,2482141.0,3309.0,1952.0,True
5,43,4602812660252347752,ML-DSA-65,0.00015473924577236176,0.00018861610442399979,8.596666157245636e-05,10.628911560866982,1.635318550819787,2482141.0,3309.0,1952.0,True
5,44,3049361951422264555,ML-DSA-65,0.0005008401349186897,0.000200783833861351,9.100232273340225e-05,21.41914625838399,1.6035307141157766,2482141.0,3309.0,1952.0,True
5,44,6542713397788783495,ML-DSA-65,0.0002434239722788334,0.00019369600340723991,7.568486034870148e-05,21.57283756416291,1.6622445364348806,2482141.0,3309.0,1952.0,True
5,44,17324434425194387542,ML-DSA-65,0.0004179389216005802,0.0005430406890809536,7.301894947886467e-05,21.526941685006022,1.6338513762044449,2482141.0,3309.0,1952.0,True
5,44,9384692447029308341,ML-DSA-65,0.00021671224385499954,0.0002692239359021187,7.23111443221569e-05,21.60828141309321,1.6496504560446206,2482141.0,3309.0,1952.0,True
5,44,4602812660252347752,ML-DSA-65,0.0001526232808828354,0.00013733003288507462,8.939579129219055e-05,10.571891567669809,1.6631189032484548,2482141.0,3309.0,1952.0,True
5,45,17324434425194387542,ML-DSA-65,0.00023251399397850037,0.00035187089815735817,8.777622133493423e-05,21.61253323033452,1.6099774414738908,2482141.0,3309.0,1952.0,True
5,45,6542713397788783495,ML-DSA-65,0.00015580607578158379,0.000287041999399662,8.702324703335762e-05,21.713672053068876,1.63576428806439,2482141.0,3309.0,1952.0,True
5,45,3049361951422264555,ML-DSA-65,0.0003297966904938221,0.0002459706738591194,7.039215415716171e-05,21.74904735200107,1.640294712572433,2482141.0,3309.0,1952.0,True
5,45,9384692447029308341,ML-DSA-65,0.00024549802765250206,0.0007442948408424854,8.635316044092178e-05,21.653391025029123,1.6726917424521888,2482141.0,3309.0,1952.0,True
5,45,4602812660252347752,ML-DSA-65,0.00021786103025078773,0.0001792972907423973,7.48801976442337e-05,10.468680293299258,1.6628007652660528,2482141.0,3309.0,1952.0,True
5,46,3049361951422264555,ML-DSA-65,0.00024107517674565315,0.0004626736044883728,9.065307676792145e-05,21.72592261619866,1.6548857856482362,2482141.0,3309.0,1952.0,True
5,46,6542713397788783495,ML-DSA-65,0.00020437082275748253,0.0003704656846821308,7.09271989762783e-05,21.82343795709312,1.6246395232959296,2482141.0,3309.0,1952.0,True
5,46,9384692447029308341,ML-DSA-65,0.00020358897745609283,0.000327463261783123,9.004492312669754e-05,21.88264349801466,1.6557042221672618,2482141.0,3309.0,1952.0,True
5,46,17324434425194387542,ML-DSA-65,0.00016542105004191399,0.00030577508732676506,7.57160596549511e-05,21.8827898548916,1.6139991953730963,2482141.0,3309.0,1952.0,True
5,46,4602812660252347752,ML-DSA-65,0.0002218787558376789,0.00026730820536613464,7.545109838247299e-05,10.494695153087378,1.6626174215691538,2482141.0,3309.0,1952.0,True
5,47,3049361951422264555,ML-DSA-65,0.0002217879518866539,0.0003342311829328537,9.038206189870834e-05,21.485032509546727,1.6056651543504514,2482141.0,3309.0,1952.0,True
5,47,9384692447029308341,ML-DSA-65,0.00023692892864346504,0.0003776377998292446,7.736915722489357e-05,21.832760786172003,1.6498613658423622,2482141.0,3309.0,1952.0,True
5,47,17324434425194387542,ML-DSA-65,0.00022928602993488312,0.0007438198663294315,7.398612797260284e-05,21.991552086081356,1.6125453748642065,2482141.0,3309.0,1952.0,True
5,47,6542713397788783495,ML-DSA-65,0.00021308986470103264,0.00026971008628606796,8.86041671037674e-05,21.97660735808313,1.6428274338999496,2482141.0,3309.0,1952.0,True
5,47,4602812660252347752,ML-DSA-65,0.00023628026247024536,0.0001629428006708622,7.893890142440796e-05,10.404906792100519,1.613367342339537,2482141.0,3309.0,1952.0,True
5,48,3049361951422264555,ML-DSA-65,0.0003689066506922245,0.00018674694001674652,0.00010173814371228218,21.376759083010256,1.631688062375346,2482141.0,3309.0,1952.0,True
5,48,6542713397788783495,ML-DSA-65,0.0001936648041009903,0.00021692318841814995,9.313272312283516e-05,21.60003229510039,1.6293751492667883,2482141.0,3309.0,1952.0,True
5,48,17324434425194387542,ML-DSA-65,0.00018025515601038933,0.0001744283363223076,7.320428267121315e-05,21.77491473266855,1.636579256088208,2482141.0,3309.0,1952.0,True
5,48,9384692447029308341,ML-DSA-65,0.0002948879264295101,0.00022895494475960732,7.232604548335075e-05,21.755917041096836,1.6529830846542748,2482141.0,3309.0,1952.0,True
5,48,4602812660252347752,ML-DSA-65,0.00015005609020590782,0.00018295226618647575,8.915085345506668e-05,10.410492873750627,1.5992122121131458,2482141.0,3309.0,1952.0,True
5,49,6542713397788783495,ML-DSA-65,0.00023102015256881714,0.00030264025554060936,8.842675015330315e-05,21.41245683701709,1.6142536898771414,2482141.0,3309.0,1952.0,True
5,49,17324434425194387542,ML-DSA-65,0.0003440440632402897,0.0004509291611611843,7.028691470623016e-05,21.45033374801278,1.6313310436928234,2482141.0,3309.0,1952.0,True
5,49,3049361951422264555,ML-DSA-65,0.0002757599577307701,0.0005989070050418377,8.508795872330666e-05,21.826351159252226,1.584460679715434,2482141.0,3309.0,1952.0,True
5,49,9384692447029308341,ML-DSA-65,0.0002584857866168022,0.0002750600688159466,9.209662675857544e-05,21.918776139151305,1.6058387876318667,2482141.0,3309.0,1952.0,True
5,49,4602812660252347752,ML-DSA-65,0.00021402724087238312,0.0002237139269709587,9.360490366816521e-05,10.695270771160722,1.6153501354086512,2482141.0,3309.0,1952.0,True
5,50,9384692447029308341,ML-DSA-65,0.00024410197511315346,0.0003156387247145176,0.0002415413036942482,21.196203734260052,1.6257740739054574,2482141.0,3309.0,1952.0,True
5,50,3049361951422264555,ML-DSA-65,0.00028263311833143234,0.00017231330275535583,0.00012058019638061523,21.349445492960513,1.595768542335437,2482141.0,3309.0,1952.0,True
5,50,6542713397788783495,ML-DSA-65,0.00022666528820991516,0.0006655380129814148,7.886486127972603e-05,21.389552318956703,1.6393890826465984,2482141.0,3309.0,1952.0,True
5,50,17324434425194387542,ML-DSA-65,0.00015105633065104485,0.00013941898941993713,8.745212107896805e-05,21.505701053887606,1.621598140500224,2482141.0,3309.0,1952.0,True
5,50,4602812660252347752,ML-DSA-65,0.00015255622565746307,0.00016444502398371696,9.504100307822227e-05,10.383209559135139,1.586347036087475,2482141.0,3309.0,1952.0,True
