run,round,node_id,scheme,keygen_time,sign_time,verify_time,train_time,train_loss,payload_size,sig_size,pubkey_size,verified
1,1,2828883669463892745,SLH_DSA_PURE_SHA2_128S,0.09086319711059332,0.6358064441010356,0.0007584262639284134,21.664356822147965,2.183817887839418,2482141.0,7856.0,32.0,True
1,1,9008002564176106761,SLH_DSA_PURE_SHA2_128S,0.08577416464686394,0.62051020283252,0.0006717308424413204,21.629067291971296,2.1525458683982825,2482141.0,7856.0,32.0,True
1,1,13829490425425215462,SLH_DSA_PURE_SHA2_128S,0.16522573214024305,0.7552389884367585,0.0006311172619462013,21.71573399566114,2.3023483677032277,2482141.0,7856.0,32.0,True
1,1,977919700128386556,SLH_DSA_PURE_SHA2_128S,0.11219981405884027,0.7366586579009891,0.0006567928940057755,21.83036299329251,2.126736562853804,2482141.0,7856.0,32.0,True
1,1,14846930671797097254,SLH_DSA_PURE_SHA2_128S,0.07854259619489312,0.5958815952762961,0.0006236298941075802,10.570935895200819,2.113535654430572,2482141.0,7856.0,32.0,True
1,2,9008002564176106761,SLH_DSA_PURE_SHA2_128S,0.16614057589322329,0.6791814947500825,0.000721941702067852,22.199582868255675,2.086307505449167,2482141.0,7856.0,32.0,True
1,2,13829490425425215462,SLH_DSA_PURE_SHA2_128S,0.1741880956105888,0.625789986923337,0.0007811780087649822,22.284453130327165,2.030619663171494,2482141.0,7856.0,32.0,True
1,2,2828883669463892745,SLH_DSA_PURE_SHA2_128S,0.08519229432567954,0.6232252242043614,0.0007004421204328537,22.39712366834283,2.0820251101502976,2482141.0,7856.0,32.0,True
1,2,977919700128386556,SLH_DSA_PURE_SHA2_128S,0.08091649785637856,0.6113945199176669,0.0006945929490029812,22.566504499409348,2.0596784635092886,2482141.0,7856.0,32.0,True
1,2,14846930671797097254,SLH_DSA_PURE_SHA2_128S,0.0777173307724297,0.6273562819696963,0.000722766388207674,10.65992589108646,2.059895809466085,2482141.0,7856.0,32.0,True
1,3,9008002564176106761,SLH_DSA_PURE_SHA2_128S,0.14985234895721078,0.9504130370914936,0.0006107962690293789,21.493598318193108,1.9136620676174712,2482141.0,7856.0,32.0,True
1,3,977919700128386556,SLH_DSA_PURE_SHA2_128S,0.1455289488658309,1.1565657681785524,0.0006283717229962349,21.261539618950337,1.9250097937477282,2482141.0,7856.0,32.0,True
1,3,13829490425425215462,SLH_DSA_PURE_SHA2_128S,0.08589117927476764,0.6778158289380372,0.0006565130315721035,21.84129534009844,1.9010748055796274,2482141.0,7856.0,32.0,True
1,3,2828883669463892745,SLH_DSA_PURE_SHA2_128S,0.08248592400923371,0.6334699699655175,0.0006249332800507545,21.939541672822088,1.9345986424162747,2482141.0,7856.0,32.0,True
1,3,14846930671797097254,SLH_DSA_PURE_SHA2_128S,0.0772782121784985,0.5946110808290541,0.0006110081449151039,10.749761855695397,1.9150876595189397,2482141.0,7856.0,32.0,True
1,4,977919700128386556,SLH_DSA_PURE_SHA2_128S,0.16370317805558443,0.7103353510610759,0.0006413371302187443,21.79040124407038,1.873208655716893,2482141.0,7856.0,32.0,True
1,4,9008002564176106761,SLH_DSA_PURE_SHA2_128S,0.1474766400642693,0.6438642996363342,0.000684061087667942,21.989285983145237,1.8589941864958206,2482141.0,7856.0,32.0,True
1,4,2828883669463892745,SLH_DSA_PURE_SHA2_128S,0.08706479473039508,0.6216268041171134,0.0006610006093978882,22.125266660936177,1.8421319498421667,2482141.0,7856.0,32.0,True
1,4,13829490425425215462,SLH_DSA_PURE_SHA2_128S,0.08029357204213738,0.6293922527693212,0.0006202668882906437,22.234043582342565,1.8497613679867584,2482141.0,7856.0,32.0,True
1,4,14846930671797097254,SLH_DSA_PURE_SHA2_128S,0.0772954779677093,0.5922228102572262,0.0005936711095273495,10.737486297730356,1.8561070060577636,2482141.0,7856.0,32.0,True
1,5,13829490425425215462,SLH_DSA_PURE_SHA2_128S,0.08761810511350632,0.7698566080071032,0.000727395061403513,21.82237889431417,1.8047301879706092,2482141.0,7856.0,32.0,True
1,5,977919700128386556,SLH_DSA_PURE_SHA2_128S,0.08740437775850296,0.6335447309538722,0.0006937021389603615,22.190851672552526,1.8367169074737988,2482141.0,7856.0,32.0,True
1,5,2828883669463892745,SLH_DSA_PURE_SHA2_128S,0.10537999169901013,0.6607481623068452,0.0007387278601527214,22.444247608073056,1.8345473048786005,2482141.0,7856.0,32.0,True
1,5,9008002564176106761,SLH_DSA_PURE_SHA2_128S,0.08091585710644722,0.6319556068629026,0.0007297629490494728,22.444809346925467,1.8352082906820524,2482141.0,7856.0,32.0,True
1,5,14846930671797097254,SLH_DSA_PURE_SHA2_128S,0.07952098175883293,0.6144830188713968,0.0006483248434960842,10.931034003850073,1.8263069155117193,2482141.0,7856.0,32.0,True
1,6,2828883669463892745,SLH_DSA_PURE_SHA2_128S,0.144425252918154,0.7954866271466017,0.0007331399247050285,21.69704025890678,1.8282342162756875,2482141.0,7856.0,32.0,True
1,6,9008002564176106761,SLH_DSA_PURE_SHA2_128S,0.0862725842744112,0.6389730041846633,0.0012440718710422516,22.098454218823463,1.7839648605535587,2482141.0,7856.0,32.0,True
1,6,13829490425425215462,SLH_DSA_PURE_SHA2_128S,0.08348004007712007,0.6174528137780726,0.0006334609352052212,22.17949871113524,1.820918762264922,2482141.0,7856.0,32.0,True
1,6,977919700128386556,SLH_DSA_PURE_SHA2_128S,0.08023131405934691,0.6137480549514294,0.0006528389640152454,22.224820863921195,1.8337184586844886,2482141.0,7856.0,32.0,True
1,6,14846930671797097254,SLH_DSA_PURE_SHA2_128S,0.07715011667460203,0.5936227939091623,0.0006510349921882153,10.832833501975983,1.8058629630091854,2482141.0,7856.0,32.0,True
1,7,9008002564176106761,SLH_DSA_PURE_SHA2_128S,0.142715014051646,0.8088264521211386,0.0006121671758592129,21.818719052243978,1.791887391870395,2482141.0,7856.0,32.0,True
1,7,977919700128386556,SLH_DSA_PURE_SHA2_128S,0.1034338902682066,0.6293268133886158,0.0007286109030246735,22.049006585031748,1.8008688703512612,2482141.0,7856.0,32.0,True
1,7,2828883669463892745,SLH_DSA_PURE_SHA2_128S,0.08623644942417741,0.631256926804781,0.0007054731249809265,22.092349891085178,1.8097181129760254,2482141.0,7856.0,32.0,True
1,7,13829490425425215462,SLH_DSA_PURE_SHA2_128S,0.08077075704932213,0.6117131249047816,0.0006267749704420567,22.38175916392356,1.7712127610136525,2482141.0,7856.0,32.0,True
1,7,14846930671797097254,SLH_DSA_PURE_SHA2_128S,0.07800083933398128,0.5895914952270687,0.0006421231664717197,10.712994494009763,1.796490991077484,2482141.0,7856.0,32.0,True
1,8,9008002564176106761,SLH_DSA_PURE_SHA2_128S,0.14120402419939637,0.6116527821868658,0.000657395925372839,22.05954940011725,1.7900100386561677,2482141.0,7856.0,32.0,True
1,8,13829490425425215462,SLH_DSA_PURE_SHA2_128S,0.1288758860900998,0.614060774911195,0.0006452109664678574,22.156077524647117,1.7909811567574645,2482141.0,7856.0,32.0,True
1,8,977919700128386556,SLH_DSA_PURE_SHA2_128S,0.0797352148219943,0.6317707817070186,0.0006009191274642944,22.194716402329504,1.8036830802314199,2482141.0,7856.0,32.0,True
1,8,2828883669463892745,SLH_DSA_PURE_SHA2_128S,0.11134855123236775,0.631228684913367,0.0006612120196223259,22.19202561629936,1.7936795919467086,2482141.0,7856.0,32.0,True
1,8,14846930671797097254,SLH_DSA_PURE_SHA2_128S,0.07851301785558462,0.5910764909349382,0.0005889171734452248,11.685681285336614,1.8179817496778103,2482141.0,7856.0,32.0,True
1,9,13829490425425215462,SLH_DSA_PURE_SHA2_128S,0.1539019038900733,0.8759621353819966,0.0006181173957884312,22.690100288949907,1.7300867752526135,2482141.0,7856.0,32.0,True
1,9,2828883669463892745,SLH_DSA_PURE_SHA2_128S,0.11325060296803713,0.7526926840655506,0.0007016840390861034,22.925864750053734,1.8099459668698783,2482141.0,7856.0,32.0,True
1,9,977919700128386556,SLH_DSA_PURE_SHA2_128S,0.08922726521268487,0.6464331527240574,0.0006858431734144688,23.33988429279998,1.7883938733762064,2482141.0,7856.0,32.0,True
1,9,9008002564176106761,SLH_DSA_PURE_SHA2_128S,0.08280234690755606,0.630548601038754,0.0007123425602912903,23.362906403839588,1.7518416368923249,2482141.0,7856.0,32.0,True
1,9,14846930671797097254,SLH_DSA_PURE_SHA2_128S,0.08034006506204605,0.6399193210527301,0.0006559980101883411,10.76749856909737,1.7842848556110273,2482141.0,7856.0,32.0,True
1,10,2828883669463892745,SLH_DSA_PURE_SHA2_128S,0.16120574483647943,0.8660548063926399,0.0007159262895584106,22.596662191208452,1.7727218519765349,2482141.0,7856.0,32.0,True
1,10,9008002564176106761,SLH_DSA_PURE_SHA2_128S,0.16820526076480746,0.623390672262758,0.000669275876134634,22.644934414885938,nan,2482141.0,7856.0,32.0,True
1,10,13829490425425215462,SLH_DSA_PURE_SHA2_128S,0.1628964371047914,0.7062622173689306,0.0006245477125048637,22.722468656953424,1.764894901373135,2482141.0,7856.0,32.0,True
1,10,977919700128386556,SLH_DSA_PURE_SHA2_128S,0.1716794017702341,0.6333027179352939,0.0009168647229671478,22.79585719574243,1.7853875841957312,2482141.0,7856.0,32.0,True
1,10,14846930671797097254,SLH_DSA_PURE_SHA2_128S,0.0775511828251183,0.5988817601464689,0.0006949221715331078,10.591883717104793,1.7694907904432986,2482141.0,7856.0,32.0,True
1,11,2828883669463892745,SLH_DSA_PURE_SHA2_128S,0.12701795483008027,0.6324190138839185,0.0006082160398364067,21.958476304076612,nan,2482141.0,7856.0,32.0,True
1,11,13829490425425215462,SLH_DSA_PURE_SHA2_128S,0.08003945974633098,0.6173006761819124,0.0006452882662415504,22.235758079215884,nan,2482141.0,7856.0,32.0,True
1,11,977919700128386556,SLH_DSA_PURE_SHA2_128S,0.15316928317770362,0.6790961450897157,0.0006247633136808872,22.154932776931673,nan,2482141.0,7856.0,32.0,True
1,11,9008002564176106761,SLH_DSA_PURE_SHA2_128S,0.12613758770748973,0.6208620923571289,0.0006501409225165844,22.196370706427842,nan,2482141.0,7856.0,32.0,True
1,11,14846930671797097254,SLH_DSA_PURE_SHA2_128S,0.07706504315137863,0.5938076381571591,0.0007029068656265736,10.628893414046615,nan,2482141.0,7856.0,32.0,True
1,12,13829490425425215462,SLH_DSA_PURE_SHA2_128S,0.12422265810891986,0.6663784147240222,0.0006981189362704754,22.435293218120933,nan,2482141.0,7856.0,32.0,True
1,12,9008002564176106761,SLH_DSA_PURE_SHA2_128S,0.08682587323710322,0.6466905777342618,0.0006988830864429474,22.557421734090894,nan,2482141.0,7856.0,32.0,True
1,12,2828883669463892745,SLH_DSA_PURE_SHA2_128S,0.08500442234799266,0.6418368779122829,0.0005974867381155491,22.604392908979207,nan,2482141.0,7856.0,32.0,True
1,12,977919700128386556,SLH_DSA_PURE_SHA2_128S,0.08006986835971475,0.6099014449864626,0.0006553269922733307,23.059546164702624,nan,2482141.0,7856.0,32.0,True
1,12,14846930671797097254,SLH_DSA_PURE_SHA2_128S,0.07706517493352294,0.5926255909726024,0.0006132819689810276,10.769607821013778,nan,2482141.0,7856.0,32.0,True
1,13,9008002564176106761,SLH_DSA_PURE_SHA2_128S,0.140357187949121,0.7036196370609105,0.0006814482621848583,21.93581351218745,nan,2482141.0,7856.0,32.0,True
1,13,977919700128386556,SLH_DSA_PURE_SHA2_128S,0.11650741891935468,0.6309792622923851,0.0005937530659139156,22.27101462893188,nan,2482141.0,7856.0,32.0,True
1,13,2828883669463892745,SLH_DSA_PURE_SHA2_128S,0.10437709279358387,0.6349116847850382,0.0006628548726439476,22.295440626796335,nan,2482141.0,7856.0,32.0,True
1,13,13829490425425215462,SLH_DSA_PURE_SHA2_128S,0.08052654610946774,0.6209883270785213,0.0006065159104764462,22.348645322956145,nan,2482141.0,7856.0,32.0,True
1,13,14846930671797097254,SLH_DSA_PURE_SHA2_128S,0.07728393189609051,0.5922577045857906,0.0006189313717186451,10.685321017168462,nan,2482141.0,7856.0,32.0,True
1,14,977919700128386556,SLH_DSA_PURE_SHA2_128S,0.08911141939461231,0.6283876709640026,0.0007077157497406006,21.81200390867889,nan,2482141.0,7856.0,32.0,True
1,14,13829490425425215462,SLH_DSA_PURE_SHA2_128S,0.10259051620960236,0.6703647268004715,0.000622111838310957,21.83701353194192,nan,2482141.0,7856.0,32.0,True
1,14,9008002564176106761,SLH_DSA_PURE_SHA2_128S,0.09726856695488095,0.6420160024426877,0.0006562448106706142,21.889495007693768,nan,2482141.0,7856.0,32.0,True
1,14,2828883669463892745,SLH_DSA_PURE_SHA2_128S,0.0801029740832746,0.6142199179157615,0.0006688330322504044,21.9857257315889,nan,2482141.0,7856.0,32.0,True
1,14,14846930671797097254,SLH_DSA_PURE_SHA2_128S,0.07698946818709373,0.5964114279486239,0.0006190850399434566,10.808075026143342,nan,2482141.0,7856.0,32.0,True
1,15,13829490425425215462,SLH_DSA_PURE_SHA2_128S,0.08888288913294673,0.6955119511112571,0.0007201437838375568,21.949696055147797,nan,2482141.0,7856.0,32.0,True
1,15,977919700128386556,SLH_DSA_PURE_SHA2_128S,0.1451572240330279,0.6498052659444511,0.0006518838927149773,22.090268881991506,nan,2482141.0,7856.0,32.0,True
1,15,9008002564176106761,SLH_DSA_PURE_SHA2_128S,0.1632311032153666,0.6219381070695817,0.0006271209567785263,22.186084053944796,nan,2482141.0,7856.0,32.0,True
1,15,2828883669463892745,SLH_DSA_PURE_SHA2_128S,0.08753124997019768,0.6142222806811333,0.000646715983748436,22.328802013304085,nan,2482141.0,7856.0,32.0,True
1,15,14846930671797097254,SLH_DSA_PURE_SHA2_128S,0.07743784226477146,0.6017885929904878,0.0006588581018149853,10.456306128297001,nan,2482141.0,7856.0,32.0,True
1,16,9008002564176106761,SLH_DSA_PURE_SHA2_128S,0.15579173201695085,0.643993329256773,0.0006600129418075085,21.8633100730367,nan,2482141.0,7856.0,32.0,True
1,16,2828883669463892745,SLH_DSA_PURE_SHA2_128S,0.10696372110396624,0.6248999438248575,0.0006230170838534832,21.946785293985158,nan,2482141.0,7856.0,32.0,True
1,16,977919700128386556,SLH_DSA_PURE_SHA2_128S,0.08252227120101452,0.6173559287562966,0.0006666271947324276,22.032160736154765,nan,2482141.0,7856.0,32.0,True
1,16,13829490425425215462,SLH_DSA_PURE_SHA2_128S,0.08069170778617263,0.6167266019620001,0.0006537409499287605,22.08897050982341,nan,2482141.0,7856.0,32.0,True
1,16,14846930671797097254,SLH_DSA_PURE_SHA2_128S,0.07835410814732313,0.6094910590909421,0.0006204899400472641,10.86629086965695,nan,2482141.0,7856.0,32.0,True
1,17,2828883669463892745,SLH_DSA_PURE_SHA2_128S,0.115860965102911,0.6562914052046835,0.0006826668977737427,22.452963705640286,nan,2482141.0,7856.0,32.0,True
1,17,977919700128386556,SLH_DSA_PURE_SHA2_128S,0.16026350809261203,0.6720305662602186,0.0006336662918329239,22.478112583979964,nan,2482141.0,7856.0,32.0,True
1,17,13829490425425215462,SLH_DSA_PURE_SHA2_128S,0.09539484791457653,0.6197015079669654,0.0007092282176017761,22.914354708977044,nan,2482141.0,7856.0,32.0,True
1,17,9008002564176106761,SLH_DSA_PURE_SHA2_128S,0.0798119897954166,0.6160614881664515,0.0006497781723737717,22.944495144300163,nan,2482141.0,7856.0,32.0,True
1,17,14846930671797097254,SLH_DSA_PURE_SHA2_128S,0.0780423991382122,0.6579889017157257,0.000633584801107645,10.902020373847336,nan,2482141.0,7856.0,32.0,True
1,18,977919700128386556,SLH_DSA_PURE_SHA2_128S,0.09924796503037214,0.6724656070582569,0.0007929932326078415,21.603191482834518,nan,2482141.0,7856.0,32.0,True
1,18,2828883669463892745,SLH_DSA_PURE_SHA2_128S,0.0986646180972457,0.6496268175542355,0.0012225317768752575,21.789372444618493,nan,2482141.0,7856.0,32.0,True
1,18,9008002564176106761,SLH_DSA_PURE_SHA2_128S,0.13788387179374695,0.6385248969309032,0.0005934559740126133,21.819162849802524,nan,2482141.0,7856.0,32.0,True
1,18,13829490425425215462,SLH_DSA_PURE_SHA2_128S,0.16399919195100665,0.8158980449661613,0.0006567207165062428,22.02175230998546,nan,2482141.0,7856.0,32.0,True
1,18,14846930671797097254,SLH_DSA_PURE_SHA2_128S,0.07779469015076756,0.6028068671002984,0.0006859311833977699,10.598374207038432,nan,2482141.0,7856.0,32.0,True
1,19,9008002564176106761,SLH_DSA_PURE_SHA2_128S,0.15569397900253534,0.7320565180853009,0.0006122523918747902,21.388064192142338,nan,2482141.0,7856.0,32.0,True
1,19,977919700128386556,SLH_DSA_PURE_SHA2_128S,0.11891294410452247,0.6150734759867191,0.000608252827078104,21.750688715837896,nan,2482141.0,7856.0,32.0,True
1,19,2828883669463892745,SLH_DSA_PURE_SHA2_128S,0.08332792576402426,0.6162970280274749,0.0007002740167081356,21.802357960958034,nan,2482141.0,7856.0,32.0,True
1,19,13829490425425215462,SLH_DSA_PURE_SHA2_128S,0.080352823715657,0.6159443520009518,0.0007105069234967232,21.7819271706976,nan,2482141.0,7856.0,32.0,True
1,19,14846930671797097254,SLH_DSA_PURE_SHA2_128S,0.07859436376020312,0.5955440909601748,0.0006456030532717705,10.631322234869003,nan,2482141.0,7856.0,32.0,True
1,20,13829490425425215462,SLH_DSA_PURE_SHA2_128S,0.14373377384617925,0.6395261976867914,0.0006880150176584721,22.3682733559981,nan,2482141.0,7856.0,32.0,True
1,20,2828883669463892745,SLH_DSA_PURE_SHA2_128S,0.08554835291579366,0.6203642482869327,0.0006834641098976135,22.56235549831763,nan,2482141.0,7856.0,32.0,True
1,20,977919700128386556,SLH_DSA_PURE_SHA2_128S,0.15929655404761434,0.8259080220013857,0.0006741592660546303,22.35340949241072,nan,2482141.0,7856.0,32.0,True
1,20,9008002564176106761,SLH_DSA_PURE_SHA2_128S,0.17520594783127308,0.6632842468097806,0.0005972087383270264,22.667645131237805,nan,2482141.0,7856.0,32.0,True
1,20,14846930671797097254,SLH_DSA_PURE_SHA2_128S,0.07690903171896935,0.5927377683110535,0.0006581651978194714,10.729965886101127,nan,2482141.0,7856.0,32.0,True
1,21,977919700128386556,SLH_DSA_PURE_SHA2_128S,0.1373687256127596,0.8454421488568187,0.0006955997087061405,23.104580579791218,nan,2482141.0,7856.0,32.0,True
1,21,13829490425425215462,SLH_DSA_PURE_SHA2_128S,0.1596386469900608,0.692724967841059,0.0007322919555008411,23.29797165095806,nan,2482141.0,7856.0,32.0,True
1,21,9008002564176106761,SLH_DSA_PURE_SHA2_128S,0.17163492692634463,0.7853916501626372,0.0006422577425837517,23.648755426052958,nan,2482141.0,7856.0,32.0,True
1,21,2828883669463892745,SLH_DSA_PURE_SHA2_128S,0.17485261987894773,0.7470718557015061,0.0006261230446398258,23.68833310995251,nan,2482141.0,7856.0,32.0,True
1,21,14846930671797097254,SLH_DSA_PURE_SHA2_128S,0.07709419494494796,0.596816370729357,0.0005941442213952541,10.402245392091572,nan,2482141.0,7856.0,32.0,True
1,22,977919700128386556,SLH_DSA_PURE_SHA2_128S,0.13393889600411057,0.6162061160430312,0.0006627840921282768,22.093094159848988,nan,2482141.0,7856.0,32.0,True
1,22,2828883669463892745,SLH_DSA_PURE_SHA2_128S,0.08672508271411061,0.6161822099238634,0.0006514019332826138,22.254428702406585,nan,2482141.0,7856.0,32.0,True
1,22,13829490425425215462,SLH_DSA_PURE_SHA2_128S,0.1313832849264145,0.6165961208753288,0.0012590312398970127,22.252997452858835,nan,2482141.0,7856.0,32.0,True
1,22,9008002564176106761,SLH_DSA_PURE_SHA2_128S,0.08180514583364129,0.6156773050315678,0.0006313859485089779,22.28945586225018,nan,2482141.0,7856.0,32.0,True
1,22,14846930671797097254,SLH_DSA_PURE_SHA2_128S,0.07782001979649067,0.5942270830273628,0.0006443257443606853,10.714528372045606,nan,2482141.0,7856.0,32.0,True
1,23,9008002564176106761,SLH_DSA_PURE_SHA2_128S,0.14553151186555624,0.7622333969920874,0.000704942736774683,21.818935772404075,nan,2482141.0,7856.0,32.0,True
1,23,2828883669463892745,SLH_DSA_PURE_SHA2_128S,0.08070089668035507,0.615777961909771,0.0006590010598301888,22.529573002830148,nan,2482141.0,7856.0,32.0,True
1,23,977919700128386556,SLH_DSA_PURE_SHA2_128S,0.16015854198485613,0.8897540140897036,0.0006978712044656277,22.254509842023253,nan,2482141.0,7856.0,32.0,True
1,23,13829490425425215462,SLH_DSA_PURE_SHA2_128S,0.176657035946846,0.7538233799859881,0.0006097839213907719,22.50642852112651,nan,2482141.0,7856.0,32.0,True
1,23,14846930671797097254,SLH_DSA_PURE_SHA2_128S,0.07663830602541566,0.5912331379950047,0.000678366981446743,10.539707727730274,nan,2482141.0,7856.0,32.0,True
1,24,2828883669463892745,SLH_DSA_PURE_SHA2_128S,0.08862353442236781,0.6327286283485591,0.0007108161225914955,21.40623110625893,nan,2482141.0,7856.0,32.0,True
1,24,9008002564176106761,SLH_DSA_PURE_SHA2_128S,0.11706915870308876,0.6389956697821617,0.0006520859897136688,21.492506326176226,nan,2482141.0,7856.0,32.0,True
1,24,977919700128386556,SLH_DSA_PURE_SHA2_128S,0.16227946989238262,0.6724220318719745,0.0008535813540220261,21.56352852564305,nan,2482141.0,7856.0,32.0,True
1,24,13829490425425215462,SLH_DSA_PURE_SHA2_128S,0.10993402311578393,0.6171264969743788,0.0006283121183514595,21.75976824713871,nan,2482141.0,7856.0,32.0,True
1,24,14846930671797097254,SLH_DSA_PURE_SHA2_128S,0.07869571074843407,0.5935659571550786,0.000633997842669487,10.494177439715713,nan,2482141.0,7856.0,32.0,True
1,25,2828883669463892745,SLH_DSA_PURE_SHA2_128S,0.08974732924252748,0.6414722092449665,0.0006362507119774818,21.679918895009905,nan,2482141.0,7856.0,32.0,True
1,25,977919700128386556,SLH_DSA_PURE_SHA2_128S,0.08411980094388127,0.6141268350183964,0.0006693601608276367,21.85949819907546,nan,2482141.0,7856.0,32.0,True
1,25,9008002564176106761,SLH_DSA_PURE_SHA2_128S,0.12396844895556569,0.623031459748745,0.0006048711948096752,21.92424839688465,nan,2482141.0,7856.0,32.0,True
1,25,13829490425425215462,SLH_DSA_PURE_SHA2_128S,0.16644251393154263,0.6719778827391565,0.0006175278685986996,21.80483133159578,nan,2482141.0,7856.0,32.0,True
1,25,14846930671797097254,SLH_DSA_PURE_SHA2_128S,0.0779162086546421,0.5906787561252713,0.0006088190712034702,10.498494257219136,nan,2482141.0,7856.0,32.0,True
1,26,2828883669463892745,SLH_DSA_PURE_SHA2_128S,0.1520579969510436,0.728204560931772,0.0006667538546025753,21.331693541258574,nan,2482141.0,7856.0,32.0,True
1,26,977919700128386556,SLH_DSA_PURE_SHA2_128S,0.13441166328266263,0.6489637051708996,0.0006203730590641499,21.622873981948942,nan,2482141.0,7856.0,32.0,True
1,26,9008002564176106761,SLH_DSA_PURE_SHA2_128S,0.08744616294279695,0.6357254041358829,0.0006246776320040226,21.814012497197837,nan,2482141.0,7856.0,32.0,True
1,26,13829490425425215462,SLH_DSA_PURE_SHA2_128S,0.08009282499551773,0.6090994789265096,0.0006548967212438583,22.095310206059366,nan,2482141.0,7856.0,32.0,True
1,26,14846930671797097254,SLH_DSA_PURE_SHA2_128S,0.07873184606432915,0.5941642029210925,0.0006298059597611427,10.675972427241504,nan,2482141.0,7856.0,32.0,True
1,27,13829490425425215462,SLH_DSA_PURE_SHA2_128S,0.08949997974559665,0.6451230659149587,0.0008816351182758808,21.809968492016196,nan,2482141.0,7856.0,32.0,True
1,27,977919700128386556,SLH_DSA_PURE_SHA2_128S,0.14689181372523308,0.691542552318424,0.000666735228151083,21.809734756127,nan,2482141.0,7856.0,32.0,True
1,27,9008002564176106761,SLH_DSA_PURE_SHA2_128S,0.08305643498897552,0.6172876851633191,0.0006961002945899963,21.835175746120512,nan,2482141.0,7856.0,32.0,True
1,27,2828883669463892745,SLH_DSA_PURE_SHA2_128S,0.08060629293322563,0.61292226286605,0.0006465930491685867,21.89973703492433,nan,2482141.0,7856.0,32.0,True
1,27,14846930671797097254,SLH_DSA_PURE_SHA2_128S,0.11603481601923704,0.6358193890191615,0.0006650672294199467,10.693871967960149,nan,2482141.0,7856.0,32.0,True
1,28,2828883669463892745,SLH_DSA_PURE_SHA2_128S,0.1218870123848319,0.692666360642761,0.0006762910634279251,21.825549710076302,nan,2482141.0,7856.0,32.0,True
1,28,13829490425425215462,SLH_DSA_PURE_SHA2_128S,0.08220240334048867,0.6418397016823292,0.0006337570957839489,21.977532025892287,nan,2482141.0,7856.0,32.0,True
1,28,9008002564176106761,SLH_DSA_PURE_SHA2_128S,0.17320819292217493,0.7896967562846839,0.0007254220545291901,21.86148438323289,nan,2482141.0,7856.0,32.0,True
1,28,977919700128386556,SLH_DSA_PURE_SHA2_128S,0.17907732911407948,0.7162037426605821,0.0007966691628098488,21.952112592756748,nan,2482141.0,7856.0,32.0,True
1,28,14846930671797097254,SLH_DSA_PURE_SHA2_128S,0.07715714490041137,0.5878502470441163,0.0006066560745239258,10.48557966388762,nan,2482141.0,7856.0,32.0,True
1,29,9008002564176106761,SLH_DSA_PURE_SHA2_128S,0.09792039869353175,0.6257122689858079,0.0007082503288984299,21.56177978310734,nan,2482141.0,7856.0,32.0,True
1,29,2828883669463892745,SLH_DSA_PURE_SHA2_128S,0.08710647467523813,0.6454841019585729,0.000676747877150774,21.61631852388382,nan,2482141.0,7856.0,32.0,True
1,29,13829490425425215462,SLH_DSA_PURE_SHA2_128S,0.08434505295008421,0.6307768779806793,0.0006208540871739388,21.758801782038063,nan,2482141.0,7856.0,32.0,True
1,29,977919700128386556,SLH_DSA_PURE_SHA2_128S,0.08019963325932622,0.6147134397178888,0.0006107697263360023,21.718682890292257,nan,2482141.0,7856.0,32.0,True
1,29,14846930671797097254,SLH_DSA_PURE_SHA2_128S,0.078227574005723,0.5935116801410913,0.0006330846808850765,10.382847696077079,nan,2482141.0,7856.0,32.0,True
1,30,9008002564176106761,SLH_DSA_PURE_SHA2_128S,0.16957865096628666,0.6863094526343048,0.0006452617235481739,21.617843671236187,nan,2482141.0,7856.0,32.0,True
1,30,2828883669463892745,SLH_DSA_PURE_SHA2_128S,0.1548315091058612,0.6168667608872056,0.0006494652479887009,21.714719160925597,nan,2482141.0,7856.0,32.0,True
1,30,977919700128386556,SLH_DSA_PURE_SHA2_128S,0.10338862892240286,0.6229649730958045,0.0006349468603730202,21.827726310119033,nan,2482141.0,7856.0,32.0,True
1,30,13829490425425215462,SLH_DSA_PURE_SHA2_128S,0.13858801405876875,0.643406227696687,0.0007780049927532673,21.745819865725935,nan,2482141.0,7856.0,32.0,True
1,30,14846930671797097254,SLH_DSA_PURE_SHA2_128S,0.07778622210025787,0.5892626359127462,0.0006060539744794369,10.376195871271193,nan,2482141.0,7856.0,32.0,True
1,31,13829490425425215462,SLH_DSA_PURE_SHA2_128S,0.15112641174346209,0.6283424668945372,0.0008258689194917679,21.83972282288596,nan,2482141.0,7856.0,32.0,True
1,31,2828883669463892745,SLH_DSA_PURE_SHA2_128S,0.0898792720399797,0.6726549379527569,0.0006439667195081711,21.85655443323776,nan,2482141.0,7856.0,32.0,True
1,31,9008002564176106761,SLH_DSA_PURE_SHA2_128S,0.09869256988167763,0.6109921322204173,0.0006709108129143715,22.002649350091815,nan,2482141.0,7856.0,32.0,True
1,31,977919700128386556,SLH_DSA_PURE_SHA2_128S,0.07990744197741151,0.6691734176129103,0.0006680949591100216,22.047153355088085,nan,2482141.0,7856.0,32.0,True
1,31,14846930671797097254,SLH_DSA_PURE_SHA2_128S,0.0782668748870492,0.5954717411659658,0.0006299843080341816,10.453088934067637,nan,2482141.0,7856.0,32.0,True
1,32,977919700128386556,SLH_DSA_PURE_SHA2_128S,0.10920714307576418,0.6272108410485089,0.0006321198306977749,22.0176551528275,nan,2482141.0,7856.0,32.0,True
1,32,13829490425425215462,SLH_DSA_PURE_SHA2_128S,0.1630610879510641,0.7550123631954193,0.0008765421807765961,21.877272072713822,nan,2482141.0,7856.0,32.0,True
1,32,9008002564176106761,SLH_DSA_PURE_SHA2_128S,0.10490858601406217,0.6194210331887007,0.0006356467492878437,22.18784606596455,nan,2482141.0,7856.0,32.0,True
1,32,2828883669463892745,SLH_DSA_PURE_SHA2_128S,0.08147693891078234,0.6190051389858127,0.0007018917240202427,22.366380598396063,nan,2482141.0,7856.0,32.0,True
1,32,14846930671797097254,SLH_DSA_PURE_SHA2_128S,0.07736274367198348,0.5927938348613679,0.0006254599429666996,10.559684674721211,nan,2482141.0,7856.0,32.0,True
1,33,13829490425425215462,SLH_DSA_PURE_SHA2_128S,0.11010011378675699,0.6264447341673076,0.0006380309350788593,21.622406759299338,nan,2482141.0,7856.0,32.0,True
1,33,977919700128386556,SLH_DSA_PURE_SHA2_128S,0.13701113779097795,0.6182690788991749,0.0006510107778012753,21.728719627019018,nan,2482141.0,7856.0,32.0,True
1,33,2828883669463892745,SLH_DSA_PURE_SHA2_128S,0.08150853822007775,0.6137074609287083,0.0006260047666728497,21.828334811143577,nan,2482141.0,7856.0,32.0,True
1,33,9008002564176106761,SLH_DSA_PURE_SHA2_128S,0.12110320804640651,0.7099386448971927,0.0006525698117911816,21.81798938382417,nan,2482141.0,7856.0,32.0,True
1,33,14846930671797097254,SLH_DSA_PURE_SHA2_128S,0.07656076503917575,0.5914993649348617,0.0006148340180516243,10.445519702974707,nan,2482141.0,7856.0,32.0,True
1,34,13829490425425215462,SLH_DSA_PURE_SHA2_128S,0.08947347290813923,0.6475218548439443,0.0006850641220808029,21.88884251518175,nan,2482141.0,7856.0,32.0,True
1,34,2828883669463892745,SLH_DSA_PURE_SHA2_128S,0.08818760002031922,0.6378605887293816,0.0009204009547829628,21.845762933138758,nan,2482141.0,7856.0,32.0,True
1,34,9008002564176106761,SLH_DSA_PURE_SHA2_128S,0.08467064192518592,0.6723587973974645,0.0006380449049174786,22.031184893567115,nan,2482141.0,7856.0,32.0,True
1,34,977919700128386556,SLH_DSA_PURE_SHA2_128S,0.09495283896103501,0.6090976507402956,0.000619988888502121,22.300372499972582,nan,2482141.0,7856.0,32.0,True
1,34,14846930671797097254,SLH_DSA_PURE_SHA2_128S,0.07791859190911055,0.5930085298605263,0.0007063932716846466,10.680265390314162,nan,2482141.0,7856.0,32.0,True
1,35,9008002564176106761,SLH_DSA_PURE_SHA2_128S,0.10113211488351226,0.6490099607035518,0.0006695040501654148,21.951552329119295,nan,2482141.0,7856.0,32.0,True
1,35,13829490425425215462,SLH_DSA_PURE_SHA2_128S,0.14419698668643832,0.6342849372886121,0.000639019999653101,21.908544431906193,nan,2482141.0,7856.0,32.0,True
1,35,2828883669463892745,SLH_DSA_PURE_SHA2_128S,0.08662129193544388,0.6553613250143826,0.0006840545684099197,22.010329768061638,nan,2482141.0,7856.0,32.0,True
1,35,977919700128386556,SLH_DSA_PURE_SHA2_128S,0.08015520125627518,0.6094439807347953,0.0006982060149312019,22.32458207383752,nan,2482141.0,7856.0,32.0,True
1,35,14846930671797097254,SLH_DSA_PURE_SHA2_128S,0.07741313427686691,0.5924555673263967,0.0006351419724524021,10.562061273027211,nan,2482141.0,7856.0,32.0,True
1,36,2828883669463892745,SLH_DSA_PURE_SHA2_128S,0.0880216071382165,0.6630884120240808,0.0006784279830753803,21.798176432028413,nan,2482141.0,7856.0,32.0,True
1,36,9008002564176106761,SLH_DSA_PURE_SHA2_128S,0.15053978515788913,0.6647357968613505,0.0005915500223636627,21.765951360110193,nan,2482141.0,7856.0,32.0,True
1,36,977919700128386556,SLH_DSA_PURE_SHA2_128S,0.09378218604251742,0.6307460539974272,0.0006469441577792168,21.979320620186627,nan,2482141.0,7856.0,32.0,True
1,36,13829490425425215462,SLH_DSA_PURE_SHA2_128S,0.07999444007873535,0.606949410866946,0.0006166193634271622,22.35926221590489,nan,2482141.0,7856.0,32.0,True
1,36,14846930671797097254,SLH_DSA_PURE_SHA2_128S,0.0773687269538641,0.591622652951628,0.0006679361686110497,10.618834126740694,nan,2482141.0,7856.0,32.0,True
1,37,13829490425425215462,SLH_DSA_PURE_SHA2_128S,0.08711595879867673,0.7337398179806769,0.0006641242653131485,22.963784825988114,nan,2482141.0,7856.0,32.0,True
1,37,9008002564176106761,SLH_DSA_PURE_SHA2_128S,0.10409498680382967,0.6343661029823124,0.0005993172526359558,22.973133649211377,nan,2482141.0,7856.0,32.0,True
1,37,977919700128386556,SLH_DSA_PURE_SHA2_128S,0.08063037972897291,0.620860000140965,0.0006779171526432037,23.314976898021996,nan,2482141.0,7856.0,32.0,True
1,37,2828883669463892745,SLH_DSA_PURE_SHA2_128S,0.08076539123430848,0.6192928394302726,0.00116660725325346,23.352980001829565,nan,2482141.0,7856.0,32.0,True
1,37,14846930671797097254,SLH_DSA_PURE_SHA2_128S,0.07883724896237254,0.5941465860232711,0.000701109878718853,10.524797670077533,nan,2482141.0,7856.0,32.0,True
1,38,13829490425425215462,SLH_DSA_PURE_SHA2_128S,0.16015890799462795,0.6888578436337411,0.0006613233126699924,21.696574037894607,nan,2482141.0,7856.0,32.0,True
1,38,2828883669463892745,SLH_DSA_PURE_SHA2_128S,0.1822865568101406,0.690562098287046,0.0007073068991303444,21.66100577171892,nan,2482141.0,7856.0,32.0,True
1,38,977919700128386556,SLH_DSA_PURE_SHA2_128S,0.18251245468854904,0.7592305950820446,0.0006857756525278091,21.775667680893093,nan,2482141.0,7856.0,32.0,True
1,38,9008002564176106761,SLH_DSA_PURE_SHA2_128S,0.07975885318592191,0.9289878741838038,0.0006653987802565098,21.73768317885697,nan,2482141.0,7856.0,32.0,True
1,38,14846930671797097254,SLH_DSA_PURE_SHA2_128S,0.07846715208142996,0.6172612602822483,0.0006129350513219833,10.323103722650558,nan,2482141.0,7856.0,32.0,True
1,39,9008002564176106761,SLH_DSA_PURE_SHA2_128S,0.15708615072071552,0.6513126967474818,0.000680284108966589,21.333779755048454,nan,2482141.0,7856.0,32.0,True
1,39,977919700128386556,SLH_DSA_PURE_SHA2_128S,0.16032668994739652,0.8125462071038783,0.0006994539871811867,21.32097196392715,nan,2482141.0,7856.0,32.0,True
1,39,2828883669463892745,SLH_DSA_PURE_SHA2_128S,0.10121199302375317,0.7578796087764204,0.0006244913674890995,21.516296822112054,nan,2482141.0,7856.0,32.0,True
1,39,13829490425425215462,SLH_DSA_PURE_SHA2_128S,0.17601989675313234,0.6865030988119543,0.0007672589272260666,21.463707328308374,nan,2482141.0,7856.0,32.0,True
1,39,14846930671797097254,SLH_DSA_PURE_SHA2_128S,0.07843230105936527,0.6030540131032467,0.0006473856046795845,10.573535447008908,nan,2482141.0,7856.0,32.0,True
1,40,977919700128386556,SLH_DSA_PURE_SHA2_128S,0.09038573410362005,0.6245584627613425,0.0006052008830010891,21.91774361114949,nan,2482141.0,7856.0,32.0,True
1,40,13829490425425215462,SLH_DSA_PURE_SHA2_128S,0.08767692791298032,0.6339532751590014,0.0006086188368499279,21.990632850211114,nan,2482141.0,7856.0,32.0,True
1,40,2828883669463892745,SLH_DSA_PURE_SHA2_128S,0.08512729685753584,0.6275628251023591,0.0006157038733363152,22.032322225626558,nan,2482141.0,7856.0,32.0,True
1,40,9008002564176106761,SLH_DSA_PURE_SHA2_128S,0.08041667891666293,0.6169395740143955,0.0006612781435251236,22.152218570932746,nan,2482141.0,7856.0,32.0,True
1,40,14846930671797097254,SLH_DSA_PURE_SHA2_128S,0.078091976698488,0.5923842610791326,0.0006626853719353676,10.48362610116601,nan,2482141.0,7856.0,32.0,True
1,41,977919700128386556,SLH_DSA_PURE_SHA2_128S,0.19013791903853416,0.6998521662317216,0.000769713893532753,21.613188719842583,nan,2482141.0,7856.0,32.0,True
1,41,2828883669463892745,SLH_DSA_PURE_SHA2_128S,0.10319819627329707,0.6174760470166802,0.0006476454436779022,21.779162066057324,nan,2482141.0,7856.0,32.0,True
1,41,9008002564176106761,SLH_DSA_PURE_SHA2_128S,0.18599318293854594,0.7120125549845397,0.0006067301146686077,21.598186559043825,nan,2482141.0,7856.0,32.0,True
1,41,13829490425425215462,SLH_DSA_PURE_SHA2_128S,0.0805101920850575,0.6392262517474592,0.0006829737685620785,21.886377756949514,nan,2482141.0,7856.0,32.0,True
1,41,14846930671797097254,SLH_DSA_PURE_SHA2_128S,0.07706720661371946,0.5956341158598661,0.0007562749087810516,10.483860148116946,nan,2482141.0,7856.0,32.0,True
1,42,2828883669463892745,SLH_DSA_PURE_SHA2_128S,0.15415770327672362,0.6323167197406292,0.0006915060803294182,21.98973983898759,nan,2482141.0,7856.0,32.0,True
1,42,9008002564176106761,SLH_DSA_PURE_SHA2_128S,0.08692049095407128,0.6273279036395252,0.0006975489668548107,22.15138072008267,nan,2482141.0,7856.0,32.0,True
1,42,13829490425425215462,SLH_DSA_PURE_SHA2_128S,0.12317444989457726,0.6848824815824628,0.0006210030987858772,22.162672007456422,nan,2482141.0,7856.0,32.0,True
1,42,977919700128386556,SLH_DSA_PURE_SHA2_128S,0.08091453090310097,0.6407507709227502,0.0006502564065158367,22.429871048778296,nan,2482141.0,7856.0,32.0,True
1,42,14846930671797097254,SLH_DSA_PURE_SHA2_128S,0.07860127603635192,0.589450488332659,0.0006365007720887661,10.538334573153406,nan,2482141.0,7856.0,32.0,True
1,43,13829490425425215462,SLH_DSA_PURE_SHA2_128S,0.08744818111881614,0.6340480213984847,0.0007128599099814892,21.503746940754354,nan,2482141.0,7856.0,32.0,True
1,43,977919700128386556,SLH_DSA_PURE_SHA2_128S,0.16426256112754345,0.7402907581999898,0.0006426973268389702,21.447431127075106,nan,2482141.0,7856.0,32.0,True
1,43,2828883669463892745,SLH_DSA_PURE_SHA2_128S,0.11858320096507668,0.6231239237822592,0.0006737490184605122,21.574663697741926,nan,2482141.0,7856.0,32.0,True
1,43,9008002564176106761,SLH_DSA_PURE_SHA2_128S,0.10406751884147525,0.6369188986718655,0.0006075156852602959,21.82036978797987,nan,2482141.0,7856.0,32.0,True
1,43,14846930671797097254,SLH_DSA_PURE_SHA2_128S,0.0772418798878789,0.5934443417936563,0.0006479746662080288,10.606006749905646,nan,2482141.0,7856.0,32.0,True
1,44,977919700128386556,SLH_DSA_PURE_SHA2_128S,0.15616397792473435,0.7526646228507161,0.0006629009731113911,21.584895375184715,nan,2482141.0,7856.0,32.0,True
1,44,13829490425425215462,SLH_DSA_PURE_SHA2_128S,0.08508943021297455,0.6155140227638185,0.000844320748001337,21.985138179268688,nan,2482141.0,7856.0,32.0,True
1,44,2828883669463892745,SLH_DSA_PURE_SHA2_128S,0.16048639127984643,0.6479206839576364,0.0005968259647488594,21.875484300311655,nan,2482141.0,7856.0,32.0,True
1,44,9008002564176106761,SLH_DSA_PURE_SHA2_128S,0.08157047210261226,0.6150635569356382,0.0006631547585129738,22.091261385940015,nan,2482141.0,7856.0,32.0,True
1,44,14846930671797097254,SLH_DSA_PURE_SHA2_128S,0.07749846717342734,0.5935042812488973,0.0005978480912744999,10.407790177036077,nan,2482141.0,7856.0,32.0,True
1,45,13829490425425215462,SLH_DSA_PURE_SHA2_128S,0.16224640607833862,0.618897438980639,0.0007012081332504749,22.202537931967527,nan,2482141.0,7856.0,32.0,True
1,45,9008002564176106761,SLH_DSA_PURE_SHA2_128S,0.16698717279359698,0.6427233312278986,0.0006332327611744404,22.157185601070523,nan,2482141.0,7856.0,32.0,True
1,45,2828883669463892745,SLH_DSA_PURE_SHA2_128S,0.08122640894725919,0.6206014379858971,0.0006644460372626781,22.38050865288824,nan,2482141.0,7856.0,32.0,True
1,45,977919700128386556,SLH_DSA_PURE_SHA2_128S,0.11728455685079098,0.6152941067703068,0.0006321542896330357,22.298556743189692,nan,2482141.0,7856.0,32.0,True
1,45,14846930671797097254,SLH_DSA_PURE_SHA2_128S,0.07812108565121889,0.595327285118401,0.0006158901378512383,10.518705626018345,nan,2482141.0,7856.0,32.0,True
1,46,13829490425425215462,SLH_DSA_PURE_SHA2_128S,0.1476963646709919,0.6287278821691871,0.0006313901394605637,21.63954142993316,nan,2482141.0,7856.0,32.0,True
1,46,9008002564176106761,SLH_DSA_PURE_SHA2_128S,0.10230601811781526,0.6310436888597906,0.0007198690436780453,21.81027489202097,nan,2482141.0,7856.0,32.0,True
1,46,2828883669463892745,SLH_DSA_PURE_SHA2_128S,0.08028218662366271,0.615096528083086,0.0007981490343809128,21.838637837208807,nan,2482141.0,7856.0,32.0,True
1,46,977919700128386556,SLH_DSA_PURE_SHA2_128S,0.09541191393509507,0.6168799861334264,0.0006050248630344868,21.823886157013476,nan,2482141.0,7856.0,32.0,True
1,46,14846930671797097254,SLH_DSA_PURE_SHA2_128S,0.07788934325799346,0.5954830767586827,0.0007624747231602669,10.59095439966768,nan,2482141.0,7856.0,32.0,True
1,47,2828883669463892745,SLH_DSA_PURE_SHA2_128S,0.16077537508681417,0.7125923647545278,0.0006783348508179188,22.064085811842233,nan,2482141.0,7856.0,32.0,True
1,47,9008002564176106761,SLH_DSA_PURE_SHA2_128S,0.1490652789361775,0.6217548069544137,0.0007541738450527191,22.110744134057313,nan,2482141.0,7856.0,32.0,True
1,47,977919700128386556,SLH_DSA_PURE_SHA2_128S,0.1861693230457604,0.6827054438181221,0.0007743877358734608,22.093453723937273,nan,2482141.0,7856.0,32.0,True
1,47,13829490425425215462,SLH_DSA_PURE_SHA2_128S,0.07957218680530787,0.6340343300253153,0.0006343298591673374,22.34448390128091,nan,2482141.0,7856.0,32.0,True
1,47,14846930671797097254,SLH_DSA_PURE_SHA2_128S,0.07686241902410984,0.5934649067930877,0.0006282986141741276,10.73234930029139,nan,2482141.0,7856.0,32.0,True
1,48,977919700128386556,SLH_DSA_PURE_SHA2_128S,0.08475722093135118,0.617515210993588,0.0006728833541274071,21.84963886672631,nan,2482141.0,7856.0,32.0,True
1,48,2828883669463892745,SLH_DSA_PURE_SHA2_128S,0.09626121306791902,0.6154888151213527,0.0006214221939444542,21.79784110793844,nan,2482141.0,7856.0,32.0,True
1,48,13829490425425215462,SLH_DSA_PURE_SHA2_128S,0.09024821501225233,0.6173520269803703,0.0006948700174689293,21.81913174316287,nan,2482141.0,7856.0,32.0,True
1,48,9008002564176106761,SLH_DSA_PURE_SHA2_128S,0.08075755694881082,0.6161802629940212,0.0006975578144192696,21.92031309194863,nan,2482141.0,7856.0,32.0,True
1,48,14846930671797097254,SLH_DSA_PURE_SHA2_128S,0.07737726997584105,0.5899505079723895,0.0006213057786226273,10.493782465811819,nan,2482141.0,7856.0,32.0,True
1,49,9008002564176106761,SLH_DSA_PURE_SHA2_128S,0.15574885485693812,0.7417373382486403,0.0007103080861270428,21.02911702822894,nan,2482141.0,7856.0,32.0,True
1,49,2828883669463892745,SLH_DSA_PURE_SHA2_128S,0.08820376312360168,0.7047487590461969,0.0006630090065300465,21.477014475967735,nan,2482141.0,7856.0,32.0,True
1,49,977919700128386556,SLH_DSA_PURE_SHA2_128S,0.0797266480512917,0.6137114367447793,0.0010215980000793934,21.507209438830614,nan,2482141.0,7856.0,32.0,True
1,49,13829490425425215462,SLH_DSA_PURE_SHA2_128S,0.08266216516494751,0.6200964590534568,0.0006271949969232082,21.589543277863413,nan,2482141.0,7856.0,32.0,True
1,49,14846930671797097254,SLH_DSA_PURE_SHA2_128S,0.07727196300402284,0.5927089550532401,0.0007982482202351093,10.543069519102573,nan,2482141.0,7856.0,32.0,True
1,50,9008002564176106761,SLH_DSA_PURE_SHA2_128S,0.14685426093637943,0.733741934876889,0.0006174198351800442,20.989277130924165,nan,2482141.0,7856.0,32.0,True
1,50,13829490425425215462,SLH_DSA_PURE_SHA2_128S,0.1404229081235826,0.6271839682012796,0.0007006148807704449,21.382106102071702,nan,2482141.0,7856.0,32.0,True
1,50,977919700128386556,SLH_DSA_PURE_SHA2_128S,0.12975692423060536,0.6936370809562504,0.0006475048139691353,21.457354676909745,nan,2482141.0,7856.0,32.0,True
1,50,2828883669463892745,SLH_DSA_PURE_SHA2_128S,0.08095769677311182,0.7596581527031958,0.0006428901106119156,21.4508437695913,nan,2482141.0,7856.0,32.0,True
1,50,14846930671797097254,SLH_DSA_PURE_SHA2_128S,0.07717037294059992,0.5915040108375251,0.0007096659392118454,10.410555405076593,nan,2482141.0,7856.0,32.0,True
2,1,8755742214579308250,SLH_DSA_PURE_SHA2_128S,0.16219857288524508,0.6837784051895142,0.0006747799925506115,21.689751927740872,2.1320306435941507,2482141.0,7856.0,32.0,True
2,1,4564601397391805552,SLH_DSA_PURE_SHA2_128S,0.12168457778170705,0.6185055403038859,0.0006103920750319958,21.79835284780711,2.1519675788026267,2482141.0,7856.0,32.0,True
2,1,7481792535790783894,SLH_DSA_PURE_SHA2_128S,0.08064197842031717,0.6167288483120501,0.0005912967026233673,22.067953864112496,2.094294937654806,2482141.0,7856.0,32.0,True
2,1,4167750176340546895,SLH_DSA_PURE_SHA2_128S,0.09465899830684066,0.6146021811291575,0.0006731902249157429,21.90088580874726,2.2669181199119497,2482141.0,7856.0,32.0,True
2,1,11115803728804290198,SLH_DSA_PURE_SHA2_128S,0.07700627483427525,0.5929842819459736,0.0007158392108976841,10.990968592930585,2.2035997610884355,2482141.0,7856.0,32.0,True
2,2,4564601397391805552,SLH_DSA_PURE_SHA2_128S,0.1836088690906763,0.8750762930139899,0.0006245323456823826,22.343921065330505,2.0246117720588708,2482141.0,7856.0,32.0,True
2,2,7481792535790783894,SLH_DSA_PURE_SHA2_128S,0.1450996370986104,1.190938737243414,0.0006409189663827419,21.95808321237564,2.0295683160757485,2482141.0,7856.0,32.0,True
2,2,8755742214579308250,SLH_DSA_PURE_SHA2_128S,0.24995299009606242,0.9763155588880181,0.000654964242130518,22.407986782025546,2.02961918911614,2482141.0,7856.0,32.0,True
2,2,4167750176340546895,SLH_DSA_PURE_SHA2_128S,0.24753333581611514,1.1391493873670697,0.0006351186893880367,22.39962420007214,2.033460466244731,2482141.0,7856.0,32.0,True
2,2,11115803728804290198,SLH_DSA_PURE_SHA2_128S,0.07759180618450046,0.5937441070564091,0.0006524538621306419,10.785276726819575,1.9870817680328419,2482141.0,7856.0,32.0,True
2,3,4564601397391805552,SLH_DSA_PURE_SHA2_128S,0.08129197685047984,0.6248864252120256,0.0007684710435569286,22.267634589225054,1.9022897371468834,2482141.0,7856.0,32.0,True
2,3,8755742214579308250,SLH_DSA_PURE_SHA2_128S,0.08696720562875271,0.6334986961446702,0.001130879856646061,22.172724964097142,1.9052744265943289,2482141.0,7856.0,32.0,True
2,3,7481792535790783894,SLH_DSA_PURE_SHA2_128S,0.08782783290371299,0.6238325121812522,0.0006146812811493874,22.24605496181175,1.884317068246226,2482141.0,7856.0,32.0,True
2,3,4167750176340546895,SLH_DSA_PURE_SHA2_128S,0.08207713766023517,0.6485277079045773,0.0006246962584555149,22.28506845328957,1.8947362595091994,2482141.0,7856.0,32.0,True
2,3,11115803728804290198,SLH_DSA_PURE_SHA2_128S,0.07867504796013236,0.5961360516957939,0.0006704451516270638,10.630331273190677,1.8841729525940867,2482141.0,7856.0,32.0,True
2,4,8755742214579308250,SLH_DSA_PURE_SHA2_128S,0.14496255898848176,0.6920668487437069,0.0007263938896358013,21.850563001353294,1.8327206453195395,2482141.0,7856.0,32.0,True
2,4,4564601397391805552,SLH_DSA_PURE_SHA2_128S,0.14726950181648135,0.6893575321882963,0.0006708451546728611,21.998339605052024,1.8509627070289831,2482141.0,7856.0,32.0,True
2,4,4167750176340546895,SLH_DSA_PURE_SHA2_128S,0.08522420702502131,0.6280712028965354,0.000612140167504549,22.272876155097038,nan,2482141.0,7856.0,32.0,True
2,4,7481792535790783894,SLH_DSA_PURE_SHA2_128S,0.0799247631803155,0.6118558570742607,0.0006098286248743534,22.616561023052782,1.8674298536282379,2482141.0,7856.0,32.0,True
2,4,11115803728804290198,SLH_DSA_PURE_SHA2_128S,0.07806153316050768,0.5913835461251438,0.0006203609518706799,10.82028034888208,1.8419488112385662,2482141.0,7856.0,32.0,True
2,5,7481792535790783894,SLH_DSA_PURE_SHA2_128S,0.12104841927066445,0.6247302507981658,0.0006580082699656487,22.098662106320262,nan,2482141.0,7856.0,32.0,True
2,5,4564601397391805552,SLH_DSA_PURE_SHA2_128S,0.0872054947540164,0.6520852791145444,0.000617374200373888,22.17048052791506,nan,2482141.0,7856.0,32.0,True
2,5,4167750176340546895,SLH_DSA_PURE_SHA2_128S,0.08010998694226146,0.6313735679723322,0.0007134890183806419,22.378716910257936,nan,2482141.0,7856.0,32.0,True
2,5,8755742214579308250,SLH_DSA_PURE_SHA2_128S,0.08033299865201116,0.6170491217635572,0.0007262509316205978,22.329006627667695,nan,2482141.0,7856.0,32.0,True
2,5,11115803728804290198,SLH_DSA_PURE_SHA2_128S,0.07791555766016245,0.5952495220117271,0.0006328057497739792,10.503217363264412,nan,2482141.0,7856.0,32.0,True
2,6,4564601397391805552,SLH_DSA_PURE_SHA2_128S,0.08715383103117347,0.6228119521401823,0.0006620460189878941,21.997502279933542,nan,2482141.0,7856.0,32.0,True
2,6,7481792535790783894,SLH_DSA_PURE_SHA2_128S,0.08007012121379375,0.628514776006341,0.0006368039175868034,22.12812751578167,nan,2482141.0,7856.0,32.0,True
2,6,8755742214579308250,SLH_DSA_PURE_SHA2_128S,0.15862440690398216,0.6327507169917226,0.0006259707733988762,21.945391864981502,nan,2482141.0,7856.0,32.0,True
2,6,4167750176340546895,SLH_DSA_PURE_SHA2_128S,0.1030680132098496,0.6123311198316514,0.0007027718238532543,22.05825594253838,nan,2482141.0,7856.0,32.0,True
2,6,11115803728804290198,SLH_DSA_PURE_SHA2_128S,0.07715549925342202,0.5941229108721018,0.0006806342862546444,10.549211079254746,nan,2482141.0,7856.0,32.0,True
2,7,4167750176340546895,SLH_DSA_PURE_SHA2_128S,0.1244305819272995,0.6160548622719944,0.0006867288611829281,21.659046795219183,nan,2482141.0,7856.0,32.0,True
2,7,7481792535790783894,SLH_DSA_PURE_SHA2_128S,0.12484289612621069,0.6740568079985678,0.0006697140634059906,21.56150019587949,nan,2482141.0,7856.0,32.0,True
2,7,4564601397391805552,SLH_DSA_PURE_SHA2_128S,0.11244914028793573,0.6114267762750387,0.0007310332730412483,21.750422918703407,nan,2482141.0,7856.0,32.0,True
2,7,8755742214579308250,SLH_DSA_PURE_SHA2_128S,0.08035806473344564,0.6173430341295898,0.0006291917525231838,21.834752748720348,nan,2482141.0,7856.0,32.0,True
2,7,11115803728804290198,SLH_DSA_PURE_SHA2_128S,0.0790845169685781,0.5911152879707515,0.0006262459792196751,10.596818562597036,nan,2482141.0,7856.0,32.0,True
2,8,8755742214579308250,SLH_DSA_PURE_SHA2_128S,0.08787398086860776,0.626273401081562,0.0006196619942784309,22.122043335344642,nan,2482141.0,7856.0,32.0,True
2,8,7481792535790783894,SLH_DSA_PURE_SHA2_128S,0.08538871724158525,0.6388484947383404,0.0007339762523770332,22.205589052289724,nan,2482141.0,7856.0,32.0,True
2,8,4564601397391805552,SLH_DSA_PURE_SHA2_128S,0.08824056573212147,0.6359836510382593,0.0006812750361859798,22.17827496677637,nan,2482141.0,7856.0,32.0,True
2,8,4167750176340546895,SLH_DSA_PURE_SHA2_128S,0.08118914626538754,0.6141590750776231,0.0006699687801301479,22.389536565635353,nan,2482141.0,7856.0,32.0,True
2,8,11115803728804290198,SLH_DSA_PURE_SHA2_128S,0.07785272318869829,0.6004399410448968,0.0006045950576663017,10.489421609789133,nan,2482141.0,7856.0,32.0,True
2,9,4167750176340546895,SLH_DSA_PURE_SHA2_128S,0.08895131712779403,0.6244949819520116,0.00071705412119627,21.487899917177856,nan,2482141.0,7856.0,32.0,True
2,9,7481792535790783894,SLH_DSA_PURE_SHA2_128S,0.08559798263013363,0.6150343976914883,0.0006140838377177715,21.65881586400792,nan,2482141.0,7856.0,32.0,True
2,9,4564601397391805552,SLH_DSA_PURE_SHA2_128S,0.08433769689872861,0.6130934567190707,0.0006093000993132591,21.6415088144131,nan,2482141.0,7856.0,32.0,True
2,9,8755742214579308250,SLH_DSA_PURE_SHA2_128S,0.09664720902219415,0.613419730681926,0.0007231947965919971,21.684634193778038,nan,2482141.0,7856.0,32.0,True
2,9,11115803728804290198,SLH_DSA_PURE_SHA2_128S,0.07896914286538959,0.5904189543798566,0.0006895191036164761,10.782386917620897,nan,2482141.0,7856.0,32.0,True
2,10,4564601397391805552,SLH_DSA_PURE_SHA2_128S,0.08943543490022421,0.7505949018523097,0.000608768779784441,21.89234064426273,nan,2482141.0,7856.0,32.0,True
2,10,8755742214579308250,SLH_DSA_PURE_SHA2_128S,0.1421929970383644,0.7500735609792173,0.0006457129493355751,21.986001974903047,nan,2482141.0,7856.0,32.0,True
2,10,4167750176340546895,SLH_DSA_PURE_SHA2_128S,0.0874068858101964,0.6337219960987568,0.0006236950866878033,22.25546388141811,nan,2482141.0,7856.0,32.0,True
2,10,7481792535790783894,SLH_DSA_PURE_SHA2_128S,0.08980978094041348,0.6137985060922801,0.0006522638723254204,22.39642300643027,nan,2482141.0,7856.0,32.0,True
2,10,11115803728804290198,SLH_DSA_PURE_SHA2_128S,0.0787602849304676,0.5921158161945641,0.0008054659701883793,10.713713478296995,nan,2482141.0,7856.0,32.0,True
2,11,4564601397391805552,SLH_DSA_PURE_SHA2_128S,0.15965296933427453,0.839249316137284,0.0006542201153934002,21.59905254235491,nan,2482141.0,7856.0,32.0,True
2,11,4167750176340546895,SLH_DSA_PURE_SHA2_128S,0.08776924200356007,0.8946620058268309,0.0006556548178195953,21.671575429849327,nan,2482141.0,7856.0,32.0,True
2,11,7481792535790783894,SLH_DSA_PURE_SHA2_128S,0.09277309896424413,0.7568894228897989,0.0006393599323928356,21.614463326055557,nan,2482141.0,7856.0,32.0,True
2,11,8755742214579308250,SLH_DSA_PURE_SHA2_128S,0.108341203071177,0.6824077498167753,0.0006414423696696758,21.87894880399108,nan,2482141.0,7856.0,32.0,True
2,11,11115803728804290198,SLH_DSA_PURE_SHA2_128S,0.07827028958126903,0.6214423812925816,0.0006996756419539452,10.544332254678011,nan,2482141.0,7856.0,32.0,True
2,12,8755742214579308250,SLH_DSA_PURE_SHA2_128S,0.11539269890636206,0.6526209861040115,0.0006852899678051472,21.746794707141817,nan,2482141.0,7856.0,32.0,True
2,12,7481792535790783894,SLH_DSA_PURE_SHA2_128S,0.12212007027119398,0.6248796740546823,0.000689095351845026,21.89737555012107,nan,2482141.0,7856.0,32.0,True
2,12,4167750176340546895,SLH_DSA_PURE_SHA2_128S,0.15967071941122413,0.7182917366735637,0.0006480570882558823,21.81123654684052,nan,2482141.0,7856.0,32.0,True
2,12,4564601397391805552,SLH_DSA_PURE_SHA2_128S,0.1780647337436676,0.6267862557433546,0.0006664823740720749,21.977194705978036,nan,2482141.0,7856.0,32.0,True
2,12,11115803728804290198,SLH_DSA_PURE_SHA2_128S,0.0771420537494123,0.5936578121036291,0.0006038350984454155,10.55093754362315,nan,2482141.0,7856.0,32.0,True
2,13,4564601397391805552,SLH_DSA_PURE_SHA2_128S,0.08773105684667826,0.6637817891314626,0.0006623840890824795,22.071957101114094,nan,2482141.0,7856.0,32.0,True
2,13,7481792535790783894,SLH_DSA_PURE_SHA2_128S,0.16077498625963926,0.6522741778753698,0.0006561437621712685,22.153752656187862,nan,2482141.0,7856.0,32.0,True
2,13,4167750176340546895,SLH_DSA_PURE_SHA2_128S,0.08213814813643694,0.612442291341722,0.000716106966137886,22.32891863118857,nan,2482141.0,7856.0,32.0,True
2,13,8755742214579308250,SLH_DSA_PURE_SHA2_128S,0.11396686406806111,0.6844405815936625,0.0008620922453701496,22.337204220239073,nan,2482141.0,7856.0,32.0,True
2,13,11115803728804290198,SLH_DSA_PURE_SHA2_128S,0.0780277750454843,0.5927541949786246,0.0006677531637251377,10.74380379775539,nan,2482141.0,7856.0,32.0,True
2,14,4167750176340546895,SLH_DSA_PURE_SHA2_128S,0.08869276568293571,0.6447449154220521,0.0006809369660913944,21.767526897136122,nan,2482141.0,7856.0,32.0,True
2,14,7481792535790783894,SLH_DSA_PURE_SHA2_128S,0.1486250041052699,0.7055025617592037,0.0006421138532459736,21.749654185958207,nan,2482141.0,7856.0,32.0,True
2,14,8755742214579308250,SLH_DSA_PURE_SHA2_128S,0.08405302604660392,0.617870882153511,0.0006404891610145569,21.942488545086235,nan,2482141.0,7856.0,32.0,True
2,14,4564601397391805552,SLH_DSA_PURE_SHA2_128S,0.08001183997839689,0.6196831660345197,0.0007298230193555355,21.977524858899415,nan,2482141.0,7856.0,32.0,True
2,14,11115803728804290198,SLH_DSA_PURE_SHA2_128S,0.07783606322482228,0.5901175341568887,0.0006946283392608166,10.59568399284035,nan,2482141.0,7856.0,32.0,True
2,15,8755742214579308250,SLH_DSA_PURE_SHA2_128S,0.09876674693077803,0.6129901888780296,0.0007646670565009117,22.10607758583501,nan,2482141.0,7856.0,32.0,True
2,15,4167750176340546895,SLH_DSA_PURE_SHA2_128S,0.1893757088109851,0.6312003000639379,0.0006701438687741756,22.019965167157352,nan,2482141.0,7856.0,32.0,True
2,15,4564601397391805552,SLH_DSA_PURE_SHA2_128S,0.18574422085657716,0.6568782399408519,0.000619357917457819,21.976843792013824,nan,2482141.0,7856.0,32.0,True
2,15,7481792535790783894,SLH_DSA_PURE_SHA2_128S,0.08003551186993718,0.6306663476862013,0.0006537367589771748,22.21518690465018,nan,2482141.0,7856.0,32.0,True
2,15,11115803728804290198,SLH_DSA_PURE_SHA2_128S,0.07724368805065751,0.5933536742813885,0.0006412169896066189,10.537333752959967,nan,2482141.0,7856.0,32.0,True
2,16,4167750176340546895,SLH_DSA_PURE_SHA2_128S,0.1561982142738998,0.6862446782179177,0.0006593656726181507,21.81244402891025,nan,2482141.0,7856.0,32.0,True
2,16,8755742214579308250,SLH_DSA_PURE_SHA2_128S,0.10636342596262693,0.6478200471028686,0.0006622020155191422,21.995890710968524,nan,2482141.0,7856.0,32.0,True
2,16,4564601397391805552,SLH_DSA_PURE_SHA2_128S,0.08026712713763118,0.6151131689548492,0.0006853090599179268,22.059653707314283,nan,2482141.0,7856.0,32.0,True
2,16,7481792535790783894,SLH_DSA_PURE_SHA2_128S,0.10116697382181883,0.6150908078998327,0.0006961831822991371,22.026025388855487,nan,2482141.0,7856.0,32.0,True
2,16,11115803728804290198,SLH_DSA_PURE_SHA2_128S,0.07798746973276138,0.5941167478449643,0.0006930357776582241,10.681742353830487,nan,2482141.0,7856.0,32.0,True
2,17,4167750176340546895,SLH_DSA_PURE_SHA2_128S,0.08601671736687422,0.6369981882162392,0.0006873421370983124,21.805295466911048,nan,2482141.0,7856.0,32.0,True
2,17,7481792535790783894,SLH_DSA_PURE_SHA2_128S,0.13171742390841246,0.6155898068100214,0.0006204601377248764,21.77404116699472,nan,2482141.0,7856.0,32.0,True
2,17,4564601397391805552,SLH_DSA_PURE_SHA2_128S,0.08969031926244497,0.6121610910631716,0.0007861093617975712,21.87320728925988,nan,2482141.0,7856.0,32.0,True
2,17,8755742214579308250,SLH_DSA_PURE_SHA2_128S,0.08021773677319288,0.6151332431472838,0.0006859288550913334,21.93604259006679,nan,2482141.0,7856.0,32.0,True
2,17,11115803728804290198,SLH_DSA_PURE_SHA2_128S,0.07881490886211395,0.5928303119726479,0.0006409217603504658,10.830761066637933,nan,2482141.0,7856.0,32.0,True
2,18,7481792535790783894,SLH_DSA_PURE_SHA2_128S,0.08687578001990914,0.623265977948904,0.0006760172545909882,23.44731376413256,nan,2482141.0,7856.0,32.0,True
2,18,4167750176340546895,SLH_DSA_PURE_SHA2_128S,0.14166736090555787,0.7386663137003779,0.0006334013305604458,23.303173136897385,nan,2482141.0,7856.0,32.0,True
2,18,4564601397391805552,SLH_DSA_PURE_SHA2_128S,0.09440937312319875,0.6384307257831097,0.0006634709425270557,23.556038400158286,nan,2482141.0,7856.0,32.0,True
2,18,8755742214579308250,SLH_DSA_PURE_SHA2_128S,0.08153240010142326,0.6169646619819105,0.0006786561571061611,23.672034261282533,nan,2482141.0,7856.0,32.0,True
2,18,11115803728804290198,SLH_DSA_PURE_SHA2_128S,0.07735009910538793,0.5918646422214806,0.0006462452001869678,10.483595413621515,nan,2482141.0,7856.0,32.0,True
2,19,8755742214579308250,SLH_DSA_PURE_SHA2_128S,0.1497606448829174,0.6421507643535733,0.0006915698759257793,21.690018500201404,nan,2482141.0,7856.0,32.0,True
2,19,4167750176340546895,SLH_DSA_PURE_SHA2_128S,0.08446917729452252,0.6231041946448386,0.0006397543475031853,21.84347637463361,nan,2482141.0,7856.0,32.0,True
2,19,7481792535790783894,SLH_DSA_PURE_SHA2_128S,0.0864113881252706,0.6266234451904893,0.0006068418733775616,21.798429617192596,nan,2482141.0,7856.0,32.0,True
2,19,4564601397391805552,SLH_DSA_PURE_SHA2_128S,0.07996209198608994,0.6133539830334485,0.0006575058214366436,22.071076528169215,nan,2482141.0,7856.0,32.0,True
2,19,11115803728804290198,SLH_DSA_PURE_SHA2_128S,0.07798531278967857,0.5908606047742069,0.0006667729467153549,10.428615879733115,nan,2482141.0,7856.0,32.0,True
2,20,7481792535790783894,SLH_DSA_PURE_SHA2_128S,0.12222203705459833,0.6357450750656426,0.0007196785882115364,21.751108379103243,nan,2482141.0,7856.0,32.0,True
2,20,4167750176340546895,SLH_DSA_PURE_SHA2_128S,0.08519491786137223,0.6354758110828698,0.0006791702471673489,21.884273152798414,nan,2482141.0,7856.0,32.0,True
2,20,8755742214579308250,SLH_DSA_PURE_SHA2_128S,0.08848835015669465,0.8205644809640944,0.0006012460216879845,21.843956653028727,nan,2482141.0,7856.0,32.0,True
2,20,4564601397391805552,SLH_DSA_PURE_SHA2_128S,0.08076227735728025,0.6126607251353562,0.000825005117803812,22.34989629732445,nan,2482141.0,7856.0,32.0,True
2,20,11115803728804290198,SLH_DSA_PURE_SHA2_128S,0.07799603696912527,0.6383627001196146,0.0006873831152915955,10.462153445929289,nan,2482141.0,7856.0,32.0,True
2,21,4564601397391805552,SLH_DSA_PURE_SHA2_128S,0.08774692611768842,0.6387510090135038,0.0006979219615459442,21.78336621215567,nan,2482141.0,7856.0,32.0,True
2,21,4167750176340546895,SLH_DSA_PURE_SHA2_128S,0.13762217899784446,0.8983840430155396,0.0006079082377254963,21.544489518273622,nan,2482141.0,7856.0,32.0,True
2,21,7481792535790783894,SLH_DSA_PURE_SHA2_128S,0.08046506298705935,0.6946187163703144,0.0007496820762753487,21.88948870729655,nan,2482141.0,7856.0,32.0,True
2,21,8755742214579308250,SLH_DSA_PURE_SHA2_128S,0.17635582573711872,0.7005643108859658,0.0006696679629385471,21.922526977956295,nan,2482141.0,7856.0,32.0,True
2,21,11115803728804290198,SLH_DSA_PURE_SHA2_128S,0.0774108381010592,0.5969270449131727,0.0006195548921823502,10.557970240712166,nan,2482141.0,7856.0,32.0,True
2,22,4564601397391805552,SLH_DSA_PURE_SHA2_128S,0.14389230031520128,0.6807304411195219,0.0006855078972876072,22.105013986118138,nan,2482141.0,7856.0,32.0,True
2,22,8755742214579308250,SLH_DSA_PURE_SHA2_128S,0.16056800400838256,0.6716015706770122,0.0007511512376368046,22.084257022012025,nan,2482141.0,7856.0,32.0,True
2,22,4167750176340546895,SLH_DSA_PURE_SHA2_128S,0.09675230830907822,0.7084992667660117,0.0006288192234933376,22.213570076040924,nan,2482141.0,7856.0,32.0,True
2,22,7481792535790783894,SLH_DSA_PURE_SHA2_128S,0.09976854221895337,0.628434794023633,0.0006580636836588383,22.431328629143536,nan,2482141.0,7856.0,32.0,True
2,22,11115803728804290198,SLH_DSA_PURE_SHA2_128S,0.07797605404630303,0.5956927142105997,0.0006817346438765526,10.719736326951534,nan,2482141.0,7856.0,32.0,True
2,23,4564601397391805552,SLH_DSA_PURE_SHA2_128S,0.08923906832933426,0.7692794096656144,0.0006414568051695824,21.670793902128935,nan,2482141.0,7856.0,32.0,True
2,23,8755742214579308250,SLH_DSA_PURE_SHA2_128S,0.148092667106539,0.6542148860171437,0.0006220201030373573,21.760034241247922,nan,2482141.0,7856.0,32.0,True
2,23,7481792535790783894,SLH_DSA_PURE_SHA2_128S,0.08605406386777759,0.629362327978015,0.0006217113696038723,21.86244145128876,nan,2482141.0,7856.0,32.0,True
2,23,4167750176340546895,SLH_DSA_PURE_SHA2_128S,0.08053835388273001,0.6180408908985555,0.0005989340133965015,22.105651167221367,nan,2482141.0,7856.0,32.0,True
2,23,11115803728804290198,SLH_DSA_PURE_SHA2_128S,0.07737677078694105,0.5908409073017538,0.0006927833892405033,10.69172005308792,nan,2482141.0,7856.0,32.0,True
2,24,4167750176340546895,SLH_DSA_PURE_SHA2_128S,0.08791684499010444,0.6574730849824846,0.0007081059738993645,21.764783762861043,nan,2482141.0,7856.0,32.0,True
2,24,4564601397391805552,SLH_DSA_PURE_SHA2_128S,0.14896741416305304,0.6419388703070581,0.000629108864814043,21.87688685208559,nan,2482141.0,7856.0,32.0,True
2,24,8755742214579308250,SLH_DSA_PURE_SHA2_128S,0.08488768106326461,0.6303827930241823,0.0006331908516585827,21.953954711090773,nan,2482141.0,7856.0,32.0,True
2,24,7481792535790783894,SLH_DSA_PURE_SHA2_128S,0.08106766315177083,0.6265786718577147,0.0006295288912951946,22.08254384296015,nan,2482141.0,7856.0,32.0,True
2,24,11115803728804290198,SLH_DSA_PURE_SHA2_128S,0.07747848378494382,0.5908370758406818,0.0006474168039858341,10.844406866002828,nan,2482141.0,7856.0,32.0,True
2,25,4564601397391805552,SLH_DSA_PURE_SHA2_128S,0.08797391969710588,0.6394533519633114,0.0006267460994422436,21.88577835308388,nan,2482141.0,7856.0,32.0,True
2,25,4167750176340546895,SLH_DSA_PURE_SHA2_128S,0.08592214714735746,0.6355243381112814,0.0006296001374721527,22.04360759211704,nan,2482141.0,7856.0,32.0,True
2,25,8755742214579308250,SLH_DSA_PURE_SHA2_128S,0.16199422208592296,0.7559199850074947,0.0006897221319377422,22.02096785698086,nan,2482141.0,7856.0,32.0,True
2,25,7481792535790783894,SLH_DSA_PURE_SHA2_128S,0.10069112479686737,0.6147690499201417,0.0007087648846209049,22.41465694271028,nan,2482141.0,7856.0,32.0,True
2,25,11115803728804290198,SLH_DSA_PURE_SHA2_128S,0.07737535797059536,0.5876897349953651,0.0006987336091697216,10.323869578074664,nan,2482141.0,7856.0,32.0,True
2,26,4564601397391805552,SLH_DSA_PURE_SHA2_128S,0.13776644598692656,0.6464748280122876,0.0006295209750533104,21.40180334681645,nan,2482141.0,7856.0,32.0,True
2,26,4167750176340546895,SLH_DSA_PURE_SHA2_128S,0.08668789779767394,0.6175832329317927,0.0006576669402420521,21.668079148046672,nan,2482141.0,7856.0,32.0,True
2,26,8755742214579308250,SLH_DSA_PURE_SHA2_128S,0.1616916381753981,0.6324151637963951,0.0006862259469926357,21.551756936125457,nan,2482141.0,7856.0,32.0,True
2,26,7481792535790783894,SLH_DSA_PURE_SHA2_128S,0.08996600098907948,0.6226386902853847,0.0006450419314205647,21.757698895875365,nan,2482141.0,7856.0,32.0,True
2,26,11115803728804290198,SLH_DSA_PURE_SHA2_128S,0.07962251221761107,0.5980034209787846,0.0007095038890838623,10.566079387906939,nan,2482141.0,7856.0,32.0,True
2,27,8755742214579308250,SLH_DSA_PURE_SHA2_128S,0.08785778004676104,0.6213076650165021,0.0006419983692467213,21.692083479836583,nan,2482141.0,7856.0,32.0,True
2,27,4564601397391805552,SLH_DSA_PURE_SHA2_128S,0.08712869603186846,0.6184033057652414,0.0006686486303806305,21.735256263054907,nan,2482141.0,7856.0,32.0,True
2,27,4167750176340546895,SLH_DSA_PURE_SHA2_128S,0.07996725663542747,0.6319178710691631,0.0006373487412929535,21.85692418832332,nan,2482141.0,7856.0,32.0,True
2,27,7481792535790783894,SLH_DSA_PURE_SHA2_128S,0.09299919195473194,0.6185051905922592,0.0006283940747380257,21.83307648729533,nan,2482141.0,7856.0,32.0,True
2,27,11115803728804290198,SLH_DSA_PURE_SHA2_128S,0.07707314798608422,0.5916058113798499,0.0007417639717459679,10.588172710966319,nan,2482141.0,7856.0,32.0,True
2,28,4167750176340546895,SLH_DSA_PURE_SHA2_128S,0.14235421270132065,0.74534145090729,0.000748547725379467,21.989548840094358,nan,2482141.0,7856.0,32.0,True
2,28,7481792535790783894,SLH_DSA_PURE_SHA2_128S,0.121927410364151,0.6435350710526109,0.0007325559854507446,22.133487016893923,nan,2482141.0,7856.0,32.0,True
2,28,4564601397391805552,SLH_DSA_PURE_SHA2_128S,0.08589328080415726,0.6276376447640359,0.000631262082606554,22.125667652115226,nan,2482141.0,7856.0,32.0,True
2,28,8755742214579308250,SLH_DSA_PURE_SHA2_128S,0.08059742208570242,0.6375118042342365,0.0006675459444522858,22.41547121386975,nan,2482141.0,7856.0,32.0,True
2,28,11115803728804290198,SLH_DSA_PURE_SHA2_128S,0.07800167985260487,0.5934737757779658,0.0006847390905022621,10.559178573079407,nan,2482141.0,7856.0,32.0,True
2,29,8755742214579308250,SLH_DSA_PURE_SHA2_128S,0.15522820223122835,0.6451211483217776,0.0006855553947389126,21.668963459320366,nan,2482141.0,7856.0,32.0,True
2,29,7481792535790783894,SLH_DSA_PURE_SHA2_128S,0.11312844883650541,0.7858260949142277,0.000601425301283598,21.717710664961487,nan,2482141.0,7856.0,32.0,True
2,29,4564601397391805552,SLH_DSA_PURE_SHA2_128S,0.08568436186760664,0.6218399298377335,0.0006844811141490936,21.984749554190785,nan,2482141.0,7856.0,32.0,True
2,29,4167750176340546895,SLH_DSA_PURE_SHA2_128S,0.1119675780646503,0.6217180071398616,0.0006416398100554943,22.067575353663415,nan,2482141.0,7856.0,32.0,True
2,29,11115803728804290198,SLH_DSA_PURE_SHA2_128S,0.07793992012739182,0.5924696191214025,0.0005935169756412506,10.75920826010406,nan,2482141.0,7856.0,32.0,True
2,30,4167750176340546895,SLH_DSA_PURE_SHA2_128S,0.16610708087682724,0.6768328039906919,0.0008026552386581898,21.636895144358277,nan,2482141.0,7856.0,32.0,True
2,30,4564601397391805552,SLH_DSA_PURE_SHA2_128S,0.18748490093275905,0.6107744979672134,0.0006457180716097355,21.716434221714735,nan,2482141.0,7856.0,32.0,True
2,30,8755742214579308250,SLH_DSA_PURE_SHA2_128S,0.1223680330440402,0.6719757388345897,0.0007211482152342796,21.893570302054286,nan,2482141.0,7856.0,32.0,True
2,30,7481792535790783894,SLH_DSA_PURE_SHA2_128S,0.10429466981440783,0.612460725940764,0.0007105562835931778,21.860696888994426,nan,2482141.0,7856.0,32.0,True
2,30,11115803728804290198,SLH_DSA_PURE_SHA2_128S,0.07802060106769204,0.5929739032872021,0.000635072123259306,10.673116656951606,nan,2482141.0,7856.0,32.0,True
2,31,4564601397391805552,SLH_DSA_PURE_SHA2_128S,0.1562068802304566,0.7706384030170739,0.0006335778161883354,21.3296659020707,nan,2482141.0,7856.0,32.0,True
2,31,7481792535790783894,SLH_DSA_PURE_SHA2_128S,0.09789579780772328,0.7518248627893627,0.0006566769443452358,21.44536273414269,nan,2482141.0,7856.0,32.0,True
2,31,8755742214579308250,SLH_DSA_PURE_SHA2_128S,0.10202740598469973,0.6930288327857852,0.0006753420457243919,21.24980096705258,nan,2482141.0,7856.0,32.0,True
2,31,4167750176340546895,SLH_DSA_PURE_SHA2_128S,0.12816192489117384,0.7878733309917152,0.000617580022662878,21.331283520907164,nan,2482141.0,7856.0,32.0,True
2,31,11115803728804290198,SLH_DSA_PURE_SHA2_128S,0.0783795858733356,0.6030008299276233,0.000646381638944149,10.730865817982703,nan,2482141.0,7856.0,32.0,True
2,32,4167750176340546895,SLH_DSA_PURE_SHA2_128S,0.16564802592620254,0.7460775920189917,0.000692449975758791,21.59097307221964,nan,2482141.0,7856.0,32.0,True
2,32,7481792535790783894,SLH_DSA_PURE_SHA2_128S,0.13788169203326106,0.6310141459107399,0.0006385240703821182,21.952589250169694,nan,2482141.0,7856.0,32.0,True
2,32,8755742214579308250,SLH_DSA_PURE_SHA2_128S,0.08926728880032897,0.7740174890495837,0.0006330371834337711,21.84743031905964,nan,2482141.0,7856.0,32.0,True
2,32,4564601397391805552,SLH_DSA_PURE_SHA2_128S,0.10167716769501567,0.7179843778721988,0.0006248671561479568,21.990178041160107,nan,2482141.0,7856.0,32.0,True
2,32,11115803728804290198,SLH_DSA_PURE_SHA2_128S,0.0771889928728342,0.6014412697404623,0.0006079268641769886,10.712062898091972,nan,2482141.0,7856.0,32.0,True
2,33,8755742214579308250,SLH_DSA_PURE_SHA2_128S,0.09097696375101805,0.6199195571243763,0.000693771056830883,21.68189874617383,nan,2482141.0,7856.0,32.0,True
2,33,7481792535790783894,SLH_DSA_PURE_SHA2_128S,0.12477373005822301,0.6175645142793655,0.0007148338481783867,21.667877241037786,nan,2482141.0,7856.0,32.0,True
2,33,4564601397391805552,SLH_DSA_PURE_SHA2_128S,0.08330878801643848,0.642941911239177,0.0006867027841508389,21.777762279380113,nan,2482141.0,7856.0,32.0,True
2,33,4167750176340546895,SLH_DSA_PURE_SHA2_128S,0.0800403319299221,0.6156778302974999,0.0006960071623325348,21.777619495987892,nan,2482141.0,7856.0,32.0,True
2,33,11115803728804290198,SLH_DSA_PURE_SHA2_128S,0.08120149979367852,0.6198107129894197,0.0007488401606678963,10.632165184244514,nan,2482141.0,7856.0,32.0,True
2,34,4167750176340546895,SLH_DSA_PURE_SHA2_128S,0.08825260493904352,0.6831112890504301,0.0007179179228842258,21.273322204127908,nan,2482141.0,7856.0,32.0,True
2,34,8755742214579308250,SLH_DSA_PURE_SHA2_128S,0.1524082371033728,0.6735571152530611,0.0007111197337508202,21.48084251070395,nan,2482141.0,7856.0,32.0,True
2,34,7481792535790783894,SLH_DSA_PURE_SHA2_128S,0.0849127252586186,0.6318538282066584,0.0006246850825846195,21.83789489697665,nan,2482141.0,7856.0,32.0,True
2,34,4564601397391805552,SLH_DSA_PURE_SHA2_128S,0.08227290399372578,0.6240073163062334,0.000718515831977129,21.95793169271201,nan,2482141.0,7856.0,32.0,True
2,34,11115803728804290198,SLH_DSA_PURE_SHA2_128S,0.07985786767676473,0.5939139360561967,0.0005766609683632851,10.667530845850706,nan,2482141.0,7856.0,32.0,True
2,35,7481792535790783894,SLH_DSA_PURE_SHA2_128S,0.08894274989143014,0.7867835839278996,0.0007271864451467991,21.828634921927005,nan,2482141.0,7856.0,32.0,True
2,35,4167750176340546895,SLH_DSA_PURE_SHA2_128S,0.15918158506974578,0.6700212233699858,0.0006700740195810795,21.970739203039557,nan,2482141.0,7856.0,32.0,True
2,35,8755742214579308250,SLH_DSA_PURE_SHA2_128S,0.085875962395221,0.6243929481133819,0.0006278259679675102,22.26318362681195,nan,2482141.0,7856.0,32.0,True
2,35,4564601397391805552,SLH_DSA_PURE_SHA2_128S,0.08013767935335636,0.635442758910358,0.0006571365520358086,22.46014343202114,nan,2482141.0,7856.0,32.0,True
2,35,11115803728804290198,SLH_DSA_PURE_SHA2_128S,0.07766939513385296,0.5912010800093412,0.000631443690508604,10.871736388187855,nan,2482141.0,7856.0,32.0,True
2,36,4167750176340546895,SLH_DSA_PURE_SHA2_128S,0.1285140379332006,0.6180467340163887,0.0006575770676136017,21.75389841431752,nan,2482141.0,7856.0,32.0,True
2,36,4564601397391805552,SLH_DSA_PURE_SHA2_128S,0.1492374651134014,0.6592810032889247,0.000662216916680336,21.673490023240447,nan,2482141.0,7856.0,32.0,True
2,36,8755742214579308250,SLH_DSA_PURE_SHA2_128S,0.08215737994760275,0.6348365810699761,0.0006499700248241425,21.834402251057327,nan,2482141.0,7856.0,32.0,True
2,36,7481792535790783894,SLH_DSA_PURE_SHA2_128S,0.0799022177234292,0.6145781870000064,0.0006479760631918907,21.88408946665004,nan,2482141.0,7856.0,32.0,True
2,36,11115803728804290198,SLH_DSA_PURE_SHA2_128S,0.07858755625784397,0.5924819889478385,0.0006157108582556248,10.998579831793904,nan,2482141.0,7856.0,32.0,True
2,37,8755742214579308250,SLH_DSA_PURE_SHA2_128S,0.08614998497068882,0.6257897918112576,0.0007400037720799446,21.964657158125192,nan,2482141.0,7856.0,32.0,True
2,37,7481792535790783894,SLH_DSA_PURE_SHA2_128S,0.0854948041960597,0.6371264788322151,0.0006956192664802074,21.970692347269505,nan,2482141.0,7856.0,32.0,True
2,37,4167750176340546895,SLH_DSA_PURE_SHA2_128S,0.16260685911402106,0.6215586001053452,0.0006460170261561871,21.98363252589479,nan,2482141.0,7856.0,32.0,True
2,37,4564601397391805552,SLH_DSA_PURE_SHA2_128S,0.08099891291931272,0.6152928993105888,0.0006875754334032536,22.187796286772937,nan,2482141.0,7856.0,32.0,True
2,37,11115803728804290198,SLH_DSA_PURE_SHA2_128S,0.07715897401794791,0.5926097081974149,0.000662126112729311,10.519657202064991,nan,2482141.0,7856.0,32.0,True
2,38,4564601397391805552,SLH_DSA_PURE_SHA2_128S,0.08771109906956553,0.6493335240520537,0.000680362805724144,22.006456956733018,nan,2482141.0,7856.0,32.0,True
2,38,4167750176340546895,SLH_DSA_PURE_SHA2_128S,0.09396863169968128,0.6240916359238327,0.0006518149748444557,22.124305528588593,nan,2482141.0,7856.0,32.0,True
2,38,7481792535790783894,SLH_DSA_PURE_SHA2_128S,0.15028803097084165,0.6700966116040945,0.0006227060221135616,22.13881044089794,nan,2482141.0,7856.0,32.0,True
2,38,8755742214579308250,SLH_DSA_PURE_SHA2_128S,0.08175729122012854,0.617320504039526,0.0006444258615374565,22.41240024473518,nan,2482141.0,7856.0,32.0,True
2,38,11115803728804290198,SLH_DSA_PURE_SHA2_128S,0.07737889792770147,0.6052917032502592,0.0006308271549642086,10.61351694026962,nan,2482141.0,7856.0,32.0,True
2,39,7481792535790783894,SLH_DSA_PURE_SHA2_128S,0.08718422707170248,0.6497386978007853,0.0006747939623892307,22.088160335086286,nan,2482141.0,7856.0,32.0,True
2,39,8755742214579308250,SLH_DSA_PURE_SHA2_128S,0.16036792285740376,0.7392122983001173,0.0006314730271697044,21.99616626324132,nan,2482141.0,7856.0,32.0,True
2,39,4564601397391805552,SLH_DSA_PURE_SHA2_128S,0.08641191711649299,0.6274068728089333,0.0005936259403824806,22.17746140016243,nan,2482141.0,7856.0,32.0,True
2,39,4167750176340546895,SLH_DSA_PURE_SHA2_128S,0.0803596992045641,0.652004708070308,0.0006834301166236401,22.437889854889363,nan,2482141.0,7856.0,32.0,True
2,39,11115803728804290198,SLH_DSA_PURE_SHA2_128S,0.07759138010442257,0.5956729841418564,0.0006765597499907017,10.514009342063218,nan,2482141.0,7856.0,32.0,True
2,40,4167750176340546895,SLH_DSA_PURE_SHA2_128S,0.15462263207882643,0.7753977910615504,0.0007640658877789974,21.66982240602374,nan,2482141.0,7856.0,32.0,True
2,40,4564601397391805552,SLH_DSA_PURE_SHA2_128S,0.08621654706075788,0.615205068141222,0.0006218650378286839,22.027642579283565,nan,2482141.0,7856.0,32.0,True
2,40,8755742214579308250,SLH_DSA_PURE_SHA2_128S,0.12202362203970551,0.6175938788801432,0.0007098820060491562,21.962394564878196,nan,2482141.0,7856.0,32.0,True
2,40,7481792535790783894,SLH_DSA_PURE_SHA2_128S,0.10072941519320011,0.618642580229789,0.0006752139888703823,22.13441592361778,nan,2482141.0,7856.0,32.0,True
2,40,11115803728804290198,SLH_DSA_PURE_SHA2_128S,0.07724789204075933,0.5935566439293325,0.0006311601027846336,10.4538604747504,nan,2482141.0,7856.0,32.0,True
2,41,7481792535790783894,SLH_DSA_PURE_SHA2_128S,0.1125319809652865,0.6350876856595278,0.0006950302049517632,21.450673116836697,nan,2482141.0,7856.0,32.0,True
2,41,4167750176340546895,SLH_DSA_PURE_SHA2_128S,0.08677493315190077,0.6534410030581057,0.0006140349432826042,21.426231275312603,nan,2482141.0,7856.0,32.0,True
2,41,4564601397391805552,SLH_DSA_PURE_SHA2_128S,0.1603795848786831,0.7538113361224532,0.0006513278931379318,21.4263055883348,nan,2482141.0,7856.0,32.0,True
2,41,8755742214579308250,SLH_DSA_PURE_SHA2_128S,0.10915766609832644,0.6097730677574873,0.0006136423908174038,21.89851956209168,nan,2482141.0,7856.0,32.0,True
2,41,11115803728804290198,SLH_DSA_PURE_SHA2_128S,0.07793480111286044,0.5921448110602796,0.0006821239367127419,10.793239016085863,nan,2482141.0,7856.0,32.0,True
2,42,4167750176340546895,SLH_DSA_PURE_SHA2_128S,0.08792286086827517,0.6912704478017986,0.0006358479149639606,21.488966851029545,nan,2482141.0,7856.0,32.0,True
2,42,4564601397391805552,SLH_DSA_PURE_SHA2_128S,0.08045351086184382,0.6172338421456516,0.0007530353032052517,21.82896140497178,nan,2482141.0,7856.0,32.0,True
2,42,8755742214579308250,SLH_DSA_PURE_SHA2_128S,0.1582761430181563,1.1731152790598571,0.0006111627444624901,21.333589799236506,nan,2482141.0,7856.0,32.0,True
2,42,7481792535790783894,SLH_DSA_PURE_SHA2_128S,0.24291798193007708,0.9829225311987102,0.0006454102694988251,21.686494562309235,nan,2482141.0,7856.0,32.0,True
2,42,11115803728804290198,SLH_DSA_PURE_SHA2_128S,0.07843896606937051,0.6019838349893689,0.0006038118153810501,10.67187677975744,nan,2482141.0,7856.0,32.0,True
2,43,4564601397391805552,SLH_DSA_PURE_SHA2_128S,0.15952559001743793,0.6994694881141186,0.0006619608029723167,21.679465349763632,nan,2482141.0,7856.0,32.0,True
2,43,7481792535790783894,SLH_DSA_PURE_SHA2_128S,0.14012642577290535,0.6160717336460948,0.000629195012152195,21.909255280159414,nan,2482141.0,7856.0,32.0,True
2,43,4167750176340546895,SLH_DSA_PURE_SHA2_128S,0.16323267668485641,0.6273335916921496,0.0006385371088981628,22.038153985980898,nan,2482141.0,7856.0,32.0,True
2,43,8755742214579308250,SLH_DSA_PURE_SHA2_128S,0.1610529562458396,0.6188541520386934,0.000709952786564827,22.030864814762026,nan,2482141.0,7856.0,32.0,True
2,43,11115803728804290198,SLH_DSA_PURE_SHA2_128S,0.07690049102529883,0.5950650232844055,0.0007158429361879826,10.55494064791128,nan,2482141.0,7856.0,32.0,True
2,44,4564601397391805552,SLH_DSA_PURE_SHA2_128S,0.1300034001469612,0.6176813589408994,0.0006823069415986538,21.748085686936975,nan,2482141.0,7856.0,32.0,True
2,44,7481792535790783894,SLH_DSA_PURE_SHA2_128S,0.07948044082149863,0.6176880458369851,0.0006052153185009956,21.88618552312255,nan,2482141.0,7856.0,32.0,True
2,44,8755742214579308250,SLH_DSA_PURE_SHA2_128S,0.09647890133783221,0.6257382561452687,0.0006532156839966774,21.834406749811023,nan,2482141.0,7856.0,32.0,True
2,44,4167750176340546895,SLH_DSA_PURE_SHA2_128S,0.1142968563362956,0.6176843508146703,0.0007113623432815075,21.819207318127155,nan,2482141.0,7856.0,32.0,True
2,44,11115803728804290198,SLH_DSA_PURE_SHA2_128S,0.07714564027264714,0.5948105887509882,0.0006578969769179821,10.520369409583509,nan,2482141.0,7856.0,32.0,True
2,45,4167750176340546895,SLH_DSA_PURE_SHA2_128S,0.08900533057749271,0.6423436137847602,0.0007540960796177387,21.751818163320422,nan,2482141.0,7856.0,32.0,True
2,45,4564601397391805552,SLH_DSA_PURE_SHA2_128S,0.16103668417781591,0.8111418182961643,0.0006232419982552528,21.6599502437748,nan,2482141.0,7856.0,32.0,True
2,45,7481792535790783894,SLH_DSA_PURE_SHA2_128S,0.0797242010012269,0.6174024697393179,0.0006325659342110157,22.1246297811158,nan,2482141.0,7856.0,32.0,True
2,45,8755742214579308250,SLH_DSA_PURE_SHA2_128S,0.11353281093761325,0.6177448909729719,0.000642877072095871,22.05460587097332,nan,2482141.0,7856.0,32.0,True
2,45,11115803728804290198,SLH_DSA_PURE_SHA2_128S,0.07700409926474094,0.5915598710998893,0.0007827584631741047,10.451188270933926,nan,2482141.0,7856.0,32.0,True
2,46,4564601397391805552,SLH_DSA_PURE_SHA2_128S,0.11217745719477534,0.7445060829631984,0.000676498282700777,21.46310739312321,nan,2482141.0,7856.0,32.0,True
2,46,7481792535790783894,SLH_DSA_PURE_SHA2_128S,0.08404687698930502,0.6134017379954457,0.0008929511532187462,21.9513621320948,nan,2482141.0,7856.0,32.0,True
2,46,8755742214579308250,SLH_DSA_PURE_SHA2_128S,0.08187083899974823,0.6175091983750463,0.0006308206357061863,22.005145404022187,nan,2482141.0,7856.0,32.0,True
2,46,4167750176340546895,SLH_DSA_PURE_SHA2_128S,0.08026336785405874,0.6202760189771652,0.0006136312149465084,21.995673440862447,nan,2482141.0,7856.0,32.0,True
2,46,11115803728804290198,SLH_DSA_PURE_SHA2_128S,0.07806652504950762,0.5955926468595862,0.0006478140130639076,10.530108417384326,nan,2482141.0,7856.0,32.0,True
2,47,4167750176340546895,SLH_DSA_PURE_SHA2_128S,0.13236710615456104,0.6856436268426478,0.0006944569759070873,21.683283064048737,nan,2482141.0,7856.0,32.0,True
2,47,8755742214579308250,SLH_DSA_PURE_SHA2_128S,0.08617637027055025,0.6202868307009339,0.0006659538485109806,21.98115684883669,nan,2482141.0,7856.0,32.0,True
2,47,7481792535790783894,SLH_DSA_PURE_SHA2_128S,0.1323600779287517,0.6121061989106238,0.0006648767739534378,22.10783192841336,nan,2482141.0,7856.0,32.0,True
2,47,4564601397391805552,SLH_DSA_PURE_SHA2_128S,0.16246818006038666,0.6595932841300964,0.0006163259968161583,21.972646858077496,nan,2482141.0,7856.0,32.0,True
2,47,11115803728804290198,SLH_DSA_PURE_SHA2_128S,0.07719544507563114,0.5965895550325513,0.0006589209660887718,10.503254109993577,nan,2482141.0,7856.0,32.0,True
2,48,7481792535790783894,SLH_DSA_PURE_SHA2_128S,0.09319876600056887,0.6197220301255584,0.0006576189771294594,21.91230862075463,nan,2482141.0,7856.0,32.0,True
2,48,4167750176340546895,SLH_DSA_PURE_SHA2_128S,0.16199343977496028,0.6866808300837874,0.0006287652067840099,21.831061474978924,nan,2482141.0,7856.0,32.0,True
2,48,8755742214579308250,SLH_DSA_PURE_SHA2_128S,0.17624053684994578,0.611937602981925,0.0006249779835343361,21.965316372923553,nan,2482141.0,7856.0,32.0,True
2,48,4564601397391805552,SLH_DSA_PURE_SHA2_128S,0.08039688225835562,0.6325338147580624,0.0006122509948909283,22.075751672964543,nan,2482141.0,7856.0,32.0,True
2,48,11115803728804290198,SLH_DSA_PURE_SHA2_128S,0.07725204061716795,0.5920537849888206,0.0007261480204761028,10.580757494084537,nan,2482141.0,7856.0,32.0,True
2,49,4564601397391805552,SLH_DSA_PURE_SHA2_128S,0.17013868503272533,0.6185606103390455,0.0006472896784543991,21.648326958995312,nan,2482141.0,7856.0,32.0,True
2,49,4167750176340546895,SLH_DSA_PURE_SHA2_128S,0.17033901484683156,0.6284162327647209,0.0006462857127189636,21.75811735773459,nan,2482141.0,7856.0,32.0,True
2,49,8755742214579308250,SLH_DSA_PURE_SHA2_128S,0.16303336713463068,0.6580974790267646,0.0007337578572332859,21.74766732333228,nan,2482141.0,7856.0,32.0,True
2,49,7481792535790783894,SLH_DSA_PURE_SHA2_128S,0.10673522017896175,0.6220214352943003,0.0006204517558217049,21.816788422875106,nan,2482141.0,7856.0,32.0,True
2,49,11115803728804290198,SLH_DSA_PURE_SHA2_128S,0.07736278604716063,0.5942145311273634,0.00066420529037714,11.042217220179737,nan,2482141.0,7856.0,32.0,True
2,50,4564601397391805552,SLH_DSA_PURE_SHA2_128S,0.08875234890729189,0.6340108369477093,0.0007495991885662079,22.150311259087175,nan,2482141.0,7856.0,32.0,True
2,50,8755742214579308250,SLH_DSA_PURE_SHA2_128S,0.14399354066699743,0.6898591443896294,0.0006754030473530293,22.02625165320933,nan,2482141.0,7856.0,32.0,True
2,50,7481792535790783894,SLH_DSA_PURE_SHA2_128S,0.16518905106931925,0.6328565836884081,0.0006368281319737434,22.299279276747257,nan,2482141.0,7856.0,32.0,True
2,50,4167750176340546895,SLH_DSA_PURE_SHA2_128S,0.10750138619914651,0.6128323469310999,0.0005687782540917397,22.450388048775494,nan,2482141.0,7856.0,32.0,True
2,50,11115803728804290198,SLH_DSA_PURE_SHA2_128S,0.07790558179840446,0.5915612261742353,0.0006239870563149452,10.533095559105277,nan,2482141.0,7856.0,32.0,True
3,1,618710820395857236,SLH_DSA_PURE_SHA2_128S,0.08336367877200246,0.615831671282649,0.0007381141185760498,21.777747015003115,nan,2482141.0,7856.0,32.0,True
3,1,4690188012905047135,SLH_DSA_PURE_SHA2_128S,0.10103577375411987,0.6125744907185435,0.0006447471678256989,21.867342736106366,2.2214564073580902,2482141.0,7856.0,32.0,True
3,1,5872895838470062379,SLH_DSA_PURE_SHA2_128S,0.08393709314987063,0.6155482511967421,0.0006095031276345253,21.882364860270172,2.147414806932687,2482141.0,7856.0,32.0,True
3,1,6939407057438488342,SLH_DSA_PURE_SHA2_128S,0.0813843309879303,0.6413969709537923,0.0007083038799464703,21.88368315808475,2.285910042330099,2482141.0,7856.0,32.0,True
3,1,399585845997084784,SLH_DSA_PURE_SHA2_128S,0.07753475522622466,0.5970962243154645,0.0006307829171419144,10.358337917830795,nan,2482141.0,7856.0,32.0,True
3,2,6939407057438488342,SLH_DSA_PURE_SHA2_128S,0.08846263261511922,0.6192170018330216,0.0006600017659366131,21.262681440915912,nan,2482141.0,7856.0,32.0,True
3,2,618710820395857236,SLH_DSA_PURE_SHA2_128S,0.08067839173600078,0.6287337630055845,0.0006107650697231293,21.388080809731036,nan,2482141.0,7856.0,32.0,True
3,2,5872895838470062379,SLH_DSA_PURE_SHA2_128S,0.08309314120560884,0.6140688667073846,0.000648742076009512,21.428444826975465,nan,2482141.0,7856.0,32.0,True
3,2,4690188012905047135,SLH_DSA_PURE_SHA2_128S,0.08440094580873847,0.634577221237123,0.0006059152074158192,21.258815398439765,nan,2482141.0,7856.0,32.0,True
3,2,399585845997084784,SLH_DSA_PURE_SHA2_128S,0.0778909819200635,0.5976197849959135,0.0008249348029494286,10.377197984140366,nan,2482141.0,7856.0,32.0,True
3,3,6939407057438488342,SLH_DSA_PURE_SHA2_128S,0.08861592877656221,0.7576721971854568,0.001230935100466013,21.113096735905856,nan,2482141.0,7856.0,32.0,True
3,3,618710820395857236,SLH_DSA_PURE_SHA2_128S,0.08602606412023306,0.6152761508710682,0.0007329392246901989,21.072972862049937,nan,2482141.0,7856.0,32.0,True
3,3,5872895838470062379,SLH_DSA_PURE_SHA2_128S,0.162402608897537,0.7218219409696758,0.0006481069140136242,21.11292930180207,nan,2482141.0,7856.0,32.0,True
3,3,4690188012905047135,SLH_DSA_PURE_SHA2_128S,0.08024312322959304,0.6161809489130974,0.0006889710202813148,21.170970558188856,nan,2482141.0,7856.0,32.0,True
3,3,399585845997084784,SLH_DSA_PURE_SHA2_128S,0.07724666595458984,0.5891404766589403,0.0007060738280415535,10.421320077963173,nan,2482141.0,7856.0,32.0,True
3,4,5872895838470062379,SLH_DSA_PURE_SHA2_128S,0.15208169538527727,0.6544357240200043,0.0007177609950304031,21.0272629968822,nan,2482141.0,7856.0,32.0,True
3,4,6939407057438488342,SLH_DSA_PURE_SHA2_128S,0.08688797196373343,0.6192283816635609,0.0006871046498417854,21.26466368464753,nan,2482141.0,7856.0,32.0,True
3,4,618710820395857236,SLH_DSA_PURE_SHA2_128S,0.10395809868350625,0.6777607244439423,0.0007272809743881226,21.205139953177422,nan,2482141.0,7856.0,32.0,True
3,4,4690188012905047135,SLH_DSA_PURE_SHA2_128S,0.08141733380034566,0.6690812190063298,0.0006239707581698895,21.266455676872283,nan,2482141.0,7856.0,32.0,True
3,4,399585845997084784,SLH_DSA_PURE_SHA2_128S,0.07825933676213026,0.6424595005810261,0.0005912319757044315,10.40943071199581,nan,2482141.0,7856.0,32.0,True
3,5,6939407057438488342,SLH_DSA_PURE_SHA2_128S,0.085936747957021,0.6234959680587053,0.0006569591350853443,21.67922823689878,nan,2482141.0,7856.0,32.0,True
3,5,618710820395857236,SLH_DSA_PURE_SHA2_128S,0.19104662304744124,0.7805777452886105,0.0006562559865415096,21.498881480190903,nan,2482141.0,7856.0,32.0,True
3,5,4690188012905047135,SLH_DSA_PURE_SHA2_128S,0.08069045003503561,0.6355197750963271,0.0006573209539055824,21.7803850970231,nan,2482141.0,7856.0,32.0,True
3,5,5872895838470062379,SLH_DSA_PURE_SHA2_128S,0.1480194702744484,0.9337355829775333,0.0006523947231471539,21.431202365085483,nan,2482141.0,7856.0,32.0,True
3,5,399585845997084784,SLH_DSA_PURE_SHA2_128S,0.07776540284976363,0.592982682865113,0.0009754621423780918,10.491107671987265,nan,2482141.0,7856.0,32.0,True
3,6,4690188012905047135,SLH_DSA_PURE_SHA2_128S,0.17862197197973728,0.68060248112306,0.0006464524194598198,21.57927259011194,nan,2482141.0,7856.0,32.0,True
3,6,5872895838470062379,SLH_DSA_PURE_SHA2_128S,0.08647785102948546,0.6150977369397879,0.000622129999101162,21.638837704900652,nan,2482141.0,7856.0,32.0,True
3,6,6939407057438488342,SLH_DSA_PURE_SHA2_128S,0.08007044577971101,0.631364556029439,0.0006288271397352219,21.747181148733944,nan,2482141.0,7856.0,32.0,True
3,6,618710820395857236,SLH_DSA_PURE_SHA2_128S,0.18507980089634657,0.6230290341190994,0.0006660246290266514,21.58319579716772,nan,2482141.0,7856.0,32.0,True
3,6,399585845997084784,SLH_DSA_PURE_SHA2_128S,0.07740399986505508,0.5919551998376846,0.0007337811402976513,10.481955376919359,nan,2482141.0,7856.0,32.0,True
3,7,5872895838470062379,SLH_DSA_PURE_SHA2_128S,0.08856356842443347,0.6582931759767234,0.000673776026815176,21.215280685108155,nan,2482141.0,7856.0,32.0,True
3,7,4690188012905047135,SLH_DSA_PURE_SHA2_128S,0.15160946920514107,0.7361520044505596,0.0006362590938806534,21.190892581362277,nan,2482141.0,7856.0,32.0,True
3,7,618710820395857236,SLH_DSA_PURE_SHA2_128S,0.16520181810483336,0.6186778065748513,0.0006209593266248703,21.580491499044,nan,2482141.0,7856.0,32.0,True
3,7,6939407057438488342,SLH_DSA_PURE_SHA2_128S,0.10467894468456507,0.6415994083508849,0.0006578550674021244,21.71159478323534,nan,2482141.0,7856.0,32.0,True
3,7,399585845997084784,SLH_DSA_PURE_SHA2_128S,0.07782072899863124,0.5910088499076664,0.0006435876712203026,10.395316464826465,nan,2482141.0,7856.0,32.0,True
3,8,6939407057438488342,SLH_DSA_PURE_SHA2_128S,0.17099839728325605,0.6224963781423867,0.0007103923708200455,21.418692457024008,nan,2482141.0,7856.0,32.0,True
3,8,4690188012905047135,SLH_DSA_PURE_SHA2_128S,0.14491533115506172,0.6273504481650889,0.0006816349923610687,21.357508038170636,nan,2482141.0,7856.0,32.0,True
3,8,618710820395857236,SLH_DSA_PURE_SHA2_128S,0.14310465985909104,0.6146006141789258,0.0007094400934875011,21.511595295742154,nan,2482141.0,7856.0,32.0,True
3,8,5872895838470062379,SLH_DSA_PURE_SHA2_128S,0.08210691111162305,0.7001779340207577,0.000596335157752037,21.639496971387416,nan,2482141.0,7856.0,32.0,True
3,8,399585845997084784,SLH_DSA_PURE_SHA2_128S,0.07743451418355107,0.5920538338832557,0.00108017073944211,10.430049670860171,nan,2482141.0,7856.0,32.0,True
3,9,618710820395857236,SLH_DSA_PURE_SHA2_128S,0.15856064204126596,0.7463219771161675,0.0006812838837504387,21.18888155464083,nan,2482141.0,7856.0,32.0,True
3,9,6939407057438488342,SLH_DSA_PURE_SHA2_128S,0.14306262182071805,0.6203845902346075,0.0006523411720991135,21.354308858979493,nan,2482141.0,7856.0,32.0,True
3,9,4690188012905047135,SLH_DSA_PURE_SHA2_128S,0.08737451629713178,0.6329441131092608,0.0006184699013829231,21.63066531997174,nan,2482141.0,7856.0,32.0,True
3,9,5872895838470062379,SLH_DSA_PURE_SHA2_128S,0.08013413520529866,0.6154646589420736,0.0006779092364013195,21.58959390083328,nan,2482141.0,7856.0,32.0,True
3,9,399585845997084784,SLH_DSA_PURE_SHA2_128S,0.0796235972084105,0.5990066220983863,0.0006241300143301487,10.376616775989532,nan,2482141.0,7856.0,32.0,True
3,10,5872895838470062379,SLH_DSA_PURE_SHA2_128S,0.1296173082664609,0.640332737006247,0.0006645000539720058,21.331482202745974,nan,2482141.0,7856.0,32.0,True
3,10,6939407057438488342,SLH_DSA_PURE_SHA2_128S,0.12879699701443315,0.6151075148954988,0.0006325626745820045,21.39201689371839,nan,2482141.0,7856.0,32.0,True
3,10,4690188012905047135,SLH_DSA_PURE_SHA2_128S,0.0808069002814591,0.6227489849552512,0.0006153970025479794,21.48746561817825,nan,2482141.0,7856.0,32.0,True
3,10,618710820395857236,SLH_DSA_PURE_SHA2_128S,0.08189210807904601,0.6195038883015513,0.0006793946959078312,21.46705015609041,nan,2482141.0,7856.0,32.0,True
3,10,399585845997084784,SLH_DSA_PURE_SHA2_128S,0.0793172218836844,0.5955717912875116,0.0006368616595864296,10.385943450964987,nan,2482141.0,7856.0,32.0,True
3,11,6939407057438488342,SLH_DSA_PURE_SHA2_128S,0.1472386778332293,0.7491703000850976,0.0006833518855273724,21.43946254393086,nan,2482141.0,7856.0,32.0,True
3,11,5872895838470062379,SLH_DSA_PURE_SHA2_128S,0.1095092399045825,0.6138052740134299,0.0006546168588101864,21.716454405803233,nan,2482141.0,7856.0,32.0,True
3,11,618710820395857236,SLH_DSA_PURE_SHA2_128S,0.07982601132243872,0.6171886599622667,0.0006599240005016327,21.79436508519575,nan,2482141.0,7856.0,32.0,True
3,11,4690188012905047135,SLH_DSA_PURE_SHA2_128S,0.10411709686741233,0.6307266848161817,0.0006571179255843163,21.770890483167022,nan,2482141.0,7856.0,32.0,True
3,11,399585845997084784,SLH_DSA_PURE_SHA2_128S,0.07929243799299002,0.593502433039248,0.000641385093331337,10.449418612755835,nan,2482141.0,7856.0,32.0,True
3,12,5872895838470062379,SLH_DSA_PURE_SHA2_128S,0.10438903281465173,0.6275695753283799,0.00067495321854949,21.323290646076202,nan,2482141.0,7856.0,32.0,True
3,12,618710820395857236,SLH_DSA_PURE_SHA2_128S,0.08783682575449347,0.6325073889456689,0.0006477390415966511,21.341952086426318,nan,2482141.0,7856.0,32.0,True
3,12,6939407057438488342,SLH_DSA_PURE_SHA2_128S,0.08862274745479226,0.6269239420071244,0.0006446079351007938,21.478288399986923,nan,2482141.0,7856.0,32.0,True
3,12,4690188012905047135,SLH_DSA_PURE_SHA2_128S,0.08081945823505521,0.6794337113387883,0.0006368267349898815,21.67294134106487,nan,2482141.0,7856.0,32.0,True
3,12,399585845997084784,SLH_DSA_PURE_SHA2_128S,0.07784394128248096,0.6063230130821466,0.0006606648676097393,10.466750979423523,nan,2482141.0,7856.0,32.0,True
3,13,6939407057438488342,SLH_DSA_PURE_SHA2_128S,0.13951372168958187,0.6177297327667475,0.000613535288721323,21.548230671323836,nan,2482141.0,7856.0,32.0,True
3,13,618710820395857236,SLH_DSA_PURE_SHA2_128S,0.14128718292340636,0.7396394871175289,0.0006825742311775684,21.302466900087893,nan,2482141.0,7856.0,32.0,True
3,13,5872895838470062379,SLH_DSA_PURE_SHA2_128S,0.08878446882590652,0.6210020459257066,0.0006211521103978157,21.644530394114554,nan,2482141.0,7856.0,32.0,True
3,13,4690188012905047135,SLH_DSA_PURE_SHA2_128S,0.08036060119047761,0.6269497848115861,0.0006639589555561543,21.781917280051857,nan,2482141.0,7856.0,32.0,True
3,13,399585845997084784,SLH_DSA_PURE_SHA2_128S,0.07848573196679354,0.5918461210094392,0.0006550531834363937,10.379525209777057,nan,2482141.0,7856.0,32.0,True
3,14,6939407057438488342,SLH_DSA_PURE_SHA2_128S,0.14459938975051045,0.6897728289477527,0.0006438558921217918,21.234671326819807,nan,2482141.0,7856.0,32.0,True
3,14,5872895838470062379,SLH_DSA_PURE_SHA2_128S,0.1415986018255353,0.616231317166239,0.0006116838194429874,21.48508641915396,nan,2482141.0,7856.0,32.0,True
3,14,4690188012905047135,SLH_DSA_PURE_SHA2_128S,0.10087192198261619,0.6282595540396869,0.0006507891230285168,21.46645726216957,nan,2482141.0,7856.0,32.0,True
3,14,618710820395857236,SLH_DSA_PURE_SHA2_128S,0.09741410473361611,0.6184200393036008,0.0007536411285400391,21.50678842375055,nan,2482141.0,7856.0,32.0,True
3,14,399585845997084784,SLH_DSA_PURE_SHA2_128S,0.0778356702066958,0.5913138431496918,0.0006206980906426907,10.455376822967082,nan,2482141.0,7856.0,32.0,True
3,15,4690188012905047135,SLH_DSA_PURE_SHA2_128S,0.08728839503601193,0.6437130579724908,0.0006842999719083309,22.65240158326924,nan,2482141.0,7856.0,32.0,True
3,15,618710820395857236,SLH_DSA_PURE_SHA2_128S,0.16096516326069832,0.6960360622033477,0.0006285901181399822,22.71714520966634,nan,2482141.0,7856.0,32.0,True
3,15,6939407057438488342,SLH_DSA_PURE_SHA2_128S,0.1486236839555204,0.6683168946765363,0.0005996404215693474,22.879818690940738,nan,2482141.0,7856.0,32.0,True
3,15,5872895838470062379,SLH_DSA_PURE_SHA2_128S,0.08047363720834255,0.640491381753236,0.000615301076322794,23.143795545212924,nan,2482141.0,7856.0,32.0,True
3,15,399585845997084784,SLH_DSA_PURE_SHA2_128S,0.07784196734428406,0.5912103890441358,0.000664430670440197,10.457732006907463,nan,2482141.0,7856.0,32.0,True
3,16,618710820395857236,SLH_DSA_PURE_SHA2_128S,0.15515606477856636,0.7822053553536534,0.0007284358143806458,21.120363076683134,nan,2482141.0,7856.0,32.0,True
3,16,5872895838470062379,SLH_DSA_PURE_SHA2_128S,0.14826884027570486,0.6489238403737545,0.0006229588761925697,21.403572138864547,nan,2482141.0,7856.0,32.0,True
3,16,4690188012905047135,SLH_DSA_PURE_SHA2_128S,0.08274957677349448,0.6202168818563223,0.0006317510269582272,21.58159957593307,nan,2482141.0,7856.0,32.0,True
3,16,6939407057438488342,SLH_DSA_PURE_SHA2_128S,0.08377071563154459,0.6983948582783341,0.0006070318631827831,21.534186319913715,nan,2482141.0,7856.0,32.0,True
3,16,399585845997084784,SLH_DSA_PURE_SHA2_128S,0.07985323341563344,0.5901831989176571,0.0006299917586147785,10.513388468883932,nan,2482141.0,7856.0,32.0,True
3,17,618710820395857236,SLH_DSA_PURE_SHA2_128S,0.08677113987505436,0.6573769678361714,0.0006881458684802055,21.058256577234715,nan,2482141.0,7856.0,32.0,True
3,17,6939407057438488342,SLH_DSA_PURE_SHA2_128S,0.08957840362563729,0.6518391859717667,0.0006917212158441544,21.11489557195455,nan,2482141.0,7856.0,32.0,True
3,17,4690188012905047135,SLH_DSA_PURE_SHA2_128S,0.0849244762212038,0.6202476797625422,0.0006493492983281612,21.470837308093905,nan,2482141.0,7856.0,32.0,True
3,17,5872895838470062379,SLH_DSA_PURE_SHA2_128S,0.08068178500980139,0.617863061837852,0.0006314287893474102,21.6082018581219,nan,2482141.0,7856.0,32.0,True
3,17,399585845997084784,SLH_DSA_PURE_SHA2_128S,0.07772956416010857,0.5911559700034559,0.0006540953181684017,10.444535674992949,nan,2482141.0,7856.0,32.0,True
3,18,6939407057438488342,SLH_DSA_PURE_SHA2_128S,0.08744036359712481,0.6397246550768614,0.0006794678047299385,21.713643599767238,nan,2482141.0,7856.0,32.0,True
3,18,618710820395857236,SLH_DSA_PURE_SHA2_128S,0.15176906809210777,0.69115847395733,0.0006490857340395451,21.649518933147192,nan,2482141.0,7856.0,32.0,True
3,18,4690188012905047135,SLH_DSA_PURE_SHA2_128S,0.07994990609586239,0.6149859302677214,0.000682557001709938,21.89973931387067,nan,2482141.0,7856.0,32.0,True
3,18,5872895838470062379,SLH_DSA_PURE_SHA2_128S,0.08159294491633773,0.6172435060143471,0.0006986311636865139,21.831307478249073,nan,2482141.0,7856.0,32.0,True
3,18,399585845997084784,SLH_DSA_PURE_SHA2_128S,0.08039779029786587,0.5904420330189168,0.000630086287856102,10.437060370109975,nan,2482141.0,7856.0,32.0,True
3,19,4690188012905047135,SLH_DSA_PURE_SHA2_128S,0.08524371916428208,0.6279072798788548,0.0006692418828606606,21.441607502754778,nan,2482141.0,7856.0,32.0,True
3,19,5872895838470062379,SLH_DSA_PURE_SHA2_128S,0.08762660715728998,0.640687158331275,0.001290877815335989,21.42528044199571,nan,2482141.0,7856.0,32.0,True
3,19,6939407057438488342,SLH_DSA_PURE_SHA2_128S,0.0872912360355258,0.6287931189872324,0.0006903740577399731,21.494283077772707,nan,2482141.0,7856.0,32.0,True
3,19,618710820395857236,SLH_DSA_PURE_SHA2_128S,0.08068557502701879,0.6142081650905311,0.0006573451682925224,21.70680912816897,nan,2482141.0,7856.0,32.0,True
3,19,399585845997084784,SLH_DSA_PURE_SHA2_128S,0.07750965422019362,0.5952286436222494,0.0006463658064603806,10.492518645245582,nan,2482141.0,7856.0,32.0,True
3,20,4690188012905047135,SLH_DSA_PURE_SHA2_128S,0.14944984670728445,0.6196865076199174,0.000674406997859478,21.295862906146795,nan,2482141.0,7856.0,32.0,True
3,20,5872895838470062379,SLH_DSA_PURE_SHA2_128S,0.14350319607183337,0.6146641070954502,0.0006944118067622185,21.44827228691429,nan,2482141.0,7856.0,32.0,True
3,20,618710820395857236,SLH_DSA_PURE_SHA2_128S,0.1663966621272266,0.623476549051702,0.0006387378089129925,21.481666616164148,nan,2482141.0,7856.0,32.0,True
3,20,6939407057438488342,SLH_DSA_PURE_SHA2_128S,0.11746157705783844,0.6344234989956021,0.0006206519901752472,21.588766823988408,nan,2482141.0,7856.0,32.0,True
3,20,399585845997084784,SLH_DSA_PURE_SHA2_128S,0.07691328274086118,0.5924034346826375,0.000644313171505928,10.403489597141743,nan,2482141.0,7856.0,32.0,True
3,21,6939407057438488342,SLH_DSA_PURE_SHA2_128S,0.10113464388996363,0.6287152613513172,0.0006907079368829727,21.46028788900003,nan,2482141.0,7856.0,32.0,True
3,21,618710820395857236,SLH_DSA_PURE_SHA2_128S,0.16058860393241048,0.7086907778866589,0.0006361603736877441,21.38952603377402,nan,2482141.0,7856.0,32.0,True
3,21,4690188012905047135,SLH_DSA_PURE_SHA2_128S,0.08624056121334434,0.6433281973004341,0.0006969491951167583,21.497429546434432,nan,2482141.0,7856.0,32.0,True
3,21,5872895838470062379,SLH_DSA_PURE_SHA2_128S,0.08289406727999449,0.6170792249031365,0.0006358460523188114,21.7952578230761,nan,2482141.0,7856.0,32.0,True
3,21,399585845997084784,SLH_DSA_PURE_SHA2_128S,0.0775571409612894,0.5923714283853769,0.0006331531330943108,10.369105024263263,nan,2482141.0,7856.0,32.0,True
3,22,6939407057438488342,SLH_DSA_PURE_SHA2_128S,0.1480147186666727,0.7094317236915231,0.0006657959893345833,21.047198387794197,nan,2482141.0,7856.0,32.0,True
3,22,618710820395857236,SLH_DSA_PURE_SHA2_128S,0.08462200127542019,0.6383107332512736,0.0006507020443677902,21.500311142299324,nan,2482141.0,7856.0,32.0,True
3,22,4690188012905047135,SLH_DSA_PURE_SHA2_128S,0.0874468837864697,0.6147510982118547,0.0006749308668076992,21.53700520284474,nan,2482141.0,7856.0,32.0,True
3,22,5872895838470062379,SLH_DSA_PURE_SHA2_128S,0.08019897574558854,0.7025857758708298,0.0006369561888277531,21.52666391292587,nan,2482141.0,7856.0,32.0,True
3,22,399585845997084784,SLH_DSA_PURE_SHA2_128S,0.07713261106982827,0.5931428642943501,0.0006343666464090347,10.372947312891483,nan,2482141.0,7856.0,32.0,True
3,23,618710820395857236,SLH_DSA_PURE_SHA2_128S,0.15299941878765821,0.6522651757113636,0.000716028269380331,21.189180484972894,nan,2482141.0,7856.0,32.0,True
3,23,4690188012905047135,SLH_DSA_PURE_SHA2_128S,0.16070627188310027,0.6838300591334701,0.0006098169833421707,21.30502145923674,nan,2482141.0,7856.0,32.0,True
3,23,5872895838470062379,SLH_DSA_PURE_SHA2_128S,0.09052005922421813,0.6143565448001027,0.0006734211929142475,21.622728208545595,nan,2482141.0,7856.0,32.0,True
3,23,6939407057438488342,SLH_DSA_PURE_SHA2_128S,0.10331911314278841,0.6511067468672991,0.0007105730473995209,21.601907562930137,nan,2482141.0,7856.0,32.0,True
3,23,399585845997084784,SLH_DSA_PURE_SHA2_128S,0.07890906604006886,0.5949780950322747,0.0006211530417203903,10.596744634211063,nan,2482141.0,7856.0,32.0,True
3,24,5872895838470062379,SLH_DSA_PURE_SHA2_128S,0.10343108605593443,0.6302132955752313,0.0006924420595169067,21.076588836032897,nan,2482141.0,7856.0,32.0,True
3,24,618710820395857236,SLH_DSA_PURE_SHA2_128S,0.1390080889686942,0.6595139349810779,0.0006223693490028381,21.08658556221053,nan,2482141.0,7856.0,32.0,True
3,24,4690188012905047135,SLH_DSA_PURE_SHA2_128S,0.08293553767725825,0.656163262668997,0.0006715711206197739,21.090230330824852,nan,2482141.0,7856.0,32.0,True
3,24,6939407057438488342,SLH_DSA_PURE_SHA2_128S,0.08020945312455297,0.6164665338583291,0.0007407111115753651,21.221121730282903,nan,2482141.0,7856.0,32.0,True
3,24,399585845997084784,SLH_DSA_PURE_SHA2_128S,0.07903799787163734,0.6313746590167284,0.000734283123165369,10.345860974863172,nan,2482141.0,7856.0,32.0,True
3,25,4690188012905047135,SLH_DSA_PURE_SHA2_128S,0.14317295886576176,0.6245411899872124,0.0006663789972662926,21.366555609274656,nan,2482141.0,7856.0,32.0,True
3,25,5872895838470062379,SLH_DSA_PURE_SHA2_128S,0.14152459427714348,0.6905214092694223,0.0006831320933997631,21.319069317076355,nan,2482141.0,7856.0,32.0,True
3,25,6939407057438488342,SLH_DSA_PURE_SHA2_128S,0.14558228384703398,1.115769891999662,0.0006393371149897575,21.12608638079837,nan,2482141.0,7856.0,32.0,True
3,25,618710820395857236,SLH_DSA_PURE_SHA2_128S,0.20859496295452118,0.958662720862776,0.0006941747851669788,21.448480040300637,nan,2482141.0,7856.0,32.0,True
3,25,399585845997084784,SLH_DSA_PURE_SHA2_128S,0.08316437108442187,0.598265269305557,0.0006288811564445496,10.425403431989253,nan,2482141.0,7856.0,32.0,True
3,26,618710820395857236,SLH_DSA_PURE_SHA2_128S,0.1298427083529532,0.7159051327034831,0.0006612539291381836,21.226343024056405,nan,2482141.0,7856.0,32.0,True
3,26,6939407057438488342,SLH_DSA_PURE_SHA2_128S,0.08753386605530977,0.618371473159641,0.0005923807621002197,21.59220601990819,nan,2482141.0,7856.0,32.0,True
3,26,4690188012905047135,SLH_DSA_PURE_SHA2_128S,0.08119521755725145,0.6191582540050149,0.0006557228043675423,21.589117635972798,nan,2482141.0,7856.0,32.0,True
3,26,5872895838470062379,SLH_DSA_PURE_SHA2_128S,0.08881223993375897,0.7972007701173425,0.0006159781478345394,21.627392136026174,nan,2482141.0,7856.0,32.0,True
3,26,399585845997084784,SLH_DSA_PURE_SHA2_128S,0.0773305231705308,0.5901890229433775,0.0005842302925884724,10.536440247204155,nan,2482141.0,7856.0,32.0,True
3,27,4690188012905047135,SLH_DSA_PURE_SHA2_128S,0.13093952694907784,0.6255650692619383,0.0006304597482085228,21.28145560575649,nan,2482141.0,7856.0,32.0,True
3,27,6939407057438488342,SLH_DSA_PURE_SHA2_128S,0.16119076870381832,0.7816117610782385,0.0006839260458946228,21.21619181195274,nan,2482141.0,7856.0,32.0,True
3,27,5872895838470062379,SLH_DSA_PURE_SHA2_128S,0.1860027126967907,0.6843498889356852,0.000631765928119421,21.355238484684378,nan,2482141.0,7856.0,32.0,True
3,27,618710820395857236,SLH_DSA_PURE_SHA2_128S,0.08064645901322365,0.6200856710784137,0.0006767674349248409,21.544376549776644,nan,2482141.0,7856.0,32.0,True
3,27,399585845997084784,SLH_DSA_PURE_SHA2_128S,0.07893907511606812,0.5973402881063521,0.0006057098507881165,10.380728770978749,nan,2482141.0,7856.0,32.0,True
3,28,6939407057438488342,SLH_DSA_PURE_SHA2_128S,0.16149201709777117,0.7148296097293496,0.0006275209598243237,21.42486074892804,nan,2482141.0,7856.0,32.0,True
3,28,4690188012905047135,SLH_DSA_PURE_SHA2_128S,0.10569952568039298,0.6244120597839355,0.0008658822625875473,21.600984774064273,nan,2482141.0,7856.0,32.0,True
3,28,618710820395857236,SLH_DSA_PURE_SHA2_128S,0.0798683250322938,0.6774175628088415,0.0006591370329260826,21.699465038254857,nan,2482141.0,7856.0,32.0,True
3,28,5872895838470062379,SLH_DSA_PURE_SHA2_128S,0.14051128923892975,0.6225302969105542,0.0006162761710584164,21.62790474621579,nan,2482141.0,7856.0,32.0,True
3,28,399585845997084784,SLH_DSA_PURE_SHA2_128S,0.07936513936147094,0.5912246550433338,0.0007709059864282608,10.405524689238518,nan,2482141.0,7856.0,32.0,True
3,29,618710820395857236,SLH_DSA_PURE_SHA2_128S,0.15549998078495264,0.6478175530210137,0.0006910949014127254,21.248855894897133,nan,2482141.0,7856.0,32.0,True
3,29,6939407057438488342,SLH_DSA_PURE_SHA2_128S,0.1552273710258305,0.6581283691339195,0.0005918471142649651,21.490321027114987,nan,2482141.0,7856.0,32.0,True
3,29,4690188012905047135,SLH_DSA_PURE_SHA2_128S,0.1335773542523384,0.6138649736531079,0.0006306730210781097,21.564272264018655,nan,2482141.0,7856.0,32.0,True
3,29,5872895838470062379,SLH_DSA_PURE_SHA2_128S,0.08007634012028575,0.6181397009640932,0.0006475509144365788,21.65872611431405,nan,2482141.0,7856.0,32.0,True
3,29,399585845997084784,SLH_DSA_PURE_SHA2_128S,0.0772664388641715,0.5916599202901125,0.000630705151706934,10.537842520978302,nan,2482141.0,7856.0,32.0,True
3,30,6939407057438488342,SLH_DSA_PURE_SHA2_128S,0.08833090122789145,0.6343858558684587,0.0006774826906621456,21.446814642753452,nan,2482141.0,7856.0,32.0,True
3,30,5872895838470062379,SLH_DSA_PURE_SHA2_128S,0.14792502392083406,0.6540301283821464,0.0006901738233864307,21.380536359734833,nan,2482141.0,7856.0,32.0,True
3,30,618710820395857236,SLH_DSA_PURE_SHA2_128S,0.08767331810668111,0.6428582821972668,0.0005981838330626488,21.48799635609612,nan,2482141.0,7856.0,32.0,True
3,30,4690188012905047135,SLH_DSA_PURE_SHA2_128S,0.08067531371489167,0.635793031193316,0.0006156847812235355,21.58315430302173,nan,2482141.0,7856.0,32.0,True
3,30,399585845997084784,SLH_DSA_PURE_SHA2_128S,0.07737598195672035,0.5916884639300406,0.0006395862437784672,10.483472218737006,nan,2482141.0,7856.0,32.0,True
3,31,6939407057438488342,SLH_DSA_PURE_SHA2_128S,0.12648571003228426,0.6338550955988467,0.0006732339970767498,22.65042430581525,nan,2482141.0,7856.0,32.0,True
3,31,618710820395857236,SLH_DSA_PURE_SHA2_128S,0.1336347139440477,0.6528165182098746,0.0006605247035622597,22.851430965121835,nan,2482141.0,7856.0,32.0,True
3,31,5872895838470062379,SLH_DSA_PURE_SHA2_128S,0.16803058795630932,0.6343957679346204,0.0006244289688766003,22.722614020574838,nan,2482141.0,7856.0,32.0,True
3,31,4690188012905047135,SLH_DSA_PURE_SHA2_128S,0.0805061710998416,0.6118758297525346,0.0006951331160962582,23.095131665002555,nan,2482141.0,7856.0,32.0,True
3,31,399585845997084784,SLH_DSA_PURE_SHA2_128S,0.07930252188816667,0.5918856952339411,0.0006402172148227692,10.555236859247088,nan,2482141.0,7856.0,32.0,True
3,32,6939407057438488342,SLH_DSA_PURE_SHA2_128S,0.08776524011045694,0.6344992476515472,0.0006728670559823513,21.260629654861987,nan,2482141.0,7856.0,32.0,True
3,32,618710820395857236,SLH_DSA_PURE_SHA2_128S,0.09298579720780253,0.6132362019270658,0.0006737499497830868,21.435998409986496,nan,2482141.0,7856.0,32.0,True
3,32,5872895838470062379,SLH_DSA_PURE_SHA2_128S,0.13649229984730482,0.6145092230290174,0.0006773341447114944,21.479085018858314,nan,2482141.0,7856.0,32.0,True
3,32,4690188012905047135,SLH_DSA_PURE_SHA2_128S,0.09610447101294994,0.6372252576984465,0.0006506890058517456,21.49369460111484,nan,2482141.0,7856.0,32.0,True
3,32,399585845997084784,SLH_DSA_PURE_SHA2_128S,0.07825634675100446,0.5923477918840945,0.000687899999320507,10.455401610117406,nan,2482141.0,7856.0,32.0,True
3,33,618710820395857236,SLH_DSA_PURE_SHA2_128S,0.0889484821818769,0.6215968653559685,0.0006608092226088047,21.416919995099306,nan,2482141.0,7856.0,32.0,True
3,33,6939407057438488342,SLH_DSA_PURE_SHA2_128S,0.08329294016584754,0.618731542956084,0.0006492948159575462,21.543663348071277,nan,2482141.0,7856.0,32.0,True
3,33,4690188012905047135,SLH_DSA_PURE_SHA2_128S,0.09621883882209659,0.6130077950656414,0.0006507858633995056,21.521141667384654,nan,2482141.0,7856.0,32.0,True
3,33,5872895838470062379,SLH_DSA_PURE_SHA2_128S,0.09820577409118414,0.6332725272513926,0.0006599319167435169,21.65206924173981,nan,2482141.0,7856.0,32.0,True
3,33,399585845997084784,SLH_DSA_PURE_SHA2_128S,0.07871988182887435,0.5929026962257922,0.0006464696489274502,10.473162028938532,nan,2482141.0,7856.0,32.0,True
3,34,4690188012905047135,SLH_DSA_PURE_SHA2_128S,0.12443784112110734,0.6217960258945823,0.000682382844388485,21.32390322489664,nan,2482141.0,7856.0,32.0,True
3,34,618710820395857236,SLH_DSA_PURE_SHA2_128S,0.16679618321359158,0.6138247158378363,0.0007180809043347836,21.33570362115279,nan,2482141.0,7856.0,32.0,True
3,34,5872895838470062379,SLH_DSA_PURE_SHA2_128S,0.08335536625236273,0.616498249117285,0.0006200950592756271,21.446478645317256,nan,2482141.0,7856.0,32.0,True
3,34,6939407057438488342,SLH_DSA_PURE_SHA2_128S,0.08063040720298886,0.6120830373838544,0.000615180004388094,21.498699550051242,nan,2482141.0,7856.0,32.0,True
3,34,399585845997084784,SLH_DSA_PURE_SHA2_128S,0.08116946695372462,0.5964102549478412,0.0006660912185907364,10.445143830031157,nan,2482141.0,7856.0,32.0,True
3,35,618710820395857236,SLH_DSA_PURE_SHA2_128S,0.08698382508009672,0.6317848572507501,0.000648649875074625,21.436276318971068,nan,2482141.0,7856.0,32.0,True
3,35,4690188012905047135,SLH_DSA_PURE_SHA2_128S,0.14815434906631708,0.7229496766813099,0.0007019848562777042,21.43228372000158,nan,2482141.0,7856.0,32.0,True
3,35,5872895838470062379,SLH_DSA_PURE_SHA2_128S,0.08781841117888689,0.6169923827983439,0.0006485381163656712,21.63349375175312,nan,2482141.0,7856.0,32.0,True
3,35,6939407057438488342,SLH_DSA_PURE_SHA2_128S,0.09266622876748443,0.6145452968776226,0.0006380891427397728,21.801544620189816,nan,2482141.0,7856.0,32.0,True
3,35,399585845997084784,SLH_DSA_PURE_SHA2_128S,0.07747321389615536,0.5910961548797786,0.000716217327862978,10.394322860985994,nan,2482141.0,7856.0,32.0,True
3,36,618710820395857236,SLH_DSA_PURE_SHA2_128S,0.086376978084445,0.6169515517540276,0.0006576101295650005,21.517103200778365,nan,2482141.0,7856.0,32.0,True
3,36,5872895838470062379,SLH_DSA_PURE_SHA2_128S,0.08154062507674098,0.6195648480206728,0.0006320630200207233,21.708843485917896,nan,2482141.0,7856.0,32.0,True
3,36,4690188012905047135,SLH_DSA_PURE_SHA2_128S,0.15193269308656454,0.646574096288532,0.0006641079671680927,21.541857415810227,nan,2482141.0,7856.0,32.0,True
3,36,6939407057438488342,SLH_DSA_PURE_SHA2_128S,0.09494448313489556,0.6308220839127898,0.000967059750109911,21.706100488081574,nan,2482141.0,7856.0,32.0,True
3,36,399585845997084784,SLH_DSA_PURE_SHA2_128S,0.07735272170975804,0.5908818948082626,0.0007275580428540707,10.327873297967017,nan,2482141.0,7856.0,32.0,True
3,37,618710820395857236,SLH_DSA_PURE_SHA2_128S,0.16295761708170176,0.697356719058007,0.00064493203535676,21.439507050905377,nan,2482141.0,7856.0,32.0,True
3,37,6939407057438488342,SLH_DSA_PURE_SHA2_128S,0.10151097504422069,0.6158693549223244,0.000626695342361927,21.7175923907198,nan,2482141.0,7856.0,32.0,True
3,37,5872895838470062379,SLH_DSA_PURE_SHA2_128S,0.12151271477341652,0.6303571132011712,0.0006605898961424828,21.594746692106128,nan,2482141.0,7856.0,32.0,True
3,37,4690188012905047135,SLH_DSA_PURE_SHA2_128S,0.1070384532213211,0.6440814500674605,0.0006344318389892578,21.619080858305097,nan,2482141.0,7856.0,32.0,True
3,37,399585845997084784,SLH_DSA_PURE_SHA2_128S,0.0788164441473782,0.5904597048647702,0.000708606094121933,10.40857696114108,nan,2482141.0,7856.0,32.0,True
3,38,618710820395857236,SLH_DSA_PURE_SHA2_128S,0.08989998558536172,0.6314953500404954,0.0006172102876007557,21.180261715780944,nan,2482141.0,7856.0,32.0,True
3,38,5872895838470062379,SLH_DSA_PURE_SHA2_128S,0.14366072416305542,0.6218469808809459,0.0006398698315024376,21.290334372781217,nan,2482141.0,7856.0,32.0,True
3,38,4690188012905047135,SLH_DSA_PURE_SHA2_128S,0.10293714702129364,0.6349589102901518,0.0006020842120051384,21.38199807330966,nan,2482141.0,7856.0,32.0,True
3,38,6939407057438488342,SLH_DSA_PURE_SHA2_128S,0.08234673039987683,0.6162284170277417,0.0006790612824261189,21.506595702376217,nan,2482141.0,7856.0,32.0,True
3,38,399585845997084784,SLH_DSA_PURE_SHA2_128S,0.07720278901979327,0.5934896529652178,0.0005944371223449707,10.473253190983087,nan,2482141.0,7856.0,32.0,True
3,39,5872895838470062379,SLH_DSA_PURE_SHA2_128S,0.1614947128109634,0.6604119073599577,0.0006164452061057091,21.51554531091824,nan,2482141.0,7856.0,32.0,True
3,39,4690188012905047135,SLH_DSA_PURE_SHA2_128S,0.12306890310719609,0.6199901038780808,0.0006435681134462357,21.689009140711278,nan,2482141.0,7856.0,32.0,True
3,39,618710820395857236,SLH_DSA_PURE_SHA2_128S,0.16237217700108886,0.6322657582350075,0.0006606052629649639,21.624974070116878,nan,2482141.0,7856.0,32.0,True
3,39,6939407057438488342,SLH_DSA_PURE_SHA2_128S,0.08621056564152241,0.629954001866281,0.0006253370083868504,21.839374583680183,nan,2482141.0,7856.0,32.0,True
3,39,399585845997084784,SLH_DSA_PURE_SHA2_128S,0.07707505812868476,0.5958544919267297,0.000613517127931118,10.351613122969866,nan,2482141.0,7856.0,32.0,True
3,40,6939407057438488342,SLH_DSA_PURE_SHA2_128S,0.08926210878416896,0.6343822297640145,0.0006887670606374741,21.456036952789873,nan,2482141.0,7856.0,32.0,True
3,40,4690188012905047135,SLH_DSA_PURE_SHA2_128S,0.08561914227902889,0.6176966750063002,0.0006266338750720024,21.51988640334457,nan,2482141.0,7856.0,32.0,True
3,40,618710820395857236,SLH_DSA_PURE_SHA2_128S,0.16534793796017766,0.656825833953917,0.0006170840933918953,21.474524912890047,nan,2482141.0,7856.0,32.0,True
3,40,5872895838470062379,SLH_DSA_PURE_SHA2_128S,0.08184974826872349,0.6309196916408837,0.0006404099985957146,21.70034881029278,nan,2482141.0,7856.0,32.0,True
3,40,399585845997084784,SLH_DSA_PURE_SHA2_128S,0.07768636522814631,0.5907609760761261,0.000711443368345499,10.352505107875913,nan,2482141.0,7856.0,32.0,True
3,41,6939407057438488342,SLH_DSA_PURE_SHA2_128S,0.08740697987377644,0.6165690892376006,0.0006469967775046825,21.192418919876218,nan,2482141.0,7856.0,32.0,True
3,41,5872895838470062379,SLH_DSA_PURE_SHA2_128S,0.1391724869608879,0.6137831010855734,0.000661325640976429,21.381513487081975,nan,2482141.0,7856.0,32.0,True
3,41,618710820395857236,SLH_DSA_PURE_SHA2_128S,0.07972362684085965,0.6399711281992495,0.0006239069625735283,21.419956126250327,nan,2482141.0,7856.0,32.0,True
3,41,4690188012905047135,SLH_DSA_PURE_SHA2_128S,0.17453672690317035,0.6254598055966198,0.0006495928391814232,21.278823328670114,nan,2482141.0,7856.0,32.0,True
3,41,399585845997084784,SLH_DSA_PURE_SHA2_128S,0.078648601192981,0.5902796220034361,0.0006232778541743755,10.35632958682254,nan,2482141.0,7856.0,32.0,True
3,42,5872895838470062379,SLH_DSA_PURE_SHA2_128S,0.15377681609243155,0.6570001519285142,0.0006651077419519424,21.25389273231849,nan,2482141.0,7856.0,32.0,True
3,42,4690188012905047135,SLH_DSA_PURE_SHA2_128S,0.08754460886120796,0.6239365171641111,0.0006590699777007103,21.495378573890775,nan,2482141.0,7856.0,32.0,True
3,42,618710820395857236,SLH_DSA_PURE_SHA2_128S,0.08488293830305338,0.636467379052192,0.0006299680098891258,21.548671810887754,nan,2482141.0,7856.0,32.0,True
3,42,6939407057438488342,SLH_DSA_PURE_SHA2_128S,0.08226069575175643,0.6127843870781362,0.000666394829750061,21.67241027392447,nan,2482141.0,7856.0,32.0,True
3,42,399585845997084784,SLH_DSA_PURE_SHA2_128S,0.07901572296395898,0.595347756985575,0.0007046782411634922,10.561475398018956,nan,2482141.0,7856.0,32.0,True
3,43,618710820395857236,SLH_DSA_PURE_SHA2_128S,0.12041309801861644,0.6358449449762702,0.0006847516633570194,21.456226272974163,nan,2482141.0,7856.0,32.0,True
3,43,4690188012905047135,SLH_DSA_PURE_SHA2_128S,0.08192468015477061,0.6142527088522911,0.0006795898079872131,21.539446662645787,nan,2482141.0,7856.0,32.0,True
3,43,5872895838470062379,SLH_DSA_PURE_SHA2_128S,0.12997250026091933,0.6481080809608102,0.0006639258936047554,21.474068668670952,nan,2482141.0,7856.0,32.0,True
3,43,6939407057438488342,SLH_DSA_PURE_SHA2_128S,0.12231137091293931,0.6346202013082802,0.0006647086702287197,21.50367588084191,nan,2482141.0,7856.0,32.0,True
3,43,399585845997084784,SLH_DSA_PURE_SHA2_128S,0.07788825314491987,0.6041716691106558,0.0006940090097486973,10.550741309765726,nan,2482141.0,7856.0,32.0,True
3,44,5872895838470062379,SLH_DSA_PURE_SHA2_128S,0.169409338850528,0.6956476969644427,0.000758378766477108,21.00311243487522,nan,2482141.0,7856.0,32.0,True
3,44,6939407057438488342,SLH_DSA_PURE_SHA2_128S,0.11752850282937288,0.7336702640168369,0.0006448519416153431,21.014629593119025,nan,2482141.0,7856.0,32.0,True
3,44,4690188012905047135,SLH_DSA_PURE_SHA2_128S,0.08011495787650347,0.6582914660684764,0.0006136451847851276,21.16807400388643,nan,2482141.0,7856.0,32.0,True
3,44,618710820395857236,SLH_DSA_PURE_SHA2_128S,0.14529870403930545,0.8116682004183531,0.0006167599931359291,21.046070400159806,nan,2482141.0,7856.0,32.0,True
3,44,399585845997084784,SLH_DSA_PURE_SHA2_128S,0.08167272014543414,0.6020881528966129,0.0006311857141554356,10.380210445262492,nan,2482141.0,7856.0,32.0,True
3,45,4690188012905047135,SLH_DSA_PURE_SHA2_128S,0.14653256023302674,0.9036759571172297,0.0006202748045325279,21.126268478110433,nan,2482141.0,7856.0,32.0,True
3,45,5872895838470062379,SLH_DSA_PURE_SHA2_128S,0.10479312669485807,0.6956310789100826,0.0007085539400577545,21.515680900774896,nan,2482141.0,7856.0,32.0,True
3,45,6939407057438488342,SLH_DSA_PURE_SHA2_128S,0.17607925878837705,0.6377200786955655,0.0006394521333277225,21.704545218963176,nan,2482141.0,7856.0,32.0,True
3,45,618710820395857236,SLH_DSA_PURE_SHA2_128S,0.09058143012225628,0.6619577156379819,0.0006779092364013195,21.613137853797525,nan,2482141.0,7856.0,32.0,True
3,45,399585845997084784,SLH_DSA_PURE_SHA2_128S,0.08293762896209955,0.5973483501002192,0.0005947262980043888,10.3368118731305,nan,2482141.0,7856.0,32.0,True
3,46,6939407057438488342,SLH_DSA_PURE_SHA2_128S,0.1588088469579816,0.7412730897776783,0.0006564408540725708,21.124534829054028,nan,2482141.0,7856.0,32.0,True
3,46,618710820395857236,SLH_DSA_PURE_SHA2_128S,0.08757079998031259,0.6302776117809117,0.0006806179881095886,21.43840884231031,nan,2482141.0,7856.0,32.0,True
3,46,5872895838470062379,SLH_DSA_PURE_SHA2_128S,0.08433219185099006,0.6235310067422688,0.0006251153536140919,21.50026600435376,nan,2482141.0,7856.0,32.0,True
3,46,4690188012905047135,SLH_DSA_PURE_SHA2_128S,0.09999024774879217,0.6299277539364994,0.0006383373402059078,21.56765903905034,nan,2482141.0,7856.0,32.0,True
3,46,399585845997084784,SLH_DSA_PURE_SHA2_128S,0.0789249618537724,0.5933403358794749,0.0006533456034958363,10.468769100029022,nan,2482141.0,7856.0,32.0,True
3,47,5872895838470062379,SLH_DSA_PURE_SHA2_128S,0.08828689903020859,0.6145574357360601,0.0006354446522891521,23.172802926041186,nan,2482141.0,7856.0,32.0,True
3,47,4690188012905047135,SLH_DSA_PURE_SHA2_128S,0.08693154295906425,0.6148097109980881,0.0006451252847909927,23.223719822708517,nan,2482141.0,7856.0,32.0,True
3,47,6939407057438488342,SLH_DSA_PURE_SHA2_128S,0.1671996209770441,0.6305146953091025,0.0006444910541176796,23.165113870054483,nan,2482141.0,7856.0,32.0,True
3,47,618710820395857236,SLH_DSA_PURE_SHA2_128S,0.1146895200945437,0.6153507772833109,0.0006397268734872341,23.24426380172372,nan,2482141.0,7856.0,32.0,True
3,47,399585845997084784,SLH_DSA_PURE_SHA2_128S,0.07703805668279529,0.5914336452260613,0.0006371759809553623,10.490703164134175,nan,2482141.0,7856.0,32.0,True
3,48,5872895838470062379,SLH_DSA_PURE_SHA2_128S,0.08525913627818227,0.6231368193402886,0.0006607519462704659,21.451238022651523,nan,2482141.0,7856.0,32.0,True
3,48,618710820395857236,SLH_DSA_PURE_SHA2_128S,0.1563230361789465,0.6891861576586962,0.0006556520238518715,21.340768315829337,nan,2482141.0,7856.0,32.0,True
3,48,6939407057438488342,SLH_DSA_PURE_SHA2_128S,0.08926174324005842,0.615418225992471,0.0006321398541331291,21.472061447799206,nan,2482141.0,7856.0,32.0,True
3,48,4690188012905047135,SLH_DSA_PURE_SHA2_128S,0.12792758783325553,0.6133567770011723,0.0006467606872320175,21.480129669886082,nan,2482141.0,7856.0,32.0,True
3,48,399585845997084784,SLH_DSA_PURE_SHA2_128S,0.07970786234363914,0.5915131983347237,0.0006551528349518776,10.633914834819734,nan,2482141.0,7856.0,32.0,True
3,49,6939407057438488342,SLH_DSA_PURE_SHA2_128S,0.15122903231531382,0.7382224081084132,0.0006805737502872944,21.21908643702045,nan,2482141.0,7856.0,32.0,True
3,49,618710820395857236,SLH_DSA_PURE_SHA2_128S,0.15284209419041872,0.6529388190247118,0.0006617531180381775,21.453744133003056,nan,2482141.0,7856.0,32.0,True
3,49,5872895838470062379,SLH_DSA_PURE_SHA2_128S,0.0935440519824624,0.6161775281652808,0.0006134030409157276,21.577017731964588,nan,2482141.0,7856.0,32.0,True
3,49,4690188012905047135,SLH_DSA_PURE_SHA2_128S,0.09451367193832994,0.629551705904305,0.0006500440649688244,21.626547154970467,nan,2482141.0,7856.0,32.0,True
3,49,399585845997084784,SLH_DSA_PURE_SHA2_128S,0.07914709392935038,0.5911956056952477,0.0006362129934132099,10.439429960679263,nan,2482141.0,7856.0,32.0,True
3,50,5872895838470062379,SLH_DSA_PURE_SHA2_128S,0.08745510783046484,0.6453117220662534,0.0006171870045363903,21.23926898604259,nan,2482141.0,7856.0,32.0,True
3,50,618710820395857236,SLH_DSA_PURE_SHA2_128S,0.1757835103198886,0.6495550516992807,0.0006432430818676949,21.48503495613113,nan,2482141.0,7856.0,32.0,True
3,50,4690188012905047135,SLH_DSA_PURE_SHA2_128S,0.17981226509436965,0.6533828028477728,0.0006735632196068764,21.514056441839784,nan,2482141.0,7856.0,32.0,True
3,50,6939407057438488342,SLH_DSA_PURE_SHA2_128S,0.08204594207927585,0.6188677018508315,0.000610854011029005,21.657413118053228,nan,2482141.0,7856.0,32.0,True
3,50,399585845997084784,SLH_DSA_PURE_SHA2_128S,0.07714900793507695,0.5924539910629392,0.000679386779665947,10.416454179678112,nan,2482141.0,7856.0,32.0,True
4,1,8664249125388516710,SLH_DSA_PURE_SHA2_128S,0.09096740279346704,0.6360809719190001,0.0006969361566007137,22.011658418923616,2.09216861374462,2482141.0,7856.0,32.0,True
4,1,12292783985340617093,SLH_DSA_PURE_SHA2_128S,0.14801442623138428,0.6174737857654691,0.0006445311009883881,22.061828925274312,2.2181419678770316,2482141.0,7856.0,32.0,True
4,1,536394549794297425,SLH_DSA_PURE_SHA2_128S,0.08106984896585345,0.6138156750239432,0.0006268150173127651,22.27873832779005,2.1212968609203546,2482141.0,7856.0,32.0,True
4,1,10484524052861375740,SLH_DSA_PURE_SHA2_128S,0.08219079487025738,0.6131638009101152,0.001259875949472189,22.107819829601794,2.2701283000147763,2482141.0,7856.0,32.0,True
4,1,15023516177763915766,SLH_DSA_PURE_SHA2_128S,0.07754351571202278,0.5910352058708668,0.000636903103441,10.730261496733874,2.126546430130736,2482141.0,7856.0,32.0,True
4,2,12292783985340617093,SLH_DSA_PURE_SHA2_128S,0.08784889383241534,0.6155611188150942,0.0006719287484884262,21.435265637934208,2.1024444472675508,2482141.0,7856.0,32.0,True
4,2,536394549794297425,SLH_DSA_PURE_SHA2_128S,0.0884736180305481,0.6208939729258418,0.0006721368990838528,21.361606739927083,2.073908815749537,2482141.0,7856.0,32.0,True
4,2,8664249125388516710,SLH_DSA_PURE_SHA2_128S,0.08557430980727077,0.6150794960558414,0.0006518797017633915,21.45691213803366,2.088691681718674,2482141.0,7856.0,32.0,True
4,2,10484524052861375740,SLH_DSA_PURE_SHA2_128S,0.08006762666627765,0.7584970039315522,0.0006814263761043549,21.419730940833688,2.0599022041113613,2482141.0,7856.0,32.0,True
4,2,15023516177763915766,SLH_DSA_PURE_SHA2_128S,0.07923871697857976,0.60329744592309,0.0006438121199607849,10.846392035018653,2.057466183988431,2482141.0,7856.0,32.0,True
4,3,8664249125388516710,SLH_DSA_PURE_SHA2_128S,0.15877103805541992,0.7235569357872009,0.0006770710460841656,21.72845287900418,1.9527499873798115,2482141.0,7856.0,32.0,True
4,3,536394549794297425,SLH_DSA_PURE_SHA2_128S,0.14935398381203413,0.6804756359197199,0.0006504310294985771,21.88486971706152,1.9442479503802217,2482141.0,7856.0,32.0,True
4,3,10484524052861375740,SLH_DSA_PURE_SHA2_128S,0.14277846878394485,0.6718948315829039,0.0006340444087982178,21.924418850336224,1.9093957080627784,2482141.0,7856.0,32.0,True
4,3,12292783985340617093,SLH_DSA_PURE_SHA2_128S,0.11923496285453439,0.7235740819014609,0.0006632283329963684,22.015892923809588,1.9819362780537468,2482141.0,7856.0,32.0,True
4,3,15023516177763915766,SLH_DSA_PURE_SHA2_128S,0.07699383981525898,0.5930604441091418,0.0007082740776240826,10.757773853838444,1.9245473927202317,2482141.0,7856.0,32.0,True
4,4,10484524052861375740,SLH_DSA_PURE_SHA2_128S,0.15964725380763412,0.7354615801014006,0.0006596925668418407,21.854711584746838,1.9391562946307392,2482141.0,7856.0,32.0,True
4,4,536394549794297425,SLH_DSA_PURE_SHA2_128S,0.10222242632880807,0.6248233360238373,0.0006753117777407169,22.018058286979795,1.9193634983068837,2482141.0,7856.0,32.0,True
4,4,12292783985340617093,SLH_DSA_PURE_SHA2_128S,0.09480377612635493,0.6137736733071506,0.0005953940562903881,22.214940612204373,1.9001512992115448,2482141.0,7856.0,32.0,True
4,4,8664249125388516710,SLH_DSA_PURE_SHA2_128S,0.1168096549808979,0.6141791609115899,0.0006246007978916168,22.173334307968616,1.9047014842779872,2482141.0,7856.0,32.0,True
4,4,15023516177763915766,SLH_DSA_PURE_SHA2_128S,0.07869904581457376,0.592317164875567,0.0006463681347668171,10.76489685010165,1.8738300309013636,2482141.0,7856.0,32.0,True
4,5,12292783985340617093,SLH_DSA_PURE_SHA2_128S,0.14458075305446982,0.6117100729607046,0.0006545749492943287,22.01018728967756,1.8483642792930237,2482141.0,7856.0,32.0,True
4,5,8664249125388516710,SLH_DSA_PURE_SHA2_128S,0.13385982904583216,0.6170369628816843,0.0007102922536432743,22.084231072105467,1.819105237817612,2482141.0,7856.0,32.0,True
4,5,536394549794297425,SLH_DSA_PURE_SHA2_128S,0.11856487207114697,0.6115667666308582,0.000657644122838974,22.171079378109425,1.8643792479182966,2482141.0,7856.0,32.0,True
4,5,10484524052861375740,SLH_DSA_PURE_SHA2_128S,0.11869627190753818,0.615023854188621,0.0006076968275010586,22.19867828208953,1.8344908152906279,2482141.0,7856.0,32.0,True
4,5,15023516177763915766,SLH_DSA_PURE_SHA2_128S,0.07764995517209172,0.591949047986418,0.0006759697571396828,10.789157882798463,1.8555743420085968,2482141.0,7856.0,32.0,True
4,6,8664249125388516710,SLH_DSA_PURE_SHA2_128S,0.0870543671771884,0.6271231998689473,0.0006989836692810059,22.012893297709525,1.830295044012344,2482141.0,7856.0,32.0,True
4,6,536394549794297425,SLH_DSA_PURE_SHA2_128S,0.16368877701461315,0.7778272479772568,0.000646837055683136,21.82112603681162,1.8327642534487545,2482141.0,7856.0,32.0,True
4,6,10484524052861375740,SLH_DSA_PURE_SHA2_128S,0.07930803392082453,0.6126573728397489,0.0006564096547663212,22.247863016091287,1.8179456726811565,2482141.0,7856.0,32.0,True
4,6,12292783985340617093,SLH_DSA_PURE_SHA2_128S,0.14040251076221466,0.6744086062535644,0.0006392481736838818,22.201946325134486,1.8154175692853836,2482141.0,7856.0,32.0,True
4,6,15023516177763915766,SLH_DSA_PURE_SHA2_128S,0.07711336482316256,0.5901599950157106,0.0008282619528472424,10.591784548945725,1.7904107071721136,2482141.0,7856.0,32.0,True
4,7,536394549794297425,SLH_DSA_PURE_SHA2_128S,0.08890361804515123,0.6502155568450689,0.0007182802073657513,21.870992629323155,1.806396587588155,2482141.0,7856.0,32.0,True
4,7,10484524052861375740,SLH_DSA_PURE_SHA2_128S,0.08729487983509898,0.6234423439018428,0.0006288918666541576,21.98526296298951,1.786925234733679,2482141.0,7856.0,32.0,True
4,7,8664249125388516710,SLH_DSA_PURE_SHA2_128S,0.08456648979336023,0.6177839310839772,0.0006161890923976898,22.0899237296544,1.7921918371614938,2482141.0,7856.0,32.0,True
4,7,12292783985340617093,SLH_DSA_PURE_SHA2_128S,0.08010368188843131,0.6533733871765435,0.0007002009078860283,22.215923327952623,1.7846426095444554,2482141.0,7856.0,32.0,True
4,7,15023516177763915766,SLH_DSA_PURE_SHA2_128S,0.07877819566056132,0.5949325221590698,0.0006388518959283829,10.63031753897667,1.7810072449449532,2482141.0,7856.0,32.0,True
4,8,8664249125388516710,SLH_DSA_PURE_SHA2_128S,0.08920800732448697,0.7115620980039239,0.0006640520878136158,22.00114954262972,1.768444688175433,2482141.0,7856.0,32.0,True
4,8,10484524052861375740,SLH_DSA_PURE_SHA2_128S,0.08284037606790662,0.6202590549364686,0.0014148680493235588,22.15139996772632,1.757341818687634,2482141.0,7856.0,32.0,True
4,8,12292783985340617093,SLH_DSA_PURE_SHA2_128S,0.07946318574249744,0.6139280186034739,0.000625906977802515,22.183185378089547,1.745723047195532,2482141.0,7856.0,32.0,True
4,8,536394549794297425,SLH_DSA_PURE_SHA2_128S,0.1307416269555688,0.6293506501242518,0.0006436812691390514,22.189952599816024,1.7609472907008454,2482141.0,7856.0,32.0,True
4,8,15023516177763915766,SLH_DSA_PURE_SHA2_128S,0.07819490320980549,0.5948112020269036,0.0006238766945898533,10.849739355035126,1.7852393937187072,2482141.0,7856.0,32.0,True
4,9,12292783985340617093,SLH_DSA_PURE_SHA2_128S,0.10838440107181668,0.6388854817487299,0.0006884140893816948,21.96468884171918,1.7936401957521042,2482141.0,7856.0,32.0,True
4,9,8664249125388516710,SLH_DSA_PURE_SHA2_128S,0.15587601205334067,0.8373217098414898,0.0006607351824641228,21.72088477620855,1.7657793825045942,2482141.0,7856.0,32.0,True
4,9,536394549794297425,SLH_DSA_PURE_SHA2_128S,0.08511803438887,0.6343833240680397,0.0007209167815744877,22.105728942900896,1.774199769138909,2482141.0,7856.0,32.0,True
4,9,10484524052861375740,SLH_DSA_PURE_SHA2_128S,0.08035431383177638,0.6102429749444127,0.0006821579299867153,22.368647419847548,1.7479882419299775,2482141.0,7856.0,32.0,True
4,9,15023516177763915766,SLH_DSA_PURE_SHA2_128S,0.07831769296899438,0.5914884717203677,0.0006522857584059238,10.711284417193383,1.7551253721736872,2482141.0,7856.0,32.0,True
4,10,536394549794297425,SLH_DSA_PURE_SHA2_128S,0.08663001982495189,0.6333212140016258,0.000649093184620142,21.55032361112535,1.7328638718151057,2482141.0,7856.0,32.0,True
4,10,10484524052861375740,SLH_DSA_PURE_SHA2_128S,0.16337339580059052,0.7755037918686867,0.0006577987223863602,21.428817559964955,1.7412421292009446,2482141.0,7856.0,32.0,True
4,10,8664249125388516710,SLH_DSA_PURE_SHA2_128S,0.18688040599226952,0.6379301222041249,0.000623858068138361,21.71199454087764,1.724372061296774,2482141.0,7856.0,32.0,True
4,10,12292783985340617093,SLH_DSA_PURE_SHA2_128S,0.08010986400768161,0.6182032381184399,0.0005807802081108093,21.87258464610204,1.7350128336836355,2482141.0,7856.0,32.0,True
4,10,15023516177763915766,SLH_DSA_PURE_SHA2_128S,0.07802954502403736,0.5928457537665963,0.0012547359801828861,10.813352715224028,1.7456842988443833,2482141.0,7856.0,32.0,True
4,11,12292783985340617093,SLH_DSA_PURE_SHA2_128S,0.09708119090646505,0.6299466830678284,0.0006486000493168831,21.878050854895264,1.7349859224721647,2482141.0,7856.0,32.0,True
4,11,8664249125388516710,SLH_DSA_PURE_SHA2_128S,0.16042721085250378,0.7614856231957674,0.0006560888141393661,21.52934390399605,1.7247780085371707,2482141.0,7856.0,32.0,True
4,11,536394549794297425,SLH_DSA_PURE_SHA2_128S,0.08772011799737811,0.6354040680453181,0.0006802049465477467,21.920099995099008,1.7218440618758766,2482141.0,7856.0,32.0,True
4,11,10484524052861375740,SLH_DSA_PURE_SHA2_128S,0.07999299000948668,0.6700305249541998,0.0006147450767457485,22.211254375055432,1.75718020021725,2482141.0,7856.0,32.0,True
4,11,15023516177763915766,SLH_DSA_PURE_SHA2_128S,0.07815925823524594,0.604892180301249,0.0006755469366908073,10.924734980799258,1.723078025796543,2482141.0,7856.0,32.0,True
4,12,12292783985340617093,SLH_DSA_PURE_SHA2_128S,0.14623613888397813,0.785054724663496,0.000800727866590023,21.261453655082732,1.6979894207689328,2482141.0,7856.0,32.0,True
4,12,536394549794297425,SLH_DSA_PURE_SHA2_128S,0.14700402924790978,0.6689770063385367,0.0006698071956634521,21.581089190207422,1.7317791148877373,2482141.0,7856.0,32.0,True
4,12,10484524052861375740,SLH_DSA_PURE_SHA2_128S,0.08095262991264462,0.620681919157505,0.0006457432173192501,21.85417705308646,1.7047584784297516,2482141.0,7856.0,32.0,True
4,12,8664249125388516710,SLH_DSA_PURE_SHA2_128S,0.13031153427436948,0.7089271931909025,0.0006917552091181278,21.757609717082232,1.6997218611903084,2482141.0,7856.0,32.0,True
4,12,15023516177763915766,SLH_DSA_PURE_SHA2_128S,0.07808921672403812,0.5920300278812647,0.0006520762108266354,10.550360165070742,1.6806693515076805,2482141.0,7856.0,32.0,True
4,13,536394549794297425,SLH_DSA_PURE_SHA2_128S,0.0902506890706718,0.6705680661834776,0.0007574236951768398,21.634871031157672,1.7130196528693737,2482141.0,7856.0,32.0,True
4,13,10484524052861375740,SLH_DSA_PURE_SHA2_128S,0.08540485007688403,0.6387703642249107,0.000603698194026947,21.716492385137826,1.6747326866125527,2482141.0,7856.0,32.0,True
4,13,8664249125388516710,SLH_DSA_PURE_SHA2_128S,0.1469172090291977,0.6499782060272992,0.0006925682537257671,21.60121262073517,1.6652595966387862,2482141.0,7856.0,32.0,True
4,13,12292783985340617093,SLH_DSA_PURE_SHA2_128S,0.07985741598531604,0.6134483143687248,0.0006188158877193928,21.879032495897263,1.687770034558476,2482141.0,7856.0,32.0,True
4,13,15023516177763915766,SLH_DSA_PURE_SHA2_128S,0.07851734710857272,0.5902822823263705,0.0006066188216209412,10.609412391204387,1.680623992944297,2482141.0,7856.0,32.0,True
4,14,8664249125388516710,SLH_DSA_PURE_SHA2_128S,0.15893704164773226,0.6402709130197763,0.0006506629288196564,21.834322244860232,1.6655428188677412,2482141.0,7856.0,32.0,True
4,14,12292783985340617093,SLH_DSA_PURE_SHA2_128S,0.13287421502172947,0.6746512963436544,0.000617458950728178,21.87597625190392,1.7051969621889889,2482141.0,7856.0,32.0,True
4,14,10484524052861375740,SLH_DSA_PURE_SHA2_128S,0.07981592789292336,0.62990184687078,0.000599915161728859,22.18758002994582,1.642565398932265,2482141.0,7856.0,32.0,True
4,14,536394549794297425,SLH_DSA_PURE_SHA2_128S,0.09211914194747806,0.6142036491073668,0.0006632781587541103,22.143390640150756,1.7032961380748322,2482141.0,7856.0,32.0,True
4,14,15023516177763915766,SLH_DSA_PURE_SHA2_128S,0.07780227297917008,0.5944828600622714,0.0006257598288357258,10.51234638504684,1.6418781375732665,2482141.0,7856.0,32.0,True
4,15,8664249125388516710,SLH_DSA_PURE_SHA2_128S,0.08931306283921003,0.6221148096956313,0.0006770389154553413,21.578564789146185,1.69709649177405,2482141.0,7856.0,32.0,True
4,15,536394549794297425,SLH_DSA_PURE_SHA2_128S,0.18585097324103117,0.6395953982137144,0.0006499062292277813,21.590446732006967,1.707489925451553,2482141.0,7856.0,32.0,True
4,15,12292783985340617093,SLH_DSA_PURE_SHA2_128S,0.14446883229538798,0.9263477260246873,0.000684455968439579,21.354505147319287,1.6678970896017056,2482141.0,7856.0,32.0,True
4,15,10484524052861375740,SLH_DSA_PURE_SHA2_128S,0.10361334681510925,0.6322696781717241,0.0006240811198949814,21.729240546934307,1.6899249447039522,2482141.0,7856.0,32.0,True
4,15,15023516177763915766,SLH_DSA_PURE_SHA2_128S,0.07800004165619612,0.5923549667932093,0.0006176522001624107,10.702834432944655,1.647721854261697,2482141.0,7856.0,32.0,True
4,16,12292783985340617093,SLH_DSA_PURE_SHA2_128S,0.14253730420023203,0.7484543924219906,0.000660827849060297,22.001757147256285,1.6476104449921143,2482141.0,7856.0,32.0,True
4,16,10484524052861375740,SLH_DSA_PURE_SHA2_128S,0.08771915687248111,0.6281163543462753,0.0006197490729391575,22.158319057896733,1.6431762916973223,2482141.0,7856.0,32.0,True
4,16,536394549794297425,SLH_DSA_PURE_SHA2_128S,0.13268842874094844,0.6207174281589687,0.0006899209693074226,22.290587302297354,1.6517776167049956,2482141.0,7856.0,32.0,True
4,16,8664249125388516710,SLH_DSA_PURE_SHA2_128S,0.08076742384582758,0.6158970040269196,0.0007114945910871029,22.458426309749484,1.6125283604993608,2482141.0,7856.0,32.0,True
4,16,15023516177763915766,SLH_DSA_PURE_SHA2_128S,0.07708502281457186,0.592396168038249,0.000650706235319376,10.665639983024448,1.627516126099486,2482141.0,7856.0,32.0,True
4,17,12292783985340617093,SLH_DSA_PURE_SHA2_128S,0.09244291018694639,0.6158173382282257,0.0006665815599262714,21.826629783026874,1.7092969486126885,2482141.0,7856.0,32.0,True
4,17,8664249125388516710,SLH_DSA_PURE_SHA2_128S,0.08034934522584081,0.6177244707942009,0.000634519848972559,21.953604341950268,1.6502092505415407,2482141.0,7856.0,32.0,True
4,17,10484524052861375740,SLH_DSA_PURE_SHA2_128S,0.0818076366558671,0.6143635432235897,0.000653143972158432,21.92921351082623,1.6431255477685898,2482141.0,7856.0,32.0,True
4,17,536394549794297425,SLH_DSA_PURE_SHA2_128S,0.08148571290075779,0.6290286402218044,0.0006358018144965172,21.935582065954804,1.6656046359302898,2482141.0,7856.0,32.0,True
4,17,15023516177763915766,SLH_DSA_PURE_SHA2_128S,0.07850984716787934,0.5911828400567174,0.0006383820436894894,10.514884871896356,1.6855549096299436,2482141.0,7856.0,32.0,True
4,18,8664249125388516710,SLH_DSA_PURE_SHA2_128S,0.16366102173924446,0.6546564381569624,0.000731905922293663,21.656869465950876,1.6511917891212926,2482141.0,7856.0,32.0,True
4,18,12292783985340617093,SLH_DSA_PURE_SHA2_128S,0.1368804699741304,0.6193193588405848,0.0007099499925971031,21.81465961970389,1.6458386335129174,2482141.0,7856.0,32.0,True
4,18,10484524052861375740,SLH_DSA_PURE_SHA2_128S,0.16384800290688872,0.6121213650330901,0.0007185139693319798,21.87390092900023,1.6399104328582081,2482141.0,7856.0,32.0,True
4,18,536394549794297425,SLH_DSA_PURE_SHA2_128S,0.0954279126599431,0.6162270409986377,0.0006779110990464687,22.033066471107304,1.6524417423211728,2482141.0,7856.0,32.0,True
4,18,15023516177763915766,SLH_DSA_PURE_SHA2_128S,0.07742842705920339,0.5954198157414794,0.0006386060267686844,10.886562052182853,1.588814432247759,2482141.0,7856.0,32.0,True
4,19,12292783985340617093,SLH_DSA_PURE_SHA2_128S,0.14511538995429873,0.6358281481079757,0.0006947857327759266,22.274027192033827,1.6310805943065558,2482141.0,7856.0,32.0,True
4,19,536394549794297425,SLH_DSA_PURE_SHA2_128S,0.1052640057168901,0.6410148185677826,0.0006590159609913826,22.419474341906607,1.6405403008476234,2482141.0,7856.0,32.0,True
4,19,8664249125388516710,SLH_DSA_PURE_SHA2_128S,0.1614330313168466,0.7766141155734658,0.0006206920370459557,22.4389515388757,1.6066204252334448,2482141.0,7856.0,32.0,True
4,19,10484524052861375740,SLH_DSA_PURE_SHA2_128S,0.17572227725759149,0.6773102763108909,0.0006173397414386272,22.63164233835414,1.5881838341490528,2482141.0,7856.0,32.0,True
4,19,15023516177763915766,SLH_DSA_PURE_SHA2_128S,0.077486468013376,0.5923225888982415,0.0006937123835086823,10.572541059926152,1.6139423374931652,2482141.0,7856.0,32.0,True
4,20,12292783985340617093,SLH_DSA_PURE_SHA2_128S,0.14324560621753335,0.7100614858791232,0.000705271027982235,21.700035084970295,1.6257443321398652,2482141.0,7856.0,32.0,True
4,20,10484524052861375740,SLH_DSA_PURE_SHA2_128S,0.08084631524980068,0.618515491951257,0.0012043840251863003,22.157461054157466,1.577550813603325,2482141.0,7856.0,32.0,True
4,20,536394549794297425,SLH_DSA_PURE_SHA2_128S,0.10627543274313211,0.6123145129531622,0.0006026481278240681,22.076559361070395,1.6472080538448053,2482141.0,7856.0,32.0,True
4,20,8664249125388516710,SLH_DSA_PURE_SHA2_128S,0.08143091993406415,0.6161787160672247,0.0007088580168783665,22.132614522706717,1.6277558266545256,2482141.0,7856.0,32.0,True
4,20,15023516177763915766,SLH_DSA_PURE_SHA2_128S,0.07798287412151694,0.5942319417372346,0.0006701233796775341,10.525411950889975,1.6107482180808679,2482141.0,7856.0,32.0,True
4,21,12292783985340617093,SLH_DSA_PURE_SHA2_128S,0.13764128321781754,0.9054570952430367,0.0006032418459653854,21.317930773831904,1.6362455894771857,2482141.0,7856.0,32.0,True
4,21,10484524052861375740,SLH_DSA_PURE_SHA2_128S,0.1511301132850349,0.6155771967023611,0.0012974860146641731,21.770153969991952,1.595860175431346,2482141.0,7856.0,32.0,True
4,21,536394549794297425,SLH_DSA_PURE_SHA2_128S,0.12207010993734002,0.6145194950513542,0.0007039150223135948,21.880421567242593,1.605873423262526,2482141.0,7856.0,32.0,True
4,21,8664249125388516710,SLH_DSA_PURE_SHA2_128S,0.1489093997515738,0.6168635590001941,0.0006639030762016773,21.825697034131736,1.5731227390301494,2482141.0,7856.0,32.0,True
4,21,15023516177763915766,SLH_DSA_PURE_SHA2_128S,0.07966324221342802,0.5917857121676207,0.0006388691253960133,10.736657437868416,1.595577614947249,2482141.0,7856.0,32.0,True
4,22,12292783985340617093,SLH_DSA_PURE_SHA2_128S,0.08737602783367038,0.6950977109372616,0.0006414828822016716,21.5861734431237,1.603553425580168,2482141.0,7856.0,32.0,True
4,22,536394549794297425,SLH_DSA_PURE_SHA2_128S,0.14702868601307273,0.7234214949421585,0.0006272499449551105,21.488596932031214,1.6204188269929003,2482141.0,7856.0,32.0,True
4,22,10484524052861375740,SLH_DSA_PURE_SHA2_128S,0.08064023312181234,0.696181739680469,0.0006310497410595417,21.69734794087708,1.5627720032256252,2482141.0,7856.0,32.0,True
4,22,8664249125388516710,SLH_DSA_PURE_SHA2_128S,0.08614263217896223,0.9270043889991939,0.0006869640201330185,21.687565797939897,1.5934010999271284,2482141.0,7856.0,32.0,True
4,22,15023516177763915766,SLH_DSA_PURE_SHA2_128S,0.07983571710065007,0.6094654137268662,0.0006104870699346066,10.565807543694973,1.5809561829216563,2482141.0,7856.0,32.0,True
4,23,8664249125388516710,SLH_DSA_PURE_SHA2_128S,0.09697399521246552,0.6584278480149806,0.0006936071440577507,21.60850004479289,1.6046658453469078,2482141.0,7856.0,32.0,True
4,23,536394549794297425,SLH_DSA_PURE_SHA2_128S,0.11150440108031034,0.6415136712603271,0.0006842641159892082,21.63728026021272,1.580726343793229,2482141.0,7856.0,32.0,True
4,23,12292783985340617093,SLH_DSA_PURE_SHA2_128S,0.08044681092724204,0.6267441650852561,0.0006068157963454723,21.822891696356237,1.6067505412208387,2482141.0,7856.0,32.0,True
4,23,10484524052861375740,SLH_DSA_PURE_SHA2_128S,0.13234173692762852,0.7150948401540518,0.0006134300492703915,21.694386293180287,1.5603196032511921,2482141.0,7856.0,32.0,True
4,23,15023516177763915766,SLH_DSA_PURE_SHA2_128S,0.07804453512653708,0.5923247360624373,0.0007834811694920063,10.654427606612444,1.5834949481220673,2482141.0,7856.0,32.0,True
4,24,536394549794297425,SLH_DSA_PURE_SHA2_128S,0.15884794108569622,0.7475830209441483,0.0006641712971031666,21.948220015037805,1.6195338524568577,2482141.0,7856.0,32.0,True
4,24,12292783985340617093,SLH_DSA_PURE_SHA2_128S,0.14859576895833015,0.666179699357599,0.0006511779502034187,22.012429490685463,1.5749691757150353,2482141.0,7856.0,32.0,True
4,24,10484524052861375740,SLH_DSA_PURE_SHA2_128S,0.09987134579569101,0.629415035713464,0.0005973959341645241,22.307832900900394,1.5672134993175348,2482141.0,7856.0,32.0,True
4,24,8664249125388516710,SLH_DSA_PURE_SHA2_128S,0.16327129630371928,0.6623274991288781,0.000622674822807312,22.259301305748522,1.5858447294646558,2482141.0,7856.0,32.0,True
4,24,15023516177763915766,SLH_DSA_PURE_SHA2_128S,0.07703189086169004,0.5938757006078959,0.00065633375197649,10.651041697710752,1.5658683498827413,2482141.0,7856.0,32.0,True
4,25,536394549794297425,SLH_DSA_PURE_SHA2_128S,0.09076190972700715,0.650209282990545,0.000660942867398262,21.904828459955752,1.6240348922558867,2482141.0,7856.0,32.0,True
4,25,10484524052861375740,SLH_DSA_PURE_SHA2_128S,0.08530221879482269,0.6162019101902843,0.0006668241694569588,22.079711640253663,1.6111465029823133,2482141.0,7856.0,32.0,True
4,25,8664249125388516710,SLH_DSA_PURE_SHA2_128S,0.08329351618885994,0.6172042689286172,0.0006342646665871143,22.109491465147585,1.5359254631752404,2482141.0,7856.0,32.0,True
4,25,12292783985340617093,SLH_DSA_PURE_SHA2_128S,0.08055939944460988,0.6645248830318451,0.0006044711917638779,22.16056545590982,1.6046434656118813,2482141.0,7856.0,32.0,True
4,25,15023516177763915766,SLH_DSA_PURE_SHA2_128S,0.07795066339895129,0.5935502192005515,0.0006053932011127472,10.76627775002271,1.5847713897784297,2482141.0,7856.0,32.0,True
4,26,536394549794297425,SLH_DSA_PURE_SHA2_128S,0.14712570188567042,0.6587171452119946,0.0006447499617934227,21.693158627022058,1.5655032382986416,2482141.0,7856.0,32.0,True
4,26,8664249125388516710,SLH_DSA_PURE_SHA2_128S,0.12874948838725686,0.6182870059274137,0.0006798761896789074,21.827979437075555,1.5614389977135217,2482141.0,7856.0,32.0,True
4,26,10484524052861375740,SLH_DSA_PURE_SHA2_128S,0.1228844691067934,0.6801589601673186,0.0006764652207493782,22.003234275151044,1.568044518891234,2482141.0,7856.0,32.0,True
4,26,12292783985340617093,SLH_DSA_PURE_SHA2_128S,0.08101296005770564,0.6147583639249206,0.0006423220038414001,22.01481309812516,1.5433897960681122,2482141.0,7856.0,32.0,True
4,26,15023516177763915766,SLH_DSA_PURE_SHA2_128S,0.07846765220165253,0.5917206653393805,0.0006149802356958389,10.77883671829477,1.5782580358532672,2482141.0,7856.0,32.0,True
4,27,536394549794297425,SLH_DSA_PURE_SHA2_128S,0.1877498128451407,0.6287920977920294,0.0006822394207119942,22.33527132216841,1.5950415500055868,2482141.0,7856.0,32.0,True
4,27,10484524052861375740,SLH_DSA_PURE_SHA2_128S,0.14626938616856933,0.7088560210540891,0.0006462479941546917,22.27636452112347,1.5343838636867535,2482141.0,7856.0,32.0,True
4,27,12292783985340617093,SLH_DSA_PURE_SHA2_128S,0.1689953631721437,1.123418727889657,0.0006960192695260048,22.085932784713805,1.5354223479858984,2482141.0,7856.0,32.0,True
4,27,8664249125388516710,SLH_DSA_PURE_SHA2_128S,0.1754097561351955,0.8502077171579003,0.0006125238724052906,22.58750326326117,1.5225921836904823,2482141.0,7856.0,32.0,True
4,27,15023516177763915766,SLH_DSA_PURE_SHA2_128S,0.07683219807222486,0.5991348433308303,0.0006659957580268383,10.890984657686204,1.61300575923615,2482141.0,7856.0,32.0,True
4,28,12292783985340617093,SLH_DSA_PURE_SHA2_128S,0.12251979392021894,0.7969712540507317,0.0006444230675697327,21.606071105226874,1.5539266807964434,2482141.0,7856.0,32.0,True
4,28,8664249125388516710,SLH_DSA_PURE_SHA2_128S,0.09136756369844079,0.6203554728999734,0.0007529342547059059,21.8780437419191,1.5156526413207618,2482141.0,7856.0,32.0,True
4,28,536394549794297425,SLH_DSA_PURE_SHA2_128S,0.08578795194625854,0.6240888177417219,0.0006194552406668663,21.972915376070887,1.5472171674140345,2482141.0,7856.0,32.0,True
4,28,10484524052861375740,SLH_DSA_PURE_SHA2_128S,0.08108528284355998,0.6297886199317873,0.000640415120869875,22.05663312319666,1.5294092745064927,2482141.0,7856.0,32.0,True
4,28,15023516177763915766,SLH_DSA_PURE_SHA2_128S,0.07741319481283426,0.591389240231365,0.0006538499146699905,10.45764535991475,1.5402757963433433,2482141.0,7856.0,32.0,True
4,29,10484524052861375740,SLH_DSA_PURE_SHA2_128S,0.0977906291373074,0.6199094289913774,0.0006260490044951439,21.87108006607741,1.4886638169852309,2482141.0,7856.0,32.0,True
4,29,8664249125388516710,SLH_DSA_PURE_SHA2_128S,0.1579027259722352,0.7587369149550796,0.000650536734610796,21.78660950716585,1.4922871463976728,2482141.0,7856.0,32.0,True
4,29,12292783985340617093,SLH_DSA_PURE_SHA2_128S,0.08005979470908642,0.6204031547531486,0.0006246301345527172,22.047152360901237,1.5643245764433766,2482141.0,7856.0,32.0,True
4,29,536394549794297425,SLH_DSA_PURE_SHA2_128S,0.1832888601347804,0.6438140710815787,0.0006419387646019459,21.985495084896684,1.5360024860872628,2482141.0,7856.0,32.0,True
4,29,15023516177763915766,SLH_DSA_PURE_SHA2_128S,0.07842833828181028,0.5925352377817035,0.0006213528104126453,10.589904241729528,1.556315998299815,2482141.0,7856.0,32.0,True
4,30,8664249125388516710,SLH_DSA_PURE_SHA2_128S,0.08065977180376649,0.6111127282492816,0.0006941431201994419,22.202533466741443,1.4873498005988879,2482141.0,7856.0,32.0,True
4,30,10484524052861375740,SLH_DSA_PURE_SHA2_128S,0.18695190409198403,0.6588855381123722,0.0006229081191122532,22.027332230005413,1.5010019085658626,2482141.0,7856.0,32.0,True
4,30,536394549794297425,SLH_DSA_PURE_SHA2_128S,0.18554556090384722,0.6527758562006056,0.0006809220649302006,22.078650367911905,1.528701687011475,2482141.0,7856.0,32.0,True
4,30,12292783985340617093,SLH_DSA_PURE_SHA2_128S,0.07994953915476799,0.6292976541444659,0.0006046253256499767,22.222851376980543,1.5410318664087654,2482141.0,7856.0,32.0,True
4,30,15023516177763915766,SLH_DSA_PURE_SHA2_128S,0.08770449506118894,0.5906280679628253,0.0006273128092288971,10.548630009870976,1.525314264213696,2482141.0,7856.0,32.0,True
4,31,8664249125388516710,SLH_DSA_PURE_SHA2_128S,0.08732771407812834,0.635059806983918,0.000732014887034893,21.75876754708588,1.5492613978279284,2482141.0,7856.0,32.0,True
4,31,536394549794297425,SLH_DSA_PURE_SHA2_128S,0.13457626337185502,0.6320774150080979,0.0006528692319989204,21.87531473999843,1.5650283263895077,2482141.0,7856.0,32.0,True
4,31,10484524052861375740,SLH_DSA_PURE_SHA2_128S,0.08016914315521717,0.6157993869856,0.0006603039801120758,22.04075712012127,1.5341435663235454,2482141.0,7856.0,32.0,True
4,31,12292783985340617093,SLH_DSA_PURE_SHA2_128S,0.09797918982803822,0.6224580137059093,0.0006542922928929329,21.86917249718681,1.5326658670132913,2482141.0,7856.0,32.0,True
4,31,15023516177763915766,SLH_DSA_PURE_SHA2_128S,0.07707765232771635,0.5919104446657002,0.0006384248845279217,10.505403438117355,1.4932414262820357,2482141.0,7856.0,32.0,True
4,32,536394549794297425,SLH_DSA_PURE_SHA2_128S,0.0934270080178976,0.6304710009135306,0.0006821467541158199,21.238105507101864,1.5037640249386381,2482141.0,7856.0,32.0,True
4,32,10484524052861375740,SLH_DSA_PURE_SHA2_128S,0.08620306104421616,0.6806424497626722,0.0006748558953404427,21.25788598600775,1.5695107360236562,2482141.0,7856.0,32.0,True
4,32,12292783985340617093,SLH_DSA_PURE_SHA2_128S,0.142084252089262,0.7499203700572252,0.0006238380447030067,21.091782390139997,1.5234575778150712,2482141.0,7856.0,32.0,True
4,32,8664249125388516710,SLH_DSA_PURE_SHA2_128S,0.081113550812006,0.7839807220734656,0.0006159739568829536,21.48456481192261,1.4795498499474204,2482141.0,7856.0,32.0,True
4,32,15023516177763915766,SLH_DSA_PURE_SHA2_128S,0.07842451566830277,0.640010551083833,0.0006153588183224201,10.528501776047051,1.5653101659049622,2482141.0,7856.0,32.0,True
4,33,536394549794297425,SLH_DSA_PURE_SHA2_128S,0.15885348338633776,0.8979396168142557,0.0006591547280550003,21.79863456590101,1.5440572212679318,2482141.0,7856.0,32.0,True
4,33,12292783985340617093,SLH_DSA_PURE_SHA2_128S,0.0858638477511704,0.6320523219183087,0.0006933282129466534,22.319913673214614,1.5125356392738538,2482141.0,7856.0,32.0,True
4,33,8664249125388516710,SLH_DSA_PURE_SHA2_128S,0.14892849186435342,0.6718563423492014,0.0006164358928799629,22.23886669613421,1.5092113221796175,2482141.0,7856.0,32.0,True
4,33,10484524052861375740,SLH_DSA_PURE_SHA2_128S,0.09618513518944383,0.6159654380753636,0.0006258729845285416,22.503341847099364,1.544909053145887,2482141.0,7856.0,32.0,True
4,33,15023516177763915766,SLH_DSA_PURE_SHA2_128S,0.07784317573532462,0.5931626679375768,0.0006297989748418331,10.555046623107046,1.5312667570936793,2482141.0,7856.0,32.0,True
4,34,10484524052861375740,SLH_DSA_PURE_SHA2_128S,0.08891482092440128,0.6674795686267316,0.0006596366874873638,21.710911822970957,1.4884612188933375,2482141.0,7856.0,32.0,True
4,34,8664249125388516710,SLH_DSA_PURE_SHA2_128S,0.14352484606206417,0.6873696758411825,0.00066403578966856,21.642989135812968,1.523439773164999,2482141.0,7856.0,32.0,True
4,34,12292783985340617093,SLH_DSA_PURE_SHA2_128S,0.09880388993769884,0.6226633978076279,0.0007115080952644348,21.94312238600105,1.5275346014065483,2482141.0,7856.0,32.0,True
4,34,536394549794297425,SLH_DSA_PURE_SHA2_128S,0.1617950489744544,0.8690754836425185,0.0006618378683924675,21.866757589858025,1.561874139994478,2482141.0,7856.0,32.0,True
4,34,15023516177763915766,SLH_DSA_PURE_SHA2_128S,0.07818409381434321,0.5930608529597521,0.0006363340653479099,10.70765174785629,1.5887883993002554,2482141.0,7856.0,32.0,True
4,35,12292783985340617093,SLH_DSA_PURE_SHA2_128S,0.16321492614224553,0.6831271233968437,0.0006384658627212048,21.788269316777587,1.541134054097124,2482141.0,7856.0,32.0,True
4,35,10484524052861375740,SLH_DSA_PURE_SHA2_128S,0.18368573673069477,0.6148249180987477,0.000620868057012558,21.901723126880825,1.5209754118904137,2482141.0,7856.0,32.0,True
4,35,536394549794297425,SLH_DSA_PURE_SHA2_128S,0.08082698425278068,0.6169402347877622,0.0006813490763306618,22.021378990728408,1.5347875931773323,2482141.0,7856.0,32.0,True
4,35,8664249125388516710,SLH_DSA_PURE_SHA2_128S,0.08519918099045753,0.6139473440125585,0.0006806650198996067,21.932517123874277,1.5127594743292934,2482141.0,7856.0,32.0,True
4,35,15023516177763915766,SLH_DSA_PURE_SHA2_128S,0.07723054802045226,0.5971870110370219,0.000714350026100874,10.7500065038912,1.5065024437995764,2482141.0,7856.0,32.0,True
4,36,10484524052861375740,SLH_DSA_PURE_SHA2_128S,0.08685414167121053,0.6347848912701011,0.0006730756722390652,21.584931564051658,1.5563162881345414,2482141.0,7856.0,32.0,True
4,36,12292783985340617093,SLH_DSA_PURE_SHA2_128S,0.1607578508555889,0.7256543370895088,0.0006142361089587212,21.599960730876774,1.517643059023653,2482141.0,7856.0,32.0,True
4,36,8664249125388516710,SLH_DSA_PURE_SHA2_128S,0.07997477892786264,0.6149952812120318,0.0006163562647998333,21.91244956618175,1.5671187296462135,2482141.0,7856.0,32.0,True
4,36,536394549794297425,SLH_DSA_PURE_SHA2_128S,0.10530029470100999,0.6313400128856301,0.0006079575978219509,21.930066731292754,1.488390103506204,2482141.0,7856.0,32.0,True
4,36,15023516177763915766,SLH_DSA_PURE_SHA2_128S,0.07676634332165122,0.5921811009757221,0.0007007238455116749,10.631823239848018,1.5242818887241352,2482141.0,7856.0,32.0,True
4,37,536394549794297425,SLH_DSA_PURE_SHA2_128S,0.1106169680133462,0.6167939403094351,0.0006755557842552662,22.241489714942873,1.5085633218097991,2482141.0,7856.0,32.0,True
4,37,8664249125388516710,SLH_DSA_PURE_SHA2_128S,0.08370422711595893,0.6301536378450692,0.0006870911456644535,22.33810454700142,1.5052714728699705,2482141.0,7856.0,32.0,True
4,37,12292783985340617093,SLH_DSA_PURE_SHA2_128S,0.11983195785433054,0.6681395811028779,0.0006849407218396664,22.272314362227917,1.5421947834971614,2482141.0,7856.0,32.0,True
4,37,10484524052861375740,SLH_DSA_PURE_SHA2_128S,0.09946820186451077,0.6185005586594343,0.000686280895024538,22.37488666502759,1.5522943657046309,2482141.0,7856.0,32.0,True
4,37,15023516177763915766,SLH_DSA_PURE_SHA2_128S,0.07774360617622733,0.6002985048107803,0.0006679133512079716,10.60649382090196,1.5005963985531474,2482141.0,7856.0,32.0,True
4,38,8664249125388516710,SLH_DSA_PURE_SHA2_128S,0.14860771130770445,0.6744814380072057,0.0007348996587097645,21.35213555721566,1.4633072900315063,2482141.0,7856.0,32.0,True
4,38,10484524052861375740,SLH_DSA_PURE_SHA2_128S,0.08751145005226135,0.6186898872256279,0.0011757961474359035,21.56979297567159,1.4847523476749944,2482141.0,7856.0,32.0,True
4,38,12292783985340617093,SLH_DSA_PURE_SHA2_128S,0.16089701699092984,0.668810314964503,0.000668646302074194,21.442733937874436,1.5280704623974932,2482141.0,7856.0,32.0,True
4,38,536394549794297425,SLH_DSA_PURE_SHA2_128S,0.08988590724766254,0.6323657790198922,0.0007423521019518375,21.685815011151135,1.4737487014490194,2482141.0,7856.0,32.0,True
4,38,15023516177763915766,SLH_DSA_PURE_SHA2_128S,0.07795495307072997,0.593815993051976,0.0006637321785092354,10.689695940818638,1.4796716207132552,2482141.0,7856.0,32.0,True
4,39,10484524052861375740,SLH_DSA_PURE_SHA2_128S,0.17473883368074894,0.6539671709761024,0.0006140302866697311,22.01331731490791,1.4804881316023513,2482141.0,7856.0,32.0,True
4,39,12292783985340617093,SLH_DSA_PURE_SHA2_128S,0.0865713250823319,0.6762436060234904,0.0006957482546567917,22.04982629325241,1.6234626444383933,2482141.0,7856.0,32.0,True
4,39,536394549794297425,SLH_DSA_PURE_SHA2_128S,0.10220444621518254,0.633294798899442,0.0007653678767383099,22.231318610254675,1.5225730940175894,2482141.0,7856.0,32.0,True
4,39,8664249125388516710,SLH_DSA_PURE_SHA2_128S,0.15394487092271447,0.7709635780192912,0.0006354879587888718,21.961589024867862,1.4878960168018889,2482141.0,7856.0,32.0,True
4,39,15023516177763915766,SLH_DSA_PURE_SHA2_128S,0.07905547972768545,0.5930427019484341,0.0006457739509642124,10.662137718871236,1.4908468079643127,2482141.0,7856.0,32.0,True
4,40,536394549794297425,SLH_DSA_PURE_SHA2_128S,0.16013394808396697,0.6258255611173809,0.000686889048665762,21.7972393007949,1.4986249475052562,2482141.0,7856.0,32.0,True
4,40,10484524052861375740,SLH_DSA_PURE_SHA2_128S,0.08632175205275416,0.6247776770032942,0.0006461972370743752,21.928811707068235,1.454990159779692,2482141.0,7856.0,32.0,True
4,40,8664249125388516710,SLH_DSA_PURE_SHA2_128S,0.14791086688637733,0.6655672821216285,0.000636260025203228,21.856347313150764,1.5195846087254656,2482141.0,7856.0,32.0,True
4,40,12292783985340617093,SLH_DSA_PURE_SHA2_128S,0.0798815619200468,0.6335403891280293,0.000714366789907217,22.032617264892906,1.5110908967618364,2482141.0,7856.0,32.0,True
4,40,15023516177763915766,SLH_DSA_PURE_SHA2_128S,0.07860944187268615,0.5930573353543878,0.0006530880928039551,10.531080172862858,1.4943695624415485,2482141.0,7856.0,32.0,True
4,41,8664249125388516710,SLH_DSA_PURE_SHA2_128S,0.08645554492250085,0.6226338683627546,0.0012280549854040146,22.101940596010536,1.5162902563905563,2482141.0,7856.0,32.0,True
4,41,10484524052861375740,SLH_DSA_PURE_SHA2_128S,0.17306213919073343,0.7018627133220434,0.0006953338161110878,22.015717723872513,1.5092545132667492,2482141.0,7856.0,32.0,True
4,41,536394549794297425,SLH_DSA_PURE_SHA2_128S,0.18592407880350947,0.6561448089778423,0.0006628739647567272,22.11034600296989,1.4388534881817265,2482141.0,7856.0,32.0,True
4,41,12292783985340617093,SLH_DSA_PURE_SHA2_128S,0.0798312141560018,0.6409254600293934,0.0006738202646374702,22.280475068837404,1.5365049665728316,2482141.0,7856.0,32.0,True
4,41,15023516177763915766,SLH_DSA_PURE_SHA2_128S,0.07740959571674466,0.5936425402760506,0.0006360630504786968,10.552288791164756,1.4792573253948467,2482141.0,7856.0,32.0,True
4,42,12292783985340617093,SLH_DSA_PURE_SHA2_128S,0.14889189088717103,0.7468511248007417,0.00066408421844244,21.325905110221356,1.5232486113572654,2482141.0,7856.0,32.0,True
4,42,8664249125388516710,SLH_DSA_PURE_SHA2_128S,0.1423079539090395,0.9590247389860451,0.000650573056191206,21.249989166855812,1.5491866237058427,2482141.0,7856.0,32.0,True
4,42,536394549794297425,SLH_DSA_PURE_SHA2_128S,0.08594124391674995,0.6899767150171101,0.0006768279708921909,21.495815474074334,1.5158672854542352,2482141.0,7856.0,32.0,True
4,42,10484524052861375740,SLH_DSA_PURE_SHA2_128S,0.22102957591414452,0.6604494559578598,0.0006850981153547764,21.583540800958872,1.4737065885775387,2482141.0,7856.0,32.0,True
4,42,15023516177763915766,SLH_DSA_PURE_SHA2_128S,0.07896660827100277,0.6047314940951765,0.0005925302393734455,10.57740250788629,1.4543768984441179,2482141.0,7856.0,32.0,True
4,43,536394549794297425,SLH_DSA_PURE_SHA2_128S,0.15653867833316326,0.7026062719523907,0.0006702789105474949,23.156379169784486,1.4896015970470806,2482141.0,7856.0,32.0,True
4,43,10484524052861375740,SLH_DSA_PURE_SHA2_128S,0.08737688278779387,0.6301425350829959,0.0006445227190852165,23.454985185991973,1.4602493361924023,2482141.0,7856.0,32.0,True
4,43,12292783985340617093,SLH_DSA_PURE_SHA2_128S,0.14151018485426903,0.6808755085803568,0.0006216051988303661,23.375597139354795,1.531537436448728,2482141.0,7856.0,32.0,True
4,43,8664249125388516710,SLH_DSA_PURE_SHA2_128S,0.07991962041705847,0.6358474399894476,0.0005879518575966358,23.57312126690522,1.5177999729165634,2482141.0,7856.0,32.0,True
4,43,15023516177763915766,SLH_DSA_PURE_SHA2_128S,0.07830508099868894,0.5921090077608824,0.0006667682901024818,10.50670530507341,1.5231295614577711,2482141.0,7856.0,32.0,True
4,44,10484524052861375740,SLH_DSA_PURE_SHA2_128S,0.14287075400352478,0.7362865852192044,0.0006786789745092392,21.79481940390542,1.451529016129125,2482141.0,7856.0,32.0,True
4,44,536394549794297425,SLH_DSA_PURE_SHA2_128S,0.09088384686037898,0.6180985160171986,0.0006823288276791573,22.126073940191418,1.492054338081957,2482141.0,7856.0,32.0,True
4,44,12292783985340617093,SLH_DSA_PURE_SHA2_128S,0.16159267304465175,0.6440432230010629,0.0006760098040103912,22.09351364802569,1.4460851609135588,2482141.0,7856.0,32.0,True
4,44,8664249125388516710,SLH_DSA_PURE_SHA2_128S,0.10335090477019548,0.6223804750479758,0.0006848089396953583,22.138304749969393,1.4838326641926751,2482141.0,7856.0,32.0,True
4,44,15023516177763915766,SLH_DSA_PURE_SHA2_128S,0.07917305827140808,0.592775306198746,0.0006297281943261623,10.559867764357477,1.4667207516801244,2482141.0,7856.0,32.0,True
4,45,12292783985340617093,SLH_DSA_PURE_SHA2_128S,0.1460857531055808,0.6397481826134026,0.0006552920676767826,21.488997776061296,1.5138492357616606,2482141.0,7856.0,32.0,True
4,45,536394549794297425,SLH_DSA_PURE_SHA2_128S,0.16293976223096251,0.6427230550907552,0.0006551621481776237,21.650330416858196,1.486961017782315,2482141.0,7856.0,32.0,True
4,45,10484524052861375740,SLH_DSA_PURE_SHA2_128S,0.09577480982989073,0.6190895936451852,0.0006452999077737331,21.87466435180977,1.5023733084194195,2482141.0,7856.0,32.0,True
4,45,8664249125388516710,SLH_DSA_PURE_SHA2_128S,0.08175736200064421,0.6319828471168876,0.0006694202311336994,21.83478828612715,1.4522923781468084,2482141.0,7856.0,32.0,True
4,45,15023516177763915766,SLH_DSA_PURE_SHA2_128S,0.07723066676408052,0.5945503362454474,0.0007134298793971539,10.621345200110227,1.4585413207261326,2482141.0,7856.0,32.0,True
4,46,536394549794297425,SLH_DSA_PURE_SHA2_128S,0.0931016393005848,0.6579814129509032,0.001367161050438881,22.168505971319973,1.5110426409937703,2482141.0,7856.0,32.0,True
4,46,8664249125388516710,SLH_DSA_PURE_SHA2_128S,0.09328873222693801,0.643627024255693,0.0008181394077837467,22.27540544886142,1.4552685702189851,2482141.0,7856.0,32.0,True
4,46,12292783985340617093,SLH_DSA_PURE_SHA2_128S,0.0847713709808886,0.6297588078305125,0.0006778850220143795,22.187602510675788,1.6199401923642753,2482141.0,7856.0,32.0,True
4,46,10484524052861375740,SLH_DSA_PURE_SHA2_128S,0.08017472876235843,0.609430889133364,0.00065222242847085,22.49390482902527,1.4513502987428977,2482141.0,7856.0,32.0,True
4,46,15023516177763915766,SLH_DSA_PURE_SHA2_128S,0.0769605478271842,0.5914373830892146,0.0006361524574458599,10.826059206854552,1.445371283700291,2482141.0,7856.0,32.0,True
4,47,10484524052861375740,SLH_DSA_PURE_SHA2_128S,0.08661444718018174,0.61851641908288,0.0006447238847613335,21.53869505180046,1.4810980381295322,2482141.0,7856.0,32.0,True
4,47,536394549794297425,SLH_DSA_PURE_SHA2_128S,0.1226124819368124,0.7121036830358207,0.0006321310065686703,21.4808131698519,1.4640866700833597,2482141.0,7856.0,32.0,True
4,47,8664249125388516710,SLH_DSA_PURE_SHA2_128S,0.18043320020660758,0.6201745122671127,0.0006315200589597225,21.56925285421312,1.5234189764760173,2482141.0,7856.0,32.0,True
4,47,12292783985340617093,SLH_DSA_PURE_SHA2_128S,0.07989972876384854,0.6168291149660945,0.0007011000998318195,21.66042507207021,1.4754697031106432,2482141.0,7856.0,32.0,True
4,47,15023516177763915766,SLH_DSA_PURE_SHA2_128S,0.07968225609511137,0.5996903870254755,0.0007133558392524719,10.527233886998147,1.459603841121966,2482141.0,7856.0,32.0,True
4,48,12292783985340617093,SLH_DSA_PURE_SHA2_128S,0.13942344672977924,0.6512655820697546,0.0007504560053348541,21.894786864053458,1.4723561695589424,2482141.0,7856.0,32.0,True
4,48,8664249125388516710,SLH_DSA_PURE_SHA2_128S,0.0872803907841444,0.6425449657253921,0.0006262096576392651,22.001755671110004,1.4418969217199868,2482141.0,7856.0,32.0,True
4,48,536394549794297425,SLH_DSA_PURE_SHA2_128S,0.08469246374443173,0.6198421600274742,0.0006484827026724815,22.17676657717675,1.4846051472444504,2482141.0,7856.0,32.0,True
4,48,10484524052861375740,SLH_DSA_PURE_SHA2_128S,0.07969013601541519,0.6471905987709761,0.000660180114209652,22.405862738844007,1.4597429355112508,2482141.0,7856.0,32.0,True
4,48,15023516177763915766,SLH_DSA_PURE_SHA2_128S,0.07845721673220396,0.5935602798126638,0.0006396272219717503,10.90872444305569,1.484124686009587,2482141.0,7856.0,32.0,True
4,49,12292783985340617093,SLH_DSA_PURE_SHA2_128S,0.14054877776652575,0.6452345638535917,0.0006541660986840725,21.64050750527531,1.4902466805979087,2482141.0,7856.0,32.0,True
4,49,8664249125388516710,SLH_DSA_PURE_SHA2_128S,0.17792851803824306,0.7044217260554433,0.0006650588475167751,21.572794374078512,1.4398559118612124,2482141.0,7856.0,32.0,True
4,49,10484524052861375740,SLH_DSA_PURE_SHA2_128S,0.11246423982083797,0.6237923949956894,0.0006198370829224586,21.779682707041502,1.4782495371069009,2482141.0,7856.0,32.0,True
4,49,536394549794297425,SLH_DSA_PURE_SHA2_128S,0.13287809630855918,0.8569214669987559,0.0006190910935401917,21.847298056818545,1.4848033652518884,2482141.0,7856.0,32.0,True
4,49,15023516177763915766,SLH_DSA_PURE_SHA2_128S,0.0771907763555646,0.5966164828278124,0.0006665028631687164,10.625900799874216,1.457182616852343,2482141.0,7856.0,32.0,True
4,50,12292783985340617093,SLH_DSA_PURE_SHA2_128S,0.14967480907216668,0.6284234719350934,0.0007626269944012165,22.017621871083975,1.4474806675133995,2482141.0,7856.0,32.0,True
4,50,10484524052861375740,SLH_DSA_PURE_SHA2_128S,0.18507755501195788,0.6237972788512707,0.0006307950243353844,22.225244123954326,1.5743303253246954,2482141.0,7856.0,32.0,True
4,50,536394549794297425,SLH_DSA_PURE_SHA2_128S,0.1721506961621344,0.6922536878846586,0.0006303237751126289,22.160352832172066,1.5257766201092413,2482141.0,7856.0,32.0,True
4,50,8664249125388516710,SLH_DSA_PURE_SHA2_128S,0.0798026816919446,0.6481416109018028,0.00061379699036479,22.392977182287723,1.424223300747978,2482141.0,7856.0,32.0,True
4,50,15023516177763915766,SLH_DSA_PURE_SHA2_128S,0.07772273430600762,0.5936596048995852,0.0006466172635555267,10.605198122095317,1.4031638053659432,2482141.0,7856.0,32.0,True
5,1,6426109614438630783,SLH_DSA_PURE_SHA2_128S,0.14987864810973406,0.6362069151364267,0.0006522070616483688,21.843463698402047,2.23065729643971,2482141.0,7856.0,32.0,True
5,1,13825348116508135046,SLH_DSA_PURE_SHA2_128S,0.17270019417628646,0.6360354009084404,0.0006091170944273472,21.915917626582086,2.171282688268838,2482141.0,7856.0,32.0,True
5,1,17415771129827632335,SLH_DSA_PURE_SHA2_128S,0.08059137128293514,0.6321926009841263,0.0006989380344748497,22.25417957920581,2.07377694399593,2482141.0,7856.0,32.0,True
5,1,3229516648706838311,SLH_DSA_PURE_SHA2_128S,0.13316626194864511,0.6159554356709123,0.0006024357862770557,22.034961082972586,2.1542723864412157,2482141.0,7856.0,32.0,True
5,1,16029604643695152955,SLH_DSA_PURE_SHA2_128S,0.07673868583515286,0.591982111800462,0.0008559073321521282,10.730952133890241,2.049349285162295,2482141.0,7856.0,32.0,True
5,2,17415771129827632335,SLH_DSA_PURE_SHA2_128S,0.09738734783604741,0.6263610608875751,0.0006819958798587322,21.826976217795163,2.039968948013866,2482141.0,7856.0,32.0,True
5,2,6426109614438630783,SLH_DSA_PURE_SHA2_128S,0.10209442395716906,0.6258576009422541,0.0006373249925673008,21.813661993015558,2.0186985434053804,2482141.0,7856.0,32.0,True
5,2,13825348116508135046,SLH_DSA_PURE_SHA2_128S,0.16488387202844024,0.6798365893773735,0.0006188401021063328,21.87788015138358,2.108310494560022,2482141.0,7856.0,32.0,True
5,2,3229516648706838311,SLH_DSA_PURE_SHA2_128S,0.09577737795189023,0.6144689340144396,0.0006548338569700718,21.95346672879532,2.068783387970239,2482141.0,7856.0,32.0,True
5,2,16029604643695152955,SLH_DSA_PURE_SHA2_128S,0.07769290916621685,0.6332697947509587,0.0007542232051491737,10.623868715018034,2.0280854233537617,2482141.0,7856.0,32.0,True
5,3,3229516648706838311,SLH_DSA_PURE_SHA2_128S,0.08511612983420491,0.6778380810283124,0.0007351404055953026,21.012132523581386,1.9549486534283185,2482141.0,7856.0,32.0,True
5,3,6426109614438630783,SLH_DSA_PURE_SHA2_128S,0.08022543881088495,0.6737815840169787,0.0006612283177673817,21.132649537641555,2.046325980664823,2482141.0,7856.0,32.0,True
5,3,17415771129827632335,SLH_DSA_PURE_SHA2_128S,0.1124624852091074,0.7441296773031354,0.0006312178447842598,21.174743880983442,1.938731728270412,2482141.0,7856.0,32.0,True
5,3,13825348116508135046,SLH_DSA_PURE_SHA2_128S,0.09818411013111472,0.9872335670515895,0.0006447318010032177,21.154786369297653,1.9502952536835838,2482141.0,7856.0,32.0,True
5,3,16029604643695152955,SLH_DSA_PURE_SHA2_128S,0.0784888518974185,0.6197528848424554,0.0006650742143392563,10.773150586988777,1.9717749635251567,2482141.0,7856.0,32.0,True
5,4,13825348116508135046,SLH_DSA_PURE_SHA2_128S,0.138999633025378,0.6454016091302037,0.0006761541590094566,22.138352235779166,1.9015256345462495,2482141.0,7856.0,32.0,True
5,4,17415771129827632335,SLH_DSA_PURE_SHA2_128S,0.14550754567608237,0.6892643766477704,0.0007030130364000797,22.31259444821626,1.9468664532652298,2482141.0,7856.0,32.0,True
5,4,3229516648706838311,SLH_DSA_PURE_SHA2_128S,0.09495171625167131,0.6270389626733959,0.000690012238919735,22.426093647722155,1.9812734747847047,2482141.0,7856.0,32.0,True
5,4,6426109614438630783,SLH_DSA_PURE_SHA2_128S,0.08077467419207096,0.755421762354672,0.0006226617842912674,22.639687803573906,1.957051273352041,2482141.0,7856.0,32.0,True
5,4,16029604643695152955,SLH_DSA_PURE_SHA2_128S,0.07738551311194897,0.5935928206890821,0.0006198626942932606,10.594458548817784,1.9107307039510708,2482141.0,7856.0,32.0,True
5,5,6426109614438630783,SLH_DSA_PURE_SHA2_128S,0.16905075125396252,0.6460143821313977,0.0007294663228094578,21.302541708108038,1.9168902883133567,2482141.0,7856.0,32.0,True
5,5,13825348116508135046,SLH_DSA_PURE_SHA2_128S,0.15307218581438065,0.6233562589623034,0.0006558680906891823,21.31707061920315,1.9222485596379533,2482141.0,7856.0,32.0,True
5,5,17415771129827632335,SLH_DSA_PURE_SHA2_128S,0.08025742182508111,0.6201851312071085,0.0006585679948329926,21.495466048829257,1.919400171730846,2482141.0,7856.0,32.0,True
5,5,3229516648706838311,SLH_DSA_PURE_SHA2_128S,0.12195770023390651,0.6287394519895315,0.0006033256649971008,21.427896378096193,1.956873048227816,2482141.0,7856.0,32.0,True
5,5,16029604643695152955,SLH_DSA_PURE_SHA2_128S,0.07838318170979619,0.5974764660932124,0.0006646192632615566,10.678465456701815,1.923318351419589,2482141.0,7856.0,32.0,True
5,6,6426109614438630783,SLH_DSA_PURE_SHA2_128S,0.08850372117012739,0.7330185249447823,0.0006524650380015373,21.824926626868546,1.890526723557006,2482141.0,7856.0,32.0,True
5,6,17415771129827632335,SLH_DSA_PURE_SHA2_128S,0.0862505896948278,0.6155835129320621,0.0006161611527204514,22.16661135200411,1.898525604424766,2482141.0,7856.0,32.0,True
5,6,13825348116508135046,SLH_DSA_PURE_SHA2_128S,0.097665392793715,0.6140894531272352,0.0006690272130072117,22.26099722739309,1.8872598040218171,2482141.0,7856.0,32.0,True
5,6,3229516648706838311,SLH_DSA_PURE_SHA2_128S,0.14008724596351385,0.6327244620770216,0.0006371508352458477,22.18018937529996,1.922022146157944,2482141.0,7856.0,32.0,True
5,6,16029604643695152955,SLH_DSA_PURE_SHA2_128S,0.07759654801338911,0.5922740017995238,0.0008107861503958702,10.573931090999395,1.9040740534139518,2482141.0,7856.0,32.0,True
5,7,6426109614438630783,SLH_DSA_PURE_SHA2_128S,0.14867054717615247,0.7452374827116728,0.0006350590847432613,21.247370112221688,1.862632436112474,2482141.0,7856.0,32.0,True
5,7,3229516648706838311,SLH_DSA_PURE_SHA2_128S,0.10581512283533812,0.6302469889633358,0.0006340690888464451,21.512808639090508,1.8831206091676658,2482141.0,7856.0,32.0,True
5,7,17415771129827632335,SLH_DSA_PURE_SHA2_128S,0.16212075110524893,0.683735123835504,0.000695487018674612,21.623221070040017,1.9168791789978077,2482141.0,7856.0,32.0,True
5,7,13825348116508135046,SLH_DSA_PURE_SHA2_128S,0.10019186791032553,0.6181882312521338,0.0006293440237641335,21.842306481674314,1.8713850697008565,2482141.0,7856.0,32.0,True
5,7,16029604643695152955,SLH_DSA_PURE_SHA2_128S,0.07770782290026546,0.5915297879837453,0.0006071128882467747,10.485852553043514,1.8976111233043975,2482141.0,7856.0,32.0,True
5,8,13825348116508135046,SLH_DSA_PURE_SHA2_128S,0.1647259988822043,0.6984370932914317,0.0006843088194727898,22.828921905718744,1.8705686555502894,2482141.0,7856.0,32.0,True
5,8,3229516648706838311,SLH_DSA_PURE_SHA2_128S,0.09868235234171152,0.6187139363028109,0.0007494543679058552,23.252375663723797,1.8970335885739555,2482141.0,7856.0,32.0,True
5,8,6426109614438630783,SLH_DSA_PURE_SHA2_128S,0.1591539727523923,0.6516363578848541,0.000662629958242178,23.133642347995192,1.8796127025311746,2482141.0,7856.0,32.0,True
5,8,17415771129827632335,SLH_DSA_PURE_SHA2_128S,0.1546214479021728,0.9150535631924868,0.0006506522186100483,22.979690151754767,1.8970088615965919,2482141.0,7856.0,32.0,True
5,8,16029604643695152955,SLH_DSA_PURE_SHA2_128S,0.07735851034522057,0.5940526928752661,0.0006622490473091602,10.785768672823906,1.8723363701147013,2482141.0,7856.0,32.0,True
5,9,17415771129827632335,SLH_DSA_PURE_SHA2_128S,0.1510928077623248,0.663638511672616,0.0006284769624471664,22.0819199597463,1.8775826753518832,2482141.0,7856.0,32.0,True
5,9,13825348116508135046,SLH_DSA_PURE_SHA2_128S,0.08771288767457008,0.6392832593992352,0.0006393478251993656,22.159823140129447,1.8668418315271982,2482141.0,7856.0,32.0,True
5,9,6426109614438630783,SLH_DSA_PURE_SHA2_128S,0.08571961801499128,0.6187467239797115,0.0006460458971560001,22.178928466979414,1.869050641410267,2482141.0,7856.0,32.0,True
5,9,3229516648706838311,SLH_DSA_PURE_SHA2_128S,0.08055844809859991,0.6408399101346731,0.0006157350726425648,22.36129523208365,1.8900037615443952,2482141.0,7856.0,32.0,True
5,9,16029604643695152955,SLH_DSA_PURE_SHA2_128S,0.07788477092981339,0.5916673173196614,0.0006505181081593037,10.82305581541732,1.87035507135117,2482141.0,7856.0,32.0,True
5,10,17415771129827632335,SLH_DSA_PURE_SHA2_128S,0.08897293685004115,0.7747795409522951,0.0006560869514942169,21.42622809810564,1.9148780633085452,2482141.0,7856.0,32.0,True
5,10,13825348116508135046,SLH_DSA_PURE_SHA2_128S,0.082639723084867,0.6197668761014938,0.0006255269981920719,21.89487721445039,1.8671762512895627,2482141.0,7856.0,32.0,True
5,10,3229516648706838311,SLH_DSA_PURE_SHA2_128S,0.0801158519461751,0.6331585422158241,0.0006271740421652794,21.91375739686191,1.8924790064747723,2482141.0,7856.0,32.0,True
5,10,6426109614438630783,SLH_DSA_PURE_SHA2_128S,0.08049497986212373,0.6159592191688716,0.0006462279707193375,21.91828405112028,1.8423303430453657,2482141.0,7856.0,32.0,True
5,10,16029604643695152955,SLH_DSA_PURE_SHA2_128S,0.07834218582138419,0.5945648830384016,0.0007170080207288265,10.55937639111653,1.8388480214646068,2482141.0,7856.0,32.0,True
5,11,13825348116508135046,SLH_DSA_PURE_SHA2_128S,0.0881060310639441,0.646443473175168,0.0007096929475665092,21.98017255589366,1.8039090233488966,2482141.0,7856.0,32.0,True
5,11,3229516648706838311,SLH_DSA_PURE_SHA2_128S,0.13564392318949103,0.6162290521897376,0.0006470889784395695,22.105774347670376,1.9216083105379782,2482141.0,7856.0,32.0,True
5,11,6426109614438630783,SLH_DSA_PURE_SHA2_128S,0.11516707809641957,0.6141303787007928,0.0006212336011230946,22.224966088775545,1.8481387276999868,2482141.0,7856.0,32.0,True
5,11,17415771129827632335,SLH_DSA_PURE_SHA2_128S,0.08086493099108338,0.6184571678750217,0.0006449311040341854,22.291009043809026,1.8602641870419439,2482141.0,7856.0,32.0,True
5,11,16029604643695152955,SLH_DSA_PURE_SHA2_128S,0.07870756508782506,0.5910154152661562,0.0006005442701280117,10.602298273239285,1.8402934146765322,2482141.0,7856.0,32.0,True
5,12,6426109614438630783,SLH_DSA_PURE_SHA2_128S,0.15390539495274425,0.6276692412793636,0.0007140031084418297,21.54392878804356,1.8437946078876337,2482141.0,7856.0,32.0,True
5,12,13825348116508135046,SLH_DSA_PURE_SHA2_128S,0.08076477190479636,0.6155399847775698,0.0006606299430131912,21.71148319123313,1.8122639678918515,2482141.0,7856.0,32.0,True
5,12,3229516648706838311,SLH_DSA_PURE_SHA2_128S,0.10131270019337535,0.6155742648988962,0.0006293891929090023,21.50852385116741,1.9181066283021873,2482141.0,7856.0,32.0,True
5,12,17415771129827632335,SLH_DSA_PURE_SHA2_128S,0.11222176300361753,0.6344976271502674,0.0006713541224598885,21.486095449887216,1.8448963397608016,2482141.0,7856.0,32.0,True
5,12,16029604643695152955,SLH_DSA_PURE_SHA2_128S,0.07841430278494954,0.6420105532743037,0.000680611003190279,10.683891995809972,1.8292658827937067,2482141.0,7856.0,32.0,True
5,13,17415771129827632335,SLH_DSA_PURE_SHA2_128S,0.12804950401186943,0.6378768892027438,0.0006613577716052532,21.274606029037386,1.873048859663284,2482141.0,7856.0,32.0,True
5,13,13825348116508135046,SLH_DSA_PURE_SHA2_128S,0.14612966170534492,0.6250479249283671,0.0006292471662163734,21.367302258964628,1.797751602654259,2482141.0,7856.0,32.0,True
5,13,3229516648706838311,SLH_DSA_PURE_SHA2_128S,0.1308558122254908,0.9272909881547093,0.0008090408518910408,21.214662755839527,1.830397189996494,2482141.0,7856.0,32.0,True
5,13,6426109614438630783,SLH_DSA_PURE_SHA2_128S,0.1760201551951468,0.7268665032461286,0.0006365980952978134,21.5046001188457,1.8215095570293098,2482141.0,7856.0,32.0,True
5,13,16029604643695152955,SLH_DSA_PURE_SHA2_128S,0.07713968912139535,0.5932403667829931,0.0006257640197873116,10.681200813967735,1.812388814676303,2482141.0,7856.0,32.0,True
5,14,3229516648706838311,SLH_DSA_PURE_SHA2_128S,0.10362689569592476,0.62809391412884,0.0006669978611171246,21.635478381998837,1.8009303210261531,2482141.0,7856.0,32.0,True
5,14,17415771129827632335,SLH_DSA_PURE_SHA2_128S,0.11040270095691085,0.6388233038596809,0.0007234909571707249,21.69361617928371,1.828427812161918,2482141.0,7856.0,32.0,True
5,14,13825348116508135046,SLH_DSA_PURE_SHA2_128S,0.16505552688613534,0.7586343251168728,0.0006427392363548279,21.559598613064736,1.801502555323104,2482141.0,7856.0,32.0,True
5,14,6426109614438630783,SLH_DSA_PURE_SHA2_128S,0.08198412274941802,0.6563703631982207,0.0006351680494844913,22.01957002095878,1.800705856408555,2482141.0,7856.0,32.0,True
5,14,16029604643695152955,SLH_DSA_PURE_SHA2_128S,0.07736123539507389,0.5945236613042653,0.0006911931559443474,10.895603720098734,1.840455834857953,2482141.0,7856.0,32.0,True
5,15,3229516648706838311,SLH_DSA_PURE_SHA2_128S,0.08809498511254787,0.6195654510520399,0.0006434489041566849,22.10736862802878,1.8066207650370492,2482141.0,7856.0,32.0,True
5,15,17415771129827632335,SLH_DSA_PURE_SHA2_128S,0.16104658879339695,0.6789019219577312,0.0006379042752087116,21.93791809724644,1.8357921564540924,2482141.0,7856.0,32.0,True
5,15,13825348116508135046,SLH_DSA_PURE_SHA2_128S,0.07992460997775197,0.6154447100125253,0.0006926301866769791,22.204764510970563,1.801443908542109,2482141.0,7856.0,32.0,True
5,15,6426109614438630783,SLH_DSA_PURE_SHA2_128S,0.12482067383825779,0.6352823320776224,0.0006210147403180599,22.16713615320623,1.7957867989524865,2482141.0,7856.0,32.0,True
5,15,16029604643695152955,SLH_DSA_PURE_SHA2_128S,0.07748869806528091,0.5978209339082241,0.000650517176836729,10.666709212120622,1.801169624724708,2482141.0,7856.0,32.0,True
5,16,17415771129827632335,SLH_DSA_PURE_SHA2_128S,0.08573810802772641,0.6172275939024985,0.0006284969858825207,21.966834194026887,1.825232885896969,2482141.0,7856.0,32.0,True
5,16,6426109614438630783,SLH_DSA_PURE_SHA2_128S,0.15890919091179967,0.7573323929682374,0.0006796726956963539,21.82054159604013,1.8446320474338227,2482141.0,7856.0,32.0,True
5,16,3229516648706838311,SLH_DSA_PURE_SHA2_128S,0.18531650118529797,0.6726368819363415,0.0006650672294199467,21.946196096017957,1.8185384505853865,2482141.0,7856.0,32.0,True
5,16,13825348116508135046,SLH_DSA_PURE_SHA2_128S,0.07958069024607539,0.6238974207080901,0.0006245458498597145,22.140627750195563,1.7936402277443737,2482141.0,7856.0,32.0,True
5,16,16029604643695152955,SLH_DSA_PURE_SHA2_128S,0.0777404815889895,0.5911002052016556,0.0005936152301728725,10.603264769073576,1.7933642993719814,2482141.0,7856.0,32.0,True
5,17,6426109614438630783,SLH_DSA_PURE_SHA2_128S,0.16744689596816897,0.6585870492272079,0.0006836759857833385,21.89828276121989,1.7777747330955043,2482141.0,7856.0,32.0,True
5,17,13825348116508135046,SLH_DSA_PURE_SHA2_128S,0.16419636365026236,0.6109322491101921,0.0006469585932791233,22.03863587975502,1.8093581557654725,2482141.0,7856.0,32.0,True
5,17,3229516648706838311,SLH_DSA_PURE_SHA2_128S,0.08060235669836402,0.6284415489062667,0.0006644981913268566,22.17940272577107,1.8043247849796527,2482141.0,7856.0,32.0,True
5,17,17415771129827632335,SLH_DSA_PURE_SHA2_128S,0.0826300117187202,0.6145954900421202,0.0006367387250065804,22.106012497097254,1.8166765583970677,2482141.0,7856.0,32.0,True
5,17,16029604643695152955,SLH_DSA_PURE_SHA2_128S,0.07784617086872458,0.5952122379094362,0.000710515771061182,10.639753258787096,1.7918688077896168,2482141.0,7856.0,32.0,True
5,18,3229516648706838311,SLH_DSA_PURE_SHA2_128S,0.09019205626100302,0.646325693000108,0.000630959402769804,21.987926033791155,1.8037740037844965,2482141.0,7856.0,32.0,True
5,18,17415771129827632335,SLH_DSA_PURE_SHA2_128S,0.08001834899187088,0.6305489311926067,0.0006226701661944389,22.348659086041152,1.8260319830891423,2482141.0,7856.0,32.0,True
5,18,6426109614438630783,SLH_DSA_PURE_SHA2_128S,0.08533858507871628,0.61522754188627,0.0006571090780198574,22.326358112040907,1.772777178797859,2482141.0,7856.0,32.0,True
5,18,13825348116508135046,SLH_DSA_PURE_SHA2_128S,0.08295745216310024,0.6136308452114463,0.000620759092271328,22.30814681900665,1.8382860540201107,2482141.0,7856.0,32.0,True
5,18,16029604643695152955,SLH_DSA_PURE_SHA2_128S,0.07740249997004867,0.5955157978460193,0.0007140208035707474,10.702409390825778,1.805812278113807,2482141.0,7856.0,32.0,True
5,19,3229516648706838311,SLH_DSA_PURE_SHA2_128S,0.18534322176128626,0.6332235219888389,0.000686336774379015,21.877395839896053,1.7731615499185678,2482141.0,7856.0,32.0,True
5,19,17415771129827632335,SLH_DSA_PURE_SHA2_128S,0.18708021566271782,0.6193522941321135,0.0006496920250356197,21.881444530095905,1.7959870633225852,2482141.0,7856.0,32.0,True
5,19,6426109614438630783,SLH_DSA_PURE_SHA2_128S,0.08354777609929442,0.6138607310131192,0.0006588581018149853,22.003359796945006,1.7521505576733964,2482141.0,7856.0,32.0,True
5,19,13825348116508135046,SLH_DSA_PURE_SHA2_128S,0.07956055365502834,0.6242812178097665,0.0006226166151463985,22.03640704229474,1.7663860279150283,2482141.0,7856.0,32.0,True
5,19,16029604643695152955,SLH_DSA_PURE_SHA2_128S,0.07741330284625292,0.5965168117545545,0.0006057298742234707,10.66145885642618,1.791159151842038,2482141.0,7856.0,32.0,True
5,20,3229516648706838311,SLH_DSA_PURE_SHA2_128S,0.14034971594810486,0.7126559889875352,0.0006888080388307571,21.51503578433767,1.7875328022070205,2482141.0,7856.0,32.0,True
5,20,13825348116508135046,SLH_DSA_PURE_SHA2_128S,0.1616845577955246,0.6968740578740835,0.0006489870138466358,21.7966366619803,1.7592529149862906,2482141.0,7856.0,32.0,True
5,20,17415771129827632335,SLH_DSA_PURE_SHA2_128S,0.08615151792764664,0.640771915204823,0.0006947899237275124,21.969796707853675,1.7830373688627736,2482141.0,7856.0,32.0,True
5,20,6426109614438630783,SLH_DSA_PURE_SHA2_128S,0.07981504080817103,0.6132739810273051,0.0006060986779630184,22.13353938329965,1.7545743392298396,2482141.0,7856.0,32.0,True
5,20,16029604643695152955,SLH_DSA_PURE_SHA2_128S,0.07723124464973807,0.5915648844093084,0.0006369897164404392,10.738680195994675,1.7619645938324853,2482141.0,7856.0,32.0,True
5,21,3229516648706838311,SLH_DSA_PURE_SHA2_128S,0.08675908204168081,0.6858872501179576,0.0006777793169021606,21.673630229197443,1.7921592092361693,2482141.0,7856.0,32.0,True
5,21,6426109614438630783,SLH_DSA_PURE_SHA2_128S,0.13861988484859467,0.7674239939078689,0.0006669252179563046,21.597573287785053,1.7750033086862047,2482141.0,7856.0,32.0,True
5,21,17415771129827632335,SLH_DSA_PURE_SHA2_128S,0.131075378973037,0.6467688428238034,0.000683328602463007,21.993394412100315,1.8430354865595175,2482141.0,7856.0,32.0,True
5,21,13825348116508135046,SLH_DSA_PURE_SHA2_128S,0.10301521886140108,0.618995500728488,0.0005945870652794838,22.123222823254764,1.737320899963379,2482141.0,7856.0,32.0,True
5,21,16029604643695152955,SLH_DSA_PURE_SHA2_128S,0.07778693875297904,0.5912820189259946,0.0006379289552569389,10.552095372229815,1.7948506602083152,2482141.0,7856.0,32.0,True
5,22,17415771129827632335,SLH_DSA_PURE_SHA2_128S,0.10194251127541065,0.6504385536536574,0.0007891329005360603,21.602358949836344,1.792983196413936,2482141.0,7856.0,32.0,True
5,22,6426109614438630783,SLH_DSA_PURE_SHA2_128S,0.08747321693226695,0.632611112203449,0.0006243386305868626,21.849355331156403,1.7877318272575402,2482141.0,7856.0,32.0,True
5,22,13825348116508135046,SLH_DSA_PURE_SHA2_128S,0.08247651811689138,0.6148618790321052,0.0006327852606773376,22.016086588148028,1.7419825384792047,2482141.0,7856.0,32.0,True
5,22,3229516648706838311,SLH_DSA_PURE_SHA2_128S,0.0832187500782311,0.6175641510635614,0.0006816932000219822,21.92980578308925,1.8043961151720236,2482141.0,7856.0,32.0,True
5,22,16029604643695152955,SLH_DSA_PURE_SHA2_128S,0.07728076493367553,0.591982358135283,0.0006789593026041985,10.570176201872528,1.820671524864416,2482141.0,7856.0,32.0,True
5,23,17415771129827632335,SLH_DSA_PURE_SHA2_128S,0.15820037806406617,0.6847962769679725,0.0007131877355277538,21.379738967865705,1.808648916859977,2482141.0,7856.0,32.0,True
5,23,6426109614438630783,SLH_DSA_PURE_SHA2_128S,0.17330602277070284,0.6989396470598876,0.0006854790262877941,21.266747470013797,1.744273129743509,2482141.0,7856.0,32.0,True
5,23,3229516648706838311,SLH_DSA_PURE_SHA2_128S,0.1602825690060854,0.9586535468697548,0.0006219143979251385,21.179617492016405,1.7524781958363689,2482141.0,7856.0,32.0,True
5,23,13825348116508135046,SLH_DSA_PURE_SHA2_128S,0.1078882459551096,0.6727926400490105,0.000635096337646246,21.484641212038696,1.778481569914772,2482141.0,7856.0,32.0,True
5,23,16029604643695152955,SLH_DSA_PURE_SHA2_128S,0.07900947285816073,0.6029610787518322,0.0006227130070328712,10.517831458244473,1.753271727135387,2482141.0,7856.0,32.0,True
5,24,3229516648706838311,SLH_DSA_PURE_SHA2_128S,0.08473994117230177,0.6391213010065258,0.0006454577669501305,23.053938721772283,1.7774217273480595,2482141.0,7856.0,32.0,True
5,24,6426109614438630783,SLH_DSA_PURE_SHA2_128S,0.11783874779939651,0.6153455469757318,0.0005897502414882183,23.04176710313186,1.7590323937967562,2482141.0,7856.0,32.0,True
5,24,17415771129827632335,SLH_DSA_PURE_SHA2_128S,0.08239842113107443,0.6202073991298676,0.000628146342933178,23.08694515703246,1.8254020926289665,2482141.0,7856.0,32.0,True
5,24,13825348116508135046,SLH_DSA_PURE_SHA2_128S,0.0806298041716218,0.636613657232374,0.0006456617265939713,23.112364898901433,1.7497534466246827,2482141.0,7856.0,32.0,True
5,24,16029604643695152955,SLH_DSA_PURE_SHA2_128S,0.07787533104419708,0.5934816747903824,0.0006157509051263332,10.465120440814644,1.7702265981668102,2482141.0,7856.0,32.0,True
5,25,6426109614438630783,SLH_DSA_PURE_SHA2_128S,0.08621635800227523,0.632144508883357,0.0006949533708393574,21.464996170718223,1.7524183474409694,2482141.0,7856.0,32.0,True
5,25,13825348116508135046,SLH_DSA_PURE_SHA2_128S,0.08275411697104573,0.614541603717953,0.0007013711147010326,21.51155766379088,1.74528726754478,2482141.0,7856.0,32.0,True
5,25,17415771129827632335,SLH_DSA_PURE_SHA2_128S,0.10659117391332984,0.6157418391667306,0.000659002922475338,21.52274182997644,1.7947677476718402,2482141.0,7856.0,32.0,True
5,25,3229516648706838311,SLH_DSA_PURE_SHA2_128S,0.09713062876835465,0.612333242315799,0.0006669247522950172,21.504384241066873,1.7542494428805269,2482141.0,7856.0,32.0,True
5,25,16029604643695152955,SLH_DSA_PURE_SHA2_128S,0.07733676768839359,0.5929980049841106,0.0006315847858786583,10.499135518446565,1.755538574422891,2482141.0,7856.0,32.0,True
5,26,17415771129827632335,SLH_DSA_PURE_SHA2_128S,0.15462818276137114,0.888456302229315,0.0007577608339488506,21.608672745060176,1.8039857118655318,2482141.0,7856.0,32.0,True
5,26,13825348116508135046,SLH_DSA_PURE_SHA2_128S,0.18791456427425146,0.6866312809288502,0.0006409459747374058,21.997659953311086,1.7368387638951261,2482141.0,7856.0,32.0,True
5,26,3229516648706838311,SLH_DSA_PURE_SHA2_128S,0.07919050008058548,0.6908802157267928,0.000673375092446804,22.204237800091505,1.8020309975352913,2482141.0,7856.0,32.0,True
5,26,6426109614438630783,SLH_DSA_PURE_SHA2_128S,0.08029682515189052,0.6210069037042558,0.0007375208660960197,22.202022234909236,1.742162729223696,2482141.0,7856.0,32.0,True
5,26,16029604643695152955,SLH_DSA_PURE_SHA2_128S,0.07742172991856933,0.5905002788640559,0.0006471439264714718,10.497127251233906,1.8141100414263935,2482141.0,7856.0,32.0,True
5,27,13825348116508135046,SLH_DSA_PURE_SHA2_128S,0.10418132785707712,0.7016398869454861,0.0007604337297379971,21.483406802639365,1.722987412263791,2482141.0,7856.0,32.0,True
5,27,3229516648706838311,SLH_DSA_PURE_SHA2_128S,0.08671676507219672,0.6248498409986496,0.000712438952177763,21.717097335960716,1.769753408508179,2482141.0,7856.0,32.0,True
5,27,17415771129827632335,SLH_DSA_PURE_SHA2_128S,0.09831273881718516,0.6386123588308692,0.0006431550718843937,21.791561361867934,1.7707165403487963,2482141.0,7856.0,32.0,True
5,27,6426109614438630783,SLH_DSA_PURE_SHA2_128S,0.079918900039047,0.6256554531864822,0.0006236918270587921,21.88304071733728,1.739403555949275,2482141.0,7856.0,32.0,True
5,27,16029604643695152955,SLH_DSA_PURE_SHA2_128S,0.07769197830930352,0.5911601916886866,0.0006957771256566048,10.508646770846099,1.764670464177482,2482141.0,7856.0,32.0,True
5,28,3229516648706838311,SLH_DSA_PURE_SHA2_128S,0.08703022822737694,0.7121826722286642,0.0006678961217403412,21.900637910235673,1.7887447805831227,2482141.0,7856.0,32.0,True
5,28,17415771129827632335,SLH_DSA_PURE_SHA2_128S,0.1365252579562366,0.661597409285605,0.0006919200532138348,21.883249106351286,1.7610344997229286,2482141.0,7856.0,32.0,True
5,28,6426109614438630783,SLH_DSA_PURE_SHA2_128S,0.14339804695919156,0.6152801937423646,0.0006432249210774899,22.133485039230436,1.6902170581177782,2482141.0,7856.0,32.0,True
5,28,13825348116508135046,SLH_DSA_PURE_SHA2_128S,0.0795031669549644,0.63473044289276,0.0006318199448287487,22.207255078013986,1.7514369655341004,2482141.0,7856.0,32.0,True
5,28,16029604643695152955,SLH_DSA_PURE_SHA2_128S,0.07789940293878317,0.5908721769228578,0.0006945817731320858,10.630888210143894,1.768914935307,2482141.0,7856.0,32.0,True
5,29,13825348116508135046,SLH_DSA_PURE_SHA2_128S,0.13745173579081893,0.6692141802050173,0.0006437269039452076,21.836828640196472,1.725874564518182,2482141.0,7856.0,32.0,True
5,29,6426109614438630783,SLH_DSA_PURE_SHA2_128S,0.16118599101901054,0.6592112109065056,0.0007004402577877045,22.055608368013054,1.7588625883522886,2482141.0,7856.0,32.0,True
5,29,3229516648706838311,SLH_DSA_PURE_SHA2_128S,0.0849612751044333,0.6226813127286732,0.0006779637187719345,22.145144918002188,1.759142235064278,2482141.0,7856.0,32.0,True
5,29,17415771129827632335,SLH_DSA_PURE_SHA2_128S,0.08153927093371749,0.6469416175968945,0.0006207982078194618,22.31491619767621,1.7681313372267702,2482141.0,7856.0,32.0,True
5,29,16029604643695152955,SLH_DSA_PURE_SHA2_128S,0.07749322382733226,0.5929635860957205,0.0006146971136331558,10.612718342803419,1.7452484765372718,2482141.0,7856.0,32.0,True
5,30,3229516648706838311,SLH_DSA_PURE_SHA2_128S,0.09805421577766538,0.6195465652272105,0.0006555542349815369,21.73405665298924,1.7302252080874703,2482141.0,7856.0,32.0,True
5,30,13825348116508135046,SLH_DSA_PURE_SHA2_128S,0.12770110089331865,0.6756004099734128,0.0006472477689385414,21.734115408733487,1.7307567341259111,2482141.0,7856.0,32.0,True
5,30,6426109614438630783,SLH_DSA_PURE_SHA2_128S,0.12275143340229988,0.6157886348664761,0.0006579281762242317,21.881961457896978,1.7402323975730627,2482141.0,7856.0,32.0,True
5,30,17415771129827632335,SLH_DSA_PURE_SHA2_128S,0.08032814506441355,0.6428910410031676,0.0006404770538210869,21.92463456792757,1.7799746997821064,2482141.0,7856.0,32.0,True
5,30,16029604643695152955,SLH_DSA_PURE_SHA2_128S,0.07815973274409771,0.59001125395298,0.0006120111793279648,10.549579774029553,1.7200929688188595,2482141.0,7856.0,32.0,True
5,31,17415771129827632335,SLH_DSA_PURE_SHA2_128S,0.10211518686264753,0.6130702341906726,0.0006945137865841389,21.724415230099112,1.737583129169842,2482141.0,7856.0,32.0,True
5,31,13825348116508135046,SLH_DSA_PURE_SHA2_128S,0.08370132697746158,0.6166795599274337,0.0006074579432606697,21.77744692284614,1.7240614178843392,2482141.0,7856.0,32.0,True
5,31,6426109614438630783,SLH_DSA_PURE_SHA2_128S,0.08427889691665769,0.6159071228466928,0.000713275745511055,21.76202852698043,1.7133154861462383,2482141.0,7856.0,32.0,True
5,31,3229516648706838311,SLH_DSA_PURE_SHA2_128S,0.09679464483633637,0.6117659569717944,0.0006885216571390629,21.822520988062024,1.7480953748995505,2482141.0,7856.0,32.0,True
5,31,16029604643695152955,SLH_DSA_PURE_SHA2_128S,0.07890871493145823,0.5909519949927926,0.0006246031261980534,10.671270748134702,1.7443109404164763,2482141.0,7856.0,32.0,True
5,32,17415771129827632335,SLH_DSA_PURE_SHA2_128S,0.14154119975864887,0.705541807692498,0.0006538070738315582,22.08800800377503,1.770398232121818,2482141.0,7856.0,32.0,True
5,32,3229516648706838311,SLH_DSA_PURE_SHA2_128S,0.08628132473677397,0.6200472018681467,0.0006306888535618782,22.229969484731555,1.7108742935588945,2482141.0,7856.0,32.0,True
5,32,13825348116508135046,SLH_DSA_PURE_SHA2_128S,0.0908306147903204,0.6159327910281718,0.0006377040408551693,22.300246137194335,1.7086367405260714,2482141.0,7856.0,32.0,True
5,32,6426109614438630783,SLH_DSA_PURE_SHA2_128S,0.08041313989087939,0.6288206172175705,0.0006453301757574081,22.384301966056228,1.7168749056685084,2482141.0,7856.0,32.0,True
5,32,16029604643695152955,SLH_DSA_PURE_SHA2_128S,0.0779140256345272,0.5920258006080985,0.0006600823253393173,10.705818334128708,1.6932296718652255,2482141.0,7856.0,32.0,True
5,33,17415771129827632335,SLH_DSA_PURE_SHA2_128S,0.15298791229724884,0.6215248079970479,0.0007088719867169857,21.434978964738548,1.7401001068730704,2482141.0,7856.0,32.0,True
5,33,13825348116508135046,SLH_DSA_PURE_SHA2_128S,0.10884055495262146,0.6148427468724549,0.0006179353222250938,21.381890832912177,1.6775027650613754,2482141.0,7856.0,32.0,True
5,33,6426109614438630783,SLH_DSA_PURE_SHA2_128S,0.16438893228769302,0.6118695409968495,0.0006079687736928463,21.55941150104627,1.7134040685507437,2482141.0,7856.0,32.0,True
5,33,3229516648706838311,SLH_DSA_PURE_SHA2_128S,0.12612129095941782,0.6314282570965588,0.0006281756795942783,21.461149702314287,1.7301771895954023,2482141.0,7856.0,32.0,True
5,33,16029604643695152955,SLH_DSA_PURE_SHA2_128S,0.07776379678398371,0.6303796633146703,0.0006141848862171173,10.456780848558992,1.7058215583094394,2482141.0,7856.0,32.0,True
5,34,13825348116508135046,SLH_DSA_PURE_SHA2_128S,0.08408769499510527,0.6140569490380585,0.0007447060197591782,21.65085930004716,1.695921810290303,2482141.0,7856.0,32.0,True
5,34,6426109614438630783,SLH_DSA_PURE_SHA2_128S,0.17465556180104613,0.6266787610948086,0.0006597288884222507,21.690176934935153,1.6942632830561921,2482141.0,7856.0,32.0,True
5,34,17415771129827632335,SLH_DSA_PURE_SHA2_128S,0.16996857384219766,0.6727472138591111,0.0006694532930850983,21.63495686929673,1.7083638815072397,2482141.0,7856.0,32.0,True
5,34,3229516648706838311,SLH_DSA_PURE_SHA2_128S,0.16933380579575896,0.9484184719622135,0.0006202580407261848,21.603527314960957,1.7503239331534877,2482141.0,7856.0,32.0,True
5,34,16029604643695152955,SLH_DSA_PURE_SHA2_128S,0.07954284409061074,0.5950544625520706,0.0006327880546450615,10.688624284695834,1.7024429000604648,2482141.0,7856.0,32.0,True
5,35,17415771129827632335,SLH_DSA_PURE_SHA2_128S,0.08954936498776078,0.6264781472273171,0.0006938567385077477,21.716867328155786,1.6991886487022376,2482141.0,7856.0,32.0,True
5,35,13825348116508135046,SLH_DSA_PURE_SHA2_128S,0.13384394394233823,0.719062021933496,0.000651428010314703,21.56483381194994,1.6753340997634985,2482141.0,7856.0,32.0,True
5,35,3229516648706838311,SLH_DSA_PURE_SHA2_128S,0.09854934830218554,0.6188024189323187,0.0006237626075744629,21.93641468603164,1.721734898920638,2482141.0,7856.0,32.0,True
5,35,6426109614438630783,SLH_DSA_PURE_SHA2_128S,0.08014490082859993,0.6125011560507119,0.0006525320932269096,21.968668412882835,1.6901098032728932,2482141.0,7856.0,32.0,True
5,35,16029604643695152955,SLH_DSA_PURE_SHA2_128S,0.08038910385221243,0.5955511881038547,0.0006426898762583733,10.521782234311104,1.698624822278373,2482141.0,7856.0,32.0,True
5,36,13825348116508135046,SLH_DSA_PURE_SHA2_128S,0.14913888415321708,0.649953446816653,0.0006671128794550896,21.811867744196206,1.6904886804830532,2482141.0,7856.0,32.0,True
5,36,3229516648706838311,SLH_DSA_PURE_SHA2_128S,0.08510626526549459,0.6218334850855172,0.0006658942438662052,22.017032182775438,1.7153635657252595,2482141.0,7856.0,32.0,True
5,36,17415771129827632335,SLH_DSA_PURE_SHA2_128S,0.14821486826986074,0.6529761683195829,0.0006204699166119099,21.995966704096645,1.7269948850424526,2482141.0,7856.0,32.0,True
5,36,6426109614438630783,SLH_DSA_PURE_SHA2_128S,0.08058125711977482,0.6292897523380816,0.0006467169150710106,22.248621699865907,1.6808751143586522,2482141.0,7856.0,32.0,True
5,36,16029604643695152955,SLH_DSA_PURE_SHA2_128S,0.07850840501487255,0.5899864658713341,0.0006552017293870449,10.734262540005147,1.7030278048195397,2482141.0,7856.0,32.0,True
5,37,13825348116508135046,SLH_DSA_PURE_SHA2_128S,0.10264244815334678,0.6364611349999905,0.0006511509418487549,22.073036258108914,1.6509711829999003,2482141.0,7856.0,32.0,True
5,37,6426109614438630783,SLH_DSA_PURE_SHA2_128S,0.08686684304848313,0.6270300191827118,0.0006808340549468994,22.104691819753498,1.6953591367307181,2482141.0,7856.0,32.0,True
5,37,17415771129827632335,SLH_DSA_PURE_SHA2_128S,0.08248718595132232,0.6174966101534665,0.0007314556278288364,22.25817415677011,1.7269382800537938,2482141.0,7856.0,32.0,True
5,37,3229516648706838311,SLH_DSA_PURE_SHA2_128S,0.08072281582280993,0.6283261757344007,0.0006381217390298843,22.28985510999337,1.7023261191365056,2482141.0,7856.0,32.0,True
5,37,16029604643695152955,SLH_DSA_PURE_SHA2_128S,0.07722113328054547,0.5950746899470687,0.0006857453845441341,10.583163222298026,1.6944477706671524,2482141.0,7856.0,32.0,True
5,38,13825348116508135046,SLH_DSA_PURE_SHA2_128S,0.16034224489703774,0.7026010667905211,0.0006356039084494114,21.9594865757972,1.6505428108925255,2482141.0,7856.0,32.0,True
5,38,17415771129827632335,SLH_DSA_PURE_SHA2_128S,0.14752471167594194,0.6504305298440158,0.0006476696580648422,22.197954661678523,1.7212755775299315,2482141.0,7856.0,32.0,True
5,38,6426109614438630783,SLH_DSA_PURE_SHA2_128S,0.16287655290216208,0.651887496933341,0.0006858622655272484,22.221645236946642,1.6681713159091938,2482141.0,7856.0,32.0,True
5,38,3229516648706838311,SLH_DSA_PURE_SHA2_128S,0.08939519105479121,0.6149775921367109,0.0006537903100252151,22.381686354056,1.685356389600248,2482141.0,7856.0,32.0,True
5,38,16029604643695152955,SLH_DSA_PURE_SHA2_128S,0.07747973687946796,0.5907588768750429,0.000657905824482441,10.667884076945484,1.6995233156429692,2482141.0,7856.0,32.0,True
5,39,17415771129827632335,SLH_DSA_PURE_SHA2_128S,0.14805711386725307,0.6445479947142303,0.0007608081214129925,21.91654597595334,1.667588110929861,2482141.0,7856.0,32.0,True
5,39,3229516648706838311,SLH_DSA_PURE_SHA2_128S,0.10020430758595467,0.6321638440713286,0.0006189071573317051,22.209138114005327,1.700579947176071,2482141.0,7856.0,32.0,True
5,39,6426109614438630783,SLH_DSA_PURE_SHA2_128S,0.1354778129607439,0.6117202183231711,0.0006154696457087994,22.08976675895974,1.667111563606384,2482141.0,7856.0,32.0,True
5,39,13825348116508135046,SLH_DSA_PURE_SHA2_128S,0.08395624812692404,0.6174121838994324,0.0007130750454962254,22.138376225717366,1.6981933067400996,2482141.0,7856.0,32.0,True
5,39,16029604643695152955,SLH_DSA_PURE_SHA2_128S,0.08067857613787055,0.6230095769278705,0.0007063080556690693,10.977671982254833,1.707247926404301,2482141.0,7856.0,32.0,True
5,40,17415771129827632335,SLH_DSA_PURE_SHA2_128S,0.1414127959869802,0.7984037431888282,0.0006629223935306072,21.08719908306375,1.7284611886301742,2482141.0,7856.0,32.0,True
5,40,13825348116508135046,SLH_DSA_PURE_SHA2_128S,0.08489249926060438,0.6194586250931025,0.0006353599019348621,21.62187472404912,1.7061221850946688,2482141.0,7856.0,32.0,True
5,40,6426109614438630783,SLH_DSA_PURE_SHA2_128S,0.15313564473763108,0.6898615779355168,0.0006347168236970901,21.43355573201552,1.6813741613881656,2482141.0,7856.0,32.0,True
5,40,3229516648706838311,SLH_DSA_PURE_SHA2_128S,0.08019548002630472,0.6577900303527713,0.0006640441715717316,21.773725866805762,1.729036075619463,2482141.0,7856.0,32.0,True
5,40,16029604643695152955,SLH_DSA_PURE_SHA2_128S,0.07889725593850017,0.5928274178877473,0.0006213211454451084,10.627936989068985,1.6795491208664526,2482141.0,7856.0,32.0,True
5,41,6426109614438630783,SLH_DSA_PURE_SHA2_128S,0.11133035691455007,0.6688334220089018,0.000664109829813242,22.036567587871104,1.7006700469282108,2482141.0,7856.0,32.0,True
5,41,3229516648706838311,SLH_DSA_PURE_SHA2_128S,0.081686498131603,0.7162567558698356,0.0006600101478397846,22.210231497418135,1.660532238003545,2482141.0,7856.0,32.0,True
5,41,13825348116508135046,SLH_DSA_PURE_SHA2_128S,0.0966942347586155,0.766590734012425,0.0006781471893191338,22.13896825304255,1.6605574517204358,2482141.0,7856.0,32.0,True
5,41,17415771129827632335,SLH_DSA_PURE_SHA2_128S,0.08162902714684606,0.7987543679773808,0.0006372202187776566,22.23343152506277,1.7098971540554644,2482141.0,7856.0,32.0,True
5,41,16029604643695152955,SLH_DSA_PURE_SHA2_128S,0.08428296307101846,0.5920759597793221,0.0006821122951805592,10.77229647571221,1.6480215841208021,2482141.0,7856.0,32.0,True
5,42,3229516648706838311,SLH_DSA_PURE_SHA2_128S,0.14597669383510947,0.6120654507540166,0.0006605889648199081,21.91473618010059,1.672797684090587,2482141.0,7856.0,32.0,True
5,42,6426109614438630783,SLH_DSA_PURE_SHA2_128S,0.08058418985456228,0.6288847359828651,0.0009978869929909706,22.073939765337855,1.6856880172753868,2482141.0,7856.0,32.0,True
5,42,17415771129827632335,SLH_DSA_PURE_SHA2_128S,0.08609574940055609,0.630428051110357,0.0006041564047336578,22.009113759733737,1.6502462065638825,2482141.0,7856.0,32.0,True
5,42,13825348116508135046,SLH_DSA_PURE_SHA2_128S,0.08257708884775639,0.6167634180746973,0.0007750657387077808,22.06056551495567,1.6417532454664334,2482141.0,7856.0,32.0,True
5,42,16029604643695152955,SLH_DSA_PURE_SHA2_128S,0.07726114429533482,0.5897149010561407,0.0007054321467876434,10.754968892782927,1.641477510571099,2482141.0,7856.0,32.0,True
5,43,3229516648706838311,SLH_DSA_PURE_SHA2_128S,0.15833021933212876,0.6914227623492479,0.0008182087913155556,21.088498102035373,1.6704040068787889,2482141.0,7856.0,32.0,True
5,43,13825348116508135046,SLH_DSA_PURE_SHA2_128S,0.08656140556558967,0.6209233086556196,0.0006540077738463879,21.152614169754088,1.6469334939036506,2482141.0,7856.0,32.0,True
5,43,6426109614438630783,SLH_DSA_PURE_SHA2_128S,0.0801646551117301,0.6172630810178816,0.0006930320523679256,21.277242036070675,1.6487381622052422,2482141.0,7856.0,32.0,True
5,43,17415771129827632335,SLH_DSA_PURE_SHA2_128S,0.1372455758973956,0.6310974871739745,0.0007565310224890709,21.312303606886417,1.6868041898495854,2482141.0,7856.0,32.0,True
5,43,16029604643695152955,SLH_DSA_PURE_SHA2_128S,0.07816197210922837,0.5939172450453043,0.0006778808310627937,10.359434681013227,1.6687711641049614,2482141.0,7856.0,32.0,True
5,44,3229516648706838311,SLH_DSA_PURE_SHA2_128S,0.0886557879857719,0.8628357881680131,0.0007072561420500278,21.52700351085514,1.6623209791061597,2482141.0,7856.0,32.0,True
5,44,13825348116508135046,SLH_DSA_PURE_SHA2_128S,0.15022678207606077,0.8817075518891215,0.0006560948677361012,21.403881390579045,1.6376853293885056,2482141.0,7856.0,32.0,True
5,44,17415771129827632335,SLH_DSA_PURE_SHA2_128S,0.18683829344809055,0.7418302241712809,0.0006845341995358467,21.60451292200014,1.6765027781264088,2482141.0,7856.0,32.0,True
5,44,6426109614438630783,SLH_DSA_PURE_SHA2_128S,0.07973355520516634,0.755816369317472,0.0006082868203520775,21.802908336743712,1.6605716235340593,2482141.0,7856.0,32.0,True
5,44,16029604643695152955,SLH_DSA_PURE_SHA2_128S,0.07974968384951353,0.6058191643096507,0.000638976227492094,10.498427842743695,1.6755145369246365,2482141.0,7856.0,32.0,True
5,45,6426109614438630783,SLH_DSA_PURE_SHA2_128S,0.18645322090014815,0.7429187409579754,0.000639443751424551,21.37514345999807,1.6369743922267097,2482141.0,7856.0,32.0,True
5,45,17415771129827632335,SLH_DSA_PURE_SHA2_128S,0.1761915860697627,0.672430926002562,0.0006048567593097687,21.507704799994826,1.6337184087156107,2482141.0,7856.0,32.0,True
5,45,13825348116508135046,SLH_DSA_PURE_SHA2_128S,0.1733003119006753,0.6297044646926224,0.0006735161878168583,21.545505085028708,1.6379160606823029,2482141.0,7856.0,32.0,True
5,45,3229516648706838311,SLH_DSA_PURE_SHA2_128S,0.17499067960307002,0.7132914308458567,0.0006445012986660004,21.564746803138405,1.6586402460409049,2482141.0,7856.0,32.0,True
5,45,16029604643695152955,SLH_DSA_PURE_SHA2_128S,0.07797916093841195,0.5926100248470902,0.0006702900864183903,10.536812505219132,1.6222937628864862,2482141.0,7856.0,32.0,True
5,46,17415771129827632335,SLH_DSA_PURE_SHA2_128S,0.10322280274704099,0.6467362539842725,0.0007349317893385887,21.82749430416152,1.6696299794382943,2482141.0,7856.0,32.0,True
5,46,6426109614438630783,SLH_DSA_PURE_SHA2_128S,0.1623545428737998,0.6236177077516913,0.0006719771772623062,21.92036240780726,1.65472853907381,2482141.0,7856.0,32.0,True
5,46,13825348116508135046,SLH_DSA_PURE_SHA2_128S,0.14354838896542788,0.6313892030157149,0.0006554229184985161,21.98967583384365,1.6204463113991978,2482141.0,7856.0,32.0,True
5,46,3229516648706838311,SLH_DSA_PURE_SHA2_128S,0.08119928184896708,0.6261985851451755,0.0005769971758127213,22.151188305113465,1.652334090238943,2482141.0,7856.0,32.0,True
5,46,16029604643695152955,SLH_DSA_PURE_SHA2_128S,0.07751558301970363,0.592567547224462,0.0006346208974719048,10.559563349932432,1.6402995913935166,2482141.0,7856.0,32.0,True
5,47,13825348116508135046,SLH_DSA_PURE_SHA2_128S,0.08713952684774995,0.6298800888471305,0.0006574410945177078,21.510590333025903,1.6334987448427243,2482141.0,7856.0,32.0,True
5,47,17415771129827632335,SLH_DSA_PURE_SHA2_128S,0.07980541186407208,0.6153009599074721,0.0006464570760726929,21.814576921984553,1.6569510942069106,2482141.0,7856.0,32.0,True
5,47,6426109614438630783,SLH_DSA_PURE_SHA2_128S,0.1623948412016034,0.8327627959661186,0.0006364737637341022,21.40603357227519,1.6123698515633045,2482141.0,7856.0,32.0,True
5,47,3229516648706838311,SLH_DSA_PURE_SHA2_128S,0.1789371189661324,0.6539753871038556,0.0006309989839792252,21.73208510130644,1.6530100069106959,2482141.0,7856.0,32.0,True
5,47,16029604643695152955,SLH_DSA_PURE_SHA2_128S,0.07794735813513398,0.590580256190151,0.0006473907269537449,10.600495544727892,1.6152682228210253,2482141.0,7856.0,32.0,True
5,48,17415771129827632335,SLH_DSA_PURE_SHA2_128S,0.09150151396170259,0.6256384560838342,0.0006840466521680355,21.58427888387814,1.6516536759873168,2482141.0,7856.0,32.0,True
5,48,13825348116508135046,SLH_DSA_PURE_SHA2_128S,0.09214687766507268,0.6277579101733863,0.0006747688166797161,21.615179497748613,1.620313399896835,2482141.0,7856.0,32.0,True
5,48,6426109614438630783,SLH_DSA_PURE_SHA2_128S,0.16170666366815567,0.7259566332213581,0.0006176349706947803,21.521103418897837,1.6073359704246155,2482141.0,7856.0,32.0,True
5,48,3229516648706838311,SLH_DSA_PURE_SHA2_128S,0.1035765316337347,0.6386965150013566,0.0006363112479448318,21.841462993994355,1.650797376617456,2482141.0,7856.0,32.0,True
5,48,16029604643695152955,SLH_DSA_PURE_SHA2_128S,0.07772128097712994,0.5913300039246678,0.0006305291317403316,10.568083418067545,1.5936320816366056,2482141.0,7856.0,32.0,True
5,49,17415771129827632335,SLH_DSA_PURE_SHA2_128S,0.1427840399555862,0.7997940690256655,0.000634979922324419,21.208700467832386,1.637207764787034,2482141.0,7856.0,32.0,True
5,49,6426109614438630783,SLH_DSA_PURE_SHA2_128S,0.08512635482475162,0.6114774839952588,0.0006731180474162102,21.766675878781825,1.6241019617635222,2482141.0,7856.0,32.0,True
5,49,13825348116508135046,SLH_DSA_PURE_SHA2_128S,0.08143696701154113,0.6142844278365374,0.0006240340881049633,21.769585148897022,1.6417591958381117,2482141.0,7856.0,32.0,True
5,49,3229516648706838311,SLH_DSA_PURE_SHA2_128S,0.09395929332822561,0.7150619700551033,0.0006249020807445049,21.827430835925043,1.6049360512925412,2482141.0,7856.0,32.0,True
5,49,16029604643695152955,SLH_DSA_PURE_SHA2_128S,0.07709995098412037,0.5993475918658078,0.0007194438949227333,10.568762578070164,1.6039759667155842,2482141.0,7856.0,32.0,True
5,50,3229516648706838311,SLH_DSA_PURE_SHA2_128S,0.15472914325073361,0.7136299158446491,0.0006770058535039425,21.432218719273806,1.6335294463763983,2482141.0,7856.0,32.0,True
5,50,6426109614438630783,SLH_DSA_PURE_SHA2_128S,0.18491829093545675,0.6339181810617447,0.0006643142551183701,21.64160164585337,1.6333073762278207,2482141.0,7856.0,32.0,True
5,50,17415771129827632335,SLH_DSA_PURE_SHA2_128S,0.17361576482653618,0.7005832442082465,0.0006306669674813747,21.56064872862771,1.643314720152285,2482141.0,7856.0,32.0,True
5,50,13825348116508135046,SLH_DSA_PURE_SHA2_128S,0.07996679516509175,0.6172836842015386,0.0006378232501447201,21.799522317014635,1.6404795818054638,2482141.0,7856.0,32.0,True
5,50,16029604643695152955,SLH_DSA_PURE_SHA2_128S,0.07735237805172801,0.5976356598548591,0.0006521698087453842,10.54696893831715,1.6248087174595354,2482141.0,7856.0,32.0,True
