run,round,node_id,scheme,keygen_time,sign_time,verify_time,train_time,train_loss,payload_size,sig_size,pubkey_size,sig_valid,has_nan
1,1,2350208939190539465,SPHINCS+-SHA2-128s-simple,0.04021574789658189,0.27954438515007496,0.0003109760582447052,22.229574682889506,1.9192070861974844,2482153.0,7856.0,32.0,True,False
1,1,5892566520522087258,SPHINCS+-SHA2-128s-simple,0.03896750486455858,0.29633021308109164,0.0003056279383599758,22.002846006071195,1.9079048412676436,2482153.0,7856.0,32.0,True,False
1,1,10912449966880859628,SPHINCS+-SHA2-128s-simple,0.04107070597819984,0.16669619688764215,0.0002727529499679804,22.343722512945533,1.8682018666983413,2482153.0,7856.0,32.0,True,False
1,1,15300245958395461246,SPHINCS+-SHA2-128s-simple,0.03869947511702776,0.1802882570773363,0.0002730779815465212,22.19725424889475,1.869180313695353,2482153.0,7856.0,32.0,True,False
1,1,14438811783157080747,SPHINCS+-SHA2-128s-simple,0.02001838106662035,0.15133252600207925,0.00028317002579569817,10.737661323975772,1.9155706643296506,2482153.0,7856.0,32.0,True,False
1,2,5892566520522087258,SPHINCS+-SHA2-128s-simple,0.025438335025683045,0.17252043401822448,0.00030849804170429707,22.014023022027686,1.6775428700370911,2482153.0,7856.0,32.0,True,False
1,2,10912449966880859628,SPHINCS+-SHA2-128s-simple,0.038383292965590954,0.2787152819801122,0.00026877899654209614,21.868676374899223,1.6351895857923708,2482153.0,7856.0,32.0,True,False
1,2,2350208939190539465,SPHINCS+-SHA2-128s-simple,0.02234441298060119,0.16500021191313863,0.0003263868857175112,22.268816458061337,1.6517809819870484,2482153.0,7856.0,32.0,True,False
1,2,15300245958395461246,SPHINCS+-SHA2-128s-simple,0.02087295614182949,0.1563489600084722,0.0003175712190568447,22.407170628895983,1.668449834131966,2482153.0,7856.0,32.0,True,False
1,2,14438811783157080747,SPHINCS+-SHA2-128s-simple,0.019927864894270897,0.1553536099381745,0.0002681270707398653,11.020797871984541,1.6640770686701083,2482153.0,7856.0,32.0,True,False
1,3,5892566520522087258,SPHINCS+-SHA2-128s-simple,0.026729193050414324,0.26415798999369144,0.0002939589321613312,22.518854341935366,1.4414754700356018,2482153.0,7856.0,32.0,True,False
1,3,10912449966880859628,SPHINCS+-SHA2-128s-simple,0.02271762490272522,0.1726354688871652,0.00026875012554228306,22.6624792648945,1.453576214016436,2482153.0,7856.0,32.0,True,False
1,3,2350208939190539465,SPHINCS+-SHA2-128s-simple,0.02211833093315363,0.17509906087070704,0.0002794968895614147,22.747325730044395,1.4612701874190626,2482153.0,7856.0,32.0,True,False
1,3,15300245958395461246,SPHINCS+-SHA2-128s-simple,0.02049221401102841,0.15494773699901998,0.00026451190933585167,22.966713870177045,1.451085043791384,2482153.0,7856.0,32.0,True,False
1,3,14438811783157080747,SPHINCS+-SHA2-128s-simple,0.020277773030102253,0.15144748403690755,0.0002717969473451376,10.65759824286215,1.4435334287512416,2482153.0,7856.0,32.0,True,False
1,4,15300245958395461246,SPHINCS+-SHA2-128s-simple,0.0388968619517982,0.2659615478478372,0.0003468310460448265,22.299311972921714,1.2983234936056045,2482153.0,7856.0,32.0,True,False
1,4,10912449966880859628,SPHINCS+-SHA2-128s-simple,0.03797818091697991,0.30516013293527067,0.0002681019250303507,22.638969033956528,1.2860776850590692,2482153.0,7856.0,32.0,True,False
1,4,2350208939190539465,SPHINCS+-SHA2-128s-simple,0.042247976176440716,0.23266396299004555,0.00027497694827616215,22.803952459944412,1.3060007550465031,2482153.0,7856.0,32.0,True,False
1,4,5892566520522087258,SPHINCS+-SHA2-128s-simple,0.02179309190250933,0.1573260340373963,0.0002773539163172245,22.96535770711489,1.3045948399141574,2482153.0,7856.0,32.0,True,False
1,4,14438811783157080747,SPHINCS+-SHA2-128s-simple,0.019975324161350727,0.16112178610637784,0.0002723278012126684,11.14584466186352,1.285141707609256,2482153.0,7856.0,32.0,True,False
1,5,5892566520522087258,SPHINCS+-SHA2-128s-simple,0.024194467114284635,0.1742289629764855,0.00032072304747998714,22.150128269102424,1.1841110914659958,2482153.0,7856.0,32.0,True,False
1,5,10912449966880859628,SPHINCS+-SHA2-128s-simple,0.022623638855293393,0.16922774608246982,0.0002776859328150749,22.324927132809535,1.1697127912372065,2482153.0,7856.0,32.0,True,False
1,5,2350208939190539465,SPHINCS+-SHA2-128s-simple,0.03785664890892804,0.20500212698243558,0.0002737038303166628,22.322622135048732,1.191594355593855,2482153.0,7856.0,32.0,True,False
1,5,15300245958395461246,SPHINCS+-SHA2-128s-simple,0.03880635998211801,0.15916534909047186,0.0002807818818837404,22.429239669814706,1.1768080654997415,2482153.0,7856.0,32.0,True,False
1,5,14438811783157080747,SPHINCS+-SHA2-128s-simple,0.020101920003071427,0.1505632819607854,0.0002683720085769892,10.767933528870344,1.1701707605736704,2482153.0,7856.0,32.0,True,False
1,6,2350208939190539465,SPHINCS+-SHA2-128s-simple,0.023342593107372522,0.26620291103608906,0.0003043289761990309,22.303010073956102,1.0898063350409364,2482153.0,7856.0,32.0,True,False
1,6,5892566520522087258,SPHINCS+-SHA2-128s-simple,0.03440157417207956,0.24080301797948778,0.0002918378449976444,22.668614837806672,1.0917139668434193,2482153.0,7856.0,32.0,True,False
1,6,10912449966880859628,SPHINCS+-SHA2-128s-simple,0.02127103297971189,0.15811138111166656,0.00027728499844670296,22.921320827910677,1.0671879563468714,2482153.0,7856.0,32.0,True,False
1,6,15300245958395461246,SPHINCS+-SHA2-128s-simple,0.02239113301038742,0.16424391721375287,0.0003309070598334074,22.87799161998555,1.0782806715264488,2482153.0,7856.0,32.0,True,False
1,6,14438811783157080747,SPHINCS+-SHA2-128s-simple,0.019973016111180186,0.1500078160315752,0.0002759830094873905,10.812159101013094,1.070044132276846,2482153.0,7856.0,32.0,True,False
1,7,15300245958395461246,SPHINCS+-SHA2-128s-simple,0.03256415901705623,0.2924536808859557,0.00037047010846436024,22.082515981048346,0.9861037554070592,2482153.0,7856.0,32.0,True,False
1,7,10912449966880859628,SPHINCS+-SHA2-128s-simple,0.02569692791439593,0.25718357996083796,0.0002851851750165224,22.42591420793906,0.9978349180267261,2482153.0,7856.0,32.0,True,False
1,7,5892566520522087258,SPHINCS+-SHA2-128s-simple,0.023953845025971532,0.15582209010608494,0.0003374679945409298,22.70810454385355,1.0026886573614784,2482153.0,7856.0,32.0,True,False
1,7,2350208939190539465,SPHINCS+-SHA2-128s-simple,0.03877855301834643,0.15781179699115455,0.00028715189546346664,22.740767010953277,1.0083364912877069,2482153.0,7856.0,32.0,True,False
1,7,14438811783157080747,SPHINCS+-SHA2-128s-simple,0.020613380009308457,0.15579779702238739,0.0002748530823737383,11.022189961979166,0.9842733557041461,2482153.0,7856.0,32.0,True,False
1,8,5892566520522087258,SPHINCS+-SHA2-128s-simple,0.03876160900108516,0.17984123202040792,0.00031604920513927937,21.940061709145084,0.9254483856713048,2482153.0,7856.0,32.0,True,False
1,8,2350208939190539465,SPHINCS+-SHA2-128s-simple,0.034088851884007454,0.17036587395705283,0.0002922709099948406,22.02651107800193,0.9324371536699728,2482153.0,7856.0,32.0,True,False
1,8,15300245958395461246,SPHINCS+-SHA2-128s-simple,0.022140204906463623,0.15625236788764596,0.00028887996450066566,22.181441975058988,0.9284494516377251,2482153.0,7856.0,32.0,True,False
1,8,10912449966880859628,SPHINCS+-SHA2-128s-simple,0.03879232797771692,0.19005665206350386,0.00028772582300007343,22.063696953002363,0.9217452191697142,2482153.0,7856.0,32.0,True,False
1,8,14438811783157080747,SPHINCS+-SHA2-128s-simple,0.020002525998279452,0.15118982712738216,0.00028129108250141144,10.821211001835763,0.9163766799452967,2482153.0,7856.0,32.0,True,False
1,9,5892566520522087258,SPHINCS+-SHA2-128s-simple,0.02585582109168172,0.25490296189673245,0.000323308864608407,22.53097394714132,0.8538666184717855,2482153.0,7856.0,32.0,True,False
1,9,10912449966880859628,SPHINCS+-SHA2-128s-simple,0.03925026301294565,0.16074006515555084,0.0002680770121514797,22.836615888867527,0.8635292509302925,2482153.0,7856.0,32.0,True,False
1,9,15300245958395461246,SPHINCS+-SHA2-128s-simple,0.03843075502663851,0.19221369083970785,0.0002755620516836643,22.79488771990873,0.8520169810365184,2482153.0,7856.0,32.0,True,False
1,9,2350208939190539465,SPHINCS+-SHA2-128s-simple,0.0345176518894732,0.15957377897575498,0.0002799960784614086,22.820240863133222,0.881998963154162,2482153.0,7856.0,32.0,True,False
1,9,14438811783157080747,SPHINCS+-SHA2-128s-simple,0.019902497995644808,0.15621441905386746,0.000278332969173789,10.71562314289622,0.8475349125580285,2482153.0,7856.0,32.0,True,False
1,10,2350208939190539465,SPHINCS+-SHA2-128s-simple,0.03338349889963865,0.30051010102033615,0.0003169151023030281,21.981083089020103,0.7912593949050568,2482153.0,7856.0,32.0,True,False
1,10,5892566520522087258,SPHINCS+-SHA2-128s-simple,0.0390109249856323,0.29731839802116156,0.0002802519593387842,22.408608031924814,0.8078526371774583,2482153.0,7856.0,32.0,True,False
1,10,15300245958395461246,SPHINCS+-SHA2-128s-simple,0.038654810981824994,0.2901629500556737,0.0002893321216106415,22.39992482191883,0.79307820307561,2482153.0,7856.0,32.0,True,False
1,10,10912449966880859628,SPHINCS+-SHA2-128s-simple,0.039557051146402955,0.2360758159775287,0.0002717110328376293,22.51604178803973,0.7933729862252744,2482153.0,7856.0,32.0,True,False
1,10,14438811783157080747,SPHINCS+-SHA2-128s-simple,0.020587155129760504,0.15966020291671157,0.0002760491333901882,11.153055026894435,0.772327717786399,2482153.0,7856.0,32.0,True,False
1,11,10912449966880859628,SPHINCS+-SHA2-128s-simple,0.036916329991072416,0.16993642901070416,0.0004180201794952154,22.000800842884928,0.7419292531645717,2482153.0,7856.0,32.0,True,False
1,11,5892566520522087258,SPHINCS+-SHA2-128s-simple,0.022743136854842305,0.1752592260017991,0.00027270405553281307,22.050946912029758,0.7343414363960108,2482153.0,7856.0,32.0,True,False
1,11,15300245958395461246,SPHINCS+-SHA2-128s-simple,0.024529776070266962,0.19020399800501764,0.0002654171548783779,22.210513099096715,0.7333511994860042,2482153.0,7856.0,32.0,True,False
1,11,2350208939190539465,SPHINCS+-SHA2-128s-simple,0.021432570880278945,0.15935534005984664,0.00033733597956597805,22.43617836991325,0.7397680194042742,2482153.0,7856.0,32.0,True,False
1,11,14438811783157080747,SPHINCS+-SHA2-128s-simple,0.02015091013163328,0.15049093589186668,0.00027694785967469215,10.982740012928843,0.7217860331122106,2482153.0,7856.0,32.0,True,False
1,12,15300245958395461246,SPHINCS+-SHA2-128s-simple,0.0234138211235404,0.2372950438875705,0.0002959580160677433,22.7676300520543,0.6726716139826912,2482153.0,7856.0,32.0,True,False
1,12,10912449966880859628,SPHINCS+-SHA2-128s-simple,0.032205295050516725,0.17701092595234513,0.0002815669868141413,22.92425782303326,0.690294334539971,2482153.0,7856.0,32.0,True,False
1,12,5892566520522087258,SPHINCS+-SHA2-128s-simple,0.03819281281903386,0.23983716685324907,0.0002683980856090784,22.94576088199392,0.6783629543960285,2482153.0,7856.0,32.0,True,False
1,12,2350208939190539465,SPHINCS+-SHA2-128s-simple,0.039515180978924036,0.18347650696523488,0.0002715908922255039,23.093181917909533,0.6826837403705707,2482153.0,7856.0,32.0,True,False
1,12,14438811783157080747,SPHINCS+-SHA2-128s-simple,0.02023913594894111,0.15048537380062044,0.0002870371099561453,10.76102970005013,0.6773798754944588,2482153.0,7856.0,32.0,True,False
1,13,15300245958395461246,SPHINCS+-SHA2-128s-simple,0.023538890993222594,0.26670091412961483,0.00028683990240097046,22.093604122987017,0.6322496148248831,2482153.0,7856.0,32.0,True,False
1,13,10912449966880859628,SPHINCS+-SHA2-128s-simple,0.029833246022462845,0.1978012379258871,0.0002719080075621605,22.305255135986954,0.6346407305603972,2482153.0,7856.0,32.0,True,False
1,13,5892566520522087258,SPHINCS+-SHA2-128s-simple,0.03598538809455931,0.19301941501908004,0.0002988590858876705,22.457537185167894,0.6444873053330583,2482153.0,7856.0,32.0,True,False
1,13,2350208939190539465,SPHINCS+-SHA2-128s-simple,0.026152946054935455,0.15714318212121725,0.0002733711153268814,22.614770321873948,0.6478388647254283,2482153.0,7856.0,32.0,True,False
1,13,14438811783157080747,SPHINCS+-SHA2-128s-simple,0.02071932191029191,0.15338531089946628,0.00026365206576883793,10.824985774001107,0.6055954513363183,2482153.0,7856.0,32.0,True,False
1,14,2350208939190539465,SPHINCS+-SHA2-128s-simple,0.02361167804338038,0.25155652104876935,0.0003075888380408287,22.147961314069107,0.5980137921750736,2482153.0,7856.0,32.0,True,False
1,14,15300245958395461246,SPHINCS+-SHA2-128s-simple,0.03837887616828084,0.16361022414639592,0.0002929740585386753,22.357327684992924,0.5768222679583409,2482153.0,7856.0,32.0,True,False
1,14,10912449966880859628,SPHINCS+-SHA2-128s-simple,0.03859291388653219,0.18753179698251188,0.0002714490983635187,22.284592054085806,0.589599006044598,2482153.0,7856.0,32.0,True,False
1,14,5892566520522087258,SPHINCS+-SHA2-128s-simple,0.04070831602439284,0.22366370004601777,0.0002954809460788965,22.330063074827194,0.5855588847384475,2482153.0,7856.0,32.0,True,False
1,14,14438811783157080747,SPHINCS+-SHA2-128s-simple,0.02005099900998175,0.15083977882750332,0.0002739890478551388,10.679164298111573,0.5816145668300196,2482153.0,7856.0,32.0,True,False
1,15,10912449966880859628,SPHINCS+-SHA2-128s-simple,0.03914548992179334,0.3123055479954928,0.00028593908064067364,21.99503007205203,0.5471152756541682,2482153.0,7856.0,32.0,True,False
1,15,2350208939190539465,SPHINCS+-SHA2-128s-simple,0.04381968011148274,0.274572768015787,0.0002674420829862356,22.153550735209137,0.5507554715981309,2482153.0,7856.0,32.0,True,False
1,15,15300245958395461246,SPHINCS+-SHA2-128s-simple,0.021750685991719365,0.1702065800782293,0.00026476988568902016,22.1958613388706,0.5476891844393537,2482153.0,7856.0,32.0,True,False
1,15,5892566520522087258,SPHINCS+-SHA2-128s-simple,0.020932000130414963,0.15602220501750708,0.000278951833024621,22.432846954092383,0.5549950570153733,2482153.0,7856.0,32.0,True,False
1,15,14438811783157080747,SPHINCS+-SHA2-128s-simple,0.02018399490043521,0.15132943587377667,0.00027262582443654537,10.806898491922766,0.5535319676628699,2482153.0,7856.0,32.0,True,False
1,16,5892566520522087258,SPHINCS+-SHA2-128s-simple,0.03910437296144664,0.30413008690811694,0.00030313199386000633,22.134145503863692,0.5285565544622013,2482153.0,7856.0,32.0,True,False
1,16,2350208939190539465,SPHINCS+-SHA2-128s-simple,0.044238877948373556,0.25010541500523686,0.00030272710137069225,22.235602722968906,0.5275358397739763,2482153.0,7856.0,32.0,True,False
1,16,15300245958395461246,SPHINCS+-SHA2-128s-simple,0.0386328820604831,0.2078037119936198,0.0002761390060186386,22.27181442710571,0.5157387802383294,2482153.0,7856.0,32.0,True,False
1,16,10912449966880859628,SPHINCS+-SHA2-128s-simple,0.021624796092510223,0.16434910101816058,0.00030461791902780533,22.428922405000776,0.5210127990347699,2482153.0,7856.0,32.0,True,False
1,16,14438811783157080747,SPHINCS+-SHA2-128s-simple,0.02001527394168079,0.18256194586865604,0.0002806189004331827,10.701495473040268,0.512157220107774,2482153.0,7856.0,32.0,True,False
1,17,15300245958395461246,SPHINCS+-SHA2-128s-simple,0.022090749815106392,0.17001341003924608,0.00030474085360765457,22.35294250305742,0.48017401131578147,2482153.0,7856.0,32.0,True,False
1,17,5892566520522087258,SPHINCS+-SHA2-128s-simple,0.037858593044802547,0.2044844450429082,0.00028652395121753216,22.218403891893104,0.49907784754285417,2482153.0,7856.0,32.0,True,False
1,17,10912449966880859628,SPHINCS+-SHA2-128s-simple,0.022747925017029047,0.2348150738980621,0.0002811551094055176,22.439777950989082,0.48957114095409837,2482153.0,7856.0,32.0,True,False
1,17,2350208939190539465,SPHINCS+-SHA2-128s-simple,0.02232574112713337,0.15565553912892938,0.00027846405282616615,22.479707262013108,0.48072386289033264,2482153.0,7856.0,32.0,True,False
1,17,14438811783157080747,SPHINCS+-SHA2-128s-simple,0.020136172883212566,0.15215908992104232,0.0002880718093365431,10.907775211147964,0.4851141469225811,2482153.0,7856.0,32.0,True,False
1,18,2350208939190539465,SPHINCS+-SHA2-128s-simple,0.023840479087084532,0.1804416310042143,0.00030815997160971165,21.95569365704432,0.459457931242669,2482153.0,7856.0,32.0,True,False
1,18,10912449966880859628,SPHINCS+-SHA2-128s-simple,0.03911885106936097,0.2642629670444876,0.00027643702924251556,22.20414017001167,0.452235059390148,2482153.0,7856.0,32.0,True,False
1,18,5892566520522087258,SPHINCS+-SHA2-128s-simple,0.032884566113352776,0.20038750884123147,0.00027664005756378174,22.196454560151324,0.4514480297135326,2482153.0,7856.0,32.0,True,False
1,18,15300245958395461246,SPHINCS+-SHA2-128s-simple,0.02167015802115202,0.16097322292625904,0.00027974299155175686,22.344830089015886,0.43320086210692366,2482153.0,7856.0,32.0,True,False
1,18,14438811783157080747,SPHINCS+-SHA2-128s-simple,0.020354887936264277,0.15089117316529155,0.00028125918470323086,10.828780044103041,0.461265826056274,2482153.0,7856.0,32.0,True,False
1,19,15300245958395461246,SPHINCS+-SHA2-128s-simple,0.03681050497107208,0.28959800605662167,0.0003012318629771471,21.799586775014177,0.41397351790041015,2482153.0,7856.0,32.0,True,False
1,19,5892566520522087258,SPHINCS+-SHA2-128s-simple,0.04118538904003799,0.21275374293327332,0.00026740413159132004,22.535974942147732,0.4300961868700604,2482153.0,7856.0,32.0,True,False
1,19,10912449966880859628,SPHINCS+-SHA2-128s-simple,0.022710927994921803,0.17805581400170922,0.0002679710742086172,22.422788315918297,0.42862341992152386,2482153.0,7856.0,32.0,True,False
1,19,2350208939190539465,SPHINCS+-SHA2-128s-simple,0.021718950010836124,0.15823155199177563,0.0002799269277602434,22.696473280200735,0.43464878139594876,2482153.0,7856.0,32.0,True,False
1,19,14438811783157080747,SPHINCS+-SHA2-128s-simple,0.019883133005350828,0.1541958029847592,0.0002768258564174175,10.883594792103395,0.41638303250252917,2482153.0,7856.0,32.0,True,False
1,20,5892566520522087258,SPHINCS+-SHA2-128s-simple,0.03881010599434376,0.24675544607453048,0.00028915912844240665,21.718809564830735,0.4100365451218697,2482153.0,7856.0,32.0,True,False
1,20,2350208939190539465,SPHINCS+-SHA2-128s-simple,0.03169621108099818,0.27384217106737196,0.00027445401065051556,21.971642118878663,0.39549560454516364,2482153.0,7856.0,32.0,True,False
1,20,10912449966880859628,SPHINCS+-SHA2-128s-simple,0.038730446016415954,0.16981966700404882,0.0002661950420588255,22.001140538137406,0.3970038643457924,2482153.0,7856.0,32.0,True,False
1,20,15300245958395461246,SPHINCS+-SHA2-128s-simple,0.02034863899461925,0.15396089619025588,0.0002830219455063343,22.421124908141792,0.38209090282479985,2482153.0,7856.0,32.0,True,False
1,20,14438811783157080747,SPHINCS+-SHA2-128s-simple,0.020057091023772955,0.15140018914826214,0.00029424182139337063,10.947574004996568,0.4245586795434832,2482153.0,7856.0,32.0,True,False
1,21,5892566520522087258,SPHINCS+-SHA2-128s-simple,0.03905376698821783,0.31874051899649203,0.000322963809594512,22.399631139822304,0.4040923265787883,2482153.0,7856.0,32.0,True,False
1,21,15300245958395461246,SPHINCS+-SHA2-128s-simple,0.043367773992940784,0.26999082090333104,0.00029601086862385273,22.522946730954573,0.3543377500771286,2482153.0,7856.0,32.0,True,False
1,21,10912449966880859628,SPHINCS+-SHA2-128s-simple,0.037596217822283506,0.1703204489313066,0.0002766780089586973,22.504019657848403,0.3820106968188438,2482153.0,7856.0,32.0,True,False
1,21,2350208939190539465,SPHINCS+-SHA2-128s-simple,0.020515537820756435,0.1600310120265931,0.0002921579871326685,22.86316736508161,0.3653066788856595,2482153.0,7856.0,32.0,True,False
1,21,14438811783157080747,SPHINCS+-SHA2-128s-simple,0.020112513098865747,0.15126732783392072,0.000271758995950222,10.870601224014536,0.39908835036567036,2482153.0,7856.0,32.0,True,False
1,22,2350208939190539465,SPHINCS+-SHA2-128s-simple,0.026115122949704528,0.22009058203548193,0.000318372854962945,22.656436753924936,0.35043639750681077,2482153.0,7856.0,32.0,True,False
1,22,5892566520522087258,SPHINCS+-SHA2-128s-simple,0.03716737194918096,0.28936232905834913,0.00027391803450882435,22.739084493834525,0.363928258902551,2482153.0,7856.0,32.0,True,False
1,22,10912449966880859628,SPHINCS+-SHA2-128s-simple,0.029618089087307453,0.1661406490020454,0.00029727397486567497,23.078583077993244,0.3714967135149545,2482153.0,7856.0,32.0,True,False
1,22,15300245958395461246,SPHINCS+-SHA2-128s-simple,0.02052480890415609,0.15420337789691985,0.0002725538797676563,23.229128052014858,0.3405633969024157,2482153.0,7856.0,32.0,True,False
1,22,14438811783157080747,SPHINCS+-SHA2-128s-simple,0.02032505883835256,0.15100691094994545,0.0002632818650454283,10.819679426029325,0.351954042497939,2482153.0,7856.0,32.0,True,False
1,23,10912449966880859628,SPHINCS+-SHA2-128s-simple,0.03772466513328254,0.3104890191461891,0.00029522087424993515,21.84246411989443,0.35316100480040896,2482153.0,7856.0,32.0,True,False
1,23,15300245958395461246,SPHINCS+-SHA2-128s-simple,0.03295535780489445,0.174131483072415,0.0002658718731254339,22.108947332017124,0.3448495244214567,2482153.0,7856.0,32.0,True,False
1,23,2350208939190539465,SPHINCS+-SHA2-128s-simple,0.04393017711117864,0.23328300891444087,0.00032382411882281303,22.007444963091984,0.33428961045135513,2482153.0,7856.0,32.0,True,False
1,23,5892566520522087258,SPHINCS+-SHA2-128s-simple,0.020709185861051083,0.16488913795910776,0.000265433918684721,22.177908769110218,0.3287730330166916,2482153.0,7856.0,32.0,True,False
1,23,14438811783157080747,SPHINCS+-SHA2-128s-simple,0.02041900297626853,0.15091311605647206,0.00027166493237018585,10.846667475998402,0.3438074461938724,2482153.0,7856.0,32.0,True,False
1,24,15300245958395461246,SPHINCS+-SHA2-128s-simple,0.03404173394665122,0.28976456308737397,0.000312787014991045,22.524648558115587,0.3220156511610237,2482153.0,7856.0,32.0,True,False
1,24,10912449966880859628,SPHINCS+-SHA2-128s-simple,0.038636603858321905,0.2597245750948787,0.00026733195409178734,22.427948015974835,0.3135803003286639,2482153.0,7856.0,32.0,True,False
1,24,5892566520522087258,SPHINCS+-SHA2-128s-simple,0.03308981494046748,0.15941685205325484,0.0002687301021069288,22.720123601146042,0.3257479175609855,2482153.0,7856.0,32.0,True,False
1,24,2350208939190539465,SPHINCS+-SHA2-128s-simple,0.041026470018550754,0.16951257502660155,0.00030872784554958344,22.869520671200007,0.3220279293578154,2482153.0,7856.0,32.0,True,False
1,24,14438811783157080747,SPHINCS+-SHA2-128s-simple,0.019986622966825962,0.1506681691389531,0.0002706451341509819,10.762009672122076,0.3312941774675331,2482153.0,7856.0,32.0,True,False
1,25,10912449966880859628,SPHINCS+-SHA2-128s-simple,0.03685328597202897,0.2239228228572756,0.0003045459743589163,22.751990907127038,0.2943832701929033,2482153.0,7856.0,32.0,True,False
1,25,15300245958395461246,SPHINCS+-SHA2-128s-simple,0.023933683056384325,0.18666771706193686,0.000281838933005929,22.92846476798877,0.3004217696228859,2482153.0,7856.0,32.0,True,False
1,25,5892566520522087258,SPHINCS+-SHA2-128s-simple,0.02357788593508303,0.2324521120171994,0.00027930201031267643,22.88639606302604,0.31247291902002816,2482153.0,7856.0,32.0,True,False
1,25,2350208939190539465,SPHINCS+-SHA2-128s-simple,0.03293132199905813,0.15453675808385015,0.000281717861071229,23.160048748133704,0.2855255788117022,2482153.0,7856.0,32.0,True,False
1,25,14438811783157080747,SPHINCS+-SHA2-128s-simple,0.02081384905613959,0.15138552198186517,0.0002812221646308899,10.957707480993122,0.3251418099179269,2482153.0,7856.0,32.0,True,False
1,26,10912449966880859628,SPHINCS+-SHA2-128s-simple,0.033199695171788335,0.25674348580650985,0.000288947019726038,22.59961641812697,0.306427430599547,2482153.0,7856.0,32.0,True,False
1,26,5892566520522087258,SPHINCS+-SHA2-128s-simple,0.03056124411523342,0.2287762388586998,0.0002811460290104151,22.966981508070603,0.31940996546421746,2482153.0,7856.0,32.0,True,False
1,26,15300245958395461246,SPHINCS+-SHA2-128s-simple,0.03717005788348615,0.23157917195931077,0.0002817430067807436,23.01905018882826,0.2947642464739696,2482153.0,7856.0,32.0,True,False
1,26,2350208939190539465,SPHINCS+-SHA2-128s-simple,0.03710728301666677,0.1569507410749793,0.0002714041620492935,23.226747528882697,0.28950389625189216,2482153.0,7856.0,32.0,True,False
1,26,14438811783157080747,SPHINCS+-SHA2-128s-simple,0.020162550965324044,0.15111916605383158,0.0003154091536998749,10.769426536979154,0.3078191786552199,2482153.0,7856.0,32.0,True,False
1,27,2350208939190539465,SPHINCS+-SHA2-128s-simple,0.02352582197636366,0.2260742629878223,0.00028997519984841347,22.368926109047607,0.2864747120672986,2482153.0,7856.0,32.0,True,False
1,27,10912449966880859628,SPHINCS+-SHA2-128s-simple,0.03421716601587832,0.1681532298680395,0.00027139997109770775,22.619134244974703,0.2782967372413594,2482153.0,7856.0,32.0,True,False
1,27,15300245958395461246,SPHINCS+-SHA2-128s-simple,0.02200940204784274,0.17233914602547884,0.0002724798396229744,22.689686374971643,0.2665749455760486,2482153.0,7856.0,32.0,True,False
1,27,5892566520522087258,SPHINCS+-SHA2-128s-simple,0.0217629570979625,0.15434594405815005,0.00039221206679940224,22.81895725009963,0.29971448796319244,2482153.0,7856.0,32.0,True,False
1,27,14438811783157080747,SPHINCS+-SHA2-128s-simple,0.019999647047370672,0.15050960099324584,0.00027144700288772583,10.727657943964005,0.2932136952631568,2482153.0,7856.0,32.0,True,False
1,28,10912449966880859628,SPHINCS+-SHA2-128s-simple,0.03234081994742155,0.1718817730434239,0.00028742500580847263,22.66004978888668,0.2794934661728672,2482153.0,7856.0,32.0,True,False
1,28,2350208939190539465,SPHINCS+-SHA2-128s-simple,0.03862959984689951,0.2938432740047574,0.0002965410239994526,22.735389983979985,0.2668372964287123,2482153.0,7856.0,32.0,True,False
1,28,5892566520522087258,SPHINCS+-SHA2-128s-simple,0.020792335039004683,0.15961670503020287,0.00028912792913615704,23.059932086849585,0.2715155150147732,2482153.0,7856.0,32.0,True,False
1,28,15300245958395461246,SPHINCS+-SHA2-128s-simple,0.042616988997906446,0.18056990602053702,0.0002715310547500849,22.995595067972317,0.25592729100546896,2482153.0,7856.0,32.0,True,False
1,28,14438811783157080747,SPHINCS+-SHA2-128s-simple,0.01995404902845621,0.14987312094308436,0.0002686670050024986,10.98035035119392,0.2796221112206834,2482153.0,7856.0,32.0,True,False
1,29,10912449966880859628,SPHINCS+-SHA2-128s-simple,0.02348909410648048,0.21238570008426905,0.000303835142403841,22.67745245504193,0.25815568143240036,2482153.0,7856.0,32.0,True,False
1,29,2350208939190539465,SPHINCS+-SHA2-128s-simple,0.02130188886076212,0.16318189911544323,0.00026991497725248337,22.962677052011713,0.25249080230651527,2482153.0,7856.0,32.0,True,False
1,29,5892566520522087258,SPHINCS+-SHA2-128s-simple,0.023478148970752954,0.16435730992816389,0.00027003209106624126,22.918438697000965,0.2533431526998016,2482153.0,7856.0,32.0,True,False
1,29,15300245958395461246,SPHINCS+-SHA2-128s-simple,0.023178556002676487,0.16134095913730562,0.00026434799656271935,22.929416649974883,0.2604646898892384,2482153.0,7856.0,32.0,True,False
1,29,14438811783157080747,SPHINCS+-SHA2-128s-simple,0.02016261895187199,0.15175131103023887,0.0005674159619957209,11.0126190809533,0.26142092474911827,2482153.0,7856.0,32.0,True,False
1,30,5892566520522087258,SPHINCS+-SHA2-128s-simple,0.039781947154551744,0.21005099592730403,0.00029741181060671806,22.225958805065602,0.2687057549432932,2482153.0,7856.0,32.0,True,False
1,30,2350208939190539465,SPHINCS+-SHA2-128s-simple,0.038140662014484406,0.24086908414028585,0.000267199007794261,22.36863356293179,0.2670587504995963,2482153.0,7856.0,32.0,True,False
1,30,10912449966880859628,SPHINCS+-SHA2-128s-simple,0.023270419100299478,0.17354748211801052,0.00030743307434022427,22.398346678819507,0.2552164960355043,2482153.0,7856.0,32.0,True,False
1,30,15300245958395461246,SPHINCS+-SHA2-128s-simple,0.020639751804992557,0.1564481200184673,0.0002695689909160137,22.500859978841618,0.24736941919978947,2482153.0,7856.0,32.0,True,False
1,30,14438811783157080747,SPHINCS+-SHA2-128s-simple,0.01994194695726037,0.15457178512588143,0.00028877402655780315,10.958544975845143,0.2508780755304966,2482153.0,7856.0,32.0,True,False
2,1,5124363352141389123,SPHINCS+-SHA2-128s-simple,0.04190536914393306,0.26043325616046786,0.00031619518995285034,21.75449385587126,1.945201638788461,2482153.0,7856.0,32.0,True,False
2,1,16753213591554643366,SPHINCS+-SHA2-128s-simple,0.03684901096858084,0.21263827895745635,0.00037736701779067516,22.03458875999786,1.932773409940945,2482153.0,7856.0,32.0,True,False
2,1,18430415053174853433,SPHINCS+-SHA2-128s-simple,0.040228307945653796,0.2092105138581246,0.0002849248703569174,22.215149079915136,1.9538505420136376,2482153.0,7856.0,32.0,True,False
2,1,16611593602975399180,SPHINCS+-SHA2-128s-simple,0.02430890593677759,0.2555189549457282,0.00028384802863001823,21.859732816927135,1.9516492335560223,2482153.0,7856.0,32.0,True,False
2,1,5666768459443209028,SPHINCS+-SHA2-128s-simple,0.021235340973362327,0.15262543805874884,0.00027999398298561573,10.723540507024154,1.9123577896398478,2482153.0,7856.0,32.0,True,False
2,2,16611593602975399180,SPHINCS+-SHA2-128s-simple,0.03186475415714085,0.18372165807522833,0.00029473286122083664,22.082717545796186,1.6945788090983138,2482153.0,7856.0,32.0,True,False
2,2,18430415053174853433,SPHINCS+-SHA2-128s-simple,0.03549851896241307,0.2056264951825142,0.0002950979396700859,22.112459050957114,1.6610782866279918,2482153.0,7856.0,32.0,True,False
2,2,5124363352141389123,SPHINCS+-SHA2-128s-simple,0.03773347311653197,0.22639355901628733,0.0002965570893138647,22.200816018972546,1.6678348364540563,2482153.0,7856.0,32.0,True,False
2,2,16753213591554643366,SPHINCS+-SHA2-128s-simple,0.03919180599041283,0.17656329204328358,0.0002746819518506527,22.284108025953174,1.6960987880968819,2482153.0,7856.0,32.0,True,False
2,2,5666768459443209028,SPHINCS+-SHA2-128s-simple,0.020295890979468822,0.15074267284944654,0.0002721098717302084,10.847318873973563,1.6939191330736056,2482153.0,7856.0,32.0,True,False
2,3,18430415053174853433,SPHINCS+-SHA2-128s-simple,0.0375611858908087,0.28427535598166287,0.00029679713770747185,22.357809378998354,1.5053814971408905,2482153.0,7856.0,32.0,True,False
2,3,5124363352141389123,SPHINCS+-SHA2-128s-simple,0.02229566196911037,0.17504311702214181,0.000270692165941,22.661235057981685,1.490658904036013,2482153.0,7856.0,32.0,True,False
2,3,16753213591554643366,SPHINCS+-SHA2-128s-simple,0.024403985124081373,0.15509476489387453,0.00027250288985669613,22.839714135043323,1.4869865651328724,2482153.0,7856.0,32.0,True,False
2,3,16611593602975399180,SPHINCS+-SHA2-128s-simple,0.03977119200862944,0.15948981908150017,0.00027130101807415485,22.849280308932066,1.5085110003574969,2482153.0,7856.0,32.0,True,False
2,3,5666768459443209028,SPHINCS+-SHA2-128s-simple,0.019788262899965048,0.15026005287654698,0.00027977488934993744,10.983228757977486,1.5146386261565237,2482153.0,7856.0,32.0,True,False
2,4,5124363352141389123,SPHINCS+-SHA2-128s-simple,0.03764799190685153,0.306369517929852,0.0002934979274868965,22.051215417915955,1.3594851080601968,2482153.0,7856.0,32.0,True,False
2,4,16611593602975399180,SPHINCS+-SHA2-128s-simple,0.02250792016275227,0.16683551319874823,0.00026523182168602943,22.220503174932674,1.366239199242272,2482153.0,7856.0,32.0,True,False
2,4,18430415053174853433,SPHINCS+-SHA2-128s-simple,0.023243272909894586,0.15842065820470452,0.00027525494806468487,22.419373919954523,1.371611182110759,2482153.0,7856.0,32.0,True,False
2,4,16753213591554643366,SPHINCS+-SHA2-128s-simple,0.042761990800499916,0.2963171519804746,0.0004623651038855314,22.191990301012993,1.3728304551051447,2482153.0,7856.0,32.0,True,False
2,4,5666768459443209028,SPHINCS+-SHA2-128s-simple,0.020312051055952907,0.15413192193955183,0.0002864520065486431,10.674421340925619,1.3520064003551349,2482153.0,7856.0,32.0,True,False
2,5,18430415053174853433,SPHINCS+-SHA2-128s-simple,0.03585203504189849,0.2722435260657221,0.00030167587101459503,21.82023158390075,1.2543670504618758,2482153.0,7856.0,32.0,True,False
2,5,16753213591554643366,SPHINCS+-SHA2-128s-simple,0.023199872113764286,0.17175293201580644,0.0003104540519416332,21.925285880919546,1.2502190491642815,2482153.0,7856.0,32.0,True,False
2,5,5124363352141389123,SPHINCS+-SHA2-128s-simple,0.023209728999063373,0.1595548519399017,0.00026986096054315567,22.13956196885556,1.2488558124810363,2482153.0,7856.0,32.0,True,False
2,5,16611593602975399180,SPHINCS+-SHA2-128s-simple,0.02071771607734263,0.15512588596902788,0.0002789811696857214,22.224637310951948,1.255018601402307,2482153.0,7856.0,32.0,True,False
2,5,5666768459443209028,SPHINCS+-SHA2-128s-simple,0.020494164200499654,0.15180913894437253,0.0002770868595689535,10.993179538054392,1.2489419642347879,2482153.0,7856.0,32.0,True,False
2,6,16753213591554643366,SPHINCS+-SHA2-128s-simple,0.035246815998107195,0.2169589379336685,0.000303064938634634,22.531199272954836,1.1582826233138672,2482153.0,7856.0,32.0,True,False
2,6,18430415053174853433,SPHINCS+-SHA2-128s-simple,0.02324429410509765,0.20320796594023705,0.0002865009009838104,22.564470906974748,1.1494393582922964,2482153.0,7856.0,32.0,True,False
2,6,5124363352141389123,SPHINCS+-SHA2-128s-simple,0.022578852949663997,0.15843624691478908,0.0002646429929882288,22.69723653793335,1.1656633308901192,2482153.0,7856.0,32.0,True,False
2,6,16611593602975399180,SPHINCS+-SHA2-128s-simple,0.02956616715528071,0.15644215885549784,0.0002878890372812748,22.75017693010159,1.163192520126367,2482153.0,7856.0,32.0,True,False
2,6,5666768459443209028,SPHINCS+-SHA2-128s-simple,0.026187635026872158,0.15105096506886184,0.0002851570025086403,10.86235941015184,1.179755903280581,2482153.0,7856.0,32.0,True,False
2,7,5124363352141389123,SPHINCS+-SHA2-128s-simple,0.025380751118063927,0.2646244619973004,0.0003855610266327858,21.997193138115108,1.0840693020972962,2482153.0,7856.0,32.0,True,False
2,7,18430415053174853433,SPHINCS+-SHA2-128s-simple,0.02336792997084558,0.23397662886418402,0.00036489195190370083,22.04435240989551,1.0627176324589946,2482153.0,7856.0,32.0,True,False
2,7,16611593602975399180,SPHINCS+-SHA2-128s-simple,0.021985377883538604,0.2219424401409924,0.00030317995697259903,22.174027289962396,1.0672040547425754,2482153.0,7856.0,32.0,True,False
2,7,16753213591554643366,SPHINCS+-SHA2-128s-simple,0.021517247892916203,0.16599251911975443,0.0003475700505077839,22.435563189908862,1.0648576053567589,2482153.0,7856.0,32.0,True,False
2,7,5666768459443209028,SPHINCS+-SHA2-128s-simple,0.02051086211577058,0.15992301306687295,0.00028163683600723743,10.652026491938159,1.0738519060725984,2482153.0,7856.0,32.0,True,False
2,8,18430415053174853433,SPHINCS+-SHA2-128s-simple,0.03443100489675999,0.2856819601729512,0.00029739411547780037,21.765695468056947,0.9888522831586223,2482153.0,7856.0,32.0,True,False
2,8,16753213591554643366,SPHINCS+-SHA2-128s-simple,0.04389046295545995,0.20597825315780938,0.00027469079941511154,21.950047967024148,0.982801871939589,2482153.0,7856.0,32.0,True,False
2,8,5124363352141389123,SPHINCS+-SHA2-128s-simple,0.023267068900167942,0.15870857192203403,0.0002636939752846956,22.067707285983488,0.9679953056021621,2482153.0,7856.0,32.0,True,False
2,8,16611593602975399180,SPHINCS+-SHA2-128s-simple,0.02113103400915861,0.15581398294307292,0.00032034912146627903,22.1140913029667,0.995350780483252,2482153.0,7856.0,32.0,True,False
2,8,5666768459443209028,SPHINCS+-SHA2-128s-simple,0.02071565412916243,0.15365406987257302,0.00026670796796679497,10.85718363407068,0.9994198638981524,2482153.0,7856.0,32.0,True,False
2,9,16611593602975399180,SPHINCS+-SHA2-128s-simple,0.033353250939399004,0.25161516200751066,0.0002922790590673685,22.341158773051575,0.9305683112563417,2482153.0,7856.0,32.0,True,False
2,9,5124363352141389123,SPHINCS+-SHA2-128s-simple,0.022107127122581005,0.15721046808175743,0.00027380790561437607,22.744314735988155,0.8900165057029968,2482153.0,7856.0,32.0,True,False
2,9,16753213591554643366,SPHINCS+-SHA2-128s-simple,0.03915454284287989,0.17097258497960865,0.00027851411141455173,22.68070823699236,0.9205516791000915,2482153.0,7856.0,32.0,True,False
2,9,18430415053174853433,SPHINCS+-SHA2-128s-simple,0.03788920002989471,0.21212332299910486,0.0002758230548352003,22.65967809711583,0.9163311026728572,2482153.0,7856.0,32.0,True,False
2,9,5666768459443209028,SPHINCS+-SHA2-128s-simple,0.020211792085319757,0.14974243403412402,0.0002777939662337303,10.847723274957389,0.9154642124335987,2482153.0,7856.0,32.0,True,False
2,10,5124363352141389123,SPHINCS+-SHA2-128s-simple,0.037086631869897246,0.2717948688659817,0.0005286771338433027,21.732560814823955,0.838157102418022,2482153.0,7856.0,32.0,True,False
2,10,16753213591554643366,SPHINCS+-SHA2-128s-simple,0.025355596095323563,0.17163252318277955,0.00032156193628907204,21.954865193925798,0.8423548179883926,2482153.0,7856.0,32.0,True,False
2,10,18430415053174853433,SPHINCS+-SHA2-128s-simple,0.038511972874403,0.19870352582074702,0.00027095386758446693,22.091229452984408,0.8565155527652643,2482153.0,7856.0,32.0,True,False
2,10,16611593602975399180,SPHINCS+-SHA2-128s-simple,0.03949349094182253,0.1955555290915072,0.000447375001385808,22.08731510792859,0.8714453379947918,2482153.0,7856.0,32.0,True,False
2,10,5666768459443209028,SPHINCS+-SHA2-128s-simple,0.020669108955189586,0.1797844059765339,0.00029256497509777546,10.762179787969217,0.8579734343880663,2482153.0,7856.0,32.0,True,False
2,11,5124363352141389123,SPHINCS+-SHA2-128s-simple,0.038873923011124134,0.2683856680523604,0.0003147800453007221,21.879689505090937,0.7699838203553575,2482153.0,7856.0,32.0,True,False
2,11,16611593602975399180,SPHINCS+-SHA2-128s-simple,0.025728818960487843,0.1589398819487542,0.00028433604165911674,22.175514654954895,0.8113767921258086,2482153.0,7856.0,32.0,True,False
2,11,18430415053174853433,SPHINCS+-SHA2-128s-simple,0.03905162285082042,0.16769389808177948,0.0002763960510492325,22.258163740858436,0.783068816644696,2482153.0,7856.0,32.0,True,False
2,11,16753213591554643366,SPHINCS+-SHA2-128s-simple,0.03861272498033941,0.20632010092958808,0.00027023209258913994,22.115907482104376,0.7898783735669078,2482153.0,7856.0,32.0,True,False
2,11,5666768459443209028,SPHINCS+-SHA2-128s-simple,0.02072588005103171,0.1544861290603876,0.00030473689548671246,10.96845548111014,0.8099193364477005,2482153.0,7856.0,32.0,True,False
2,12,18430415053174853433,SPHINCS+-SHA2-128s-simple,0.03611623984761536,0.18628977215848863,0.00031473697163164616,22.537233302136883,0.7092137762818473,2482153.0,7856.0,32.0,True,False
2,12,5124363352141389123,SPHINCS+-SHA2-128s-simple,0.02265068213455379,0.17156550497747958,0.00027909898199141026,22.575829273089767,0.701339842983709,2482153.0,7856.0,32.0,True,False
2,12,16611593602975399180,SPHINCS+-SHA2-128s-simple,0.022646857192739844,0.15871548582799733,0.0002693969290703535,22.74655150412582,0.7675027630675715,2482153.0,7856.0,32.0,True,False
2,12,16753213591554643366,SPHINCS+-SHA2-128s-simple,0.022115146974101663,0.17797673516906798,0.0003210620488971472,22.776370418956503,0.7341583515889347,2482153.0,7856.0,32.0,True,False
2,12,5666768459443209028,SPHINCS+-SHA2-128s-simple,0.020156020065769553,0.15116511192172766,0.0002709610853344202,11.19180472404696,0.7282356260397944,2482153.0,7856.0,32.0,True,False
2,13,16611593602975399180,SPHINCS+-SHA2-128s-simple,0.039204718079417944,0.2969152629375458,0.0003357629757374525,21.891773676034063,0.7088185059138761,2482153.0,7856.0,32.0,True,False
2,13,5124363352141389123,SPHINCS+-SHA2-128s-simple,0.043919318122789264,0.20208499301224947,0.00028364802710711956,22.11772684007883,0.6669757826069292,2482153.0,7856.0,32.0,True,False
2,13,18430415053174853433,SPHINCS+-SHA2-128s-simple,0.0335950730368495,0.1748287519440055,0.0002799800131469965,22.16305871703662,0.6786142531008766,2482153.0,7856.0,32.0,True,False
2,13,16753213591554643366,SPHINCS+-SHA2-128s-simple,0.03699042112566531,0.22587931691668928,0.0002805578988045454,22.16354778711684,0.6843169252522076,2482153.0,7856.0,32.0,True,False
2,13,5666768459443209028,SPHINCS+-SHA2-128s-simple,0.020935114938765764,0.15423902310431004,0.0003972579725086689,11.071241023018956,0.6782500686736914,2482153.0,7856.0,32.0,True,False
2,14,16753213591554643366,SPHINCS+-SHA2-128s-simple,0.03342966199852526,0.257230618968606,0.0002936029341071844,22.011988958111033,0.6240282036102237,2482153.0,7856.0,32.0,True,False
2,14,18430415053174853433,SPHINCS+-SHA2-128s-simple,0.0311055441852659,0.26021220395341516,0.00031607598066329956,22.256599368993193,0.6326800764630587,2482153.0,7856.0,32.0,True,False
2,14,5124363352141389123,SPHINCS+-SHA2-128s-simple,0.03785706590861082,0.22605898417532444,0.0002849278971552849,22.30131463194266,0.6108343617175334,2482153.0,7856.0,32.0,True,False
2,14,16611593602975399180,SPHINCS+-SHA2-128s-simple,0.021080252015963197,0.1541672539897263,0.00028871488757431507,22.720431276829913,0.6700105612127545,2482153.0,7856.0,32.0,True,False
2,14,5666768459443209028,SPHINCS+-SHA2-128s-simple,0.020157746970653534,0.15059339394792914,0.00027984892949461937,10.863804751075804,0.6352963478039628,2482153.0,7856.0,32.0,True,False
2,15,5124363352141389123,SPHINCS+-SHA2-128s-simple,0.02442045183852315,0.19423086498863995,0.0002927470486611128,22.555313673103228,0.5672945213108398,2482153.0,7856.0,32.0,True,False
2,15,16611593602975399180,SPHINCS+-SHA2-128s-simple,0.03742499207146466,0.20272351312451065,0.000333437230437994,22.540620547020808,0.6008529123811486,2482153.0,7856.0,32.0,True,False
2,15,18430415053174853433,SPHINCS+-SHA2-128s-simple,0.02285803505219519,0.23197015305049717,0.00027297716587781906,22.668668263126165,0.5783351058134446,2482153.0,7856.0,32.0,True,False
2,15,16753213591554643366,SPHINCS+-SHA2-128s-simple,0.033201966900378466,0.1547219951171428,0.0002716819290071726,22.81597244599834,0.5737718757206258,2482153.0,7856.0,32.0,True,False
2,15,5666768459443209028,SPHINCS+-SHA2-128s-simple,0.020386795047670603,0.15165182203054428,0.0002994779497385025,10.757045638049021,0.5985741193254535,2482153.0,7856.0,32.0,True,False
2,16,5124363352141389123,SPHINCS+-SHA2-128s-simple,0.02525312197394669,0.17117197695188224,0.00032639713026583195,22.177154013887048,0.5414590911624341,2482153.0,7856.0,32.0,True,False
2,16,18430415053174853433,SPHINCS+-SHA2-128s-simple,0.029484765138477087,0.26882420596666634,0.00030821398831903934,22.150989991845563,0.5449607248682851,2482153.0,7856.0,32.0,True,False
2,16,16753213591554643366,SPHINCS+-SHA2-128s-simple,0.039639129070565104,0.15658990782685578,0.00038722995668649673,22.56149039696902,0.5648105264709781,2482153.0,7856.0,32.0,True,False
2,16,16611593602975399180,SPHINCS+-SHA2-128s-simple,0.04077181592583656,0.15696542197838426,0.0003248348366469145,22.55118208611384,0.5411598578262062,2482153.0,7856.0,32.0,True,False
2,16,5666768459443209028,SPHINCS+-SHA2-128s-simple,0.020452263997867703,0.1565061139408499,0.000282705994322896,11.018068400910124,0.5552134049919467,2482153.0,7856.0,32.0,True,False
2,17,18430415053174853433,SPHINCS+-SHA2-128s-simple,0.03887455281801522,0.2708513350225985,0.000284483190625906,21.505082983057946,0.51283493413093,2482153.0,7856.0,32.0,True,False
2,17,5124363352141389123,SPHINCS+-SHA2-128s-simple,0.022878499003127217,0.24999952991493046,0.0002692288253456354,22.025546892080456,0.515908840174873,2482153.0,7856.0,32.0,True,False
2,17,16753213591554643366,SPHINCS+-SHA2-128s-simple,0.03539794799871743,0.1555570950731635,0.00028022006154060364,22.298298354959115,0.516675872793689,2482153.0,7856.0,32.0,True,False
2,17,16611593602975399180,SPHINCS+-SHA2-128s-simple,0.03648639493621886,0.1552064660936594,0.0002841581590473652,22.29150975192897,0.5407360699206305,2482153.0,7856.0,32.0,True,False
2,17,5666768459443209028,SPHINCS+-SHA2-128s-simple,0.020305467071011662,0.15015917900018394,0.0002846859861165285,10.769699944881722,0.527414779562634,2482153.0,7856.0,32.0,True,False
2,18,18430415053174853433,SPHINCS+-SHA2-128s-simple,0.038529430981725454,0.2917902390472591,0.0003196869511157274,22.504719991935417,0.49185503276582726,2482153.0,7856.0,32.0,True,False
2,18,16753213591554643366,SPHINCS+-SHA2-128s-simple,0.022987197153270245,0.16734280809760094,0.00027183210477232933,22.731031795032322,0.478443154428428,2482153.0,7856.0,32.0,True,False
2,18,5124363352141389123,SPHINCS+-SHA2-128s-simple,0.020919302944093943,0.1559132228139788,0.00026772008277475834,22.869219100102782,0.47956401041854685,2482153.0,7856.0,32.0,True,False
2,18,16611593602975399180,SPHINCS+-SHA2-128s-simple,0.03764090081676841,0.1602253718301654,0.0003147730603814125,22.875684381928295,0.4951981535722939,2482153.0,7856.0,32.0,True,False
2,18,5666768459443209028,SPHINCS+-SHA2-128s-simple,0.020523516926914454,0.15081791207194328,0.0002728900872170925,10.752374883042648,0.5219642901822877,2482153.0,7856.0,32.0,True,False
2,19,16611593602975399180,SPHINCS+-SHA2-128s-simple,0.03441803390160203,0.2726680680643767,0.0003157160244882107,22.06368610402569,0.4529307225106147,2482153.0,7856.0,32.0,True,False
2,19,16753213591554643366,SPHINCS+-SHA2-128s-simple,0.03667615097947419,0.2826835240703076,0.0002718798350542784,21.958589853951707,0.4546971511952698,2482153.0,7856.0,32.0,True,False
2,19,18430415053174853433,SPHINCS+-SHA2-128s-simple,0.021366597851738334,0.15791647811420262,0.0002774489112198353,22.383021612884477,0.4559814391580348,2482153.0,7856.0,32.0,True,False
2,19,5124363352141389123,SPHINCS+-SHA2-128s-simple,0.027021312154829502,0.18671145499683917,0.0002829839941114187,22.278377148788422,0.4566633493874591,2482153.0,7856.0,32.0,True,False
2,19,5666768459443209028,SPHINCS+-SHA2-128s-simple,0.02096216194331646,0.15297110099345446,0.00028072111308574677,11.069861453957856,0.4789694969217998,2482153.0,7856.0,32.0,True,False
2,20,16753213591554643366,SPHINCS+-SHA2-128s-simple,0.022460909094661474,0.15800632489845157,0.0002894001081585884,22.299963447032496,0.4283478551338942,2482153.0,7856.0,32.0,True,False
2,20,16611593602975399180,SPHINCS+-SHA2-128s-simple,0.042087946785613894,0.2322371529880911,0.00031593209132552147,22.255183754023165,0.4269396746203827,2482153.0,7856.0,32.0,True,False
2,20,18430415053174853433,SPHINCS+-SHA2-128s-simple,0.03842351003549993,0.2496716498862952,0.0002780631184577942,22.2221876361873,0.43294981268410104,2482153.0,7856.0,32.0,True,False
2,20,5124363352141389123,SPHINCS+-SHA2-128s-simple,0.02074687695130706,0.15883518802002072,0.0002671040128916502,22.3554859389551,0.41817759508534835,2482153.0,7856.0,32.0,True,False
2,20,5666768459443209028,SPHINCS+-SHA2-128s-simple,0.020816794130951166,0.15412673191167414,0.0002647959627211094,10.801318917889148,0.438115443718938,2482153.0,7856.0,32.0,True,False
2,21,5124363352141389123,SPHINCS+-SHA2-128s-simple,0.03993824706412852,0.24348212778568268,0.00029433704912662506,22.667857225984335,0.3988066809995772,2482153.0,7856.0,32.0,True,False
2,21,16611593602975399180,SPHINCS+-SHA2-128s-simple,0.022227900102734566,0.23337688692845404,0.0002946129534393549,22.789672896964476,0.400386079509085,2482153.0,7856.0,32.0,True,False
2,21,16753213591554643366,SPHINCS+-SHA2-128s-simple,0.02088511805050075,0.1567001228686422,0.0002742609940469265,23.007074011024088,0.40655996581426446,2482153.0,7856.0,32.0,True,False
2,21,18430415053174853433,SPHINCS+-SHA2-128s-simple,0.04295938811264932,0.1704107711557299,0.0002687100786715746,22.94607664621435,0.404078369008038,2482153.0,7856.0,32.0,True,False
2,21,5666768459443209028,SPHINCS+-SHA2-128s-simple,0.020712119061499834,0.15048323408700526,0.0002891689073294401,10.745972103904933,0.41819974143926897,2482153.0,7856.0,32.0,True,False
2,22,18430415053174853433,SPHINCS+-SHA2-128s-simple,0.036878051003441215,0.2871388669591397,0.0003183691296726465,21.810036482987925,0.384726716986539,2482153.0,7856.0,32.0,True,False
2,22,16753213591554643366,SPHINCS+-SHA2-128s-simple,0.0378748991061002,0.26725123287178576,0.00038009905256330967,22.30295233009383,0.3965896990703651,2482153.0,7856.0,32.0,True,False
2,22,5124363352141389123,SPHINCS+-SHA2-128s-simple,0.04152808105573058,0.2725122820120305,0.0002894510980695486,22.296172657050192,0.3616883892613573,2482153.0,7856.0,32.0,True,False
2,22,16611593602975399180,SPHINCS+-SHA2-128s-simple,0.03950641490519047,0.2453908808529377,0.00029421388171613216,22.351469195913523,0.37058275821395575,2482153.0,7856.0,32.0,True,False
2,22,5666768459443209028,SPHINCS+-SHA2-128s-simple,0.02070209803059697,0.1543075859081,0.0003160939086228609,11.061635270016268,0.3884408180408489,2482153.0,7856.0,32.0,True,False
2,23,5124363352141389123,SPHINCS+-SHA2-128s-simple,0.037641355069354177,0.17936350195668638,0.000300494022667408,21.78471158607863,0.3545202826471113,2482153.0,7856.0,32.0,True,False
2,23,16611593602975399180,SPHINCS+-SHA2-128s-simple,0.023056291975080967,0.17341480101458728,0.00027551595121622086,21.930042383028194,0.35645274253199083,2482153.0,7856.0,32.0,True,False
2,23,18430415053174853433,SPHINCS+-SHA2-128s-simple,0.023119573015719652,0.1589916420634836,0.00028668507002294064,22.259515393991023,0.34912145701787484,2482153.0,7856.0,32.0,True,False
2,23,16753213591554643366,SPHINCS+-SHA2-128s-simple,0.020605579018592834,0.155015226919204,0.00027305399999022484,22.324099846882746,0.36005883067608263,2482153.0,7856.0,32.0,True,False
2,23,5666768459443209028,SPHINCS+-SHA2-128s-simple,0.02008660393767059,0.1517766430042684,0.0002673780545592308,10.855352139798924,0.40586406057968305,2482153.0,7856.0,32.0,True,False
2,24,18430415053174853433,SPHINCS+-SHA2-128s-simple,0.024317392148077488,0.1769424700178206,0.0002976341638714075,22.469609135994688,0.37656749775127385,2482153.0,7856.0,32.0,True,False
2,24,5124363352141389123,SPHINCS+-SHA2-128s-simple,0.042473195819184184,0.19598479405976832,0.00027360301464796066,22.659686119062826,0.33162011226532034,2482153.0,7856.0,32.0,True,False
2,24,16611593602975399180,SPHINCS+-SHA2-128s-simple,0.042064025066792965,0.19881898001767695,0.00027390290051698685,22.668682548915967,0.3427900585491722,2482153.0,7856.0,32.0,True,False
2,24,16753213591554643366,SPHINCS+-SHA2-128s-simple,0.020766951143741608,0.1582971999887377,0.00030256411992013454,22.743405191926286,0.34441540548250604,2482153.0,7856.0,32.0,True,False
2,24,5666768459443209028,SPHINCS+-SHA2-128s-simple,0.02013653703033924,0.15124443895183504,0.0002646469511091709,10.838222494116053,0.37523814923049637,2482153.0,7856.0,32.0,True,False
2,25,16611593602975399180,SPHINCS+-SHA2-128s-simple,0.04911734280176461,0.16504807490855455,0.00030191801488399506,22.23326153610833,0.3498098197164008,2482153.0,7856.0,32.0,True,False
2,25,16753213591554643366,SPHINCS+-SHA2-128s-simple,0.0233222299721092,0.17111649992875755,0.0002853791229426861,22.23750624107197,0.34710278645598186,2482153.0,7856.0,32.0,True,False
2,25,5124363352141389123,SPHINCS+-SHA2-128s-simple,0.039298590971156955,0.2233900900464505,0.0002701550256460905,22.30859403591603,0.3104074024163877,2482153.0,7856.0,32.0,True,False
2,25,18430415053174853433,SPHINCS+-SHA2-128s-simple,0.0390434549190104,0.22777158301323652,0.00027729407884180546,22.29825886990875,0.3258355964397708,2482153.0,7856.0,32.0,True,False
2,25,5666768459443209028,SPHINCS+-SHA2-128s-simple,0.020661161048337817,0.15550984907895327,0.00026434590108692646,11.043500769184902,0.342467275732301,2482153.0,7856.0,32.0,True,False
2,26,5124363352141389123,SPHINCS+-SHA2-128s-simple,0.02311566099524498,0.1633164540398866,0.0002993380185216665,22.24169585481286,0.3217527609684478,2482153.0,7856.0,32.0,True,False
2,26,16611593602975399180,SPHINCS+-SHA2-128s-simple,0.03911383100785315,0.29444385203532875,0.00029267813079059124,22.138059118995443,0.32964512280608044,2482153.0,7856.0,32.0,True,False
2,26,18430415053174853433,SPHINCS+-SHA2-128s-simple,0.020839832024648786,0.1581652699969709,0.000281098997220397,22.351693368982524,0.32195899989485693,2482153.0,7856.0,32.0,True,False
2,26,16753213591554643366,SPHINCS+-SHA2-128s-simple,0.041804489912465215,0.227815578924492,0.00027803494594991207,22.271224671974778,0.32398444249743996,2482153.0,7856.0,32.0,True,False
2,26,5666768459443209028,SPHINCS+-SHA2-128s-simple,0.02017646818421781,0.15050975908525288,0.0004688091576099396,11.03906288696453,0.31997284288265215,2482153.0,7856.0,32.0,True,False
2,27,18430415053174853433,SPHINCS+-SHA2-128s-simple,0.03824919112958014,0.27650502300821245,0.0002935579977929592,22.24011000385508,0.29959358725199897,2482153.0,7856.0,32.0,True,False
2,27,16753213591554643366,SPHINCS+-SHA2-128s-simple,0.023013551952317357,0.17975122900679708,0.00027615297585725784,22.500670046079904,0.2945409911363341,2482153.0,7856.0,32.0,True,False
2,27,5124363352141389123,SPHINCS+-SHA2-128s-simple,0.024385330034419894,0.1604254711419344,0.00031921197660267353,22.884295347845182,0.30074657336734356,2482153.0,7856.0,32.0,True,False
2,27,16611593602975399180,SPHINCS+-SHA2-128s-simple,0.02070263703353703,0.1566943060606718,0.00027359602972865105,22.962197539163753,0.31496204039194997,2482153.0,7856.0,32.0,True,False
2,27,5666768459443209028,SPHINCS+-SHA2-128s-simple,0.021322352811694145,0.1529110479168594,0.0002888061571866274,11.084654091158882,0.3021741730381196,2482153.0,7856.0,32.0,True,False
2,28,16611593602975399180,SPHINCS+-SHA2-128s-simple,0.036957601085305214,0.25678957300260663,0.00029249093495309353,22.082935448968783,0.3208792158908333,2482153.0,7856.0,32.0,True,False
2,28,5124363352141389123,SPHINCS+-SHA2-128s-simple,0.03299678396433592,0.15720418700948358,0.0002644220367074013,22.363043170189485,0.2984881986062022,2482153.0,7856.0,32.0,True,False
2,28,16753213591554643366,SPHINCS+-SHA2-128s-simple,0.0383316189981997,0.2929484851192683,0.00031123380176723003,22.222519075032324,0.2884404113986336,2482153.0,7856.0,32.0,True,False
2,28,18430415053174853433,SPHINCS+-SHA2-128s-simple,0.04045753087848425,0.21242454298771918,0.0002726821694523096,22.39634927501902,0.27688888370538484,2482153.0,7856.0,32.0,True,False
2,28,5666768459443209028,SPHINCS+-SHA2-128s-simple,0.019965504994615912,0.14984194398857653,0.0002729669213294983,11.19395390083082,0.27685284357928575,2482153.0,7856.0,32.0,True,False
2,29,16611593602975399180,SPHINCS+-SHA2-128s-simple,0.024007037980481982,0.2082899350207299,0.0003033929970115423,22.241582351969555,0.27888231307488326,2482153.0,7856.0,32.0,True,False
2,29,16753213591554643366,SPHINCS+-SHA2-128s-simple,0.034296197118237615,0.19351647491566837,0.000274901045486331,22.370421960949898,0.29601563967484684,2482153.0,7856.0,32.0,True,False
2,29,5124363352141389123,SPHINCS+-SHA2-128s-simple,0.022110016085207462,0.16857877001166344,0.00032905698753893375,22.500278051942587,0.2693537818766333,2482153.0,7856.0,32.0,True,False
2,29,18430415053174853433,SPHINCS+-SHA2-128s-simple,0.024355249013751745,0.15370034892112017,0.0002768740523606539,22.689957878086716,0.2772273255293421,2482153.0,7856.0,32.0,True,False
2,29,5666768459443209028,SPHINCS+-SHA2-128s-simple,0.021060873987153172,0.1522718050982803,0.0002723010256886482,10.884113704087213,0.2725417799667452,2482153.0,7856.0,32.0,True,False
2,30,18430415053174853433,SPHINCS+-SHA2-128s-simple,0.04009653488174081,0.18407476413995028,0.0002917209640145302,22.769637185148895,0.2529534592636126,2482153.0,7856.0,32.0,True,False
2,30,5124363352141389123,SPHINCS+-SHA2-128s-simple,0.022757190046831965,0.1704609419684857,0.0002615288831293583,22.821191599126905,0.2525704209834111,2482153.0,7856.0,32.0,True,False
2,30,16611593602975399180,SPHINCS+-SHA2-128s-simple,0.027082059998065233,0.16787035996094346,0.000279837055131793,22.853089038049802,0.28177387856048186,2482153.0,7856.0,32.0,True,False
2,30,16753213591554643366,SPHINCS+-SHA2-128s-simple,0.021054398035630584,0.1552313081920147,0.0005277569871395826,22.959356965031475,0.2807943551825693,2482153.0,7856.0,32.0,True,False
2,30,5666768459443209028,SPHINCS+-SHA2-128s-simple,0.021644101943820715,0.1509345700033009,0.00057169608771801,10.83525955514051,0.27117935915183,2482153.0,7856.0,32.0,True,False
3,1,12332731098327069371,SPHINCS+-SHA2-128s-simple,0.039119443856179714,0.2890040760394186,0.0003004081081598997,22.277142205042765,1.8319942505595783,2482153.0,7856.0,32.0,True,False
3,1,17253467673735638463,SPHINCS+-SHA2-128s-simple,0.042344111017882824,0.22039115894585848,0.00029005901888012886,22.72508524497971,1.90264578101734,2482153.0,7856.0,32.0,True,False
3,1,2480597762113183083,SPHINCS+-SHA2-128s-simple,0.03973669488914311,0.2345713370013982,0.00027662911452353,22.447592635871843,1.842407361387064,2482153.0,7856.0,32.0,True,False
3,1,15161411396826350989,SPHINCS+-SHA2-128s-simple,0.022315643960610032,0.1549200580921024,0.0002712779678404331,22.964637849014252,1.8616281747817993,2482153.0,7856.0,32.0,True,False
3,1,9581774212138734387,SPHINCS+-SHA2-128s-simple,0.020302907098084688,0.1516911070793867,0.0002881130203604698,10.823008383158594,1.8484171617526215,2482153.0,7856.0,32.0,True,False
3,2,17253467673735638463,SPHINCS+-SHA2-128s-simple,0.022945980075746775,0.16830261098220944,0.0003006439656019211,21.881515148095787,1.6350738777520177,2482153.0,7856.0,32.0,True,False
3,2,12332731098327069371,SPHINCS+-SHA2-128s-simple,0.031092891935259104,0.16044717002660036,0.0002749711275100708,21.874902728945017,1.5904397035178286,2482153.0,7856.0,32.0,True,False
3,2,15161411396826350989,SPHINCS+-SHA2-128s-simple,0.03827051795087755,0.19279943592846394,0.00027741887606680393,21.9178016660735,1.6089359971281059,2482153.0,7856.0,32.0,True,False
3,2,2480597762113183083,SPHINCS+-SHA2-128s-simple,0.03904307191260159,0.15834899502806365,0.0002844270784407854,21.977167903911322,1.6230324967600667,2482153.0,7856.0,32.0,True,False
3,2,9581774212138734387,SPHINCS+-SHA2-128s-simple,0.020013692090287805,0.15488857217133045,0.0002750700805336237,10.90207566297613,1.6061050362480334,2482153.0,7856.0,32.0,True,False
3,3,17253467673735638463,SPHINCS+-SHA2-128s-simple,0.023573302198201418,0.17434271797537804,0.00029074307531118393,22.027449746150523,1.438540288815483,2482153.0,7856.0,32.0,True,False
3,3,15161411396826350989,SPHINCS+-SHA2-128s-simple,0.03867269493639469,0.17642316897399724,0.0002819211222231388,22.24097417597659,1.4256764277101706,2482153.0,7856.0,32.0,True,False
3,3,2480597762113183083,SPHINCS+-SHA2-128s-simple,0.022590238833799958,0.23535728896968067,0.00027391593903303146,22.163173113018274,1.4063409328841554,2482153.0,7856.0,32.0,True,False
3,3,12332731098327069371,SPHINCS+-SHA2-128s-simple,0.021226888988167048,0.1558486740104854,0.00028119306080043316,22.407136521069333,1.415415673971938,2482153.0,7856.0,32.0,True,False
3,3,9581774212138734387,SPHINCS+-SHA2-128s-simple,0.020529070869088173,0.16532921814359725,0.00027887197211384773,10.766914726002142,1.3991863426689903,2482153.0,7856.0,32.0,True,False
3,4,17253467673735638463,SPHINCS+-SHA2-128s-simple,0.04193986183963716,0.18252839404158294,0.0003326579462736845,22.376190796028823,1.274958454953215,2482153.0,7856.0,32.0,True,False
3,4,2480597762113183083,SPHINCS+-SHA2-128s-simple,0.022869287058711052,0.17259101988747716,0.00028560799546539783,22.44752935692668,1.2920502869846722,2482153.0,7856.0,32.0,True,False
3,4,15161411396826350989,SPHINCS+-SHA2-128s-simple,0.040664013009518385,0.2627633239608258,0.00029924209229648113,22.467891477048397,1.2742063412651086,2482153.0,7856.0,32.0,True,False
3,4,12332731098327069371,SPHINCS+-SHA2-128s-simple,0.021330536110326648,0.15568666509352624,0.0002796382177621126,22.769477635854855,1.27846413527053,2482153.0,7856.0,32.0,True,False
3,4,9581774212138734387,SPHINCS+-SHA2-128s-simple,0.02062108088284731,0.15184403490275145,0.0002985619939863682,10.68193441000767,1.3002905918005556,2482153.0,7856.0,32.0,True,False
3,5,2480597762113183083,SPHINCS+-SHA2-128s-simple,0.03924683714285493,0.19029436982236803,0.00031411810778081417,21.854261378990486,1.1817459281260214,2482153.0,7856.0,32.0,True,False
3,5,15161411396826350989,SPHINCS+-SHA2-128s-simple,0.03268917999230325,0.1658499650657177,0.00030636112205684185,21.935039062984288,1.1638822525073165,2482153.0,7856.0,32.0,True,False
3,5,17253467673735638463,SPHINCS+-SHA2-128s-simple,0.022067837184295058,0.17064455291256309,0.0002703079953789711,21.93704983103089,1.1636799493917642,2482153.0,7856.0,32.0,True,False
3,5,12332731098327069371,SPHINCS+-SHA2-128s-simple,0.02203365508466959,0.1546166460029781,0.00026564812287688255,22.07771361991763,1.180199099424929,2482153.0,7856.0,32.0,True,False
3,5,9581774212138734387,SPHINCS+-SHA2-128s-simple,0.020456796046346426,0.15418521780520678,0.00027482188306748867,10.981748197926208,1.1847189019282405,2482153.0,7856.0,32.0,True,False
3,6,12332731098327069371,SPHINCS+-SHA2-128s-simple,0.0378808390814811,0.16075397608801723,0.00034305290319025517,21.936499630101025,1.080025151990854,2482153.0,7856.0,32.0,True,False
3,6,2480597762113183083,SPHINCS+-SHA2-128s-simple,0.02225910290144384,0.1579218008555472,0.00028513907454907894,21.92750851600431,1.0863301037980344,2482153.0,7856.0,32.0,True,False
3,6,15161411396826350989,SPHINCS+-SHA2-128s-simple,0.03976474888622761,0.19614534499123693,0.00027486286126077175,21.831226459005848,1.0656591253920484,2482153.0,7856.0,32.0,True,False
3,6,17253467673735638463,SPHINCS+-SHA2-128s-simple,0.02097529382444918,0.189196523046121,0.0002739641349762678,21.997991340933368,1.086705353694221,2482153.0,7856.0,32.0,True,False
3,6,9581774212138734387,SPHINCS+-SHA2-128s-simple,0.01993815298192203,0.1553094310220331,0.00027299090288579464,10.716501852031797,1.0805394854218053,2482153.0,7856.0,32.0,True,False
3,7,15161411396826350989,SPHINCS+-SHA2-128s-simple,0.022587829967960715,0.1706371831241995,0.00033646286465227604,22.5593364010565,0.9783289801960174,2482153.0,7856.0,32.0,True,False
3,7,17253467673735638463,SPHINCS+-SHA2-128s-simple,0.022731768898665905,0.1682530539110303,0.0002752819564193487,22.477025836938992,1.0089209042608547,2482153.0,7856.0,32.0,True,False
3,7,2480597762113183083,SPHINCS+-SHA2-128s-simple,0.03871728596277535,0.2865977641195059,0.00029927492141723633,22.31726919580251,1.0075601901109226,2482153.0,7856.0,32.0,True,False
3,7,12332731098327069371,SPHINCS+-SHA2-128s-simple,0.037736439844593406,0.15850265813060105,0.00031713186763226986,22.586762832012028,0.9928870863807849,2482153.0,7856.0,32.0,True,False
3,7,9581774212138734387,SPHINCS+-SHA2-128s-simple,0.020458919927477837,0.15580056700855494,0.00027328915894031525,10.81124294991605,1.002501927911283,2482153.0,7856.0,32.0,True,False
3,8,17253467673735638463,SPHINCS+-SHA2-128s-simple,0.040192531887441874,0.29096196591854095,0.00034305709414184093,21.91896180692129,0.9453912331654241,2482153.0,7856.0,32.0,True,False
3,8,2480597762113183083,SPHINCS+-SHA2-128s-simple,0.023280339082702994,0.17713655182160437,0.00027631199918687344,22.340083695948124,0.9339676240381722,2482153.0,7856.0,32.0,True,False
3,8,15161411396826350989,SPHINCS+-SHA2-128s-simple,0.022462364984676242,0.1663772389292717,0.00027444283477962017,22.34925215691328,0.9157769952338344,2482153.0,7856.0,32.0,True,False
3,8,12332731098327069371,SPHINCS+-SHA2-128s-simple,0.021323313005268574,0.1573712348472327,0.00028167013078927994,22.524259082973003,0.936430913000442,2482153.0,7856.0,32.0,True,False
3,8,9581774212138734387,SPHINCS+-SHA2-128s-simple,0.01986081898212433,0.15413234080187976,0.00031658681109547615,10.826022636843845,0.9428905239120459,2482153.0,7856.0,32.0,True,False
3,9,12332731098327069371,SPHINCS+-SHA2-128s-simple,0.02454634802415967,0.17842079093679786,0.000440011965110898,21.434521173126996,0.8744691320882437,2482153.0,7856.0,32.0,True,False
3,9,15161411396826350989,SPHINCS+-SHA2-128s-simple,0.023394502932205796,0.16107544908300042,0.0003059390000998974,21.91025572596118,0.8503704560450471,2482153.0,7856.0,32.0,True,False
3,9,17253467673735638463,SPHINCS+-SHA2-128s-simple,0.04074309999123216,0.16200996190309525,0.0002700658515095711,21.970557891065255,0.8666739143883458,2482153.0,7856.0,32.0,True,False
3,9,2480597762113183083,SPHINCS+-SHA2-128s-simple,0.021382323000580072,0.16215308499522507,0.0002722369972616434,22.00147378910333,0.8624489468317063,2482153.0,7856.0,32.0,True,False
3,9,9581774212138734387,SPHINCS+-SHA2-128s-simple,0.020195082994177938,0.153488950105384,0.0002706360537558794,10.88715562899597,0.8724747059253839,2482153.0,7856.0,32.0,True,False
3,10,2480597762113183083,SPHINCS+-SHA2-128s-simple,0.04052569391205907,0.2548288688994944,0.00032897014170885086,22.128919911105186,0.781358311541926,2482153.0,7856.0,32.0,True,False
3,10,15161411396826350989,SPHINCS+-SHA2-128s-simple,0.03724705590866506,0.2638178379274905,0.0004816341679543257,22.278175429906696,0.7927373644357292,2482153.0,7856.0,32.0,True,False
3,10,17253467673735638463,SPHINCS+-SHA2-128s-simple,0.02119122096337378,0.15627677296288311,0.0004706168547272682,22.369277361081913,0.8103707374665684,2482153.0,7856.0,32.0,True,False
3,10,12332731098327069371,SPHINCS+-SHA2-128s-simple,0.041324872989207506,0.21615984803065658,0.00029125483706593513,22.385055267019197,0.8018932242553455,2482153.0,7856.0,32.0,True,False
3,10,9581774212138734387,SPHINCS+-SHA2-128s-simple,0.0204921739641577,0.15197013202123344,0.0002742588985711336,10.668870621128008,0.8024469162233341,2482153.0,7856.0,32.0,True,False
3,11,2480597762113183083,SPHINCS+-SHA2-128s-simple,0.023817427223548293,0.1782601340673864,0.00029995711520314217,21.5737347160466,0.7332587583948629,2482153.0,7856.0,32.0,True,False
3,11,12332731098327069371,SPHINCS+-SHA2-128s-simple,0.040149461943656206,0.24793096305802464,0.0002791329752653837,21.707088405964896,0.7529257273616882,2482153.0,7856.0,32.0,True,False
3,11,17253467673735638463,SPHINCS+-SHA2-128s-simple,0.0221514159347862,0.1622348790988326,0.00031510088592767715,21.889789012959227,0.7562648743962328,2482153.0,7856.0,32.0,True,False
3,11,15161411396826350989,SPHINCS+-SHA2-128s-simple,0.02926000696606934,0.1553809989709407,0.0002920120023190975,21.944091212935746,0.7238166149431905,2482153.0,7856.0,32.0,True,False
3,11,9581774212138734387,SPHINCS+-SHA2-128s-simple,0.020066860830411315,0.15193691989406943,0.00028656795620918274,10.88018048601225,0.7482184429233447,2482153.0,7856.0,32.0,True,False
3,12,17253467673735638463,SPHINCS+-SHA2-128s-simple,0.023335288045927882,0.1739050119649619,0.0002961719874292612,22.107716637896374,0.7122831242248273,2482153.0,7856.0,32.0,True,False
3,12,2480597762113183083,SPHINCS+-SHA2-128s-simple,0.02206609514541924,0.16392279020510614,0.0002742169890552759,22.211965932976454,0.6966491055469544,2482153.0,7856.0,32.0,True,False
3,12,15161411396826350989,SPHINCS+-SHA2-128s-simple,0.03887617215514183,0.2276506470516324,0.00029201596044003963,22.10409839800559,0.6937118151698249,2482153.0,7856.0,32.0,True,False
3,12,12332731098327069371,SPHINCS+-SHA2-128s-simple,0.026025023078545928,0.15775189315900207,0.00026877294294536114,22.293347622966394,0.6829328516039985,2482153.0,7856.0,32.0,True,False
3,12,9581774212138734387,SPHINCS+-SHA2-128s-simple,0.019934676121920347,0.15431747189722955,0.00026821414940059185,10.689194179838523,0.7117544484262268,2482153.0,7856.0,32.0,True,False
3,13,15161411396826350989,SPHINCS+-SHA2-128s-simple,0.032705954974517226,0.1595994159579277,0.0002909749746322632,22.48222583089955,0.6416804874048065,2482153.0,7856.0,32.0,True,False
3,13,12332731098327069371,SPHINCS+-SHA2-128s-simple,0.022628839127719402,0.16255383496172726,0.00028593395836651325,22.5008887341246,0.6408525707003788,2482153.0,7856.0,32.0,True,False
3,13,2480597762113183083,SPHINCS+-SHA2-128s-simple,0.024001184850931168,0.16478719911538064,0.0002653959672898054,22.38778710598126,0.6536387571701988,2482153.0,7856.0,32.0,True,False
3,13,17253467673735638463,SPHINCS+-SHA2-128s-simple,0.02221272885799408,0.1609721900895238,0.00028864992782473564,22.603231217944995,0.6630891416781246,2482153.0,7856.0,32.0,True,False
3,13,9581774212138734387,SPHINCS+-SHA2-128s-simple,0.020196630153805017,0.15501834894530475,0.00028426898643374443,10.726251519052312,0.6654094943937402,2482153.0,7856.0,32.0,True,False
3,14,2480597762113183083,SPHINCS+-SHA2-128s-simple,0.022342646028846502,0.17661538114771247,0.0003107781521975994,22.613476047990844,0.6081109435889668,2482153.0,7856.0,32.0,True,False
3,14,12332731098327069371,SPHINCS+-SHA2-128s-simple,0.032861768966540694,0.2249119309708476,0.0003576679155230522,22.43992219120264,0.6038922213565427,2482153.0,7856.0,32.0,True,False
3,14,17253467673735638463,SPHINCS+-SHA2-128s-simple,0.0357863639947027,0.16284274379722774,0.00028218701481819153,22.537501546088606,0.5957661124464041,2482153.0,7856.0,32.0,True,False
3,14,15161411396826350989,SPHINCS+-SHA2-128s-simple,0.021285858936607838,0.16987116588279605,0.0003144678194075823,22.661440558964387,0.5909573590983979,2482153.0,7856.0,32.0,True,False
3,14,9581774212138734387,SPHINCS+-SHA2-128s-simple,0.020111069083213806,0.15291199181228876,0.0002946790773421526,11.106987933861092,0.6239732108748378,2482153.0,7856.0,32.0,True,False
3,15,17253467673735638463,SPHINCS+-SHA2-128s-simple,0.02356177312321961,0.17438744194805622,0.0003014660906046629,22.15978121617809,0.5772968502566457,2482153.0,7856.0,32.0,True,False
3,15,15161411396826350989,SPHINCS+-SHA2-128s-simple,0.02326712803915143,0.16736453282646835,0.0002791350707411766,22.246817162958905,0.5526788535828407,2482153.0,7856.0,32.0,True,False
3,15,12332731098327069371,SPHINCS+-SHA2-128s-simple,0.022572852903977036,0.16850861790589988,0.0002713380381464958,22.296893012011424,0.5598257752700736,2482153.0,7856.0,32.0,True,False
3,15,2480597762113183083,SPHINCS+-SHA2-128s-simple,0.02084955503232777,0.1620530979707837,0.00026728794910013676,22.47298236307688,0.5647574758734375,2482153.0,7856.0,32.0,True,False
3,15,9581774212138734387,SPHINCS+-SHA2-128s-simple,0.01990222791209817,0.155954864108935,0.0002833011094480753,10.723315335111693,0.5761709220874043,2482153.0,7856.0,32.0,True,False
3,16,2480597762113183083,SPHINCS+-SHA2-128s-simple,0.03745073708705604,0.28982812399044633,0.0002912050113081932,22.293765417067334,0.5351751160126524,2482153.0,7856.0,32.0,True,False
3,16,17253467673735638463,SPHINCS+-SHA2-128s-simple,0.02295359899289906,0.1730991650838405,0.00027700094506144524,22.44093782803975,0.526996848801264,2482153.0,7856.0,32.0,True,False
3,16,12332731098327069371,SPHINCS+-SHA2-128s-simple,0.02251385315321386,0.15856746095232666,0.0002794701140373945,22.65679554012604,0.5298953081686466,2482153.0,7856.0,32.0,True,False
3,16,15161411396826350989,SPHINCS+-SHA2-128s-simple,0.03342504589818418,0.15678825206123292,0.00046030408702790737,22.622670851880684,0.5253444742589903,2482153.0,7856.0,32.0,True,False
3,16,9581774212138734387,SPHINCS+-SHA2-128s-simple,0.019925811095163226,0.15497724781744182,0.0004797570873051882,10.755865017184988,0.5396508473795824,2482153.0,7856.0,32.0,True,False
3,17,17253467673735638463,SPHINCS+-SHA2-128s-simple,0.03214001003652811,0.2773692950140685,0.00030657206661999226,21.88985837600194,0.503481288342335,2482153.0,7856.0,32.0,True,False
3,17,2480597762113183083,SPHINCS+-SHA2-128s-simple,0.02217033295892179,0.22898787399753928,0.00026444694958627224,22.24924571905285,0.5035189651369382,2482153.0,7856.0,32.0,True,False
3,17,15161411396826350989,SPHINCS+-SHA2-128s-simple,0.030928693944588304,0.2840773370116949,0.0002867449074983597,22.172282848972827,0.4685906009456982,2482153.0,7856.0,32.0,True,False
3,17,12332731098327069371,SPHINCS+-SHA2-128s-simple,0.039263644022867084,0.1768116808962077,0.00027970317751169205,22.36650878400542,0.5038548993726317,2482153.0,7856.0,32.0,True,False
3,17,9581774212138734387,SPHINCS+-SHA2-128s-simple,0.01998687395825982,0.15335598587989807,0.00028389086946845055,10.810583574930206,0.5206900216139163,2482153.0,7856.0,32.0,True,False
3,18,15161411396826350989,SPHINCS+-SHA2-128s-simple,0.03953436994925141,0.2898895968683064,0.0003342821728438139,21.661316752899438,0.46499474946492775,2482153.0,7856.0,32.0,True,False
3,18,2480597762113183083,SPHINCS+-SHA2-128s-simple,0.02285977778956294,0.16632901900447905,0.00027127983048558235,21.91577984788455,0.4767391820209095,2482153.0,7856.0,32.0,True,False
3,18,17253467673735638463,SPHINCS+-SHA2-128s-simple,0.037572972010821104,0.1644170810468495,0.0002743708901107311,21.971863063052297,0.49225740520337136,2482153.0,7856.0,32.0,True,False
3,18,12332731098327069371,SPHINCS+-SHA2-128s-simple,0.02119541820138693,0.15567265590652823,0.00028859684243798256,22.04837716696784,0.4653879697687519,2482153.0,7856.0,32.0,True,False
3,18,9581774212138734387,SPHINCS+-SHA2-128s-simple,0.020331803942099214,0.15239498508162796,0.0002740700729191303,10.780768994009122,0.49023173610194803,2482153.0,7856.0,32.0,True,False
3,19,17253467673735638463,SPHINCS+-SHA2-128s-simple,0.04158712108619511,0.3235931589733809,0.00029587396420538425,22.002368453890085,0.4609112705374821,2482153.0,7856.0,32.0,True,False
3,19,2480597762113183083,SPHINCS+-SHA2-128s-simple,0.04304295405745506,0.3220643058884889,0.0002847828436642885,21.83304738602601,0.45205167384621814,2482153.0,7856.0,32.0,True,False
3,19,12332731098327069371,SPHINCS+-SHA2-128s-simple,0.02211688202805817,0.1752810049802065,0.0002759341150522232,22.285357057815418,0.4411794396218496,2482153.0,7856.0,32.0,True,False
3,19,15161411396826350989,SPHINCS+-SHA2-128s-simple,0.020907159196212888,0.15526826796121895,0.00028150505386292934,22.428394492948428,0.4253900594497546,2482153.0,7856.0,32.0,True,False
3,19,9581774212138734387,SPHINCS+-SHA2-128s-simple,0.01995437080040574,0.1541683420073241,0.0003486191853880882,10.780081922886893,0.4739246078835318,2482153.0,7856.0,32.0,True,False
3,20,12332731098327069371,SPHINCS+-SHA2-128s-simple,0.023783596931025386,0.221062048105523,0.00032003317028284073,21.65415250696242,0.42574624311381254,2482153.0,7856.0,32.0,True,False
3,20,2480597762113183083,SPHINCS+-SHA2-128s-simple,0.024131187004968524,0.23998113605193794,0.00028062588535249233,21.941480109933764,0.41332677707147486,2482153.0,7856.0,32.0,True,False
3,20,17253467673735638463,SPHINCS+-SHA2-128s-simple,0.039170909905806184,0.29734334303066134,0.00026988890022039413,21.895707899006084,0.40362030020156225,2482153.0,7856.0,32.0,True,False
3,20,15161411396826350989,SPHINCS+-SHA2-128s-simple,0.03998713009059429,0.26325780688785017,0.00027781096287071705,21.95257176901214,0.420074207660632,2482153.0,7856.0,32.0,True,False
3,20,9581774212138734387,SPHINCS+-SHA2-128s-simple,0.02072353707626462,0.15148236695677042,0.0002680621109902859,10.849093988072127,0.4254091743605967,2482153.0,7856.0,32.0,True,False
3,21,15161411396826350989,SPHINCS+-SHA2-128s-simple,0.022348422091454268,0.1775575429201126,0.00030054314993321896,22.070722830016166,0.38847755305409526,2482153.0,7856.0,32.0,True,False
3,21,17253467673735638463,SPHINCS+-SHA2-128s-simple,0.03288976801559329,0.1691023821476847,0.00026534590870141983,22.00710573606193,0.3770981724329364,2482153.0,7856.0,32.0,True,False
3,21,12332731098327069371,SPHINCS+-SHA2-128s-simple,0.037491911090910435,0.26978285307995975,0.00029097101651132107,22.001981935929507,0.4021288345422084,2482153.0,7856.0,32.0,True,False
3,21,2480597762113183083,SPHINCS+-SHA2-128s-simple,0.02130760415457189,0.15741274505853653,0.00026916293427348137,22.268572829198092,0.37988832052321003,2482153.0,7856.0,32.0,True,False
3,21,9581774212138734387,SPHINCS+-SHA2-128s-simple,0.020169099094346166,0.15086476784199476,0.0003261188976466656,10.83864197996445,0.3868507009666092,2482153.0,7856.0,32.0,True,False
3,22,15161411396826350989,SPHINCS+-SHA2-128s-simple,0.022947088116779923,0.18395784287713468,0.0003503789193928242,22.21061745402403,0.3531050745742961,2482153.0,7856.0,32.0,True,False
3,22,12332731098327069371,SPHINCS+-SHA2-128s-simple,0.027511851862072945,0.17495693499222398,0.00027594692073762417,22.53933207807131,0.385024208063706,2482153.0,7856.0,32.0,True,False
3,22,2480597762113183083,SPHINCS+-SHA2-128s-simple,0.037374739069491625,0.20882945507764816,0.0002619221340864897,22.647633338114247,0.363280085242761,2482153.0,7856.0,32.0,True,False
3,22,17253467673735638463,SPHINCS+-SHA2-128s-simple,0.03246533707715571,0.15574892796576023,0.0002649230882525444,22.93547597900033,0.37664477745838726,2482153.0,7856.0,32.0,True,False
3,22,9581774212138734387,SPHINCS+-SHA2-128s-simple,0.020042530028149486,0.15572281810455024,0.00027299788780510426,10.685297914082184,0.37468514313546425,2482153.0,7856.0,32.0,True,False
3,23,17253467673735638463,SPHINCS+-SHA2-128s-simple,0.040977651020511985,0.1946749349590391,0.0002932909410446882,22.060756573919207,0.36026015404921274,2482153.0,7856.0,32.0,True,False
3,23,2480597762113183083,SPHINCS+-SHA2-128s-simple,0.037014876026660204,0.17793833604082465,0.00028656283393502235,22.125175234861672,0.34948631131146757,2482153.0,7856.0,32.0,True,False
3,23,15161411396826350989,SPHINCS+-SHA2-128s-simple,0.04241400910541415,0.25705648795701563,0.0002690758556127548,22.10350442607887,0.34997431009995955,2482153.0,7856.0,32.0,True,False
3,23,12332731098327069371,SPHINCS+-SHA2-128s-simple,0.028599030105397105,0.19728164095431566,0.0002762910444289446,22.221433059079573,0.3605040478915833,2482153.0,7856.0,32.0,True,False
3,23,9581774212138734387,SPHINCS+-SHA2-128s-simple,0.02026450401172042,0.15001409291289747,0.0002854068297892809,10.954915333073586,0.3425080770323166,2482153.0,7856.0,32.0,True,False
3,24,12332731098327069371,SPHINCS+-SHA2-128s-simple,0.038588715018704534,0.2104996230918914,0.00030019297264516354,21.911369398003444,0.32837679884887444,2482153.0,7856.0,32.0,True,False
3,24,17253467673735638463,SPHINCS+-SHA2-128s-simple,0.039150079945102334,0.20155549701303244,0.0002719790209084749,22.010765489190817,0.3428783866788109,2482153.0,7856.0,32.0,True,False
3,24,2480597762113183083,SPHINCS+-SHA2-128s-simple,0.02227139100432396,0.1571140200830996,0.00027321791276335716,22.182512435130775,0.32399411672375167,2482153.0,7856.0,32.0,True,False
3,24,15161411396826350989,SPHINCS+-SHA2-128s-simple,0.027753271162509918,0.16006237897090614,0.0002759890630841255,22.170184002025053,0.31454843673527766,2482153.0,7856.0,32.0,True,False
3,24,9581774212138734387,SPHINCS+-SHA2-128s-simple,0.020683915819972754,0.15181308588944376,0.00028344313614070415,10.866937245009467,0.3300569711026911,2482153.0,7856.0,32.0,True,False
3,25,17253467673735638463,SPHINCS+-SHA2-128s-simple,0.03712076204828918,0.25084164389409125,0.00029564998112618923,22.370345120085403,0.32304162126088054,2482153.0,7856.0,32.0,True,False
3,25,12332731098327069371,SPHINCS+-SHA2-128s-simple,0.023635268909856677,0.16045434516854584,0.00026788911782205105,22.561306388815865,0.3243453151846941,2482153.0,7856.0,32.0,True,False
3,25,2480597762113183083,SPHINCS+-SHA2-128s-simple,0.038932174909859896,0.2025298469234258,0.00027306098490953445,22.491587904980406,0.2957613774762748,2482153.0,7856.0,32.0,True,False
3,25,15161411396826350989,SPHINCS+-SHA2-128s-simple,0.0391939680557698,0.1643946620170027,0.00029020593501627445,22.65758541203104,0.3038307547118491,2482153.0,7856.0,32.0,True,False
3,25,9581774212138734387,SPHINCS+-SHA2-128s-simple,0.02128370595164597,0.15533625008538365,0.00026788096874952316,10.836501525947824,0.324970686158088,2482153.0,7856.0,32.0,True,False
3,26,17253467673735638463,SPHINCS+-SHA2-128s-simple,0.03748855902813375,0.24272217112593353,0.00029872311279177666,22.016379434848204,0.3020797915639171,2482153.0,7856.0,32.0,True,False
3,26,12332731098327069371,SPHINCS+-SHA2-128s-simple,0.036486041033640504,0.17479140311479568,0.0002762910444289446,22.19001241400838,0.31128577530732193,2482153.0,7856.0,32.0,True,False
3,26,15161411396826350989,SPHINCS+-SHA2-128s-simple,0.037142351968213916,0.17878678999841213,0.00026786094531416893,22.299567415146157,0.3042197138942873,2482153.0,7856.0,32.0,True,False
3,26,2480597762113183083,SPHINCS+-SHA2-128s-simple,0.02033861307427287,0.16027339710853994,0.0002757590264081955,22.616152005037293,0.29276713275219707,2482153.0,7856.0,32.0,True,False
3,26,9581774212138734387,SPHINCS+-SHA2-128s-simple,0.02072429796680808,0.15190670802257955,0.00046214787289500237,10.91879623499699,0.3189457236363675,2482153.0,7856.0,32.0,True,False
3,27,15161411396826350989,SPHINCS+-SHA2-128s-simple,0.039793512085452676,0.3039167041424662,0.000324346125125885,22.00021843588911,0.30438717013483824,2482153.0,7856.0,32.0,True,False
3,27,12332731098327069371,SPHINCS+-SHA2-128s-simple,0.022483778186142445,0.19020867091603577,0.00026275194250047207,22.197145248996094,0.3098343102255473,2482153.0,7856.0,32.0,True,False
3,27,2480597762113183083,SPHINCS+-SHA2-128s-simple,0.041893683141097426,0.18513297801837325,0.00028397818095982075,22.255580201977864,0.27648364102092987,2482153.0,7856.0,32.0,True,False
3,27,17253467673735638463,SPHINCS+-SHA2-128s-simple,0.020925907883793116,0.1569438800215721,0.0002744791563600302,22.344532429007813,0.2798372197125595,2482153.0,7856.0,32.0,True,False
3,27,9581774212138734387,SPHINCS+-SHA2-128s-simple,0.020196269964799285,0.15009210584685206,0.0002711939159780741,10.786386047955602,0.2885746233546124,2482153.0,7856.0,32.0,True,False
3,28,17253467673735638463,SPHINCS+-SHA2-128s-simple,0.04264571494422853,0.1748249288648367,0.0002949370536953211,22.45179020590149,0.2728282919245811,2482153.0,7856.0,32.0,True,False
3,28,15161411396826350989,SPHINCS+-SHA2-128s-simple,0.022560929879546165,0.165399368153885,0.00029191095381975174,22.567940056091174,0.2778281912999079,2482153.0,7856.0,32.0,True,False
3,28,12332731098327069371,SPHINCS+-SHA2-128s-simple,0.03976133279502392,0.28780614701099694,0.00028297584503889084,22.41269789985381,0.28740320849520995,2482153.0,7856.0,32.0,True,False
3,28,2480597762113183083,SPHINCS+-SHA2-128s-simple,0.03903200197964907,0.16316063003614545,0.00029400899074971676,22.672358907060698,0.2890890493547133,2482153.0,7856.0,32.0,True,False
3,28,9581774212138734387,SPHINCS+-SHA2-128s-simple,0.020273226080462337,0.15189835103228688,0.00028172205202281475,10.954746810020879,0.26491999417802276,2482153.0,7856.0,32.0,True,False
3,29,2480597762113183083,SPHINCS+-SHA2-128s-simple,0.025852515129372478,0.22156862495467067,0.000365247018635273,22.072457103058696,0.2808524995380953,2482153.0,7856.0,32.0,True,False
3,29,17253467673735638463,SPHINCS+-SHA2-128s-simple,0.03821491589769721,0.2987831949722022,0.0002722819335758686,21.958600376965478,0.26766819296517785,2482153.0,7856.0,32.0,True,False
3,29,15161411396826350989,SPHINCS+-SHA2-128s-simple,0.02159774210304022,0.15682932594791055,0.00027172896079719067,22.35915607912466,0.26617723750099304,2482153.0,7856.0,32.0,True,False
3,29,12332731098327069371,SPHINCS+-SHA2-128s-simple,0.028845021035522223,0.17458432097919285,0.00028556608594954014,22.346326756989583,0.2704500925724213,2482153.0,7856.0,32.0,True,False
3,29,9581774212138734387,SPHINCS+-SHA2-128s-simple,0.020323815988376737,0.15726394788362086,0.00027283397503197193,10.967834047041833,0.27443642688605685,2482153.0,7856.0,32.0,True,False
3,30,15161411396826350989,SPHINCS+-SHA2-128s-simple,0.03984321001917124,0.25996821210719645,0.0003170620184391737,22.04073219699785,0.25793171743787946,2482153.0,7856.0,32.0,True,False
3,30,17253467673735638463,SPHINCS+-SHA2-128s-simple,0.022757631028071046,0.17127508181147277,0.0002747778780758381,22.166464617010206,0.2731570246258971,2482153.0,7856.0,32.0,True,False
3,30,2480597762113183083,SPHINCS+-SHA2-128s-simple,0.020760251209139824,0.16089664702303708,0.00028197094798088074,22.480077866930515,0.24513698808704548,2482153.0,7856.0,32.0,True,False
3,30,12332731098327069371,SPHINCS+-SHA2-128s-simple,0.021187489852309227,0.15577268111519516,0.000300105893984437,22.476982353022322,0.280909537249944,2482153.0,7856.0,32.0,True,False
3,30,9581774212138734387,SPHINCS+-SHA2-128s-simple,0.02016613306477666,0.15118399285711348,0.0002920201513916254,11.023104527965188,0.26632686099409464,2482153.0,7856.0,32.0,True,False
4,1,5251178332204335503,SPHINCS+-SHA2-128s-simple,0.02884391904808581,0.183378143934533,0.00032385694794356823,22.46170547697693,1.8923838698445037,2482153.0,7856.0,32.0,True,False
4,1,1156112176431608543,SPHINCS+-SHA2-128s-simple,0.02363340207375586,0.19761475385166705,0.00029603904113173485,22.636891362955794,1.9269947872375146,2482153.0,7856.0,32.0,True,False
4,1,5200022213834171631,SPHINCS+-SHA2-128s-simple,0.022969588171690702,0.1685729098971933,0.0002655838616192341,22.310478013940156,1.9329763909879203,2482153.0,7856.0,32.0,True,False
4,1,7691685573253382116,SPHINCS+-SHA2-128s-simple,0.021818924928084016,0.1541344600263983,0.00029063993133604527,22.5403341318015,1.915281142289646,2482153.0,7856.0,32.0,True,False
4,1,11276994597992898262,SPHINCS+-SHA2-128s-simple,0.02017132705077529,0.1535757330711931,0.0002989268396049738,11.084128604037687,1.9057433285271397,2482153.0,7856.0,32.0,True,False
4,2,5200022213834171631,SPHINCS+-SHA2-128s-simple,0.03623976279050112,0.2615987048484385,0.0003403478767722845,22.1628254679963,1.635827613714785,2482153.0,7856.0,32.0,True,False
4,2,7691685573253382116,SPHINCS+-SHA2-128s-simple,0.023276793072000146,0.15960525907576084,0.0002735469024628401,22.480502044782043,1.6323282383501339,2482153.0,7856.0,32.0,True,False
4,2,1156112176431608543,SPHINCS+-SHA2-128s-simple,0.02129618707112968,0.15759855089709163,0.00028624292463064194,22.549635376082733,1.6439022579893898,2482153.0,7856.0,32.0,True,False
4,2,5251178332204335503,SPHINCS+-SHA2-128s-simple,0.0386994699947536,0.2882374820765108,0.0002718518953770399,22.501680922927335,1.691788035840653,2482153.0,7856.0,32.0,True,False
4,2,11276994597992898262,SPHINCS+-SHA2-128s-simple,0.02030734089203179,0.15504136378876865,0.0002743029035627842,10.82339789881371,1.6493734905894952,2482153.0,7856.0,32.0,True,False
4,3,5200022213834171631,SPHINCS+-SHA2-128s-simple,0.023265084018930793,0.17065734206698835,0.0002883239649236202,23.066623113816604,1.495794609141426,2482153.0,7856.0,32.0,True,False
4,3,5251178332204335503,SPHINCS+-SHA2-128s-simple,0.02235587779432535,0.16681753005832434,0.000294277910143137,23.047568400157616,1.498502612494813,2482153.0,7856.0,32.0,True,False
4,3,7691685573253382116,SPHINCS+-SHA2-128s-simple,0.031656923005357385,0.28164837905205786,0.00028679100796580315,23.0061326790601,1.4707314985247846,2482153.0,7856.0,32.0,True,False
4,3,1156112176431608543,SPHINCS+-SHA2-128s-simple,0.03663618303835392,0.15435681119561195,0.0002797620836645365,23.29883333016187,1.4862793112715211,2482153.0,7856.0,32.0,True,False
4,3,11276994597992898262,SPHINCS+-SHA2-128s-simple,0.020213799085468054,0.15556489396840334,0.00031510787084698677,10.7515909220092,1.4728615478204843,2482153.0,7856.0,32.0,True,False
4,4,7691685573253382116,SPHINCS+-SHA2-128s-simple,0.024863010039553046,0.25619598804041743,0.0002982590813189745,22.183687350014225,1.3442874731728063,2482153.0,7856.0,32.0,True,False
4,4,5251178332204335503,SPHINCS+-SHA2-128s-simple,0.03543610707856715,0.31141105899587274,0.00027237902395427227,22.18801047722809,1.3513515159344902,2482153.0,7856.0,32.0,True,False
4,4,1156112176431608543,SPHINCS+-SHA2-128s-simple,0.022856991039589047,0.3104626829735935,0.00027370196767151356,22.32476295204833,1.3522108069624001,2482153.0,7856.0,32.0,True,False
4,4,5200022213834171631,SPHINCS+-SHA2-128s-simple,0.021334610879421234,0.16153472010046244,0.00031643896363675594,22.672507820883766,1.3488384235781221,2482153.0,7856.0,32.0,True,False
4,4,11276994597992898262,SPHINCS+-SHA2-128s-simple,0.02040956704877317,0.15190650592558086,0.000318767037242651,10.648263284005225,1.3246270006837937,2482153.0,7856.0,32.0,True,False
4,5,5200022213834171631,SPHINCS+-SHA2-128s-simple,0.02302347798831761,0.1626963058952242,0.00029357499442994595,22.20901821507141,1.230074701598658,2482153.0,7856.0,32.0,True,False
4,5,5251178332204335503,SPHINCS+-SHA2-128s-simple,0.03656459995545447,0.219925801968202,0.00028737098909914494,22.084234471898526,1.240709465532638,2482153.0,7856.0,32.0,True,False
4,5,7691685573253382116,SPHINCS+-SHA2-128s-simple,0.023735929047688842,0.16208426095545292,0.0002709620166569948,22.268798588076606,1.2216272415063631,2482153.0,7856.0,32.0,True,False
4,5,1156112176431608543,SPHINCS+-SHA2-128s-simple,0.021001935936510563,0.1639536099974066,0.0002910648472607136,22.30129647697322,1.2265028151841209,2482153.0,7856.0,32.0,True,False
4,5,11276994597992898262,SPHINCS+-SHA2-128s-simple,0.01993691106326878,0.15007407893426716,0.00028816889971494675,10.854503929847851,1.2298615241583926,2482153.0,7856.0,32.0,True,False
4,6,7691685573253382116,SPHINCS+-SHA2-128s-simple,0.034494370920583606,0.2502340490464121,0.0003123630303889513,22.72541218996048,1.1113152340197334,2482153.0,7856.0,32.0,True,False
4,6,1156112176431608543,SPHINCS+-SHA2-128s-simple,0.0378174209035933,0.17820713995024562,0.00026792404241859913,22.96874058409594,1.1371313310659732,2482153.0,7856.0,32.0,True,False
4,6,5251178332204335503,SPHINCS+-SHA2-128s-simple,0.022073775995522738,0.16617269697599113,0.00027341488748788834,22.98725283308886,1.135121875868057,2482153.0,7856.0,32.0,True,False
4,6,5200022213834171631,SPHINCS+-SHA2-128s-simple,0.020733335055410862,0.15498633589595556,0.00028691207990050316,23.182871997123584,1.150091034726213,2482153.0,7856.0,32.0,True,False
4,6,11276994597992898262,SPHINCS+-SHA2-128s-simple,0.019871174125000834,0.15008325898088515,0.0002746880054473877,10.801458964124322,1.1366340161893314,2482153.0,7856.0,32.0,True,False
4,7,5200022213834171631,SPHINCS+-SHA2-128s-simple,0.04120353702455759,0.27811731002293527,0.0002973168157041073,22.072186847915873,1.0398290008782578,2482153.0,7856.0,32.0,True,False
4,7,5251178332204335503,SPHINCS+-SHA2-128s-simple,0.041468983981758356,0.20969679113477468,0.00027525401674211025,22.70445029507391,1.060352251362115,2482153.0,7856.0,32.0,True,False
4,7,7691685573253382116,SPHINCS+-SHA2-128s-simple,0.03867695410735905,0.22489123209379613,0.0003012570086866617,22.679865730926394,1.0233745324535493,2482153.0,7856.0,32.0,True,False
4,7,1156112176431608543,SPHINCS+-SHA2-128s-simple,0.021682309918105602,0.16114775114692748,0.0002760461065918207,22.95500593399629,1.0528450360694253,2482153.0,7856.0,32.0,True,False
4,7,11276994597992898262,SPHINCS+-SHA2-128s-simple,0.020195184973999858,0.155702878953889,0.00027942610904574394,11.044585075927898,1.045774286547408,2482153.0,7856.0,32.0,True,False
4,8,7691685573253382116,SPHINCS+-SHA2-128s-simple,0.038092299830168486,0.28323653992265463,0.0002763269003480673,22.014394759899005,0.956054442606795,2482153.0,7856.0,32.0,True,False
4,8,5251178332204335503,SPHINCS+-SHA2-128s-simple,0.03413157700560987,0.27536261617206037,0.0002755019813776016,22.200883670011535,0.9742486988203213,2482153.0,7856.0,32.0,True,False
4,8,5200022213834171631,SPHINCS+-SHA2-128s-simple,0.02346978196874261,0.16056293109431863,0.0002719638869166374,22.574171658838168,0.9725976589198311,2482153.0,7856.0,32.0,True,False
4,8,1156112176431608543,SPHINCS+-SHA2-128s-simple,0.020475419936701655,0.15568763087503612,0.00032171793282032013,22.60150970099494,0.9807724802257916,2482153.0,7856.0,32.0,True,False
4,8,11276994597992898262,SPHINCS+-SHA2-128s-simple,0.020440931897610426,0.14951636595651507,0.00028971186839044094,10.710149114951491,0.9741334261985632,2482153.0,7856.0,32.0,True,False
4,9,5200022213834171631,SPHINCS+-SHA2-128s-simple,0.03714932082220912,0.2324533450882882,0.00029252306558191776,22.993610337842256,0.9084070009735826,2482153.0,7856.0,32.0,True,False
4,9,5251178332204335503,SPHINCS+-SHA2-128s-simple,0.044374858029186726,0.19850190402939916,0.0002749750856310129,23.059240357019007,0.905680476381375,2482153.0,7856.0,32.0,True,False
4,9,7691685573253382116,SPHINCS+-SHA2-128s-simple,0.02229826501570642,0.16004639794118702,0.00027225795201957226,23.06620032293722,0.8954213234944085,2482153.0,7856.0,32.0,True,False
4,9,1156112176431608543,SPHINCS+-SHA2-128s-simple,0.02103646588511765,0.15890680789016187,0.0002702998463064432,23.142524527153,0.921771663541611,2482153.0,7856.0,32.0,True,False
4,9,11276994597992898262,SPHINCS+-SHA2-128s-simple,0.019987428095191717,0.15040413313545287,0.00026463414542376995,10.661746544996276,0.9035181210825618,2482153.0,7856.0,32.0,True,False
4,10,5200022213834171631,SPHINCS+-SHA2-128s-simple,0.03591089998371899,0.29124740487895906,0.00032968982122838497,22.158083755988628,0.838538364766124,2482153.0,7856.0,32.0,True,False
4,10,1156112176431608543,SPHINCS+-SHA2-128s-simple,0.028588933870196342,0.2895310460589826,0.00027756812050938606,22.690454127034172,0.8530861782951477,2482153.0,7856.0,32.0,True,False
4,10,7691685573253382116,SPHINCS+-SHA2-128s-simple,0.022777389036491513,0.16869875299744308,0.0002854629419744015,22.870375585975125,0.8304037585521278,2482153.0,7856.0,32.0,True,False
4,10,5251178332204335503,SPHINCS+-SHA2-128s-simple,0.03845997387543321,0.22613005083985627,0.000288673909381032,22.984366078861058,0.8353887706899795,2482153.0,7856.0,32.0,True,False
4,10,11276994597992898262,SPHINCS+-SHA2-128s-simple,0.020555193070322275,0.15519228880293667,0.0002751850988715887,10.669404243119061,0.8385495902440799,2482153.0,7856.0,32.0,True,False
4,11,5251178332204335503,SPHINCS+-SHA2-128s-simple,0.023584014037624,0.17840967699885368,0.00029845815151929855,22.269153018016368,0.7750123350764997,2482153.0,7856.0,32.0,True,False
4,11,1156112176431608543,SPHINCS+-SHA2-128s-simple,0.02120671607553959,0.15718116401694715,0.00029208394698798656,22.67493588081561,0.7861811925237552,2482153.0,7856.0,32.0,True,False
4,11,5200022213834171631,SPHINCS+-SHA2-128s-simple,0.040971751092001796,0.2636266469489783,0.0002647570800036192,22.463674237951636,0.7872399273581399,2482153.0,7856.0,32.0,True,False
4,11,7691685573253382116,SPHINCS+-SHA2-128s-simple,0.039200878934934735,0.2764174498151988,0.00026791193522512913,22.435018707066774,0.7710289813744755,2482153.0,7856.0,32.0,True,False
4,11,11276994597992898262,SPHINCS+-SHA2-128s-simple,0.020653011975809932,0.15516885602846742,0.00027967686764895916,10.767207382014021,0.767414672782246,2482153.0,7856.0,32.0,True,False
4,12,5200022213834171631,SPHINCS+-SHA2-128s-simple,0.024124508956447244,0.28833470796234906,0.00029879994690418243,22.90251667285338,0.7244116246890717,2482153.0,7856.0,32.0,True,False
4,12,1156112176431608543,SPHINCS+-SHA2-128s-simple,0.030251282965764403,0.23091801488772035,0.0003292062319815159,23.192022583913058,0.7347093063611954,2482153.0,7856.0,32.0,True,False
4,12,5251178332204335503,SPHINCS+-SHA2-128s-simple,0.022067276993766427,0.15813593310303986,0.0002825530245900154,23.30584895191714,0.7090660102736835,2482153.0,7856.0,32.0,True,False
4,12,7691685573253382116,SPHINCS+-SHA2-128s-simple,0.022758266888558865,0.15762561303563416,0.00028883712366223335,23.376226148102432,0.7395046394520675,2482153.0,7856.0,32.0,True,False
4,12,11276994597992898262,SPHINCS+-SHA2-128s-simple,0.02057242300361395,0.15446566115133464,0.00034028314985334873,10.90880296099931,0.7381096913125187,2482153.0,7856.0,32.0,True,False
4,13,1156112176431608543,SPHINCS+-SHA2-128s-simple,0.03132552118040621,0.2816594510804862,0.0003162391949445009,22.32018031599,0.6918214202974551,2482153.0,7856.0,32.0,True,False
4,13,5200022213834171631,SPHINCS+-SHA2-128s-simple,0.03488545096479356,0.25759213510900736,0.0002921069972217083,22.68582107196562,0.6669308472270021,2482153.0,7856.0,32.0,True,False
4,13,5251178332204335503,SPHINCS+-SHA2-128s-simple,0.03700337000191212,0.27948162122629583,0.0003269631415605545,22.852060416946188,0.6727764354631923,2482153.0,7856.0,32.0,True,False
4,13,7691685573253382116,SPHINCS+-SHA2-128s-simple,0.039629168109968305,0.2002045859117061,0.00029699294827878475,22.95670146890916,0.6878078616798495,2482153.0,7856.0,32.0,True,False
4,13,11276994597992898262,SPHINCS+-SHA2-128s-simple,0.020191438030451536,0.1525586990173906,0.0002878929954022169,10.716664832085371,0.6835287936960166,2482153.0,7856.0,32.0,True,False
4,14,7691685573253382116,SPHINCS+-SHA2-128s-simple,0.03937875619158149,0.2625526818446815,0.0003161090426146984,22.1684195920825,0.6405251216821777,2482153.0,7856.0,32.0,True,False
4,14,5251178332204335503,SPHINCS+-SHA2-128s-simple,0.02099298918619752,0.16024935618042946,0.0002803741954267025,22.402471150038764,0.623338722335264,2482153.0,7856.0,32.0,True,False
4,14,5200022213834171631,SPHINCS+-SHA2-128s-simple,0.02296147495508194,0.1611391508486122,0.00027857511304318905,22.318696409929544,0.6444210514854699,2482153.0,7856.0,32.0,True,False
4,14,1156112176431608543,SPHINCS+-SHA2-128s-simple,0.042092302115634084,0.20230388408526778,0.0002781469374895096,22.33948540291749,0.6504967212915039,2482153.0,7856.0,32.0,True,False
4,14,11276994597992898262,SPHINCS+-SHA2-128s-simple,0.019883957924321294,0.15020646713674068,0.00027455599047243595,10.844817747129127,0.6300776894338215,2482153.0,7856.0,32.0,True,False
4,15,7691685573253382116,SPHINCS+-SHA2-128s-simple,0.038308908930048347,0.28433726401999593,0.0003234639298170805,22.748916693031788,0.6061066416934275,2482153.0,7856.0,32.0,True,False
4,15,5200022213834171631,SPHINCS+-SHA2-128s-simple,0.023699874058365822,0.17709352588281035,0.00027147517539560795,23.043111006030813,0.601347760984692,2482153.0,7856.0,32.0,True,False
4,15,5251178332204335503,SPHINCS+-SHA2-128s-simple,0.02060471591539681,0.15606782189570367,0.0002736940514296293,23.215401004068553,0.5910345639664525,2482153.0,7856.0,32.0,True,False
4,15,1156112176431608543,SPHINCS+-SHA2-128s-simple,0.04090033005923033,0.16044057020917535,0.0002715359441936016,23.134901124052703,0.597006899146988,2482153.0,7856.0,32.0,True,False
4,15,11276994597992898262,SPHINCS+-SHA2-128s-simple,0.01990840001963079,0.1505828369408846,0.00027168611995875835,10.616474441019818,0.5917799109087204,2482153.0,7856.0,32.0,True,False
4,16,1156112176431608543,SPHINCS+-SHA2-128s-simple,0.03726360108703375,0.2886636711191386,0.00029721204191446304,22.953060562023893,0.5504139261528517,2482153.0,7856.0,32.0,True,False
4,16,7691685573253382116,SPHINCS+-SHA2-128s-simple,0.038482788018882275,0.2053865399211645,0.00027162511833012104,22.986185217974707,0.5600171845715743,2482153.0,7856.0,32.0,True,False
4,16,5251178332204335503,SPHINCS+-SHA2-128s-simple,0.039816077798604965,0.1937280169222504,0.0002755878958851099,23.21104137180373,0.5601688301125274,2482153.0,7856.0,32.0,True,False
4,16,5200022213834171631,SPHINCS+-SHA2-128s-simple,0.03420941298827529,0.1618804670870304,0.000276598846539855,23.13625883520581,0.5615518576801776,2482153.0,7856.0,32.0,True,False
4,16,11276994597992898262,SPHINCS+-SHA2-128s-simple,0.020295682828873396,0.15424273093231022,0.00029975990764796734,10.990521904779598,0.5670633192260426,2482153.0,7856.0,32.0,True,False
4,17,5200022213834171631,SPHINCS+-SHA2-128s-simple,0.02532480494119227,0.17586139496415854,0.000325359171256423,22.54132896498777,0.5270875657018953,2482153.0,7856.0,32.0,True,False
4,17,5251178332204335503,SPHINCS+-SHA2-128s-simple,0.022628683829680085,0.16887238714843988,0.00030481908470392227,22.622677143896,0.5164608725557883,2482153.0,7856.0,32.0,True,False
4,17,1156112176431608543,SPHINCS+-SHA2-128s-simple,0.03745144698768854,0.2869311810936779,0.0002718998584896326,22.555072312941775,0.52345726592615,2482153.0,7856.0,32.0,True,False
4,17,7691685573253382116,SPHINCS+-SHA2-128s-simple,0.020354821113869548,0.15289733302779496,0.00028960895724594593,22.917189300991595,0.5395473491864654,2482153.0,7856.0,32.0,True,False
4,17,11276994597992898262,SPHINCS+-SHA2-128s-simple,0.020776533987373114,0.15646072011440992,0.000267192954197526,10.78600178589113,0.5330591883046177,2482153.0,7856.0,32.0,True,False
4,18,1156112176431608543,SPHINCS+-SHA2-128s-simple,0.03844531998038292,0.17151892301626503,0.0002949098125100136,22.36390931508504,0.49312702867502983,2482153.0,7856.0,32.0,True,False
4,18,7691685573253382116,SPHINCS+-SHA2-128s-simple,0.021935267839580774,0.15766816399991512,0.00027963705360889435,22.57765128510073,0.486361040748632,2482153.0,7856.0,32.0,True,False
4,18,5200022213834171631,SPHINCS+-SHA2-128s-simple,0.0377301040571183,0.19091403996571898,0.0003059939481317997,22.495303123025224,0.4801009370508,2482153.0,7856.0,32.0,True,False
4,18,5251178332204335503,SPHINCS+-SHA2-128s-simple,0.03921277215704322,0.1612637487705797,0.00026504509150981903,22.495051651028916,0.49304595167120807,2482153.0,7856.0,32.0,True,False
4,18,11276994597992898262,SPHINCS+-SHA2-128s-simple,0.020194405922666192,0.15210288600064814,0.0002753299195319414,10.708003388950601,0.4984132640254193,2482153.0,7856.0,32.0,True,False
4,19,5200022213834171631,SPHINCS+-SHA2-128s-simple,0.03974387189373374,0.27356638782657683,0.0004537759814411402,22.591545609990135,0.4588843242000467,2482153.0,7856.0,32.0,True,False
4,19,1156112176431608543,SPHINCS+-SHA2-128s-simple,0.03980077593587339,0.3043991019949317,0.0002924250438809395,22.82193673704751,0.46279755781014886,2482153.0,7856.0,32.0,True,False
4,19,7691685573253382116,SPHINCS+-SHA2-128s-simple,0.0423342608846724,0.24933558399789035,0.0002802051603794098,22.964355807984248,0.4822246905999443,2482153.0,7856.0,32.0,True,False
4,19,5251178332204335503,SPHINCS+-SHA2-128s-simple,0.021061557810753584,0.18889713799580932,0.0002858599182218313,23.147589189000428,0.47574283630131914,2482153.0,7856.0,32.0,True,False
4,19,11276994597992898262,SPHINCS+-SHA2-128s-simple,0.020755602978169918,0.15246405103243887,0.0002662539482116699,10.634661376010627,0.4712416540962248,2482153.0,7856.0,32.0,True,False
4,20,5200022213834171631,SPHINCS+-SHA2-128s-simple,0.036886943969875574,0.3006162350066006,0.000306219095364213,22.22022195509635,0.4369894380505664,2482153.0,7856.0,32.0,True,False
4,20,5251178332204335503,SPHINCS+-SHA2-128s-simple,0.043296820018440485,0.2533490979112685,0.00028448994271457195,22.464503922965378,0.4435773453594873,2482153.0,7856.0,32.0,True,False
4,20,1156112176431608543,SPHINCS+-SHA2-128s-simple,0.022850356064736843,0.1597336521372199,0.0002712109126150608,22.638341009849682,0.4475290384679176,2482153.0,7856.0,32.0,True,False
4,20,7691685573253382116,SPHINCS+-SHA2-128s-simple,0.02073728502728045,0.1561541771516204,0.00028388318605720997,22.734456131933257,0.4499977768068544,2482153.0,7856.0,32.0,True,False
4,20,11276994597992898262,SPHINCS+-SHA2-128s-simple,0.020436670165508986,0.1507554380223155,0.00027295714244246483,10.6063622769434,0.4536732652019293,2482153.0,7856.0,32.0,True,False
4,21,5200022213834171631,SPHINCS+-SHA2-128s-simple,0.023423034930601716,0.17888698005117476,0.0004236060194671154,22.35791552485898,0.41623269704679333,2482153.0,7856.0,32.0,True,False
4,21,7691685573253382116,SPHINCS+-SHA2-128s-simple,0.024044128134846687,0.17563420999795198,0.00026511214673519135,22.55688493908383,0.4420029572464121,2482153.0,7856.0,32.0,True,False
4,21,5251178332204335503,SPHINCS+-SHA2-128s-simple,0.02270434587262571,0.16011639800854027,0.00027279602363705635,22.710364477010444,0.4352300996317888,2482153.0,7856.0,32.0,True,False
4,21,1156112176431608543,SPHINCS+-SHA2-128s-simple,0.02113923686556518,0.15492946794256568,0.00030567008070647717,22.809207676211372,0.4246629967321508,2482153.0,7856.0,32.0,True,False
4,21,11276994597992898262,SPHINCS+-SHA2-128s-simple,0.020267657935619354,0.1514037859160453,0.00026692706160247326,10.651952971005812,0.4279813322420128,2482153.0,7856.0,32.0,True,False
4,22,5200022213834171631,SPHINCS+-SHA2-128s-simple,0.04016853799112141,0.30927619407884777,0.0003480070736259222,22.725403861142695,0.3919799575766626,2482153.0,7856.0,32.0,True,False
4,22,7691685573253382116,SPHINCS+-SHA2-128s-simple,0.03828647802583873,0.2587956271599978,0.0002797250635921955,22.746851017000154,0.41047347124856404,2482153.0,7856.0,32.0,True,False
4,22,1156112176431608543,SPHINCS+-SHA2-128s-simple,0.04005893296562135,0.1750782080926001,0.00030284514650702477,23.206887224921957,0.3960911305829549,2482153.0,7856.0,32.0,True,False
4,22,5251178332204335503,SPHINCS+-SHA2-128s-simple,0.03372279508039355,0.16776408115401864,0.00026794010773301125,23.12744551501237,0.3869753484837354,2482153.0,7856.0,32.0,True,False
4,22,11276994597992898262,SPHINCS+-SHA2-128s-simple,0.020455117104575038,0.15127104194834828,0.0002707419916987419,10.581729143857956,0.4007512739838693,2482153.0,7856.0,32.0,True,False
4,23,7691685573253382116,SPHINCS+-SHA2-128s-simple,0.03741065412759781,0.2877502490300685,0.00029454403556883335,22.189832617994398,0.3901589619882476,2482153.0,7856.0,32.0,True,False
4,23,5251178332204335503,SPHINCS+-SHA2-128s-simple,0.021848981035873294,0.15707504004240036,0.0002704209182411432,22.55098238377832,0.36625386765018436,2482153.0,7856.0,32.0,True,False
4,23,1156112176431608543,SPHINCS+-SHA2-128s-simple,0.039295775117352605,0.16912057786248624,0.00045056198723614216,22.555707721039653,0.38350502491747135,2482153.0,7856.0,32.0,True,False
4,23,5200022213834171631,SPHINCS+-SHA2-128s-simple,0.02131424588151276,0.1568430019542575,0.0002750740386545658,22.599753197049722,0.38980733200955314,2482153.0,7856.0,32.0,True,False
4,23,11276994597992898262,SPHINCS+-SHA2-128s-simple,0.02020989009179175,0.1547869008500129,0.00027206679806113243,10.839938409859315,0.3918870582331579,2482153.0,7856.0,32.0,True,False
4,24,1156112176431608543,SPHINCS+-SHA2-128s-simple,0.03273262991569936,0.1798162900377065,0.0003175768069922924,22.758823826909065,0.36138848392977213,2482153.0,7856.0,32.0,True,False
4,24,5200022213834171631,SPHINCS+-SHA2-128s-simple,0.03793539106845856,0.20874001295305789,0.00026557687669992447,22.802210943074897,0.3469692778062468,2482153.0,7856.0,32.0,True,False
4,24,7691685573253382116,SPHINCS+-SHA2-128s-simple,0.041609495878219604,0.18915804289281368,0.0002648751251399517,22.891476752003655,0.3706594790739659,2482153.0,7856.0,32.0,True,False
4,24,5251178332204335503,SPHINCS+-SHA2-128s-simple,0.02051702095195651,0.1596448440104723,0.0002700460609048605,22.93131673615426,0.34134137888138477,2482153.0,7856.0,32.0,True,False
4,24,11276994597992898262,SPHINCS+-SHA2-128s-simple,0.020336059853434563,0.1503897849470377,0.0002709550317376852,10.658500427845865,0.3504084586671676,2482153.0,7856.0,32.0,True,False
4,25,7691685573253382116,SPHINCS+-SHA2-128s-simple,0.022555783158168197,0.16974554699845612,0.0002900869585573673,22.99884118512273,0.34942565550477195,2482153.0,7856.0,32.0,True,False
4,25,5200022213834171631,SPHINCS+-SHA2-128s-simple,0.03733968595042825,0.29256818001158535,0.00026439991779625416,22.916300761979073,0.3619436494107492,2482153.0,7856.0,32.0,True,False
4,25,1156112176431608543,SPHINCS+-SHA2-128s-simple,0.04181232815608382,0.2467979178763926,0.00029614195227622986,23.055455446010455,0.3549840405625038,2482153.0,7856.0,32.0,True,False
4,25,5251178332204335503,SPHINCS+-SHA2-128s-simple,0.021723244804888964,0.15658954996615648,0.00027381093241274357,23.226206321967766,0.3549638112423757,2482153.0,7856.0,32.0,True,False
4,25,11276994597992898262,SPHINCS+-SHA2-128s-simple,0.020151808159425855,0.15189390117302537,0.00026561692357063293,11.023929610149935,0.3495111296201845,2482153.0,7856.0,32.0,True,False
4,26,5200022213834171631,SPHINCS+-SHA2-128s-simple,0.030444543110206723,0.1572098359465599,0.00029507698491215706,22.406713576987386,0.3390104209188931,2482153.0,7856.0,32.0,True,False
4,26,1156112176431608543,SPHINCS+-SHA2-128s-simple,0.022371705854311585,0.15949430293403566,0.00027898489497601986,22.399869473883882,0.3271568611520119,2482153.0,7856.0,32.0,True,False
4,26,7691685573253382116,SPHINCS+-SHA2-128s-simple,0.02377641899511218,0.1641790180001408,0.00027194595895707607,22.366361279040575,0.32825353121855105,2482153.0,7856.0,32.0,True,False
4,26,5251178332204335503,SPHINCS+-SHA2-128s-simple,0.02098025195300579,0.1804278700146824,0.0002757988404482603,22.443737880093977,0.3249074285076306,2482153.0,7856.0,32.0,True,False
4,26,11276994597992898262,SPHINCS+-SHA2-128s-simple,0.01989052793942392,0.15199526003561914,0.0002870068419724703,11.08151836018078,0.3378454109939476,2482153.0,7856.0,32.0,True,False
4,27,5251178332204335503,SPHINCS+-SHA2-128s-simple,0.02414707001298666,0.18358928803354502,0.000299353851005435,21.96389498608187,0.3400354031532908,2482153.0,7856.0,32.0,True,False
4,27,1156112176431608543,SPHINCS+-SHA2-128s-simple,0.03716035280376673,0.17736669909209013,0.0002688358072191477,22.20650074398145,0.3119285233547917,2482153.0,7856.0,32.0,True,False
4,27,5200022213834171631,SPHINCS+-SHA2-128s-simple,0.020545135950669646,0.15486178593710065,0.00028257002122700214,22.507601174991578,0.3054991373777413,2482153.0,7856.0,32.0,True,False
4,27,7691685573253382116,SPHINCS+-SHA2-128s-simple,0.035359802888706326,0.17102688900195062,0.00031708204187452793,22.37875383091159,0.3173512235274925,2482153.0,7856.0,32.0,True,False
4,27,11276994597992898262,SPHINCS+-SHA2-128s-simple,0.020036684814840555,0.1545721150469035,0.00027524097822606564,10.797814244171605,0.3186080484753683,2482153.0,7856.0,32.0,True,False
4,28,5200022213834171631,SPHINCS+-SHA2-128s-simple,0.03805593098513782,0.2997978727798909,0.0002876159269362688,22.62503854301758,0.31380763120157795,2482153.0,7856.0,32.0,True,False
4,28,7691685573253382116,SPHINCS+-SHA2-128s-simple,0.043861100915819407,0.1974772410467267,0.0002654879353940487,22.89420256204903,0.30352825896677593,2482153.0,7856.0,32.0,True,False
4,28,5251178332204335503,SPHINCS+-SHA2-128s-simple,0.03705361788161099,0.1866656590718776,0.0002792819868773222,22.96150917094201,0.2871753992959143,2482153.0,7856.0,32.0,True,False
4,28,1156112176431608543,SPHINCS+-SHA2-128s-simple,0.02081698481924832,0.15537380799651146,0.0002676441799849272,23.086299010086805,0.29289542564664023,2482153.0,7856.0,32.0,True,False
4,28,11276994597992898262,SPHINCS+-SHA2-128s-simple,0.0202575228177011,0.15574629395268857,0.0002655049320310354,11.066684733144939,0.2988544933947202,2482153.0,7856.0,32.0,True,False
4,29,7691685573253382116,SPHINCS+-SHA2-128s-simple,0.028303110972046852,0.21752438903786242,0.00029497011564671993,22.217589878942817,0.3101544908334177,2482153.0,7856.0,32.0,True,False
4,29,1156112176431608543,SPHINCS+-SHA2-128s-simple,0.021998449927195907,0.17155083594843745,0.0002821730449795723,22.508514231070876,0.3108091195688223,2482153.0,7856.0,32.0,True,False
4,29,5200022213834171631,SPHINCS+-SHA2-128s-simple,0.03606528392992914,0.29193810606375337,0.00029021501541137695,22.30995812197216,0.289631442622112,2482153.0,7856.0,32.0,True,False
4,29,5251178332204335503,SPHINCS+-SHA2-128s-simple,0.020491593051701784,0.15208168886601925,0.00027524400502443314,22.76652801106684,0.28055227624056056,2482153.0,7856.0,32.0,True,False
4,29,11276994597992898262,SPHINCS+-SHA2-128s-simple,0.02032959903590381,0.14991178992204368,0.0002938548568636179,10.808236381039023,0.31190913058475206,2482153.0,7856.0,32.0,True,False
4,30,7691685573253382116,SPHINCS+-SHA2-128s-simple,0.03827444789931178,0.22495557297952473,0.0002870380412787199,22.177533351117745,0.26757774837597753,2482153.0,7856.0,32.0,True,False
4,30,5200022213834171631,SPHINCS+-SHA2-128s-simple,0.04310888284817338,0.17747528618201613,0.0002729319967329502,22.288144784979522,0.2866571087601443,2482153.0,7856.0,32.0,True,False
4,30,5251178332204335503,SPHINCS+-SHA2-128s-simple,0.023007242009043694,0.15856612008064985,0.0002609670627862215,22.517432450084016,0.26104457838945805,2482153.0,7856.0,32.0,True,False
4,30,1156112176431608543,SPHINCS+-SHA2-128s-simple,0.030471706064417958,0.15573729015886784,0.0002686639782041311,22.533111648866907,0.3245828763950771,2482153.0,7856.0,32.0,True,False
4,30,11276994597992898262,SPHINCS+-SHA2-128s-simple,0.019859456922858953,0.1503981240093708,0.00027268403209745884,11.04277443792671,0.28044886232544175,2482153.0,7856.0,32.0,True,False
5,1,1295863767870908899,SPHINCS+-SHA2-128s-simple,0.03984742611646652,0.2680082719307393,0.0003088919911533594,22.401902580168098,1.860388330377329,2482153.0,7856.0,32.0,True,False
5,1,4185864150711869199,SPHINCS+-SHA2-128s-simple,0.02366065699607134,0.17295565991662443,0.0002923759166151285,22.968428282998502,1.8951878612414716,2482153.0,7856.0,32.0,True,False
5,1,9706089406615885542,SPHINCS+-SHA2-128s-simple,0.03958266694098711,0.16766524291597307,0.00029278709553182125,23.038435458904132,1.9395339957441384,2482153.0,7856.0,32.0,True,False
5,1,18318952645678360953,SPHINCS+-SHA2-128s-simple,0.03992129606194794,0.16283135791309178,0.00032159104011952877,23.29115863214247,1.9321768089605216,2482153.0,7856.0,32.0,True,False
5,1,5781470573411854471,SPHINCS+-SHA2-128s-simple,0.02029157499782741,0.15553348185494542,0.0002718160394579172,10.779806087026373,1.8878139032723424,2482153.0,7856.0,32.0,True,False
5,2,18318952645678360953,SPHINCS+-SHA2-128s-simple,0.04200690216384828,0.24102406110614538,0.0003039240837097168,22.474721786100417,1.6323532555430842,2482153.0,7856.0,32.0,True,False
5,2,1295863767870908899,SPHINCS+-SHA2-128s-simple,0.03178179683163762,0.3082701559178531,0.0002761890646070242,22.436895408201963,1.6247815072726899,2482153.0,7856.0,32.0,True,False
5,2,9706089406615885542,SPHINCS+-SHA2-128s-simple,0.04173331311903894,0.2464460500050336,0.00028578401543200016,22.536655806005,1.6492607978205331,2482153.0,7856.0,32.0,True,False
5,2,4185864150711869199,SPHINCS+-SHA2-128s-simple,0.022279812954366207,0.15779585717245936,0.0002873379271477461,22.70575446379371,1.6437467538510648,2482153.0,7856.0,32.0,True,False
5,2,5781470573411854471,SPHINCS+-SHA2-128s-simple,0.02002536877989769,0.15474188583903015,0.0002816540654748678,10.64062055805698,1.6289088722235097,2482153.0,7856.0,32.0,True,False
5,3,1295863767870908899,SPHINCS+-SHA2-128s-simple,0.02257030294276774,0.17310623079538345,0.0003194590099155903,21.829266624059528,1.4592622042463992,2482153.0,7856.0,32.0,True,False
5,3,4185864150711869199,SPHINCS+-SHA2-128s-simple,0.037668061908334494,0.2889617800246924,0.0002592990640550852,21.67326601408422,1.462685846673033,2482153.0,7856.0,32.0,True,False
5,3,18318952645678360953,SPHINCS+-SHA2-128s-simple,0.020507426001131535,0.1586337450426072,0.0002671061083674431,22.200152021832764,1.472293078518523,2482153.0,7856.0,32.0,True,False
5,3,9706089406615885542,SPHINCS+-SHA2-128s-simple,0.022980473935604095,0.16144863096997142,0.0002873111516237259,22.07647853693925,1.4763240827539097,2482153.0,7856.0,32.0,True,False
5,3,5781470573411854471,SPHINCS+-SHA2-128s-simple,0.020358881913125515,0.15410259505733848,0.00027502793818712234,10.965209323912859,1.4653828892464074,2482153.0,7856.0,32.0,True,False
5,4,18318952645678360953,SPHINCS+-SHA2-128s-simple,0.035461438121274114,0.19567177700810134,0.00028765411116182804,22.341071344912052,1.3230421754498831,2482153.0,7856.0,32.0,True,False
5,4,1295863767870908899,SPHINCS+-SHA2-128s-simple,0.03773036994971335,0.28015893092378974,0.0002738491166383028,22.38884535105899,1.3230163818731095,2482153.0,7856.0,32.0,True,False
5,4,9706089406615885542,SPHINCS+-SHA2-128s-simple,0.02341837203130126,0.25165686197578907,0.0002761471550911665,22.30970736895688,1.348788976288451,2482153.0,7856.0,32.0,True,False
5,4,4185864150711869199,SPHINCS+-SHA2-128s-simple,0.03722836007364094,0.1680803911294788,0.00028081401251256466,22.53561371518299,1.3184398187996862,2482153.0,7856.0,32.0,True,False
5,4,5781470573411854471,SPHINCS+-SHA2-128s-simple,0.020679998910054564,0.15743249095976353,0.00028315093368291855,10.595835719024763,1.3124443993400843,2482153.0,7856.0,32.0,True,False
5,5,9706089406615885542,SPHINCS+-SHA2-128s-simple,0.022285205079242587,0.16919532883912325,0.0003082919865846634,22.61810819711536,1.2264667608486577,2482153.0,7856.0,32.0,True,False
5,5,1295863767870908899,SPHINCS+-SHA2-128s-simple,0.03919305605813861,0.3085053600370884,0.0002772710286080837,22.465460755163804,1.20835580764868,2482153.0,7856.0,32.0,True,False
5,5,18318952645678360953,SPHINCS+-SHA2-128s-simple,0.042742670979350805,0.2731143068522215,0.0003016209229826927,22.614418315002695,1.2384107627045995,2482153.0,7856.0,32.0,True,False
5,5,4185864150711869199,SPHINCS+-SHA2-128s-simple,0.021883957087993622,0.18611575406976044,0.0003605990204960108,22.697137162089348,1.2121754143946468,2482153.0,7856.0,32.0,True,False
5,5,5781470573411854471,SPHINCS+-SHA2-128s-simple,0.02028099913150072,0.15526149584911764,0.0002776901237666607,11.074263341957703,1.208069487311208,2482153.0,7856.0,32.0,True,False
5,6,9706089406615885542,SPHINCS+-SHA2-128s-simple,0.03732586186379194,0.19022560096345842,0.00029187905602157116,22.165284014074132,1.1359835817410162,2482153.0,7856.0,32.0,True,False
5,6,18318952645678360953,SPHINCS+-SHA2-128s-simple,0.022468873066827655,0.19577359617687762,0.00027452502399683,22.29728906881064,1.1394364797650054,2482153.0,7856.0,32.0,True,False
5,6,1295863767870908899,SPHINCS+-SHA2-128s-simple,0.022274542832747102,0.15686998795717955,0.00029047601856291294,22.54830797109753,1.133581268615997,2482153.0,7856.0,32.0,True,False
5,6,4185864150711869199,SPHINCS+-SHA2-128s-simple,0.02086677518673241,0.15561544010415673,0.0002830210141837597,22.555383169092238,1.1270795672084577,2482153.0,7856.0,32.0,True,False
5,6,5781470573411854471,SPHINCS+-SHA2-128s-simple,0.020755093079060316,0.1537230599205941,0.00027280510403215885,10.712848931085318,1.123635096481433,2482153.0,7856.0,32.0,True,False
5,7,4185864150711869199,SPHINCS+-SHA2-128s-simple,0.038934004958719015,0.2606947550084442,0.00032129092141985893,22.43859207094647,1.0512065270457405,2482153.0,7856.0,32.0,True,False
5,7,9706089406615885542,SPHINCS+-SHA2-128s-simple,0.037565071834251285,0.19641229300759733,0.0002757660113275051,22.702678106958047,1.0650850544912747,2482153.0,7856.0,32.0,True,False
5,7,18318952645678360953,SPHINCS+-SHA2-128s-simple,0.03746498702093959,0.16845845500938594,0.0005478630773723125,22.87752573681064,1.0543163392109611,2482153.0,7856.0,32.0,True,False
5,7,1295863767870908899,SPHINCS+-SHA2-128s-simple,0.03128894488327205,0.17829827405512333,0.0002857111394405365,22.79810605896637,1.0444978092806028,2482153.0,7856.0,32.0,True,False
5,7,5781470573411854471,SPHINCS+-SHA2-128s-simple,0.020311019150540233,0.15726641286164522,0.0003015201073139906,10.575387649936602,1.0480469048213654,2482153.0,7856.0,32.0,True,False
5,8,4185864150711869199,SPHINCS+-SHA2-128s-simple,0.039108662866055965,0.27402910497039557,0.00029524113051593304,22.010459094075486,0.9727387508264365,2482153.0,7856.0,32.0,True,False
5,8,18318952645678360953,SPHINCS+-SHA2-128s-simple,0.021858748979866505,0.1678487549070269,0.0002718288451433182,22.479262307053432,0.9792174777855127,2482153.0,7856.0,32.0,True,False
5,8,9706089406615885542,SPHINCS+-SHA2-128s-simple,0.024879851145669818,0.3033866898622364,0.00028161401860415936,22.393831355962902,0.9866709652990578,2482153.0,7856.0,32.0,True,False
5,8,1295863767870908899,SPHINCS+-SHA2-128s-simple,0.03930939291603863,0.17684895684942603,0.00027449894696474075,22.759641191922128,0.9729852328856532,2482153.0,7856.0,32.0,True,False
5,8,5781470573411854471,SPHINCS+-SHA2-128s-simple,0.020364820957183838,0.15407027513720095,0.0002690290566533804,10.838486571097746,0.9779549806643599,2482153.0,7856.0,32.0,True,False
5,9,9706089406615885542,SPHINCS+-SHA2-128s-simple,0.022727977018803358,0.1693323680665344,0.0003039729781448841,21.838420690968633,0.9147786239084725,2482153.0,7856.0,32.0,True,False
5,9,1295863767870908899,SPHINCS+-SHA2-128s-simple,0.022711538011208177,0.16285443701781332,0.00027840095572173595,21.96211729105562,0.9012551840882712,2482153.0,7856.0,32.0,True,False
5,9,4185864150711869199,SPHINCS+-SHA2-128s-simple,0.03743510181084275,0.21895157708786428,0.00028209201991558075,21.842374054016545,0.9004744129439893,2482153.0,7856.0,32.0,True,False
5,9,18318952645678360953,SPHINCS+-SHA2-128s-simple,0.030356710078194737,0.16268420894630253,0.0002937049139291048,22.043284594081342,0.9068644081060879,2482153.0,7856.0,32.0,True,False
5,9,5781470573411854471,SPHINCS+-SHA2-128s-simple,0.020194512093439698,0.15339680202305317,0.0002835500054061413,10.81298424815759,0.9017415915053493,2482153.0,7856.0,32.0,True,False
5,10,1295863767870908899,SPHINCS+-SHA2-128s-simple,0.0359274388756603,0.19218646711669862,0.00033606099896132946,22.67414145404473,0.8385885403083917,2482153.0,7856.0,32.0,True,False
5,10,4185864150711869199,SPHINCS+-SHA2-128s-simple,0.021059446036815643,0.1963846618309617,0.0002763520460575819,22.6877088828478,0.844820027153332,2482153.0,7856.0,32.0,True,False
5,10,18318952645678360953,SPHINCS+-SHA2-128s-simple,0.022637822199612856,0.19225917686708272,0.00028530415147542953,22.549267008900642,0.8397649966489774,2482153.0,7856.0,32.0,True,False
5,10,9706089406615885542,SPHINCS+-SHA2-128s-simple,0.03036011103540659,0.288667538901791,0.0003377399407327175,22.51719442405738,0.8614656817132291,2482153.0,7856.0,32.0,True,False
5,10,5781470573411854471,SPHINCS+-SHA2-128s-simple,0.021090338937938213,0.15515367896296084,0.0002662630286067724,10.776954347034916,0.8369389203981089,2482153.0,7856.0,32.0,True,False
5,11,4185864150711869199,SPHINCS+-SHA2-128s-simple,0.03223950695246458,0.2830037970561534,0.0003320900723338127,22.29078550101258,0.7918370817416012,2482153.0,7856.0,32.0,True,False
5,11,9706089406615885542,SPHINCS+-SHA2-128s-simple,0.03475316404365003,0.1667085108347237,0.00027119508013129234,22.486490862909704,0.7953008478537155,2482153.0,7856.0,32.0,True,False
5,11,18318952645678360953,SPHINCS+-SHA2-128s-simple,0.036408778047189116,0.1815202091820538,0.0002664988860487938,22.517589546041563,0.7955181893830101,2482153.0,7856.0,32.0,True,False
5,11,1295863767870908899,SPHINCS+-SHA2-128s-simple,0.020759801845997572,0.2023969131987542,0.00027978094294667244,22.549540069885552,0.8008551055821367,2482153.0,7856.0,32.0,True,False
5,11,5781470573411854471,SPHINCS+-SHA2-128s-simple,0.01989117288030684,0.15374237392097712,0.00028069084510207176,10.76111184200272,0.7651729140990078,2482153.0,7856.0,32.0,True,False
5,12,1295863767870908899,SPHINCS+-SHA2-128s-simple,0.022483129054307938,0.16721049090847373,0.00029479991644620895,22.241509045939893,0.7496313864525895,2482153.0,7856.0,32.0,True,False
5,12,4185864150711869199,SPHINCS+-SHA2-128s-simple,0.023966992972418666,0.1656363469082862,0.00029474799521267414,22.21989841503091,0.7405182144607598,2482153.0,7856.0,32.0,True,False
5,12,9706089406615885542,SPHINCS+-SHA2-128s-simple,0.02355103101581335,0.2883731951005757,0.00028124800883233547,22.175348293036222,0.7400895079579978,2482153.0,7856.0,32.0,True,False
5,12,18318952645678360953,SPHINCS+-SHA2-128s-simple,0.038696307921782136,0.17884952877648175,0.00047365413047373295,22.39821208687499,0.7316215998067642,2482153.0,7856.0,32.0,True,False
5,12,5781470573411854471,SPHINCS+-SHA2-128s-simple,0.020518113858997822,0.15383973298594356,0.00027449498884379864,10.923574578948319,0.734749793863525,2482153.0,7856.0,32.0,True,False
5,13,9706089406615885542,SPHINCS+-SHA2-128s-simple,0.03780416282825172,0.18031537206843495,0.00030422513373196125,22.107205343898386,0.6969346735900203,2482153.0,7856.0,32.0,True,False
5,13,4185864150711869199,SPHINCS+-SHA2-128s-simple,0.040887041948735714,0.2942365629132837,0.0002917440142482519,22.037266677012667,0.6902321110042139,2482153.0,7856.0,32.0,True,False
5,13,18318952645678360953,SPHINCS+-SHA2-128s-simple,0.022481518099084496,0.21016308502294123,0.0002692088019102812,22.03505270718597,0.6838942392470356,2482153.0,7856.0,32.0,True,False
5,13,1295863767870908899,SPHINCS+-SHA2-128s-simple,0.021806119941174984,0.15772873302921653,0.00027888501062989235,22.133387432899326,0.6836608659011868,2482153.0,7856.0,32.0,True,False
5,13,5781470573411854471,SPHINCS+-SHA2-128s-simple,0.020266304025426507,0.1584722448606044,0.00030480697751045227,10.82867014198564,0.6914830360168847,2482153.0,7856.0,32.0,True,False
5,14,18318952645678360953,SPHINCS+-SHA2-128s-simple,0.03751181694678962,0.2564301691018045,0.00036382186226546764,22.626962083159015,0.6363764821816558,2482153.0,7856.0,32.0,True,False
5,14,1295863767870908899,SPHINCS+-SHA2-128s-simple,0.022481725085526705,0.1696870329324156,0.0002683138009160757,22.817348604090512,0.6439657126324245,2482153.0,7856.0,32.0,True,False
5,14,9706089406615885542,SPHINCS+-SHA2-128s-simple,0.021873750956729054,0.23624529200606048,0.0002829760778695345,22.828884257003665,0.6578691992135094,2482153.0,7856.0,32.0,True,False
5,14,4185864150711869199,SPHINCS+-SHA2-128s-simple,0.020839395001530647,0.15665441495366395,0.00029135006479918957,23.034840296953917,0.6416857237823475,2482153.0,7856.0,32.0,True,False
5,14,5781470573411854471,SPHINCS+-SHA2-128s-simple,0.019904128974303603,0.15490154107101262,0.0004635120276361704,10.680774447973818,0.6407033868205433,2482153.0,7856.0,32.0,True,False
5,15,9706089406615885542,SPHINCS+-SHA2-128s-simple,0.034286475041881204,0.2393926279619336,0.00030999002046883106,21.87233972689137,0.6149017541065288,2482153.0,7856.0,32.0,True,False
5,15,18318952645678360953,SPHINCS+-SHA2-128s-simple,0.03803772013634443,0.2735493688378483,0.0002767739351838827,21.79157174890861,0.6119547185901636,2482153.0,7856.0,32.0,True,False
5,15,1295863767870908899,SPHINCS+-SHA2-128s-simple,0.022706990130245686,0.16617475217208266,0.0002640460152179003,22.191582740982994,0.5967429291647368,2482153.0,7856.0,32.0,True,False
5,15,4185864150711869199,SPHINCS+-SHA2-128s-simple,0.021305920090526342,0.1562033980153501,0.0002724789083003998,22.33534897491336,0.5972445080407892,2482153.0,7856.0,32.0,True,False
5,15,5781470573411854471,SPHINCS+-SHA2-128s-simple,0.0200711979996413,0.15336452517658472,0.0002736758906394243,10.776395021006465,0.5882641008010687,2482153.0,7856.0,32.0,True,False
5,16,4185864150711869199,SPHINCS+-SHA2-128s-simple,0.023652732139453292,0.28427594411186874,0.0003147770185023546,21.63413958880119,0.573323376333942,2482153.0,7856.0,32.0,True,False
5,16,18318952645678360953,SPHINCS+-SHA2-128s-simple,0.021111353999003768,0.1598367360420525,0.0002744870726019144,21.948909753002226,0.5749831176556337,2482153.0,7856.0,32.0,True,False
5,16,9706089406615885542,SPHINCS+-SHA2-128s-simple,0.04104290506802499,0.17344458191655576,0.000286448048427701,21.918487645918503,0.5789636120485803,2482153.0,7856.0,32.0,True,False
5,16,1295863767870908899,SPHINCS+-SHA2-128s-simple,0.021030552918091416,0.1719201640225947,0.0002795339096337557,21.959930543089285,0.5829956430001572,2482153.0,7856.0,32.0,True,False
5,16,5781470573411854471,SPHINCS+-SHA2-128s-simple,0.020319904200732708,0.18175731878727674,0.00031236791983246803,10.745424351887777,0.5431602233514999,2482153.0,7856.0,32.0,True,False
5,17,9706089406615885542,SPHINCS+-SHA2-128s-simple,0.03536249999888241,0.2717455269303173,0.00030199787579476833,22.563814918044955,0.5528070472252254,2482153.0,7856.0,32.0,True,False
5,17,4185864150711869199,SPHINCS+-SHA2-128s-simple,0.023336393991485238,0.1677180239930749,0.00029066880233585835,22.84096515714191,0.5212026291166822,2482153.0,7856.0,32.0,True,False
5,17,18318952645678360953,SPHINCS+-SHA2-128s-simple,0.021015292033553123,0.15512914210557938,0.0002758039627224207,22.986391122918576,0.5280162887737012,2482153.0,7856.0,32.0,True,False
5,17,1295863767870908899,SPHINCS+-SHA2-128s-simple,0.0369835440069437,0.19341160799376667,0.000277878949418664,22.82292936788872,0.5323376049772619,2482153.0,7856.0,32.0,True,False
5,17,5781470573411854471,SPHINCS+-SHA2-128s-simple,0.0199121858458966,0.15573789598420262,0.0002740458585321903,10.759433272993192,0.5210715381029886,2482153.0,7856.0,32.0,True,False
5,18,4185864150711869199,SPHINCS+-SHA2-128s-simple,0.023474357090890408,0.17844994203187525,0.0003066570498049259,22.01335644396022,0.4935257511850173,2482153.0,7856.0,32.0,True,False
5,18,9706089406615885542,SPHINCS+-SHA2-128s-simple,0.022245626198127866,0.17310153995640576,0.00027048890478909016,22.20648142299615,0.5067875153733233,2482153.0,7856.0,32.0,True,False
5,18,1295863767870908899,SPHINCS+-SHA2-128s-simple,0.022429706063121557,0.16805417113937438,0.00027424306608736515,22.13966489303857,0.5119746361915677,2482153.0,7856.0,32.0,True,False
5,18,18318952645678360953,SPHINCS+-SHA2-128s-simple,0.020529556088149548,0.15826126304455101,0.0003125029616057873,22.383404950145632,0.5024047052731719,2482153.0,7856.0,32.0,True,False
5,18,5781470573411854471,SPHINCS+-SHA2-128s-simple,0.020548811880871654,0.15212076902389526,0.0002728670369833708,10.72743141790852,0.48249586700155334,2482153.0,7856.0,32.0,True,False
5,19,4185864150711869199,SPHINCS+-SHA2-128s-simple,0.023171510081738234,0.18368587689474225,0.00029405183158814907,21.932310885051265,0.45949495462373424,2482153.0,7856.0,32.0,True,False
5,19,1295863767870908899,SPHINCS+-SHA2-128s-simple,0.02226275601424277,0.17319111502729356,0.0002758840564638376,22.159906574059278,0.45668822373397433,2482153.0,7856.0,32.0,True,False
5,19,9706089406615885542,SPHINCS+-SHA2-128s-simple,0.039139753906056285,0.28664088901132345,0.0002746959216892719,22.15705024008639,0.48737095109523293,2482153.0,7856.0,32.0,True,False
5,19,18318952645678360953,SPHINCS+-SHA2-128s-simple,0.020317641086876392,0.15850357292219996,0.0002722148783504963,22.444061937974766,0.4714189952078719,2482153.0,7856.0,32.0,True,False
5,19,5781470573411854471,SPHINCS+-SHA2-128s-simple,0.020035651978105307,0.15472625591792166,0.00027043605223298073,10.711883431999013,0.44867671201356685,2482153.0,7856.0,32.0,True,False
5,20,1295863767870908899,SPHINCS+-SHA2-128s-simple,0.04101110901683569,0.30203973315656185,0.0002927440218627453,22.840942587004974,0.4604477386969252,2482153.0,7856.0,32.0,True,False
5,20,9706089406615885542,SPHINCS+-SHA2-128s-simple,0.03755761100910604,0.1861406269017607,0.0002704549115151167,23.04086862807162,0.4504317865727809,2482153.0,7856.0,32.0,True,False
5,20,4185864150711869199,SPHINCS+-SHA2-128s-simple,0.04110439610667527,0.2963145331013948,0.00027316901832818985,22.847823991905898,0.44369192849904204,2482153.0,7856.0,32.0,True,False
5,20,18318952645678360953,SPHINCS+-SHA2-128s-simple,0.021572385914623737,0.1588162740226835,0.0002873979974538088,23.132156418869272,0.4193595784207502,2482153.0,7856.0,32.0,True,False
5,20,5781470573411854471,SPHINCS+-SHA2-128s-simple,0.019943586084991693,0.15094286506064236,0.00028320401906967163,10.814198603853583,0.42990163924357,2482153.0,7856.0,32.0,True,False
5,21,18318952645678360953,SPHINCS+-SHA2-128s-simple,0.041234815027564764,0.2498055389150977,0.0003184711094945669,21.888509181095287,0.39955640082268384,2482153.0,7856.0,32.0,True,False
5,21,9706089406615885542,SPHINCS+-SHA2-128s-simple,0.03742922912351787,0.1721303048543632,0.0002762400545179844,21.94723910698667,0.43015230817797656,2482153.0,7856.0,32.0,True,False
5,21,4185864150711869199,SPHINCS+-SHA2-128s-simple,0.039414366940036416,0.25926937512122095,0.0003696219064295292,21.857583166100085,0.4143806427163771,2482153.0,7856.0,32.0,True,False
5,21,1295863767870908899,SPHINCS+-SHA2-128s-simple,0.020992635982111096,0.16021214006468654,0.0002759189810603857,22.041781414067373,0.4330346214468963,2482153.0,7856.0,32.0,True,False
5,21,5781470573411854471,SPHINCS+-SHA2-128s-simple,0.019954488845542073,0.153752424987033,0.00027806893922388554,10.967701995978132,0.39500763854636745,2482153.0,7856.0,32.0,True,False
5,22,1295863767870908899,SPHINCS+-SHA2-128s-simple,0.03908108896575868,0.1971636840607971,0.00030031916685402393,21.608143201097846,0.407299842274846,2482153.0,7856.0,32.0,True,False
5,22,18318952645678360953,SPHINCS+-SHA2-128s-simple,0.041926024947315454,0.17212657094933093,0.0002765150275081396,21.713541487930343,0.3900102760952216,2482153.0,7856.0,32.0,True,False
5,22,9706089406615885542,SPHINCS+-SHA2-128s-simple,0.030563756125047803,0.16121531906537712,0.00027349800802767277,21.719563241116703,0.38994329975852476,2482153.0,7856.0,32.0,True,False
5,22,4185864150711869199,SPHINCS+-SHA2-128s-simple,0.02051358693279326,0.15967932995408773,0.00028670206665992737,21.726608552969992,0.38274192316427874,2482153.0,7856.0,32.0,True,False
5,22,5781470573411854471,SPHINCS+-SHA2-128s-simple,0.020642454037442803,0.15273808618076146,0.0002833348698914051,10.777340024942532,0.3902718421940605,2482153.0,7856.0,32.0,True,False
5,23,4185864150711869199,SPHINCS+-SHA2-128s-simple,0.02479810593649745,0.21568236220628023,0.00031611393205821514,22.717613134998828,0.3771472120056518,2482153.0,7856.0,32.0,True,False
5,23,1295863767870908899,SPHINCS+-SHA2-128s-simple,0.027207256061956286,0.23270323988981545,0.00028608413413167,22.799347209045663,0.39019951064544267,2482153.0,7856.0,32.0,True,False
5,23,9706089406615885542,SPHINCS+-SHA2-128s-simple,0.022720965091139078,0.17117454204708338,0.0003003631718456745,23.02480749413371,0.39307487140686365,2482153.0,7856.0,32.0,True,False
5,23,18318952645678360953,SPHINCS+-SHA2-128s-simple,0.020288482774049044,0.1559792309999466,0.0002730952110141516,23.261858602054417,0.3788951267949499,2482153.0,7856.0,32.0,True,False
5,23,5781470573411854471,SPHINCS+-SHA2-128s-simple,0.019854447804391384,0.15516910096630454,0.0002787308767437935,10.925782210193574,0.3522338947793022,2482153.0,7856.0,32.0,True,False
5,24,9706089406615885542,SPHINCS+-SHA2-128s-simple,0.03480578004382551,0.24176978622563183,0.0004036049358546734,21.921792200068012,0.3813924612179875,2482153.0,7856.0,32.0,True,False
5,24,1295863767870908899,SPHINCS+-SHA2-128s-simple,0.022404451854526997,0.16765042208135128,0.0002792910672724247,22.12500576185994,0.3819669257230557,2482153.0,7856.0,32.0,True,False
5,24,4185864150711869199,SPHINCS+-SHA2-128s-simple,0.027358508901670575,0.17306462419219315,0.0002672129776328802,22.1643858931493,0.3602943225963095,2482153.0,7856.0,32.0,True,False
5,24,18318952645678360953,SPHINCS+-SHA2-128s-simple,0.021489250008016825,0.164007973857224,0.0002758479677140713,22.336248914944008,0.3583611464083266,2482153.0,7856.0,32.0,True,False
5,24,5781470573411854471,SPHINCS+-SHA2-128s-simple,0.020211613038554788,0.15466056088916957,0.0002867830917239189,10.910612029954791,0.35809711715914666,2482153.0,7856.0,32.0,True,False
5,25,18318952645678360953,SPHINCS+-SHA2-128s-simple,0.037994903046637774,0.2815217459574342,0.00040247896686196327,21.758582819020376,0.3457982945122039,2482153.0,7856.0,32.0,True,False
5,25,1295863767870908899,SPHINCS+-SHA2-128s-simple,0.034351861104369164,0.1605222609359771,0.00026878900825977325,21.832235456909984,0.3410833590803817,2482153.0,7856.0,32.0,True,False
5,25,9706089406615885542,SPHINCS+-SHA2-128s-simple,0.03986883000470698,0.17682040599174798,0.0003336810041218996,21.95097080199048,0.35570562909098385,2482153.0,7856.0,32.0,True,False
5,25,4185864150711869199,SPHINCS+-SHA2-128s-simple,0.02067453390918672,0.21060597407631576,0.0002798589412122965,21.893702620174736,0.34408443481081163,2482153.0,7856.0,32.0,True,False
5,25,5781470573411854471,SPHINCS+-SHA2-128s-simple,0.019843072863295674,0.15520538087002933,0.000282221008092165,10.795317014912143,0.33404935240602723,2482153.0,7856.0,32.0,True,False
5,26,1295863767870908899,SPHINCS+-SHA2-128s-simple,0.022474602097645402,0.16078435280360281,0.00030266400426626205,22.703434669878334,0.33084280669284516,2482153.0,7856.0,32.0,True,False
5,26,9706089406615885542,SPHINCS+-SHA2-128s-simple,0.03225016198121011,0.2327750059776008,0.0003060190938413143,22.57996505079791,0.3246254231304692,2482153.0,7856.0,32.0,True,False
5,26,18318952645678360953,SPHINCS+-SHA2-128s-simple,0.022085041971877217,0.16304175392724574,0.00028294092044234276,22.76928219385445,0.31457897488730024,2482153.0,7856.0,32.0,True,False
5,26,4185864150711869199,SPHINCS+-SHA2-128s-simple,0.021036675898358226,0.16215315810404718,0.00027749803848564625,22.799208512995392,0.3240972507831316,2482153.0,7856.0,32.0,True,False
5,26,5781470573411854471,SPHINCS+-SHA2-128s-simple,0.0199098140001297,0.1541751199401915,0.0002743559889495373,10.794279739959165,0.33435580618500993,2482153.0,7856.0,32.0,True,False
5,27,18318952645678360953,SPHINCS+-SHA2-128s-simple,0.03757237596437335,0.24930776213295758,0.0002930690534412861,21.682749423896894,0.30055895182021414,2482153.0,7856.0,32.0,True,False
5,27,4185864150711869199,SPHINCS+-SHA2-128s-simple,0.022937929024919868,0.17123902402818203,0.0002741690259426832,21.90549677796662,0.31661079793472213,2482153.0,7856.0,32.0,True,False
5,27,9706089406615885542,SPHINCS+-SHA2-128s-simple,0.03405904886312783,0.20448627090081573,0.0003272548783570528,21.984854117035866,0.3258157364396265,2482153.0,7856.0,32.0,True,False
5,27,1295863767870908899,SPHINCS+-SHA2-128s-simple,0.02146263886243105,0.1611259060446173,0.00026888889260590076,22.208730241050944,0.3165927524633777,2482153.0,7856.0,32.0,True,False
5,27,5781470573411854471,SPHINCS+-SHA2-128s-simple,0.020650656893849373,0.15415926510468125,0.0002759159542620182,10.896999167045578,0.3076398401943663,2482153.0,7856.0,32.0,True,False
5,28,1295863767870908899,SPHINCS+-SHA2-128s-simple,0.023754014866426587,0.18096754816360772,0.0003064349293708801,21.751203472958878,0.303014554355603,2482153.0,7856.0,32.0,True,False
5,28,18318952645678360953,SPHINCS+-SHA2-128s-simple,0.028574051102623343,0.20775632304139435,0.0002768849954009056,21.92233236087486,0.27917637794721906,2482153.0,7856.0,32.0,True,False
5,28,4185864150711869199,SPHINCS+-SHA2-128s-simple,0.03294667904265225,0.1574083378072828,0.0002774810418486595,21.84216696000658,0.289931484794143,2482153.0,7856.0,32.0,True,False
5,28,9706089406615885542,SPHINCS+-SHA2-128s-simple,0.021648154826834798,0.1681065468583256,0.0002779590431600809,21.839231798192486,0.3167901292827111,2482153.0,7856.0,32.0,True,False
5,28,5781470573411854471,SPHINCS+-SHA2-128s-simple,0.02034556888975203,0.15131625486537814,0.0002768198028206825,10.871909113135189,0.31417332379706797,2482153.0,7856.0,32.0,True,False
5,29,4185864150711869199,SPHINCS+-SHA2-128s-simple,0.039367258083075285,0.22892327094450593,0.0003266190178692341,22.47002575919032,0.26777937002003954,2482153.0,7856.0,32.0,True,False
5,29,1295863767870908899,SPHINCS+-SHA2-128s-simple,0.04096105298958719,0.29360533389262855,0.0002696509473025799,22.580933201126754,0.29706867849275753,2482153.0,7856.0,32.0,True,False
5,29,9706089406615885542,SPHINCS+-SHA2-128s-simple,0.024256814969703555,0.1603877239394933,0.0002701079938560724,22.728756082011387,0.3015085231883231,2482153.0,7856.0,32.0,True,False
5,29,18318952645678360953,SPHINCS+-SHA2-128s-simple,0.03945782198570669,0.22850650106556714,0.00031301495619118214,22.75143205211498,0.2754797354011764,2482153.0,7856.0,32.0,True,False
5,29,5781470573411854471,SPHINCS+-SHA2-128s-simple,0.0204682438634336,0.15674818702973425,0.00028176908381283283,10.973544243024662,0.29052790385944705,2482153.0,7856.0,32.0,True,False
5,30,4185864150711869199,SPHINCS+-SHA2-128s-simple,0.02238075016066432,0.16921989293769002,0.00031031714752316475,22.496356535004452,0.2865194478626408,2482153.0,7856.0,32.0,True,False
5,30,18318952645678360953,SPHINCS+-SHA2-128s-simple,0.03433359693735838,0.16732253693044186,0.00027503399178385735,22.45828508795239,0.2700669976968925,2482153.0,7856.0,32.0,True,False
5,30,9706089406615885542,SPHINCS+-SHA2-128s-simple,0.02367248199880123,0.2713048260193318,0.0002750579733401537,22.4734048480168,0.2924482230317984,2482153.0,7856.0,32.0,True,False
5,30,1295863767870908899,SPHINCS+-SHA2-128s-simple,0.025576991960406303,0.15714333509095013,0.000303969020023942,22.723553142044693,0.2881595069072403,2482153.0,7856.0,32.0,True,False
5,30,5781470573411854471,SPHINCS+-SHA2-128s-simple,0.019768468104302883,0.15094056213274598,0.00026991800405085087,10.802945480914786,0.300297830853397,2482153.0,7856.0,32.0,True,False
