run,round,node_id,scheme,keygen_time,sign_time,verify_time,train_time,train_loss,payload_size,sig_size,pubkey_size,verified
1,1,1759560414447879584,ECDSA-256,0.005360099006793462,0.0008780059943092056,0.0007184370042523369,22.682589414995164,1.9886225694284652,2482164.0,71.0,91.0,True
1,1,1351547731160210543,ECDSA-256,0.004184165998594835,0.0006723289989167824,0.00013870900147594512,22.690335583996784,1.9511833274707246,2482164.0,72.0,91.0,True
1,1,928249063204327094,ECDSA-256,0.003242615995986853,0.0005904639983782545,0.00015134100249269977,22.992602902995714,1.9673776721802,2482163.0,72.0,91.0,True
1,1,6301136110603806807,ECDSA-256,0.0036314620010671206,0.0006632310032728128,0.0001553289985167794,22.960891582995828,1.904045512120183,2482164.0,71.0,91.0,True
1,1,13801579693159999560,ECDSA-256,0.00014498800010187551,0.00014180900325300172,0.00020353999570943415,10.787024741002824,1.9484291065234345,2482165.0,72.0,91.0,True
1,2,1759560414447879584,ECDSA-256,0.00029270999948494136,0.0004065079992869869,0.0001399569955538027,21.884264856998925,1.7048787141379458,2482164.0,71.0,91.0,True
1,2,6301136110603806807,ECDSA-256,0.0003306010039523244,0.0002768240010482259,0.0001389030003338121,22.0743272519976,1.7076553734727562,2482164.0,71.0,91.0,True
1,2,1351547731160210543,ECDSA-256,0.00014429199654841796,0.00019417300063651055,0.00014770700363442302,22.089581707994512,1.7110412117010487,2482164.0,70.0,91.0,True
1,2,928249063204327094,ECDSA-256,0.00014784100494580343,0.00015139699826249853,0.00013542499800678343,22.278739695000695,1.6927795326366972,2482163.0,70.0,91.0,True
1,2,13801579693159999560,ECDSA-256,0.000124072001199238,0.00014384200039785355,0.00013606299762614071,10.789793732001272,1.6866076019244454,2482165.0,71.0,91.0,True
1,3,928249063204327094,ECDSA-256,0.0003039899966097437,0.0002567589981481433,0.00013688999752048403,22.12386052799411,1.4904791855583557,2482163.0,72.0,91.0,True
1,3,1759560414447879584,ECDSA-256,0.00018347099830862135,0.0002426310020382516,0.0001450159979867749,22.170031674999336,1.5097246967946378,2482164.0,71.0,91.0,True
1,3,6301136110603806807,ECDSA-256,0.00016380599845433608,0.00022885200451128185,0.00014743999781785533,22.415715531999012,1.5277319245825942,2482164.0,71.0,91.0,True
1,3,1351547731160210543,ECDSA-256,0.0001227959946845658,0.0001539430013508536,0.0001437780010746792,22.496078447999025,1.5353007507019532,2482164.0,70.0,91.0,True
1,3,13801579693159999560,ECDSA-256,0.00012108700320823118,0.00014789799752179533,0.00014239900337997824,10.713099112996133,1.517916016494885,2482165.0,72.0,91.0,True
1,4,6301136110603806807,ECDSA-256,0.00018227600230602548,0.0003590680062188767,0.00014203699538484216,21.692369345997577,1.4141430251133709,2482164.0,72.0,91.0,True
1,4,1759560414447879584,ECDSA-256,0.00016024900105549023,0.00031618399953003973,0.0002201349998358637,21.976933981997718,1.3970488087056925,2482164.0,71.0,91.0,True
1,4,1351547731160210543,ECDSA-256,0.00012150399561505765,0.0002564879978308454,0.0001412799974787049,21.911133694004093,1.414475647976604,2482164.0,70.0,91.0,True
1,4,928249063204327094,ECDSA-256,0.00012730000162264332,0.000268431002041325,0.00014002300304127857,21.992576298995118,1.3610068900516619,2482163.0,70.0,91.0,True
1,4,13801579693159999560,ECDSA-256,0.0001222020000568591,0.00014839199866401032,0.00014071199984755367,10.772350235005433,1.3966037937627434,2482165.0,72.0,91.0,True
1,5,1351547731160210543,ECDSA-256,0.0001702920053503476,0.0002587710041552782,0.00015297800564439967,22.84970178399817,1.2946711799588067,2482164.0,71.0,91.0,True
1,5,6301136110603806807,ECDSA-256,0.0001758780053933151,0.00030861300183460116,0.000143220997415483,23.004794492000656,1.298185811827358,2482164.0,72.0,91.0,True
1,5,928249063204327094,ECDSA-256,0.00016405800124630332,0.0002572899975348264,0.00019890000112354755,22.947098823999113,1.2399372357529954,2482163.0,71.0,91.0,True
1,5,1759560414447879584,ECDSA-256,0.00012126700312364846,0.00016115100152092054,0.00014105200534686446,23.026525722998485,1.273458995377294,2482164.0,72.0,91.0,True
1,5,13801579693159999560,ECDSA-256,0.00012274799519218504,0.00014715600264025852,0.0001715219987090677,10.870229822998226,1.2663779319665682,2482165.0,70.0,91.0,True
1,6,6301136110603806807,ECDSA-256,0.0001696499966783449,0.0003201489962521009,0.00013660299737239257,21.71071554700029,1.1818427338767736,2482164.0,71.0,91.0,True
1,6,1351547731160210543,ECDSA-256,0.00015418300608871505,0.00016688100004103035,0.00013645299623021856,21.845645035995403,1.1995574287332285,2482164.0,71.0,91.0,True
1,6,1759560414447879584,ECDSA-256,0.00017643599858274683,0.0003154220030410215,0.00014769700646866113,21.878027482001926,1.1634965534217823,2482164.0,71.0,91.0,True
1,6,928249063204327094,ECDSA-256,0.00015667099796701223,0.0001561009994475171,0.00013524899986805394,21.914136999999755,1.1515868862216083,2482163.0,72.0,91.0,True
1,6,13801579693159999560,ECDSA-256,0.00012301500100875273,0.00014511799963656813,0.00013507899711839855,10.854623560000618,1.1704355560171718,2482165.0,71.0,91.0,True
1,7,1759560414447879584,ECDSA-256,0.00020602199947461486,0.00029396799800451845,0.00014213800022844225,21.68941906299733,1.0691501598198192,2482164.0,70.0,91.0,True
1,7,928249063204327094,ECDSA-256,0.0002002280016313307,0.0002534560044296086,0.0001565589991514571,22.032454806001624,1.0521077397532357,2482163.0,72.0,91.0,True
1,7,6301136110603806807,ECDSA-256,0.00016102800145745277,0.00027791900356533006,0.0001581639953656122,22.294651654003246,1.084899015510425,2482164.0,72.0,91.0,True
1,7,1351547731160210543,ECDSA-256,0.00012553000124171376,0.00016852499538799748,0.0001535199990030378,22.390384182006528,1.1144485026121902,2482164.0,70.0,91.0,True
1,7,13801579693159999560,ECDSA-256,0.00011999699927400798,0.0001486529945395887,0.00014341199857881293,10.608875997000723,1.08195362018701,2482165.0,71.0,91.0,True
1,8,1759560414447879584,ECDSA-256,0.00021524699695874006,0.00023282499751076102,0.00025839699810603634,22.77102921700134,0.9935546990591116,2482164.0,71.0,91.0,True
1,8,928249063204327094,ECDSA-256,0.00033462999999755993,0.00017220600420841947,0.0002536430038162507,22.943576773999666,0.9815574283607471,2482163.0,72.0,91.0,True
1,8,6301136110603806807,ECDSA-256,0.00017794300219975412,0.0002517570028430782,0.0001464749948354438,22.700363864998508,1.026645452926715,2482164.0,71.0,91.0,True
1,8,1351547731160210543,ECDSA-256,0.00016329500067513436,0.00021229100093478337,0.00013859799946658313,22.782506939001905,1.0277538147216407,2482164.0,71.0,91.0,True
1,8,13801579693159999560,ECDSA-256,0.00012051499652443454,0.0001491490038461052,0.00018667599943000823,10.646930875998805,1.0052022908251887,2482165.0,71.0,91.0,True
1,9,928249063204327094,ECDSA-256,0.00016181800310732797,0.00019260299450252205,0.00013699500414077193,21.807662121995236,0.9249548051303949,2482163.0,70.0,91.0,True
1,9,1759560414447879584,ECDSA-256,0.00023065500135999173,0.00022274599905358627,0.0001699720014585182,22.20268087900331,0.9270470957405651,2482164.0,72.0,91.0,True
1,9,6301136110603806807,ECDSA-256,0.00013730600039707497,0.00015543300105491653,0.00013522299559554085,22.06338563800091,0.9510012833645549,2482164.0,71.0,91.0,True
1,9,1351547731160210543,ECDSA-256,0.00012510800297604874,0.000166473000717815,0.0001356389984721318,22.303509133998887,0.9693222597193795,2482164.0,71.0,91.0,True
1,9,13801579693159999560,ECDSA-256,0.00011951600026804954,0.0001464809975004755,0.00013680900156032294,10.697524604001956,0.9342022377271622,2482165.0,70.0,91.0,True
1,10,6301136110603806807,ECDSA-256,0.00016009100363589823,0.0005491120027727447,0.00014109600306255743,22.09904743899824,0.8973007730592173,2482164.0,71.0,91.0,True
1,10,928249063204327094,ECDSA-256,0.00019587099814089015,0.0003053250038647093,0.00013954899623058736,22.174347277003108,0.8536568869607517,2482163.0,70.0,91.0,True
1,10,1351547731160210543,ECDSA-256,0.0002567490009823814,0.00017217599815921858,0.00014569199993275106,22.19860283900198,0.8875622927380827,2482164.0,71.0,91.0,True
1,10,1759560414447879584,ECDSA-256,0.00012181600322946906,0.00015789700410095975,0.00013682499411515892,22.426354030001676,0.8547538726474531,2482164.0,70.0,91.0,True
1,10,13801579693159999560,ECDSA-256,0.00011862900282721967,0.0001453340009902604,0.00014337799802888185,10.646850033997907,0.876631998977722,2482165.0,71.0,91.0,True
1,11,1759560414447879584,ECDSA-256,0.00013125500117894262,0.0003526619984768331,0.00013948199921287596,22.013824792004016,0.7937218136014268,2482164.0,71.0,91.0,True
1,11,1351547731160210543,ECDSA-256,0.00018957800057251006,0.00019463899661786854,0.00014017099601915106,22.016248407002422,0.8484628685651877,2482164.0,72.0,91.0,True
1,11,6301136110603806807,ECDSA-256,0.00015292299940483645,0.00015760600217618048,0.00013921599747845903,22.047089293999306,0.8223559735491633,2482164.0,71.0,91.0,True
1,11,928249063204327094,ECDSA-256,0.00034400299773551524,0.00027701700309989974,0.00014495499635813758,22.013719418995606,0.8090550557683451,2482163.0,71.0,91.0,True
1,11,13801579693159999560,ECDSA-256,0.00011871600145241246,0.00013851700350642204,0.00014186900079948828,10.890348379005445,0.809136379641085,2482165.0,71.0,91.0,True
1,12,6301136110603806807,ECDSA-256,0.0002940459962701425,0.00038687799678882584,0.00014110800111666322,22.00195701499615,0.7508260504887126,2482164.0,70.0,91.0,True
1,12,1759560414447879584,ECDSA-256,0.00014825100515736267,0.00017691899847704917,0.0001435189988114871,22.261365802005457,0.7421225467428993,2482164.0,71.0,91.0,True
1,12,1351547731160210543,ECDSA-256,0.00012119200255256146,0.0002229390011052601,0.0001416550003341399,22.416768483999476,0.7726308454911168,2482164.0,71.0,91.0,True
1,12,928249063204327094,ECDSA-256,0.0001190410039271228,0.00015552099648630247,0.00014408500283025205,22.47000822299742,0.7351785170765349,2482163.0,71.0,91.0,True
1,12,13801579693159999560,ECDSA-256,0.00011710399849107489,0.0001422440036549233,0.00013621999823953956,10.687540444996557,0.742028185687126,2482165.0,70.0,91.0,True
1,13,1759560414447879584,ECDSA-256,0.0001623839998501353,0.0002203760013799183,0.00013697999384021387,22.351244395998947,0.6936702175547902,2482164.0,70.0,91.0,True
1,13,1351547731160210543,ECDSA-256,0.00015266300033545122,0.0001718179992167279,0.0001454820012440905,22.46829467999487,0.7075833496860803,2482164.0,72.0,91.0,True
1,13,928249063204327094,ECDSA-256,0.00015403400175273418,0.00017755100270733237,0.00014410400035558268,22.554991067998344,0.7031568357834039,2482163.0,72.0,91.0,True
1,13,6301136110603806807,ECDSA-256,0.00012226799299241975,0.00019193899788660929,0.00014408699644263834,22.74905467800272,0.7079458824647501,2482164.0,72.0,91.0,True
1,13,13801579693159999560,ECDSA-256,0.0001229370027431287,0.00014516499504679814,0.0001422040004399605,10.724145478998253,0.6877545248300504,2482165.0,72.0,91.0,True
1,14,1759560414447879584,ECDSA-256,0.00016184400010388345,0.00022876699949847534,0.00013799400039715692,21.72755805399356,0.6618460670542031,2482164.0,71.0,91.0,True
1,14,928249063204327094,ECDSA-256,0.0002447279985062778,0.000256578998232726,0.00014601000293623656,21.888364054000704,0.670252809794947,2482163.0,71.0,91.0,True
1,14,1351547731160210543,ECDSA-256,0.00012971199612366036,0.0001763199979905039,0.00015283600077964365,21.93207294500462,0.6604743670826903,2482164.0,71.0,91.0,True
1,14,6301136110603806807,ECDSA-256,0.0001293460009037517,0.00016302400035783648,0.0001430329939466901,22.075932275001833,0.6581009213631146,2482164.0,71.0,91.0,True
1,14,13801579693159999560,ECDSA-256,0.0001184069988084957,0.0001446289970772341,0.0001444610024918802,10.74925342699862,0.6543729702552287,2482165.0,71.0,91.0,True
1,15,1759560414447879584,ECDSA-256,0.0001651580023462884,0.0002484090000507422,0.00016355599655071273,22.451054288001615,0.5905806191098957,2482164.0,71.0,91.0,True
1,15,1351547731160210543,ECDSA-256,0.00012539200542960316,0.00037237099604681134,0.00014255099813453853,22.641838884002937,0.6119842558932571,2482164.0,71.0,91.0,True
1,15,928249063204327094,ECDSA-256,0.00012064100155839697,0.00016604200209258124,0.00015026300388853997,22.785621862996777,0.623730454058312,2482163.0,70.0,91.0,True
1,15,6301136110603806807,ECDSA-256,0.00011886599531862885,0.0001591990003362298,0.00014196999836713076,22.855842633995053,0.6132845681981919,2482164.0,71.0,91.0,True
1,15,13801579693159999560,ECDSA-256,0.00011890599853359163,0.0001465559980715625,0.00014056700456421822,10.686220209005114,0.6174445685368186,2482165.0,70.0,91.0,True
1,16,1351547731160210543,ECDSA-256,0.00029263900069054216,0.0004676969983847812,0.0001722309971228242,21.526167129995883,0.5818032377515547,2482164.0,71.0,91.0,True
1,16,6301136110603806807,ECDSA-256,0.00017571899661561474,0.00028018000011797994,0.00016986000264296308,21.624583232005534,0.5909514109880779,2482164.0,72.0,91.0,True
1,16,1759560414447879584,ECDSA-256,0.00020663400209741667,0.00023319799947785214,0.00015318000077968463,21.5249602019976,0.5618105403626689,2482164.0,72.0,91.0,True
1,16,928249063204327094,ECDSA-256,0.00014554800145560876,0.00015611999697284773,0.00014748299872735515,21.659753391999402,0.5794207184269025,2482163.0,71.0,91.0,True
1,16,13801579693159999560,ECDSA-256,0.00012458600394893438,0.0001608359962119721,0.0001554160044179298,10.912411498000438,0.5659697287189313,2482165.0,70.0,91.0,True
1,17,1351547731160210543,ECDSA-256,0.00015420799900311977,0.00021581399778369814,0.00013690999912796542,21.42500015100086,0.5341574575621099,2482164.0,70.0,91.0,True
1,17,928249063204327094,ECDSA-256,0.00028434799605747685,0.00028467799711506814,0.00016613500338280573,21.795578084995213,0.5345137170173775,2482163.0,70.0,91.0,True
1,17,6301136110603806807,ECDSA-256,0.0002324579982087016,0.00042848700104514137,0.00014143100270302966,21.738213142998575,0.5483530687090878,2482164.0,72.0,91.0,True
1,17,1759560414447879584,ECDSA-256,0.00012169300316600129,0.00015242800145642832,0.00014611399819841608,21.93808896700648,0.5322506467279154,2482164.0,72.0,91.0,True
1,17,13801579693159999560,ECDSA-256,0.00011613200331339613,0.00013879699690733105,0.00014101400302024558,10.755428789998405,0.5244707168695836,2482165.0,70.0,91.0,True
1,18,1759560414447879584,ECDSA-256,0.0001637659952393733,0.00023741000040899962,0.00021764700068160892,22.108939937003015,0.50160107695566,2482164.0,71.0,91.0,True
1,18,6301136110603806807,ECDSA-256,0.00014574699889635667,0.00016522799705853686,0.00013713999942410737,22.279577979999885,0.495518005206086,2482164.0,71.0,91.0,True
1,18,1351547731160210543,ECDSA-256,0.00018000999989453703,0.0002493389984010719,0.00013529200077755377,22.17821700800414,0.5125726185524806,2482164.0,71.0,91.0,True
1,18,928249063204327094,ECDSA-256,0.0001645480006118305,0.0001568020015838556,0.00013751100050285459,22.29856172000291,0.4917491752975665,2482163.0,71.0,91.0,True
1,18,13801579693159999560,ECDSA-256,0.00011780299973906949,0.00014077999367145821,0.00013746500189881772,11.172531443997286,0.49468630069670394,2482165.0,71.0,91.0,True
1,19,1759560414447879584,ECDSA-256,0.000278501000138931,0.00019766799960052595,0.00014000300143379718,21.75238731600257,0.45843152905376955,2482164.0,72.0,91.0,True
1,19,928249063204327094,ECDSA-256,0.00012629199773073196,0.00016877499729162082,0.00013487800606526434,22.132384450000245,0.4643172918679044,2482163.0,70.0,91.0,True
1,19,1351547731160210543,ECDSA-256,0.0002194299959228374,0.00016234700160566717,0.00015441599680343643,22.148227603000123,0.4864480341323458,2482164.0,72.0,91.0,True
1,19,6301136110603806807,ECDSA-256,0.00018118799926014617,0.000259205000475049,0.00013524999667424709,22.12281181599974,0.47111412202016995,2482164.0,71.0,91.0,True
1,19,13801579693159999560,ECDSA-256,0.00012204200174892321,0.00014139799895929173,0.00015620700287399814,10.9878911459964,0.4573380002579369,2482165.0,70.0,91.0,True
1,20,1351547731160210543,ECDSA-256,0.00016276800306513906,0.00027142500039190054,0.00013754000246990472,22.36398804700002,0.4527344681655827,2482164.0,71.0,91.0,True
1,20,1759560414447879584,ECDSA-256,0.00015762900147819892,0.00022869000531500205,0.00013697399845113978,22.408606838995183,0.42980092743072457,2482164.0,70.0,91.0,True
1,20,928249063204327094,ECDSA-256,0.00015259700012393296,0.0003531680049491115,0.00016892800340428948,22.513194794999436,0.45011438695511546,2482163.0,72.0,91.0,True
1,20,6301136110603806807,ECDSA-256,0.00015344300481956452,0.00015444800374098122,0.0001581010001245886,22.732129736999923,0.45393736503375604,2482164.0,70.0,91.0,True
1,20,13801579693159999560,ECDSA-256,0.00011671399988699704,0.00014341800124384463,0.0001363909977953881,10.683656911998696,0.4540567772683149,2482165.0,70.0,91.0,True
1,21,6301136110603806807,ECDSA-256,0.00023352100106421858,0.00022699900000588968,0.00020008899446111172,21.789685183000984,0.4151797572585245,2482164.0,71.0,91.0,True
1,21,1351547731160210543,ECDSA-256,0.00015113399422261864,0.0002753100052359514,0.00014252499386202544,21.8441257960003,0.42655200433259766,2482164.0,72.0,91.0,True
1,21,1759560414447879584,ECDSA-256,0.00025204299890901893,0.0001655610030866228,0.00013518000196199864,21.931666003998544,0.4240336558475091,2482164.0,71.0,91.0,True
1,21,928249063204327094,ECDSA-256,0.00011692900443449616,0.00014954099606256932,0.00013877900346415117,22.037838112999452,0.4378396341809259,2482163.0,72.0,91.0,True
1,21,13801579693159999560,ECDSA-256,0.00011705799988703802,0.00018510600057197735,0.00013611299800686538,10.746844007000618,0.44167258176274193,2482165.0,71.0,91.0,True
1,22,6301136110603806807,ECDSA-256,0.0003300860043964349,0.00018933200044557452,0.00013760900037596002,22.014750262002053,0.4113363888376532,2482164.0,72.0,91.0,True
1,22,1351547731160210543,ECDSA-256,0.00015957400319166481,0.00029798399918945506,0.000138522002089303,22.20668145300442,0.41184423954639665,2482164.0,70.0,91.0,True
1,22,1759560414447879584,ECDSA-256,0.0001660799971432425,0.00022298299882095307,0.00013622799451695755,22.533098995001637,0.4109570984505474,2482164.0,71.0,91.0,True
1,22,928249063204327094,ECDSA-256,0.00013378699804889038,0.00019580800289986655,0.00014368600386660546,22.587740495000617,0.40715275697719555,2482163.0,71.0,91.0,True
1,22,13801579693159999560,ECDSA-256,0.00011841699597425759,0.0001502230006735772,0.00014309600373962894,11.094066532998113,0.40387944454630725,2482165.0,70.0,91.0,True
1,23,1759560414447879584,ECDSA-256,0.0001712200028123334,0.000304809000226669,0.00016644300194457173,22.140086728002643,0.39452396223422725,2482164.0,72.0,91.0,True
1,23,6301136110603806807,ECDSA-256,0.00032145200384547934,0.0005526750028366223,0.00014091200137045234,22.106128311002976,0.3860477285501294,2482164.0,70.0,91.0,True
1,23,1351547731160210543,ECDSA-256,0.00012129099923186004,0.00017205999756697565,0.00013986500562168658,22.343898992003233,0.38794970915566523,2482164.0,71.0,91.0,True
1,23,928249063204327094,ECDSA-256,0.0001195130025735125,0.00015690200234530494,0.00015168300160439685,22.57741830699524,0.3749680973830434,2482163.0,71.0,91.0,True
1,23,13801579693159999560,ECDSA-256,0.00011907199950655922,0.00014277599984779954,0.0001597400041646324,10.90257066200138,0.4079206938358446,2482165.0,70.0,91.0,True
1,24,928249063204327094,ECDSA-256,0.0001653989966143854,0.0004505760007305071,0.00015810599870746955,21.722280761998263,0.3700944990955127,2482163.0,71.0,91.0,True
1,24,1759560414447879584,ECDSA-256,0.00020751899864990264,0.0002317239996045828,0.00018396999803371727,21.86140528300166,0.352173761866344,2482164.0,71.0,91.0,True
1,24,1351547731160210543,ECDSA-256,0.00019036800222238526,0.00020542599668260664,0.00017059699894161895,21.88591056400037,0.35193304504199435,2482164.0,72.0,91.0,True
1,24,6301136110603806807,ECDSA-256,0.00015895300020929426,0.00015153099957387894,0.0001461609936086461,21.877549634002207,0.349732104361581,2482164.0,71.0,91.0,True
1,24,13801579693159999560,ECDSA-256,0.0001169520037365146,0.00014493799972115085,0.00015978699957486242,10.70862530299928,0.37063935164885875,2482165.0,70.0,91.0,True
1,25,928249063204327094,ECDSA-256,0.000221950002014637,0.0002338960039196536,0.0001366279975627549,21.976469251996605,0.352502863425702,2482163.0,70.0,91.0,True
1,25,1351547731160210543,ECDSA-256,0.00021589700190816075,0.00030667600367451087,0.00013691699859919026,22.078079057995637,0.3429223496776324,2482164.0,71.0,91.0,True
1,25,6301136110603806807,ECDSA-256,0.00018145899957744405,0.000167432997841388,0.00013581100211013108,22.086627390999638,0.3542527090460538,2482164.0,72.0,91.0,True
1,25,1759560414447879584,ECDSA-256,0.00014507600280921906,0.000154879002366215,0.00013883400242775679,22.24590810800146,0.34338011352208475,2482164.0,70.0,91.0,True
1,25,13801579693159999560,ECDSA-256,0.00011726199591066688,0.00014856100460747257,0.0001352700055576861,10.694253913003195,0.3581344770273557,2482165.0,72.0,91.0,True
1,26,1351547731160210543,ECDSA-256,0.0004778729999088682,0.00020110599871259183,0.00014011599705554545,21.51526446099888,0.3332233172023115,2482164.0,72.0,91.0,True
1,26,1759560414447879584,ECDSA-256,0.00016385599883506075,0.0002851410026778467,0.00013993099855724722,21.90448416000436,0.34510090141393507,2482164.0,70.0,91.0,True
1,26,928249063204327094,ECDSA-256,0.00015543900371994823,0.00020438899809960276,0.0001415450024069287,21.961980561995006,0.3428438762611986,2482163.0,71.0,91.0,True
1,26,6301136110603806807,ECDSA-256,0.00017031699826475233,0.00016285300080198795,0.0001352299950667657,21.956474284997967,0.3352593238652943,2482164.0,71.0,91.0,True
1,26,13801579693159999560,ECDSA-256,0.00013811200187774375,0.00014242699398892,0.00013610499445348978,10.746055066992994,0.3534154255603687,2482165.0,71.0,91.0,True
1,27,928249063204327094,ECDSA-256,0.00018033199739875272,0.00022863000049255788,0.00014837000344414264,22.38525278000452,0.31785483954075616,2482163.0,71.0,91.0,True
1,27,1351547731160210543,ECDSA-256,0.00017473000480094925,0.00023793100262992084,0.000183707001269795,22.72547349800152,0.33560045721967474,2482164.0,72.0,91.0,True
1,27,6301136110603806807,ECDSA-256,0.00016194299678318202,0.0001906260004034266,0.000135859998408705,22.71375240499765,0.31763702104933345,2482164.0,71.0,91.0,True
1,27,1759560414447879584,ECDSA-256,0.00012525299825938419,0.00015028299822006375,0.00013828399823978543,22.803271735996532,0.32668845741429364,2482164.0,71.0,91.0,True
1,27,13801579693159999560,ECDSA-256,0.0001178840029751882,0.00013541099906433374,0.00013612299517262727,10.782831001000886,0.32273232596167645,2482165.0,71.0,91.0,True
1,28,928249063204327094,ECDSA-256,0.00012628400145331398,0.0004716440016636625,0.00014616399857914075,21.787266291998094,0.31352088631788333,2482163.0,70.0,91.0,True
1,28,6301136110603806807,ECDSA-256,0.00014735900185769424,0.0002912659983849153,0.00013834299898007885,21.84459957099898,0.3219987734216459,2482164.0,70.0,91.0,True
1,28,1759560414447879584,ECDSA-256,0.00019085599342361093,0.0002441850010654889,0.00020838199998252094,21.831686220000847,0.32399189784399834,2482164.0,71.0,91.0,True
1,28,1351547731160210543,ECDSA-256,0.00011567400360945612,0.0001466169997001998,0.0001686649993644096,21.973503692999657,0.30829360354364443,2482164.0,71.0,91.0,True
1,28,13801579693159999560,ECDSA-256,0.00012552399857668206,0.00014429700240725651,0.0001393409984302707,11.131703025996103,0.3266011547213926,2482165.0,71.0,91.0,True
1,29,928249063204327094,ECDSA-256,0.0003169089977745898,0.00023833099839976057,0.00013732500519836321,21.81074712699774,0.2726445016890062,2482163.0,72.0,91.0,True
1,29,6301136110603806807,ECDSA-256,0.00019148800492985174,0.00025684900174383074,0.00013589499576482922,22.236630151004647,0.29596126811450923,2482164.0,70.0,91.0,True
1,29,1759560414447879584,ECDSA-256,0.00013103699893690646,0.00022848600201541558,0.00013644499995280057,22.5817110220014,0.309176519536934,2482164.0,71.0,91.0,True
1,29,1351547731160210543,ECDSA-256,0.00019691399938892573,0.00035125400609103963,0.00013635299546876922,22.517565848997037,0.29484581705420826,2482164.0,70.0,91.0,True
1,29,13801579693159999560,ECDSA-256,0.00011931300105061382,0.0001490319991717115,0.00013852499978384003,10.754007912997622,0.2998938599144653,2482165.0,70.0,91.0,True
1,30,1759560414447879584,ECDSA-256,0.00018829900363925844,0.0002534359955461696,0.0001838409953052178,22.132460150998668,0.27848290348612964,2482164.0,71.0,91.0,True
1,30,928249063204327094,ECDSA-256,0.0001982929970836267,0.00016584300465183333,0.00013615900388685986,22.168348667000828,0.2683487448561639,2482163.0,70.0,91.0,True
1,30,1351547731160210543,ECDSA-256,0.00011951499618589878,0.00016662399866618216,0.0001359249945380725,22.380681416994776,0.290161431319238,2482164.0,70.0,91.0,True
1,30,6301136110603806807,ECDSA-256,0.00017472000035922974,0.00015767699369462207,0.00014668399671791121,22.451121891994262,0.29616254322921126,2482164.0,71.0,91.0,True
1,30,13801579693159999560,ECDSA-256,0.00011869899753946811,0.0001397279993398115,0.0001369439996778965,10.900507009995636,0.3058300127941794,2482165.0,71.0,91.0,True
2,1,1964305755119505454,ECDSA-256,0.0037546520034084097,0.000725835001503583,0.00043030599772464484,22.280185135001375,1.927435672702119,2482164.0,71.0,91.0,True
2,1,4604816364992362555,ECDSA-256,0.005771920004917774,0.0008932019991334528,0.00013985699479235336,22.561243940996064,1.9312768279553982,2482164.0,71.0,91.0,True
2,1,9371427680875083785,ECDSA-256,0.004939803999150172,0.0008907640003599226,0.00013910100096836686,22.441702088995953,1.9179305573241017,2482164.0,70.0,91.0,True
2,1,5796632114990616189,ECDSA-256,0.004508187004830688,0.0007935169996926561,0.00016055599553510547,22.60216811599821,1.8957124068714177,2482164.0,72.0,91.0,True
2,1,608265864081357172,ECDSA-256,0.0001225179948960431,0.00014035899948794395,0.00013989499711897224,10.678781825001352,1.935224592114409,2482163.0,71.0,91.0,True
2,2,4604816364992362555,ECDSA-256,0.00015239499771269038,0.00024182099878089502,0.00017129399930126965,21.527667617003317,1.693045957400776,2482164.0,71.0,91.0,True
2,2,5796632114990616189,ECDSA-256,0.00011679900489980355,0.00014464800187852234,0.00014829399879090488,21.767534438004077,1.6526201411177175,2482164.0,70.0,91.0,True
2,2,9371427680875083785,ECDSA-256,0.0002907450034399517,0.00021297400235198438,0.00015231099678203464,21.74039216100209,1.7003643638409747,2482164.0,72.0,91.0,True
2,2,1964305755119505454,ECDSA-256,0.0001279030038858764,0.00016208399756578729,0.00013905199739383534,21.861603142002423,1.6658275131219493,2482164.0,70.0,91.0,True
2,2,608265864081357172,ECDSA-256,0.0001231580026797019,0.00015628800611011684,0.00013688999752048403,10.804835172995809,1.6839027111522686,2482163.0,70.0,91.0,True
2,3,1964305755119505454,ECDSA-256,0.00012395399971865118,0.00023334199795499444,0.0001376209984300658,21.63157788499666,1.4551540860733665,2482164.0,72.0,91.0,True
2,3,5796632114990616189,ECDSA-256,0.00015631900168955326,0.0003371720013092272,0.00014459100202657282,21.897367842000676,1.4958992204346215,2482164.0,71.0,91.0,True
2,3,4604816364992362555,ECDSA-256,0.00019396300194785,0.00027068300551036373,0.00013786499766865745,21.912145807000343,1.5175521084294914,2482164.0,70.0,91.0,True
2,3,9371427680875083785,ECDSA-256,0.0001261669967789203,0.00016080500063253567,0.00019506899843690917,21.922563123000145,1.5227725075456662,2482164.0,72.0,91.0,True
2,3,608265864081357172,ECDSA-256,0.00012140000035287812,0.0001474800010328181,0.00014427499991143122,10.698275930000818,1.4955268692665589,2482163.0,71.0,91.0,True
2,4,5796632114990616189,ECDSA-256,0.00017507099983049557,0.00033059399720514193,0.00017176799883600324,21.5968484729965,1.3587857625735835,2482164.0,72.0,91.0,True
2,4,4604816364992362555,ECDSA-256,0.00012428199988789856,0.0002686809966689907,0.0001359450034215115,21.815435454002,1.374766006637305,2482164.0,72.0,91.0,True
2,4,1964305755119505454,ECDSA-256,0.00020097200467716902,0.0005165319962543435,0.00013958799536339939,21.738417779000883,1.3286335864387,2482164.0,70.0,91.0,True
2,4,9371427680875083785,ECDSA-256,0.00017154799570562318,0.00016203099949052557,0.00013650899927597493,21.91814596799668,1.4006105908951438,2482164.0,71.0,91.0,True
2,4,608265864081357172,ECDSA-256,0.00012074400001438335,0.00018127600196748972,0.0001360829992336221,10.9639934049992,1.3539503951803944,2482163.0,72.0,91.0,True
2,5,1964305755119505454,ECDSA-256,0.0002466910009388812,0.00031289199978346005,0.00013812800170853734,21.53282211199985,1.2132025469606296,2482164.0,71.0,91.0,True
2,5,4604816364992362555,ECDSA-256,0.00016979299834929407,0.00022677100059809163,0.00015642899961676449,21.57224727400171,1.2662524449558685,2482164.0,71.0,91.0,True
2,5,9371427680875083785,ECDSA-256,0.00012176499876659364,0.0002408439977443777,0.00013570499868365005,21.78682077099802,1.29071826218797,2482164.0,71.0,91.0,True
2,5,5796632114990616189,ECDSA-256,0.00012353000056464225,0.00015763300325488672,0.00013603300612885505,21.94658530000015,1.2630327383931073,2482164.0,71.0,91.0,True
2,5,608265864081357172,ECDSA-256,0.00013078500342089683,0.00014737300080014393,0.00013596399367088452,10.756682578001346,1.2424126501662283,2482163.0,71.0,91.0,True
2,6,9371427680875083785,ECDSA-256,0.0002582559973234311,0.0002452510016155429,0.00029538200033130124,22.22704631200031,1.1925533558613957,2482164.0,70.0,91.0,True
2,6,4604816364992362555,ECDSA-256,0.00029651700606336817,0.00025541300419718027,0.00014329900295706466,22.227719517999503,1.159133153220716,2482164.0,71.0,91.0,True
2,6,1964305755119505454,ECDSA-256,0.00015646899555576965,0.00016969100397545844,0.0001387639931635931,22.325131823999982,1.112267094583938,2482164.0,71.0,91.0,True
2,6,5796632114990616189,ECDSA-256,0.00015242399967974052,0.0001601170006324537,0.0001366099968436174,22.421859275003953,1.1656345144247475,2482164.0,72.0,91.0,True
2,6,608265864081357172,ECDSA-256,0.00012137999874539673,0.00014975399972172454,0.00019610600429587066,10.708441060000041,1.1428840162274174,2482163.0,72.0,91.0,True
2,7,1964305755119505454,ECDSA-256,0.00014317100431071594,0.0002373770039412193,0.00017769000260159373,21.23651151600643,1.0187707169177813,2482164.0,71.0,91.0,True
2,7,9371427680875083785,ECDSA-256,0.00017483800183981657,0.0002281340057379566,0.0001449170013074763,21.326945692002482,1.0984079451225817,2482164.0,70.0,91.0,True
2,7,4604816364992362555,ECDSA-256,0.000156822003191337,0.00017125599697465077,0.00013613999908557162,21.451457335999294,1.0575330611615896,2482164.0,72.0,91.0,True
2,7,5796632114990616189,ECDSA-256,0.00012246400001458824,0.000160830000822898,0.0001376430009258911,21.504744980004034,1.0649394878564171,2482164.0,71.0,91.0,True
2,7,608265864081357172,ECDSA-256,0.00012038800196023658,0.00014826099504716694,0.00013554699398810044,10.78229607099638,1.0565089529124312,2482163.0,72.0,91.0,True
2,8,4604816364992362555,ECDSA-256,0.00018285900296177715,0.00023274600243894383,0.00013712600048165768,21.916049720995943,0.9767326366025418,2482164.0,70.0,91.0,True
2,8,9371427680875083785,ECDSA-256,0.00015401699783978984,0.0001903180018416606,0.0001372600017930381,22.131215002998943,1.0098302495746185,2482164.0,71.0,91.0,True
2,8,1964305755119505454,ECDSA-256,0.0001228339970111847,0.0002072529969154857,0.0001378070010105148,22.300848607999797,0.9378910421753843,2482164.0,71.0,91.0,True
2,8,5796632114990616189,ECDSA-256,0.00011842299863928929,0.00015430100029334426,0.0001360140013275668,22.36364510400017,0.9707201489815697,2482164.0,70.0,91.0,True
2,8,608265864081357172,ECDSA-256,0.00011938499665120617,0.00014481600373983383,0.00019854099809890613,10.635444052000821,0.9809783075373775,2482163.0,70.0,91.0,True
2,9,5796632114990616189,ECDSA-256,0.00016595900524407625,0.0003605919991969131,0.00013591400056611747,21.54962768399855,0.8937934922714965,2482164.0,70.0,91.0,True
2,9,1964305755119505454,ECDSA-256,0.00022576600167667493,0.00023850700381444767,0.00013987300189910457,21.73057636500016,0.8671375753018803,2482164.0,72.0,91.0,True
2,9,9371427680875083785,ECDSA-256,0.0001495690012234263,0.000157018999743741,0.00013954400492366403,21.796544712997274,0.9400348226292826,2482164.0,71.0,91.0,True
2,9,4604816364992362555,ECDSA-256,0.0001661889982642606,0.00023576500097988173,0.00013532400043914095,21.793947117999778,0.9117117244214676,2482164.0,72.0,91.0,True
2,9,608265864081357172,ECDSA-256,0.00012061100278515369,0.00014221500168787315,0.00013587399735115469,10.82017735899717,0.9049757435298956,2482163.0,71.0,91.0,True
2,10,4604816364992362555,ECDSA-256,0.00016760799917392433,0.00038550400495296344,0.0001343320036539808,21.758141294005327,0.8366010927925476,2482164.0,70.0,91.0,True
2,10,1964305755119505454,ECDSA-256,0.00023738600430078804,0.00018821399862645194,0.0002817900021909736,21.726549138002156,0.8335784095735215,2482164.0,71.0,91.0,True
2,10,9371427680875083785,ECDSA-256,0.00011905700375791639,0.0001764699991326779,0.00013543399836635217,21.829934487999708,0.8648485756529787,2482164.0,72.0,91.0,True
2,10,5796632114990616189,ECDSA-256,0.00011893200280610472,0.0001693820013315417,0.00015209000412141904,22.00599777900061,0.834104371242249,2482164.0,72.0,91.0,True
2,10,608265864081357172,ECDSA-256,0.00011952400382142514,0.0001406029987265356,0.00013618999946629629,10.811001470996416,0.8581139943279779,2482163.0,71.0,91.0,True
2,11,9371427680875083785,ECDSA-256,0.00016458799655083567,0.00017667799693299457,0.0001423130015609786,21.58565770599671,0.7987578423164142,2482164.0,70.0,91.0,True
2,11,1964305755119505454,ECDSA-256,0.00022081499628257006,0.0002375149997533299,0.00013624800340039656,22.14025743000093,0.769521392286776,2482164.0,70.0,91.0,True
2,11,4604816364992362555,ECDSA-256,0.0002974070011987351,0.00025121699582086876,0.0001391500045428984,22.159672246998525,0.7899451529065641,2482164.0,72.0,91.0,True
2,11,5796632114990616189,ECDSA-256,0.0001263090016436763,0.00024930599465733394,0.00019736999820452183,22.370706909998262,0.7856085102398175,2482164.0,71.0,91.0,True
2,11,608265864081357172,ECDSA-256,0.0001201839986606501,0.00014760000340174884,0.00018690800061449409,10.817761833997793,0.8175125494361305,2482163.0,71.0,91.0,True
2,12,5796632114990616189,ECDSA-256,0.0002584249959909357,0.0002543180016800761,0.00013991799642099068,21.827290999994148,0.7260046667469957,2482164.0,71.0,91.0,True
2,12,1964305755119505454,ECDSA-256,0.00019807300122920424,0.00024848300381563604,0.00013686999591300264,22.06769872300356,0.7251027680624026,2482164.0,71.0,91.0,True
2,12,9371427680875083785,ECDSA-256,0.00012062900350429118,0.00015900399739621207,0.00013845599460182711,22.16417329100659,0.7440416627227308,2482164.0,71.0,91.0,True
2,12,4604816364992362555,ECDSA-256,0.0001337830035481602,0.00018325099517824128,0.0001370190002489835,22.133680657992954,0.7622906658500909,2482164.0,72.0,91.0,True
2,12,608265864081357172,ECDSA-256,0.00011866999557241797,0.0001488069974584505,0.00013874200521968305,10.698526200001652,0.7384668360122095,2482163.0,71.0,91.0,True
2,13,4604816364992362555,ECDSA-256,0.0001954789986484684,0.0003147790048387833,0.00015953800175338984,22.13439421699877,0.7004243707218871,2482164.0,70.0,91.0,True
2,13,5796632114990616189,ECDSA-256,0.0002633039985084906,0.00023084800341166556,0.00016018000314943492,22.438431178001338,0.6633867256271954,2482164.0,70.0,91.0,True
2,13,1964305755119505454,ECDSA-256,0.0002114810049533844,0.00021837499662069604,0.0001597179943928495,22.480313600994123,0.6764200395002914,2482164.0,72.0,91.0,True
2,13,9371427680875083785,ECDSA-256,0.00012322999828029424,0.00018785399879561737,0.00015405700105475262,22.59837299100036,0.703704872903542,2482164.0,71.0,91.0,True
2,13,608265864081357172,ECDSA-256,0.0001490340000600554,0.00021025699970778078,0.0001374749990645796,10.687956645997474,0.6930171152273306,2482163.0,70.0,91.0,True
2,14,4604816364992362555,ECDSA-256,0.00016406600479967892,0.00022600199736189097,0.00013743800082011148,21.24516419900465,0.666656878238288,2482164.0,70.0,91.0,True
2,14,5796632114990616189,ECDSA-256,0.00015738100046291947,0.00018357800581725314,0.00013721400318900123,21.405818806000752,0.6451878374615035,2482164.0,70.0,91.0,True
2,14,1964305755119505454,ECDSA-256,0.0001652589999139309,0.00016303500160574913,0.0001373350023641251,21.58790256100474,0.6188133756954449,2482164.0,71.0,91.0,True
2,14,9371427680875083785,ECDSA-256,0.00017131699860328808,0.0002511869970476255,0.00013650400069309399,21.499073535000207,0.6654082844242121,2482164.0,71.0,91.0,True
2,14,608265864081357172,ECDSA-256,0.00012004599557258189,0.00018295100016985089,0.000176654000824783,10.552227150001272,0.627726318784796,2482163.0,72.0,91.0,True
2,15,4604816364992362555,ECDSA-256,0.0003892370004905388,0.00046056599967414513,0.0001372010010527447,21.74210421799944,0.6155957709581327,2482164.0,71.0,91.0,True
2,15,9371427680875083785,ECDSA-256,0.000164537996170111,0.00015527899813605472,0.0001364230047329329,22.434278699998686,0.622487477577342,2482164.0,70.0,91.0,True
2,15,1964305755119505454,ECDSA-256,0.00016228599997702986,0.0003226100016036071,0.000136618000396993,22.464953788999992,0.5812699307744115,2482164.0,71.0,91.0,True
2,15,5796632114990616189,ECDSA-256,0.00016498399781994522,0.00023501800023950636,0.0001526060004835017,22.344594283000333,0.6052528121910347,2482164.0,71.0,91.0,True
2,15,608265864081357172,ECDSA-256,0.00011882100079674274,0.00014547500177286565,0.00013573199976235628,10.747989039999084,0.5849069595194092,2482163.0,71.0,91.0,True
2,16,9371427680875083785,ECDSA-256,0.00016166999557754025,0.0002334259988856502,0.00013578400103142485,21.51324711699999,0.5588604547440434,2482164.0,70.0,91.0,True
2,16,5796632114990616189,ECDSA-256,0.0001536290001240559,0.00016150200099218637,0.00016922399663599208,21.626653131999774,0.5596915858979232,2482164.0,71.0,91.0,True
2,16,1964305755119505454,ECDSA-256,0.0001661810019868426,0.00028877500153612345,0.00013848899834556505,21.60525022300135,0.5332548559878391,2482164.0,71.0,91.0,True
2,16,4604816364992362555,ECDSA-256,0.00012084899935871363,0.00014756000018678606,0.00023571000201627612,21.796588003999204,0.573150497655899,2482164.0,71.0,91.0,True
2,16,608265864081357172,ECDSA-256,0.00011752499995054677,0.00014475199714070186,0.00013555499754147604,10.730366130999755,0.5726534942516123,2482163.0,71.0,91.0,True
2,17,1964305755119505454,ECDSA-256,0.0002749310006038286,0.00017494500207249075,0.00013759799912804738,21.71480725800211,0.5081886806593726,2482164.0,71.0,91.0,True
2,17,5796632114990616189,ECDSA-256,0.00018248400010634214,0.00020529700123006478,0.00013735600077779964,21.87955850200524,0.514588701345336,2482164.0,72.0,91.0,True
2,17,9371427680875083785,ECDSA-256,0.00016524800594197586,0.00023475600028177723,0.00015678899944759905,21.879375219003123,0.5336259832611671,2482164.0,70.0,91.0,True
2,17,4604816364992362555,ECDSA-256,0.00011841699597425759,0.00016755000251578167,0.00013616099749924615,22.02148491999833,0.5272166001173063,2482164.0,72.0,91.0,True
2,17,608265864081357172,ECDSA-256,0.00011793100566137582,0.00013835999561706558,0.00016554400644963607,10.661469480997766,0.5330771653892133,2482163.0,71.0,91.0,True
2,18,4604816364992362555,ECDSA-256,0.0004365299973869696,0.00017606100300326943,0.00013727399345953017,22.444314501000918,0.5093762555989785,2482164.0,70.0,91.0,True
2,18,5796632114990616189,ECDSA-256,0.00011913500202354044,0.00018233200535178185,0.00013670100452145562,22.72852770800091,0.4814219803879627,2482164.0,71.0,91.0,True
2,18,9371427680875083785,ECDSA-256,0.0002581209992058575,0.00016524400416528806,0.00013621900143334642,22.647129042001325,0.5086703260366718,2482164.0,71.0,91.0,True
2,18,1964305755119505454,ECDSA-256,0.00014363700029207394,0.00015401899872813374,0.00014079699758440256,22.866085362999,0.48956370798829263,2482164.0,71.0,91.0,True
2,18,608265864081357172,ECDSA-256,0.0001198879981529899,0.00014265800564317033,0.0001524299950688146,10.930845663999207,0.49108709318759725,2482163.0,71.0,91.0,True
2,19,4604816364992362555,ECDSA-256,0.0002549479977460578,0.00023209399660117924,0.0001378110027872026,21.466883101005806,0.4888410840969021,2482164.0,70.0,91.0,True
2,19,9371427680875083785,ECDSA-256,0.0001605340003152378,0.0004075620017829351,0.00014525799633702263,21.572428908999427,0.4654688068186513,2482164.0,71.0,91.0,True
2,19,5796632114990616189,ECDSA-256,0.00012710200098808855,0.00016594100452493876,0.00013992100139148533,21.84065278500202,0.46084259664669586,2482164.0,72.0,91.0,True
2,19,1964305755119505454,ECDSA-256,0.0001185750006698072,0.00015559500025119632,0.00013588900037575513,21.97037713500322,0.46603559553861235,2482164.0,71.0,91.0,True
2,19,608265864081357172,ECDSA-256,0.00011920399992959574,0.00015014699602033943,0.00013606499851448461,10.827241480001248,0.44805269034954304,2482163.0,71.0,91.0,True
2,20,4604816364992362555,ECDSA-256,0.0002096960015478544,0.00023234999389387667,0.0001367150034639053,22.32636588600144,0.4568981221273018,2482164.0,71.0,91.0,True
2,20,9371427680875083785,ECDSA-256,0.00016377999418182299,0.0002595469995867461,0.00014404200192075223,22.461349367004004,0.4429270377079138,2482164.0,72.0,91.0,True
2,20,1964305755119505454,ECDSA-256,0.00016062599752331153,0.00019217900262447074,0.00013828800001647323,22.50820888900489,0.44321731291116234,2482164.0,71.0,91.0,True
2,20,5796632114990616189,ECDSA-256,0.00011788999836426228,0.00015498900029342622,0.0001357240034849383,22.61712237699976,0.4293760383210053,2482164.0,71.0,91.0,True
2,20,608265864081357172,ECDSA-256,0.00011930600157938898,0.00014746800297871232,0.00013645100261783227,10.767092278998462,0.42101231588128085,2482163.0,72.0,91.0,True
2,21,1964305755119505454,ECDSA-256,0.00021711500448873267,0.00022236999939195812,0.000166426005307585,21.52942354699917,0.40765197903584366,2482164.0,71.0,91.0,True
2,21,4604816364992362555,ECDSA-256,0.00020165499881841242,0.00020810899877687916,0.00014837599883321673,21.567338747998292,0.420279535563133,2482164.0,72.0,91.0,True
2,21,9371427680875083785,ECDSA-256,0.0001907379992189817,0.00016533899906789884,0.00013888199464417994,21.70824450699729,0.4126021153034684,2482164.0,71.0,91.0,True
2,21,5796632114990616189,ECDSA-256,0.00011960800475208089,0.00015514300321228802,0.00014568199549103156,21.849739878998662,0.42502823019751346,2482164.0,70.0,91.0,True
2,21,608265864081357172,ECDSA-256,0.0001197179954033345,0.0001481589933973737,0.0001425119990017265,10.942297589994268,0.4039494578426067,2482163.0,71.0,91.0,True
2,22,1964305755119505454,ECDSA-256,0.00016673299978720024,0.00032978400122374296,0.00014079600077820942,21.533154589000333,0.37882813754173134,2482164.0,70.0,91.0,True
2,22,9371427680875083785,ECDSA-256,0.00012396500096656382,0.00021304799884092063,0.00014117200043983757,21.520829113993386,0.3895798257816904,2482164.0,72.0,91.0,True
2,22,4604816364992362555,ECDSA-256,0.00021706199913751334,0.00022887499653734267,0.00013898700126446784,21.601537230002577,0.3866514211859756,2482164.0,71.0,91.0,True
2,22,5796632114990616189,ECDSA-256,0.00011923200509045273,0.00015535599959548563,0.00013621200196212158,21.749299522998626,0.3968309390510376,2482164.0,72.0,91.0,True
2,22,608265864081357172,ECDSA-256,0.00011889199959114194,0.0001471110008424148,0.00013630099419970065,10.724622235000425,0.3837895283457665,2482163.0,71.0,91.0,True
2,23,4604816364992362555,ECDSA-256,0.00016552700253669173,0.0005106659955345094,0.0001359960006084293,21.69650748899585,0.37979340515197657,2482164.0,72.0,91.0,True
2,23,1964305755119505454,ECDSA-256,0.00020992799545638263,0.00034861300082411617,0.00013666199811268598,21.83409270300035,0.3659308090234717,2482164.0,71.0,91.0,True
2,23,5796632114990616189,ECDSA-256,0.0001230670022778213,0.00020989100448787212,0.00013875700096832588,22.012055921004503,0.37991709662631107,2482164.0,71.0,91.0,True
2,23,9371427680875083785,ECDSA-256,0.00012104000052204356,0.00015469599748030305,0.0001383459966746159,22.189948772000207,0.39376032211112616,2482164.0,71.0,91.0,True
2,23,608265864081357172,ECDSA-256,0.00012324399722274393,0.0001516070042271167,0.0001357889996143058,10.94923772400216,0.37325338188546914,2482163.0,72.0,91.0,True
2,24,5796632114990616189,ECDSA-256,0.00016596799832768738,0.00017917100194608793,0.00013625599967781454,21.947114364003937,0.3516494039960872,2482164.0,70.0,91.0,True
2,24,1964305755119505454,ECDSA-256,0.00016106400289572775,0.0001623579955776222,0.0001391870027873665,22.073897913003748,0.35331064130599127,2482164.0,72.0,91.0,True
2,24,9371427680875083785,ECDSA-256,0.00015272799646481872,0.0001716029946692288,0.00017055100033758208,22.07703457300522,0.3791023433006134,2482164.0,71.0,91.0,True
2,24,4604816364992362555,ECDSA-256,0.0002418629956082441,0.0001399570028297603,0.00013916300667915493,22.116548912003054,0.35993875939541825,2482164.0,72.0,91.0,True
2,24,608265864081357172,ECDSA-256,0.00012016700202366337,0.0001478710037190467,0.00013532600132748485,10.75591497500136,0.3371450753596882,2482163.0,72.0,91.0,True
2,25,1964305755119505454,ECDSA-256,0.00018326300050830469,0.00023636599507881328,0.00013838599988957867,22.502449416999298,0.33957241264621196,2482164.0,71.0,91.0,True
2,25,9371427680875083785,ECDSA-256,0.00012625700037460774,0.00021833400387549773,0.00013660900003742427,22.744479177999892,0.35445876873898713,2482164.0,71.0,91.0,True
2,25,5796632114990616189,ECDSA-256,0.00016626999422442168,0.0001702110021142289,0.00013670600310433656,22.74355001799995,0.3293184508709386,2482164.0,71.0,91.0,True
2,25,4604816364992362555,ECDSA-256,0.00013800000306218863,0.00015302400424843654,0.00013618899538414553,22.906494316004682,0.34035408222815766,2482164.0,71.0,91.0,True
2,25,608265864081357172,ECDSA-256,0.00011894800263689831,0.00014517099771182984,0.00013659400428878143,10.764121025997156,0.3279756868418794,2482163.0,71.0,91.0,True
2,26,1964305755119505454,ECDSA-256,0.00018963599723065272,0.0002608979993965477,0.000135859998408705,21.49165999700199,0.35085544292294324,2482164.0,71.0,91.0,True
2,26,4604816364992362555,ECDSA-256,0.00014835900219623,0.00015365299623226747,0.00014295099390437827,21.76791544200387,0.3349676711511569,2482164.0,72.0,91.0,True
2,26,5796632114990616189,ECDSA-256,0.00017406600090907887,0.0002852060060831718,0.00013690000196220353,21.763187511998694,0.33211614152851004,2482164.0,71.0,91.0,True
2,26,9371427680875083785,ECDSA-256,0.000116944000183139,0.00016750099894125015,0.00017867700080387294,21.770726638998894,0.3633474801315929,2482164.0,70.0,91.0,True
2,26,608265864081357172,ECDSA-256,0.00012471799709601328,0.0001453360018786043,0.00013600200327346101,10.757321923003474,0.3174948724739539,2482163.0,70.0,91.0,True
2,27,4604816364992362555,ECDSA-256,0.00021252500300761312,0.0002626100031193346,0.00013700000272365287,22.647869265005284,0.3128989313285762,2482164.0,71.0,91.0,True
2,27,1964305755119505454,ECDSA-256,0.00017083200509659946,0.00023972999770194292,0.00016891399718588218,22.70977138600574,0.3040860214571174,2482164.0,71.0,91.0,True
2,27,5796632114990616189,ECDSA-256,0.00016239300020970404,0.00020701299945358187,0.00015708600403741002,22.783177096993313,0.2982913045199237,2482164.0,70.0,91.0,True
2,27,9371427680875083785,ECDSA-256,0.00016035899898270145,0.00015743699623271823,0.00013751999358646572,22.80317763999483,0.30524964289540374,2482164.0,71.0,91.0,True
2,27,608265864081357172,ECDSA-256,0.00011788999836426228,0.00014442700194194913,0.00013461500202538446,10.759370712003147,0.31397125458779235,2482163.0,71.0,91.0,True
2,28,4604816364992362555,ECDSA-256,0.00016026799858082086,0.00022147500567371026,0.0001384370043524541,21.894721227996342,0.31925481580310877,2482164.0,71.0,91.0,True
2,28,5796632114990616189,ECDSA-256,0.00013272499927552417,0.0001928650017362088,0.00015499900473514572,21.999693074001698,0.3009629869913926,2482164.0,71.0,91.0,True
2,28,1964305755119505454,ECDSA-256,0.00014865800039842725,0.0001656929962337017,0.00014321400522021577,22.081129641002917,0.30643726314177006,2482164.0,71.0,91.0,True
2,28,9371427680875083785,ECDSA-256,0.00014517900126520544,0.00016309199418174103,0.00014228800137061626,22.103759664998506,0.3205500547104655,2482164.0,70.0,91.0,True
2,28,608265864081357172,ECDSA-256,0.0001175639990833588,0.00013605000276584178,0.0001608829988981597,11.003646598001069,0.2802305612125443,2482163.0,71.0,91.0,True
2,29,9371427680875083785,ECDSA-256,0.00020552299974951893,0.00023073399643180892,0.00014016600471222773,21.55079675700108,0.2956236587687077,2482164.0,70.0,91.0,True
2,29,4604816364992362555,ECDSA-256,0.0003140440021525137,0.0003096979999099858,0.0001471310024498962,21.749715060999733,0.29102463873263934,2482164.0,71.0,91.0,True
2,29,5796632114990616189,ECDSA-256,0.00022031800472177565,0.0003305790014564991,0.00014572499640053138,21.92229210500227,0.2909340725277369,2482164.0,70.0,91.0,True
2,29,1964305755119505454,ECDSA-256,0.00015075099508976564,0.0002109300039592199,0.00014853599714115262,21.943763251998462,0.293488424548064,2482164.0,71.0,91.0,True
2,29,608265864081357172,ECDSA-256,0.00011904699931619689,0.0001473340016673319,0.0001582609984325245,10.634971799998311,0.29369184447559543,2482163.0,72.0,91.0,True
2,30,4604816364992362555,ECDSA-256,0.00022285500017460436,0.0002953309958684258,0.00016803600010462105,22.389878242000123,0.28280435133868226,2482164.0,71.0,91.0,True
2,30,9371427680875083785,ECDSA-256,0.00017295300494879484,0.00022951899882173166,0.00014562699652742594,22.255229476999375,0.3171455754642598,2482164.0,71.0,91.0,True
2,30,5796632114990616189,ECDSA-256,0.00025828399520833045,0.00016252800560323521,0.0001540180019219406,22.31743059300061,0.281829915454272,2482164.0,71.0,91.0,True
2,30,1964305755119505454,ECDSA-256,0.00011878099758177996,0.00015148099919315428,0.0001492809969931841,22.65596124700096,0.25460078234459976,2482164.0,71.0,91.0,True
2,30,608265864081357172,ECDSA-256,0.00011779399937950075,0.0001414459984516725,0.00014475199714070186,10.762036656000419,0.2810374419777669,2482163.0,70.0,91.0,True
3,1,1073897708798242791,ECDSA-256,0.003796504999627359,0.000643783001578413,0.0004228610050631687,21.92967948900332,1.893700940159563,2482164.0,71.0,91.0,True
3,1,6534841199468761915,ECDSA-256,0.005015953996917233,0.0007843249986763112,0.0001435470039723441,22.049020544000086,1.9072056167041913,2482164.0,71.0,91.0,True
3,1,6166981891197977405,ECDSA-256,0.005247667002549861,0.0008676709985593334,0.00013960599608253688,22.404649775999133,1.8297399968004073,2482164.0,71.0,91.0,True
3,1,16577883730643624598,ECDSA-256,0.003104146999248769,0.0005932139974902384,0.00014230800297809765,22.516499671997735,1.8400353859788694,2482165.0,71.0,91.0,True
3,1,1801504081979854910,ECDSA-256,0.00012553999840747565,0.00015089900261955336,0.00016982899978756905,10.77965540799778,1.8553738472179864,2482164.0,72.0,91.0,True
3,2,16577883730643624598,ECDSA-256,0.00036192600236972794,0.000389279994124081,0.0001412069977959618,21.692849765000574,1.5957425463313875,2482165.0,70.0,91.0,True
3,2,6534841199468761915,ECDSA-256,0.0001588259983691387,0.0001779970043571666,0.00020240999583620578,21.851835695000773,1.6422161518956144,2482164.0,70.0,91.0,True
3,2,6166981891197977405,ECDSA-256,0.0001602709962753579,0.0002852079996955581,0.00014535499940393493,21.951292937999824,1.5829675431830434,2482164.0,72.0,91.0,True
3,2,1073897708798242791,ECDSA-256,0.00013901599595556036,0.00020072600455023348,0.00016515699826413766,21.972769431005872,1.644448500471755,2482164.0,70.0,91.0,True
3,2,1801504081979854910,ECDSA-256,0.00012318800145294517,0.00015045500185806304,0.00013922999642090872,11.010431291004352,1.6072886698543074,2482164.0,70.0,91.0,True
3,3,6166981891197977405,ECDSA-256,0.00018373399507254362,0.00029396599711617455,0.00013903200306231156,21.616007562995947,1.378358053513609,2482164.0,71.0,91.0,True
3,3,1073897708798242791,ECDSA-256,0.00019936200260417536,0.00020453899924177676,0.0001370169993606396,21.81940816000133,1.4533474538653803,2482164.0,71.0,91.0,True
3,3,16577883730643624598,ECDSA-256,0.00012094299745513126,0.00016543000674573705,0.00013663500430993736,21.915111116002663,1.4089630866964784,2482165.0,70.0,91.0,True
3,3,6534841199468761915,ECDSA-256,0.00011986900062765926,0.00016502699872944504,0.00014194499817676842,21.97738066400052,1.4414564060707824,2482164.0,71.0,91.0,True
3,3,1801504081979854910,ECDSA-256,0.00012164600047981367,0.00015246700058924034,0.00013650600158143789,10.674564251996344,1.4232067924718887,2482164.0,71.0,91.0,True
3,4,1073897708798242791,ECDSA-256,0.0001440129999537021,0.00048000500100897625,0.00013808399671688676,22.474931272001413,1.293718931773981,2482164.0,70.0,91.0,True
3,4,6534841199468761915,ECDSA-256,0.00016551500448258594,0.00017197299894178286,0.00013869700342183933,22.426981128002808,1.3018387097139328,2482164.0,71.0,91.0,True
3,4,16577883730643624598,ECDSA-256,0.00021069800277473405,0.0002838520013028756,0.00015017599798738956,22.7683784740002,1.2661771526732766,2482165.0,70.0,91.0,True
3,4,6166981891197977405,ECDSA-256,0.00012534199777292088,0.00015923799946904182,0.00013923300139140338,22.84650234300352,1.2487296147849232,2482164.0,72.0,91.0,True
3,4,1801504081979854910,ECDSA-256,0.00011966299643972889,0.00015496799460379407,0.00013646200386574492,10.694839101997786,1.2790197512973993,2482164.0,72.0,91.0,True
3,5,6166981891197977405,ECDSA-256,0.00023358799808192998,0.0002442960030748509,0.00015025099855847657,21.8820215559972,1.1410894207299327,2482164.0,71.0,91.0,True
3,5,1073897708798242791,ECDSA-256,0.00017058700177585706,0.0003204409949830733,0.00013558699720306322,21.848914785005036,1.180967820338167,2482164.0,71.0,91.0,True
3,5,16577883730643624598,ECDSA-256,0.00012450500071281567,0.0001582609984325245,0.00014253999688662589,22.133585510004195,1.1593481864030368,2482165.0,72.0,91.0,True
3,5,6534841199468761915,ECDSA-256,0.00019204900308977813,0.00017664099868852645,0.00013918200420448557,22.028665582998656,1.1760346322013928,2482164.0,70.0,91.0,True
3,5,1801504081979854910,ECDSA-256,0.00012333300401223823,0.00014892499893903732,0.0001369300007354468,10.836125618006918,1.157917910490554,2482164.0,71.0,91.0,True
3,6,6166981891197977405,ECDSA-256,0.00018426899623591453,0.0003362790012033656,0.00013861700426787138,22.560985114003415,1.0546913426905014,2482164.0,72.0,91.0,True
3,6,1073897708798242791,ECDSA-256,0.00024346600548597053,0.00018780299433274195,0.0003088869998464361,22.588664601003984,1.0913286386206509,2482164.0,72.0,91.0,True
3,6,16577883730643624598,ECDSA-256,0.0001579629970365204,0.0001761479943525046,0.00013815100101055577,22.716682937003497,1.0638105991168525,2482165.0,71.0,91.0,True
3,6,6534841199468761915,ECDSA-256,0.00015276100020855665,0.00019091900321654975,0.00014183400344336405,22.939733257997432,1.0895489715158748,2482164.0,72.0,91.0,True
3,6,1801504081979854910,ECDSA-256,0.00011948100291192532,0.0001436120001017116,0.0001364819981972687,10.625798840999778,1.0696108522125707,2482164.0,72.0,91.0,True
3,7,6166981891197977405,ECDSA-256,0.00039597900467924774,0.0003827780019491911,0.00020405399845913053,21.39100737699482,0.9722870070332537,2482164.0,70.0,91.0,True
3,7,6534841199468761915,ECDSA-256,0.00012963400513399392,0.00027340499946149066,0.00014262200420489535,21.43452053600049,1.0134699749299132,2482164.0,70.0,91.0,True
3,7,16577883730643624598,ECDSA-256,0.00016551400040043518,0.00017189099889947101,0.00019426999642746523,21.54209987699869,0.9991963350544342,2482165.0,70.0,91.0,True
3,7,1073897708798242791,ECDSA-256,0.00015636299940524623,0.00016465299995616078,0.00016712999786250293,21.60117781900044,1.0332357039847695,2482164.0,71.0,91.0,True
3,7,1801504081979854910,ECDSA-256,0.00011830400035250932,0.00016373000107705593,0.00025578700297046453,10.693042888000491,0.9905045485725037,2482164.0,70.0,91.0,True
3,8,6166981891197977405,ECDSA-256,0.0002673380004125647,0.00019770600192714483,0.00014026000280864537,21.608202195995545,0.9040602982615511,2482164.0,70.0,91.0,True
3,8,6534841199468761915,ECDSA-256,0.00017990899505093694,0.0002374969990341924,0.00013607800065074116,21.508585433999542,0.9606939470425201,2482164.0,71.0,91.0,True
3,8,1073897708798242791,ECDSA-256,0.00015550199896097183,0.00016570799925830215,0.00013783900067210197,21.674016478005797,0.968835968369493,2482164.0,71.0,91.0,True
3,8,16577883730643624598,ECDSA-256,0.00011994500528089702,0.00015567400259897113,0.00013698600378120318,21.925901671005704,0.9257264404822463,2482165.0,71.0,91.0,True
3,8,1801504081979854910,ECDSA-256,0.00012333299673628062,0.00017524200666230172,0.0001371730031678453,10.642744057004165,0.9112488655998303,2482164.0,71.0,91.0,True
3,9,6534841199468761915,ECDSA-256,0.00032577399542788044,0.0001711469958536327,0.0001361780014121905,22.008953716998803,0.8783004717133678,2482164.0,71.0,91.0,True
3,9,6166981891197977405,ECDSA-256,0.00016273100482067093,0.0004117860007681884,0.00013659099931828678,22.07507799499581,0.8591806587700646,2482164.0,70.0,91.0,True
3,9,1073897708798242791,ECDSA-256,0.00019731299835257232,0.00017207999917445704,0.00013649899483425543,22.1474619599976,0.8909504414556887,2482164.0,71.0,91.0,True
3,9,16577883730643624598,ECDSA-256,0.00016811900422908366,0.00021044500317657366,0.00013684300211025402,22.209608983997896,0.8633142287929219,2482165.0,71.0,91.0,True
3,9,1801504081979854910,ECDSA-256,0.00011650200030999258,0.000152524997247383,0.00013657099771080539,10.66749935199914,0.8678033270013218,2482164.0,70.0,91.0,True
3,10,1073897708798242791,ECDSA-256,0.00018430199997965246,0.0002337160040042363,0.0001381230031256564,21.854026883003826,0.8337653392610459,2482164.0,71.0,91.0,True
3,10,6534841199468761915,ECDSA-256,0.00020131900237174705,0.00017103800200857222,0.00015754000196466222,21.9907161930023,0.8341112707179195,2482164.0,72.0,91.0,True
3,10,16577883730643624598,ECDSA-256,0.0001715969992801547,0.00024359699455089867,0.00013999200018588454,22.056092161998095,0.8240503895873079,2482165.0,70.0,91.0,True
3,10,6166981891197977405,ECDSA-256,0.00016534799942746758,0.00015641600475646555,0.00013597799988929182,22.06905106400518,0.7984259644636331,2482164.0,72.0,91.0,True
3,10,1801504081979854910,ECDSA-256,0.00012346300354693085,0.00013215399667387828,0.00015240899665514007,10.744371722001233,0.8115219253415878,2482164.0,71.0,91.0,True
3,11,6166981891197977405,ECDSA-256,0.0002926939996541478,0.00017719199968269095,0.0001366079959552735,22.403424405994883,0.742434145019839,2482164.0,71.0,91.0,True
3,11,6534841199468761915,ECDSA-256,0.00012527800572570413,0.00017044100241037086,0.00013719999697059393,22.526793637000083,0.7645605918698417,2482164.0,71.0,91.0,True
3,11,1073897708798242791,ECDSA-256,0.00016821899771457538,0.00024162900081137195,0.0001360280002700165,22.509497798004304,0.7689921595513249,2482164.0,71.0,91.0,True
3,11,16577883730643624598,ECDSA-256,0.00016518099437234923,0.0001508389977971092,0.00015914899995550513,22.59537809700123,0.7668391526126253,2482165.0,72.0,91.0,True
3,11,1801504081979854910,ECDSA-256,0.00012324299314059317,0.00015659099881304428,0.00013846699584973976,10.664621858995815,0.7562958162051802,2482164.0,71.0,91.0,True
3,12,6534841199468761915,ECDSA-256,0.00012959799641976133,0.00023784000222804025,0.00013838500308338553,21.6419080630003,0.7218865357077541,2482164.0,71.0,91.0,True
3,12,16577883730643624598,ECDSA-256,0.00017038799705915153,0.0002715009977691807,0.00014038700464880094,21.731554915000743,0.7086415704304037,2482165.0,71.0,91.0,True
3,12,1073897708798242791,ECDSA-256,0.00011820100189652294,0.0001619969989405945,0.00013573999603977427,21.870494223003334,0.7134465599021973,2482164.0,72.0,91.0,True
3,12,6166981891197977405,ECDSA-256,0.0002444690035190433,0.00016186900029424578,0.00014422900130739436,21.80085830700409,0.6912393542809989,2482164.0,71.0,91.0,True
3,12,1801504081979854910,ECDSA-256,0.00012074199912603945,0.0001525289990240708,0.00014563500008080155,10.83487305000017,0.6971170754430774,2482164.0,71.0,91.0,True
3,13,6166981891197977405,ECDSA-256,0.0002270339973620139,0.00022726500174030662,0.00015431299834745005,22.633988678004243,0.6309714413489016,2482164.0,70.0,91.0,True
3,13,1073897708798242791,ECDSA-256,0.00024518300051568076,0.00013895700249122456,0.00014018100046087056,22.605632937003975,0.6627648207135856,2482164.0,72.0,91.0,True
3,13,6534841199468761915,ECDSA-256,0.00028481600020313635,0.00018443799490341917,0.0001725449983496219,22.56781205599691,0.6728720839221638,2482164.0,72.0,91.0,True
3,13,16577883730643624598,ECDSA-256,0.00011878000077558681,0.00015344999701483175,0.00013966800179332495,22.725176337997254,0.6697374833420443,2482165.0,72.0,91.0,True
3,13,1801504081979854910,ECDSA-256,0.00012624499504454434,0.00014374899910762906,0.000144090001413133,10.67184337299841,0.6532425972076651,2482164.0,71.0,91.0,True
3,14,1073897708798242791,ECDSA-256,0.00016486499953316525,0.00023765100195305422,0.00030816700018476695,21.19742542399763,0.6505424517650193,2482164.0,71.0,91.0,True
3,14,6534841199468761915,ECDSA-256,0.00017776799359126016,0.00025318800180684775,0.0001496050026617013,21.331563854000706,0.618649958207394,2482164.0,72.0,91.0,True
3,14,6166981891197977405,ECDSA-256,0.00013837999722454697,0.00019020799663849175,0.0001838610041886568,21.508656971993332,0.6056659271161016,2482164.0,72.0,91.0,True
3,14,16577883730643624598,ECDSA-256,0.00015901099686743692,0.0001520730002084747,0.00015736099885543808,21.695293329001288,0.6302759962293286,2482165.0,71.0,91.0,True
3,14,1801504081979854910,ECDSA-256,0.00011727899982361123,0.0001457050020690076,0.00016732900257920846,10.916251799004385,0.6015336715732329,2482164.0,71.0,91.0,True
3,15,1073897708798242791,ECDSA-256,0.00019923599757021293,0.00022111299767857417,0.00013968399434816092,21.671143908002705,0.6078968726027126,2482164.0,70.0,91.0,True
3,15,6166981891197977405,ECDSA-256,0.00015397300012409687,0.0004540470035863109,0.0001437760001863353,21.843054471995856,0.5844657321850332,2482164.0,72.0,91.0,True
3,15,16577883730643624598,ECDSA-256,0.0001195559962070547,0.00018211800488643348,0.00014081700646784157,21.962840103005874,0.5875017464446565,2482165.0,72.0,91.0,True
3,15,6534841199468761915,ECDSA-256,0.00011900600657099858,0.0002129299973603338,0.0001421999986632727,21.7982631509949,0.5913825383344398,2482164.0,72.0,91.0,True
3,15,1801504081979854910,ECDSA-256,0.00012085300113540143,0.00013412499538389966,0.00014100300177233294,10.676925574000052,0.5669644122092298,2482164.0,72.0,91.0,True
3,16,16577883730643624598,ECDSA-256,0.00016859299648785964,0.0002916490047937259,0.00013804700574837625,22.66225909900095,0.5549875145046094,2482165.0,70.0,91.0,True
3,16,6166981891197977405,ECDSA-256,0.00023997300013434142,0.00017461700190324336,0.00013788099749945104,22.780910248999135,0.5477805499689647,2482164.0,70.0,91.0,True
3,16,1073897708798242791,ECDSA-256,0.00016567499551456422,0.00023817799956304953,0.00013635099458042532,22.77529577799578,0.5455011568796901,2482164.0,71.0,91.0,True
3,16,6534841199468761915,ECDSA-256,0.00012149599933763966,0.0001559610027470626,0.00013700000272365287,23.027919268002734,0.5390591283385365,2482164.0,71.0,91.0,True
3,16,1801504081979854910,ECDSA-256,0.00011866099521284923,0.00013479699555318803,0.00015712700405856594,10.792501644005824,0.5172117826299736,2482164.0,70.0,91.0,True
3,17,6166981891197977405,ECDSA-256,0.000166863996128086,0.00018074199761031196,0.00014039500092621893,21.75445604500419,0.5212607132241177,2482164.0,72.0,91.0,True
3,17,16577883730643624598,ECDSA-256,0.0001550189990666695,0.0001649349942454137,0.00014076699881115928,22.34026369300409,0.512095785309998,2482165.0,71.0,91.0,True
3,17,6534841199468761915,ECDSA-256,0.00016451800183858722,0.00014823400124441832,0.00013973500608699396,22.379176829002972,0.4969329429201234,2482164.0,71.0,91.0,True
3,17,1073897708798242791,ECDSA-256,0.00019901600171579048,0.00022857099975226447,0.00013567400310421363,22.364682219005772,0.5200362770011822,2482164.0,71.0,91.0,True
3,17,1801504081979854910,ECDSA-256,0.0001187879970530048,0.00014863599790260196,0.0001384819988743402,10.751142902001448,0.4960229598854582,2482164.0,72.0,91.0,True
3,18,6534841199468761915,ECDSA-256,0.0002468390011927113,0.00022556600015377626,0.00013753700477536768,22.333721121001872,0.48553565139778126,2482164.0,70.0,91.0,True
3,18,6166981891197977405,ECDSA-256,0.00017059299716493115,0.0005124689996591769,0.00014178499986883253,22.54586561799806,0.47848823689186154,2482164.0,72.0,91.0,True
3,18,1073897708798242791,ECDSA-256,0.0001191160044982098,0.0001617499947315082,0.00013995600602356717,22.733138264993613,0.4859019398760681,2482164.0,71.0,91.0,True
3,18,16577883730643624598,ECDSA-256,0.0001305799960391596,0.00018360499962000176,0.00014388399722520262,22.621368990003248,0.49630548404499936,2482165.0,71.0,91.0,True
3,18,1801504081979854910,ECDSA-256,0.00011885600542882457,0.00014306800585472956,0.00017638000281294808,10.730285517005541,0.4593563113278284,2482164.0,70.0,91.0,True
3,19,1073897708798242791,ECDSA-256,0.0001665399977355264,0.00022869600070407614,0.00013873400166630745,21.72090121200017,0.46394216102033187,2482164.0,70.0,91.0,True
3,19,6166981891197977405,ECDSA-256,0.00016261400014627725,0.0002282130008097738,0.00013884600048186257,21.948611683001218,0.4382512721355064,2482164.0,71.0,91.0,True
3,19,6534841199468761915,ECDSA-256,0.00016018700262065977,0.00023071999748935923,0.00013906400272389874,21.96974373100238,0.46068273621578565,2482164.0,70.0,91.0,True
3,19,16577883730643624598,ECDSA-256,0.00011835999612230808,0.00016910500562516972,0.00014985800225986168,22.02628041000571,0.46058752740652986,2482165.0,71.0,91.0,True
3,19,1801504081979854910,ECDSA-256,0.0001169889947050251,0.00018713399913394824,0.00013679300172952935,10.774453490004817,0.43456293787723915,2482164.0,71.0,91.0,True
3,20,6534841199468761915,ECDSA-256,0.0001230019988724962,0.0003611009960877709,0.00013815400598105043,22.1650046499999,0.42210240018801,2482164.0,71.0,91.0,True
3,20,16577883730643624598,ECDSA-256,0.00019924200023524463,0.00034025700006168336,0.0001387330048601143,22.47924847300601,0.425696503293638,2482165.0,70.0,91.0,True
3,20,1073897708798242791,ECDSA-256,0.00018361100228503346,0.00023652500385651365,0.00013721000141231343,22.534505318995798,0.4443674828595342,2482164.0,70.0,91.0,True
3,20,6166981891197977405,ECDSA-256,0.0001243680017068982,0.00015319699741667137,0.00014398399798665196,22.56188416400255,0.4166396577922871,2482164.0,71.0,91.0,True
3,20,1801504081979854910,ECDSA-256,0.0001188730020658113,0.00014665199705632403,0.0001365729985991493,10.70867220999935,0.3957555721552608,2482164.0,71.0,91.0,True
3,21,6534841199468761915,ECDSA-256,0.00018274100148119032,0.00024103099713101983,0.00013723200390813872,22.066225082999154,0.3981446517577853,2482164.0,70.0,91.0,True
3,21,6166981891197977405,ECDSA-256,0.00017262899928027764,0.00021762999676866457,0.0001374929997837171,22.292358979997516,0.4064666937632016,2482164.0,71.0,91.0,True
3,21,1073897708798242791,ECDSA-256,0.00012283300020499155,0.00016514000162715092,0.00014217099669622257,22.355100842003594,0.4195261873519078,2482164.0,71.0,91.0,True
3,21,16577883730643624598,ECDSA-256,0.00012027999764541164,0.00018124800408259034,0.0001385280047543347,22.52884310400259,0.39359199494337693,2482165.0,72.0,91.0,True
3,21,1801504081979854910,ECDSA-256,0.00011780900240410119,0.00013761199807049707,0.00013592400500783697,10.670838607002224,0.3837838809425458,2482164.0,71.0,91.0,True
3,22,6166981891197977405,ECDSA-256,0.00016423699707956985,0.00023339500330621377,0.00016591900202911347,21.5032948559965,0.36959575051471544,2482164.0,71.0,91.0,True
3,22,1073897708798242791,ECDSA-256,0.0001661890055402182,0.00024173199926735833,0.00015752000035718083,21.696721303997037,0.39541408664192823,2482164.0,71.0,91.0,True
3,22,6534841199468761915,ECDSA-256,0.00016533299640286714,0.0002337400001124479,0.0001428579998901114,21.99655822400382,0.3765565606827934,2482164.0,71.0,91.0,True
3,22,16577883730643624598,ECDSA-256,0.00019792300008703023,0.0001591099935467355,0.00014063400158192962,22.21600159400259,0.3897885767379984,2482165.0,72.0,91.0,True
3,22,1801504081979854910,ECDSA-256,0.0001640070040593855,0.0001471980067435652,0.00014514200302073732,10.694061638998392,0.3815757608094726,2482164.0,72.0,91.0,True
3,23,6166981891197977405,ECDSA-256,0.00022724799782736227,0.00028835199918830767,0.00013919600314693525,21.673701267995057,0.3451697306332592,2482164.0,70.0,91.0,True
3,23,1073897708798242791,ECDSA-256,0.0001978939981199801,0.00016432400298072025,0.00013675099762622267,21.973887860003742,0.36913677133298434,2482164.0,70.0,91.0,True
3,23,6534841199468761915,ECDSA-256,0.000119885997264646,0.00019288199837319553,0.00013665899314219132,21.99765957600175,0.3687303440329937,2482164.0,70.0,91.0,True
3,23,16577883730643624598,ECDSA-256,0.0001242139987880364,0.00015124099445529282,0.0001369159945170395,22.15287165599875,0.35288419752134775,2482165.0,70.0,91.0,True
3,23,1801504081979854910,ECDSA-256,0.0001188180031022057,0.0001476480028941296,0.00014373099838849157,10.698373380000703,0.3486985288227138,2482164.0,72.0,91.0,True
3,24,6534841199468761915,ECDSA-256,0.00016288500046357512,0.0004026889946544543,0.0001375920037389733,22.099140187994635,0.33789621638699463,2482164.0,71.0,91.0,True
3,24,6166981891197977405,ECDSA-256,0.00016438500460935757,0.0003963839990319684,0.00013807499635731801,22.12970312399557,0.3440413791626787,2482164.0,71.0,91.0,True
3,24,1073897708798242791,ECDSA-256,0.0001207349996548146,0.0001693820013315417,0.00014017500507179648,22.167217571994115,0.35322917985191316,2482164.0,71.0,91.0,True
3,24,16577883730643624598,ECDSA-256,0.00012187600077595562,0.00016625300486339256,0.0001439359984942712,22.136435963999247,0.33882862854058654,2482165.0,71.0,91.0,True
3,24,1801504081979854910,ECDSA-256,0.00012079600128345191,0.00014662300236523151,0.0001418269966961816,10.677948760996514,0.32814736321223337,2482164.0,70.0,91.0,True
3,25,6534841199468761915,ECDSA-256,0.00014335200103232637,0.0002814409963320941,0.0001376410000375472,22.627891358999477,0.3223341907636402,2482164.0,72.0,91.0,True
3,25,1073897708798242791,ECDSA-256,0.00016627299919491634,0.00030871600029058754,0.00013724499876843765,22.659618456993485,0.33818472732013216,2482164.0,71.0,91.0,True
3,25,16577883730643624598,ECDSA-256,0.00024490500072715804,0.0002222460025222972,0.00016652300109853968,22.83181317400158,0.3150962722463944,2482165.0,70.0,91.0,True
3,25,6166981891197977405,ECDSA-256,0.00011968000035267323,0.00018752500182017684,0.00013638500240631402,22.950894449997577,0.33113774577060495,2482164.0,72.0,91.0,True
3,25,1801504081979854910,ECDSA-256,0.00011807400005636737,0.00014600000577047467,0.00013668199972016737,10.886181415997271,0.3269970938741875,2482164.0,72.0,91.0,True
3,26,1073897708798242791,ECDSA-256,0.00017796600150177255,0.0005546699976548553,0.00013767700147582218,21.905489313001453,0.3247672019440074,2482164.0,71.0,91.0,True
3,26,6166981891197977405,ECDSA-256,0.00015640399942640215,0.000418324998463504,0.00013645299623021856,22.023302542998863,0.3327390337801768,2482164.0,71.0,91.0,True
3,26,16577883730643624598,ECDSA-256,0.0001806959990062751,0.00042286799725843593,0.00013713000225834548,22.05526293299772,0.31092715772321095,2482165.0,72.0,91.0,True
3,26,6534841199468761915,ECDSA-256,0.00012838400289183483,0.00015472099767066538,0.00013709000631934032,22.23820763600088,0.295258216683369,2482164.0,71.0,91.0,True
3,26,1801504081979854910,ECDSA-256,0.00011883400293299928,0.00015863600128795952,0.0001408079988323152,10.921072295997874,0.3230908754736947,2482164.0,72.0,91.0,True
3,27,6166981891197977405,ECDSA-256,0.0002391909947618842,0.00016923400107771158,0.00013973500608699396,21.888080286997138,0.3031744703192252,2482164.0,70.0,91.0,True
3,27,6534841199468761915,ECDSA-256,0.00017031799507094547,0.00022153199824970216,0.00014155000098980963,21.876455409998016,0.2901557693577791,2482164.0,71.0,91.0,True
3,27,1073897708798242791,ECDSA-256,0.00016358200082322583,0.00016336000408045948,0.00015297099889721721,21.972419031000754,0.3090626300385478,2482164.0,72.0,91.0,True
3,27,16577883730643624598,ECDSA-256,0.00011998000263702124,0.0001525150000816211,0.00013623600534629077,22.084097126004053,0.32174780992300106,2482165.0,70.0,91.0,True
3,27,1801504081979854910,ECDSA-256,0.0001203479987452738,0.0001480450009694323,0.00013648299500346184,10.927040360998944,0.28776517028387744,2482164.0,72.0,91.0,True
3,28,6534841199468761915,ECDSA-256,0.0002018249942921102,0.000275297999905888,0.00014737000310560688,22.515036602999317,0.26893039883527986,2482164.0,70.0,91.0,True
3,28,16577883730643624598,ECDSA-256,0.0001685070019448176,0.0002979829951073043,0.0001419280015397817,22.533088328993472,0.28923520323159857,2482165.0,71.0,91.0,True
3,28,1073897708798242791,ECDSA-256,0.0001205789958476089,0.00016963400412350893,0.0001408039970556274,22.715475593999145,0.3060708121938137,2482164.0,70.0,91.0,True
3,28,6166981891197977405,ECDSA-256,0.00014712000120198354,0.0001552520043333061,0.00013782300084130839,22.87663574200269,0.2719666655398548,2482164.0,71.0,91.0,True
3,28,1801504081979854910,ECDSA-256,0.0001182449996122159,0.00015067999629536644,0.00014433800242841244,10.708669683001062,0.2779079541517868,2482164.0,71.0,91.0,True
3,29,6166981891197977405,ECDSA-256,0.0001396389998262748,0.0002606530033517629,0.0002468839957145974,21.70243222899444,0.2687623713793346,2482164.0,71.0,91.0,True
3,29,1073897708798242791,ECDSA-256,0.0001216669988934882,0.00022499799524666741,0.0002559450003900565,21.95297555599973,0.2815520551662666,2482164.0,71.0,91.0,True
3,29,6534841199468761915,ECDSA-256,0.00017213299724971876,0.0002701289995457046,0.00013445000513456762,21.917953999996826,0.2582561326422952,2482164.0,70.0,91.0,True
3,29,16577883730643624598,ECDSA-256,0.00011823300155811012,0.00016017699817894027,0.00013600200327346101,22.035620433001895,0.2867764315825289,2482165.0,72.0,91.0,True
3,29,1801504081979854910,ECDSA-256,0.0001197380042867735,0.00013665699952980503,0.00013750600191997364,10.787470481001947,0.26311842408053543,2482164.0,71.0,91.0,True
3,30,1073897708798242791,ECDSA-256,0.00020033300097566098,0.0002999740027007647,0.00016566100384807214,22.029382371001702,0.2824621205433858,2482164.0,72.0,91.0,True
3,30,6534841199468761915,ECDSA-256,0.00017388500418746844,0.00023054200573824346,0.00015007099864305928,22.308997580999858,0.2600817987665582,2482164.0,71.0,91.0,True
3,30,16577883730643624598,ECDSA-256,0.00011715300206560642,0.00015245100075844675,0.00016135100304381922,22.73229962500045,0.252921193446845,2482165.0,71.0,91.0,True
3,30,6166981891197977405,ECDSA-256,0.00022170400188770145,0.00016670100012561306,0.00016234599752351642,22.69049382099911,0.26800523826758715,2482164.0,71.0,91.0,True
3,30,1801504081979854910,ECDSA-256,0.00012584799696924165,0.00016078600310720503,0.00017382700025336817,10.818819314001303,0.24456372833066878,2482164.0,71.0,91.0,True
4,1,16048434466624120656,ECDSA-256,0.006648702998063527,0.0009348099993076175,0.00043365499732317403,22.3977670259992,1.8908990789145326,2482165.0,70.0,91.0,True
4,1,12580889664891885748,ECDSA-256,0.0075850469947909005,0.0009119640017161146,0.00014262399781728163,22.248275167999964,1.9536513002535787,2482165.0,70.0,91.0,True
4,1,13282788521452965917,ECDSA-256,0.005427129995950963,0.0008900059983716346,0.00016265099839074537,22.300291981002374,1.8718548259034324,2482165.0,71.0,91.0,True
4,1,346585278357995501,ECDSA-256,0.003096535998338368,0.0006028559946571477,0.00014082300185691565,22.46059283499926,1.8894713679060768,2482163.0,71.0,91.0,True
4,1,6019306764458321779,ECDSA-256,0.00012376700033200905,0.00015166200319072232,0.00013913399743614718,10.62590963600087,1.958291504710627,2482164.0,71.0,91.0,True
4,2,16048434466624120656,ECDSA-256,0.0003380209964234382,0.0002420329983578995,0.0001460269995732233,22.251831654000853,1.6400234089872707,2482165.0,72.0,91.0,True
4,2,13282788521452965917,ECDSA-256,0.00012143699859734625,0.00016956000035861507,0.00018017500406131148,22.552854727000522,1.641909068004011,2482165.0,72.0,91.0,True
4,2,12580889664891885748,ECDSA-256,0.0001956630003405735,0.00017572900105733424,0.00014472100156126544,22.551072043002932,1.6603820944746461,2482165.0,71.0,91.0,True
4,2,346585278357995501,ECDSA-256,0.00012426099419826642,0.0002074980002362281,0.0002052630006801337,22.844460012995114,1.663992543951772,2482163.0,71.0,91.0,True
4,2,6019306764458321779,ECDSA-256,0.00012591500126291066,0.00014196999836713076,0.00013816499995300546,10.631614441997954,1.6551353131620268,2482164.0,70.0,91.0,True
4,3,13282788521452965917,ECDSA-256,0.00017917100194608793,0.00039532499795313925,0.0001399100001435727,22.14039917899936,1.4626254730712112,2482165.0,72.0,91.0,True
4,3,12580889664891885748,ECDSA-256,0.000134253001306206,0.00022022300254320726,0.0002515499945729971,22.277623134999885,1.4799828870227922,2482165.0,71.0,91.0,True
4,3,16048434466624120656,ECDSA-256,0.00017545599985169247,0.00019922399951610714,0.0001552660032757558,22.278678784998192,1.4168532433601233,2482165.0,72.0,91.0,True
4,3,346585278357995501,ECDSA-256,0.00014533999637933448,0.00016411300020990893,0.00013722800213145092,22.40443707099621,1.4869199686537917,2482163.0,71.0,91.0,True
4,3,6019306764458321779,ECDSA-256,0.00012341000547166914,0.00014780100173084065,0.00014228399959392846,10.575823248000233,1.4515345205133334,2482164.0,71.0,91.0,True
4,4,346585278357995501,ECDSA-256,0.00017341499915346503,0.0003572979985619895,0.0001387290030834265,22.489280609006528,1.3151915021978628,2482163.0,71.0,91.0,True
4,4,13282788521452965917,ECDSA-256,0.00023024400434223935,0.0002259820030303672,0.0001377320004394278,22.462084939994384,1.3042325280344904,2482165.0,72.0,91.0,True
4,4,16048434466624120656,ECDSA-256,0.00012317000073380768,0.00017193199892062694,0.00013799300359096378,22.600170054000046,1.2848153916029885,2482165.0,72.0,91.0,True
4,4,12580889664891885748,ECDSA-256,0.00024048599880188704,0.00023159400006989017,0.000141194999741856,22.592545296000026,1.338028837126284,2482165.0,71.0,91.0,True
4,4,6019306764458321779,ECDSA-256,0.00012136300210841,0.00015111399989109486,0.0001399569955538027,10.695763768002507,1.3152133315896835,2482164.0,70.0,91.0,True
4,5,13282788521452965917,ECDSA-256,0.00015102400357136503,0.0005189049988985062,0.00014009500591782853,21.73150065899972,1.1799321833509988,2482165.0,70.0,91.0,True
4,5,16048434466624120656,ECDSA-256,0.0001273439993383363,0.00028288699832046404,0.00014318399917101488,21.826096987999335,1.1807708418407379,2482165.0,70.0,91.0,True
4,5,12580889664891885748,ECDSA-256,0.00015799000539118424,0.00027071800286648795,0.00015753199841128662,21.935419466994063,1.2213755468971812,2482165.0,70.0,91.0,True
4,5,346585278357995501,ECDSA-256,0.0001224450024892576,0.00019823599723167717,0.0001521399972261861,21.904833297005098,1.2041502905349,2482163.0,71.0,91.0,True
4,5,6019306764458321779,ECDSA-256,0.00012416800018399954,0.00012983500346308574,0.0001383400012855418,10.882002270001976,1.20586333392908,2482164.0,71.0,91.0,True
4,6,346585278357995501,ECDSA-256,0.0001757749996613711,0.0002783410018309951,0.00013776300329482183,22.272036688998924,1.111052061041323,2482163.0,71.0,91.0,True
4,6,16048434466624120656,ECDSA-256,0.00013094599853502586,0.0002242030022898689,0.00013741299335379153,22.334234639994975,1.0721262055464065,2482165.0,72.0,91.0,True
4,6,12580889664891885748,ECDSA-256,0.000190946004295256,0.00036817500222241506,0.0001392679987475276,22.34381654799654,1.132250926365106,2482165.0,70.0,91.0,True
4,6,13282788521452965917,ECDSA-256,0.0001655750020290725,0.0001708449999568984,0.00018421199638396502,22.423744854997494,1.088154359176136,2482165.0,70.0,91.0,True
4,6,6019306764458321779,ECDSA-256,0.00012315799540374428,0.0001551890018163249,0.00017327399837085977,11.007468001000234,1.1137858985331113,2482164.0,72.0,91.0,True
4,7,13282788521452965917,ECDSA-256,0.00017329199908999726,0.0002395979972789064,0.00015574700228171423,22.437436583000817,1.00425009910291,2482165.0,72.0,91.0,True
4,7,346585278357995501,ECDSA-256,0.00016393900295952335,0.00025703400024212897,0.0002190489976783283,22.5092147549949,1.0328308034438294,2482163.0,71.0,91.0,True
4,7,12580889664891885748,ECDSA-256,0.00015704899851698428,0.0001677129985182546,0.00013805300113745034,22.41978169599315,1.0389392226458358,2482165.0,71.0,91.0,True
4,7,16048434466624120656,ECDSA-256,0.00016684099682606757,0.0002631519964779727,0.0001373779959976673,22.53554760300176,0.9996424099317374,2482165.0,71.0,91.0,True
4,7,6019306764458321779,ECDSA-256,0.00012385599984554574,0.00015195499872788787,0.0001394339997204952,10.673407096001029,1.0277852676927852,2482164.0,71.0,91.0,True
4,8,13282788521452965917,ECDSA-256,0.0002713089997996576,0.00023703100305283442,0.00025547800032654777,22.245212808004,0.9365402319179937,2482165.0,71.0,91.0,True
4,8,16048434466624120656,ECDSA-256,0.00018186099623562768,0.0003339830000186339,0.0002752840009634383,22.247394821002672,0.9299366229448837,2482165.0,70.0,91.0,True
4,8,346585278357995501,ECDSA-256,0.00020228000357747078,0.00022337999689625576,0.0001649330006330274,22.411837345003732,0.9588982633318002,2482163.0,71.0,91.0,True
4,8,12580889664891885748,ECDSA-256,0.00011778400221373886,0.00015071899542817846,0.00013901600323151797,22.665729969994572,0.9570235715696986,2482165.0,70.0,91.0,True
4,8,6019306764458321779,ECDSA-256,0.00012005500320810825,0.000147668004501611,0.00015163200441747904,10.578330971999094,0.9444999018797098,2482164.0,70.0,91.0,True
4,9,12580889664891885748,ECDSA-256,0.00016733100346755236,0.00018791600450640544,0.00013653199857799336,21.879320299995015,0.9055287822747764,2482165.0,70.0,91.0,True
4,9,13282788521452965917,ECDSA-256,0.00020915800268994644,0.0002839820008375682,0.00013884199870517477,21.85588228499546,0.8680407159244672,2482165.0,70.0,91.0,True
4,9,16048434466624120656,ECDSA-256,0.0002461300027789548,0.0002561049986979924,0.00013520900392904878,21.902231102998485,0.8667494748918393,2482165.0,70.0,91.0,True
4,9,346585278357995501,ECDSA-256,0.00012189300468889996,0.0001636220040381886,0.00013716800458496436,21.990868126995338,0.8849408279021327,2482163.0,71.0,91.0,True
4,9,6019306764458321779,ECDSA-256,0.0001157000006060116,0.00013419600145425647,0.00013985399709781632,10.777190536995477,0.8839499761883062,2482164.0,72.0,91.0,True
4,10,346585278357995501,ECDSA-256,0.0001612089981790632,0.0002250239995191805,0.00015621999773429707,22.051812547004374,0.8263477862071686,2482163.0,71.0,91.0,True
4,10,12580889664891885748,ECDSA-256,0.0001658850014791824,0.00024058700364548713,0.0003105180003331043,22.301598238002043,0.8366160125206834,2482165.0,71.0,91.0,True
4,10,16048434466624120656,ECDSA-256,0.00028548299451358616,0.00016501500067533925,0.00013615000352729112,22.371586369001307,0.8124519550857453,2482165.0,71.0,91.0,True
4,10,13282788521452965917,ECDSA-256,0.00011724400246748701,0.00019932099530706182,0.00013475900050252676,22.388180711997848,0.7979909979497282,2482165.0,71.0,91.0,True
4,10,6019306764458321779,ECDSA-256,0.00011686400102917105,0.00014581099821953103,0.0001383319977321662,10.756892376004544,0.820481868502431,2482164.0,71.0,91.0,True
4,11,13282788521452965917,ECDSA-256,0.00016827900253701955,0.0002241080001113005,0.00013798600411973894,22.0271936930003,0.7452039252074001,2482165.0,71.0,91.0,True
4,11,12580889664891885748,ECDSA-256,0.0002444220008328557,0.0003831430003629066,0.00013748800120083615,22.157062698999653,0.7948160579505439,2482165.0,72.0,91.0,True
4,11,346585278357995501,ECDSA-256,0.00012642100045923144,0.00019589300063671544,0.0001394990031258203,22.182153306996042,0.7739808444207469,2482163.0,71.0,91.0,True
4,11,16048434466624120656,ECDSA-256,0.00012308800069149584,0.0001551060049678199,0.00013889800175093114,22.47828845099866,0.7446271992815189,2482165.0,70.0,91.0,True
4,11,6019306764458321779,ECDSA-256,0.00011615099356276914,0.00014580399874830619,0.00013768600183539093,10.711655259998224,0.7531265652598664,2482164.0,70.0,91.0,True
4,12,16048434466624120656,ECDSA-256,0.00022986100520938635,0.00018870799976866692,0.00013666700397152454,21.589329519003513,0.7048308327556038,2482165.0,70.0,91.0,True
4,12,346585278357995501,ECDSA-256,0.00016844100173329934,0.0002288839968969114,0.00013762399612460285,21.953675381999346,0.7184901906373783,2482163.0,72.0,91.0,True
4,12,13282788521452965917,ECDSA-256,0.00022302499564830214,0.0001551610039314255,0.00014692200056742877,21.951566500996705,0.6917850649394928,2482165.0,72.0,91.0,True
4,12,12580889664891885748,ECDSA-256,0.0001760119994287379,0.00023309300013352185,0.00015551000251434743,21.916537158998835,0.7209350163944233,2482165.0,71.0,91.0,True
4,12,6019306764458321779,ECDSA-256,0.00011606799671426415,0.00014575399836758152,0.00013924800441600382,10.907861779000086,0.7028948746550198,2482164.0,70.0,91.0,True
4,13,12580889664891885748,ECDSA-256,0.00016171099559869617,0.00020487899746512994,0.00015659400378353894,22.141616990003968,0.6806013905963959,2482165.0,72.0,91.0,True
4,13,16048434466624120656,ECDSA-256,0.00022384300245903432,0.00027382600092096254,0.00013851500261807814,22.233250461998978,0.6531405384881428,2482165.0,71.0,91.0,True
4,13,13282788521452965917,ECDSA-256,0.00014813199959462509,0.00016450900147901848,0.00013856599980499595,22.2966239410016,0.6380923499409764,2482165.0,71.0,91.0,True
4,13,346585278357995501,ECDSA-256,0.00012359300308162346,0.00015343999984906986,0.00013785299961455166,22.511295226002403,0.6655980949632276,2482163.0,72.0,91.0,True
4,13,6019306764458321779,ECDSA-256,0.00012374800280667841,0.00014759199984837323,0.0001379630048177205,10.906941224995535,0.6582342715927968,2482164.0,72.0,91.0,True
4,14,346585278357995501,ECDSA-256,0.00017315100558334962,0.00024095900153042749,0.00013737200060859323,22.41428212500614,0.6368613944600184,2482163.0,72.0,91.0,True
4,14,16048434466624120656,ECDSA-256,0.00016010900435503572,0.00019665299623738974,0.00015193400031421334,22.573708864001674,0.6070537965375775,2482165.0,71.0,91.0,True
4,14,12580889664891885748,ECDSA-256,0.0001840759941842407,0.0001740180014166981,0.00013542499800678343,22.649715161998756,0.6506539818149405,2482165.0,72.0,91.0,True
4,14,13282788521452965917,ECDSA-256,0.00012091299868188798,0.00015364000137196854,0.00013768499775324017,23.058897405004245,0.6059749616077914,2482165.0,72.0,91.0,True
4,14,6019306764458321779,ECDSA-256,0.00012518499715952203,0.00013442499766824767,0.0001366520009469241,10.670237712001835,0.609425631824869,2482164.0,72.0,91.0,True
4,15,12580889664891885748,ECDSA-256,0.0001724640023894608,0.00032329200621461496,0.00013846200454281643,22.199555063001753,0.6001534345336615,2482165.0,71.0,91.0,True
4,15,13282788521452965917,ECDSA-256,0.00016294299712171778,0.00024067400227067992,0.0001385690047754906,22.23068278599385,0.5588485277213228,2482165.0,71.0,91.0,True
4,15,346585278357995501,ECDSA-256,0.00023669499933021143,0.00022388600336853415,0.00013703000149689615,22.4438214680049,0.6062443199249121,2482163.0,71.0,91.0,True
4,15,16048434466624120656,ECDSA-256,0.00011975900270044804,0.00017138099792646244,0.00015117899602046236,22.605260051997902,0.5865890245360974,2482165.0,71.0,91.0,True
4,15,6019306764458321779,ECDSA-256,0.00011842499952763319,0.00014357300096889958,0.00013749600475421175,10.851228599000024,0.5711473457443829,2482164.0,71.0,91.0,True
4,16,13282788521452965917,ECDSA-256,0.00017710600513964891,0.00018287499551661313,0.00014132000069366768,22.365540633996716,0.5349488092806584,2482165.0,70.0,91.0,True
4,16,16048434466624120656,ECDSA-256,0.00022360200091497973,0.0002973040027427487,0.00015738300135126337,22.42962566299684,0.5542520408075267,2482165.0,72.0,91.0,True
4,16,346585278357995501,ECDSA-256,0.00017693099653115496,0.0002606370035209693,0.00015839099796721712,22.4690812320041,0.5657372444915695,2482163.0,71.0,91.0,True
4,16,12580889664891885748,ECDSA-256,0.00011761300265789032,0.00015233900194289163,0.00015778800297994167,22.698138743005984,0.5782560432454744,2482165.0,71.0,91.0,True
4,16,6019306764458321779,ECDSA-256,0.00011729200195986778,0.00014759199984837323,0.00017896100325742736,10.68268769000133,0.5272443895927443,2482164.0,71.0,91.0,True
4,17,12580889664891885748,ECDSA-256,0.00023688700457569212,0.00021275500330375507,0.0002625150009407662,21.82550655399973,0.5169546334221721,2482165.0,70.0,91.0,True
4,17,346585278357995501,ECDSA-256,0.00021480299619724974,0.00025252700288547203,0.00025576099869795144,21.898784657998476,0.5380538162736657,2482163.0,71.0,91.0,True
4,17,16048434466624120656,ECDSA-256,0.00014682899927720428,0.00015705700207035989,0.0001808580054785125,21.98218172199995,0.5098309247745588,2482165.0,70.0,91.0,True
4,17,13282788521452965917,ECDSA-256,0.0001510419970145449,0.0001773629992385395,0.00014420299703488126,21.97113420900132,0.5073514899994713,2482165.0,70.0,91.0,True
4,17,6019306764458321779,ECDSA-256,0.00011979799455730245,0.00014641699817730114,0.0001872909997473471,10.867782999994233,0.5080466510626835,2482164.0,71.0,91.0,True
4,18,16048434466624120656,ECDSA-256,0.00017117599782068282,0.00016483500075992197,0.00013981400115881115,21.560432463003963,0.46944290656632126,2482165.0,71.0,91.0,True
4,18,12580889664891885748,ECDSA-256,0.00016945799870882183,0.00018809200264513493,0.0001373530030832626,21.910842479002895,0.5004109406944948,2482165.0,72.0,91.0,True
4,18,346585278357995501,ECDSA-256,0.00011991300561930984,0.00016891999985091388,0.00016086400137282908,21.833942684999784,0.48867488085342864,2482163.0,72.0,91.0,True
4,18,13282788521452965917,ECDSA-256,0.00011872599861817434,0.00018545900093158707,0.00013609600136987865,22.105141910004022,0.47021623322972284,2482165.0,70.0,91.0,True
4,18,6019306764458321779,ECDSA-256,0.0001160160027211532,0.00014473299961537123,0.00013785200280835852,10.58994604000327,0.4741008046377724,2482164.0,72.0,91.0,True
4,19,12580889664891885748,ECDSA-256,0.0001718380008242093,0.00044300199806457385,0.0001693170052021742,22.78861786500056,0.46506532626791885,2482165.0,71.0,91.0,True
4,19,13282788521452965917,ECDSA-256,0.00021800200192956254,0.000263502006419003,0.0001365610005450435,23.032385903999966,0.43704089660423634,2482165.0,72.0,91.0,True
4,19,16048434466624120656,ECDSA-256,0.00012039699504384771,0.0003607399994507432,0.00013884700456401333,23.014450050999585,0.45485026970767556,2482165.0,71.0,91.0,True
4,19,346585278357995501,ECDSA-256,0.000124222002341412,0.00015679500211263075,0.00013712100189877674,23.071768834000977,0.46935179564185414,2482163.0,71.0,91.0,True
4,19,6019306764458321779,ECDSA-256,0.00011580499995034188,0.00014661100431112573,0.00013859899627277628,10.717807893001009,0.4530912707425868,2482164.0,71.0,91.0,True
4,20,346585278357995501,ECDSA-256,0.00016089700511656702,0.00026324600185034797,0.00013866099470760673,22.43603835599788,0.4343546942328683,2482163.0,71.0,91.0,True
4,20,16048434466624120656,ECDSA-256,0.00019160599913448095,0.00024136299907695502,0.00013586699787992984,22.55797496499872,0.4211631821224484,2482165.0,71.0,91.0,True
4,20,13282788521452965917,ECDSA-256,0.00019530300050973892,0.000170059000083711,0.0001375680003548041,22.690473068003485,0.417017428436504,2482165.0,72.0,91.0,True
4,20,12580889664891885748,ECDSA-256,0.0001753590040607378,0.0001582020049681887,0.00013588900037575513,22.6838566669976,0.4404035982863305,2482165.0,71.0,91.0,True
4,20,6019306764458321779,ECDSA-256,0.0001457230027881451,0.0002673939961823635,0.00014314900181489065,10.917078384001798,0.4270513328803947,2482164.0,70.0,91.0,True
4,21,13282788521452965917,ECDSA-256,0.00026477599749341607,0.0002597700004116632,0.00013805100024910644,22.436256521999894,0.3749589727887997,2482165.0,70.0,91.0,True
4,21,346585278357995501,ECDSA-256,0.00012334900384303182,0.0002776929977699183,0.00014246200589695945,22.55154651399789,0.4094806888822121,2482163.0,71.0,91.0,True
4,21,16048434466624120656,ECDSA-256,0.00015604999498464167,0.00017107700114138424,0.00013824000052409247,22.804830193999805,0.39672824479163454,2482165.0,70.0,91.0,True
4,21,12580889664891885748,ECDSA-256,0.00011804699897766113,0.00017455199849791825,0.0001373190025333315,22.888226155002485,0.4057813587958535,2482165.0,71.0,91.0,True
4,21,6019306764458321779,ECDSA-256,0.00011651900422293693,0.00013643499551108107,0.00017050599853973836,10.850804706999043,0.398490987331294,2482164.0,71.0,91.0,True
4,22,346585278357995501,ECDSA-256,0.0002690879991860129,0.00035728600050788373,0.00013858199963578954,21.91974416800076,0.38385157496594013,2482163.0,71.0,91.0,True
4,22,16048434466624120656,ECDSA-256,0.00015797800006112084,0.0002920640035881661,0.00013976699847262353,22.331492157005414,0.381572717059844,2482165.0,71.0,91.0,True
4,22,13282788521452965917,ECDSA-256,0.00015934799739625305,0.00018615999579196796,0.0001373470004182309,22.477021072001662,0.37762911469874955,2482165.0,72.0,91.0,True
4,22,12580889664891885748,ECDSA-256,0.00012110800162190571,0.00021654999727616087,0.0001369969977531582,22.73994826499984,0.3729506355290786,2482165.0,71.0,91.0,True
4,22,6019306764458321779,ECDSA-256,0.00011645699851214886,0.00014569999621016905,0.0001468030022806488,10.886502354005643,0.37929635592840444,2482164.0,71.0,91.0,True
4,23,346585278357995501,ECDSA-256,0.00020054899505339563,0.0002296800012118183,0.00014200699661159888,22.60466634399927,0.37807792114516414,2482163.0,71.0,91.0,True
4,23,12580889664891885748,ECDSA-256,0.00020476499776123092,0.0002620049999677576,0.00013908899563830346,22.752373398005147,0.3722837468097433,2482165.0,72.0,91.0,True
4,23,13282788521452965917,ECDSA-256,0.00012115999561501667,0.0001719069987302646,0.0001495180040365085,22.79675617999601,0.35743831359623623,2482165.0,70.0,91.0,True
4,23,16048434466624120656,ECDSA-256,0.00011834099859697744,0.00015318799705710262,0.00019756000256165862,22.851512326000375,0.37343920739635394,2482165.0,71.0,91.0,True
4,23,6019306764458321779,ECDSA-256,0.00011875500058522448,0.00014829300198471174,0.00013756299449596554,10.671358597996004,0.35268925241352367,2482164.0,71.0,91.0,True
4,24,16048434466624120656,ECDSA-256,0.0002419480006210506,0.00025311300123576075,0.0001411400007782504,22.598091647996625,0.37289102472507724,2482165.0,72.0,91.0,True
4,24,13282788521452965917,ECDSA-256,0.00019346999761182815,0.00017134100198745728,0.00015484000323340297,22.88064650999877,0.34107932416400827,2482165.0,71.0,91.0,True
4,24,346585278357995501,ECDSA-256,0.00023722899641143158,0.0001751750023686327,0.00017493899940745905,22.855134547004127,0.37798923841371135,2482163.0,72.0,91.0,True
4,24,12580889664891885748,ECDSA-256,0.00012171200069133192,0.00017922899860423058,0.00013836900325259194,22.989997715994832,0.33579941336868907,2482165.0,71.0,91.0,True
4,24,6019306764458321779,ECDSA-256,0.00011604300379985943,0.00014517999807139859,0.00014428300346480682,10.821364340998116,0.3461956389266224,2482164.0,72.0,91.0,True
4,25,16048434466624120656,ECDSA-256,0.00027585399948293343,0.0002701679986785166,0.000201445996935945,21.804887032005354,0.3332439692565999,2482165.0,72.0,91.0,True
4,25,346585278357995501,ECDSA-256,0.00016848599625518546,0.00023628000053577125,0.00014195200492395088,21.97498729200015,0.33329650162668606,2482163.0,72.0,91.0,True
4,25,13282788521452965917,ECDSA-256,0.0002892110060201958,0.0002341979998163879,0.00013883200153941289,21.913635468001303,0.3403263090374752,2482165.0,71.0,91.0,True
4,25,12580889664891885748,ECDSA-256,0.000120651995530352,0.0001542269965284504,0.00013758899876847863,21.945325348999177,0.3352406892743997,2482165.0,71.0,91.0,True
4,25,6019306764458321779,ECDSA-256,0.0001158560044132173,0.0001916049950523302,0.0001370470054098405,10.66912621499796,0.32055204810973364,2482164.0,71.0,91.0,True
4,26,346585278357995501,ECDSA-256,0.00021970799571136013,0.0001664119990891777,0.00013698900147574022,22.34510112499993,0.3625040481628749,2482163.0,71.0,91.0,True
4,26,16048434466624120656,ECDSA-256,0.0001654049992794171,0.0004103250030311756,0.0001381839974783361,22.34374554399983,0.3125814533548448,2482165.0,72.0,91.0,True
4,26,13282788521452965917,ECDSA-256,0.00015284899563994259,0.000265657996351365,0.00015643799997633323,22.505751508004323,0.318730458844834,2482165.0,72.0,91.0,True
4,26,12580889664891885748,ECDSA-256,0.00015829200128791854,0.00015464500029338524,0.00013844500062987208,22.565245025994955,0.3174540614720416,2482165.0,71.0,91.0,True
4,26,6019306764458321779,ECDSA-256,0.00011958999675698578,0.00015170799451880157,0.00013712300278712064,10.708812556993507,0.3085717806710115,2482164.0,71.0,91.0,True
4,27,13282788521452965917,ECDSA-256,0.0002695840012165718,0.00015938699652906507,0.00016969300486380234,21.531800369994016,0.28362454872090404,2482165.0,70.0,91.0,True
4,27,12580889664891885748,ECDSA-256,0.00017359499906888232,0.0003307509978185408,0.000186004996066913,21.511557890000404,0.2900337066557913,2482165.0,71.0,91.0,True
4,27,346585278357995501,ECDSA-256,0.00017296900477958843,0.0002245520008727908,0.00014177599950926378,21.618917423998937,0.3112400572110241,2482163.0,72.0,91.0,True
4,27,16048434466624120656,ECDSA-256,0.0001209740003105253,0.00015492500097025186,0.00014453699986916035,21.652732215006836,0.31132211591661596,2482165.0,71.0,91.0,True
4,27,6019306764458321779,ECDSA-256,0.00015832300414331257,0.00025520999770378694,0.00015122699551284313,10.64778703400225,0.29895956986271344,2482164.0,72.0,91.0,True
4,28,16048434466624120656,ECDSA-256,0.0002890229952754453,0.00020057299843756482,0.0001376569998683408,22.150664253000286,0.2960249936065306,2482165.0,70.0,91.0,True
4,28,12580889664891885748,ECDSA-256,0.00023283300106413662,0.00048263299686368555,0.00013643700367538258,22.298355197999626,0.28726082018758065,2482165.0,71.0,91.0,True
4,28,13282788521452965917,ECDSA-256,0.0002899230021284893,0.00026723100017989054,0.0001349320009467192,22.298298791996785,0.33376158621852486,2482165.0,70.0,91.0,True
4,28,346585278357995501,ECDSA-256,0.00011731599806807935,0.00015262099623214453,0.00013739000132773072,22.372568841994507,0.3001065624650187,2482163.0,71.0,91.0,True
4,28,6019306764458321779,ECDSA-256,0.00011742200149456039,0.00014819600619375706,0.00013721299910685048,10.913383552004234,0.29360879319586075,2482164.0,72.0,91.0,True
4,29,16048434466624120656,ECDSA-256,0.00018024200107902288,0.00022428100055549294,0.00013952799781691283,22.01084904000163,0.2765669817322145,2482165.0,71.0,91.0,True
4,29,13282788521452965917,ECDSA-256,0.00014348200056701899,0.0001731550000840798,0.00013642799603985623,22.62199222199706,0.29988630926876236,2482165.0,72.0,91.0,True
4,29,346585278357995501,ECDSA-256,0.00017865900008473545,0.00016993299504974857,0.00013717600086238235,22.6990421110022,0.30021301261967603,2482163.0,72.0,91.0,True
4,29,12580889664891885748,ECDSA-256,0.00015272000018740073,0.00016715299716452137,0.0001377340013277717,22.830294491999666,0.283237647056169,2482165.0,71.0,91.0,True
4,29,6019306764458321779,ECDSA-256,0.00012127000081818551,0.00013586500426754355,0.0001375150022795424,11.218007123999996,0.2636611221176676,2482164.0,72.0,91.0,True
4,30,16048434466624120656,ECDSA-256,0.0001686649993644096,0.0004232950013829395,0.00013780000153928995,21.968697452000924,0.2757820399989859,2482165.0,71.0,91.0,True
4,30,13282788521452965917,ECDSA-256,0.00020734099962282926,0.00017770200065569952,0.0001368020020890981,22.314946172002237,0.2810831525384972,2482165.0,71.0,91.0,True
4,30,12580889664891885748,ECDSA-256,0.0001780179954948835,0.00023351499839918688,0.00013908900291426107,22.32195524100098,0.2777017236697657,2482165.0,70.0,91.0,True
4,30,346585278357995501,ECDSA-256,0.00012380399857647717,0.00015200599591480568,0.0001416020022588782,22.54855919500551,0.26992780489184276,2482163.0,71.0,91.0,True
4,30,6019306764458321779,ECDSA-256,0.00011959899711655453,0.0001478609992773272,0.0001361739996355027,10.677228476000892,0.2698736802772277,2482164.0,71.0,91.0,True
5,1,1920130934870178379,ECDSA-256,0.003956840002501849,0.0005949000042164698,0.00046820699935778975,22.17072768000071,1.9035287360413768,2482164.0,72.0,91.0,True
5,1,217833597894977447,ECDSA-256,0.004024724999908358,0.0007507179980166256,0.00013792199752060696,22.465089299999818,1.923213793065982,2482163.0,71.0,91.0,True
5,1,4098293997753977189,ECDSA-256,0.00700706300267484,0.000921749000553973,0.00014063100388739258,22.290305528003955,1.8725676528942852,2482164.0,70.0,91.0,True
5,1,5394305277078865540,ECDSA-256,0.003176928003085777,0.0006040560037945397,0.0001388200034853071,22.396121721998497,1.936095871483556,2482164.0,71.0,91.0,True
5,1,6989731024824252644,ECDSA-256,0.00012209099804749712,0.00014814699534326792,0.00013874800060875714,10.912228822999168,1.8778074450386217,2482164.0,71.0,91.0,True
5,2,217833597894977447,ECDSA-256,0.0003453739991527982,0.00026515799982007593,0.00022805399930803105,22.696953528997255,1.6500125784462634,2482163.0,71.0,91.0,True
5,2,4098293997753977189,ECDSA-256,0.0001886449972516857,0.0001718640050967224,0.0001757200006977655,22.83266110799741,1.5989400235989604,2482164.0,70.0,91.0,True
5,2,1920130934870178379,ECDSA-256,0.00017164000018965453,0.00015962700126692653,0.00014409199502551928,23.06784173900087,1.6337214434108795,2482164.0,71.0,91.0,True
5,2,5394305277078865540,ECDSA-256,0.00020475600467761979,0.00016385000344598666,0.00014738400204805657,23.05322749300103,1.5811660661103246,2482164.0,70.0,91.0,True
5,2,6989731024824252644,ECDSA-256,0.000124333004350774,0.0001490440045017749,0.0001362629991490394,10.718522210001538,1.6203289980324693,2482164.0,71.0,91.0,True
5,3,4098293997753977189,ECDSA-256,0.00026646100013749674,0.00033705600071698427,0.00013448300160234794,21.79528597400349,1.4107359672506776,2482164.0,71.0,91.0,True
5,3,5394305277078865540,ECDSA-256,0.000177419999090489,0.00017670600209385157,0.00014644900511484593,22.318464855001366,1.43005607227167,2482164.0,72.0,91.0,True
5,3,217833597894977447,ECDSA-256,0.00018648300465429202,0.0002059580001514405,0.0001384249990223907,22.30112053800258,1.4609503930749985,2482163.0,72.0,91.0,True
5,3,1920130934870178379,ECDSA-256,0.00012086200149497017,0.00015686800179537386,0.0001364130002912134,22.42231901299965,1.4796083967525737,2482164.0,72.0,91.0,True
5,3,6989731024824252644,ECDSA-256,0.00012247700215084478,0.0001602949996595271,0.00016954599414020777,11.028011153000989,1.4421496516980303,2482164.0,71.0,91.0,True
5,4,217833597894977447,ECDSA-256,0.0001916190012707375,0.00018367700249655172,0.00013823799963574857,22.07148785100435,1.3415507439988108,2482163.0,70.0,91.0,True
5,4,5394305277078865540,ECDSA-256,0.00016989000141620636,0.0004456749957171269,0.00013613799819722772,22.065363606001483,1.304552830827122,2482164.0,72.0,91.0,True
5,4,1920130934870178379,ECDSA-256,0.00012452100054360926,0.00016784499894129112,0.0001342290051979944,22.21537637700385,1.3158461832390806,2482164.0,72.0,91.0,True
5,4,4098293997753977189,ECDSA-256,0.00017151499923784286,0.0004301730004954152,0.00013801299792248756,22.206030759996793,1.270417284851257,2482164.0,72.0,91.0,True
5,4,6989731024824252644,ECDSA-256,0.00012420400162227452,0.00014853499305900186,0.00017312700219918042,10.683095164000406,1.3057628677675899,2482164.0,72.0,91.0,True
5,5,1920130934870178379,ECDSA-256,0.00022491799609269947,0.00018211999849881977,0.0001418899992131628,22.8663162619996,1.2043686229200028,2482164.0,72.0,91.0,True
5,5,5394305277078865540,ECDSA-256,0.00014371099678101018,0.0001794479976524599,0.00013630899775307626,23.091612314005033,1.1855169033851867,2482164.0,71.0,91.0,True
5,5,217833597894977447,ECDSA-256,0.00013745099568041041,0.00020144200243521482,0.00021972600370645523,23.133183033001842,1.2187586653346834,2482163.0,70.0,91.0,True
5,5,4098293997753977189,ECDSA-256,0.00012750700261676684,0.0001508230052422732,0.00013675599620910361,23.284239890999743,1.167209949927589,2482164.0,72.0,91.0,True
5,5,6989731024824252644,ECDSA-256,0.00012357000377960503,0.0001422240020474419,0.00013799300359096378,10.824368777000927,1.1887578311057898,2482164.0,72.0,91.0,True
5,6,1920130934870178379,ECDSA-256,0.0001702859954093583,0.00024978700093925,0.00013492099969880655,21.626970801000425,1.0975716317804476,2482164.0,72.0,91.0,True
5,6,217833597894977447,ECDSA-256,0.00016334300016751513,0.0001574179987073876,0.00013678099639946595,21.86477381500299,1.1227620116437966,2482163.0,71.0,91.0,True
5,6,5394305277078865540,ECDSA-256,0.0001713010060484521,0.00022213100601220503,0.0001496519980719313,21.826008721000107,1.0771315084478725,2482164.0,71.0,91.0,True
5,6,4098293997753977189,ECDSA-256,0.00016395300190197304,0.0002344719978282228,0.00013921000208938494,21.8666254330019,1.061461991205002,2482164.0,71.0,91.0,True
5,6,6989731024824252644,ECDSA-256,0.0001232170034199953,0.00015106499631656334,0.0001359230009256862,10.645617595000658,1.1033040207034102,2482164.0,71.0,91.0,True
5,7,217833597894977447,ECDSA-256,0.00019620700186351314,0.00041268899803981185,0.00013711999781662598,22.525909281001077,1.0407938288804441,2482163.0,71.0,91.0,True
5,7,5394305277078865540,ECDSA-256,0.00030110800435068086,0.00023224199685500935,0.00013559500075643882,22.63411426499806,0.9927046659845895,2482164.0,70.0,91.0,True
5,7,4098293997753977189,ECDSA-256,0.0001224430016009137,0.00020101299742236733,0.00013484000373864546,22.64802706900082,0.9950619473244054,2482164.0,70.0,91.0,True
5,7,1920130934870178379,ECDSA-256,0.00013215099897934124,0.00016754900570958853,0.00018646999524207786,22.732114821999858,1.0209960499510597,2482164.0,70.0,91.0,True
5,7,6989731024824252644,ECDSA-256,0.00011823200475191697,0.00014612299855798483,0.00013646100705955178,10.648003784997854,1.0044120564437902,2482164.0,72.0,91.0,True
5,8,4098293997753977189,ECDSA-256,0.00017048700101440772,0.00030760400113649666,0.00014613800158258528,21.75977856299869,0.9263715500267931,2482164.0,72.0,91.0,True
5,8,5394305277078865540,ECDSA-256,0.0002774699969450012,0.00024912500521168113,0.00025335400277981535,21.780423817996052,0.9138753762641273,2482164.0,70.0,91.0,True
5,8,217833597894977447,ECDSA-256,0.00017474400374339893,0.00019297200196888298,0.00024168600066332147,21.77675473599811,0.9793905016903679,2482163.0,70.0,91.0,True
5,8,1920130934870178379,ECDSA-256,0.00012257300113560632,0.0001548689979244955,0.0002661769976839423,21.880792020005174,0.9397725634300671,2482164.0,71.0,91.0,True
5,8,6989731024824252644,ECDSA-256,0.00011726999946404248,0.0001428239993401803,0.0002739589981501922,10.776168386997597,0.92633481033313,2482164.0,71.0,91.0,True
5,9,5394305277078865540,ECDSA-256,0.00017218999710166827,0.00028344800375634804,0.00016988800052786246,21.863446158000443,0.8648605198144151,2482164.0,71.0,91.0,True
5,9,1920130934870178379,ECDSA-256,0.00018009999621426687,0.0003409630007809028,0.00013559000217355788,22.22250801899645,0.870164585856203,2482164.0,72.0,91.0,True
5,9,4098293997753977189,ECDSA-256,0.000157476999447681,0.00021794700296595693,0.00014251100219553337,22.304300399999192,0.8537598084717893,2482164.0,70.0,91.0,True
5,9,217833597894977447,ECDSA-256,0.0001198050013044849,0.00015751799946883693,0.00013495100574800745,22.346443549002288,0.8989883686026064,2482163.0,72.0,91.0,True
5,9,6989731024824252644,ECDSA-256,0.00011710100079653785,0.00014440700033446774,0.00013449200196191669,10.753169261995936,0.852205682581606,2482164.0,71.0,91.0,True
5,10,5394305277078865540,ECDSA-256,0.0002576319966465235,0.00016523100202903152,0.00016445799701614305,22.409183607996965,0.7893867850684511,2482164.0,71.0,91.0,True
5,10,1920130934870178379,ECDSA-256,0.0001786190041457303,0.0002821380039677024,0.00013962999946670607,22.54828867899778,0.7892407226486328,2482164.0,71.0,91.0,True
5,10,217833597894977447,ECDSA-256,0.00016652399790473282,0.0002285699956701137,0.00015468100173166022,22.690440974998637,0.8275207037362047,2482163.0,72.0,91.0,True
5,10,4098293997753977189,ECDSA-256,0.00012310699821682647,0.00022794800315750763,0.00013772899546893314,22.664279575001274,0.7920878365778694,2482164.0,72.0,91.0,True
5,10,6989731024824252644,ECDSA-256,0.0001174749995698221,0.0001433469951734878,0.00013683599536307156,10.814404169002955,0.798042647469158,2482164.0,71.0,91.0,True
5,11,4098293997753977189,ECDSA-256,0.0002537220061640255,0.0002421809986117296,0.00013649700122186914,21.858910850998654,0.7343084296098532,2482164.0,70.0,91.0,True
5,11,1920130934870178379,ECDSA-256,0.00019121299555990845,0.00021162000484764576,0.00013594600022770464,21.916415662999498,0.735008342292743,2482164.0,71.0,91.0,True
5,11,217833597894977447,ECDSA-256,0.00012040299770887941,0.000190001999726519,0.00013833500270266086,21.968081993996748,0.7636557578469236,2482163.0,71.0,91.0,True
5,11,5394305277078865540,ECDSA-256,0.00011665099737001583,0.0001527700005681254,0.00014410599396796897,22.19466862599802,0.7431374240797549,2482164.0,71.0,91.0,True
5,11,6989731024824252644,ECDSA-256,0.00011970599734922871,0.00014688099327031523,0.0001361459944746457,10.686530482002127,0.7459032979731361,2482164.0,72.0,91.0,True
5,12,217833597894977447,ECDSA-256,0.0001777319994289428,0.00023987799795577303,0.00013612300244858488,22.594721527006186,0.7196498526075777,2482163.0,71.0,91.0,True
5,12,4098293997753977189,ECDSA-256,0.0001175700017483905,0.00041586400038795546,0.00014233199908630922,23.011862791005115,0.6815748364923481,2482164.0,71.0,91.0,True
5,12,1920130934870178379,ECDSA-256,0.00011926500155823305,0.00016120399959618226,0.00013354099792195484,23.127429551001114,0.6971667288496091,2482164.0,71.0,91.0,True
5,12,5394305277078865540,ECDSA-256,0.00017329199908999726,0.00022290199558483437,0.00014083099813433364,23.13632523000706,0.6851227064007006,2482164.0,72.0,91.0,True
5,12,6989731024824252644,ECDSA-256,0.00011721099872374907,0.00014628099597757682,0.0001359839952783659,10.681139000000258,0.68529168942485,2482164.0,70.0,91.0,True
5,13,5394305277078865540,ECDSA-256,0.0001604270000825636,0.00022598099894821644,0.0001418329993612133,22.260184838996793,0.6433045019547399,2482164.0,72.0,91.0,True
5,13,4098293997753977189,ECDSA-256,0.00016666099691065028,0.00046943299821577966,0.00016469499678350985,22.33267617999809,0.6514344958546824,2482164.0,71.0,91.0,True
5,13,217833597894977447,ECDSA-256,0.00019174599583493546,0.00015684800018789247,0.00015223400259856135,22.31723220099957,0.6475376547715915,2482163.0,71.0,91.0,True
5,13,1920130934870178379,ECDSA-256,0.00012500700540840626,0.00015995099965948611,0.00020171899814158678,22.368539973002044,0.6368078663707161,2482164.0,71.0,91.0,True
5,13,6989731024824252644,ECDSA-256,0.00012523600162239745,0.0001315059998887591,0.00020962499547749758,11.13139792199945,0.6356517015078578,2482164.0,71.0,91.0,True
5,14,5394305277078865540,ECDSA-256,0.0001631420018384233,0.0002652850016602315,0.00013567000132752582,22.807266720999905,0.6008025409457401,2482164.0,71.0,91.0,True
5,14,1920130934870178379,ECDSA-256,0.00016567800048505887,0.0001717930063023232,0.00015178800094872713,22.936171335000836,0.5999272317408373,2482164.0,71.0,91.0,True
5,14,217833597894977447,ECDSA-256,9.39780002227053e-05,0.00013568299618782476,0.00013618999946629629,23.05999439200241,0.6209706181582932,2482163.0,71.0,91.0,True
5,14,4098293997753977189,ECDSA-256,0.00012613899889402092,0.00015907499619061127,0.00013685799785889685,23.05783512599737,0.5904451306349934,2482164.0,72.0,91.0,True
5,14,6989731024824252644,ECDSA-256,0.00016323800082318485,0.0001432350036338903,0.00013605500134872273,10.652770524000516,0.5894488137774765,2482164.0,71.0,91.0,True
5,15,1920130934870178379,ECDSA-256,0.00015554600395262241,0.0010021209964179434,0.0001420679982402362,22.129067239002325,0.5499980594165409,2482164.0,71.0,91.0,True
5,15,4098293997753977189,ECDSA-256,0.0001647710014367476,0.00021664000087184832,0.00028338399715721607,22.223794689001807,0.5519522993852155,2482164.0,72.0,91.0,True
5,15,217833597894977447,ECDSA-256,0.00023136300296755508,0.00019879200408468023,0.00014217399439075962,22.32490857600351,0.5853334381081425,2482163.0,70.0,91.0,True
5,15,5394305277078865540,ECDSA-256,0.000115233997348696,0.00014983100118115544,0.00019026899826712906,22.494939411000814,0.5373294472027892,2482164.0,70.0,91.0,True
5,15,6989731024824252644,ECDSA-256,0.00011968299804721028,0.00017342399951303378,0.00016900299669941887,10.908583482996619,0.5541116865917136,2482164.0,71.0,91.0,True
5,16,217833597894977447,ECDSA-256,0.00022589400032302365,0.0002301259955856949,0.0001552499961690046,21.73043606399733,0.5564723114807385,2482163.0,70.0,91.0,True
5,16,5394305277078865540,ECDSA-256,0.00019646599685074762,0.00021192600252106786,0.0001482579973526299,21.780587825996918,0.5326306066823939,2482164.0,70.0,91.0,True
5,16,1920130934870178379,ECDSA-256,0.00014970499614719301,0.00025086000096052885,0.00015839200204936787,21.890866614994593,0.5356771358238241,2482164.0,71.0,91.0,True
5,16,4098293997753977189,ECDSA-256,0.00012739800149574876,0.00026474500191397965,0.0001614010034245439,21.90639471799659,0.5191462113144109,2482164.0,72.0,91.0,True
5,16,6989731024824252644,ECDSA-256,0.0001188789974548854,0.00014445200213231146,0.00015549599629594013,10.762116873003833,0.5183061764786799,2482164.0,70.0,91.0,True
5,17,217833597894977447,ECDSA-256,0.00012009599595330656,0.0002214050036855042,0.00014534300134982914,22.147373154002707,0.5089724352136968,2482163.0,71.0,91.0,True
5,17,1920130934870178379,ECDSA-256,0.00016950800636550412,0.00024080099683487788,0.00015196899767033756,22.248758516005182,0.45388367066915614,2482164.0,72.0,91.0,True
5,17,4098293997753977189,ECDSA-256,0.00016783499449957162,0.0002397479984210804,0.0001497979974374175,22.212238936001086,0.47864736957005416,2482164.0,70.0,91.0,True
5,17,5394305277078865540,ECDSA-256,0.00012280900409677997,0.00015325999993365258,0.00016672299534548074,22.40128008800093,0.4744127545291528,2482164.0,71.0,91.0,True
5,17,6989731024824252644,ECDSA-256,0.00011862099927384406,0.00015994000568753108,0.00014658500003861263,10.636552226002095,0.4843496271905998,2482164.0,71.0,91.0,True
5,18,4098293997753977189,ECDSA-256,0.0001788179943105206,0.0002744060038821772,0.00013822899927617982,21.58412141000008,0.45394461691831817,2482164.0,71.0,91.0,True
5,18,217833597894977447,ECDSA-256,0.00016863999917404726,0.00025141899823211133,0.0001351569953840226,21.727413537002576,0.48400851742575723,2482163.0,71.0,91.0,True
5,18,5394305277078865540,ECDSA-256,0.00015876499674050137,0.00016821699682623148,0.00013365499762585387,21.866585014999146,0.4583139530481241,2482164.0,71.0,91.0,True
5,18,1920130934870178379,ECDSA-256,0.00011895900388481095,0.00016268699982902035,0.00013544299872592092,21.937720668996917,0.4654077213293257,2482164.0,71.0,91.0,True
5,18,6989731024824252644,ECDSA-256,0.00011751599959097803,0.00014209400251274928,0.00017623099847696722,10.810743093003111,0.45084401053456835,2482164.0,72.0,91.0,True
5,19,4098293997753977189,ECDSA-256,0.00015826100570848212,0.0002016100042965263,0.0001972600002773106,22.53291966499819,0.4194276269328908,2482164.0,71.0,91.0,True
5,19,217833597894977447,ECDSA-256,0.00015746599819976836,0.00034055700234603137,0.00013780800509266555,22.733107708998432,0.45862059640332153,2482163.0,70.0,91.0,True
5,19,5394305277078865540,ECDSA-256,0.00016422099724877626,0.00016397299623349681,0.00015123999764909968,22.7593889330019,0.428588703994791,2482164.0,71.0,91.0,True
5,19,1920130934870178379,ECDSA-256,0.0001198800018755719,0.00016149300063261762,0.00015707899729022756,22.898748842002533,0.41635608997422097,2482164.0,72.0,91.0,True
5,19,6989731024824252644,ECDSA-256,0.00011652500688796863,0.00014172500232234597,0.00017957499949261546,10.900905362999765,0.4186932767232576,2482164.0,72.0,91.0,True
5,20,4098293997753977189,ECDSA-256,0.00023443600366590545,0.00027061299624620005,0.0001379000023007393,22.030481424000754,0.39952237328615625,2482164.0,71.0,91.0,True
5,20,5394305277078865540,ECDSA-256,0.00011961500422330573,0.0002233360064565204,0.00013542200031224638,22.324105881001742,0.41165808746561455,2482164.0,71.0,91.0,True
5,20,1920130934870178379,ECDSA-256,0.0001317169953836128,0.0001696559993433766,0.00013627199950860813,22.48355599599745,0.39716716593030255,2482164.0,70.0,91.0,True
5,20,217833597894977447,ECDSA-256,0.00012273799802642316,0.00016308199701597914,0.00013455200678436086,22.553541194996797,0.414343172464127,2482163.0,71.0,91.0,True
5,20,6989731024824252644,ECDSA-256,0.00011859599908348173,0.00018946299678646028,0.00013451099948724732,10.891199246005272,0.4229297614790285,2482164.0,71.0,91.0,True
5,21,217833597894977447,ECDSA-256,0.00029701099992962554,0.0006526229990413412,0.0001359470043098554,21.901222489002976,0.4028260559557726,2482163.0,72.0,91.0,True
5,21,4098293997753977189,ECDSA-256,0.00015914899995550513,0.00027911299548577517,0.00013484599912771955,22.0463662559996,0.3702575997285807,2482164.0,70.0,91.0,True
5,21,1920130934870178379,ECDSA-256,0.00017263599875150248,0.00022520100174006075,0.0001365140051348135,22.279027054006292,0.40741982764769763,2482164.0,71.0,91.0,True
5,21,5394305277078865540,ECDSA-256,0.00011763800284825265,0.00015066599735291675,0.0001360159949399531,22.361641629002406,0.3777074853297525,2482164.0,70.0,91.0,True
5,21,6989731024824252644,ECDSA-256,0.00012158400204498321,0.00014940200344426557,0.0001353839979856275,10.772309508000035,0.3845005815449995,2482164.0,71.0,91.0,True
5,22,4098293997753977189,ECDSA-256,0.00020846500410698354,0.00039290200220420957,0.00013801800378132612,22.071339791000355,0.3623198495981411,2482164.0,71.0,91.0,True
5,22,1920130934870178379,ECDSA-256,0.00018689699936658144,0.00034725699515547603,0.0001362510010949336,22.166194063996954,0.37048829580618503,2482164.0,71.0,91.0,True
5,22,217833597894977447,ECDSA-256,0.0001679090055404231,0.00027930900250794366,0.00013674500223714858,22.440869849000592,0.3762594544278166,2482163.0,72.0,91.0,True
5,22,5394305277078865540,ECDSA-256,0.00016404699999839067,0.00017033499898388982,0.00014933299826225266,22.528726083000947,0.36375743129585214,2482164.0,72.0,91.0,True
5,22,6989731024824252644,ECDSA-256,0.0001166239962913096,0.0001403679998475127,0.00013914099690737203,10.802789661000133,0.35215066171983206,2482164.0,70.0,91.0,True
5,23,5394305277078865540,ECDSA-256,0.00017450599989388138,0.00033915699896169826,0.0001356369975837879,22.055813776998548,0.3359479918873634,2482164.0,71.0,91.0,True
5,23,4098293997753977189,ECDSA-256,0.00011504299618536606,0.00016172000323422253,0.00014137999824015424,22.42740263199812,0.3500406056800232,2482164.0,70.0,91.0,True
5,23,217833597894977447,ECDSA-256,0.00013527299597626552,0.00016163999680429697,0.00013418199523584917,22.533799344993895,0.36970798733730476,2482163.0,70.0,91.0,True
5,23,1920130934870178379,ECDSA-256,0.0002497569948900491,0.0002279740001540631,0.0001357869987259619,22.38241474100505,0.37040082179902556,2482164.0,72.0,91.0,True
5,23,6989731024824252644,ECDSA-256,0.00011689800157910213,0.00014366599498316646,0.0001340100061497651,10.729243300003873,0.33147833351724254,2482164.0,71.0,91.0,True
5,24,4098293997753977189,ECDSA-256,0.0001591359978192486,0.00038487999700009823,0.0001491450020694174,22.978755019001255,0.3245070954939476,2482164.0,72.0,91.0,True
5,24,1920130934870178379,ECDSA-256,0.00012085099297109991,0.0004259019988239743,0.0001353980042040348,22.922144905001915,0.3218750802163308,2482164.0,72.0,91.0,True
5,24,5394305277078865540,ECDSA-256,0.00012376900122035295,0.00016999199579004198,0.000134982998133637,23.140572459000396,0.3295084132229725,2482164.0,71.0,91.0,True
5,24,217833597894977447,ECDSA-256,0.00016110199794638902,0.00016097499610623345,0.00014342299982672557,23.170833775002393,0.33082139052557774,2482163.0,71.0,91.0,True
5,24,6989731024824252644,ECDSA-256,0.00011842900130432099,0.00013756299449596554,0.00013979100185679272,10.773775042005582,0.3201487318794139,2482164.0,71.0,91.0,True
5,25,4098293997753977189,ECDSA-256,0.00016164899716386572,0.00026996800443157554,0.00028056500013917685,21.352255019999575,0.3123666686229051,2482164.0,71.0,91.0,True
5,25,217833597894977447,ECDSA-256,0.00016356800188077614,0.00023236299603013322,0.00014546899910783395,21.755434808001155,0.3126426821146101,2482163.0,72.0,91.0,True
5,25,1920130934870178379,ECDSA-256,0.00011908500164281577,0.00015788499877089635,0.00013661299453815445,21.857133341996814,0.3179736851175991,2482164.0,71.0,91.0,True
5,25,5394305277078865540,ECDSA-256,0.00016548699932172894,0.00025507800455670804,0.00013574800686910748,21.91990647700004,0.3206865821649639,2482164.0,72.0,91.0,True
5,25,6989731024824252644,ECDSA-256,0.00011543100117705762,0.00014158300473354757,0.00015624300431227311,10.836337461994844,0.3169014299996554,2482164.0,71.0,91.0,True
5,26,217833597894977447,ECDSA-256,0.00016478799807373434,0.00019057100143982098,0.00014510600158246234,22.10990137999761,0.2933407974237511,2482163.0,71.0,91.0,True
5,26,1920130934870178379,ECDSA-256,0.00021919500431977212,0.00023060200328473002,0.0001446329988539219,22.257311513996683,0.2981004843149132,2482164.0,71.0,91.0,True
5,26,5394305277078865540,ECDSA-256,0.00011504300346132368,0.00016696200327714905,0.00013975099864182994,22.00381535499764,0.28898252694816967,2482164.0,71.0,91.0,True
5,26,4098293997753977189,ECDSA-256,0.00013196100189816207,0.00015182900096988305,0.00013689099432667717,22.33663440700184,0.2896481095798337,2482164.0,70.0,91.0,True
5,26,6989731024824252644,ECDSA-256,0.0001256949981325306,0.00014665699563920498,0.00014222499885363504,10.818686010003148,0.29633349322895414,2482164.0,70.0,91.0,True
5,27,217833597894977447,ECDSA-256,0.00014968500181566924,0.00032387399551225826,0.00013713900261791423,21.979648105996603,0.2919824623901504,2482163.0,70.0,91.0,True
5,27,4098293997753977189,ECDSA-256,0.00021062100131530315,0.0002575489997980185,0.00013752499944530427,22.153056647002813,0.2805631650320162,2482164.0,72.0,91.0,True
5,27,5394305277078865540,ECDSA-256,0.00020845100516453385,0.00017513900093035772,0.00015550699754385278,22.26484410699777,0.28518460168259235,2482164.0,72.0,91.0,True
5,27,1920130934870178379,ECDSA-256,0.00015357400116045028,0.0001536390045657754,0.00013722600124310702,22.279098386999976,0.2991997836002955,2482164.0,72.0,91.0,True
5,27,6989731024824252644,ECDSA-256,0.00013630499597638845,0.00013135400513419881,0.0001384999995934777,11.152923875997658,0.2967825648300469,2482164.0,71.0,91.0,True
5,28,217833597894977447,ECDSA-256,0.00015275100304279476,0.0002379970028414391,0.00013621200196212158,21.90668919599557,0.2805116820765046,2482163.0,70.0,91.0,True
5,28,1920130934870178379,ECDSA-256,0.0002155719994334504,0.00022065499797463417,0.00013606299762614071,22.080993848998332,0.27882705353120096,2482164.0,72.0,91.0,True
5,28,5394305277078865540,ECDSA-256,0.00014980000560171902,0.00023500600218540058,0.00013551799929700792,22.325571219000267,0.26022802259529026,2482164.0,71.0,91.0,True
5,28,4098293997753977189,ECDSA-256,0.00011738800094462931,0.0001465399982407689,0.00019509000412654132,22.373175812994305,0.26600432874018937,2482164.0,72.0,91.0,True
5,28,6989731024824252644,ECDSA-256,0.00011952700151596218,0.00014984299923526123,0.00016908699763007462,10.684043348999694,0.2521545994244278,2482164.0,71.0,91.0,True
5,29,1920130934870178379,ECDSA-256,0.0002386109990766272,0.00016879000031622127,0.00013607000437332317,22.502271974000905,0.2737996820620776,2482164.0,71.0,91.0,True
5,29,217833597894977447,ECDSA-256,0.00018641500355442986,0.00021325900161173195,0.0001765609995345585,22.59584446399822,0.27267517821756176,2482163.0,72.0,91.0,True
5,29,5394305277078865540,ECDSA-256,0.00016408100054832175,0.000229282995860558,0.00013645899889525026,22.841727498998807,0.2582908197348497,2482164.0,70.0,91.0,True
5,29,4098293997753977189,ECDSA-256,0.00011807899863924831,0.00015258800704032183,0.00013698199472855777,22.925758138000674,0.2785735479347741,2482164.0,71.0,91.0,True
5,29,6989731024824252644,ECDSA-256,0.00011753900616895407,0.00014350099809234962,0.00013507700350601226,11.001772511001036,0.2664407501339365,2482164.0,70.0,91.0,True
5,30,5394305277078865540,ECDSA-256,0.00016059799963841215,0.00017591999494470656,0.00013487099931808189,22.27851317099703,0.25710328816571615,2482164.0,72.0,91.0,True
5,30,217833597894977447,ECDSA-256,0.00016873500135261565,0.0002352210067328997,0.0001378800006932579,22.285174826000002,0.25428038250250273,2482163.0,71.0,91.0,True
5,30,1920130934870178379,ECDSA-256,0.00016131300071720034,0.00016821299504954368,0.00013480900088325143,22.431466258996807,0.2619139167469757,2482164.0,71.0,91.0,True
5,30,4098293997753977189,ECDSA-256,0.00011849099973915145,0.0001533920003566891,0.00013425399811239913,22.53293396999652,0.2476471202044834,2482164.0,70.0,91.0,True
5,30,6989731024824252644,ECDSA-256,0.00012163199426140636,0.00013651199697051197,0.0001349500016658567,11.036881919004372,0.2454352349879,2482164.0,71.0,91.0,True
