run,round,node_id,scheme,keygen_time,sign_time,verify_time,train_time,train_loss,payload_size,sig_size,pubkey_size,verified
1,1,12974615653444393538,ML-DSA-87,0.004945563996443525,0.00027910800054087304,0.00012000800052192062,22.245217435000086,1.904045512120183,2482165.0,4627.0,2592.0,True
1,1,16199118182405565577,ML-DSA-87,0.0010068349984067027,0.0003418439991946798,8.983000225271098e-05,22.14056502600215,1.9673776721802,2482165.0,4627.0,2592.0,True
1,1,281349205165026544,ML-DSA-87,0.001309265997406328,0.0009232709999196231,8.915700163925067e-05,22.116328459000215,1.9886225694284652,2482163.0,4627.0,2592.0,True
1,1,13724911600247817832,ML-DSA-87,0.0011669339983200189,0.00028209299853187986,0.00010651699994923547,22.282482417998835,1.9511833274707246,2482165.0,4627.0,2592.0,True
1,1,2366368832929228777,ML-DSA-87,0.0001836160008679144,0.00017374100207234733,8.697700104676187e-05,10.845541664999473,1.9484291065234345,2482164.0,4627.0,2592.0,True
1,2,12974615653444393538,ML-DSA-87,0.00029140699916752055,0.0004115670017199591,0.00011003799954778515,21.802596804998757,1.7192147238947713,2482165.0,4627.0,2592.0,True
1,2,281349205165026544,ML-DSA-87,0.00030730200160178356,0.00026870400324696675,8.814499960863031e-05,21.950707506999606,1.7063171139921243,2482163.0,4627.0,2592.0,True
1,2,13724911600247817832,ML-DSA-87,0.0002406089988653548,0.00022980900030233897,8.950199844548479e-05,21.958391124000627,1.7346379836908163,2482165.0,4627.0,2592.0,True
1,2,16199118182405565577,ML-DSA-87,0.00018188700050814077,0.00016746199980843812,0.00010288900011801161,21.99599758399927,1.6795598973100558,2482165.0,4627.0,2592.0,True
1,2,2366368832929228777,ML-DSA-87,0.00018457100304658525,0.00019002300177817233,8.634700134280138e-05,10.662632419996953,1.6948604705615546,2482164.0,4627.0,2592.0,True
1,3,13724911600247817832,ML-DSA-87,0.00024890299755497836,0.0001819019998947624,0.00011120700219180435,21.841142913999647,1.5512769629780097,2482165.0,4627.0,2592.0,True
1,3,12974615653444393538,ML-DSA-87,0.00025812199965002947,0.0003352490020915866,8.68440001795534e-05,22.274926021000283,1.5417053238652385,2482165.0,4627.0,2592.0,True
1,3,16199118182405565577,ML-DSA-87,0.00027819899696623906,0.00047514600009890273,8.775700189289637e-05,22.239373862998036,1.5152675473271087,2482165.0,4627.0,2592.0,True
1,3,281349205165026544,ML-DSA-87,0.00024966099954326637,0.0002505449992895592,0.00012078500003553927,22.398948245998326,1.5249798345489625,2482163.0,4627.0,2592.0,True
1,3,2366368832929228777,ML-DSA-87,0.00024644900258863345,0.00030978600261732936,0.00010422599734738469,10.7343658030004,1.5237660838392215,2482164.0,4627.0,2592.0,True
1,4,12974615653444393538,ML-DSA-87,0.0002882510016206652,0.00020359100017230958,0.0001022809992718976,21.789475421002862,1.4134315467490175,2482165.0,4627.0,2592.0,True
1,4,281349205165026544,ML-DSA-87,0.0002285530026711058,0.00028632899920921773,8.628499926999211e-05,21.781148594000115,1.3914624045070367,2482163.0,4627.0,2592.0,True
1,4,13724911600247817832,ML-DSA-87,0.00034576799953356385,0.00040504999924451113,8.665700079291128e-05,21.7743064890019,1.4173758936385377,2482165.0,4627.0,2592.0,True
1,4,16199118182405565577,ML-DSA-87,0.00043068299783044495,0.00018442500004312024,8.629200237919576e-05,21.680416273000446,1.37677642864922,2482165.0,4627.0,2592.0,True
1,4,2366368832929228777,ML-DSA-87,0.00018481000006431714,0.0004493810010899324,8.636599886813201e-05,10.76876185600122,1.3808253500789118,2482164.0,4627.0,2592.0,True
1,5,281349205165026544,ML-DSA-87,0.0004687769978772849,0.0006231990009837318,0.0001024330013024155,21.567645561000973,1.2806520305883389,2482163.0,4627.0,2592.0,True
1,5,13724911600247817832,ML-DSA-87,0.00029063699912512675,0.0003105209980276413,0.00010516700058360584,21.85204504700232,1.3049886639887534,2482165.0,4627.0,2592.0,True
1,5,12974615653444393538,ML-DSA-87,0.00019854099809890613,0.00018150699906982481,0.0001492609990236815,21.79231902600077,1.2907152008324767,2482165.0,4627.0,2592.0,True
1,5,16199118182405565577,ML-DSA-87,0.00020073799896636046,0.00027676000172505155,8.686199726071209e-05,21.97253201300191,1.2431166101568423,2482165.0,4627.0,2592.0,True
1,5,2366368832929228777,ML-DSA-87,0.0002694630020414479,0.00017386100080329925,8.766999962972477e-05,10.937398676000157,1.2621919855523034,2482164.0,4627.0,2592.0,True
1,6,13724911600247817832,ML-DSA-87,0.00029645799804711714,0.0003247759996156674,0.00011541600179043598,22.122121623000567,1.207940802216149,2482165.0,4627.0,2592.0,True
1,6,281349205165026544,ML-DSA-87,0.00017946599837159738,0.0005012460023863241,9.100799798034132e-05,22.223860122998303,1.1668246085651386,2482163.0,4627.0,2592.0,True
1,6,12974615653444393538,ML-DSA-87,0.0002603089997137431,0.0003105370014964137,0.00026562200218904763,22.563253884000005,1.1781958497751255,2482165.0,4627.0,2592.0,True
1,6,16199118182405565577,ML-DSA-87,0.0003158130020892713,0.0002588989991636481,8.611999874119647e-05,22.926243752001028,1.1464968919754028,2482165.0,4627.0,2592.0,True
1,6,2366368832929228777,ML-DSA-87,0.0002485509976395406,0.00025531500068609603,9.66340012382716e-05,10.764417534999666,1.1791620604908124,2482164.0,4627.0,2592.0,True
1,7,16199118182405565577,ML-DSA-87,0.0003768419992411509,0.000603289001446683,0.0001205930020660162,21.445977666000545,1.070072693565783,2482165.0,4627.0,2592.0,True
1,7,12974615653444393538,ML-DSA-87,0.0003370790000190027,0.0004838860004383605,8.614399848738685e-05,21.52408793900031,1.085145071101265,2482165.0,4627.0,2592.0,True
1,7,281349205165026544,ML-DSA-87,0.0002951300011773128,0.00036726699909195304,8.674499986227602e-05,21.526221714000712,1.074344473429762,2482163.0,4627.0,2592.0,True
1,7,13724911600247817832,ML-DSA-87,0.00018691100194700994,0.00017056900105671957,0.00010738600030890666,21.613047801001812,1.116091262227811,2482165.0,4627.0,2592.0,True
1,7,2366368832929228777,ML-DSA-87,0.0001840779987105634,0.0003674489998957142,9.626999963074923e-05,10.76867315400159,1.086390946810238,2482164.0,4627.0,2592.0,True
1,8,281349205165026544,ML-DSA-87,0.000349912003002828,0.00038176399903022684,0.0001022910000756383,21.962622180002654,1.0102757787742553,2482163.0,4627.0,2592.0,True
1,8,13724911600247817832,ML-DSA-87,0.00019354699907125905,0.0003650640028354246,8.708200039109215e-05,22.22619865699744,1.0360028454290031,2482165.0,4627.0,2592.0,True
1,8,12974615653444393538,ML-DSA-87,0.00032749700039858,0.00035312299951328896,8.596399857196957e-05,22.21248868800103,1.0050423150054943,2482165.0,4627.0,2592.0,True
1,8,16199118182405565577,ML-DSA-87,0.00018350199752603658,0.00019075500313192606,8.734999937587418e-05,22.43575257900011,0.9785589107309287,2482165.0,4627.0,2592.0,True
1,8,2366368832929228777,ML-DSA-87,0.00018092599930241704,0.00022235000142245553,0.00010162199760088697,10.623161908999464,0.9994223946199631,2482164.0,4627.0,2592.0,True
1,9,12974615653444393538,ML-DSA-87,0.00033246800012420863,0.0003463520006334875,0.00010345900227548555,21.729643190999923,0.9378648803066522,2482165.0,4627.0,2592.0,True
1,9,16199118182405565577,ML-DSA-87,0.0002932069983216934,0.00047166799777187407,8.724199869902804e-05,21.96031319800022,0.9259438298571224,2482165.0,4627.0,2592.0,True
1,9,281349205165026544,ML-DSA-87,0.0002760819988907315,0.0003300600001239218,8.643599721835926e-05,21.912395534000098,0.9183406753661915,2482163.0,4627.0,2592.0,True
1,9,13724911600247817832,ML-DSA-87,0.0002477039997756947,0.0002940660015156027,8.630199954495765e-05,22.123284740999225,0.9633300398675778,2482165.0,4627.0,2592.0,True
1,9,2366368832929228777,ML-DSA-87,0.0001773570002114866,0.00016289300037897192,9.074899935512803e-05,10.827143933001935,0.9231492259060613,2482164.0,4627.0,2592.0,True
1,10,16199118182405565577,ML-DSA-87,0.0003384670017112512,0.0003116469997621607,0.00010966499758069403,21.39242101000127,0.8711356024582165,2482165.0,4627.0,2592.0,True
1,10,281349205165026544,ML-DSA-87,0.00027639300242299214,0.0006875230028526857,0.00014439900041907094,21.646798174999276,0.8596296672242137,2482163.0,4627.0,2592.0,True
1,10,12974615653444393538,ML-DSA-87,0.000334092001139652,0.00030656400122097693,8.704699939698912e-05,21.68293781399916,0.8802928626537323,2482165.0,4627.0,2592.0,True
1,10,13724911600247817832,ML-DSA-87,0.00018257899864693172,0.0002589680007076822,8.696000077179633e-05,21.894304854999064,0.8953861040048325,2482165.0,4627.0,2592.0,True
1,10,2366368832929228777,ML-DSA-87,0.00018078200082527474,0.00020100300025660545,9.563800267642364e-05,10.629321860000346,0.8732852852001739,2482164.0,4627.0,2592.0,True
1,11,16199118182405565577,ML-DSA-87,0.00036960900251870044,0.00029599999834317714,0.00010224000288872048,21.76777334200233,0.8054473412493928,2482165.0,4627.0,2592.0,True
1,11,12974615653444393538,ML-DSA-87,0.0004410699984873645,0.0002518940018489957,8.648199946037494e-05,21.909322516003158,0.8098081411264194,2482165.0,4627.0,2592.0,True
1,11,13724911600247817832,ML-DSA-87,0.00018202899809693918,0.0007494349993066862,0.00010145700071007013,21.902933692999795,0.8292696392193389,2482165.0,4627.0,2592.0,True
1,11,281349205165026544,ML-DSA-87,0.00028300400299485773,0.000383167000109097,8.658400111016817e-05,22.048623169001075,0.8034196578846953,2482163.0,4627.0,2592.0,True
1,11,2366368832929228777,ML-DSA-87,0.00017980000120587647,0.0001613809981790837,0.0001126790011767298,10.79049833099998,0.8080283514798259,2482164.0,4627.0,2592.0,True
1,12,13724911600247817832,ML-DSA-87,0.0003719790001923684,0.0005376129993237555,0.00010445400039316155,21.718517835997773,0.7773528856972155,2482165.0,4627.0,2592.0,True
1,12,281349205165026544,ML-DSA-87,0.00040065799839794636,0.0005641589996230323,8.856700151227415e-05,21.6605978890002,0.7602860482927328,2482163.0,4627.0,2592.0,True
1,12,12974615653444393538,ML-DSA-87,0.0002535700004955288,0.0005013049994886387,9.172399950330146e-05,21.77689118899798,0.7563442335532496,2482165.0,4627.0,2592.0,True
1,12,16199118182405565577,ML-DSA-87,0.00024245799795608036,0.00023001399677013978,0.00011663999976008199,21.863452935998794,0.7631277281064957,2482165.0,4627.0,2592.0,True
1,12,2366368832929228777,ML-DSA-87,0.00018012200234807096,0.00019306000103824772,8.568899647798389e-05,10.657700636002119,0.7366391631741874,2482164.0,4627.0,2592.0,True
1,13,12974615653444393538,ML-DSA-87,0.0004158430019742809,0.0003917260000889655,0.00019931099814129993,22.478645372000756,0.7087478864307221,2482165.0,4627.0,2592.0,True
1,13,13724911600247817832,ML-DSA-87,0.00025735199960763566,0.00028670200117630884,9.907999992719851e-05,22.63513081199926,0.7121277593861753,2482165.0,4627.0,2592.0,True
1,13,281349205165026544,ML-DSA-87,0.00026200799766229466,0.00018285099940840155,8.655300189275295e-05,22.720937918002164,0.7007963857806909,2482163.0,4627.0,2592.0,True
1,13,16199118182405565577,ML-DSA-87,0.00019941400023526512,0.0002533309998398181,0.00012724800035357475,22.799508821000927,0.719233324423956,2482165.0,4627.0,2592.0,True
1,13,2366368832929228777,ML-DSA-87,0.00018730800002231263,0.00016432000120403245,0.00010208699677605182,10.702997317002882,0.692509019479584,2482164.0,4627.0,2592.0,True
1,14,281349205165026544,ML-DSA-87,0.00039281900171772577,0.0004163920020801015,0.00011137700130348094,21.358986811999785,0.6552163771927928,2482163.0,4627.0,2592.0,True
1,14,13724911600247817832,ML-DSA-87,0.0003547989981598221,0.0004039779996674042,8.70200019562617e-05,21.543763566998678,0.6434859636302193,2482165.0,4627.0,2592.0,True
1,14,16199118182405565577,ML-DSA-87,0.0003297829971415922,0.00035289200241095386,9.108700032811612e-05,21.769794088999333,0.6437519372652133,2482165.0,4627.0,2592.0,True
1,14,12974615653444393538,ML-DSA-87,0.0002746600002865307,0.0003792810020968318,9.7953001386486e-05,21.851663533001556,0.6687046491776031,2482165.0,4627.0,2592.0,True
1,14,2366368832929228777,ML-DSA-87,0.00018219399862573482,0.00021442599972942844,8.73829994816333e-05,10.61264695600039,0.6485727974258292,2482164.0,4627.0,2592.0,True
1,15,13724911600247817832,ML-DSA-87,0.00036019599792780355,0.0007263100014824886,0.00010430399925098754,21.895614400997147,0.6123155650382225,2482165.0,4627.0,2592.0,True
1,15,281349205165026544,ML-DSA-87,0.00032021800143411383,0.00018445699970470741,0.0001500529979239218,22.185543757997948,0.6226675424355859,2482163.0,4627.0,2592.0,True
1,15,12974615653444393538,ML-DSA-87,0.0003860379983962048,0.00042336700062151067,8.626199996797368e-05,22.178505787000176,0.6242730104789947,2482165.0,4627.0,2592.0,True
1,15,16199118182405565577,ML-DSA-87,0.00019423000048846006,0.00034667799991439097,8.675600111018866e-05,22.261756750998757,0.5994402609360866,2482165.0,4627.0,2592.0,True
1,15,2366368832929228777,ML-DSA-87,0.00018319599985261448,0.00026839800193556584,0.00010761500016087666,10.841989411001123,0.607329172591051,2482164.0,4627.0,2592.0,True
1,16,16199118182405565577,ML-DSA-87,0.0003227500019420404,0.00020830999710597098,0.00010179299715673551,21.512739144996885,0.5506597469908933,2482165.0,4627.0,2592.0,True
1,16,12974615653444393538,ML-DSA-87,0.00030511599834426306,0.0004373199990368448,8.604600225226022e-05,21.727076703999046,0.5680656865858041,2482165.0,4627.0,2592.0,True
1,16,13724911600247817832,ML-DSA-87,0.00017745599689078517,0.0002579549982328899,0.00012295399938011542,21.790876201001083,0.576606104772288,2482165.0,4627.0,2592.0,True
1,16,281349205165026544,ML-DSA-87,0.00020429999858606607,0.00022282400095718913,8.562400034861639e-05,21.82056527199893,0.5716143485051565,2482163.0,4627.0,2592.0,True
1,16,2366368832929228777,ML-DSA-87,0.0002446229991619475,0.000294059998850571,8.596300176577643e-05,10.758757364001212,0.5766750800961884,2482164.0,4627.0,2592.0,True
1,17,12974615653444393538,ML-DSA-87,0.0003196239995304495,0.00032139399991137907,0.00010552499952609651,21.591872600001807,0.5285145896739853,2482165.0,4627.0,2592.0,True
1,17,281349205165026544,ML-DSA-87,0.0002770259998214897,0.0004855229999520816,0.00016333199891960248,21.804425670001365,0.5272263517073644,2482163.0,4627.0,2592.0,True
1,17,13724911600247817832,ML-DSA-87,0.00028244900022400543,0.0002730609994614497,0.0001627609999559354,21.989608758998656,0.5303451191907683,2482165.0,4627.0,2592.0,True
1,17,16199118182405565577,ML-DSA-87,0.00024412299899267964,0.00033955799881368876,0.00016358399807359092,22.085137217996817,0.5260494058005536,2482165.0,4627.0,2592.0,True
1,17,2366368832929228777,ML-DSA-87,0.00018102000103681348,0.00020576600218191743,8.586499825469218e-05,10.719681876998948,0.5427816267997122,2482164.0,4627.0,2592.0,True
1,18,12974615653444393538,ML-DSA-87,0.00023118999888538383,0.00018129499949282035,0.00010193699927185662,21.98074885800088,0.517011278782028,2482165.0,4627.0,2592.0,True
1,18,281349205165026544,ML-DSA-87,0.0003555009971023537,0.0005223570005910005,0.00012287999925320037,22.066822217999288,0.4967867456638394,2482163.0,4627.0,2592.0,True
1,18,13724911600247817832,ML-DSA-87,0.0002596039994386956,0.00018036899928119965,8.690299728186801e-05,22.231509647997882,0.5124695640973771,2482165.0,4627.0,2592.0,True
1,18,16199118182405565577,ML-DSA-87,0.00023182400036603212,0.00022461700064013712,0.00011517500024638139,22.432618984999863,0.4883379412892337,2482165.0,4627.0,2592.0,True
1,18,2366368832929228777,ML-DSA-87,0.00024484899768140167,0.00034714999856078066,0.00012646400136873126,10.753284405000159,0.5045749173282434,2482164.0,4627.0,2592.0,True
1,19,12974615653444393538,ML-DSA-87,0.00039769399882061407,0.0007165179995354265,0.00010293499872204848,21.52095010999983,0.4795488641975215,2482165.0,4627.0,2592.0,True
1,19,16199118182405565577,ML-DSA-87,0.00042717399992397986,0.00103751799906604,8.779099880484864e-05,21.712950978999288,0.4779667139838869,2482165.0,4627.0,2592.0,True
1,19,281349205165026544,ML-DSA-87,0.00019024900029762648,0.00027040599889005534,8.613699901616201e-05,21.94198582000172,0.47270893574820255,2482163.0,4627.0,2592.0,True
1,19,13724911600247817832,ML-DSA-87,0.00020182199659757316,0.00038198099719011225,8.640300075057894e-05,22.09305800900256,0.4688088315339705,2482165.0,4627.0,2592.0,True
1,19,2366368832929228777,ML-DSA-87,0.0001822359990910627,0.00023323699861066416,8.618100036983378e-05,10.63155201599875,0.4621198431978496,2482164.0,4627.0,2592.0,True
1,20,12974615653444393538,ML-DSA-87,0.00046096100049908273,0.0004112490023544524,0.00010352599929319695,21.949698448999698,0.454363159061716,2482165.0,4627.0,2592.0,True
1,20,281349205165026544,ML-DSA-87,0.0003668969984573778,0.0003638790003606118,0.00010712699804571457,22.267816757997934,0.4271319723441102,2482163.0,4627.0,2592.0,True
1,20,13724911600247817832,ML-DSA-87,0.00028780699722119607,0.0003519950005284045,8.81810010469053e-05,22.619302376999258,0.4612231650672401,2482165.0,4627.0,2592.0,True
1,20,16199118182405565577,ML-DSA-87,0.0002409209992038086,0.0004438820033101365,8.671599789522588e-05,22.62571934800144,0.44228483150347164,2482165.0,4627.0,2592.0,True
1,20,2366368832929228777,ML-DSA-87,0.0001830280016292818,0.000204487001610687,0.00011791900033131242,10.767755762000888,0.4613396779964336,2482164.0,4627.0,2592.0,True
1,21,13724911600247817832,ML-DSA-87,0.0004499320020840969,0.0003655069995147642,0.00010308100172551349,21.903082167998946,0.4294416570423034,2482165.0,4627.0,2592.0,True
1,21,16199118182405565577,ML-DSA-87,0.00044598800013773143,0.00046090699834167026,8.62259985296987e-05,22.169139509998786,0.41783346322040776,2482165.0,4627.0,2592.0,True
1,21,12974615653444393538,ML-DSA-87,0.00019126299957861193,0.00020403999951668084,0.0001253649970749393,22.191746104999766,0.40074685715234126,2482165.0,4627.0,2592.0,True
1,21,281349205165026544,ML-DSA-87,0.0001831840017985087,0.0001659520021348726,8.740499833947979e-05,22.371137307000026,0.4136417627501221,2482163.0,4627.0,2592.0,True
1,21,2366368832929228777,ML-DSA-87,0.00017876600031740963,0.00026078200244228356,8.572500155423768e-05,10.624716154998168,0.4242591164030206,2482164.0,4627.0,2592.0,True
1,22,16199118182405565577,ML-DSA-87,0.00027914100064663216,0.00023046500064083375,0.00010407100126030855,22.106034676999116,0.37046203411484774,2482165.0,4627.0,2592.0,True
1,22,281349205165026544,ML-DSA-87,0.0002976649993797764,0.00020287499864934944,8.696500299265608e-05,22.18914620799842,0.3930530893161131,2482163.0,4627.0,2592.0,True
1,22,13724911600247817832,ML-DSA-87,0.00037666600110242143,0.00035498900251695886,8.71539996296633e-05,22.530309103000036,0.39990842890458556,2482165.0,4627.0,2592.0,True
1,22,12974615653444393538,ML-DSA-87,0.00018737299978965893,0.00018563100093160756,0.00010509399726288393,22.643660178000573,0.3968486173863942,2482165.0,4627.0,2592.0,True
1,22,2366368832929228777,ML-DSA-87,0.00024058899725787342,0.00035327500154380687,8.705999789526686e-05,10.84134032500151,0.41008482194437196,2482164.0,4627.0,2592.0,True
1,23,281349205165026544,ML-DSA-87,0.00029942000037408434,0.0009482659988861997,0.0001542149984743446,21.741689801001485,0.388535261811754,2482163.0,4627.0,2592.0,True
1,23,12974615653444393538,ML-DSA-87,0.00045309000051929615,0.0007619269999850076,9.030000001075678e-05,21.749107232000824,0.3721797815300881,2482165.0,4627.0,2592.0,True
1,23,16199118182405565577,ML-DSA-87,0.0005350989995349664,0.0005201210005907342,0.0001074739993782714,21.733900721999817,0.3647883728164406,2482165.0,4627.0,2592.0,True
1,23,13724911600247817832,ML-DSA-87,0.00024658300026203506,0.00021239399939076975,9.890200090012513e-05,21.92701791700165,0.3970008031241953,2482165.0,4627.0,2592.0,True
1,23,2366368832929228777,ML-DSA-87,0.00018360700050834566,0.00028688900056295097,0.00013756500266026706,10.979956516999664,0.36996486778266896,2482164.0,4627.0,2592.0,True
1,24,281349205165026544,ML-DSA-87,0.00048131999938050285,0.00037712799894507043,0.00010967599882860668,21.492099492003035,0.3639771953707162,2482163.0,4627.0,2592.0,True
1,24,12974615653444393538,ML-DSA-87,0.00018147099763154984,0.0001896760004456155,8.689099922776222e-05,21.534679016000155,0.3521295575359568,2482165.0,4627.0,2592.0,True
1,24,16199118182405565577,ML-DSA-87,0.00030317499840748496,0.0004970990012225229,8.582400187151507e-05,21.55894660800186,0.3484380238870986,2482165.0,4627.0,2592.0,True
1,24,13724911600247817832,ML-DSA-87,0.00018654400264495052,0.00025766799808479846,8.892400001059286e-05,21.76891523300219,0.36957445884117496,2482165.0,4627.0,2592.0,True
1,24,2366368832929228777,ML-DSA-87,0.0002495810003892984,0.000235261999478098,0.00011831499796244316,10.734561336998013,0.3565994725687602,2482164.0,4627.0,2592.0,True
1,25,281349205165026544,ML-DSA-87,0.00035369599936529994,0.0002980370009026956,0.00010305999967386015,22.16477303300053,0.36266842421394185,2482163.0,4627.0,2592.0,True
1,25,12974615653444393538,ML-DSA-87,0.00019134600006509572,0.00021035199824837036,0.00010704400119720958,22.528310717996646,0.34407763995718177,2482165.0,4627.0,2592.0,True
1,25,16199118182405565577,ML-DSA-87,0.00018956400163006037,0.00019654700008686632,8.65440015331842e-05,22.730540432999987,0.33502692320404914,2482165.0,4627.0,2592.0,True
1,25,13724911600247817832,ML-DSA-87,0.00018258999989484437,0.00018784799976856448,0.00010633700003381819,22.840985369002738,0.3400536803305506,2482165.0,4627.0,2592.0,True
1,25,2366368832929228777,ML-DSA-87,0.00017901300088851713,0.00023304899877985008,8.717799937585369e-05,10.561697236000327,0.3579539425251559,2482164.0,4627.0,2592.0,True
1,26,16199118182405565577,ML-DSA-87,0.00045184000191511586,0.0005974659979983699,0.00010108900096383877,21.83552647399847,0.34135742561397747,2482165.0,4627.0,2592.0,True
1,26,281349205165026544,ML-DSA-87,0.00028674699933617376,0.00036609599919756874,8.581300062360242e-05,21.91678433299967,0.32657180313830275,2482163.0,4627.0,2592.0,True
1,26,13724911600247817832,ML-DSA-87,0.0002449329986120574,0.0004068119997100439,0.00010041399946203455,22.20671198800119,0.33346704835185226,2482165.0,4627.0,2592.0,True
1,26,12974615653444393538,ML-DSA-87,0.0001812800001061987,0.00016289799896185286,8.817400157568045e-05,22.270322331001807,0.322481030400414,2482165.0,4627.0,2592.0,True
1,26,2366368832929228777,ML-DSA-87,0.00018960600209538825,0.00015325600179494359,8.574700041208416e-05,10.710942100002285,0.34571104843062334,2482164.0,4627.0,2592.0,True
1,27,12974615653444393538,ML-DSA-87,0.00027612399935605936,0.000434908000897849,0.00017311799820163287,22.317185456002335,0.3206712793121442,2482165.0,4627.0,2592.0,True
1,27,281349205165026544,ML-DSA-87,0.0001827890009735711,0.00021517600180231966,8.701100159669295e-05,22.517578832001163,0.31592777424221175,2482163.0,4627.0,2592.0,True
1,27,13724911600247817832,ML-DSA-87,0.0003023469980689697,0.00029077300132485107,8.70910007506609e-05,22.557152486999257,0.32763812979147694,2482165.0,4627.0,2592.0,True
1,27,16199118182405565577,ML-DSA-87,0.0001882700016722083,0.00025141299920505844,0.00010891700003412552,22.873787744996662,0.3151926097144691,2482165.0,4627.0,2592.0,True
1,27,2366368832929228777,ML-DSA-87,0.0001789820016711019,0.00018380099936621264,8.640200030640699e-05,10.697340024998994,0.3219922769594545,2482164.0,4627.0,2592.0,True
1,28,12974615653444393538,ML-DSA-87,0.0003092050028499216,0.00044734399853041396,0.00010877000022446737,21.710536187998514,0.29717260319442035,2482165.0,4627.0,2592.0,True
1,28,16199118182405565577,ML-DSA-87,0.00036452799758990295,0.0004984920014976524,0.0001318930007982999,21.885922662000667,0.2957561615878305,2482165.0,4627.0,2592.0,True
1,28,281349205165026544,ML-DSA-87,0.0003509739981382154,0.0003523859995766543,8.685300053912215e-05,21.82973495799888,0.2822258602299641,2482163.0,4627.0,2592.0,True
1,28,13724911600247817832,ML-DSA-87,0.00018583599739940837,0.00018355200154474005,9.814800068852492e-05,22.007617955998285,0.2980337301194787,2482165.0,4627.0,2592.0,True
1,28,2366368832929228777,ML-DSA-87,0.00019887899907189421,0.0001588320010341704,0.00010772099994937889,10.98142059499878,0.281157637803485,2482164.0,4627.0,2592.0,True
1,29,16199118182405565577,ML-DSA-87,0.0002413829970464576,0.0002522650029277429,0.00010173500049859285,21.86694973900012,0.2750089433767235,2482165.0,4627.0,2592.0,True
1,29,13724911600247817832,ML-DSA-87,0.0003034529981960077,0.00022537299810210243,8.611099838162772e-05,21.872443697000563,0.3114704601793958,2482165.0,4627.0,2592.0,True
1,29,281349205165026544,ML-DSA-87,0.00043051299871876836,0.00048596399938105606,8.532599895261228e-05,21.893012148000707,0.31762815150952994,2482163.0,4627.0,2592.0,True
1,29,12974615653444393538,ML-DSA-87,0.0002696880001167301,0.0005243939995125402,8.526300007360987e-05,21.857324979999248,0.2755252320822269,2482165.0,4627.0,2592.0,True
1,29,2366368832929228777,ML-DSA-87,0.000180965998879401,0.00018717100101639517,8.601700028521009e-05,10.760973710999679,0.28792983057578436,2482164.0,4627.0,2592.0,True
1,30,281349205165026544,ML-DSA-87,0.000322272000630619,0.00025274000290664844,0.00011054900096496567,22.08312693100015,0.29060488769385856,2482163.0,4627.0,2592.0,True
1,30,16199118182405565577,ML-DSA-87,0.0002746800018940121,0.0003423490015848074,0.00010254900189465843,22.242457830001513,0.27507054983316875,2482165.0,4627.0,2592.0,True
1,30,12974615653444393538,ML-DSA-87,0.0002977390031446703,0.0002373829993302934,9.978999878512695e-05,22.274262869002996,0.2664828847977705,2482165.0,4627.0,2592.0,True
1,30,13724911600247817832,ML-DSA-87,0.000196406999748433,0.00017088700042222627,8.625500049674883e-05,22.370557375998033,0.2753810466567691,2482165.0,4627.0,2592.0,True
1,30,2366368832929228777,ML-DSA-87,0.00018075199841405265,0.00016279400006169453,0.0001287890008825343,10.902528933998838,0.2836775538844827,2482164.0,4627.0,2592.0,True
2,1,12910238948753621338,ML-DSA-87,0.001474594999308465,0.0013328380009625107,0.00012078500003553927,22.325279474000126,1.8957124068714177,2482165.0,4627.0,2592.0,True
2,1,12274889762588765046,ML-DSA-87,0.001218813002196839,0.0007726969997747801,8.967400208348408e-05,22.803375545001472,1.927435672702119,2482165.0,4627.0,2592.0,True
2,1,4678325748862473295,ML-DSA-87,0.0015030879985715728,0.00045267899986356497,8.771400098339655e-05,22.905797426999925,1.9312768279553982,2482164.0,4627.0,2592.0,True
2,1,14626956868006546994,ML-DSA-87,0.0009921339988068212,0.0003821440004685428,0.00010549899889156222,23.118484618000366,1.9179305573241017,2482165.0,4627.0,2592.0,True
2,1,8798968796564142197,ML-DSA-87,0.00018252500012749806,0.0003147179995721672,9.061400123755448e-05,10.76384250800038,1.935224592114409,2482164.0,4627.0,2592.0,True
2,2,12910238948753621338,ML-DSA-87,0.00023072800104273483,0.0004983100006938912,0.00011154900130350143,21.757486730999517,1.6486457365389449,2482165.0,4627.0,2592.0,True
2,2,4678325748862473295,ML-DSA-87,0.00026388599872007035,0.00018784699932439253,0.00012931400124216452,21.81233502900068,1.6872424732762785,2482164.0,4627.0,2592.0,True
2,2,12274889762588765046,ML-DSA-87,0.00034285400033695623,0.0003908079997927416,8.922000051825307e-05,21.928462457999558,1.667174264645805,2482165.0,4627.0,2592.0,True
2,2,14626956868006546994,ML-DSA-87,0.000185883000085596,0.00018762999752652831,0.00011014100164175034,21.93010922999747,1.7260045822436056,2482165.0,4627.0,2592.0,True
2,2,8798968796564142197,ML-DSA-87,0.00024622199998702854,0.00018520599769544788,8.811500083538704e-05,10.775424970997847,1.6931133407373398,2482164.0,4627.0,2592.0,True
2,3,14626956868006546994,ML-DSA-87,0.0002666450018296018,0.00035571199987316504,0.00010647999806678854,21.92261994599903,1.5336787108415233,2482165.0,4627.0,2592.0,True
2,3,12910238948753621338,ML-DSA-87,0.0003918570000678301,0.0005972939979983494,8.659699960844591e-05,22.07428682599857,1.489774290365152,2482165.0,4627.0,2592.0,True
2,3,4678325748862473295,ML-DSA-87,0.0004728169988084119,0.0004365800014056731,8.986799730337225e-05,22.028962004002096,1.5194270260417804,2482164.0,4627.0,2592.0,True
2,3,12274889762588765046,ML-DSA-87,0.0002009250019909814,0.00016882400086615235,8.745000013732351e-05,22.117653789999167,1.4643443621004733,2482165.0,4627.0,2592.0,True
2,3,8798968796564142197,ML-DSA-87,0.00024480799766024575,0.00046837899935781024,0.00011031199755962007,10.865413742001692,1.5169459448073999,2482164.0,4627.0,2592.0,True
2,4,14626956868006546994,ML-DSA-87,0.00036193800042383373,0.0005715949992008973,0.00010720100181060843,22.3310268560017,1.3923495617537454,2482165.0,4627.0,2592.0,True
2,4,12274889762588765046,ML-DSA-87,0.00023313599740504287,0.00022890699983690865,8.63899986143224e-05,22.472153996997804,1.3413382435378176,2482165.0,4627.0,2592.0,True
2,4,12910238948753621338,ML-DSA-87,0.0002875739992305171,0.00043003500104532577,8.660599996801466e-05,22.38557607199982,1.3587750493527981,2482165.0,4627.0,2592.0,True
2,4,4678325748862473295,ML-DSA-87,0.0002538110020395834,0.0003031659980479162,8.99439983186312e-05,22.552914394000254,1.3669056732433673,2482164.0,4627.0,2592.0,True
2,4,8798968796564142197,ML-DSA-87,0.00018512299720896408,0.00022849100059829652,8.893700214684941e-05,10.910518321001291,1.3569915675507567,2482164.0,4627.0,2592.0,True
2,5,14626956868006546994,ML-DSA-87,0.00018272499801241793,0.000534921000507893,0.00011195000115549192,21.664968150002096,1.2810181920139934,2482165.0,4627.0,2592.0,True
2,5,4678325748862473295,ML-DSA-87,0.0004233539984852541,0.0004512960003921762,0.00010260400085826404,21.846876098003122,1.2652168734766804,2482164.0,4627.0,2592.0,True
2,5,12274889762588765046,ML-DSA-87,0.00024958799986052327,0.0002661219987203367,8.730300032766536e-05,22.00581334800154,1.2090619596810386,2482165.0,4627.0,2592.0,True
2,5,12910238948753621338,ML-DSA-87,0.00018486299813957885,0.00020901300013065338,9.293899711337872e-05,22.036047274999873,1.2420555555020658,2482165.0,4627.0,2592.0,True
2,5,8798968796564142197,ML-DSA-87,0.00018574099885881878,0.00016332300219801255,8.508199971402064e-05,10.679708683997887,1.2539402960588375,2482164.0,4627.0,2592.0,True
2,6,12274889762588765046,ML-DSA-87,0.00025527500110911205,0.00031559899798594415,0.00010550400111242197,22.550476837001042,1.1198401742469009,2482165.0,4627.0,2592.0,True
2,6,4678325748862473295,ML-DSA-87,0.0003322709999338258,0.00041389200123376213,0.00014942600319045596,22.80182981100006,1.1479538808615444,2482164.0,4627.0,2592.0,True
2,6,12910238948753621338,ML-DSA-87,0.00038626600144198164,0.0009488559990131762,0.00010580700109130703,22.843604583998967,1.1552256924656634,2482165.0,4627.0,2592.0,True
2,6,14626956868006546994,ML-DSA-87,0.00024528200083295815,0.0003315719986858312,8.701700062374584e-05,22.925121506999858,1.1702934530215523,2482165.0,4627.0,2592.0,True
2,6,8798968796564142197,ML-DSA-87,0.00017642400052864105,0.00031755600139149465,8.710999827599153e-05,10.854363671998726,1.153276168881133,2482164.0,4627.0,2592.0,True
2,7,4678325748862473295,ML-DSA-87,0.0002794440006255172,0.0004093989991815761,0.00010976300109177828,21.822699151998677,1.0635171340296443,2482164.0,4627.0,2592.0,True
2,7,12910238948753621338,ML-DSA-87,0.0005252100017969497,0.00029378600083873607,9.502399916527793e-05,21.859099940000306,1.066954848198845,2482165.0,4627.0,2592.0,True
2,7,12274889762588765046,ML-DSA-87,0.00022981700021773577,0.00030982200041762553,0.00011730999904102646,21.933644435001042,1.0327935110265836,2482165.0,4627.0,2592.0,True
2,7,14626956868006546994,ML-DSA-87,0.0001944780015037395,0.00029985799847054295,0.00010468099935678765,22.009678177997557,1.087337027532986,2482165.0,4627.0,2592.0,True
2,7,8798968796564142197,ML-DSA-87,0.00019602500105975196,0.00018689100033952855,8.749799962970428e-05,10.90542455999821,1.066222603519123,2482164.0,4627.0,2592.0,True
2,8,4678325748862473295,ML-DSA-87,0.000291003001620993,0.0003309339990664739,0.00011459099914645776,22.113212617998215,0.9894874461542684,2482164.0,4627.0,2592.0,True
2,8,12910238948753621338,ML-DSA-87,0.0003336570007377304,0.0005288479987939354,8.91700001375284e-05,22.144333785003255,0.9868688178709901,2482165.0,4627.0,2592.0,True
2,8,14626956868006546994,ML-DSA-87,0.00016928400145843625,0.0003241849990445189,9.169499753625132e-05,22.13901373399858,1.009271915918722,2482165.0,4627.0,2592.0,True
2,8,12274889762588765046,ML-DSA-87,0.00018210100097348914,0.00021897300030104816,0.0001232230024470482,22.329349917999934,0.9604688354384023,2482165.0,4627.0,2592.0,True
2,8,8798968796564142197,ML-DSA-87,0.0001788280023902189,0.00015720800001872703,0.0001103469985537231,10.864407059001678,0.997833990822204,2482164.0,4627.0,2592.0,True
2,9,12910238948753621338,ML-DSA-87,0.00041317099748994224,0.0005298750002111774,0.00010622800255077891,21.39792646299975,0.9234247732276734,2482165.0,4627.0,2592.0,True
2,9,4678325748862473295,ML-DSA-87,0.00028025899882777594,0.0002769519996945746,8.672300100442953e-05,21.551893058000132,0.9120279918082606,2482164.0,4627.0,2592.0,True
2,9,12274889762588765046,ML-DSA-87,0.00040682699909666553,0.0003689520017360337,8.872299804352224e-05,21.57688501099983,0.8987970495947634,2482165.0,4627.0,2592.0,True
2,9,14626956868006546994,ML-DSA-87,0.0002609490002214443,0.00046635100079583935,9.353099812869914e-05,21.579962399999204,0.9398128872100537,2482165.0,4627.0,2592.0,True
2,9,8798968796564142197,ML-DSA-87,0.00020419800057425164,0.00015924800027278252,9.532799958833493e-05,10.790592413999548,0.9271907857812631,2482164.0,4627.0,2592.0,True
2,10,12910238948753621338,ML-DSA-87,0.0002703669997572433,0.00038198500260477886,0.00010267099787597544,21.90585945500061,0.8427431881427765,2482165.0,4627.0,2592.0,True
2,10,4678325748862473295,ML-DSA-87,0.00019885599976987578,0.0005416070016508456,0.00010255600136588328,21.93651169199802,0.8486484445322054,2482164.0,4627.0,2592.0,True
2,10,14626956868006546994,ML-DSA-87,0.00024265400134027004,0.00021134800044819713,8.595899998908862e-05,21.914724417998514,0.8859370715511493,2482165.0,4627.0,2592.0,True
2,10,12274889762588765046,ML-DSA-87,0.0002186860001529567,0.0002529439989302773,0.00010666000162018463,22.095305336999445,0.8300521966938774,2482165.0,4627.0,2592.0,True
2,10,8798968796564142197,ML-DSA-87,0.0002445249992888421,0.0003738790001079906,8.626199996797368e-05,10.773552560000098,0.8570851718846221,2482164.0,4627.0,2592.0,True
2,11,4678325748862473295,ML-DSA-87,0.0004495760003919713,0.0002489610014890786,0.00013730999853578396,22.27425302299889,0.7911123425815814,2482164.0,4627.0,2592.0,True
2,11,14626956868006546994,ML-DSA-87,0.0004431490015122108,0.000724351000826573,9.061500168172643e-05,22.414075380002032,0.830228506185757,2482165.0,4627.0,2592.0,True
2,11,12910238948753621338,ML-DSA-87,0.0002616930032672826,0.0005657429974235129,0.00010599300003377721,22.61625799900139,0.7862251146723287,2482165.0,4627.0,2592.0,True
2,11,12274889762588765046,ML-DSA-87,0.00018460399951436557,0.00019852300101774745,9.646699982113205e-05,22.794034324997483,0.7802312353167671,2482165.0,4627.0,2592.0,True
2,11,8798968796564142197,ML-DSA-87,0.0001771950010152068,0.0001715300022624433,8.759000047575682e-05,10.828280169000209,0.7893348880850088,2482164.0,4627.0,2592.0,True
2,12,14626956868006546994,ML-DSA-87,0.00037182799860602245,0.0004949690010107588,0.00010237899914500304,21.919506263002404,0.7618885969106381,2482165.0,4627.0,2592.0,True
2,12,12910238948753621338,ML-DSA-87,0.00018072700186166912,0.0006735779970767908,8.73139979375992e-05,22.051358434000576,0.726350584469093,2482165.0,4627.0,2592.0,True
2,12,12274889762588765046,ML-DSA-87,0.0002579989995865617,0.0004973169998265803,8.53790006658528e-05,22.100269013997604,0.7270295470000837,2482165.0,4627.0,2592.0,True
2,12,4678325748862473295,ML-DSA-87,0.0002501090020814445,0.0003744020032172557,0.0001038209993566852,22.146760308998637,0.7509946794555591,2482164.0,4627.0,2592.0,True
2,12,8798968796564142197,ML-DSA-87,0.0002061240011244081,0.0001610489998711273,8.87970018084161e-05,10.699303787001554,0.74032918132913,2482164.0,4627.0,2592.0,True
2,13,4678325748862473295,ML-DSA-87,0.0003162950015394017,0.0002763310003501829,0.0001263939993805252,22.22458679400006,0.6887653179157275,2482164.0,4627.0,2592.0,True
2,13,12274889762588765046,ML-DSA-87,0.00046908200238249265,0.0004450739979802165,9.130400212598033e-05,22.48246035899865,0.6789655116990733,2482165.0,4627.0,2592.0,True
2,13,14626956868006546994,ML-DSA-87,0.00019100400095339864,0.00025536199973430485,9.348599996883422e-05,22.69729115299924,0.7270725663430013,2482165.0,4627.0,2592.0,True
2,13,12910238948753621338,ML-DSA-87,0.00019395400158828124,0.00028585900145117193,9.096400026464835e-05,22.719369106998784,0.6807752887423808,2482165.0,4627.0,2592.0,True
2,13,8798968796564142197,ML-DSA-87,0.00018580899995868094,0.00023945499924593605,0.00010333299724152312,10.870286442001088,0.6851861703986177,2482164.0,4627.0,2592.0,True
2,14,12910238948753621338,ML-DSA-87,0.00023952599804033525,0.00032724500124459155,0.00010191800174652599,21.659729310998955,0.6399146420315812,2482165.0,4627.0,2592.0,True
2,14,4678325748862473295,ML-DSA-87,0.0003791109993471764,0.00018135900245397352,8.915400030673482e-05,21.81670739800029,0.6674929764419318,2482164.0,4627.0,2592.0,True
2,14,12274889762588765046,ML-DSA-87,0.0003433270030654967,0.00023495299683418125,8.709800022188574e-05,21.84134253600132,0.6249314597525155,2482165.0,4627.0,2592.0,True
2,14,14626956868006546994,ML-DSA-87,0.00019164799959980883,0.0004331760028435383,8.614200123702176e-05,21.956403025000327,0.6740353777766609,2482165.0,4627.0,2592.0,True
2,14,8798968796564142197,ML-DSA-87,0.00024108200159389526,0.00027396999939810485,0.00011377099872333929,11.065808617000584,0.6382169330748506,2482164.0,4627.0,2592.0,True
2,15,12274889762588765046,ML-DSA-87,0.0002629170012369286,0.0005791590010630898,0.00010277900219080038,21.551868234997528,0.5814508527945786,2482165.0,4627.0,2592.0,True
2,15,4678325748862473295,ML-DSA-87,0.00019381500169401988,0.00022011500186636113,0.00016096900071715936,21.99242345499806,0.6187790910514018,2482164.0,4627.0,2592.0,True
2,15,14626956868006546994,ML-DSA-87,0.0004352200012363028,0.00023407399930874817,9.125499855144881e-05,21.93287336999856,0.6099296494033009,2482165.0,4627.0,2592.0,True
2,15,12910238948753621338,ML-DSA-87,0.00017792699873098172,0.0004902809996565338,8.898899977793917e-05,22.07808990400008,0.6006561116383861,2482165.0,4627.0,2592.0,True
2,15,8798968796564142197,ML-DSA-87,0.00018111400277120993,0.0002603630018711556,8.906999937607907e-05,10.588799237000785,0.6123636527754628,2482164.0,4627.0,2592.0,True
2,16,12274889762588765046,ML-DSA-87,0.0005096970016893465,0.0004736720002256334,0.00010174699855269864,22.131224053999176,0.5621018087902008,2482165.0,4627.0,2592.0,True
2,16,12910238948753621338,ML-DSA-87,0.0004821209986403119,0.0005957339999440592,8.831300146994181e-05,22.39420147200144,0.564095459426173,2482165.0,4627.0,2592.0,True
2,16,14626956868006546994,ML-DSA-87,0.00018054700194625184,0.000521728001331212,0.00010264999946230091,22.435718625001755,0.5924357317935545,2482165.0,4627.0,2592.0,True
2,16,4678325748862473295,ML-DSA-87,0.0004295780017855577,0.0002807709970511496,8.849899677443318e-05,22.460371129000123,0.5733021689108766,2482164.0,4627.0,2592.0,True
2,16,8798968796564142197,ML-DSA-87,0.00017736800145939924,0.00042534000021987595,0.00010846900113392621,10.749984908001352,0.5688354119944116,2482164.0,4627.0,2592.0,True
2,17,4678325748862473295,ML-DSA-87,0.000256539999099914,0.000336836001224583,0.00011839399667223915,21.63748696699986,0.548888477112967,2482164.0,4627.0,2592.0,True
2,17,14626956868006546994,ML-DSA-87,0.0001943059978657402,0.00019015699945157394,9.05070010048803e-05,21.748469510999712,0.5627396282391807,2482165.0,4627.0,2592.0,True
2,17,12274889762588765046,ML-DSA-87,0.0003520499994920101,0.0004990490015188698,8.913900092011318e-05,21.71121283100001,0.5183142317941014,2482165.0,4627.0,2592.0,True
2,17,12910238948753621338,ML-DSA-87,0.00025441600155318156,0.00023823999799787998,0.00011234799967496656,21.703024648999417,0.5220577090312117,2482165.0,4627.0,2592.0,True
2,17,8798968796564142197,ML-DSA-87,0.00019582099776016548,0.00027558099827729166,9.374300134368241e-05,10.679145320002135,0.5290801176390709,2482164.0,4627.0,2592.0,True
2,18,12274889762588765046,ML-DSA-87,0.0005815650001750328,0.00027489800049806945,0.00015907399938441813,22.25564621200101,0.47402720948377736,2482165.0,4627.0,2592.0,True
2,18,12910238948753621338,ML-DSA-87,0.00040087500019581057,0.00035644599847728387,9.139500252786092e-05,22.607546930001263,0.499806489837103,2482165.0,4627.0,2592.0,True
2,18,14626956868006546994,ML-DSA-87,0.00032570500115980394,0.00023244800104293972,8.905899812816642e-05,22.691593024999747,0.5182660296083258,2482165.0,4627.0,2592.0,True
2,18,4678325748862473295,ML-DSA-87,0.00034252600016770884,0.0002659600031620357,9.151499762083404e-05,22.83669925600043,0.5224334283853872,2482164.0,4627.0,2592.0,True
2,18,8798968796564142197,ML-DSA-87,0.00018031999934464693,0.00016057200264185667,0.00011036299838451669,10.723043740999856,0.5082528752783617,2482164.0,4627.0,2592.0,True
2,19,4678325748862473295,ML-DSA-87,0.0003594549998524599,0.00042782400123542175,0.00010395999925094657,21.215747702000954,0.4836237449258471,2482164.0,4627.0,2592.0,True
2,19,12274889762588765046,ML-DSA-87,0.0003508529989630915,0.0005063700009486638,9.056299677467905e-05,21.54168169100012,0.4639656043019348,2482165.0,4627.0,2592.0,True
2,19,12910238948753621338,ML-DSA-87,0.0003694949991768226,0.000746694000554271,8.874500053934753e-05,21.551944300998002,0.4689614594476625,2482165.0,4627.0,2592.0,True
2,19,14626956868006546994,ML-DSA-87,0.00017926200234796852,0.00019277499814052135,9.440800204174593e-05,21.616384939003183,0.4620463880606162,2482165.0,4627.0,2592.0,True
2,19,8798968796564142197,ML-DSA-87,0.00018190899936598726,0.00015830399934202433,8.972800060291775e-05,10.714400638997176,0.4780070854785343,2482164.0,4627.0,2592.0,True
2,20,12910238948753621338,ML-DSA-87,0.0005159209977136925,0.0006318619998637587,0.00010045499948319048,22.22570772999825,0.4290905014668315,2482165.0,4627.0,2592.0,True
2,20,12274889762588765046,ML-DSA-87,0.00018828500105882995,0.0002925530025095213,0.00010142699829884805,22.658669525000732,0.4465849157839347,2482165.0,4627.0,2592.0,True
2,20,14626956868006546994,ML-DSA-87,0.00029065699709462933,0.00033075600003940053,8.759599950280972e-05,22.598258942998655,0.45295054123948175,2482165.0,4627.0,2592.0,True
2,20,4678325748862473295,ML-DSA-87,0.00019636100114439614,0.00016629600213491358,0.00010222600030829199,22.770346260000224,0.46368616665847384,2482164.0,4627.0,2592.0,True
2,20,8798968796564142197,ML-DSA-87,0.00018196000019088387,0.00029157300014048815,8.790999709162861e-05,10.623579973998858,0.43810569236096675,2482164.0,4627.0,2592.0,True
2,21,12910238948753621338,ML-DSA-87,0.0003143089998047799,0.0002049690010608174,0.00010332300007576123,21.88085012100055,0.42400719574726997,2482165.0,4627.0,2592.0,True
2,21,14626956868006546994,ML-DSA-87,0.0003948189987568185,0.00043394900058046915,8.663200060254894e-05,22.17959572300242,0.42935057495313045,2482165.0,4627.0,2592.0,True
2,21,4678325748862473295,ML-DSA-87,0.00025083799846470356,0.00029865400210837834,0.00010196199946221896,22.285738931001106,0.4208765455994743,2482164.0,4627.0,2592.0,True
2,21,12274889762588765046,ML-DSA-87,0.0001833380010793917,0.00018792199989547953,0.0001311069972871337,22.30261795700062,0.41430185482905696,2482165.0,4627.0,2592.0,True
2,21,8798968796564142197,ML-DSA-87,0.00024357800066354685,0.00020793600197066553,9.648400009609759e-05,10.928925362000882,0.42397341927805077,2482164.0,4627.0,2592.0,True
2,22,12910238948753621338,ML-DSA-87,0.0002836480016412679,0.0006591149976884481,0.00011120500130346045,21.575635917997715,0.4102302249759055,2482165.0,4627.0,2592.0,True
2,22,12274889762588765046,ML-DSA-87,0.00037100299960002303,0.00026472699755686335,9.05699998838827e-05,21.767108937998273,0.3985252826929854,2482165.0,4627.0,2592.0,True
2,22,4678325748862473295,ML-DSA-87,0.0001892930013127625,0.00018906100012827665,8.812299711280502e-05,21.99357474900171,0.4010582299123462,2482164.0,4627.0,2592.0,True
2,22,14626956868006546994,ML-DSA-87,0.0002470880026521627,0.0004336809979577083,0.00011161299698869698,22.20712299400111,0.40127830205562587,2482165.0,4627.0,2592.0,True
2,22,8798968796564142197,ML-DSA-87,0.00018067699784296565,0.00020159099949523807,8.72329983394593e-05,10.62658248200023,0.3843563291044852,2482164.0,4627.0,2592.0,True
2,23,14626956868006546994,ML-DSA-87,0.00033275399982812814,0.00022366699704434723,0.00013983299868414178,22.655499107997457,0.3902352677045253,2482165.0,4627.0,2592.0,True
2,23,4678325748862473295,ML-DSA-87,0.0003238460012653377,0.0007864050021453295,8.58590028656181e-05,22.732446494002943,0.3879310322729067,2482164.0,4627.0,2592.0,True
2,23,12910238948753621338,ML-DSA-87,0.0003721959983522538,0.0009479049986111932,8.71580014063511e-05,22.77285729399955,0.367422858863093,2482165.0,4627.0,2592.0,True
2,23,12274889762588765046,ML-DSA-87,0.00018546800129115582,0.0002313959994353354,8.695799988345243e-05,23.10764815499715,0.3880343389736054,2482165.0,4627.0,2592.0,True
2,23,8798968796564142197,ML-DSA-87,0.0002617410027596634,0.0004691459980676882,0.00010816999929375015,10.995832052998594,0.37963782871267,2482164.0,4627.0,2592.0,True
2,24,12910238948753621338,ML-DSA-87,0.0007604159982292913,0.00022791999799665064,0.00010643700079526752,22.244781499000965,0.36517109122936625,2482165.0,4627.0,2592.0,True
2,24,12274889762588765046,ML-DSA-87,0.0004316520025895443,0.00018959399676532485,8.827999772620387e-05,22.287145034002606,0.34901948763093293,2482165.0,4627.0,2592.0,True
2,24,4678325748862473295,ML-DSA-87,0.0004225830016366672,0.0007235910015879199,9.017800039146096e-05,22.356384016999073,0.3626867276393234,2482164.0,4627.0,2592.0,True
2,24,14626956868006546994,ML-DSA-87,0.0003474099976301659,0.00026292199981980957,8.875699859345332e-05,22.39496156700261,0.3754051147213283,2482165.0,4627.0,2592.0,True
2,24,8798968796564142197,ML-DSA-87,0.000184855998668354,0.00015045799955260009,8.928899842430837e-05,11.060478960000182,0.35252198374595123,2482164.0,4627.0,2592.0,True
2,25,12274889762588765046,ML-DSA-87,0.0002331709983991459,0.00019133400201098993,0.00010252399806631729,22.578722603000642,0.34568722379474215,2482165.0,4627.0,2592.0,True
2,25,12910238948753621338,ML-DSA-87,0.00027079899882664904,0.00018134000129066408,0.00010424400170450099,22.715550172000803,0.340848952641907,2482165.0,4627.0,2592.0,True
2,25,14626956868006546994,ML-DSA-87,0.00031722000130685046,0.0011041469988413155,8.590400102548301e-05,22.638574622000306,0.3471980076759292,2482165.0,4627.0,2592.0,True
2,25,4678325748862473295,ML-DSA-87,0.00017931500042323023,0.00025814200125751086,8.617999992566183e-05,22.764556423000613,0.3463380877107096,2482164.0,4627.0,2592.0,True
2,25,8798968796564142197,ML-DSA-87,0.00018073500177706592,0.0002912419986387249,8.634899859316647e-05,10.788837681000587,0.3570405559528012,2482164.0,4627.0,2592.0,True
2,26,12910238948753621338,ML-DSA-87,0.0005508370013558306,0.0005576740004471503,0.0001233120019605849,21.531321957001637,0.3290862160461089,2482165.0,4627.0,2592.0,True
2,26,12274889762588765046,ML-DSA-87,0.00042326499897171743,0.0003107289994659368,8.63089990161825e-05,21.76354081199679,0.32873817652868575,2482165.0,4627.0,2592.0,True
2,26,14626956868006546994,ML-DSA-87,0.00029845999961253256,0.00048774500100989826,0.0001282720004383009,21.946007678998285,0.35157782321694653,2482165.0,4627.0,2592.0,True
2,26,4678325748862473295,ML-DSA-87,0.00018590999752632342,0.0002088090004690457,9.301599857280962e-05,22.082503292000183,0.3304790809762459,2482164.0,4627.0,2592.0,True
2,26,8798968796564142197,ML-DSA-87,0.0001875039997685235,0.00038671999936923385,9.235299876309e-05,11.036140412998066,0.3391983419937192,2482164.0,4627.0,2592.0,True
2,27,4678325748862473295,ML-DSA-87,0.00023945700013427995,0.0006373789983626921,0.00010838899834197946,21.916943503998482,0.33380119032568684,2482164.0,4627.0,2592.0,True
2,27,12910238948753621338,ML-DSA-87,0.00026356599846621975,0.0003041500021936372,9.597400276106782e-05,22.036202400999173,0.3001655756046597,2482165.0,4627.0,2592.0,True
2,27,14626956868006546994,ML-DSA-87,0.0004422790007083677,0.00032663900128682144,0.00011216400162084028,21.97049992399843,0.3320891948196644,2482165.0,4627.0,2592.0,True
2,27,12274889762588765046,ML-DSA-87,0.0002799620015139226,0.0007341930031543598,0.00014101199849392287,21.939953212000546,0.3160985211050287,2482165.0,4627.0,2592.0,True
2,27,8798968796564142197,ML-DSA-87,0.00018504699983168393,0.00018180799816036597,0.00011355500100762583,10.850736224001594,0.32073364359216566,2482164.0,4627.0,2592.0,True
2,28,4678325748862473295,ML-DSA-87,0.0003700300003401935,0.00045465800212696195,0.00013474500156007707,21.66906053999992,0.3126931573515728,2482164.0,4627.0,2592.0,True
2,28,12274889762588765046,ML-DSA-87,0.00024420800036750734,0.00018180999904870987,8.820799848763272e-05,22.119221116998233,0.2948416902731283,2482165.0,4627.0,2592.0,True
2,28,12910238948753621338,ML-DSA-87,0.0003086099968641065,0.0006449309985328,9.636899994802661e-05,22.240222224998433,0.30688338684209715,2482165.0,4627.0,2592.0,True
2,28,14626956868006546994,ML-DSA-87,0.0003328909988340456,0.0005597669987764675,8.920600157580338e-05,22.369963063003524,0.2919936403334617,2482165.0,4627.0,2592.0,True
2,28,8798968796564142197,ML-DSA-87,0.00017729699902702123,0.0003041660020244308,0.00010880199988605455,10.660609435999504,0.30146603420608864,2482164.0,4627.0,2592.0,True
2,29,12274889762588765046,ML-DSA-87,0.00031442800172953866,0.0004577309991873335,0.00010902699796133675,21.474817928999983,0.28417135130304594,2482165.0,4627.0,2592.0,True
2,29,14626956868006546994,ML-DSA-87,0.00039841100078774616,0.000396965002437355,8.895399878383614e-05,21.540246636999655,0.3177216174705817,2482165.0,4627.0,2592.0,True
2,29,4678325748862473295,ML-DSA-87,0.000403299000026891,0.000301413001579931,9.292700269725174e-05,21.846562390001054,0.3275892967209458,2482164.0,4627.0,2592.0,True
2,29,12910238948753621338,ML-DSA-87,0.00017821499932324514,0.00025204700068570673,9.90899970929604e-05,21.832342901998345,0.2926609934182665,2482165.0,4627.0,2592.0,True
2,29,8798968796564142197,ML-DSA-87,0.00018388899843557738,0.00024411299818893895,8.880099994712509e-05,10.925812063000194,0.27538248840957497,2482164.0,4627.0,2592.0,True
2,30,4678325748862473295,ML-DSA-87,0.0004437120005604811,0.000606304998655105,0.00011192500096512958,22.222591988000204,0.2914216781262689,2482164.0,4627.0,2592.0,True
2,30,14626956868006546994,ML-DSA-87,0.00024369599850615487,0.0004990609995729756,0.00010539700087974779,22.634850929000095,0.28835977959378173,2482165.0,4627.0,2592.0,True
2,30,12274889762588765046,ML-DSA-87,0.0002041750012722332,0.0003112300000793766,9.357199814985506e-05,22.783732449002855,0.27491366819511304,2482165.0,4627.0,2592.0,True
2,30,12910238948753621338,ML-DSA-87,0.0002030180003202986,0.0006308049996732734,8.77880011103116e-05,22.753182487998856,0.28587567506688305,2482165.0,4627.0,2592.0,True
2,30,8798968796564142197,ML-DSA-87,0.0001819220015022438,0.00015949500084389,8.779900235822424e-05,10.827664993001235,0.27004176188266266,2482164.0,4627.0,2592.0,True
3,1,9795802890192417123,ML-DSA-87,0.001496636999945622,0.0007061100004648324,0.00012663799861911684,22.836928471999272,1.9072056167041913,2482164.0,4627.0,2592.0,True
3,1,10390306073010531016,ML-DSA-87,0.0016086770010588225,0.0006709939989377744,9.030399814946577e-05,23.07533617199806,1.8297399968004073,2482165.0,4627.0,2592.0,True
3,1,13734053441669369315,ML-DSA-87,0.0016542519988433924,0.0008955839984992053,8.8649001554586e-05,22.920110137001757,1.893700940159563,2482165.0,4627.0,2592.0,True
3,1,1902598556577533113,ML-DSA-87,0.0009703139985504095,0.00028711399863823317,0.00010628699965309352,22.87382173900187,1.8400353859788694,2482164.0,4627.0,2592.0,True
3,1,15414303510245148435,ML-DSA-87,0.00019118700220133178,0.00016009999671950936,8.994000017992221e-05,10.789178999999422,1.8553738472179864,2482165.0,4627.0,2592.0,True
3,2,13734053441669369315,ML-DSA-87,0.0003138610009045806,0.0013742049995926209,0.00013808999938191846,21.79275514800247,1.6366145340398477,2482165.0,4627.0,2592.0,True
3,2,1902598556577533113,ML-DSA-87,0.0003137200001219753,0.0002648049994604662,8.77090024005156e-05,21.926063974999124,1.5990226630585642,2482164.0,4627.0,2592.0,True
3,2,10390306073010531016,ML-DSA-87,0.00028107999969506636,0.0005347699989215471,9.056900307768956e-05,22.03479726200021,1.5802443528327699,2482165.0,4627.0,2592.0,True
3,2,9795802890192417123,ML-DSA-87,0.00018607599849929102,0.00019420800163061358,0.00011068999810959212,22.25322889800009,1.6347038742071522,2482164.0,4627.0,2592.0,True
3,2,15414303510245148435,ML-DSA-87,0.00018297700080438517,0.0001505879990872927,8.63839995872695e-05,10.999299446000805,1.6288970468905026,2482165.0,4627.0,2592.0,True
3,3,1902598556577533113,ML-DSA-87,0.0004041149986733217,0.000330431001202669,0.00010224400102742948,22.1698820849997,1.4130494068986692,2482164.0,4627.0,2592.0,True
3,3,9795802890192417123,ML-DSA-87,0.00034635300107765943,0.00037608500133501366,8.927500311983749e-05,22.307796301000053,1.4405727281738012,2482164.0,4627.0,2592.0,True
3,3,10390306073010531016,ML-DSA-87,0.0003486419991531875,0.0005885489990760107,9.457099804421887e-05,22.28469409600075,1.3882054852220578,2482165.0,4627.0,2592.0,True
3,3,13734053441669369315,ML-DSA-87,0.0001846550003392622,0.00021173300046939403,8.734199946047738e-05,22.378529978999723,1.4361689281158936,2482165.0,4627.0,2592.0,True
3,3,15414303510245148435,ML-DSA-87,0.00018246599938720465,0.0002009999989240896,0.00010174499766435474,10.921585545002017,1.427567989300615,2482165.0,4627.0,2592.0,True
3,4,1902598556577533113,ML-DSA-87,0.00031077299718162976,0.0004794790002051741,0.00013634399874717928,22.63324265600022,1.2738941578438487,2482164.0,4627.0,2592.0,True
3,4,10390306073010531016,ML-DSA-87,0.00026531399998930283,0.0005217090001679026,0.00011150900172651745,22.911319445000117,1.242878031997254,2482165.0,4627.0,2592.0,True
3,4,9795802890192417123,ML-DSA-87,0.00038734000190743245,0.0004665689993998967,0.00011125499804620631,22.84558379200098,1.3102243653120704,2482164.0,4627.0,2592.0,True
3,4,13734053441669369315,ML-DSA-87,0.0002547879994381219,0.0003036359994439408,8.605499897385016e-05,22.892940255998838,1.302191712604925,2482165.0,4627.0,2592.0,True
3,4,15414303510245148435,ML-DSA-87,0.00024161300098057836,0.00027392300034989603,8.716099910088815e-05,10.8132094399989,1.2791922008648466,2482165.0,4627.0,2592.0,True
3,5,9795802890192417123,ML-DSA-87,0.00031880599999567494,0.0002229269994131755,0.00010870400001294911,21.749639759000274,1.1875828436007514,2482164.0,4627.0,2592.0,True
3,5,10390306073010531016,ML-DSA-87,0.00018428699695505202,0.00020790200142073445,0.00010933300291071646,22.061038286999974,1.1511042199957484,2482165.0,4627.0,2592.0,True
3,5,1902598556577533113,ML-DSA-87,0.00040337699829251505,0.0006049580006219912,8.658400111016817e-05,22.016143230001035,1.1670656503199008,2482164.0,4627.0,2592.0,True
3,5,13734053441669369315,ML-DSA-87,0.00029438700221362524,0.0002873410012398381,8.670100214658305e-05,22.09484489499664,1.1849982258610832,2482165.0,4627.0,2592.0,True
3,5,15414303510245148435,ML-DSA-87,0.00024870400011423044,0.0004912009972031228,9.554699863656424e-05,10.719473297001969,1.1647374273869937,2482165.0,4627.0,2592.0,True
3,6,9795802890192417123,ML-DSA-87,0.000530882000020938,0.0003828029985015746,0.00011256000288994983,22.892288723000092,1.0909978937798035,2482164.0,4627.0,2592.0,True
3,6,10390306073010531016,ML-DSA-87,0.0003860830001940485,0.0002933190007752273,8.801600051810965e-05,22.9730270939981,1.0416848535735768,2482165.0,4627.0,2592.0,True
3,6,1902598556577533113,ML-DSA-87,0.00019561799854272977,0.00026066000282298774,0.00010331600060453638,23.049050232999434,1.0717140775138196,2482164.0,4627.0,2592.0,True
3,6,13734053441669369315,ML-DSA-87,0.00022523799998452887,0.00017612199735594913,8.676600191392936e-05,23.132139544999518,1.0901281247123742,2482165.0,4627.0,2592.0,True
3,6,15414303510245148435,ML-DSA-87,0.0002413850015727803,0.0003759020000870805,8.827100100461394e-05,10.863855515999603,1.0671798802031496,2482165.0,4627.0,2592.0,True
3,7,10390306073010531016,ML-DSA-87,0.00027595799838309176,0.0003551640002115164,0.00010348600335419178,22.122206058997108,0.9797510681822658,2482165.0,4627.0,2592.0,True
3,7,13734053441669369315,ML-DSA-87,0.00043375099994591437,0.0006006270014040638,8.586900003137998e-05,22.265037873003166,1.0173878551672062,2482165.0,4627.0,2592.0,True
3,7,9795802890192417123,ML-DSA-87,0.00030611900001531467,0.00028834299882873893,9.134100037044846e-05,22.318008184000064,1.0186868260462825,2482164.0,4627.0,2592.0,True
3,7,1902598556577533113,ML-DSA-87,0.00018087600255967118,0.00020495600256253965,0.00014527099847327918,22.474715301999822,0.9907145100279738,2482164.0,4627.0,2592.0,True
3,7,15414303510245148435,ML-DSA-87,0.0002461619988025632,0.00020551099805743434,8.56850019772537e-05,10.798172249000345,0.9768306862431974,2482165.0,4627.0,2592.0,True
3,8,9795802890192417123,ML-DSA-87,0.00032014300086302683,0.0006019729989930056,0.00011250700117670931,22.11588102300084,0.962934179903981,2482164.0,4627.0,2592.0,True
3,8,13734053441669369315,ML-DSA-87,0.00029072400138829835,0.00043046599967055954,8.65460024215281e-05,22.102887343000475,0.9496145442651864,2482165.0,4627.0,2592.0,True
3,8,10390306073010531016,ML-DSA-87,0.0001932440027303528,0.00019143000099575147,8.663299740874209e-05,22.226412310999876,0.9051121541867241,2482165.0,4627.0,2592.0,True
3,8,1902598556577533113,ML-DSA-87,0.0001990429991565179,0.00019498899928294122,8.688199886819348e-05,22.348303606002446,0.9188852475854916,2482164.0,4627.0,2592.0,True
3,8,15414303510245148435,ML-DSA-87,0.0002393180002400186,0.00027054800011683255,0.00012996899749850854,10.839608262998809,0.9172147773325253,2482165.0,4627.0,2592.0,True
3,9,9795802890192417123,ML-DSA-87,0.000394872000470059,0.00045040700206300244,0.00010467500032973476,22.388793465001072,0.8934397444176597,2482164.0,4627.0,2592.0,True
3,9,10390306073010531016,ML-DSA-87,0.00018152000120608136,0.00034950800181832165,0.00010955100151477382,22.765719168997748,0.8444012751023229,2482165.0,4627.0,2592.0,True
3,9,13734053441669369315,ML-DSA-87,0.00021103000108269043,0.00031740199847263284,8.652899850858375e-05,22.83838914399894,0.8682614351613834,2482165.0,4627.0,2592.0,True
3,9,1902598556577533113,ML-DSA-87,0.00017947500236914493,0.0001627530000405386,8.827700003166683e-05,22.907842506003362,0.8659923363227052,2482164.0,4627.0,2592.0,True
3,9,15414303510245148435,ML-DSA-87,0.00024036600007093512,0.0003373120016476605,9.013900125864893e-05,10.826919369003008,0.8615420780623683,2482165.0,4627.0,2592.0,True
3,10,13734053441669369315,ML-DSA-87,0.0001848009997047484,0.00030556300043826923,0.00011039500168408267,21.84462056600023,0.8234873577809563,2482165.0,4627.0,2592.0,True
3,10,10390306073010531016,ML-DSA-87,0.00039083299998310395,0.00045714999941992573,0.00011766999887186103,21.852967738999723,0.781493211230531,2482165.0,4627.0,2592.0,True
3,10,9795802890192417123,ML-DSA-87,0.000437809998402372,0.0005050220024713781,9.178099935525097e-05,21.893724657998973,0.835163874748035,2482164.0,4627.0,2592.0,True
3,10,1902598556577533113,ML-DSA-87,0.0001811399997677654,0.00024575399947934784,9.280099766328931e-05,22.033076766001614,0.8002976012496522,2482164.0,4627.0,2592.0,True
3,10,15414303510245148435,ML-DSA-87,0.0002030079995165579,0.00019192399849998765,9.326699728262611e-05,11.126977086001716,0.7978518355292634,2482165.0,4627.0,2592.0,True
3,11,13734053441669369315,ML-DSA-87,0.0003011089975188952,0.0005234640011622105,0.00010535600085859187,22.253410982000787,0.7734310894061963,2482165.0,4627.0,2592.0,True
3,11,1902598556577533113,ML-DSA-87,0.00022811800226918422,0.0003883889985445421,8.645500201964751e-05,22.326816929002234,0.7410486814693902,2482164.0,4627.0,2592.0,True
3,11,10390306073010531016,ML-DSA-87,0.00020479000158957206,0.0002452750013617333,0.00010381999891251326,22.433301502001996,0.7230697777419807,2482165.0,4627.0,2592.0,True
3,11,9795802890192417123,ML-DSA-87,0.0004172279986960348,0.0005054969988123048,8.907300070859492e-05,22.453700556001422,0.7499066435110074,2482164.0,4627.0,2592.0,True
3,11,15414303510245148435,ML-DSA-87,0.0002454089990351349,0.0002833639991877135,8.613400132162496e-05,10.734646247998171,0.7343392436401531,2482165.0,4627.0,2592.0,True
3,12,9795802890192417123,ML-DSA-87,0.00043757399907917716,0.0003126320007140748,0.00010260899944114499,21.701144680999278,0.7166675169723102,2482164.0,4627.0,2592.0,True
3,12,10390306073010531016,ML-DSA-87,0.0002667969965841621,0.00023398600023938343,8.70000003487803e-05,21.705220184998325,0.6688484380515619,2482165.0,4627.0,2592.0,True
3,12,13734053441669369315,ML-DSA-87,0.00020357999892439693,0.00024462399960611947,8.645200068713166e-05,21.79966304499976,0.723877452099666,2482165.0,4627.0,2592.0,True
3,12,1902598556577533113,ML-DSA-87,0.0003057180001633242,0.0003503799998725299,0.00011204199836356565,21.873375397000927,0.7107839875470716,2482164.0,4627.0,2592.0,True
3,12,15414303510245148435,ML-DSA-87,0.0001848840001912322,0.00034686199796851724,0.0001204270010930486,10.761514211997564,0.6933999632874998,2482165.0,4627.0,2592.0,True
3,13,1902598556577533113,ML-DSA-87,0.0004096630000276491,0.00036923899824614637,0.00010371800090069883,22.281733085997985,0.6525388312653992,2482164.0,4627.0,2592.0,True
3,13,10390306073010531016,ML-DSA-87,0.0003883720019075554,0.000348999001289485,8.658300066599622e-05,22.459598394998466,0.6400534874810198,2482165.0,4627.0,2592.0,True
3,13,9795802890192417123,ML-DSA-87,0.00029653700039489195,0.00021293500321917236,8.726099986233748e-05,22.67954002099941,0.6600771553743,2482164.0,4627.0,2592.0,True
3,13,13734053441669369315,ML-DSA-87,0.0002458039998600725,0.00021758699949714355,0.0001238980003108736,22.71233303900226,0.6727027816656298,2482165.0,4627.0,2592.0,True
3,13,15414303510245148435,ML-DSA-87,0.0002534649975132197,0.00024812300034682266,0.00010813400149345398,10.908320274000289,0.6464185760662959,2482165.0,4627.0,2592.0,True
3,14,1902598556577533113,ML-DSA-87,0.0003971469996031374,0.0003930409984604921,0.0001029170016408898,21.875970843997493,0.6184924688463965,2482164.0,4627.0,2592.0,True
3,14,10390306073010531016,ML-DSA-87,0.00033073400118155405,0.0003983329988841433,9.613799920771271e-05,22.049385497000912,0.6074281520784472,2482165.0,4627.0,2592.0,True
3,14,9795802890192417123,ML-DSA-87,0.00038124500133562833,0.00035235899849794805,8.709099711268209e-05,22.046957150003436,0.6282967696793544,2482164.0,4627.0,2592.0,True
3,14,13734053441669369315,ML-DSA-87,0.000207994002266787,0.00020758200116688386,8.693600102560595e-05,22.09322744000019,0.6258866550109257,2482165.0,4627.0,2592.0,True
3,14,15414303510245148435,ML-DSA-87,0.00018890900173573755,0.0001455689998692833,8.741499914322048e-05,11.051712069998757,0.5950388992413546,2482165.0,4627.0,2592.0,True
3,15,9795802890192417123,ML-DSA-87,0.0004577979998430237,0.0006339630017464515,0.00010047300020232797,22.480198712000856,0.5843499596126545,2482164.0,4627.0,2592.0,True
3,15,13734053441669369315,ML-DSA-87,0.0003148930009047035,0.00040168100167647935,0.00010377400030847639,22.437071827996988,0.571974617961687,2482165.0,4627.0,2592.0,True
3,15,10390306073010531016,ML-DSA-87,0.0001878340008261148,0.00018483900203136727,8.778700066613965e-05,22.679690633001883,0.5617436310544182,2482165.0,4627.0,2592.0,True
3,15,1902598556577533113,ML-DSA-87,0.0003332560008857399,0.00029831199935870245,8.585899922763929e-05,22.624329793998186,0.5660207255032307,2482164.0,4627.0,2592.0,True
3,15,15414303510245148435,ML-DSA-87,0.00026969299869961105,0.0002262960006191861,8.916099977795966e-05,10.80800737699974,0.5395287451105186,2482165.0,4627.0,2592.0,True
3,16,10390306073010531016,ML-DSA-87,0.00024182299966923892,0.0003446830014581792,0.0001015070010907948,22.40533147399765,0.5269586879510088,2482165.0,4627.0,2592.0,True
3,16,9795802890192417123,ML-DSA-87,0.00025838099827524275,0.00024384499920415692,8.719600009499118e-05,22.591245737999998,0.552083638541329,2482164.0,4627.0,2592.0,True
3,16,13734053441669369315,ML-DSA-87,0.00025417299912078306,0.00038297300125123,0.00011076499868067913,22.80801879399951,0.5388358633834333,2482165.0,4627.0,2592.0,True
3,16,1902598556577533113,ML-DSA-87,0.00018018799892161041,0.0002804850009852089,9.76270021055825e-05,22.917281368001568,0.5317903740194659,2482164.0,4627.0,2592.0,True
3,16,15414303510245148435,ML-DSA-87,0.00018405900118523277,0.00018412699864711612,0.00010660800035111606,10.924097189999884,0.5221402091375841,2482165.0,4627.0,2592.0,True
3,17,13734053441669369315,ML-DSA-87,0.0002809329998854082,0.00046040799861657433,0.00014094500147621147,22.050680006999755,0.5188555257995955,2482165.0,4627.0,2592.0,True
3,17,1902598556577533113,ML-DSA-87,0.00030147099823807366,0.00031349200071417727,8.628399882582016e-05,22.11960629999885,0.4976192862450029,2482164.0,4627.0,2592.0,True
3,17,10390306073010531016,ML-DSA-87,0.00032489899967913516,0.0003978360000473913,0.00010659499821485952,22.112003875998198,0.49147188595641916,2482165.0,4627.0,2592.0,True
3,17,9795802890192417123,ML-DSA-87,0.00030947200139053166,0.00023412600057781674,0.0001024370030791033,22.212787402000686,0.5068149602356048,2482164.0,4627.0,2592.0,True
3,17,15414303510245148435,ML-DSA-87,0.000253984999289969,0.00018393899881630205,0.00011240499952691607,10.929954462000751,0.4816252455329552,2482165.0,4627.0,2592.0,True
3,18,9795802890192417123,ML-DSA-87,0.00024306399791385047,0.00020780100021511316,0.00010675799785531126,22.79192176700235,0.4984165943784121,2482164.0,4627.0,2592.0,True
3,18,10390306073010531016,ML-DSA-87,0.0002920560000347905,0.0004910560019197874,9.925300037139095e-05,22.811310630000662,0.4765297774189768,2482165.0,4627.0,2592.0,True
3,18,1902598556577533113,ML-DSA-87,0.00024025799939408898,0.0002376750016992446,8.689200330991298e-05,22.983116711002367,0.47075756305394273,2482164.0,4627.0,2592.0,True
3,18,13734053441669369315,ML-DSA-87,0.00018158199964091182,0.0001622969975869637,9.321799734607339e-05,23.149442368001473,0.4820134827373222,2482165.0,4627.0,2592.0,True
3,18,15414303510245148435,ML-DSA-87,0.00018243100203108042,0.00015513799735344946,0.00010178600132348947,11.081207440998696,0.4545980898377756,2482165.0,4627.0,2592.0,True
3,19,1902598556577533113,ML-DSA-87,0.00047576799988746643,0.0005442360015877057,0.00010321599984308705,22.64332613899751,0.45031309360489485,2482164.0,4627.0,2592.0,True
3,19,9795802890192417123,ML-DSA-87,0.0002744270022958517,0.000400328997784527,9.149900142801926e-05,22.759706054999697,0.4458648735068191,2482164.0,4627.0,2592.0,True
3,19,10390306073010531016,ML-DSA-87,0.000311869996949099,0.0003380390007805545,8.658799924887717e-05,22.826926171001105,0.43992881836018527,2482165.0,4627.0,2592.0,True
3,19,13734053441669369315,ML-DSA-87,0.00018041899966192432,0.00016491000133100897,8.752999929129146e-05,23.058146445000602,0.4311480553041156,2482165.0,4627.0,2592.0,True
3,19,15414303510245148435,ML-DSA-87,0.00018326099961996078,0.00028997999834246,9.093200060306117e-05,11.258107454999845,0.4246827930438157,2482165.0,4627.0,2592.0,True
3,20,1902598556577533113,ML-DSA-87,0.0003059699993173126,0.0007710530007898342,0.00010392100011813454,22.383666826997796,0.41985419104262567,2482164.0,4627.0,2592.0,True
3,20,9795802890192417123,ML-DSA-87,0.000311400002829032,0.0003667880009743385,0.00010066499817185104,22.584394794001128,0.43454069760851205,2482164.0,4627.0,2592.0,True
3,20,10390306073010531016,ML-DSA-87,0.0003560780023690313,0.0005315199996402953,8.649200026411563e-05,22.521737588001997,0.4206182575240112,2482165.0,4627.0,2592.0,True
3,20,13734053441669369315,ML-DSA-87,0.00024104899785015732,0.0002143420024367515,8.633000106783584e-05,22.787233331000607,0.4296509560774833,2482165.0,4627.0,2592.0,True
3,20,15414303510245148435,ML-DSA-87,0.0002479840004525613,0.0004578260013659019,8.923900168156251e-05,11.012906151998322,0.415012984503858,2482165.0,4627.0,2592.0,True
3,21,1902598556577533113,ML-DSA-87,0.0004730990003736224,0.00037453100230777636,0.00010781300079543144,22.32038158600335,0.39293564821834476,2482164.0,4627.0,2592.0,True
3,21,9795802890192417123,ML-DSA-87,0.0001823780003178399,0.0003965280011470895,0.00010836299770744517,22.440467607000755,0.4214832158491444,2482164.0,4627.0,2592.0,True
3,21,10390306073010531016,ML-DSA-87,0.00019769799837376922,0.00029863600138924085,0.00010529400242376141,22.65948320499956,0.38395973656790705,2482165.0,4627.0,2592.0,True
3,21,13734053441669369315,ML-DSA-87,0.0002879249987017829,0.00047324399929493666,8.650599920656532e-05,22.71243744000094,0.3775896884801503,2482165.0,4627.0,2592.0,True
3,21,15414303510245148435,ML-DSA-87,0.00018483199892216362,0.00020081699767615646,8.843599789543077e-05,10.921774384001765,0.3827593446480104,2482165.0,4627.0,2592.0,True
3,22,9795802890192417123,ML-DSA-87,0.00028596899937838316,0.0009864329986157827,0.00010342799942009151,21.668808900998556,0.40268350514574364,2482164.0,4627.0,2592.0,True
3,22,10390306073010531016,ML-DSA-87,0.00017706299695419148,0.00020429299911484122,9.463500100537203e-05,21.826232500003243,0.3699142271742082,2482165.0,4627.0,2592.0,True
3,22,13734053441669369315,ML-DSA-87,0.00028025900246575475,0.00043654099863488227,9.550500180921517e-05,22.196955840001465,0.37967405465547555,2482165.0,4627.0,2592.0,True
3,22,1902598556577533113,ML-DSA-87,0.00031947100069373846,0.00021117200230946764,0.00011044599887100048,22.34165164299702,0.359176499468569,2482164.0,4627.0,2592.0,True
3,22,15414303510245148435,ML-DSA-87,0.0002451190011925064,0.00020854999820585363,9.749099990585819e-05,10.767808229000366,0.363177601917507,2482165.0,4627.0,2592.0,True
3,23,13734053441669369315,ML-DSA-87,0.0003129599972453434,0.00036294999881647527,0.00028531199859571643,22.154609445999085,0.35676251678242565,2482165.0,4627.0,2592.0,True
3,23,1902598556577533113,ML-DSA-87,0.0002884109999286011,0.000440740001067752,8.58429993968457e-05,22.4455433860021,0.3438192373052382,2482164.0,4627.0,2592.0,True
3,23,10390306073010531016,ML-DSA-87,0.00024391400074819103,0.00026514199998928234,8.56810002005659e-05,22.832281139999395,0.3593279662283179,2482165.0,4627.0,2592.0,True
3,23,9795802890192417123,ML-DSA-87,0.0003554290015017614,0.0003395950006961357,8.642299872008152e-05,22.58730587199898,0.37576590810780425,2482164.0,4627.0,2592.0,True
3,23,15414303510245148435,ML-DSA-87,0.0001859320000221487,0.00017525300063425675,0.00010038199980044737,11.066261461000977,0.340929705268754,2482165.0,4627.0,2592.0,True
3,24,13734053441669369315,ML-DSA-87,0.00023809300182620063,0.00027281500297249295,0.00010672599819372408,21.782771707999927,0.34675199093933873,2482165.0,4627.0,2592.0,True
3,24,1902598556577533113,ML-DSA-87,0.0002745589990809094,0.0002465779980411753,8.683600026415661e-05,21.7445457060021,0.3222385178403423,2482164.0,4627.0,2592.0,True
3,24,9795802890192417123,ML-DSA-87,0.00020242300161044113,0.00019103999875369482,9.000700083561242e-05,21.974507834998803,0.35797051773570215,2482164.0,4627.0,2592.0,True
3,24,10390306073010531016,ML-DSA-87,0.00018327599900658242,0.0002172169988625683,9.150299956672825e-05,21.958832653999707,0.3246268693926021,2482165.0,4627.0,2592.0,True
3,24,15414303510245148435,ML-DSA-87,0.0001826189982239157,0.00020404200040502474,8.659100058139302e-05,11.143261470999278,0.3348580195684545,2482165.0,4627.0,2592.0,True
3,25,9795802890192417123,ML-DSA-87,0.0004354529992269818,0.00028980999923078343,0.00010430600013933145,22.596674259999418,0.33918440130095895,2482164.0,4627.0,2592.0,True
3,25,13734053441669369315,ML-DSA-87,0.0003629319980973378,0.0006247679993975908,0.00010367800132371485,22.69180948199937,0.3160154470912041,2482165.0,4627.0,2592.0,True
3,25,1902598556577533113,ML-DSA-87,0.0002472560008754954,0.00034456899811630137,8.55229991429951e-05,22.756601790002605,0.3076847044114297,2482164.0,4627.0,2592.0,True
3,25,10390306073010531016,ML-DSA-87,0.00018010699932347052,0.00015978300143615343,8.565999814891256e-05,22.88077520099978,0.3248375066564963,2482165.0,4627.0,2592.0,True
3,25,15414303510245148435,ML-DSA-87,0.00018980900131282397,0.00017367699911119416,8.609300130046904e-05,10.833952328001033,0.3209203133811823,2482165.0,4627.0,2592.0,True
3,26,10390306073010531016,ML-DSA-87,0.00028002399994875304,0.0005193290016904939,0.0001063939998857677,22.683211232997564,0.30999075023743056,2482165.0,4627.0,2592.0,True
3,26,13734053441669369315,ML-DSA-87,0.00034642199898371473,0.0003766010013350751,9.780499749467708e-05,22.81099269400147,0.30457466284330853,2482165.0,4627.0,2592.0,True
3,26,1902598556577533113,ML-DSA-87,0.000381452999135945,0.00023174400121206418,0.00010805599958985113,22.914430458000425,0.29159442184882733,2482164.0,4627.0,2592.0,True
3,26,9795802890192417123,ML-DSA-87,0.00018726599955698475,0.0001955740008270368,0.0001253750015166588,23.031743504001497,0.3216818258138046,2482164.0,4627.0,2592.0,True
3,26,15414303510245148435,ML-DSA-87,0.0002210240018030163,0.0002469530008966103,0.00013886200031265616,10.932278251999378,0.29460340027902693,2482165.0,4627.0,2592.0,True
3,27,9795802890192417123,ML-DSA-87,0.00027168899759999476,0.0006293289989116602,0.00010367399954702705,21.915701631998672,0.29953005120564347,2482164.0,4627.0,2592.0,True
3,27,1902598556577533113,ML-DSA-87,0.00035998899693368003,0.000642376999167027,8.803300079307519e-05,21.943974623998656,0.2977935646581776,2482164.0,4627.0,2592.0,True
3,27,13734053441669369315,ML-DSA-87,0.00017730000035953708,0.00018443699809722602,9.367100210511126e-05,22.23924942299709,0.28625224755791284,2482165.0,4627.0,2592.0,True
3,27,10390306073010531016,ML-DSA-87,0.00018754000120679848,0.00021671799913747236,0.00010219400064670481,22.351459444002103,0.2862271431702585,2482165.0,4627.0,2592.0,True
3,27,15414303510245148435,ML-DSA-87,0.00017913700139615685,0.00023872199744801037,8.6244002886815e-05,11.020476431000134,0.27966602646876665,2482165.0,4627.0,2592.0,True
3,28,13734053441669369315,ML-DSA-87,0.00024273300005006604,0.00041854400114971213,0.00010351400123909116,22.891166147997865,0.26540959978583284,2482165.0,4627.0,2592.0,True
3,28,9795802890192417123,ML-DSA-87,0.00034295599834877066,0.0002096819989674259,9.843600128078833e-05,23.103057805998105,0.287131342018163,2482164.0,4627.0,2592.0,True
3,28,1902598556577533113,ML-DSA-87,0.00035937099892180413,0.0003681659982248675,9.630500062485225e-05,23.235347338999418,0.3028798936286007,2482164.0,4627.0,2592.0,True
3,28,10390306073010531016,ML-DSA-87,0.0002775699977064505,0.00027602899717749096,8.735500159673393e-05,23.330269222002244,0.28442106100123604,2482165.0,4627.0,2592.0,True
3,28,15414303510245148435,ML-DSA-87,0.0002551140023570042,0.0002552030018705409,0.00010342300083721057,10.79182997099997,0.2673480666083352,2482165.0,4627.0,2592.0,True
3,29,1902598556577533113,ML-DSA-87,0.00027873100043507293,0.00031974000012269244,0.00010271400242345408,22.105302064999705,0.26538241163756066,2482164.0,4627.0,2592.0,True
3,29,13734053441669369315,ML-DSA-87,0.00029601599817397073,0.00035134000063408166,8.539899863535538e-05,22.069116587997996,0.25246131610119354,2482165.0,4627.0,2592.0,True
3,29,9795802890192417123,ML-DSA-87,0.00020597599723259918,0.00035220899735577404,8.566600081394427e-05,22.1529705920002,0.2807189849318383,2482164.0,4627.0,2592.0,True
3,29,10390306073010531016,ML-DSA-87,0.00018077599816024303,0.0002494549989933148,0.00013341600060812198,22.262960432999535,0.2858032206171594,2482165.0,4627.0,2592.0,True
3,29,15414303510245148435,ML-DSA-87,0.00018366600124863908,0.00017691199900582433,0.00011456200081738643,11.286983547997806,0.27953546364440585,2482165.0,4627.0,2592.0,True
3,30,1902598556577533113,ML-DSA-87,0.0005212399992160499,0.000706662998709362,0.00010381299944128841,22.37792479700147,0.2650602822238133,2482164.0,4627.0,2592.0,True
3,30,10390306073010531016,ML-DSA-87,0.00029447000270010903,0.0003985389994340949,0.0001025870005832985,22.796611482001026,0.25272814555319784,2482165.0,4627.0,2592.0,True
3,30,9795802890192417123,ML-DSA-87,0.00032876300247153267,0.00023339700055657886,8.780700227362104e-05,22.81571935199827,0.2472229276154452,2482164.0,4627.0,2592.0,True
3,30,13734053441669369315,ML-DSA-87,0.00018179699691245332,0.00022841800091555342,8.624399924883619e-05,22.939476561998163,0.26407283238401585,2482165.0,4627.0,2592.0,True
3,30,15414303510245148435,ML-DSA-87,0.00017762799689080566,0.00022854700000607409,8.779699783190154e-05,10.797776796000107,0.29068174961502086,2482165.0,4627.0,2592.0,True
4,1,3089164131978081946,ML-DSA-87,0.0019198679983674083,0.00048049500037450343,0.00011875099880853668,21.890346568001405,1.9536513002535787,2482164.0,4627.0,2592.0,True
4,1,5860317823496401529,ML-DSA-87,0.0010092929987877142,0.0002904390021285508,0.00010247299724142067,22.186282148002647,1.8894713679060768,2482164.0,4627.0,2592.0,True
4,1,10077490393141099685,ML-DSA-87,0.001840784003434237,0.00046796399692539126,8.778099800110795e-05,22.29571293999834,1.8908990789145326,2482165.0,4627.0,2592.0,True
4,1,1107495407983402970,ML-DSA-87,0.002186936002544826,0.0005362420015444513,9.114200292970054e-05,22.251003518998914,1.8718548259034324,2482164.0,4627.0,2592.0,True
4,1,2356450963799138154,ML-DSA-87,0.0001889810009743087,0.00027506400147103705,0.00010378099977970123,10.557033219000004,1.958291504710627,2482164.0,4627.0,2592.0,True
4,2,10077490393141099685,ML-DSA-87,0.00026000800062320195,0.0005932839994784445,0.0001079459980246611,22.40281204400162,1.633076618273799,2482165.0,4627.0,2592.0,True
4,2,1107495407983402970,ML-DSA-87,0.0003065999990212731,0.00035608500184025615,9.380600022268482e-05,22.423075247999805,1.6491274864148027,2482164.0,4627.0,2592.0,True
4,2,3089164131978081946,ML-DSA-87,0.00020067099831067026,0.0002219259986304678,0.0001056910004990641,22.47147728100026,1.6455960422278213,2482164.0,4627.0,2592.0,True
4,2,5860317823496401529,ML-DSA-87,0.00018234599701827392,0.00022783900203648955,8.989500202005729e-05,22.675302570001804,1.658850259674243,2482164.0,4627.0,2592.0,True
4,2,2356450963799138154,ML-DSA-87,0.00018622200150275603,0.00018485700275050476,0.00015322900071623735,10.915208954000263,1.6489689049248497,2482164.0,4627.0,2592.0,True
4,3,1107495407983402970,ML-DSA-87,0.0008189799991669133,0.0007043259975034744,0.00010582100003375672,21.759048795000126,1.4394247318609072,2482164.0,4627.0,2592.0,True
4,3,3089164131978081946,ML-DSA-87,0.00026847500339499675,0.00037878199873375706,0.00017932199989445508,21.888454205000016,1.459101057852419,2482164.0,4627.0,2592.0,True
4,3,5860317823496401529,ML-DSA-87,0.0002105940002365969,0.00028009499874315225,0.00012186999811092392,22.126140159998613,1.4725941697629497,2482164.0,4627.0,2592.0,True
4,3,10077490393141099685,ML-DSA-87,0.00018675400133361109,0.000163467997481348,8.673800039105117e-05,22.340506283999275,1.3965853115621085,2482165.0,4627.0,2592.0,True
4,3,2356450963799138154,ML-DSA-87,0.00020313500135671347,0.0003064270022150595,9.275800039176829e-05,10.939358313000412,1.438420990975901,2482164.0,4627.0,2592.0,True
4,4,3089164131978081946,ML-DSA-87,0.00026804599838214926,0.0006381510029314086,0.00010223899880656973,21.800259730000107,1.3347697395105331,2482164.0,4627.0,2592.0,True
4,4,5860317823496401529,ML-DSA-87,0.0003658240020740777,0.0007822830011718906,8.688100206200033e-05,21.833671203999984,1.317348357016286,2482164.0,4627.0,2592.0,True
4,4,10077490393141099685,ML-DSA-87,0.0003338089991302695,0.000349464997270843,8.713799979886971e-05,22.02105773099902,1.2853550362510804,2482165.0,4627.0,2592.0,True
4,4,1107495407983402970,ML-DSA-87,0.000186566001502797,0.00020990200209780596,8.727499880478717e-05,22.160544828999264,1.313554172508252,2482164.0,4627.0,2592.0,True
4,4,2356450963799138154,ML-DSA-87,0.0001807549997465685,0.0002297549981449265,8.758499825489707e-05,10.840265427999839,1.3098096007737108,2482164.0,4627.0,2592.0,True
4,5,10077490393141099685,ML-DSA-87,0.0002791760016407352,0.0003222699997422751,0.00010891599958995357,21.96361492300275,1.181453844800163,2482165.0,4627.0,2592.0,True
4,5,3089164131978081946,ML-DSA-87,0.00035106399809592403,0.00032017999910749495,0.00010319599823560566,22.354418135000742,1.242178551876507,2482164.0,4627.0,2592.0,True
4,5,5860317823496401529,ML-DSA-87,0.00039785600165487267,0.0005522899991774466,9.555799988447689e-05,22.625076513999375,1.2121789617279468,2482164.0,4627.0,2592.0,True
4,5,1107495407983402970,ML-DSA-87,0.00024505499823135324,0.0002372899980400689,9.0975001512561e-05,22.698044126998866,1.1921845503127613,2482164.0,4627.0,2592.0,True
4,5,2356450963799138154,ML-DSA-87,0.00020521799888228998,0.00016575100016780198,8.682300176587887e-05,10.662925816999632,1.204111000219473,2482164.0,4627.0,2592.0,True
4,6,1107495407983402970,ML-DSA-87,0.00046628400014014915,0.00067554400084191,0.00010264500087941997,21.961211580000963,1.1047267418699904,2482164.0,4627.0,2592.0,True
4,6,5860317823496401529,ML-DSA-87,0.00032788300086394884,0.00031015299828140996,8.604200047557242e-05,22.02331778900043,1.134455009580801,2482164.0,4627.0,2592.0,True
4,6,10077490393141099685,ML-DSA-87,0.0002976159994432237,0.000498207999044098,0.00010169400047743693,22.049609580000833,1.1003738363710835,2482165.0,4627.0,2592.0,True
4,6,3089164131978081946,ML-DSA-87,0.00018460800129105337,0.00027992499963147566,8.669899762026034e-05,22.123608985999454,1.1327145507160468,2482164.0,4627.0,2592.0,True
4,6,2356450963799138154,ML-DSA-87,0.00018751500101643614,0.00021049099814263172,8.831800005282275e-05,10.735223570998642,1.1174686314960638,2482164.0,4627.0,2592.0,True
4,7,3089164131978081946,ML-DSA-87,0.00045693300126004033,0.0005115890016895719,0.00013837799997418188,21.936458148000384,1.0500247936469678,2482164.0,4627.0,2592.0,True
4,7,10077490393141099685,ML-DSA-87,0.00037234299816191196,0.00021008899784646928,9.821799903875217e-05,22.318250300999352,1.0195171314116103,2482165.0,4627.0,2592.0,True
4,7,5860317823496401529,ML-DSA-87,0.00024475700047332793,0.0003956600012315903,0.00010386300345999189,22.635325437000574,1.0547391090530176,2482164.0,4627.0,2592.0,True
4,7,1107495407983402970,ML-DSA-87,0.0001911370018206071,0.00031695800134912133,0.00010884400035138242,22.802452515999903,1.0192877442692034,2482164.0,4627.0,2592.0,True
4,7,2356450963799138154,ML-DSA-87,0.0002405459999863524,0.00020713400226668455,0.00010723500236053951,10.660884000997612,1.0305206653789971,2482164.0,4627.0,2592.0,True
4,8,3089164131978081946,ML-DSA-87,0.0003207359986845404,0.0004574329977913294,0.000103674999991199,21.42305649300033,0.9739623114514274,2482164.0,4627.0,2592.0,True
4,8,5860317823496401529,ML-DSA-87,0.00048240199976135045,0.00059875899751205,8.695300130057149e-05,21.818784494000283,0.9732742521899957,2482164.0,4627.0,2592.0,True
4,8,1107495407983402970,ML-DSA-87,0.0003371799975866452,0.000245063998590922,8.662000254844315e-05,21.790297933999682,0.9527845707373878,2482164.0,4627.0,2592.0,True
4,8,10077490393141099685,ML-DSA-87,0.00021515099797397852,0.00016961499932222068,8.686599903739989e-05,22.00296008800069,0.9503214605890524,2482165.0,4627.0,2592.0,True
4,8,2356450963799138154,ML-DSA-87,0.00018328499936615117,0.00017899100203067064,0.0001064060015778523,10.870087833998696,0.9538006579723602,2482164.0,4627.0,2592.0,True
4,9,1107495407983402970,ML-DSA-87,0.0004905470013909508,0.0007051800021145027,0.00010529400242376141,22.111852535999788,0.8801412064427385,2482164.0,4627.0,2592.0,True
4,9,10077490393141099685,ML-DSA-87,0.0003463710017967969,0.00035295300040161237,9.742100155563094e-05,22.31317369200042,0.8706399029055343,2482165.0,4627.0,2592.0,True
4,9,3089164131978081946,ML-DSA-87,0.00018142299813916907,0.00019121099830954336,8.687199806445278e-05,22.67062331499983,0.9168979795976949,2482164.0,4627.0,2592.0,True
4,9,5860317823496401529,ML-DSA-87,0.00019032599811907858,0.00020089100144105032,8.650000017951243e-05,22.757240169998113,0.901369077614702,2482164.0,4627.0,2592.0,True
4,9,2356450963799138154,ML-DSA-87,0.0002523749972169753,0.00026907299979939125,8.707700180821121e-05,10.789657241999521,0.883545877263188,2482164.0,4627.0,2592.0,True
4,10,3089164131978081946,ML-DSA-87,0.00038943500112509355,0.0007198710009106435,0.0001064569987647701,21.67397352199987,0.8455451767855939,2482164.0,4627.0,2592.0,True
4,10,5860317823496401529,ML-DSA-87,0.0002770869978121482,0.0003604579978855327,0.00010353900142945349,22.01003478599887,0.8380167785163124,2482164.0,4627.0,2592.0,True
4,10,10077490393141099685,ML-DSA-87,0.00035674300306709483,0.0003066279969061725,9.269300062442198e-05,21.982833379999647,0.8223712559991752,2482165.0,4627.0,2592.0,True
4,10,1107495407983402970,ML-DSA-87,0.0003220510006940458,0.0003611590000218712,8.643899855087511e-05,22.038194990000193,0.8258063780804412,2482164.0,4627.0,2592.0,True
4,10,2356450963799138154,ML-DSA-87,0.00018152200209442526,0.00025072000062209554,8.615899787400849e-05,10.86336094500075,0.8343383743644903,2482164.0,4627.0,2592.0,True
4,11,5860317823496401529,ML-DSA-87,0.0003288199986855034,0.0002763960001175292,0.00010272700092173181,21.95686217000184,0.7784738904371048,2482164.0,4627.0,2592.0,True
4,11,3089164131978081946,ML-DSA-87,0.0003079880007135216,0.00026155800151173025,8.657600119477138e-05,22.07465004400001,0.7940311509008986,2482164.0,4627.0,2592.0,True
4,11,1107495407983402970,ML-DSA-87,0.00020016400230815634,0.00021280500004650094,9.993200001190417e-05,22.322612323001522,0.7540652568157489,2482164.0,4627.0,2592.0,True
4,11,10077490393141099685,ML-DSA-87,0.00018955999985337257,0.00024381500043091364,9.232999946107157e-05,22.45317216299736,0.7707162789357737,2482165.0,4627.0,2592.0,True
4,11,2356450963799138154,ML-DSA-87,0.0002469389983161818,0.0005593019996013027,8.555500244256109e-05,10.805662245002168,0.7757351967854241,2482164.0,4627.0,2592.0,True
4,12,10077490393141099685,ML-DSA-87,0.00039193300108308904,0.0004915620011161081,0.00010069899872178212,22.60182451000219,0.722748616632943,2482165.0,4627.0,2592.0,True
4,12,3089164131978081946,ML-DSA-87,0.00018791099864756688,0.0003206669971405063,8.651100142742507e-05,22.727866122000705,0.7448938637019727,2482164.0,4627.0,2592.0,True
4,12,1107495407983402970,ML-DSA-87,0.00029300199821591377,0.000280257998383604,8.841899762046523e-05,22.941993039999943,0.7084144353866577,2482164.0,4627.0,2592.0,True
4,12,5860317823496401529,ML-DSA-87,0.0003106779986410402,0.0002735559974098578,0.00013843199849361554,22.96150098399812,0.7371714288434281,2482164.0,4627.0,2592.0,True
4,12,2356450963799138154,ML-DSA-87,0.00018186599845648743,0.0002618569997139275,8.902500121621415e-05,10.729507014999399,0.7012137780650355,2482164.0,4627.0,2592.0,True
4,13,3089164131978081946,ML-DSA-87,0.00025896700026351027,0.00016253899957519025,0.00015152299965848215,21.901517656999204,0.6888983332977509,2482164.0,4627.0,2592.0,True
4,13,5860317823496401529,ML-DSA-87,0.0002471190018695779,0.0003410870012885425,8.666899884701706e-05,21.909599102000357,0.6805699494795296,2482164.0,4627.0,2592.0,True
4,13,10077490393141099685,ML-DSA-87,0.000198353998712264,0.0002676270014490001,8.727100066607818e-05,22.020022377000714,0.6730478413331623,2482165.0,4627.0,2592.0,True
4,13,1107495407983402970,ML-DSA-87,0.0002530840029066894,0.00019791700105997734,8.745299783186056e-05,22.12110989700159,0.653902144287341,2482164.0,4627.0,2592.0,True
4,13,2356450963799138154,ML-DSA-87,0.0002495500011718832,0.000265614999079844,0.00010706900138757192,10.862070873998164,0.6587082631290911,2482164.0,4627.0,2592.0,True
4,14,5860317823496401529,ML-DSA-87,0.0003543759994499851,0.0004034300000057556,0.00010220500189461745,22.28401662000033,0.6545821541128829,2482164.0,4627.0,2592.0,True
4,14,3089164131978081946,ML-DSA-87,0.000194571002793964,0.0001881460011645686,8.678599988343194e-05,22.46514237700103,0.6369376067821972,2482164.0,4627.0,2592.0,True
4,14,10077490393141099685,ML-DSA-87,0.0002907409980252851,0.00030347899883054197,8.675799836055376e-05,22.559573693000857,0.621515200851253,2482165.0,4627.0,2592.0,True
4,14,1107495407983402970,ML-DSA-87,0.00022592399909626693,0.00018825900042429566,8.731900015845895e-05,22.64373204200092,0.6116759616155594,2482164.0,4627.0,2592.0,True
4,14,2356450963799138154,ML-DSA-87,0.0001854390029620845,0.00017845199909061193,8.712000271771103e-05,10.680687562999083,0.6159867738334897,2482164.0,4627.0,2592.0,True
4,15,5860317823496401529,ML-DSA-87,0.00018361000184086151,0.00025794300017878413,0.00010394100172561593,21.641323619001923,0.6029773340962185,2482164.0,4627.0,2592.0,True
4,15,3089164131978081946,ML-DSA-87,0.0003850190005323384,0.000355447999027092,0.00010255099914502352,21.804564491998462,0.6057294231538956,2482164.0,4627.0,2592.0,True
4,15,1107495407983402970,ML-DSA-87,0.0002048919996013865,0.00021947300047031604,8.610199802205898e-05,22.082466760999523,0.570372998928681,2482164.0,4627.0,2592.0,True
4,15,10077490393141099685,ML-DSA-87,0.00018823900245479308,0.00022297100076684728,8.577300104661845e-05,22.094941978997667,0.5702689985473888,2482165.0,4627.0,2592.0,True
4,15,2356450963799138154,ML-DSA-87,0.0002755129971774295,0.00022725000235368498,8.619499931228347e-05,10.791925869001716,0.565222618488458,2482164.0,4627.0,2592.0,True
4,16,3089164131978081946,ML-DSA-87,0.0005160030013939831,0.00039615999776287936,0.00010845400174730457,21.78600630300207,0.5766828088238597,2482164.0,4627.0,2592.0,True
4,16,5860317823496401529,ML-DSA-87,0.00026570700356387533,0.000477995999972336,0.00010631199984345585,21.768184160999226,0.5483701350613714,2482164.0,4627.0,2592.0,True
4,16,10077490393141099685,ML-DSA-87,0.0002452000007906463,0.00020636599947465584,0.00011583200102904812,22.037405621002108,0.5435944242527881,2482165.0,4627.0,2592.0,True
4,16,1107495407983402970,ML-DSA-87,0.0002971920002892148,0.000347590001183562,8.603700189269148e-05,21.98704789900148,0.5453723591689865,2482164.0,4627.0,2592.0,True
4,16,2356450963799138154,ML-DSA-87,0.0002471349980623927,0.00031414800105267204,8.838899884722196e-05,10.711670144999516,0.5188783766945806,2482164.0,4627.0,2592.0,True
4,17,3089164131978081946,ML-DSA-87,0.00020179499915684573,0.000354266998328967,0.0001633629981370177,21.90693820100205,0.545451387394065,2482164.0,4627.0,2592.0,True
4,17,5860317823496401529,ML-DSA-87,0.0006265140000323299,0.00040222199822892435,0.00013756100088357925,21.924638322998362,0.5307172839157879,2482164.0,4627.0,2592.0,True
4,17,1107495407983402970,ML-DSA-87,0.00019002600311068818,0.00019461200281511992,0.00012880799840786494,22.112165354999888,0.5186911019178244,2482164.0,4627.0,2592.0,True
4,17,10077490393141099685,ML-DSA-87,0.00023085599968908355,0.0004126450003241189,0.00011625399929471314,22.27494459799709,0.5118022650902787,2482165.0,4627.0,2592.0,True
4,17,2356450963799138154,ML-DSA-87,0.00017879100050777197,0.00018692300000111572,0.0001079379981092643,10.685121471000457,0.4884156515887275,2482164.0,4627.0,2592.0,True
4,18,10077490393141099685,ML-DSA-87,0.0003483789987512864,0.00018659900160855614,0.00010431600094307214,21.59608045099958,0.4707222404761817,2482165.0,4627.0,2592.0,True
4,18,3089164131978081946,ML-DSA-87,0.0002788460005831439,0.000715272002707934,8.713599891052581e-05,21.679775114997028,0.5159483870235495,2482164.0,4627.0,2592.0,True
4,18,1107495407983402970,ML-DSA-87,0.00028402200041455217,0.0003836899995803833,8.815099863568321e-05,21.673215964998235,0.4969623429409136,2482164.0,4627.0,2592.0,True
4,18,5860317823496401529,ML-DSA-87,0.0002479089998814743,0.00021484999888343737,8.804500248515978e-05,21.672771994002687,0.5115736066557157,2482164.0,4627.0,2592.0,True
4,18,2356450963799138154,ML-DSA-87,0.000250971999776084,0.00020434799807844684,0.00012635900202440098,10.76549822800007,0.4674449111647404,2482164.0,4627.0,2592.0,True
4,19,3089164131978081946,ML-DSA-87,0.0002446530015731696,0.00036596599966287613,0.0001039220005623065,22.057741982000152,0.463761781041805,2482164.0,4627.0,2592.0,True
4,19,10077490393141099685,ML-DSA-87,0.0002665290012373589,0.00028142399969510734,8.802899901638739e-05,22.276823986001546,0.4554836464682802,2482165.0,4627.0,2592.0,True
4,19,5860317823496401529,ML-DSA-87,0.000273730001936201,0.000307972000882728,0.00012657900151680224,22.20887538200259,0.4782560216768767,2482164.0,4627.0,2592.0,True
4,19,1107495407983402970,ML-DSA-87,0.00020701199900940992,0.0001988990006793756,0.00012495299961301498,22.395973225997295,0.45383586498280876,2482164.0,4627.0,2592.0,True
4,19,2356450963799138154,ML-DSA-87,0.0001846550003392622,0.00039095499960239977,8.907299707061611e-05,10.697154350997153,0.4438628065236175,2482164.0,4627.0,2592.0,True
4,20,5860317823496401529,ML-DSA-87,0.0002335150020371657,0.0003028450009878725,0.00010358500003349036,21.67822030499883,0.46005374067031535,2482164.0,4627.0,2592.0,True
4,20,10077490393141099685,ML-DSA-87,0.00032215800092672,0.0005793929994979408,0.00010534399916650727,21.627204281001468,0.42831231865841457,2482165.0,4627.0,2592.0,True
4,20,1107495407983402970,ML-DSA-87,0.0002845009985321667,0.00036855199869023636,8.655700003146194e-05,21.889201345999027,0.43078240955742403,2482164.0,4627.0,2592.0,True
4,20,3089164131978081946,ML-DSA-87,0.00028728599863825366,0.00026963599884766154,0.000129722997371573,22.003970649999246,0.43340401419292623,2482164.0,4627.0,2592.0,True
4,20,2356450963799138154,ML-DSA-87,0.00024285299878101796,0.0003540329998941161,0.0001172379998024553,10.708630929999345,0.40630630150246927,2482164.0,4627.0,2592.0,True
4,21,5860317823496401529,ML-DSA-87,0.00038904800021555275,0.0003756420010176953,0.00010372399992775172,22.17808229699949,0.43236675794227436,2482164.0,4627.0,2592.0,True
4,21,1107495407983402970,ML-DSA-87,0.00022252900089370087,0.00031675200079916976,0.00014046899741515517,22.42406825100261,0.40289915996059156,2482164.0,4627.0,2592.0,True
4,21,3089164131978081946,ML-DSA-87,0.0002446590006002225,0.0003205499997420702,0.00010193699927185662,22.598898701999133,0.41057578996478467,2482164.0,4627.0,2592.0,True
4,21,10077490393141099685,ML-DSA-87,0.0002459390016156249,0.00021451499924296513,8.815199907985516e-05,22.72380027499821,0.41750111878096774,2482165.0,4627.0,2592.0,True
4,21,2356450963799138154,ML-DSA-87,0.0001808580018405337,0.00040237800203613006,8.68579991220031e-05,10.710850723000476,0.3947181382273047,2482164.0,4627.0,2592.0,True
4,22,5860317823496401529,ML-DSA-87,0.0003066099998250138,0.0003741489999811165,0.00010503600060474128,21.49219738299871,0.40823823733540915,2482164.0,4627.0,2592.0,True
4,22,1107495407983402970,ML-DSA-87,0.0002882310000131838,0.00047705700126243755,8.87220012373291e-05,21.84767596599704,0.3707517000813835,2482164.0,4627.0,2592.0,True
4,22,3089164131978081946,ML-DSA-87,0.0002506609998818021,0.00018218200057162903,9.104999844566919e-05,21.932023088000278,0.3856755573266802,2482164.0,4627.0,2592.0,True
4,22,10077490393141099685,ML-DSA-87,0.0001853459980338812,0.00018580100004328415,0.00010215899965260178,22.18017084299936,0.37104681702241443,2482165.0,4627.0,2592.0,True
4,22,2356450963799138154,ML-DSA-87,0.0001928429992403835,0.00022968299890635535,8.94090007932391e-05,10.935623266002949,0.36595818059393964,2482164.0,4627.0,2592.0,True
4,23,10077490393141099685,ML-DSA-87,0.00041336999856866896,0.0004743249992316123,0.00010673599899746478,21.43878290000066,0.35502054838660047,2482165.0,4627.0,2592.0,True
4,23,1107495407983402970,ML-DSA-87,0.0002599870022095274,0.0006246110024221707,8.641200111014768e-05,21.803495375999773,0.36926430532524285,2482164.0,4627.0,2592.0,True
4,23,3089164131978081946,ML-DSA-87,0.00038677700285916217,0.0004179619973001536,8.693800191394985e-05,21.89775410400034,0.3611271030213029,2482164.0,4627.0,2592.0,True
4,23,5860317823496401529,ML-DSA-87,0.00022261599951889366,0.00023041299937176518,8.629999865661375e-05,21.97632627600251,0.3725761948183131,2482164.0,4627.0,2592.0,True
4,23,2356450963799138154,ML-DSA-87,0.0001793530027498491,0.00030907100153854117,0.0001012760003504809,10.757597391002491,0.3597682966097904,2482164.0,4627.0,2592.0,True
4,24,3089164131978081946,ML-DSA-87,0.00026874900140683167,0.0003414189995964989,0.00010617899897624739,22.162280960001226,0.3312258160562989,2482164.0,4627.0,2592.0,True
4,24,10077490393141099685,ML-DSA-87,0.0002803489987854846,0.00020937500084983185,8.773499939707108e-05,22.515599737998855,0.34242569988135235,2482165.0,4627.0,2592.0,True
4,24,5860317823496401529,ML-DSA-87,0.00031704800130683,0.0006150379995233379,0.00010020599802373908,22.552280040003097,0.3669484502341325,2482164.0,4627.0,2592.0,True
4,24,1107495407983402970,ML-DSA-87,0.00018334600099478848,0.00020675500127254054,0.00012558199887280352,22.695223251001153,0.3620175468666961,2482164.0,4627.0,2592.0,True
4,24,2356450963799138154,ML-DSA-87,0.00017986600141739473,0.0001603640012035612,8.777000039117411e-05,10.700104980001925,0.33943151148369377,2482164.0,4627.0,2592.0,True
4,25,5860317823496401529,ML-DSA-87,0.00039649400059715845,0.0005317079994711094,0.00010596500214887783,21.344804110998666,0.35130320330516407,2482164.0,4627.0,2592.0,True
4,25,3089164131978081946,ML-DSA-87,0.00034681300166994333,0.00025895200087688863,0.00010300299982191063,21.48467837499993,0.33550347373805967,2482164.0,4627.0,2592.0,True
4,25,1107495407983402970,ML-DSA-87,0.00029452899980242364,0.0002522040012991056,8.710399924893863e-05,21.58261681500153,0.33786195744656194,2482164.0,4627.0,2592.0,True
4,25,10077490393141099685,ML-DSA-87,0.00019598599828896113,0.00022584099860978313,8.68479983182624e-05,21.67339616999743,0.3418362323408976,2482165.0,4627.0,2592.0,True
4,25,2356450963799138154,ML-DSA-87,0.0001806030013540294,0.0001604489989404101,8.806999903754331e-05,10.7354824009999,0.3034445460626897,2482164.0,4627.0,2592.0,True
4,26,1107495407983402970,ML-DSA-87,0.000287270999251632,0.0003688489996420685,0.0003082040020672139,21.88978540699827,0.33973443051264546,2482164.0,4627.0,2592.0,True
4,26,5860317823496401529,ML-DSA-87,0.00037010999949416146,0.00018287100101588294,8.608799907960929e-05,22.045995264998055,0.34086733483099424,2482164.0,4627.0,2592.0,True
4,26,10077490393141099685,ML-DSA-87,0.00042981000297004357,0.0004758850009238813,0.00010206599836237729,22.322018965001917,0.3171242799151677,2482165.0,4627.0,2592.0,True
4,26,3089164131978081946,ML-DSA-87,0.00028685199868050404,0.00027088199931313284,8.795199755695648e-05,22.490422558999853,0.32422033903864433,2482164.0,4627.0,2592.0,True
4,26,2356450963799138154,ML-DSA-87,0.00025085599918384105,0.00020868600040557794,0.00011150700083817355,10.818273345998023,0.30671419038589054,2482164.0,4627.0,2592.0,True
4,27,1107495407983402970,ML-DSA-87,0.0002442859986331314,0.00018122399706044234,0.00010995200136676431,21.733257533000142,0.31974059410434896,2482164.0,4627.0,2592.0,True
4,27,3089164131978081946,ML-DSA-87,0.0004627540001820307,0.000543270001799101,9.24339983612299e-05,21.68648061800195,0.31310464039790076,2482164.0,4627.0,2592.0,True
4,27,10077490393141099685,ML-DSA-87,0.00023740799952065572,0.00018429600095259957,0.00014517300223815255,21.925294584998483,0.3229932990847542,2482165.0,4627.0,2592.0,True
4,27,5860317823496401529,ML-DSA-87,0.00018599299801280722,0.00016731000141589902,0.00010537799971643835,21.96810568300134,0.31491110694948765,2482164.0,4627.0,2592.0,True
4,27,2356450963799138154,ML-DSA-87,0.00018255299801239744,0.00023847500051488169,8.649499795865268e-05,10.990935809000803,0.29156885850436676,2482164.0,4627.0,2592.0,True
4,28,3089164131978081946,ML-DSA-87,0.0004079410027770791,0.00038742499964428134,0.00010680799823603593,21.712977101000433,0.2943946599109342,2482164.0,4627.0,2592.0,True
4,28,5860317823496401529,ML-DSA-87,0.0002881699983845465,0.00025531399660394527,8.645799971418455e-05,21.784274311001354,0.30047976863704406,2482164.0,4627.0,2592.0,True
4,28,1107495407983402970,ML-DSA-87,0.00019979699936811812,0.0004100400001334492,8.80150000739377e-05,22.017592915999558,0.2953858689521067,2482164.0,4627.0,2592.0,True
4,28,10077490393141099685,ML-DSA-87,0.00025827799981925637,0.00037478200101759285,8.759300180827267e-05,22.16822405199855,0.30823235914033775,2482165.0,4627.0,2592.0,True
4,28,2356450963799138154,ML-DSA-87,0.00025230900064343587,0.0002260350011056289,0.00011469800301711075,10.844007013001828,0.278671039789082,2482164.0,4627.0,2592.0,True
4,29,10077490393141099685,ML-DSA-87,0.0002703949976421427,0.000474832999316277,0.00010742199810920283,22.115588462998858,0.2906393643361501,2482165.0,4627.0,2592.0,True
4,29,3089164131978081946,ML-DSA-87,0.0003936770008294843,0.0003959339992434252,8.858699948177673e-05,22.11751630299841,0.293784458864147,2482164.0,4627.0,2592.0,True
4,29,1107495407983402970,ML-DSA-87,0.00032756499786046334,0.00029124899810994975,8.851800157572143e-05,22.11139652899874,0.2820595953354654,2482164.0,4627.0,2592.0,True
4,29,5860317823496401529,ML-DSA-87,0.00025954200100386515,0.00025844199990388006,8.945700028561987e-05,22.09972764399936,0.2897084009783051,2482164.0,4627.0,2592.0,True
4,29,2356450963799138154,ML-DSA-87,0.0001788949994079303,0.00016071400023065507,8.785400132182986e-05,10.917551206999633,0.2655061716719653,2482164.0,4627.0,2592.0,True
4,30,1107495407983402970,ML-DSA-87,0.0006326379989332054,0.00040868100040825084,0.00010559500151430257,21.75953061400287,0.2700586027142922,2482164.0,4627.0,2592.0,True
4,30,5860317823496401529,ML-DSA-87,0.0003045289995498024,0.0006636950020038057,0.00010561700037214905,21.799566573001357,0.2806326103937506,2482164.0,4627.0,2592.0,True
4,30,10077490393141099685,ML-DSA-87,0.00018477400226402096,0.00046458600263576955,8.742000136408024e-05,21.874369020002632,0.27790809181346277,2482165.0,4627.0,2592.0,True
4,30,3089164131978081946,ML-DSA-87,0.00018301299860468134,0.0002356570003030356,8.7239001004491e-05,22.049815122001746,0.2685689554838374,2482164.0,4627.0,2592.0,True
4,30,2356450963799138154,ML-DSA-87,0.00018035299945040606,0.00021387699962360784,8.73240023793187e-05,10.858982456997182,0.2508526618024126,2482164.0,4627.0,2592.0,True
5,1,16461050122827464456,ML-DSA-87,0.0010829499988176394,0.000918510999326827,0.0001301160009461455,22.312113710999256,1.9035287360413768,2482165.0,4627.0,2592.0,True
5,1,16166118277406038236,ML-DSA-87,0.0014143289990897756,0.0002811379999911878,9.265400149160996e-05,22.338091965000785,1.936095871483556,2482165.0,4627.0,2592.0,True
5,1,18407037054162244538,ML-DSA-87,0.002655672997207148,0.0004430499975569546,9.215099998982623e-05,22.382501936001063,1.923213793065982,2482165.0,4627.0,2592.0,True
5,1,16687866825709632437,ML-DSA-87,0.0015859909981372766,0.0004481670002860483,0.0001267830011784099,22.33798454400312,1.8725676528942852,2482165.0,4627.0,2592.0,True
5,1,14918692131465626792,ML-DSA-87,0.00019134899775963277,0.0003720360000443179,8.980900020105764e-05,11.083454528001312,1.8778074450386217,2482165.0,4627.0,2592.0,True
5,2,16461050122827464456,ML-DSA-87,0.0003533060007612221,0.0003730669996002689,0.0001047570003720466,22.227981495998392,1.6355217992307278,2482165.0,4627.0,2592.0,True
5,2,16166118277406038236,ML-DSA-87,0.0002068699977826327,0.00016697899991413578,9.063800098374486e-05,22.353862372998265,1.5836358253186502,2482165.0,4627.0,2592.0,True
5,2,18407037054162244538,ML-DSA-87,0.00034012500327662565,0.0004526859993347898,9.037999916472472e-05,22.2651257969992,1.6551496693120598,2482165.0,4627.0,2592.0,True
5,2,16687866825709632437,ML-DSA-87,0.0003241600024921354,0.00038860199856571853,0.000134828998852754,22.280357796000317,1.598122239112854,2482165.0,4627.0,2592.0,True
5,2,14918692131465626792,ML-DSA-87,0.00018161499974667095,0.000423699999373639,8.70160001795739e-05,10.782512443998712,1.6197769318144923,2482165.0,4627.0,2592.0,True
5,3,16687866825709632437,ML-DSA-87,0.00030198099921108223,0.0006302959991444368,0.00011221499880775809,21.781483781000134,1.4040522209752482,2482165.0,4627.0,2592.0,True
5,3,16461050122827464456,ML-DSA-87,0.0002357580015086569,0.00040869900112738833,8.786800026427954e-05,21.961492037000426,1.455086689787551,2482165.0,4627.0,2592.0,True
5,3,18407037054162244538,ML-DSA-87,0.0002565670001786202,0.00026851000075112097,8.812899977783673e-05,22.143757098001515,1.4867701949402927,2482165.0,4627.0,2592.0,True
5,3,16166118277406038236,ML-DSA-87,0.00038087099892436527,0.0003182439977535978,0.00015404000077978708,22.109886597001605,1.4235436920159923,2482165.0,4627.0,2592.0,True
5,3,14918692131465626792,ML-DSA-87,0.0002509519981686026,0.0003875760012306273,0.00010335000115446746,10.913165930000105,1.43514982560953,2482165.0,4627.0,2592.0,True
5,4,16687866825709632437,ML-DSA-87,0.0003382239992788527,0.00021425799786811695,0.00010565799675532617,22.140751283997815,1.2822567005507863,2482165.0,4627.0,2592.0,True
5,4,16166118277406038236,ML-DSA-87,0.00029661199732800014,0.00037484099811990745,9.03450018086005e-05,22.19084640499932,1.3010868953820616,2482165.0,4627.0,2592.0,True
5,4,16461050122827464456,ML-DSA-87,0.00033469899790361524,0.0007446029994753189,8.755699673201889e-05,22.127556903997174,1.3251239451737449,2482165.0,4627.0,2592.0,True
5,4,18407037054162244538,ML-DSA-87,0.00018863000150304288,0.00020461999883991666,8.760699711274356e-05,22.367245928002376,1.3227819747056444,2482165.0,4627.0,2592.0,True
5,4,14918692131465626792,ML-DSA-87,0.000198124998860294,0.0004577649997372646,8.691199764143676e-05,10.716573785997753,1.2987825282084675,2482165.0,4627.0,2592.0,True
5,5,16687866825709632437,ML-DSA-87,0.00032091500179376453,0.00030800099921179935,0.00011547899339348078,22.727917770000204,1.1491287297334154,2482165.0,4627.0,2592.0,True
5,5,18407037054162244538,ML-DSA-87,0.00029724599880864844,0.0005396369997470174,0.00010404999920865521,22.76828795000256,1.2210362810677233,2482165.0,4627.0,2592.0,True
5,5,16166118277406038236,ML-DSA-87,0.0002968640001199674,0.00029073900077492,8.75329933478497e-05,22.884335653998278,1.1793222078880943,2482165.0,4627.0,2592.0,True
5,5,16461050122827464456,ML-DSA-87,0.0001800440004444681,0.00018962799731525593,9.050099470186979e-05,23.038473696000437,1.201839479394614,2482165.0,4627.0,2592.0,True
5,5,14918692131465626792,ML-DSA-87,0.00025166599516524,0.00021330000163288787,9.373699867865071e-05,10.771681571000954,1.1790777690494403,2482165.0,4627.0,2592.0,True
5,6,16166118277406038236,ML-DSA-87,0.0004601720065693371,0.00042328599374741316,0.0002623859982122667,21.873511377001705,1.0808394435114754,2482165.0,4627.0,2592.0,True
5,6,18407037054162244538,ML-DSA-87,0.0003840200006379746,0.0006313189951470122,0.00011492599878693,21.88620269599778,1.129073137482896,2482165.0,4627.0,2592.0,True
5,6,16687866825709632437,ML-DSA-87,0.00024349500017706305,0.0006290360033744946,0.00010845900396816432,22.087486754004203,1.0774174616359675,2482165.0,4627.0,2592.0,True
5,6,16461050122827464456,ML-DSA-87,0.0003058930014958605,0.00027753000176744536,9.417699766345322e-05,22.324434067006223,1.1103514543356605,2482165.0,4627.0,2592.0,True
5,6,14918692131465626792,ML-DSA-87,0.00019040999904973432,0.00029047499992884696,0.00010892099817283452,10.665015746999416,1.092695271245207,2482165.0,4627.0,2592.0,True
5,7,16461050122827464456,ML-DSA-87,0.0002746679965639487,0.0002660930040292442,0.0001219180048792623,22.543496083002537,1.0118462138663467,2482165.0,4627.0,2592.0,True
5,7,18407037054162244538,ML-DSA-87,0.0002472669948474504,0.000404562997573521,9.82570054475218e-05,22.583380913005385,1.03026104877932,2482165.0,4627.0,2592.0,True
5,7,16687866825709632437,ML-DSA-87,0.000442379001469817,0.0002207280049333349,8.994899690151215e-05,22.557359083999472,0.9871447444342958,2482165.0,4627.0,2592.0,True
5,7,16166118277406038236,ML-DSA-87,0.00031500899785896763,0.00044507699931273237,0.00013721599680138752,22.50467161599954,0.9985819143799547,2482165.0,4627.0,2592.0,True
5,7,14918692131465626792,ML-DSA-87,0.000180915005330462,0.00016177900397451594,8.851199527271092e-05,10.777338077001332,0.9959500112091771,2482165.0,4627.0,2592.0,True
5,8,16166118277406038236,ML-DSA-87,0.0003061419993173331,0.00031195000337902457,0.0001213710056617856,21.912440806998347,0.9230102760532793,2482165.0,4627.0,2592.0,True
5,8,16687866825709632437,ML-DSA-87,0.00025043899950105697,0.000403070000174921,9.027600026456639e-05,21.79622263800411,0.9215558297908344,2482165.0,4627.0,2592.0,True
5,8,16461050122827464456,ML-DSA-87,0.0002091269998345524,0.00019342300220159814,0.0001754670010996051,21.942330703001062,0.9450017891752834,2482165.0,4627.0,2592.0,True
5,8,18407037054162244538,ML-DSA-87,0.00018460900173522532,0.00019614999473560601,0.00013045300147496164,22.212583494001592,0.9457928882048915,2482165.0,4627.0,2592.0,True
5,8,14918692131465626792,ML-DSA-87,0.00024047400074778125,0.00022108199482318014,0.00015961100143613294,10.806567059000372,0.9180862551299147,2482165.0,4627.0,2592.0,True
5,9,16687866825709632437,ML-DSA-87,0.000289067997073289,0.00039808200381230563,0.00013197500084061176,21.67811077299848,0.8468112484715618,2482165.0,4627.0,2592.0,True
5,9,16166118277406038236,ML-DSA-87,0.0003024690013262443,0.0005129409983055666,9.007799963001162e-05,21.925566933998198,0.8560746212165576,2482165.0,4627.0,2592.0,True
5,9,16461050122827464456,ML-DSA-87,0.00018921500304713845,0.0003724549969774671,8.858799992594868e-05,22.144994114998553,0.877039905078114,2482165.0,4627.0,2592.0,True
5,9,18407037054162244538,ML-DSA-87,0.00024126299831550568,0.0005360640061553568,0.00012473999959183857,22.06337887099653,0.8793253073105797,2482165.0,4627.0,2592.0,True
5,9,14918692131465626792,ML-DSA-87,0.00028397699497872964,0.0002424200065433979,8.635500125819817e-05,10.685491603995615,0.8633158378326855,2482165.0,4627.0,2592.0,True
5,10,16687866825709632437,ML-DSA-87,0.0003214600001228973,0.0003001389995915815,0.0001102800015360117,22.483354056996177,0.7899551920997449,2482165.0,4627.0,2592.0,True
5,10,18407037054162244538,ML-DSA-87,0.0003246790001867339,0.0001810890025808476,0.00011844799882965162,22.48044066700095,0.8335501922966954,2482165.0,4627.0,2592.0,True
5,10,16166118277406038236,ML-DSA-87,0.0002440450043650344,0.00018334199558012187,8.704400534043089e-05,22.628805637003097,0.8063570975590819,2482165.0,4627.0,2592.0,True
5,10,16461050122827464456,ML-DSA-87,0.00019489699479890987,0.0002249269964522682,0.00012859299749834463,22.68334359399887,0.7960455657099001,2482165.0,4627.0,2592.0,True
5,10,14918692131465626792,ML-DSA-87,0.00024692899751244113,0.0003055569977732375,8.741599594941363e-05,10.772047097998438,0.7899618915285165,2482165.0,4627.0,2592.0,True
5,11,18407037054162244538,ML-DSA-87,0.00045747499825665727,0.0005989729979773983,0.0001075449981726706,21.714763312003925,0.7567222075530896,2482165.0,4627.0,2592.0,True
5,11,16687866825709632437,ML-DSA-87,0.00018140000611310825,0.0003128259995719418,0.00010540199582464993,21.81039592900197,0.7413413714581785,2482165.0,4627.0,2592.0,True
5,11,16166118277406038236,ML-DSA-87,0.0002732659995672293,0.0005782059961347841,0.00010309700155630708,21.873901236001984,0.7370667668958061,2482165.0,4627.0,2592.0,True
5,11,16461050122827464456,ML-DSA-87,0.000275380996754393,0.000197026995010674,8.67709968588315e-05,22.007844364001357,0.7355332650696508,2482165.0,4627.0,2592.0,True
5,11,14918692131465626792,ML-DSA-87,0.00024840600235620514,0.00020520899852272123,8.739500481169671e-05,10.67989600799774,0.74232128433907,2482165.0,4627.0,2592.0,True
5,12,16461050122827464456,ML-DSA-87,0.00028864300111308694,0.0003418519991100766,0.00010717099939938635,22.373620974001824,0.6949842760738093,2482165.0,4627.0,2592.0,True
5,12,18407037054162244538,ML-DSA-87,0.00024610699620097876,0.00046021000161999837,8.942800195654854e-05,22.415713406997384,0.7225831118635476,2482165.0,4627.0,2592.0,True
5,12,16687866825709632437,ML-DSA-87,0.0002022889966610819,0.00018851800268748775,9.01890016393736e-05,22.678274890000466,0.6844823164300035,2482165.0,4627.0,2592.0,True
5,12,16166118277406038236,ML-DSA-87,0.00019841799803543836,0.00022909599647391587,0.00010325599578209221,22.712926180996874,0.7198479853975125,2482165.0,4627.0,2592.0,True
5,12,14918692131465626792,ML-DSA-87,0.00018086899945046753,0.00017924300482263789,9.181200584862381e-05,10.799955540001974,0.6695921765491605,2482165.0,4627.0,2592.0,True
5,13,16461050122827464456,ML-DSA-87,0.00030540100124198943,0.00031330499768955633,0.00010670099436538294,21.81643139800144,0.635943241203174,2482165.0,4627.0,2592.0,True
5,13,16166118277406038236,ML-DSA-87,0.0004467050021048635,0.000765762000810355,8.782599616097286e-05,22.343978434000746,0.6515164196776887,2482165.0,4627.0,2592.0,True
5,13,18407037054162244538,ML-DSA-87,0.00018178999744122848,0.0002529560006223619,8.974500087788329e-05,22.488454562997504,0.6599061423882889,2482165.0,4627.0,2592.0,True
5,13,16687866825709632437,ML-DSA-87,0.0003331140032969415,0.000341460996423848,8.843500108923763e-05,22.589333242001885,0.6426872938109663,2482165.0,4627.0,2592.0,True
5,13,14918692131465626792,ML-DSA-87,0.00018611700215842575,0.00017572900105733424,0.00011293199349893257,11.003822384001978,0.6374367429330327,2482165.0,4627.0,2592.0,True
5,14,16166118277406038236,ML-DSA-87,0.00031406300695380196,0.00043301499681547284,0.00010332500096410513,22.11023392700008,0.6111308838993597,2482165.0,4627.0,2592.0,True
5,14,18407037054162244538,ML-DSA-87,0.00028955099696759135,0.0004166110011283308,8.696299482835457e-05,22.00310704799631,0.621184015212158,2482165.0,4627.0,2592.0,True
5,14,16461050122827464456,ML-DSA-87,0.0003073900006711483,0.00032079399534268305,8.861599781084806e-05,22.02649836800265,0.6030532007162183,2482165.0,4627.0,2592.0,True
5,14,16687866825709632437,ML-DSA-87,0.0003091269973083399,0.0006631319993175566,9.866199980024248e-05,22.26836756800185,0.6057589656581133,2482165.0,4627.0,2592.0,True
5,14,14918692131465626792,ML-DSA-87,0.00017762799689080566,0.00018320600065635517,9.028299973579124e-05,10.729307537003479,0.570142040975368,2482165.0,4627.0,2592.0,True
5,15,16461050122827464456,ML-DSA-87,0.0002015470017795451,0.00046686199493706226,0.00010502499935682863,22.494945696002105,0.5599152760359997,2482165.0,4627.0,2592.0,True
5,15,16166118277406038236,ML-DSA-87,0.00046327100426424295,0.0005757020044256933,0.00013791500532533973,22.429074988998764,0.5771309337296044,2482165.0,4627.0,2592.0,True
5,15,16687866825709632437,ML-DSA-87,0.0002482710042386316,0.0004360679959063418,9.700800001155585e-05,22.836190645997704,0.5606062937611208,2482165.0,4627.0,2592.0,True
5,15,18407037054162244538,ML-DSA-87,0.00018578200251795352,0.0002830279991030693,8.672500553075224e-05,22.943068255997787,0.5918702447233489,2482165.0,4627.0,2592.0,True
5,15,14918692131465626792,ML-DSA-87,0.00017924800340551883,0.0003251029993407428,9.657900227466598e-05,10.738759658001072,0.5490385156612807,2482165.0,4627.0,2592.0,True
5,16,16166118277406038236,ML-DSA-87,0.0002837940046447329,0.0006474570036516525,0.00010476999887032434,21.849290468002437,0.5361254807121266,2482165.0,4627.0,2592.0,True
5,16,16687866825709632437,ML-DSA-87,0.00042420100362505764,0.000601258005190175,8.811699808575213e-05,22.172191788995406,0.5176100441085073,2482165.0,4627.0,2592.0,True
5,16,16461050122827464456,ML-DSA-87,0.0002530639976612292,0.00024182500055758283,0.00010416100121801719,22.22574655599601,0.4958077192354126,2482165.0,4627.0,2592.0,True
5,16,18407037054162244538,ML-DSA-87,0.00018699599604588002,0.00033721799991326407,9.758699889061972e-05,22.57123686200066,0.5377737441287634,2482165.0,4627.0,2592.0,True
5,16,14918692131465626792,ML-DSA-87,0.0002452809931128286,0.00039332900632871315,8.750899723963812e-05,10.84012196600088,0.5044501493937863,2482165.0,4627.0,2592.0,True
5,17,18407037054162244538,ML-DSA-87,0.00038787099765613675,0.000380948004021775,0.00018441499560140073,22.632111707003787,0.5075325985876517,2482165.0,4627.0,2592.0,True
5,17,16166118277406038236,ML-DSA-87,0.0002821340021910146,0.00019321800209581852,0.00015638600598322228,22.971579331999237,0.5055744883458549,2482165.0,4627.0,2592.0,True
5,17,16461050122827464456,ML-DSA-87,0.0003138920001219958,0.0002643290063133463,0.00015612199786119163,23.094320141994103,0.48848604571562226,2482165.0,4627.0,2592.0,True
5,17,16687866825709632437,ML-DSA-87,0.00024212500284193084,0.00026901600358542055,0.00010582100367173553,23.274896438000724,0.49158017355175065,2482165.0,4627.0,2592.0,True
5,17,14918692131465626792,ML-DSA-87,0.000189740996574983,0.00015896699915174395,8.686399814905599e-05,10.787447378999786,0.4742637761710837,2482165.0,4627.0,2592.0,True
5,18,18407037054162244538,ML-DSA-87,0.000297251004667487,0.00035041599767282605,0.00016738499834900722,21.605225405000965,0.4576484013122682,2482165.0,4627.0,2592.0,True
5,18,16166118277406038236,ML-DSA-87,0.00019528700067894533,0.00026844900276046246,0.000104923004982993,21.80331090200343,0.44339799122831314,2482165.0,4627.0,2592.0,True
5,18,16461050122827464456,ML-DSA-87,0.00024505300098098814,0.0002529459961806424,0.00010093600576510653,21.97935487599898,0.4554028618402374,2482165.0,4627.0,2592.0,True
5,18,16687866825709632437,ML-DSA-87,0.00018095099949277937,0.00021970600209897384,0.00010803199984366074,22.088668495998718,0.4529797731699368,2482165.0,4627.0,2592.0,True
5,18,14918692131465626792,ML-DSA-87,0.00024967899662442505,0.0002108629996655509,0.00018423100118525326,10.80546808699728,0.4436210403962733,2482165.0,4627.0,2592.0,True
5,19,16461050122827464456,ML-DSA-87,0.0006366460002027452,0.0005571870060521178,0.00010350299999117851,21.873490882004262,0.4219108193208234,2482165.0,4627.0,2592.0,True
5,19,16166118277406038236,ML-DSA-87,0.00018442300643073395,0.0004037480030092411,8.81850064615719e-05,21.7688185740044,0.4397218460901477,2482165.0,4627.0,2592.0,True
5,19,16687866825709632437,ML-DSA-87,0.0002417229989077896,0.00045252400013851,8.765399979893118e-05,21.923343235001084,0.4370293577198689,2482165.0,4627.0,2592.0,True
5,19,18407037054162244538,ML-DSA-87,0.00021888199989916757,0.00016415600111940876,8.826600242173299e-05,22.278269326001464,0.4499385517102461,2482165.0,4627.0,2592.0,True
5,19,14918692131465626792,ML-DSA-87,0.0001845500009949319,0.00015193199942586944,8.79929939401336e-05,10.778977285997826,0.41499439764398927,2482165.0,4627.0,2592.0,True
5,20,18407037054162244538,ML-DSA-87,0.001077893997717183,0.00037526400410570204,0.00010514099994907156,21.98141078199842,0.4328588194752368,2482165.0,4627.0,2592.0,True
5,20,16166118277406038236,ML-DSA-87,0.00026997000531991944,0.00039232199924299493,0.0001044690070557408,22.154830731997208,0.3987461997779271,2482165.0,4627.0,2592.0,True
5,20,16461050122827464456,ML-DSA-87,0.00021007799659855664,0.00019495299784466624,8.767200051806867e-05,22.43473735000589,0.4105942907145086,2482165.0,4627.0,2592.0,True
5,20,16687866825709632437,ML-DSA-87,0.00023457399947801605,0.00019023999630007893,8.737100142752752e-05,22.522308094004984,0.4207495405954627,2482165.0,4627.0,2592.0,True
5,20,14918692131465626792,ML-DSA-87,0.00018172599811805412,0.0001559819938847795,9.12569958018139e-05,11.172551634997944,0.4158920886488959,2482165.0,4627.0,2592.0,True
5,21,16166118277406038236,ML-DSA-87,0.0002774259992293082,0.0005003490005037747,0.00010539000504650176,22.209183835002477,0.3843434540757213,2482165.0,4627.0,2592.0,True
5,21,16687866825709632437,ML-DSA-87,0.0005278649987303652,0.0003828569970210083,9.029500506585464e-05,22.287455316996784,0.3834604917826077,2482165.0,4627.0,2592.0,True
5,21,16461050122827464456,ML-DSA-87,0.0003136529994662851,0.0004561259993351996,0.000104931001260411,22.33328362800239,0.37048780890747,2482165.0,4627.0,2592.0,True
5,21,18407037054162244538,ML-DSA-87,0.0001815959985833615,0.00016297500405926257,8.717500168131664e-05,22.393671318000997,0.3956182220587715,2482165.0,4627.0,2592.0,True
5,21,14918692131465626792,ML-DSA-87,0.00024859700351953506,0.00021241899958113208,0.00015482299932045862,10.846384454001964,0.37141623796698764,2482165.0,4627.0,2592.0,True
5,22,16687866825709632437,ML-DSA-87,0.00029463700047926977,0.00028450400714064017,0.00010672300413716584,22.18444033900596,0.35219599525875656,2482165.0,4627.0,2592.0,True
5,22,16461050122827464456,ML-DSA-87,0.00029695699777221307,0.0002891240001190454,8.786000398686156e-05,22.337161564995768,0.34026538263619566,2482165.0,4627.0,2592.0,True
5,22,16166118277406038236,ML-DSA-87,0.00018316500063519925,0.00039241700142156333,8.69939976837486e-05,22.559904396999627,0.3574747473638231,2482165.0,4627.0,2592.0,True
5,22,18407037054162244538,ML-DSA-87,0.00027529500221135095,0.00027619900356512517,0.00011752299906220287,22.635235801993986,0.36809921838319337,2482165.0,4627.0,2592.0,True
5,22,14918692131465626792,ML-DSA-87,0.00020057299843756482,0.00040144000377040356,8.7697000708431e-05,10.802802349004196,0.3562125836174709,2482165.0,4627.0,2592.0,True
5,23,18407037054162244538,ML-DSA-87,0.0002813339960994199,0.0003902160024154,0.0001337509966106154,22.016828751002322,0.350240424141502,2482165.0,4627.0,2592.0,True
5,23,16461050122827464456,ML-DSA-87,0.00023545599833596498,0.0003569269974832423,8.781500218901783e-05,22.052519003998896,0.33017079693863327,2482165.0,4627.0,2592.0,True
5,23,16687866825709632437,ML-DSA-87,0.00018818000535247847,0.0002988859996548854,0.00014416199701372534,22.458751667996694,0.3588269104550298,2482165.0,4627.0,2592.0,True
5,23,16166118277406038236,ML-DSA-87,0.0002448309969622642,0.00027605499781202525,8.762899960856885e-05,22.52870975300175,0.3442801296020659,2482165.0,4627.0,2592.0,True
5,23,14918692131465626792,ML-DSA-87,0.0001819200042518787,0.0001596650035935454,0.00014839600044069812,10.814705618002336,0.3294547538722333,2482165.0,4627.0,2592.0,True
5,24,18407037054162244538,ML-DSA-87,0.00029877400083933026,0.0002601109954412095,0.0001571869943290949,22.571034343003703,0.33219533179479,2482165.0,4627.0,2592.0,True
5,24,16166118277406038236,ML-DSA-87,0.0003832319998764433,0.00043486300273798406,9.788999886950478e-05,22.88542337900435,0.3143487215449754,2482165.0,4627.0,2592.0,True
5,24,16461050122827464456,ML-DSA-87,0.00043664599797921255,0.00045256700104800984,8.743700163904577e-05,22.91856816100335,0.31431500597621875,2482165.0,4627.0,2592.0,True
5,24,16687866825709632437,ML-DSA-87,0.00024601100449217483,0.000489279002067633,9.325499559054151e-05,22.9782672049987,0.33780167401342776,2482165.0,4627.0,2592.0,True
5,24,14918692131465626792,ML-DSA-87,0.00018126299983123317,0.00042136699630646035,8.77270067576319e-05,10.807497394001985,0.31996487561143194,2482165.0,4627.0,2592.0,True
5,25,16461050122827464456,ML-DSA-87,0.00022865400387672707,0.0007384080017800443,0.0001028260012390092,21.818543939996744,0.3181626933237044,2482165.0,4627.0,2592.0,True
5,25,16687866825709632437,ML-DSA-87,0.00023448100546374917,0.000341484003001824,0.00010224500147160143,21.992750680998142,0.3246460907792036,2482165.0,4627.0,2592.0,True
5,25,16166118277406038236,ML-DSA-87,0.00032064800325315446,0.00026967300073010847,8.773100125836208e-05,21.979797353997128,0.3029639223254265,2482165.0,4627.0,2592.0,True
5,25,18407037054162244538,ML-DSA-87,0.0001836299998103641,0.0003195809986209497,8.865599374985322e-05,22.062230136994913,0.3213480174565277,2482165.0,4627.0,2592.0,True
5,25,14918692131465626792,ML-DSA-87,0.00026479199732420966,0.00024433999351458624,8.689300011610612e-05,10.843281337001827,0.3062368559058958,2482165.0,4627.0,2592.0,True
5,26,16461050122827464456,ML-DSA-87,0.00019251100457040593,0.0004891019998467527,0.0001020580020849593,21.94666036900162,0.2972657124596699,2482165.0,4627.0,2592.0,True
5,26,16687866825709632437,ML-DSA-87,0.0006871930017950945,0.00027283100644126534,8.713800343684852e-05,21.921911199002352,0.2803316319237847,2482165.0,4627.0,2592.0,True
5,26,16166118277406038236,ML-DSA-87,0.00038041300285840407,0.0004188290040474385,0.00010219400428468361,22.06020087700017,0.29322505766710344,2482165.0,4627.0,2592.0,True
5,26,18407037054162244538,ML-DSA-87,0.00018918800196843222,0.00016440299805253744,8.802999946055934e-05,22.190317510998284,0.32288422160588515,2482165.0,4627.0,2592.0,True
5,26,14918692131465626792,ML-DSA-87,0.00020624000171665102,0.00015424999583046883,8.671199611853808e-05,10.82929739500105,0.2985145482606591,2482165.0,4627.0,2592.0,True
5,27,16166118277406038236,ML-DSA-87,0.0003244669933337718,0.0006182350043673068,0.00010451099660713226,22.163710964996426,0.28263441629457875,2482165.0,4627.0,2592.0,True
5,27,16687866825709632437,ML-DSA-87,0.00024177899467758834,0.0007067589976941235,0.00010998300422215834,22.4023526029996,0.28049459098763885,2482165.0,4627.0,2592.0,True
5,27,18407037054162244538,ML-DSA-87,0.00024678100453456864,0.0002896090009016916,8.713699935469776e-05,22.474082557004294,0.2937413572159688,2482165.0,4627.0,2592.0,True
5,27,16461050122827464456,ML-DSA-87,0.00025674399512354285,0.00025726699823280796,0.00010353899415349588,22.72781220300385,0.2900938717797161,2482165.0,4627.0,2592.0,True
5,27,14918692131465626792,ML-DSA-87,0.0001822179983719252,0.00036158000148134306,0.0001502880040789023,10.865635228998144,0.27669375569086535,2482165.0,4627.0,2592.0,True
5,28,16461050122827464456,ML-DSA-87,0.0004116020063520409,0.00017880900122690946,0.00018670000281417742,21.73066695700254,0.29202150138684163,2482165.0,4627.0,2592.0,True
5,28,16687866825709632437,ML-DSA-87,0.0002820839945343323,0.00030873200012138113,0.00010464300430612639,21.925915706000524,0.27991460302782156,2482165.0,4627.0,2592.0,True
5,28,16166118277406038236,ML-DSA-87,0.00018257599731441587,0.0003851209985441528,8.765699749346823e-05,21.988637631002348,0.27077388792141033,2482165.0,4627.0,2592.0,True
5,28,18407037054162244538,ML-DSA-87,0.00028335100068943575,0.00039654099964536726,8.848199649946764e-05,22.07674143299664,0.2820725798184356,2482165.0,4627.0,2592.0,True
5,28,14918692131465626792,ML-DSA-87,0.0002460940013406798,0.00022699599503539503,0.00011027100117644295,10.829517089005094,0.2659998199197288,2482165.0,4627.0,2592.0,True
5,29,16461050122827464456,ML-DSA-87,0.00029236499540274963,0.00022082100622355938,0.00011141999857500196,22.785750861999986,0.26783925160459177,2482165.0,4627.0,2592.0,True
5,29,16687866825709632437,ML-DSA-87,0.00046174700401024893,0.00045184799819253385,8.828200225252658e-05,22.770515390999208,0.259677079306118,2482165.0,4627.0,2592.0,True
5,29,16166118277406038236,ML-DSA-87,0.0002500569971743971,0.0001903709999169223,9.022899757837877e-05,23.01621570700081,0.2589973655310623,2482165.0,4627.0,2592.0,True
5,29,18407037054162244538,ML-DSA-87,0.0001968829965335317,0.0003018450006493367,0.00011434300540713593,23.117101645999355,0.27820916685123986,2482165.0,4627.0,2592.0,True
5,29,14918692131465626792,ML-DSA-87,0.00024268800189020112,0.0002504540025256574,9.4449998869095e-05,10.870001894996676,0.25903130403776375,2482165.0,4627.0,2592.0,True
5,30,16166118277406038236,ML-DSA-87,0.00027864600269822404,0.00041082499956246465,0.00011658500443445519,21.329711362996022,0.24677614500885978,2482165.0,4627.0,2592.0,True
5,30,18407037054162244538,ML-DSA-87,0.00024696000036783516,0.00041277400305261835,0.00013742499868385494,21.645244082996214,0.27215568747106617,2482165.0,4627.0,2592.0,True
5,30,16687866825709632437,ML-DSA-87,0.00031409100483870134,0.00042910900083370507,9.229299757862464e-05,21.64978340700327,0.25961238392941155,2482165.0,4627.0,2592.0,True
5,30,16461050122827464456,ML-DSA-87,0.00018192899733548984,0.00026849300047615543,0.00012450899521354586,21.883023759000935,0.27738010294857424,2482165.0,4627.0,2592.0,True
5,30,14918692131465626792,ML-DSA-87,0.0002002139954129234,0.00015988099767128006,9.257499914383516e-05,11.17932807499892,0.24258146173664377,2482165.0,4627.0,2592.0,True
