run,round,node_id,scheme,keygen_time,sign_time,verify_time,train_time,train_loss,payload_size,sig_size,pubkey_size,verified
1,1,1861208889993336838,ECDSA-256,0.009184582973830402,0.0009260689839720726,0.0009155469015240669,21.70445540000219,2.268528135058979,2482164.0,71.0,91.0,True
1,1,17271560587770440207,ECDSA-256,0.003832894959487021,0.0006165200611576438,0.00034704594872891903,21.995447887922637,2.1656392595638483,2482165.0,72.0,91.0,True
1,1,11882930015523371446,ECDSA-256,0.0038670230424031615,0.0006490860832855105,0.0002431019674986601,21.81558909197338,2.082464336206357,2482165.0,71.0,91.0,True
1,1,17599409067816025401,ECDSA-256,0.0033892819192260504,0.0005831969901919365,0.0002471799962222576,21.96724444802385,2.1299485752757747,2482165.0,71.0,91.0,True
1,1,4849304823404942679,ECDSA-256,0.00012306508142501116,0.00018803798593580723,0.00018735206685960293,10.62163068400696,2.263110063327387,2482164.0,70.0,91.0,True
1,2,17599409067816025401,ECDSA-256,0.00020747806411236525,0.0003011769149452448,0.0002672310220077634,21.475098037044518,2.309971296749176,2482165.0,71.0,91.0,True
1,2,1861208889993336838,ECDSA-256,0.00022969802375882864,0.0002332769799977541,0.0002119499258697033,21.436538856010884,2.310594212132902,2482164.0,71.0,91.0,True
1,2,11882930015523371446,ECDSA-256,0.00013182801194489002,0.00019376492127776146,0.0001845529768615961,21.47974476008676,2.3103239330620813,2482165.0,71.0,91.0,True
1,2,17271560587770440207,ECDSA-256,0.0001665250165387988,0.0001626000739634037,0.00022342999000102282,21.582303256029263,2.309486466093947,2482165.0,71.0,91.0,True
1,2,4849304823404942679,ECDSA-256,0.0001260989811271429,0.00014321401249617338,0.00017390307039022446,10.622723725042306,2.311448003537358,2482164.0,72.0,91.0,True
1,3,11882930015523371446,ECDSA-256,0.00017264497000724077,0.00018754997290670872,0.00020102900452911854,21.274231465067714,2.30967532026882,2482165.0,72.0,91.0,True
1,3,17599409067816025401,ECDSA-256,0.00031276303343474865,0.0001707200426608324,0.0001813550479710102,21.339976817951538,2.3096334896148583,2482165.0,71.0,91.0,True
1,3,1861208889993336838,ECDSA-256,0.00022000400349497795,0.00021966302301734686,0.00017680192831903696,21.343566283001564,2.3098224192000805,2482164.0,70.0,91.0,True
1,3,17271560587770440207,ECDSA-256,0.0001208700705319643,0.00016359693836420774,0.000212418963201344,21.494789899908938,2.3094110991627264,2482165.0,72.0,91.0,True
1,3,4849304823404942679,ECDSA-256,0.00012622005306184292,0.00015478103887289762,0.0002413740148767829,10.436056478065439,2.3108165652607195,2482164.0,72.0,91.0,True
1,4,17599409067816025401,ECDSA-256,0.00017557293176651,0.00019858800806105137,0.00018326099961996078,21.793644041055813,2.3096334873296964,2482165.0,71.0,91.0,True
1,4,11882930015523371446,ECDSA-256,0.00015708908904343843,0.00021949794609099627,0.00035676907282322645,21.872067650896497,2.3096753278860267,2482165.0,70.0,91.0,True
1,4,1861208889993336838,ECDSA-256,0.00016334292013198137,0.00016549299471080303,0.00018960796296596527,21.991111973999068,2.3098224161531977,2482164.0,72.0,91.0,True
1,4,17271560587770440207,ECDSA-256,0.0001953210448846221,0.00018670200370252132,0.0002534879604354501,21.95827114605345,2.309411097639285,2482165.0,71.0,91.0,True
1,4,4849304823404942679,ECDSA-256,0.0001226810272783041,0.00014658202417194843,0.00024971202947199345,10.462928435998037,2.3108165606903954,2482164.0,70.0,91.0,True
1,5,17599409067816025401,ECDSA-256,0.00016092194709926844,0.00036222790367901325,0.00030107900965958834,21.034643410006538,2.3096334865679755,2482165.0,71.0,91.0,True
1,5,17271560587770440207,ECDSA-256,0.00017266999930143356,0.0002544450107961893,0.0002460359828546643,21.345775332069024,2.3094110984010054,2482165.0,70.0,91.0,True
1,5,1861208889993336838,ECDSA-256,0.00013454898726195097,0.0002919730031862855,0.00019145291298627853,21.39332712290343,2.3098224192000805,2482164.0,71.0,91.0,True
1,5,11882930015523371446,ECDSA-256,0.00012381002306938171,0.00016218703240156174,0.000271796016022563,21.681443128036335,2.3096753240774235,2482165.0,72.0,91.0,True
1,5,4849304823404942679,ECDSA-256,0.00012635602615773678,0.0002115509705618024,0.00021373794879764318,10.330475845956244,2.3108165576435127,2482164.0,72.0,91.0,True
1,6,1861208889993336838,ECDSA-256,0.00019274000078439713,0.00024671200662851334,0.00021846697200089693,21.29439302603714,2.3098224222469637,2482164.0,70.0,91.0,True
1,6,17599409067816025401,ECDSA-256,0.0002656400902196765,0.00017717096488922834,0.00018187204841524363,21.38346649101004,2.309633494185183,2482165.0,70.0,91.0,True
1,6,11882930015523371446,ECDSA-256,0.00020072294864803553,0.00018764694686979055,0.00017641903832554817,21.485745524056256,2.3096753286477476,2482165.0,71.0,91.0,True
1,6,17271560587770440207,ECDSA-256,0.0001623330172151327,0.00016314501408487558,0.00017595698591321707,21.527502578916028,2.3094111121119782,2482165.0,71.0,91.0,True
1,6,4849304823404942679,ECDSA-256,0.00012000196147710085,0.00015183701179921627,0.0001741440501064062,10.464505568961613,2.3108165606903954,2482164.0,71.0,91.0,True
1,7,17599409067816025401,ECDSA-256,0.00017330399714410305,0.00024298508651554585,0.00017690099775791168,21.82827288506087,2.3096334911382996,2482165.0,71.0,91.0,True
1,7,1861208889993336838,ECDSA-256,0.00014413695316761732,0.0002822799142450094,0.00017586699686944485,21.909806825919077,2.3098224199618014,2482164.0,72.0,91.0,True
1,7,17271560587770440207,ECDSA-256,0.0001251070061698556,0.00018253002781420946,0.0001776829594746232,21.97163817996625,2.3094110991627264,2482165.0,71.0,91.0,True
1,7,11882930015523371446,ECDSA-256,0.00015699502546340227,0.00017090491019189358,0.00017815304454416037,21.940346809918992,2.3096753278860267,2482165.0,71.0,91.0,True
1,7,4849304823404942679,ECDSA-256,0.00011923909187316895,0.00014878297224640846,0.00017448992002755404,10.46339446096681,2.3108165576435127,2482164.0,71.0,91.0,True
1,8,17271560587770440207,ECDSA-256,0.00017211795784533024,0.00043974199797958136,0.00017480901442468166,21.588421471999027,2.3094110999244473,2482165.0,71.0,91.0,True
1,8,17599409067816025401,ECDSA-256,0.0003229599678888917,0.00019498902838677168,0.0001786359352990985,21.73168656695634,2.309633494185183,2482165.0,71.0,91.0,True
1,8,1861208889993336838,ECDSA-256,0.00013216002844274044,0.0003547469386830926,0.00027948804199695587,21.66339295601938,2.30982241843836,2482164.0,70.0,91.0,True
1,8,11882930015523371446,ECDSA-256,0.00011891196481883526,0.000156897003762424,0.00017500098329037428,21.786487457924522,2.3096753156984957,2482165.0,71.0,91.0,True
1,8,4849304823404942679,ECDSA-256,0.00012378196697682142,0.00014764198567718267,0.00018967397045344114,10.443078906042501,2.310816558405233,2482164.0,71.0,91.0,True
1,9,11882930015523371446,ECDSA-256,0.00028284103609621525,0.0002829630393534899,0.00017756700981408358,21.760375302983448,2.3096753210305407,2482165.0,71.0,91.0,True
1,9,17271560587770440207,ECDSA-256,0.00014389900024980307,0.0002823339309543371,0.0001755560515448451,21.76165800401941,2.309411105256492,2482165.0,70.0,91.0,True
1,9,1861208889993336838,ECDSA-256,0.0001515609910711646,0.00017563789151608944,0.0001757340505719185,21.873069680063054,2.3098224115828736,2482164.0,70.0,91.0,True
1,9,17599409067816025401,ECDSA-256,0.00012797291856259108,0.000156827038154006,0.00017986400052905083,21.993203243007883,2.309633495708624,2482165.0,71.0,91.0,True
1,9,4849304823404942679,ECDSA-256,0.00011663604527711868,0.00014711404219269753,0.00019603106193244457,10.486037076101638,2.310816562213837,2482164.0,72.0,91.0,True
1,10,1861208889993336838,ECDSA-256,0.00015713099855929613,0.00040425697807222605,0.0001876899041235447,21.192809283034876,2.3098224245321255,2482164.0,71.0,91.0,True
1,10,17599409067816025401,ECDSA-256,0.000163725926540792,0.0001843009376898408,0.00017474195919930935,21.425874912994914,2.3096334964703447,2482165.0,72.0,91.0,True
1,10,17271560587770440207,ECDSA-256,0.0001681020949035883,0.00017220410518348217,0.00017580005805939436,21.494863755069673,2.309411106779933,2482165.0,71.0,91.0,True
1,10,11882930015523371446,ECDSA-256,0.0001245689345523715,0.00015952694229781628,0.00017765804659575224,21.551435981993563,2.309675322553982,2482165.0,71.0,91.0,True
1,10,4849304823404942679,ECDSA-256,0.00011931406334042549,0.0001515090698376298,0.00018347904551774263,10.484959327033721,2.310816566784161,2482164.0,70.0,91.0,True
1,11,1861208889993336838,ECDSA-256,0.00015672191511839628,0.00020270689856261015,0.00018880399875342846,21.66621774795931,2.3098224199618014,2482164.0,71.0,91.0,True
1,11,11882930015523371446,ECDSA-256,0.0001574779162183404,0.00015092804096639156,0.00018472701776772738,21.815201783087105,2.3096753134133334,2482165.0,70.0,91.0,True
1,11,17271560587770440207,ECDSA-256,0.00016243895515799522,0.00026694603729993105,0.0001788970548659563,21.736653988948092,2.3094111037330505,2482165.0,71.0,91.0,True
1,11,17599409067816025401,ECDSA-256,0.00016135605983436108,0.00016727205365896225,0.00022585701663047075,21.79749649600126,2.309633492661741,2482165.0,72.0,91.0,True
1,11,4849304823404942679,ECDSA-256,0.00012120592873543501,0.00015469698701053858,0.00033929303754121065,10.397512258961797,2.310816569069323,2482164.0,71.0,91.0,True
1,12,17599409067816025401,ECDSA-256,0.00025861698668450117,0.00019792490638792515,0.00017595605459064245,21.094062914024107,2.309633493423462,2482165.0,71.0,91.0,True
1,12,11882930015523371446,ECDSA-256,0.000120357028208673,0.00017790193669497967,0.00019057805184274912,21.163410466979258,2.3096753210305407,2482165.0,71.0,91.0,True
1,12,17271560587770440207,ECDSA-256,0.00013807497452944517,0.00023419398348778486,0.00018593098502606153,21.086855016066693,2.3094111044947714,2482165.0,72.0,91.0,True
1,12,1861208889993336838,ECDSA-256,0.00012574298307299614,0.00015374296344816685,0.00018444296438246965,21.331996615976095,2.309822420723522,2482164.0,71.0,91.0,True
1,12,4849304823404942679,ECDSA-256,0.0001244669547304511,0.00015386496670544147,0.00017700495664030313,10.385721653001383,2.310816559166954,2482164.0,71.0,91.0,True
1,13,17599409067816025401,ECDSA-256,0.00018158392049372196,0.00025972595904022455,0.00018614297732710838,21.434388463036157,2.3096335018023897,2482165.0,72.0,91.0,True
1,13,17271560587770440207,ECDSA-256,0.0001664930023252964,0.00039358099456876516,0.00017563893925398588,21.70429516909644,2.3094111090650955,2482165.0,71.0,91.0,True
1,13,1861208889993336838,ECDSA-256,0.00014263589400798082,0.0001798409502953291,0.0001983910333365202,21.632316834991798,2.3098224245321255,2482164.0,70.0,91.0,True
1,13,11882930015523371446,ECDSA-256,0.00015831703785806894,0.00016399507876485586,0.00017158896662294865,21.8132230930496,2.309675334741513,2482165.0,72.0,91.0,True
1,13,4849304823404942679,ECDSA-256,0.00012104003690183163,0.00015495403204113245,0.00017372402362525463,10.423207015963271,2.310816561452116,2482164.0,71.0,91.0,True
1,14,17271560587770440207,ECDSA-256,0.00016792002134025097,0.00019950198475271463,0.00017542496789246798,21.59158493403811,2.309411109826816,2482165.0,71.0,91.0,True
1,14,17599409067816025401,ECDSA-256,0.00022134208120405674,0.0001755720004439354,0.0001808319939300418,21.76224844402168,2.309633492661741,2482165.0,72.0,91.0,True
1,14,1861208889993336838,ECDSA-256,0.0001247340114787221,0.00015998398885130882,0.0001764610642567277,21.838168076938018,2.3098224115828736,2482164.0,71.0,91.0,True
1,14,11882930015523371446,ECDSA-256,0.0001680490095168352,0.00019898300524801016,0.0001739689614623785,21.79637138301041,2.3096753210305407,2482165.0,71.0,91.0,True
1,14,4849304823404942679,ECDSA-256,0.00011782604269683361,0.00014642090536653996,0.00017280399333685637,10.63573092489969,2.310816563737278,2482164.0,70.0,91.0,True
1,15,17599409067816025401,ECDSA-256,0.0001215559896081686,0.00017595896497368813,0.00025007897056639194,21.088039129972458,2.3096334949469033,2482165.0,71.0,91.0,True
1,15,11882930015523371446,ECDSA-256,0.00024010904598981142,0.0002397389616817236,0.00018525205086916685,21.26344005705323,2.3096753240774235,2482165.0,71.0,91.0,True
1,15,1861208889993336838,ECDSA-256,0.00020029908046126366,0.00036862108390778303,0.00017769902478903532,21.489463625010103,2.309822417676639,2482164.0,71.0,91.0,True
1,15,17271560587770440207,ECDSA-256,0.0001201690174639225,0.00017705291975289583,0.0001746859634295106,21.563089160015807,2.3094111121119782,2482165.0,71.0,91.0,True
1,15,4849304823404942679,ECDSA-256,0.00011705199722200632,0.00014722999185323715,0.0001782119506970048,10.570107121951878,2.310816558405233,2482164.0,70.0,91.0,True
1,16,17599409067816025401,ECDSA-256,0.00013794796541333199,0.0002825310220941901,0.00019350694492459297,21.51587164006196,2.309633493423462,2482165.0,71.0,91.0,True
1,16,1861208889993336838,ECDSA-256,0.00018666102550923824,0.0001914190361276269,0.0002187020145356655,21.620581998024136,2.309822413106315,2482164.0,71.0,91.0,True
1,16,11882930015523371446,ECDSA-256,0.00017368001863360405,0.00018016796093434095,0.00017697899602353573,21.675785633036867,2.309675325600865,2482165.0,72.0,91.0,True
1,16,17271560587770440207,ECDSA-256,0.00011956400703638792,0.00015197403263300657,0.00025622802786529064,21.689058111980557,2.3094111121119782,2482165.0,71.0,91.0,True
1,16,4849304823404942679,ECDSA-256,0.00011797307524830103,0.0001514831092208624,0.00017110805492848158,10.664172052056529,2.310816566784161,2482164.0,71.0,91.0,True
1,17,17599409067816025401,ECDSA-256,0.00023687700740993023,0.00023824500385671854,0.0001770199742168188,21.452653579995967,2.309633494185183,2482165.0,72.0,91.0,True
1,17,11882930015523371446,ECDSA-256,0.00018171104602515697,0.0002776719629764557,0.00019431905820965767,21.468218521913514,2.3096753240774235,2482165.0,70.0,91.0,True
1,17,17271560587770440207,ECDSA-256,0.0001696679973974824,0.00031473906710743904,0.0002296710154041648,21.53006503195502,2.3094111060182128,2482165.0,71.0,91.0,True
1,17,1861208889993336838,ECDSA-256,0.00012433005031198263,0.00020268803928047419,0.00023288605734705925,21.598057854920626,2.309822420723522,2482164.0,70.0,91.0,True
1,17,4849304823404942679,ECDSA-256,0.00011625303886830807,0.0001362840412184596,0.00022365804761648178,10.68708869209513,2.310816559166954,2482164.0,71.0,91.0,True
1,18,1861208889993336838,ECDSA-256,0.00017533893696963787,0.00035815988667309284,0.00017401599325239658,20.80774536600802,2.309822423770405,2482164.0,71.0,91.0,True
1,18,11882930015523371446,ECDSA-256,0.00016357400454580784,0.00023915409110486507,0.000241269008256495,20.912155624944717,2.309675321792261,2482165.0,70.0,91.0,True
1,18,17271560587770440207,ECDSA-256,0.00013930199202150106,0.0001753779361024499,0.00017392495647072792,21.05519248591736,2.3094110984010054,2482165.0,72.0,91.0,True
1,18,17599409067816025401,ECDSA-256,0.00013670604676008224,0.00016761093866080046,0.00017696700524538755,21.01535324298311,2.309633495708624,2482165.0,72.0,91.0,True
1,18,4849304823404942679,ECDSA-256,0.0001265320461243391,0.00014640798326581717,0.0002023959532380104,10.458586659980938,2.310816566784161,2482164.0,71.0,91.0,True
1,19,1861208889993336838,ECDSA-256,0.00019366201013326645,0.00024519895669072866,0.00018186005763709545,21.564777296967804,2.3098224199618014,2482164.0,70.0,91.0,True
1,19,11882930015523371446,ECDSA-256,0.00020179105922579765,0.00024372001644223928,0.00018484098836779594,21.720801054034382,2.3096753233157026,2482165.0,70.0,91.0,True
1,19,17271560587770440207,ECDSA-256,0.00015448592603206635,0.00017884804401546717,0.00017414998728781939,21.724242871045135,2.3094110984010054,2482165.0,72.0,91.0,True
1,19,17599409067816025401,ECDSA-256,0.00012220197822898626,0.00016002089250832796,0.00017783802468329668,21.80950094992295,2.3096334896148583,2482165.0,71.0,91.0,True
1,19,4849304823404942679,ECDSA-256,0.00011872209142893553,0.0001512799644842744,0.0001831080298870802,10.394632247975096,2.310816561452116,2482164.0,72.0,91.0,True
1,20,11882930015523371446,ECDSA-256,0.00020164507441222668,0.00018824194557964802,0.00022645900025963783,21.622180499951355,2.3096753195070994,2482165.0,71.0,91.0,True
1,20,17599409067816025401,ECDSA-256,0.00016005989164113998,0.0002740690251812339,0.000193845946341753,21.59321917698253,2.3096334919000205,2482165.0,71.0,91.0,True
1,20,1861208889993336838,ECDSA-256,0.0001726839691400528,0.00023561203852295876,0.00020530808251351118,21.557999716023915,2.309822423008684,2482164.0,70.0,91.0,True
1,20,17271560587770440207,ECDSA-256,0.00011835410259664059,0.00015633704606443644,0.00021846604067832232,21.69629244704265,2.3094111090650955,2482165.0,70.0,91.0,True
1,20,4849304823404942679,ECDSA-256,0.00012102106120437384,0.00014659797307103872,0.00017430901061743498,10.391119183041155,2.3108165599286745,2482164.0,70.0,91.0,True
1,21,17271560587770440207,ECDSA-256,0.0001982030225917697,0.0001837499439716339,0.00017644197214394808,21.214989079977386,2.309411110588537,2482165.0,72.0,91.0,True
1,21,17599409067816025401,ECDSA-256,0.00011983304284512997,0.0001617589732632041,0.00022106501273810863,21.63932310102973,2.309633493423462,2482165.0,71.0,91.0,True
1,21,1861208889993336838,ECDSA-256,0.00015494797844439745,0.0001889360137283802,0.00017633801326155663,21.56069002102595,2.309822423770405,2482164.0,70.0,91.0,True
1,21,11882930015523371446,ECDSA-256,0.00018104701302945614,0.0005332959117367864,0.00018922891467809677,21.51899347710423,2.3096753271243062,2482165.0,72.0,91.0,True
1,21,4849304823404942679,ECDSA-256,0.0001211799681186676,0.00013876997400075197,0.00017430505249649286,10.420817003003322,2.310816558405233,2482164.0,70.0,91.0,True
1,22,1861208889993336838,ECDSA-256,0.0002890919568017125,0.0004347489448264241,0.0001771340612322092,21.21572767395992,2.3098224123445945,2482164.0,71.0,91.0,True
1,22,17599409067816025401,ECDSA-256,0.00012363505084067583,0.00029529002495110035,0.00020366895478218794,21.27739855798427,2.3096334964703447,2482165.0,71.0,91.0,True
1,22,17271560587770440207,ECDSA-256,0.00012231396976858377,0.00017337303142994642,0.00030823599081486464,21.510564201977104,2.3094110984010054,2482165.0,72.0,91.0,True
1,22,11882930015523371446,ECDSA-256,0.00012172909919172525,0.00016321707516908646,0.00017720204778015614,21.675509705906734,2.3096753271243062,2482165.0,71.0,91.0,True
1,22,4849304823404942679,ECDSA-256,0.00012337102089077234,0.00013623095583170652,0.0001786800567060709,10.667342922068201,2.310816558405233,2482164.0,71.0,91.0,True
1,23,17271560587770440207,ECDSA-256,0.00024922098964452744,0.0005282140336930752,0.0002003260888159275,21.26363899302669,2.3094111006861677,2482165.0,71.0,91.0,True
1,23,11882930015523371446,ECDSA-256,0.00020524801220744848,0.0004870450356975198,0.0002023120177909732,21.315360332024284,2.3096753263625853,2482165.0,70.0,91.0,True
1,23,1861208889993336838,ECDSA-256,0.00012089102528989315,0.00018130999524146318,0.00021330092567950487,21.36274826899171,2.3098224214852427,2482164.0,70.0,91.0,True
1,23,17599409067816025401,ECDSA-256,0.00012184202205389738,0.00016166502609848976,0.00018557498697191477,21.539083897019736,2.309633498755507,2482165.0,70.0,91.0,True
1,23,4849304823404942679,ECDSA-256,0.00011865305714309216,0.00015233096200972795,0.00017902697436511517,10.386928588966839,2.3108165599286745,2482164.0,71.0,91.0,True
1,24,17271560587770440207,ECDSA-256,0.00024768593721091747,0.0002634850097820163,0.00021332502365112305,21.463612325955182,2.3094111060182128,2482165.0,71.0,91.0,True
1,24,11882930015523371446,ECDSA-256,0.00012677395716309547,0.0003896190319210291,0.0001752120442688465,21.51138021494262,2.309675325600865,2482165.0,71.0,91.0,True
1,24,1861208889993336838,ECDSA-256,0.0002270920667797327,0.0001722340239211917,0.0002084400039166212,21.611831880989484,2.309822420723522,2482164.0,71.0,91.0,True
1,24,17599409067816025401,ECDSA-256,0.0001255720853805542,0.00015656906180083752,0.000270980061031878,21.74445546499919,2.3096334919000205,2482165.0,71.0,91.0,True
1,24,4849304823404942679,ECDSA-256,0.0001192630734294653,0.00015289802104234695,0.00017565698362886906,10.59425285900943,2.310816558405233,2482164.0,70.0,91.0,True
1,25,11882930015523371446,ECDSA-256,0.0001646280288696289,0.00017069594468921423,0.0001776880817487836,21.277871639002115,2.309675324839144,2482165.0,71.0,91.0,True
1,25,1861208889993336838,ECDSA-256,0.0002319449558854103,0.0002935579977929592,0.00017728295642882586,21.221387658035383,2.309822426055567,2482164.0,71.0,91.0,True
1,25,17599409067816025401,ECDSA-256,0.0001593200722709298,0.0002384380204603076,0.0002006649738177657,21.243133211974055,2.309633493423462,2482165.0,71.0,91.0,True
1,25,17271560587770440207,ECDSA-256,0.00012284202966839075,0.00016837101429700851,0.00017842696979641914,21.24678954598494,2.309411106779933,2482165.0,70.0,91.0,True
1,25,4849304823404942679,ECDSA-256,0.00011782790534198284,0.00014757004100829363,0.00021121103782206774,10.577462655026466,2.310816563737278,2482164.0,70.0,91.0,True
1,26,17599409067816025401,ECDSA-256,0.00031333696097135544,0.0001648450270295143,0.0002125209430232644,21.451711016939953,2.309633490376579,2482165.0,71.0,91.0,True
1,26,11882930015523371446,ECDSA-256,0.0001297610579058528,0.00017667002975940704,0.00017598597332835197,21.66759146703407,2.3096753187453785,2482165.0,71.0,91.0,True
1,26,17271560587770440207,ECDSA-256,0.00015508197247982025,0.00018554506823420525,0.00017738807946443558,21.680267503950745,2.309411102209609,2482165.0,72.0,91.0,True
1,26,1861208889993336838,ECDSA-256,0.00015341700054705143,0.00016182102262973785,0.0001821399200707674,21.737986125983298,2.3098224161531977,2482164.0,71.0,91.0,True
1,26,4849304823404942679,ECDSA-256,0.00012432504445314407,0.00015054200775921345,0.00018047599587589502,10.52115852094721,2.310816571354485,2482164.0,71.0,91.0,True
1,27,1861208889993336838,ECDSA-256,0.00018375692889094353,0.00037330598570406437,0.0001793690025806427,21.539542180951685,2.309822428340729,2482164.0,72.0,91.0,True
1,27,17271560587770440207,ECDSA-256,0.0002075090305879712,0.00034489110112190247,0.00019845704082399607,21.635215695016086,2.309411109826816,2482165.0,71.0,91.0,True
1,27,17599409067816025401,ECDSA-256,0.00012249103747308254,0.00016185804270207882,0.0003066060598939657,21.842577342060395,2.3096334919000205,2482165.0,71.0,91.0,True
1,27,11882930015523371446,ECDSA-256,0.000164484023116529,0.0001664350274950266,0.0002671269467100501,21.802031642990187,2.3096753233157026,2482165.0,71.0,91.0,True
1,27,4849304823404942679,ECDSA-256,0.00012003700248897076,0.00015404901932924986,0.00019705796148627996,10.650935708079487,2.310816564498999,2482164.0,72.0,91.0,True
1,28,17271560587770440207,ECDSA-256,0.00026503391563892365,0.0004438019823282957,0.00018895603716373444,21.291235006065108,2.309411106779933,2482165.0,71.0,91.0,True
1,28,11882930015523371446,ECDSA-256,0.00018876499962061644,0.00030680198688060045,0.00017489807214587927,21.481047937995754,2.3096753210305407,2482165.0,70.0,91.0,True
1,28,1861208889993336838,ECDSA-256,0.00016638997476547956,0.00024634599685668945,0.0002436509821563959,21.594781014951877,2.309822417676639,2482164.0,72.0,91.0,True
1,28,17599409067816025401,ECDSA-256,0.00012318999506533146,0.00016912701539695263,0.0002516269451007247,21.750283186906017,2.3096334964703447,2482165.0,71.0,91.0,True
1,28,4849304823404942679,ECDSA-256,0.00012300699017941952,0.0001390380784869194,0.00021248601842671633,10.433081713039428,2.3108165629755573,2482164.0,72.0,91.0,True
1,29,1861208889993336838,ECDSA-256,0.0001662530703470111,0.0005793910240754485,0.00018268905114382505,21.004065894987434,2.309822423770405,2482164.0,72.0,91.0,True
1,29,17599409067816025401,ECDSA-256,0.00025869207456707954,0.00017704104539006948,0.00023345998488366604,21.127298942999914,2.309633495708624,2482165.0,72.0,91.0,True
1,29,17271560587770440207,ECDSA-256,0.00011510599870234728,0.00016999803483486176,0.00023393903393298388,21.458063228055835,2.309411106779933,2482165.0,72.0,91.0,True
1,29,11882930015523371446,ECDSA-256,0.00012188195250928402,0.00016096292529255152,0.0002349760616198182,21.577170068048872,2.309675330171189,2482165.0,70.0,91.0,True
1,29,4849304823404942679,ECDSA-256,0.00011948600877076387,0.00018557091243565083,0.0002313329605385661,10.403092836029828,2.3108165523114677,2482164.0,70.0,91.0,True
1,30,17599409067816025401,ECDSA-256,0.00020358909387141466,0.0001652680803090334,0.00017906608991324902,20.97113941400312,2.309633488853138,2482165.0,72.0,91.0,True
1,30,17271560587770440207,ECDSA-256,0.00013199204113334417,0.00032957608345896006,0.0002249699318781495,20.94219372991938,2.3094110961158436,2482165.0,71.0,91.0,True
1,30,11882930015523371446,ECDSA-256,0.00012635602615773678,0.0003130700206384063,0.00028447306249290705,20.96019407408312,2.309675330171189,2482165.0,70.0,91.0,True
1,30,1861208889993336838,ECDSA-256,0.00012341700494289398,0.0001601839903742075,0.00026471505407243967,21.144643073086627,2.309822423770405,2482164.0,70.0,91.0,True
1,30,4849304823404942679,ECDSA-256,0.00012186495587229729,0.00015301909297704697,0.00017878308426588774,10.31539687991608,2.310816562213837,2482164.0,71.0,91.0,True
2,1,4195963115234942671,ECDSA-256,0.0033386560389772058,0.0007389109814539552,0.0011249339440837502,21.096089989994653,2.266387223435667,2482164.0,71.0,91.0,True
2,1,1294549732774341483,ECDSA-256,0.0036412900080904365,0.0007870299741625786,0.0002062399871647358,21.03633607493248,nan,2482164.0,71.0,91.0,True
2,1,12604199318121783013,ECDSA-256,0.003728438983671367,0.0006626389222219586,0.00020750309340655804,21.340011065010913,2.112368937117604,2482165.0,72.0,91.0,True
2,1,11177318436675800653,ECDSA-256,0.0033265339443460107,0.000559623003937304,0.00017752894200384617,21.4702855120413,2.0460130737993283,2482165.0,71.0,91.0,True
2,1,8629273772750453094,ECDSA-256,0.00012648594565689564,0.00014296500012278557,0.00019366096239537,10.381196306087077,2.2976881254214447,2482164.0,71.0,91.0,True
2,2,1294549732774341483,ECDSA-256,0.00017975503578782082,0.00036040099803358316,0.000195796019397676,21.020980744971894,nan,2482164.0,70.0,91.0,True
2,2,11177318436675800653,ECDSA-256,0.00017964106518775225,0.00018597301095724106,0.0001739240251481533,21.143018095986918,nan,2482165.0,70.0,91.0,True
2,2,4195963115234942671,ECDSA-256,0.0001797830918803811,0.00020121701527386904,0.0001783550251275301,21.257728090975434,nan,2482164.0,70.0,91.0,True
2,2,12604199318121783013,ECDSA-256,0.0001210490008816123,0.00015974894631654024,0.00017243996262550354,21.471713019069284,nan,2482165.0,70.0,91.0,True
2,2,8629273772750453094,ECDSA-256,0.00012586894445121288,0.0001555549679324031,0.0001819479512050748,10.388665082049556,nan,2482164.0,72.0,91.0,True
2,3,4195963115234942671,ECDSA-256,0.00032417895272374153,0.00017223600298166275,0.00017606897745281458,21.524932855041698,nan,2482164.0,72.0,91.0,True
2,3,1294549732774341483,ECDSA-256,0.00018437497783452272,0.00030570500530302525,0.0002147399354726076,21.595484856981784,nan,2482164.0,72.0,91.0,True
2,3,12604199318121783013,ECDSA-256,0.000160487019456923,0.0002164609031751752,0.00021153700072318316,21.712248224997893,nan,2482165.0,72.0,91.0,True
2,3,11177318436675800653,ECDSA-256,0.00015571597032248974,0.00018354703206568956,0.00017414998728781939,21.78458050591871,nan,2482165.0,71.0,91.0,True
2,3,8629273772750453094,ECDSA-256,0.00012754497583955526,0.0001397469313815236,0.0001737619750201702,10.377059563063085,nan,2482164.0,71.0,91.0,True
2,4,1294549732774341483,ECDSA-256,0.00019759498536586761,0.0004473789595067501,0.0003601920325309038,21.124839560012333,nan,2482164.0,70.0,91.0,True
2,4,4195963115234942671,ECDSA-256,0.000167959020473063,0.0003446099581196904,0.00022423290647566319,21.385813856031746,nan,2482164.0,72.0,91.0,True
2,4,11177318436675800653,ECDSA-256,0.00012953393161296844,0.00016665004659444094,0.00024141196627169847,21.486702730995603,nan,2482165.0,71.0,91.0,True
2,4,12604199318121783013,ECDSA-256,0.00017845607362687588,0.00025476503651589155,0.00023643404711037874,21.440712040057406,nan,2482165.0,72.0,91.0,True
2,4,8629273772750453094,ECDSA-256,0.00014935503713786602,0.0001692669466137886,0.00024541199672967196,10.42789895401802,nan,2482164.0,72.0,91.0,True
2,5,11177318436675800653,ECDSA-256,0.00016927404794842005,0.0002391519956290722,0.00027614703867584467,20.68840609397739,nan,2482165.0,71.0,91.0,True
2,5,1294549732774341483,ECDSA-256,0.00016101798973977566,0.0002939439145848155,0.00036582094617187977,20.727991834981367,nan,2482164.0,71.0,91.0,True
2,5,4195963115234942671,ECDSA-256,0.00019168003927916288,0.0004970399895682931,0.00017665792256593704,20.655082931974903,nan,2482164.0,72.0,91.0,True
2,5,12604199318121783013,ECDSA-256,0.00017670507077127695,0.0002493720967322588,0.0001774689881131053,20.60840399307199,nan,2482165.0,71.0,91.0,True
2,5,8629273772750453094,ECDSA-256,0.00012397998943924904,0.0001557789510115981,0.00023310096003115177,10.141928454046138,nan,2482164.0,71.0,91.0,True
2,6,1294549732774341483,ECDSA-256,0.00026576698292046785,0.0002514859661459923,0.0001925220713019371,20.78521564602852,nan,2482164.0,71.0,91.0,True
2,6,4195963115234942671,ECDSA-256,0.00017414696048945189,0.0002536160172894597,0.0003793509677052498,20.97060836793389,nan,2482164.0,71.0,91.0,True
2,6,11177318436675800653,ECDSA-256,0.0001788460649549961,0.00017543404828757048,0.0001727899070829153,21.069130945950747,nan,2482165.0,72.0,91.0,True
2,6,12604199318121783013,ECDSA-256,0.00012601504568010569,0.0001851869747042656,0.00024640094488859177,21.200076158042066,nan,2482165.0,71.0,91.0,True
2,6,8629273772750453094,ECDSA-256,0.00013342802412807941,0.00015870900824666023,0.00018133001867681742,10.390730408020318,nan,2482164.0,72.0,91.0,True
2,7,4195963115234942671,ECDSA-256,0.0002026068978011608,0.00021136400755494833,0.00017847598064690828,21.078552067046985,nan,2482164.0,70.0,91.0,True
2,7,11177318436675800653,ECDSA-256,0.00040266395080834627,0.0002524229930713773,0.00017971801571547985,20.97266116796527,nan,2482165.0,71.0,91.0,True
2,7,1294549732774341483,ECDSA-256,0.00014705199282616377,0.00019720697309821844,0.0001782460603863001,21.152514651068486,nan,2482164.0,71.0,91.0,True
2,7,12604199318121783013,ECDSA-256,0.00012169010005891323,0.00021559791639447212,0.00018655695021152496,21.199287905008532,nan,2482165.0,71.0,91.0,True
2,7,8629273772750453094,ECDSA-256,0.0001411390257999301,0.00014409702271223068,0.00020331505220383406,10.369794560945593,nan,2482164.0,71.0,91.0,True
2,8,1294549732774341483,ECDSA-256,0.0002229419769719243,0.00018226203974336386,0.000176898087374866,21.200979697983712,nan,2482164.0,71.0,91.0,True
2,8,4195963115234942671,ECDSA-256,0.00017072400078177452,0.0002729700645431876,0.00017302995547652245,21.40874916105531,nan,2482164.0,71.0,91.0,True
2,8,12604199318121783013,ECDSA-256,0.0001569860614836216,0.0001791010145097971,0.00017616606783121824,21.476577479043044,nan,2482165.0,71.0,91.0,True
2,8,11177318436675800653,ECDSA-256,0.00013021996710449457,0.00016826298087835312,0.00019091798458248377,21.626378108980134,nan,2482165.0,70.0,91.0,True
2,8,8629273772750453094,ECDSA-256,0.00011892791371792555,0.00015788001473993063,0.0001795449061319232,10.22519968508277,nan,2482164.0,70.0,91.0,True
2,9,1294549732774341483,ECDSA-256,0.00015543797053396702,0.0002663669874891639,0.0003229971043765545,20.89802912506275,nan,2482164.0,71.0,91.0,True
2,9,11177318436675800653,ECDSA-256,0.00016099901404231787,0.00028765201568603516,0.0003337219823151827,21.098704157979228,nan,2482165.0,71.0,91.0,True
2,9,12604199318121783013,ECDSA-256,0.00014228199142962694,0.0002327379770576954,0.00018026202451437712,21.10707729391288,nan,2482165.0,71.0,91.0,True
2,9,4195963115234942671,ECDSA-256,0.00011891801841557026,0.00016089994460344315,0.00025219202507287264,21.26119396300055,nan,2482164.0,72.0,91.0,True
2,9,8629273772750453094,ECDSA-256,0.00012249697465449572,0.00015736103523522615,0.00021754507906734943,10.30980441707652,nan,2482164.0,71.0,91.0,True
2,10,1294549732774341483,ECDSA-256,0.0002256389707326889,0.00022828090004622936,0.00017875898629426956,20.504585491959006,nan,2482164.0,72.0,91.0,True
2,10,12604199318121783013,ECDSA-256,0.00015893601812422276,0.0002374759642407298,0.00017483090050518513,20.87416257802397,nan,2482165.0,70.0,91.0,True
2,10,11177318436675800653,ECDSA-256,0.00024401501286774874,0.00018138892482966185,0.0002224380150437355,20.852266457979567,nan,2482165.0,71.0,91.0,True
2,10,4195963115234942671,ECDSA-256,0.00012620002962648869,0.00016413803678005934,0.00027131091337651014,20.894720525015146,nan,2482164.0,71.0,91.0,True
2,10,8629273772750453094,ECDSA-256,0.00012364599388092756,0.0001425549853593111,0.00017755595035851002,10.406622971990146,nan,2482164.0,71.0,91.0,True
2,11,12604199318121783013,ECDSA-256,0.00017283705528825521,0.00029563799034804106,0.0002452069893479347,21.00099418393802,nan,2482165.0,71.0,91.0,True
2,11,11177318436675800653,ECDSA-256,0.00030574400443583727,0.00024609104730188847,0.00021657196339219809,21.398395247990265,nan,2482165.0,70.0,91.0,True
2,11,4195963115234942671,ECDSA-256,0.00012383097782731056,0.00017496699001640081,0.0003188280388712883,21.462499607005157,nan,2482164.0,70.0,91.0,True
2,11,1294549732774341483,ECDSA-256,0.0001212430652230978,0.00016615993808954954,0.00018463702872395515,21.599275027983822,nan,2482164.0,71.0,91.0,True
2,11,8629273772750453094,ECDSA-256,0.00011956295929849148,0.00016351300291717052,0.00022411800455302,10.314148666919209,nan,2482164.0,71.0,91.0,True
2,12,12604199318121783013,ECDSA-256,0.00016714795492589474,0.0002513789804652333,0.00017936609219759703,21.051704551908188,nan,2482165.0,71.0,91.0,True
2,12,1294549732774341483,ECDSA-256,0.00025928299874067307,0.00017558597028255463,0.00017782091163098812,21.158528037020005,nan,2482164.0,72.0,91.0,True
2,12,4195963115234942671,ECDSA-256,0.00021620700135827065,0.00018761889077723026,0.00023064808920025826,21.359911896986887,nan,2482164.0,72.0,91.0,True
2,12,11177318436675800653,ECDSA-256,0.00011750904377549887,0.0001604290446266532,0.00019719102419912815,21.643301018048078,nan,2482165.0,70.0,91.0,True
2,12,8629273772750453094,ECDSA-256,0.00011945399455726147,0.00014069792814552784,0.00018344598356634378,10.391602652030997,nan,2482164.0,72.0,91.0,True
2,13,12604199318121783013,ECDSA-256,0.00012140301987528801,0.00023883802350610495,0.00018134096171706915,20.858197216060944,nan,2482165.0,71.0,91.0,True
2,13,1294549732774341483,ECDSA-256,0.00018170406110584736,0.00024580908939242363,0.00017644197214394808,21.041458574938588,nan,2482164.0,70.0,91.0,True
2,13,11177318436675800653,ECDSA-256,0.00034158409107476473,0.0002448480809107423,0.0001743739703670144,21.005774811957963,nan,2482165.0,71.0,91.0,True
2,13,4195963115234942671,ECDSA-256,0.00012063595931977034,0.00020031898748129606,0.00017521705012768507,21.195757344947197,nan,2482164.0,70.0,91.0,True
2,13,8629273772750453094,ECDSA-256,0.00012025900650769472,0.0001405469374731183,0.00017385208047926426,10.217134977923706,nan,2482164.0,70.0,91.0,True
2,14,12604199318121783013,ECDSA-256,0.00013170205056667328,0.0003490620292723179,0.00017729296814650297,21.137233254034072,nan,2482165.0,72.0,91.0,True
2,14,11177318436675800653,ECDSA-256,0.00017113203648477793,0.00024969899095594883,0.00018772692419588566,21.213421736028977,nan,2482165.0,72.0,91.0,True
2,14,4195963115234942671,ECDSA-256,0.00015220907516777515,0.00023425091058015823,0.00020944001153111458,21.518464587978087,nan,2482164.0,70.0,91.0,True
2,14,1294549732774341483,ECDSA-256,0.0001497400226071477,0.0001718809362500906,0.00019465002696961164,21.517146283993497,nan,2482164.0,72.0,91.0,True
2,14,8629273772750453094,ECDSA-256,0.0001215840457007289,0.00015498907305300236,0.0002410300076007843,10.183890271000564,nan,2482164.0,71.0,91.0,True
2,15,1294549732774341483,ECDSA-256,0.0001646119635552168,0.0002454520436003804,0.0001792670227587223,20.623317135032266,nan,2482164.0,71.0,91.0,True
2,15,4195963115234942671,ECDSA-256,0.00016013800632208586,0.00023758807219564915,0.00017748901154845953,20.58681701705791,nan,2482164.0,71.0,91.0,True
2,15,12604199318121783013,ECDSA-256,0.0001793339615687728,0.00022714107763022184,0.0001783559564501047,20.815555262030102,nan,2482165.0,71.0,91.0,True
2,15,11177318436675800653,ECDSA-256,0.00011970300693064928,0.0001610470935702324,0.0001770000671967864,20.72008215507958,nan,2482165.0,71.0,91.0,True
2,15,8629273772750453094,ECDSA-256,0.00011828902643173933,0.00015088298823684454,0.00017596303950995207,10.43892622902058,nan,2482164.0,71.0,91.0,True
2,16,1294549732774341483,ECDSA-256,0.00017400295473635197,0.00022957194596529007,0.00017595000099390745,21.05099256208632,nan,2482164.0,72.0,91.0,True
2,16,12604199318121783013,ECDSA-256,0.00015414797235280275,0.00030806800350546837,0.00017552694771438837,21.232549848034978,nan,2482165.0,72.0,91.0,True
2,16,4195963115234942671,ECDSA-256,0.00015379698015749454,0.00017863698303699493,0.00021331501193344593,21.26867504999973,nan,2482164.0,70.0,91.0,True
2,16,11177318436675800653,ECDSA-256,0.00012041605077683926,0.00017216894775629044,0.00017361098434776068,21.36699165101163,nan,2482165.0,72.0,91.0,True
2,16,8629273772750453094,ECDSA-256,0.00011799600906670094,0.00015134003479033709,0.00022159598302096128,10.293756945990026,nan,2482164.0,72.0,91.0,True
2,17,1294549732774341483,ECDSA-256,0.00015434296801686287,0.0001735790865495801,0.00018402596469968557,20.994662835029885,nan,2482164.0,70.0,91.0,True
2,17,12604199318121783013,ECDSA-256,0.0001225699670612812,0.0003398619592189789,0.00017673196271061897,21.25722639495507,nan,2482165.0,70.0,91.0,True
2,17,4195963115234942671,ECDSA-256,0.00017075496725738049,0.00023954000789672136,0.00018156901933252811,21.288714874070138,nan,2482164.0,72.0,91.0,True
2,17,11177318436675800653,ECDSA-256,0.0001187820453196764,0.00016460905317217112,0.00017999392002820969,21.3453091729898,nan,2482165.0,72.0,91.0,True
2,17,8629273772750453094,ECDSA-256,0.00011814699973911047,0.0001470400020480156,0.00017607200425118208,10.240688642021269,nan,2482164.0,71.0,91.0,True
2,18,11177318436675800653,ECDSA-256,0.0002536859828978777,0.0006091409595683217,0.0002489039907231927,20.93514152499847,nan,2482165.0,72.0,91.0,True
2,18,12604199318121783013,ECDSA-256,0.00016023102216422558,0.00018206099048256874,0.00024252908769994974,21.051199564011768,nan,2482165.0,72.0,91.0,True
2,18,1294549732774341483,ECDSA-256,0.00011836690828204155,0.0001744759501889348,0.00023740995675325394,21.277768944040872,nan,2482164.0,71.0,91.0,True
2,18,4195963115234942671,ECDSA-256,0.00011904002167284489,0.00016641488764435053,0.00022906798403710127,21.349187020095997,nan,2482164.0,71.0,91.0,True
2,18,8629273772750453094,ECDSA-256,0.0001389270182698965,0.00016221904661506414,0.0002593410899862647,10.31666964897886,nan,2482164.0,70.0,91.0,True
2,19,1294549732774341483,ECDSA-256,0.0002259060274809599,0.0003270849119871855,0.00020172796212136745,20.5522634240333,nan,2482164.0,71.0,91.0,True
2,19,11177318436675800653,ECDSA-256,0.0001825699582695961,0.00022662605624645948,0.0001742109889164567,20.78711988509167,nan,2482165.0,71.0,91.0,True
2,19,12604199318121783013,ECDSA-256,0.00017826794646680355,0.00034112005960196257,0.00017631996888667345,20.77552521706093,nan,2482165.0,70.0,91.0,True
2,19,4195963115234942671,ECDSA-256,0.0001238860422745347,0.00018263899255543947,0.00017672404646873474,20.864020114997402,nan,2482164.0,71.0,91.0,True
2,19,8629273772750453094,ECDSA-256,0.00011827494017779827,0.0001453980803489685,0.00017835700418800116,10.166584332939237,nan,2482164.0,71.0,91.0,True
2,20,11177318436675800653,ECDSA-256,0.00026224099565297365,0.0002492449712008238,0.00017754198051989079,20.920561710954644,nan,2482165.0,70.0,91.0,True
2,20,12604199318121783013,ECDSA-256,0.00025770801585167646,0.00018601398915052414,0.00019033695571124554,21.096460546017624,nan,2482165.0,72.0,91.0,True
2,20,4195963115234942671,ECDSA-256,0.000167952966876328,0.00016029796097427607,0.00017719692550599575,21.3437965658959,nan,2482164.0,71.0,91.0,True
2,20,1294549732774341483,ECDSA-256,0.0001206159358844161,0.00019228598102927208,0.00019276398234069347,21.25402606895659,nan,2482164.0,71.0,91.0,True
2,20,8629273772750453094,ECDSA-256,0.00011803093366324902,0.00015223491936922073,0.00017579994164407253,10.344365107011981,nan,2482164.0,72.0,91.0,True
2,21,12604199318121783013,ECDSA-256,0.00032475905027240515,0.0003817619290202856,0.0002858499065041542,20.7112208789913,nan,2482165.0,71.0,91.0,True
2,21,1294549732774341483,ECDSA-256,0.0002730779815465212,0.0004363320767879486,0.00030577206052839756,21.125594623037614,nan,2482164.0,72.0,91.0,True
2,21,4195963115234942671,ECDSA-256,0.00012206507381051779,0.00021703296806663275,0.0003182350192219019,21.25613696197979,nan,2482164.0,71.0,91.0,True
2,21,11177318436675800653,ECDSA-256,0.00012005097232758999,0.00019877799786627293,0.00020042597316205502,21.43408288306091,nan,2482165.0,72.0,91.0,True
2,21,8629273772750453094,ECDSA-256,0.00012015295214951038,0.00015393097419291735,0.00017639598809182644,10.295445124967955,nan,2482164.0,71.0,91.0,True
2,22,1294549732774341483,ECDSA-256,0.0001614430220797658,0.0002151919761672616,0.00017615302931517363,21.198460467974655,nan,2482164.0,71.0,91.0,True
2,22,11177318436675800653,ECDSA-256,0.0004043950466439128,0.00024016096722334623,0.00018688803538680077,21.28344388899859,nan,2482165.0,70.0,91.0,True
2,22,4195963115234942671,ECDSA-256,0.00013236002996563911,0.00019257806707173586,0.00017456698697060347,21.507397143053822,nan,2482164.0,72.0,91.0,True
2,22,12604199318121783013,ECDSA-256,0.00012119603343307972,0.00018715392798185349,0.0001782560721039772,21.653574827010743,nan,2482165.0,71.0,91.0,True
2,22,8629273772750453094,ECDSA-256,0.00011846097186207771,0.00014315894804894924,0.0001759959850460291,10.42707308800891,nan,2482164.0,71.0,91.0,True
2,23,4195963115234942671,ECDSA-256,0.0001527400454506278,0.00033733202144503593,0.0001978309592232108,20.670478041050956,nan,2482164.0,70.0,91.0,True
2,23,12604199318121783013,ECDSA-256,0.00016459706239402294,0.0003292469773441553,0.00018977199215441942,21.258863226976246,nan,2482165.0,71.0,91.0,True
2,23,11177318436675800653,ECDSA-256,0.0001267429906874895,0.0001873960718512535,0.00018825300503522158,21.331651559914462,nan,2482165.0,70.0,91.0,True
2,23,1294549732774341483,ECDSA-256,0.00012368801981210709,0.0001673210645094514,0.00023384205996990204,21.65774538705591,nan,2482164.0,70.0,91.0,True
2,23,8629273772750453094,ECDSA-256,0.00011891894973814487,0.00015321397222578526,0.0002578040584921837,10.167592684971169,nan,2482164.0,71.0,91.0,True
2,24,4195963115234942671,ECDSA-256,0.00019720394629985094,0.00029836990870535374,0.0001754449913278222,20.842271029017866,nan,2482164.0,71.0,91.0,True
2,24,12604199318121783013,ECDSA-256,0.00015668896958231926,0.00023478700313717127,0.00019490602426230907,20.772399513050914,nan,2482165.0,71.0,91.0,True
2,24,11177318436675800653,ECDSA-256,0.00015745300333946943,0.00021583400666713715,0.00017651997040957212,20.980745565029792,nan,2482165.0,71.0,91.0,True
2,24,1294549732774341483,ECDSA-256,0.0001180870458483696,0.00016199599485844374,0.00017588003538548946,20.904645344009623,nan,2482164.0,72.0,91.0,True
2,24,8629273772750453094,ECDSA-256,0.00012004503514617682,0.0001558070071041584,0.00019007304217666388,10.362326747970656,nan,2482164.0,71.0,91.0,True
2,25,4195963115234942671,ECDSA-256,0.0001254839589819312,0.00026677700225263834,0.00027614308055490255,21.11468775209505,nan,2482164.0,71.0,91.0,True
2,25,1294549732774341483,ECDSA-256,0.00016126304399222136,0.00021361093968153,0.00018212606664747,21.058630511979572,nan,2482164.0,70.0,91.0,True
2,25,12604199318121783013,ECDSA-256,0.000156642054207623,0.00017310399562120438,0.00019114301539957523,21.207952074008062,nan,2482165.0,71.0,91.0,True
2,25,11177318436675800653,ECDSA-256,0.00011940801050513983,0.00016393698751926422,0.00018040300346910954,21.338715174002573,nan,2482165.0,70.0,91.0,True
2,25,8629273772750453094,ECDSA-256,0.00011875398922711611,0.00015474006067961454,0.00017520098481327295,10.212318234960549,nan,2482164.0,71.0,91.0,True
2,26,1294549732774341483,ECDSA-256,0.00021497509442269802,0.0006069010123610497,0.00018092000391334295,20.901110987062566,nan,2482164.0,70.0,91.0,True
2,26,12604199318121783013,ECDSA-256,0.0001840710174292326,0.00019199191592633724,0.0001820919569581747,20.996284388005733,nan,2482165.0,71.0,91.0,True
2,26,4195963115234942671,ECDSA-256,0.00018720398657023907,0.00024618091993033886,0.00017595000099390745,21.08888213604223,nan,2482164.0,71.0,91.0,True
2,26,11177318436675800653,ECDSA-256,0.00011901103425770998,0.0001609170576557517,0.00017891405150294304,21.082852132967673,nan,2482165.0,71.0,91.0,True
2,26,8629273772750453094,ECDSA-256,0.0001191810006275773,0.00014578900299966335,0.00017650704830884933,10.206104662036523,nan,2482164.0,71.0,91.0,True
2,27,11177318436675800653,ECDSA-256,0.000166569952853024,0.00027318892534822226,0.0001785780768841505,21.150643025990576,nan,2482165.0,70.0,91.0,True
2,27,12604199318121783013,ECDSA-256,0.00020985002629458904,0.0002479678951203823,0.0003328870516270399,21.342648888006806,nan,2482165.0,70.0,91.0,True
2,27,1294549732774341483,ECDSA-256,0.0001291849184781313,0.0002843639813363552,0.00017652404494583607,21.31781434104778,nan,2482164.0,71.0,91.0,True
2,27,4195963115234942671,ECDSA-256,0.00012977398000657558,0.00016441894695162773,0.0002049650065600872,21.374798738048412,nan,2482164.0,71.0,91.0,True
2,27,8629273772750453094,ECDSA-256,0.00012049498036503792,0.00015502097085118294,0.00017760193441063166,10.367773092002608,nan,2482164.0,71.0,91.0,True
2,28,12604199318121783013,ECDSA-256,0.0001668910263106227,0.00024034001398831606,0.0003063370240852237,20.714740965049714,nan,2482165.0,70.0,91.0,True
2,28,1294549732774341483,ECDSA-256,0.00017625896725803614,0.0003587850369513035,0.00017712009139358997,20.805833586025983,nan,2482164.0,71.0,91.0,True
2,28,11177318436675800653,ECDSA-256,0.00012967002112418413,0.0001698089763522148,0.00019674899522215128,20.85664892802015,nan,2482165.0,70.0,91.0,True
2,28,4195963115234942671,ECDSA-256,0.0001225660089403391,0.00015924603212624788,0.000311926007270813,21.216226065997034,nan,2482164.0,71.0,91.0,True
2,28,8629273772750453094,ECDSA-256,0.00012183596845716238,0.00015145307406783104,0.00017431098967790604,10.2533464160515,nan,2482164.0,71.0,91.0,True
2,29,11177318436675800653,ECDSA-256,0.00016410206444561481,0.00022371101658791304,0.00017739005852490664,20.817916954983957,nan,2482165.0,71.0,91.0,True
2,29,12604199318121783013,ECDSA-256,0.0001604070421308279,0.00017461401876062155,0.00017981103155761957,20.944072813959792,nan,2482165.0,71.0,91.0,True
2,29,4195963115234942671,ECDSA-256,0.00012462201993912458,0.00019411498215049505,0.00024130591191351414,21.075346541940235,nan,2482164.0,71.0,91.0,True
2,29,1294549732774341483,ECDSA-256,0.00013607193250209093,0.00015942903701215982,0.00017940194811671972,21.07746622990817,nan,2482164.0,71.0,91.0,True
2,29,8629273772750453094,ECDSA-256,0.00011778296902775764,0.0001523890532553196,0.0001750589581206441,10.436493778019212,nan,2482164.0,71.0,91.0,True
2,30,11177318436675800653,ECDSA-256,0.00023877702187746763,0.00033420196268707514,0.00017538899555802345,20.919225241988897,nan,2482165.0,72.0,91.0,True
2,30,4195963115234942671,ECDSA-256,0.00019104406237602234,0.0001710039796307683,0.00017688097432255745,21.296464200946502,nan,2482164.0,72.0,91.0,True
2,30,1294549732774341483,ECDSA-256,0.00012418197002261877,0.00028160098008811474,0.00022270705085247755,21.273403079016134,nan,2482164.0,72.0,91.0,True
2,30,12604199318121783013,ECDSA-256,0.00017142004799097776,0.0001559820957481861,0.00025056791491806507,21.414927237899974,nan,2482165.0,70.0,91.0,True
2,30,8629273772750453094,ECDSA-256,0.00012011406943202019,0.00015306007117033005,0.0001741539454087615,10.319355478975922,nan,2482164.0,71.0,91.0,True
3,1,2128602135059355328,ECDSA-256,0.004415780073031783,0.0006601199274882674,0.0005842730170115829,21.585831197095104,2.173926848953905,2482164.0,72.0,91.0,True
3,1,1031334779883786145,ECDSA-256,0.005110303056426346,0.0010830489918589592,0.00017725699581205845,21.637475978932343,2.1362493293353926,2482164.0,70.0,91.0,True
3,1,14745074068010982242,ECDSA-256,0.005111563019454479,0.0006033150712028146,0.00017479294911026955,21.817574030021206,2.0916013245384533,2482165.0,72.0,91.0,True
3,1,3735825290944636454,ECDSA-256,0.003151634940877557,0.0005753720179200172,0.00017858901992440224,21.792049653013237,2.1068035246084293,2482164.0,71.0,91.0,True
3,1,4562793703050592712,ECDSA-256,0.00012739305384457111,0.0001432819990441203,0.0002100529382005334,10.817207943997346,2.1904153545824485,2482164.0,72.0,91.0,True
3,2,2128602135059355328,ECDSA-256,0.0002554140519350767,0.00018886500038206577,0.00031658599618822336,21.44191268295981,2.0089379347170504,2482164.0,70.0,91.0,True
3,2,3735825290944636454,ECDSA-256,0.00019832304678857327,0.0002493669744580984,0.00017829902935773134,21.612075319048017,2.0006650507259676,2482164.0,70.0,91.0,True
3,2,1031334779883786145,ECDSA-256,0.0001257730182260275,0.00017884094268083572,0.00020844698883593082,21.87724247504957,1.9879762928325908,2482164.0,71.0,91.0,True
3,2,14745074068010982242,ECDSA-256,0.00013880396727472544,0.00018405995797365904,0.0001779539743438363,21.863975674961694,1.9607242555283129,2482165.0,72.0,91.0,True
3,2,4562793703050592712,ECDSA-256,0.00012398697435855865,0.00016404804773628712,0.00017757900059223175,10.586258737021126,2.0064702940444215,2482164.0,71.0,91.0,True
3,3,3735825290944636454,ECDSA-256,0.0001405050279572606,0.0002460959367454052,0.0002177860587835312,21.896992056048475,1.8706216435082041,2482164.0,71.0,91.0,True
3,3,14745074068010982242,ECDSA-256,0.0001300770090892911,0.00022226606961339712,0.00017738004680722952,21.97918906598352,1.838769534525399,2482165.0,71.0,91.0,True
3,3,2128602135059355328,ECDSA-256,0.0002221319591626525,0.0002880740212276578,0.00017598900012671947,22.017870157025754,1.8583374415723661,2482164.0,71.0,91.0,True
3,3,1031334779883786145,ECDSA-256,0.0001279760617762804,0.00016942096408456564,0.00017780798953026533,22.168424085946754,1.8703791649577717,2482164.0,71.0,91.0,True
3,3,4562793703050592712,ECDSA-256,0.0001237429678440094,0.00015340407844632864,0.00017452507745474577,10.576767025049776,1.864286303901063,2482164.0,71.0,91.0,True
3,4,2128602135059355328,ECDSA-256,0.00021279905922710896,0.00038085097912698984,0.00017930893227458,21.546827172045596,1.8431261000922694,2482164.0,71.0,91.0,True
3,4,14745074068010982242,ECDSA-256,0.00028844503685832024,0.00023592798970639706,0.00018916802946478128,21.654806567938067,1.812989709095452,2482165.0,70.0,91.0,True
3,4,1031334779883786145,ECDSA-256,0.00012360792607069016,0.00016031693667173386,0.000175839988514781,21.781909469049424,1.819815553796177,2482164.0,72.0,91.0,True
3,4,3735825290944636454,ECDSA-256,0.00016747706104069948,0.0001972210593521595,0.00017874001059681177,21.72845100890845,1.828995200010915,2482164.0,70.0,91.0,True
3,4,4562793703050592712,ECDSA-256,0.00013014592695981264,0.00014051899779587984,0.00022474199067801237,10.676272367010824,1.813283607982599,2482164.0,72.0,91.0,True
3,5,3735825290944636454,ECDSA-256,0.00023449608124792576,0.0004454050213098526,0.0001774720149114728,21.604303386993706,1.7937365477077496,2482164.0,71.0,91.0,True
3,5,14745074068010982242,ECDSA-256,0.00021945906337350607,0.00023165694437921047,0.00017768400721251965,21.640065702958964,1.7528216602703253,2482165.0,71.0,91.0,True
3,5,2128602135059355328,ECDSA-256,0.00012406706809997559,0.00016624107956886292,0.00018367706798017025,21.713975702994503,1.7908723335296581,2482164.0,72.0,91.0,True
3,5,1031334779883786145,ECDSA-256,0.00017229304648935795,0.0002226290525868535,0.00017679797019809484,21.73332754301373,1.7863095012335732,2482164.0,72.0,91.0,True
3,5,4562793703050592712,ECDSA-256,0.0001235930249094963,0.00014619599096477032,0.00017423799727112055,10.549555932055227,1.7835873517746361,2482164.0,71.0,91.0,True
3,6,3735825290944636454,ECDSA-256,0.00024062907323241234,0.0002723040524870157,0.00028031296096742153,21.60501306410879,1.7678523006530615,2482164.0,72.0,91.0,True
3,6,14745074068010982242,ECDSA-256,0.00020475802011787891,0.00024026900064200163,0.0002297189785167575,21.640722005045973,1.7654455454585651,2482165.0,71.0,91.0,True
3,6,2128602135059355328,ECDSA-256,0.0002552770311012864,0.0002510719932615757,0.00020828901324421167,21.698932055034675,1.789627534893755,2482164.0,71.0,91.0,True
3,6,1031334779883786145,ECDSA-256,0.0001628870377317071,0.00016183604020625353,0.0001814540009945631,21.913108763983473,1.7751680802994263,2482164.0,70.0,91.0,True
3,6,4562793703050592712,ECDSA-256,0.00012509501539170742,0.00015482096932828426,0.00018837605603039265,10.479334875009954,1.7702125040486978,2482164.0,72.0,91.0,True
3,7,14745074068010982242,ECDSA-256,0.0002447189763188362,0.000326086999848485,0.00018711492884904146,21.18118474294897,1.7279568495460973,2482165.0,72.0,91.0,True
3,7,1031334779883786145,ECDSA-256,0.00017077499069273472,0.00024176598526537418,0.00017730309627950191,21.257102056057192,1.7687949818163253,2482164.0,71.0,91.0,True
3,7,2128602135059355328,ECDSA-256,0.00021578790619969368,0.00028631393797695637,0.0001877089962363243,21.125881993910298,1.7978690889315865,2482164.0,72.0,91.0,True
3,7,3735825290944636454,ECDSA-256,0.00012609793338924646,0.00016548298299312592,0.00018003094010055065,21.303379373042844,1.7782138365145308,2482164.0,71.0,91.0,True
3,7,4562793703050592712,ECDSA-256,0.00012163608334958553,0.0001411139965057373,0.0002298629842698574,10.49319985799957,nan,2482164.0,72.0,91.0,True
3,8,2128602135059355328,ECDSA-256,0.00015378592070192099,0.0003697039792314172,0.00017858506180346012,21.33787425502669,nan,2482164.0,71.0,91.0,True
3,8,1031334779883786145,ECDSA-256,0.00015660200733691454,0.0001827640226110816,0.00018128298688679934,21.67216468299739,nan,2482164.0,72.0,91.0,True
3,8,3735825290944636454,ECDSA-256,0.0001545350532978773,0.00017719902098178864,0.00017350190319120884,21.629124781000428,nan,2482164.0,70.0,91.0,True
3,8,14745074068010982242,ECDSA-256,0.0001839660108089447,0.0002462740521878004,0.00017469190061092377,21.726472167065367,nan,2482165.0,72.0,91.0,True
3,8,4562793703050592712,ECDSA-256,0.00011970603372901678,0.00015449500642716885,0.00017450901214033365,10.475694896071218,nan,2482164.0,71.0,91.0,True
3,9,2128602135059355328,ECDSA-256,0.00016402697656303644,0.00023800902999937534,0.00018073106184601784,21.513411194086075,nan,2482164.0,71.0,91.0,True
3,9,3735825290944636454,ECDSA-256,0.00015666207764297724,0.00028345000464469194,0.0001797899603843689,21.487859305925667,nan,2482164.0,71.0,91.0,True
3,9,14745074068010982242,ECDSA-256,0.00011963699944317341,0.0001563070109114051,0.0001775390701368451,21.776681152987294,nan,2482165.0,70.0,91.0,True
3,9,1031334779883786145,ECDSA-256,0.00011897191870957613,0.00018153805285692215,0.00017766794189810753,21.73747253092006,nan,2482164.0,71.0,91.0,True
3,9,4562793703050592712,ECDSA-256,0.00011924107093364,0.00015218695625662804,0.00022243999410420656,10.39424259099178,nan,2482164.0,70.0,91.0,True
3,10,3735825290944636454,ECDSA-256,0.00016486691311001778,0.0002065650187432766,0.00021069904323667288,21.22597890999168,nan,2482164.0,70.0,91.0,True
3,10,1031334779883786145,ECDSA-256,0.00016682303976267576,0.00019795505795627832,0.00021519395522773266,21.24705119105056,nan,2482164.0,71.0,91.0,True
3,10,2128602135059355328,ECDSA-256,0.00016543397214263678,0.00029834406450390816,0.00031138304620981216,21.435103956027888,nan,2482164.0,71.0,91.0,True
3,10,14745074068010982242,ECDSA-256,0.0001211799681186676,0.00015862402506172657,0.00019455899018794298,21.58504560298752,nan,2482165.0,72.0,91.0,True
3,10,4562793703050592712,ECDSA-256,0.00012205191887915134,0.00014467502478510141,0.00022214907221496105,10.241515222005546,nan,2482164.0,71.0,91.0,True
3,11,3735825290944636454,ECDSA-256,0.00019690301269292831,0.000266446964815259,0.00018128391820937395,21.51641716703307,nan,2482164.0,72.0,91.0,True
3,11,1031334779883786145,ECDSA-256,0.00020250596571713686,0.00017139501869678497,0.00017976504750549793,21.717179379076697,nan,2482164.0,71.0,91.0,True
3,11,14745074068010982242,ECDSA-256,0.00023783708456903696,0.00030438194517046213,0.00017490191385149956,21.697120686993003,nan,2482165.0,71.0,91.0,True
3,11,2128602135059355328,ECDSA-256,0.00013572594616562128,0.00016386201605200768,0.00018391793128103018,21.773025065893307,nan,2482164.0,71.0,91.0,True
3,11,4562793703050592712,ECDSA-256,0.00012130197137594223,0.00015140208415687084,0.00017609307542443275,10.388981995056383,nan,2482164.0,70.0,91.0,True
3,12,14745074068010982242,ECDSA-256,0.000157075934112072,0.00025165698025375605,0.0001853040885180235,21.398688022978604,nan,2482165.0,71.0,91.0,True
3,12,3735825290944636454,ECDSA-256,0.00023412902373820543,0.00016934005543589592,0.00017802603542804718,21.61724354501348,nan,2482164.0,72.0,91.0,True
3,12,1031334779883786145,ECDSA-256,0.00017274904530495405,0.00025144091341644526,0.00019514397718012333,21.5954646730097,nan,2482164.0,71.0,91.0,True
3,12,2128602135059355328,ECDSA-256,0.00017394497990608215,0.0002464179415255785,0.00018297205679118633,21.602617491967976,nan,2482164.0,70.0,91.0,True
3,12,4562793703050592712,ECDSA-256,0.00011857203207910061,0.0001550519373267889,0.00021871505305171013,10.427779322955757,nan,2482164.0,71.0,91.0,True
3,13,3735825290944636454,ECDSA-256,0.00016505399253219366,0.00028804305475205183,0.00024766207206994295,20.90097619302105,nan,2482164.0,71.0,91.0,True
3,13,14745074068010982242,ECDSA-256,0.00017082795966416597,0.0002370739821344614,0.00017577200196683407,21.045011511072516,nan,2482165.0,72.0,91.0,True
3,13,1031334779883786145,ECDSA-256,0.00012431293725967407,0.00018479907885193825,0.00020065996795892715,21.25746978004463,nan,2482164.0,70.0,91.0,True
3,13,2128602135059355328,ECDSA-256,0.00015873601660132408,0.00015563098713755608,0.00017510098405182362,21.22672556899488,nan,2482164.0,72.0,91.0,True
3,13,4562793703050592712,ECDSA-256,0.00011967308819293976,0.0001469069393351674,0.00023362901993095875,10.495518042007461,nan,2482164.0,72.0,91.0,True
3,14,14745074068010982242,ECDSA-256,0.000214293017052114,0.0003501910250633955,0.00017843698151409626,21.59075789002236,nan,2482165.0,70.0,91.0,True
3,14,3735825290944636454,ECDSA-256,0.00019554502796381712,0.00017961091361939907,0.00019234500359743834,21.61212596402038,nan,2482164.0,72.0,91.0,True
3,14,2128602135059355328,ECDSA-256,0.00018923997413367033,0.00023478397633880377,0.00019255804363638163,21.57770916901063,nan,2482164.0,71.0,91.0,True
3,14,1031334779883786145,ECDSA-256,0.0001263120211660862,0.00021002092398703098,0.00017568503972142935,21.84827606403269,nan,2482164.0,72.0,91.0,True
3,14,4562793703050592712,ECDSA-256,0.00016671896446496248,0.00015204702503979206,0.0001886109821498394,10.239346086978912,nan,2482164.0,71.0,91.0,True
3,15,14745074068010982242,ECDSA-256,0.00020455801859498024,0.0006131839472800493,0.00021177902817726135,21.55210246599745,nan,2482165.0,72.0,91.0,True
3,15,1031334779883786145,ECDSA-256,0.0002750999992713332,0.00023677898570895195,0.0001838509924709797,21.650899401982315,nan,2482164.0,70.0,91.0,True
3,15,3735825290944636454,ECDSA-256,0.00017206603661179543,0.00018304598052054644,0.00018344901036471128,21.807805944001302,nan,2482164.0,71.0,91.0,True
3,15,2128602135059355328,ECDSA-256,0.00012044096365571022,0.00016192602925002575,0.0001882630167528987,21.912362911971286,nan,2482164.0,71.0,91.0,True
3,15,4562793703050592712,ECDSA-256,0.00011900707613676786,0.0001554469345137477,0.00018117600120604038,10.233382634003647,nan,2482164.0,71.0,91.0,True
3,16,1031334779883786145,ECDSA-256,0.00014581996947526932,0.0003850390203297138,0.00017919507808983326,21.65202748402953,nan,2482164.0,70.0,91.0,True
3,16,2128602135059355328,ECDSA-256,0.00017142598517239094,0.0002758830087259412,0.0001745619811117649,21.919970507966354,nan,2482164.0,72.0,91.0,True
3,16,14745074068010982242,ECDSA-256,0.00011690601240843534,0.00016157294157892466,0.00017649098299443722,22.014150882023387,nan,2482165.0,70.0,91.0,True
3,16,3735825290944636454,ECDSA-256,0.00013744202442467213,0.0002464019926264882,0.0002755480818450451,21.956326422048733,nan,2482164.0,71.0,91.0,True
3,16,4562793703050592712,ECDSA-256,0.00012197508476674557,0.00014006905257701874,0.0001761420862749219,10.461567432968877,nan,2482164.0,70.0,91.0,True
3,17,14745074068010982242,ECDSA-256,0.00018374400679022074,0.0005286270752549171,0.0001745870104059577,21.948209597030655,nan,2482165.0,71.0,91.0,True
3,17,1031334779883786145,ECDSA-256,0.00020857201889157295,0.0002863360568881035,0.00017346104141324759,22.040253981016576,nan,2482164.0,70.0,91.0,True
3,17,3735825290944636454,ECDSA-256,0.00012197496835142374,0.00016087200492620468,0.00017380109056830406,22.152138278004713,nan,2482164.0,71.0,91.0,True
3,17,2128602135059355328,ECDSA-256,0.0001693300437182188,0.00020195497199892998,0.0001839140895754099,22.055000274907798,nan,2482164.0,71.0,91.0,True
3,17,4562793703050592712,ECDSA-256,0.00012054794933646917,0.00014597398694604635,0.00017732393462210894,10.440862443996593,nan,2482164.0,70.0,91.0,True
3,18,14745074068010982242,ECDSA-256,0.00017522997222840786,0.00024391699116677046,0.00020000699441879988,21.143631552928127,nan,2482165.0,71.0,91.0,True
3,18,3735825290944636454,ECDSA-256,0.00020674895495176315,0.0002459579845890403,0.00017881905660033226,21.281806025072,nan,2482164.0,70.0,91.0,True
3,18,1031334779883786145,ECDSA-256,0.00023021106608211994,0.00017514300998300314,0.00018034898675978184,21.303982296027243,nan,2482164.0,71.0,91.0,True
3,18,2128602135059355328,ECDSA-256,0.0001373480772599578,0.00015873205848038197,0.00020787096582353115,21.42129094793927,nan,2482164.0,70.0,91.0,True
3,18,4562793703050592712,ECDSA-256,0.00012196204625070095,0.00014802906662225723,0.00018179998733103275,10.610382922925055,nan,2482164.0,71.0,91.0,True
3,19,1031334779883786145,ECDSA-256,0.00019557098858058453,0.00017655501142144203,0.0001821109326556325,20.62841877003666,nan,2482164.0,72.0,91.0,True
3,19,2128602135059355328,ECDSA-256,0.00016820605378597975,0.00034430401865392923,0.0001796049764379859,20.88372771302238,nan,2482164.0,71.0,91.0,True
3,19,3735825290944636454,ECDSA-256,0.0001680039567872882,0.000142857083119452,0.00017487502191215754,20.940459972945973,nan,2482164.0,72.0,91.0,True
3,19,14745074068010982242,ECDSA-256,0.00015352701302617788,0.00017055205535143614,0.0002673170529305935,20.902040602988563,nan,2482165.0,72.0,91.0,True
3,19,4562793703050592712,ECDSA-256,0.00011935608927160501,0.00015142804477363825,0.00017318804748356342,10.411844228976406,nan,2482164.0,71.0,91.0,True
3,20,2128602135059355328,ECDSA-256,0.00017166102770715952,0.0004216559464111924,0.00021809095051139593,21.773782065953128,nan,2482164.0,72.0,91.0,True
3,20,14745074068010982242,ECDSA-256,0.0002157560084015131,0.0004213480278849602,0.00017705699428915977,21.859619232011028,nan,2482165.0,71.0,91.0,True
3,20,1031334779883786145,ECDSA-256,0.00011980801355093718,0.0002985820174217224,0.00027523504104465246,21.93921981798485,nan,2482164.0,71.0,91.0,True
3,20,3735825290944636454,ECDSA-256,0.00010564900003373623,0.0001638180110603571,0.0002152139786630869,21.961586341029033,nan,2482164.0,71.0,91.0,True
3,20,4562793703050592712,ECDSA-256,0.00011931103654205799,0.0001481650397181511,0.00022658600937575102,10.458541486994363,nan,2482164.0,71.0,91.0,True
3,21,1031334779883786145,ECDSA-256,0.00014603591989725828,0.0003486459609121084,0.00017733802087605,21.467529891058803,nan,2482164.0,70.0,91.0,True
3,21,2128602135059355328,ECDSA-256,0.00017300504259765148,0.00029403797816485167,0.0001777369761839509,21.700045122997835,nan,2482164.0,72.0,91.0,True
3,21,14745074068010982242,ECDSA-256,0.0001258120173588395,0.0003193480661138892,0.00017825793474912643,21.723364431993105,nan,2482165.0,71.0,91.0,True
3,21,3735825290944636454,ECDSA-256,0.00011966389138251543,0.00015552609693259,0.0002239110181108117,21.88602809002623,nan,2482164.0,70.0,91.0,True
3,21,4562793703050592712,ECDSA-256,0.00013050809502601624,0.00014826899860054255,0.00018114398699253798,10.315795550937764,nan,2482164.0,70.0,91.0,True
3,22,2128602135059355328,ECDSA-256,0.0003356699598953128,0.00026930600870400667,0.00019426108337938786,21.529451842070557,nan,2482164.0,71.0,91.0,True
3,22,1031334779883786145,ECDSA-256,0.00030708208214491606,0.0001721360022202134,0.00019285304006189108,21.652607062016614,nan,2482164.0,71.0,91.0,True
3,22,14745074068010982242,ECDSA-256,0.00019117002375423908,0.00018117809668183327,0.00017598900012671947,21.69422399601899,nan,2482165.0,71.0,91.0,True
3,22,3735825290944636454,ECDSA-256,0.00011933292262256145,0.00015788397286087275,0.0001762190368026495,21.73728196101729,nan,2482164.0,70.0,91.0,True
3,22,4562793703050592712,ECDSA-256,0.00012432504445314407,0.00013948895502835512,0.00017620902508497238,10.521447109989822,nan,2482164.0,70.0,91.0,True
3,23,2128602135059355328,ECDSA-256,0.00020054401829838753,0.0001702160807326436,0.00021381303668022156,21.26359513902571,nan,2482164.0,72.0,91.0,True
3,23,14745074068010982242,ECDSA-256,0.00019777705892920494,0.00037214800249785185,0.00018022803124040365,21.398571747005917,nan,2482165.0,70.0,91.0,True
3,23,3735825290944636454,ECDSA-256,0.00018029497005045414,0.00022619194351136684,0.0003112120321020484,21.41116661997512,nan,2482164.0,70.0,91.0,True
3,23,1031334779883786145,ECDSA-256,0.00011947692837566137,0.00016211892943829298,0.0002511849161237478,21.447715719928965,nan,2482164.0,70.0,91.0,True
3,23,4562793703050592712,ECDSA-256,0.00012107496149837971,0.00013788207434117794,0.00021168403327465057,10.395991319906898,nan,2482164.0,71.0,91.0,True
3,24,2128602135059355328,ECDSA-256,0.00016477890312671661,0.000413627945818007,0.00019868207164108753,21.133355129975826,nan,2482164.0,71.0,91.0,True
3,24,14745074068010982242,ECDSA-256,0.00020305695943534374,0.00025382498279213905,0.00019533000886440277,21.52389474399388,nan,2482165.0,72.0,91.0,True
3,24,1031334779883786145,ECDSA-256,0.00017240096349269152,0.00025955401360988617,0.00019342591986060143,21.539352425024845,nan,2482164.0,70.0,91.0,True
3,24,3735825290944636454,ECDSA-256,0.00011991697829216719,0.00015911005903035402,0.00021480105351656675,21.600573758012615,nan,2482164.0,71.0,91.0,True
3,24,4562793703050592712,ECDSA-256,0.00011884002014994621,0.0001537860371172428,0.00019164104014635086,10.349399739992805,nan,2482164.0,71.0,91.0,True
3,25,2128602135059355328,ECDSA-256,0.00017140107229351997,0.00044725509360432625,0.00018097995780408382,21.404080105014145,nan,2482164.0,70.0,91.0,True
3,25,1031334779883786145,ECDSA-256,0.00021348008885979652,0.0002484009601175785,0.00017825805116444826,21.464012554031797,nan,2482164.0,71.0,91.0,True
3,25,14745074068010982242,ECDSA-256,0.00012544100172817707,0.00015748490113765,0.0001725789625197649,21.63468587398529,nan,2482165.0,72.0,91.0,True
3,25,3735825290944636454,ECDSA-256,0.00011777610052376986,0.00018438301049172878,0.0001845140941441059,21.678662313031964,nan,2482164.0,72.0,91.0,True
3,25,4562793703050592712,ECDSA-256,0.00011868192814290524,0.00015069707296788692,0.00017646397463977337,10.384290470043197,nan,2482164.0,71.0,91.0,True
3,26,3735825290944636454,ECDSA-256,0.00017993699293583632,0.00024506496265530586,0.00017714593559503555,21.469641630072147,nan,2482164.0,72.0,91.0,True
3,26,2128602135059355328,ECDSA-256,0.00016496307216584682,0.0002375779440626502,0.00017882499378174543,21.55365651997272,nan,2482164.0,71.0,91.0,True
3,26,14745074068010982242,ECDSA-256,0.00017977994866669178,0.0001728819916024804,0.00017582194413989782,21.578528055921197,nan,2482165.0,70.0,91.0,True
3,26,1031334779883786145,ECDSA-256,0.00011902698315680027,0.00016122707165777683,0.00017587002366781235,21.728426126064733,nan,2482164.0,72.0,91.0,True
3,26,4562793703050592712,ECDSA-256,0.00012112502008676529,0.0001420250628143549,0.000225546071305871,10.245717135025188,nan,2482164.0,71.0,91.0,True
3,27,3735825290944636454,ECDSA-256,0.000179952010512352,0.00022578903008252382,0.0001795319840312004,21.758868355071172,nan,2482164.0,71.0,91.0,True
3,27,14745074068010982242,ECDSA-256,0.0001798029989004135,0.0001784920459613204,0.00022162206005305052,22.250742212985642,nan,2482165.0,71.0,91.0,True
3,27,1031334779883786145,ECDSA-256,0.00016569707076996565,0.00018486997578293085,0.00029054004698991776,22.147854260983877,nan,2482164.0,72.0,91.0,True
3,27,2128602135059355328,ECDSA-256,0.00017262506298720837,0.00023970799520611763,0.00017867807764559984,22.199826798052527,nan,2482164.0,70.0,91.0,True
3,27,4562793703050592712,ECDSA-256,0.00012021593283861876,0.000150993000715971,0.00022156001068651676,10.29668293602299,nan,2482164.0,71.0,91.0,True
3,28,1031334779883786145,ECDSA-256,0.00017509900499135256,0.000323995016515255,0.0003800300182774663,21.160859452094883,nan,2482164.0,71.0,91.0,True
3,28,2128602135059355328,ECDSA-256,0.00020834500901401043,0.00018076493870466948,0.00017650506924837828,21.395926831988618,nan,2482164.0,71.0,91.0,True
3,28,14745074068010982242,ECDSA-256,0.0001593200722709298,0.00016333803068846464,0.00021441502030938864,21.558198913000524,nan,2482165.0,72.0,91.0,True
3,28,3735825290944636454,ECDSA-256,0.0001610129838809371,0.0002043460262939334,0.00018045096658170223,21.53001521306578,nan,2482164.0,70.0,91.0,True
3,28,4562793703050592712,ECDSA-256,0.00012029404751956463,0.00013901595957577229,0.00017936492804437876,10.29992385103833,nan,2482164.0,71.0,91.0,True
3,29,1031334779883786145,ECDSA-256,0.00017909100279211998,0.00026623799931257963,0.0003996009472757578,21.981991939013824,nan,2482164.0,70.0,91.0,True
3,29,14745074068010982242,ECDSA-256,0.00012541399337351322,0.00018047797493636608,0.00018169893883168697,22.08987809997052,nan,2482165.0,72.0,91.0,True
3,29,3735825290944636454,ECDSA-256,0.00021406193263828754,0.00024431501515209675,0.00024570105597376823,22.066677446942776,nan,2482164.0,70.0,91.0,True
3,29,2128602135059355328,ECDSA-256,0.00015795498620718718,0.0001807590015232563,0.00017652695532888174,22.136210854980163,nan,2482164.0,71.0,91.0,True
3,29,4562793703050592712,ECDSA-256,0.00012388196773827076,0.00014149793423712254,0.0001928920391947031,10.530997044988908,nan,2482164.0,71.0,91.0,True
3,30,2128602135059355328,ECDSA-256,0.00018651597201824188,0.000517962034791708,0.00024054397363215685,21.364056396996602,nan,2482164.0,71.0,91.0,True
3,30,1031334779883786145,ECDSA-256,0.0001653009094297886,0.00016537203919142485,0.00018868292681872845,21.571478013996966,nan,2482164.0,71.0,91.0,True
3,30,14745074068010982242,ECDSA-256,0.000122971017844975,0.00023513601627200842,0.00018338102381676435,21.589627546956763,nan,2482165.0,71.0,91.0,True
3,30,3735825290944636454,ECDSA-256,0.00012092094402760267,0.00017313600983470678,0.000222695991396904,21.68223307991866,nan,2482164.0,72.0,91.0,True
3,30,4562793703050592712,ECDSA-256,0.0001212599454447627,0.00015406101010739803,0.00022979301866143942,10.457213457091711,nan,2482164.0,71.0,91.0,True
4,1,17850392462321011617,ECDSA-256,0.005585046019405127,0.0009131219703704119,0.0005527869798243046,21.289653485058807,2.236349025092567,2482165.0,71.0,91.0,True
4,1,7375279394780718478,ECDSA-256,0.0036424939753487706,0.0005440019303932786,0.0001755210105329752,21.369403349002823,2.0741572669519783,2482164.0,71.0,91.0,True
4,1,17989482831006122918,ECDSA-256,0.0035301620373502374,0.0006195619935169816,0.000197785091586411,21.35157213592902,2.1875501208412,2482165.0,71.0,91.0,True
4,1,644279785046515220,ECDSA-256,0.0031560870120301843,0.0005610600346699357,0.00018807000014930964,21.313301918911748,2.275110896022175,2482163.0,71.0,91.0,True
4,1,6792665001130327905,ECDSA-256,0.00012688292190432549,0.00013687298633158207,0.00017446803394705057,10.906478855991736,2.3422645189510747,2482164.0,72.0,91.0,True
4,2,644279785046515220,ECDSA-256,0.00032277905847877264,0.00033265992533415556,0.0001785720232874155,21.11500456999056,2.026914344047205,2482163.0,70.0,91.0,True
4,2,17989482831006122918,ECDSA-256,0.00013218505773693323,0.00024391210172325373,0.00017404998652637005,21.286506825941615,2.1067599953173066,2482165.0,71.0,91.0,True
4,2,17850392462321011617,ECDSA-256,0.00012722902465611696,0.00018556206487119198,0.0002995890099555254,21.37456084904261,2.0920936253885873,2482165.0,71.0,91.0,True
4,2,7375279394780718478,ECDSA-256,0.0001311679370701313,0.00015887292101979256,0.00017723499331623316,21.535597646958195,2.0711182668186225,2482164.0,72.0,91.0,True
4,2,6792665001130327905,ECDSA-256,0.0001243998995050788,0.0001573630142956972,0.00022179307416081429,10.604404216981493,2.1159091125281093,2482164.0,72.0,91.0,True
4,3,17989482831006122918,ECDSA-256,0.0001840520417317748,0.0001723179593682289,0.00021254096645861864,21.14649162592832,1.983965282242138,2482165.0,70.0,91.0,True
4,3,17850392462321011617,ECDSA-256,0.00015780795365571976,0.0002970549976453185,0.00017724500503391027,21.248291868017986,1.9761026720650279,2482165.0,70.0,91.0,True
4,3,644279785046515220,ECDSA-256,0.00013244396541267633,0.00019873399287462234,0.00017329398542642593,21.407480165013112,1.9563358401338133,2482163.0,72.0,91.0,True
4,3,7375279394780718478,ECDSA-256,0.00012634904123842716,0.0001650239573791623,0.00017508200835436583,21.511150998994708,1.947855931501419,2482164.0,72.0,91.0,True
4,3,6792665001130327905,ECDSA-256,0.00012220896314829588,0.00014644593466073275,0.00017684698104858398,10.418342638993636,1.9879843457438313,2482164.0,71.0,91.0,True
4,4,644279785046515220,ECDSA-256,0.00018156401347368956,0.00024295994080603123,0.0002748150145635009,21.194201987003908,1.9445516000540493,2482163.0,71.0,91.0,True
4,4,7375279394780718478,ECDSA-256,0.0002583910245448351,0.000450856052339077,0.00017933989875018597,21.48227343498729,1.9232045278762475,2482164.0,71.0,91.0,True
4,4,17850392462321011617,ECDSA-256,0.00013039703480899334,0.00017944793216884136,0.00031770404893904924,21.54190061497502,1.959156003622963,2482165.0,71.0,91.0,True
4,4,17989482831006122918,ECDSA-256,0.00012496300041675568,0.0001602859701961279,0.00018771295435726643,21.64812428096775,1.9706446431315363,2482165.0,70.0,91.0,True
4,4,6792665001130327905,ECDSA-256,0.0001260859426110983,0.00014727399684488773,0.00017485790885984898,10.307817491935566,1.9507549083270965,2482164.0,70.0,91.0,True
4,5,7375279394780718478,ECDSA-256,0.00022200902458280325,0.0002609289949759841,0.00019067106768488884,20.943664813996293,1.9069464682770993,2482164.0,71.0,91.0,True
4,5,17850392462321011617,ECDSA-256,0.0001946809934452176,0.00024236191529780626,0.00021422095596790314,20.927791899070144,1.9020517260883563,2482165.0,72.0,91.0,True
4,5,644279785046515220,ECDSA-256,0.0001756169367581606,0.00017876201309263706,0.00025080505292862654,20.989290385041386,1.8819297883457269,2482163.0,72.0,91.0,True
4,5,17989482831006122918,ECDSA-256,0.00014370307326316833,0.0001632310450077057,0.000183796975761652,21.12010264105629,1.917725815178868,2482165.0,72.0,91.0,True
4,5,6792665001130327905,ECDSA-256,0.00012671796139329672,0.00014934001956135035,0.00024829909671097994,10.556851453962736,1.9272554179730887,2482164.0,71.0,91.0,True
4,6,17850392462321011617,ECDSA-256,0.0001613440690562129,0.00024190300609916449,0.00017702102195471525,21.06423454801552,1.8782727714544667,2482165.0,72.0,91.0,True
4,6,644279785046515220,ECDSA-256,0.00022177305072546005,0.0002831559395417571,0.00017719296738505363,21.12499093695078,1.8715225126796637,2482163.0,71.0,91.0,True
4,6,7375279394780718478,ECDSA-256,0.00016716995742172003,0.00027119205333292484,0.000177083071321249,21.274495044955984,1.8591722310922396,2482164.0,72.0,91.0,True
4,6,17989482831006122918,ECDSA-256,0.00012341502588242292,0.00016509590204805136,0.00024553691036999226,21.269848971045576,1.880232399644943,2482165.0,72.0,91.0,True
4,6,6792665001130327905,ECDSA-256,0.00012397102545946836,0.0001507640117779374,0.00020617793779820204,10.858247487922199,1.87616479320648,2482164.0,70.0,91.0,True
4,7,17989482831006122918,ECDSA-256,0.0002789510181173682,0.00019181007519364357,0.0001882920041680336,21.54012194601819,1.8650572524664881,2482165.0,70.0,91.0,True
4,7,7375279394780718478,ECDSA-256,0.00016905891243368387,0.0003085980424657464,0.00019011902622878551,21.474909337004647,1.8407721085289417,2482164.0,71.0,91.0,True
4,7,17850392462321011617,ECDSA-256,0.00015967199578881264,0.00024678301997482777,0.00017470796592533588,21.59232045407407,1.8777786782755257,2482165.0,72.0,91.0,True
4,7,644279785046515220,ECDSA-256,0.00013472000136971474,0.00016442302148789167,0.00024487392511218786,21.72713604895398,1.866232638922743,2482163.0,72.0,91.0,True
4,7,6792665001130327905,ECDSA-256,0.00012006994802504778,0.00014957890380173922,0.00023514905478805304,10.400256915949285,1.8724351062561377,2482164.0,72.0,91.0,True
4,8,7375279394780718478,ECDSA-256,0.00016854307614266872,0.00023594009689986706,0.00019554607570171356,21.125962020945735,1.899237665505455,2482164.0,72.0,91.0,True
4,8,644279785046515220,ECDSA-256,0.00021678395569324493,0.0002392639871686697,0.00018365494906902313,21.146309389034286,1.8378705848901036,2482163.0,70.0,91.0,True
4,8,17850392462321011617,ECDSA-256,0.00018283305689692497,0.0002063489519059658,0.00018254900351166725,21.192776804906316,1.8683169086139424,2482165.0,70.0,91.0,True
4,8,17989482831006122918,ECDSA-256,0.0001392420381307602,0.00015921099111437798,0.00018150103278458118,21.354086134932004,1.919744064632696,2482165.0,70.0,91.0,True
4,8,6792665001130327905,ECDSA-256,0.00012048205826431513,0.00014982500579208136,0.00018302793614566326,10.710523367975838,1.8511968382631248,2482164.0,70.0,91.0,True
4,9,17989482831006122918,ECDSA-256,0.0002002529799938202,0.00018032395746558905,0.000175093999132514,21.190483195940033,1.864012650026681,2482165.0,71.0,91.0,True
4,9,7375279394780718478,ECDSA-256,0.00016348797362297773,0.0001707960618659854,0.00019421300385147333,21.20259904593695,1.856108277369612,2482164.0,71.0,91.0,True
4,9,17850392462321011617,ECDSA-256,0.00033839698880910873,0.0002875200007110834,0.0001791489776223898,21.353784850914963,1.8479891973562514,2482165.0,72.0,91.0,True
4,9,644279785046515220,ECDSA-256,0.00011838995851576328,0.0001640670234337449,0.00018143292982131243,21.382877745083533,1.852378126150503,2482163.0,70.0,91.0,True
4,9,6792665001130327905,ECDSA-256,0.00011859496589750051,0.00014537002425640821,0.00018173607531934977,10.733001585002057,1.8369943086331644,2482164.0,71.0,91.0,True
4,10,17989482831006122918,ECDSA-256,0.0002041390398517251,0.0002863010158762336,0.00017639296129345894,21.246965333004482,1.869913480914058,2482165.0,70.0,91.0,True
4,10,7375279394780718478,ECDSA-256,0.0003547439118847251,0.00025366595946252346,0.00017694593407213688,21.4327980739763,1.8319711829907597,2482164.0,70.0,91.0,True
4,10,644279785046515220,ECDSA-256,0.0002588849747553468,0.0002464279532432556,0.0001821109326556325,21.38286589307245,1.8695210599289915,2482163.0,72.0,91.0,True
4,10,17850392462321011617,ECDSA-256,0.0001237200340256095,0.00016866601072251797,0.00018145900685340166,21.504270146018825,1.8505536249270453,2482165.0,71.0,91.0,True
4,10,6792665001130327905,ECDSA-256,0.00012397498358041048,0.00014048395678400993,0.00017743103671818972,10.71305018896237,1.8491178217787332,2482164.0,71.0,91.0,True
4,11,17989482831006122918,ECDSA-256,0.00023179396521300077,0.0002475839573889971,0.00017609598580747843,21.252581026987173,1.864136336329646,2482165.0,71.0,91.0,True
4,11,644279785046515220,ECDSA-256,0.00016209494788199663,0.0001728179631754756,0.00022545899264514446,21.388352042995393,1.8279991073730273,2482163.0,71.0,91.0,True
4,11,17850392462321011617,ECDSA-256,0.00029177695978432894,0.0002468379680067301,0.00017267593648284674,21.232542684068903,1.8348040062779436,2482165.0,70.0,91.0,True
4,11,7375279394780718478,ECDSA-256,0.00015627301763743162,0.00015697896014899015,0.00020222796592861414,21.543442355003208,1.8496754759797653,2482164.0,70.0,91.0,True
4,11,6792665001130327905,ECDSA-256,0.00014284101780503988,0.000146995997056365,0.0001887449761852622,10.427649092976935,1.8417238945397325,2482164.0,71.0,91.0,True
4,12,17850392462321011617,ECDSA-256,0.00020168593619018793,0.0002810410223901272,0.00017577898688614368,21.08024071599357,1.884607692115223,2482165.0,71.0,91.0,True
4,12,17989482831006122918,ECDSA-256,0.00018130196258425713,0.0001705760369077325,0.00017705303616821766,21.32917003694456,1.854500749240668,2482165.0,70.0,91.0,True
4,12,7375279394780718478,ECDSA-256,0.0001652849605306983,0.00025538704358041286,0.0001726970076560974,21.335020869039,1.7980637116173206,2482164.0,71.0,91.0,True
4,12,644279785046515220,ECDSA-256,0.00012054597027599812,0.00025806797202676535,0.00017409003339707851,21.22849059989676,1.8188573099172916,2482163.0,71.0,91.0,True
4,12,6792665001130327905,ECDSA-256,0.00011835398618131876,0.00015855906531214714,0.00021326809655874968,10.60911144502461,1.8306539348139168,2482164.0,70.0,91.0,True
4,13,17850392462321011617,ECDSA-256,0.00012111105024814606,0.0002328840782865882,0.00043318409007042646,21.247307448997162,1.8174835508242964,2482165.0,72.0,91.0,True
4,13,7375279394780718478,ECDSA-256,0.00020420202054083347,0.00019465002696961164,0.00046781403943896294,21.34756823000498,1.833176654367782,2482164.0,71.0,91.0,True
4,13,17989482831006122918,ECDSA-256,0.00019718706607818604,0.0002777130575850606,0.00017575197853147984,21.341263964073732,1.8362404953557463,2482165.0,72.0,91.0,True
4,13,644279785046515220,ECDSA-256,0.00011923594865947962,0.0001636239467188716,0.00027354503981769085,21.461096772924066,1.8304902916899124,2482163.0,72.0,91.0,True
4,13,6792665001130327905,ECDSA-256,0.00012037099804729223,0.0001433679135516286,0.0001837010495364666,10.38381488097366,1.816512386258037,2482164.0,72.0,91.0,True
4,14,644279785046515220,ECDSA-256,0.00016056408639997244,0.00018390105105936527,0.0001759739825502038,21.071177260018885,1.799088315080149,2482163.0,71.0,91.0,True
4,14,17989482831006122918,ECDSA-256,0.0003755229990929365,0.00024153792764991522,0.00017829996068030596,21.11548433196731,1.823598175003125,2482165.0,72.0,91.0,True
4,14,17850392462321011617,ECDSA-256,0.00019112892914563417,0.00023576198145747185,0.0001802619080990553,21.26383596204687,1.8033610365261286,2482165.0,71.0,91.0,True
4,14,7375279394780718478,ECDSA-256,0.00012795510701835155,0.00016319798305630684,0.0002873500343412161,21.283772180089727,1.8271819177907878,2482164.0,72.0,91.0,True
4,14,6792665001130327905,ECDSA-256,0.00012203294318169355,0.00015026901382952929,0.0001760439481586218,10.574206745019183,1.8331222823633553,2482164.0,71.0,91.0,True
4,15,17850392462321011617,ECDSA-256,0.00027761305682361126,0.0003485740162432194,0.0003342099953442812,21.088604713906534,1.820405624164179,2482165.0,72.0,91.0,True
4,15,644279785046515220,ECDSA-256,0.00019670603796839714,0.00031607202254235744,0.00023226498160511255,21.207611619029194,1.7910168787922722,2482163.0,71.0,91.0,True
4,15,17989482831006122918,ECDSA-256,0.00018079904839396477,0.00018078903667628765,0.00021764496341347694,21.298442044993863,1.8216875490670006,2482165.0,70.0,91.0,True
4,15,7375279394780718478,ECDSA-256,0.0001250080531463027,0.00016564701218158007,0.0002169039798900485,21.339267784031108,1.806635351607594,2482164.0,71.0,91.0,True
4,15,6792665001130327905,ECDSA-256,0.00013760803267359734,0.00021647196263074875,0.0002363279927521944,11.14466191502288,1.8139614967492441,2482164.0,71.0,91.0,True
4,16,7375279394780718478,ECDSA-256,0.0001699130516499281,0.00027159310411661863,0.00033565505873411894,21.39181393897161,1.7870356503386087,2482164.0,72.0,91.0,True
4,16,17989482831006122918,ECDSA-256,0.00023410702124238014,0.0003844830207526684,0.00018338998779654503,21.37274400505703,1.8222840750179352,2482165.0,70.0,91.0,True
4,16,644279785046515220,ECDSA-256,0.00016228691674768925,0.00019050296396017075,0.00018198403995484114,21.537534589064308,1.8020129443738406,2482163.0,71.0,91.0,True
4,16,17850392462321011617,ECDSA-256,0.0001347570214420557,0.00017548201140016317,0.00021761597599834204,21.663479503942654,1.8264823215076338,2482165.0,71.0,91.0,True
4,16,6792665001130327905,ECDSA-256,0.00012182199861854315,0.00014353601727634668,0.00016938603948801756,10.546126110013574,1.82078282635052,2482164.0,70.0,91.0,True
4,17,7375279394780718478,ECDSA-256,0.00018236006144434214,0.00024379207752645016,0.00017607107292860746,20.74392741592601,1.802146719286617,2482164.0,70.0,91.0,True
4,17,17989482831006122918,ECDSA-256,0.00020312296692281961,0.00023679703008383512,0.0001933259190991521,21.271600547013804,1.8349052503847847,2482165.0,72.0,91.0,True
4,17,17850392462321011617,ECDSA-256,0.00012282200623303652,0.00020355999004095793,0.0003050940576940775,21.400023484951816,1.7958815943318815,2482165.0,71.0,91.0,True
4,17,644279785046515220,ECDSA-256,0.00013723003212362528,0.00016917195171117783,0.00019598205108195543,21.492692940984853,1.7876108343989705,2482163.0,72.0,91.0,True
4,17,6792665001130327905,ECDSA-256,0.00011798797640949488,0.0001504350220784545,0.00017421599477529526,10.537760811042972,1.79310100566084,2482164.0,70.0,91.0,True
4,18,7375279394780718478,ECDSA-256,0.0001595240319147706,0.00017876899801194668,0.0001754510449245572,21.377754320041277,1.8275429463615052,2482164.0,70.0,91.0,True
4,18,17850392462321011617,ECDSA-256,0.0002610300434753299,0.0003046570345759392,0.00017672497779130936,21.367535577970557,1.799962952495002,2482165.0,71.0,91.0,True
4,18,644279785046515220,ECDSA-256,0.00016411591786891222,0.0002422989346086979,0.00017296394798904657,21.3687072689645,1.7992849662281072,2482163.0,71.0,91.0,True
4,18,17989482831006122918,ECDSA-256,0.00012605998199433088,0.00018345704302191734,0.0001812400296330452,21.533364434028044,1.784692233743759,2482165.0,71.0,91.0,True
4,18,6792665001130327905,ECDSA-256,0.00012106599751859903,0.00015228695701807737,0.00020537793170660734,10.683604518999346,1.7984887628128734,2482164.0,71.0,91.0,True
4,19,17850392462321011617,ECDSA-256,0.0002812100574374199,0.00017096602823585272,0.00017781101632863283,21.27240133995656,1.8437904717442326,2482165.0,71.0,91.0,True
4,19,7375279394780718478,ECDSA-256,0.0001227579778060317,0.0001803640043362975,0.0001749249640852213,21.34656819398515,1.7635322893008638,2482164.0,72.0,91.0,True
4,19,17989482831006122918,ECDSA-256,0.00018491002265363932,0.00020203995518386364,0.00017924397252500057,21.377962813945487,1.8127408214270497,2482165.0,72.0,91.0,True
4,19,644279785046515220,ECDSA-256,0.00011880090460181236,0.00016137398779392242,0.00017872394528239965,21.557103737955913,1.7596143533627446,2482163.0,70.0,91.0,True
4,19,6792665001130327905,ECDSA-256,0.00011894106864929199,0.0001530050067231059,0.0001824109349399805,10.503858016920276,1.7985665253556955,2482164.0,70.0,91.0,True
4,20,7375279394780718478,ECDSA-256,0.00019131507724523544,0.00030586100183427334,0.0003095349529758096,21.150694179930724,1.8019385817713631,2482164.0,72.0,91.0,True
4,20,644279785046515220,ECDSA-256,0.00023510202299803495,0.00018454703968018293,0.0001754859695211053,21.214702210971154,1.7613815674766564,2482163.0,72.0,91.0,True
4,20,17850392462321011617,ECDSA-256,0.00017876201309263706,0.00015915697440505028,0.0001724129542708397,21.28071916603949,1.7935050067048484,2482165.0,71.0,91.0,True
4,20,17989482831006122918,ECDSA-256,0.00020174600649625063,0.00022133404854685068,0.00018731795717030764,21.32498708507046,1.791527080840577,2482165.0,71.0,91.0,True
4,20,6792665001130327905,ECDSA-256,0.00012017798144370317,0.00014654395636171103,0.0001761309104040265,10.579434988088906,1.736537306072613,2482164.0,71.0,91.0,True
4,21,7375279394780718478,ECDSA-256,0.00016277201939374208,0.00023121305275708437,0.00018481200095266104,21.346407926059328,1.7810830334885814,2482164.0,71.0,91.0,True
4,21,644279785046515220,ECDSA-256,0.0002067988971248269,0.00019135000184178352,0.00020720099564641714,21.668318463023752,1.775522825055229,2482163.0,70.0,91.0,True
4,21,17850392462321011617,ECDSA-256,0.0001314739929512143,0.00017652788665145636,0.00019451603293418884,21.921781308948994,1.780777783439563,2482165.0,70.0,91.0,True
4,21,17989482831006122918,ECDSA-256,0.00012098101433366537,0.00015994289424270391,0.0001778160221874714,21.95870413002558,1.7850512601316166,2482165.0,72.0,91.0,True
4,21,6792665001130327905,ECDSA-256,0.00011972105130553246,0.00016954797320067883,0.00017477897927165031,10.336772171081975,1.7672663214869393,2482164.0,71.0,91.0,True
4,22,644279785046515220,ECDSA-256,0.00016595900524407625,0.0002806020202115178,0.00019075698219239712,20.97843067906797,1.8125429884694255,2482163.0,70.0,91.0,True
4,22,17850392462321011617,ECDSA-256,0.00020095601212233305,0.00023909693118184805,0.0003637439804151654,21.192290428909473,1.774366297280065,2482165.0,70.0,91.0,True
4,22,17989482831006122918,ECDSA-256,0.00016503897495567799,0.00022556399926543236,0.00021397299133241177,21.44286750489846,1.80037501635262,2482165.0,72.0,91.0,True
4,22,7375279394780718478,ECDSA-256,0.00011654198169708252,0.00015705195255577564,0.00020296801812946796,21.51076549803838,1.772795146646591,2482164.0,72.0,91.0,True
4,22,6792665001130327905,ECDSA-256,0.0001167419832199812,0.0001687629846855998,0.00019550800789147615,10.34832550608553,1.759803354930573,2482164.0,72.0,91.0,True
4,23,17850392462321011617,ECDSA-256,0.00017874198965728283,0.00043632800225168467,0.00019149796571582556,20.617044690065086,1.7530889602514883,2482165.0,71.0,91.0,True
4,23,644279785046515220,ECDSA-256,0.00014590600039809942,0.0002695049624890089,0.00018017704132944345,21.142409819061868,1.7378689979973692,2482163.0,72.0,91.0,True
4,23,17989482831006122918,ECDSA-256,0.00014997797552496195,0.00018235796596854925,0.0001745140179991722,21.133703980012797,1.7839795396731684,2482165.0,70.0,91.0,True
4,23,7375279394780718478,ECDSA-256,0.00012832903303205967,0.00018227496184408665,0.00020174903329461813,21.120868935016915,1.7444854757656305,2482164.0,71.0,91.0,True
4,23,6792665001130327905,ECDSA-256,0.00011927704326808453,0.00013908697292208672,0.0001768090296536684,10.4302382490132,1.7572188891541844,2482164.0,71.0,91.0,True
4,24,17989482831006122918,ECDSA-256,0.00028588995337486267,0.0002016590442508459,0.0001787591027095914,21.171235181041993,1.7573671927467323,2482165.0,70.0,91.0,True
4,24,17850392462321011617,ECDSA-256,0.000160295981913805,0.00017152202781289816,0.0001795249991118908,21.30340321199037,1.8127449465255006,2482165.0,71.0,91.0,True
4,24,644279785046515220,ECDSA-256,0.00012196600437164307,0.0001821969635784626,0.0002002279506996274,21.421358727966435,1.74690366019837,2482163.0,72.0,91.0,True
4,24,7375279394780718478,ECDSA-256,0.0001204370055347681,0.0001630530459806323,0.000221134047023952,21.453738725045696,1.7730139341598121,2482164.0,71.0,91.0,True
4,24,6792665001130327905,ECDSA-256,0.00011954398360103369,0.00014805002138018608,0.00022061506751924753,10.88922267802991,1.765850074755879,2482164.0,70.0,91.0,True
4,25,7375279394780718478,ECDSA-256,0.00023623707238584757,0.00026408792473375797,0.00017819798085838556,21.336220021010377,1.750516969555864,2482164.0,72.0,91.0,True
4,25,644279785046515220,ECDSA-256,0.00015425507444888353,0.0001751220552250743,0.0001785620115697384,21.491080450010486,1.7493784225786837,2482163.0,70.0,91.0,True
4,25,17989482831006122918,ECDSA-256,0.0001548660220578313,0.0001742490567266941,0.0001710070064291358,21.440882090013474,1.7534900778017866,2482165.0,72.0,91.0,True
4,25,17850392462321011617,ECDSA-256,0.0001184151042252779,0.00019727007020264864,0.00017423799727112055,21.549831619951874,1.7567034765554312,2482165.0,72.0,91.0,True
4,25,6792665001130327905,ECDSA-256,0.00011978496331721544,0.00014120899140834808,0.0002088799374178052,10.753525924985297,1.8804829741438356,2482164.0,72.0,91.0,True
4,26,644279785046515220,ECDSA-256,0.00022447307128459215,0.00017473590560257435,0.0001773480325937271,21.33128898497671,1.748672169237472,2482163.0,72.0,91.0,True
4,26,7375279394780718478,ECDSA-256,0.00018242793157696724,0.0001694419188424945,0.0004033279838040471,21.419032388017513,1.7428028172197434,2482164.0,71.0,91.0,True
4,26,17989482831006122918,ECDSA-256,0.00019750406499952078,0.00024876499082893133,0.00027470197528600693,21.36544231697917,1.7384386310181297,2482165.0,72.0,91.0,True
4,26,17850392462321011617,ECDSA-256,0.00011773302685469389,0.00015825103037059307,0.00017597898840904236,21.576063422020525,1.774965679302764,2482165.0,71.0,91.0,True
4,26,6792665001130327905,ECDSA-256,0.00011904200073331594,0.00012910703662782907,0.0001802269835025072,10.710825489950366,1.724800840734293,2482164.0,72.0,91.0,True
4,27,644279785046515220,ECDSA-256,0.0001828889362514019,0.00017691904213279486,0.00017417001072317362,21.24888418801129,1.7568747464079446,2482163.0,72.0,91.0,True
4,27,17850392462321011617,ECDSA-256,0.00018395704682916403,0.0002860430395230651,0.000307259033434093,21.343067305977456,1.7698414653254013,2482165.0,71.0,91.0,True
4,27,7375279394780718478,ECDSA-256,0.000136640970595181,0.00017840706277638674,0.00017372507136315107,21.468857268919237,1.7233295014110237,2482164.0,71.0,91.0,True
4,27,17989482831006122918,ECDSA-256,0.00012472004164010286,0.0001623230054974556,0.0002660140162333846,21.576761575066485,1.747881569801428,2482165.0,72.0,91.0,True
4,27,6792665001130327905,ECDSA-256,0.00012080906890332699,0.00013770197983831167,0.0001835869625210762,10.479609259986319,1.7109125525044937,2482164.0,71.0,91.0,True
4,28,644279785046515220,ECDSA-256,0.0009946089703589678,0.00032628094777464867,0.012410596013069153,20.939951511914842,1.7255156851424196,2482163.0,71.0,91.0,True
4,28,17989482831006122918,ECDSA-256,0.0001948970602825284,0.0005934250075370073,0.0003163189394399524,21.34098915697541,1.7342423931859172,2482165.0,70.0,91.0,True
4,28,17850392462321011617,ECDSA-256,0.0001188049791380763,0.00015744904521852732,0.0002127171028405428,21.601460218895227,1.729280281752443,2482165.0,71.0,91.0,True
4,28,7375279394780718478,ECDSA-256,0.00013230496551841497,0.0002575180260464549,0.0001958189532160759,21.564950594096445,1.7304633665389526,2482164.0,70.0,91.0,True
4,28,6792665001130327905,ECDSA-256,0.0001182949636131525,0.00015921099111437798,0.00019080995116382837,10.431305776000954,1.728427282537515,2482164.0,70.0,91.0,True
4,29,7375279394780718478,ECDSA-256,0.0002934100339189172,0.0005148189375177026,0.0001759389415383339,21.048109218943864,1.7259270352677416,2482164.0,71.0,91.0,True
4,29,17850392462321011617,ECDSA-256,0.00016887299716472626,0.00032718293368816376,0.00020618306007236242,21.174692558008246,1.7571798239272243,2482165.0,71.0,91.0,True
4,29,17989482831006122918,ECDSA-256,0.00012377393431961536,0.0002221990143880248,0.00017429597210139036,21.07583436393179,1.739892001350086,2482165.0,70.0,91.0,True
4,29,644279785046515220,ECDSA-256,0.00015304808039218187,0.00018143095076084137,0.00026544800493866205,21.105640215915628,1.7339345281497358,2482163.0,72.0,91.0,True
4,29,6792665001130327905,ECDSA-256,0.00011841498780995607,0.00014934991486370564,0.00023989402689039707,10.506348349968903,1.710568554485187,2482164.0,72.0,91.0,True
4,30,644279785046515220,ECDSA-256,0.00018104701302945614,0.00027135596610605717,0.00019334303215146065,21.139236761955544,1.7251778738186383,2482163.0,71.0,91.0,True
4,30,7375279394780718478,ECDSA-256,0.0003627380356192589,0.00016706797759979963,0.00017719296738505363,21.125419929041527,1.7022602123955188,2482164.0,72.0,91.0,True
4,30,17850392462321011617,ECDSA-256,0.00012224505189806223,0.00017951102927327156,0.0001858340110629797,21.30901652306784,1.7291735075533199,2482165.0,72.0,91.0,True
4,30,17989482831006122918,ECDSA-256,0.0001203310675919056,0.00017041899263858795,0.00019536504987627268,21.448403653106652,1.7223021214762435,2482165.0,71.0,91.0,True
4,30,6792665001130327905,ECDSA-256,0.00011961301788687706,0.00013962097000330687,0.00019197899382561445,10.410110178985633,1.706886968292748,2482164.0,71.0,91.0,True
5,1,15268770908522609937,ECDSA-256,0.003564651939086616,0.0007499350467696786,0.0006262330571189523,21.703631406999193,2.2759577313931985,2482165.0,70.0,91.0,True
5,1,15474330212979268115,ECDSA-256,0.005357056972570717,0.000987007049843669,0.00018006691243499517,21.55372578697279,2.1513392788152723,2482165.0,71.0,91.0,True
5,1,15737650592803764277,ECDSA-256,0.004967624903656542,0.0007192129269242287,0.0002527449978515506,21.733403051970527,2.1215675200898048,2482165.0,72.0,91.0,True
5,1,11107010411352073235,ECDSA-256,0.0036119410069659352,0.0005920830881223083,0.0002119879936799407,21.79478105797898,2.1460984168342128,2482165.0,70.0,91.0,True
5,1,13425050645364625424,ECDSA-256,0.00012963602785021067,0.0001477890182286501,0.00021759700030088425,10.64323995297309,2.179015511521897,2482165.0,72.0,91.0,True
5,2,15268770908522609937,ECDSA-256,0.00018283003009855747,0.0002479980466887355,0.0001840899931266904,21.319651413010433,2.063354532177837,2482165.0,71.0,91.0,True
5,2,11107010411352073235,ECDSA-256,0.00016506691463291645,0.00018769304733723402,0.0001878070179373026,21.414122023968957,2.066484149652548,2482165.0,71.0,91.0,True
5,2,15737650592803764277,ECDSA-256,0.0001386550720781088,0.00019302195869386196,0.00017994397785514593,21.574489424936473,2.063204549372006,2482165.0,72.0,91.0,True
5,2,15474330212979268115,ECDSA-256,0.00012649502605199814,0.00017309898976236582,0.0001758490689098835,21.637790967011824,2.039875570196694,2482165.0,71.0,91.0,True
5,2,13425050645364625424,ECDSA-256,0.00012483098544180393,0.00014662800822407007,0.00017586001195013523,10.534508220967837,2.060819872271139,2482165.0,71.0,91.0,True
5,3,15474330212979268115,ECDSA-256,0.00019225000869482756,0.0002467870945110917,0.00020076800137758255,21.178769533056766,1.9611625667578114,2482165.0,70.0,91.0,True
5,3,11107010411352073235,ECDSA-256,0.0001673760125413537,0.00043136393651366234,0.00017836398910731077,21.18054484098684,1.9756783757346887,2482165.0,71.0,91.0,True
5,3,15268770908522609937,ECDSA-256,0.00016219692770391703,0.00017021596431732178,0.00017324998043477535,21.230317230918445,1.9514204191323667,2482165.0,72.0,91.0,True
5,3,15737650592803764277,ECDSA-256,0.00014983396977186203,0.00017815700266510248,0.0001789990346878767,21.39917664497625,1.9562652053924414,2482165.0,71.0,91.0,True
5,3,13425050645364625424,ECDSA-256,0.0001311359228566289,0.0001431000418961048,0.00017636304255574942,10.529474552953616,1.9655596349186029,2482165.0,71.0,91.0,True
5,4,11107010411352073235,ECDSA-256,0.00037316500674933195,0.00018062698654830456,0.00017654302064329386,21.319732448086143,1.9607179218206923,2482165.0,71.0,91.0,True
5,4,15268770908522609937,ECDSA-256,0.00019929499831050634,0.00038941705133765936,0.00020642904564738274,21.715126779978164,1.9943034816473817,2482165.0,71.0,91.0,True
5,4,15474330212979268115,ECDSA-256,0.00016524491365998983,0.0002485059667378664,0.00018807093147188425,21.731349940993823,2.017234677323899,2482165.0,70.0,91.0,True
5,4,15737650592803764277,ECDSA-256,0.0001614710781723261,0.00019476399756968021,0.0002650059759616852,21.65730756591074,2.000890522719191,2482165.0,71.0,91.0,True
5,4,13425050645364625424,ECDSA-256,0.0001251130597665906,0.00015372794587165117,0.00022319098934531212,10.560518343001604,2.007419936954023,2482165.0,71.0,91.0,True
5,5,15474330212979268115,ECDSA-256,0.00016853900160640478,0.0003000580472871661,0.0001863929210230708,21.27113296301104,2.0438988045000803,2482165.0,72.0,91.0,True
5,5,15268770908522609937,ECDSA-256,0.00018089800141751766,0.0005438600201159716,0.00018345797434449196,21.292367647052743,2.0816342206046987,2482165.0,70.0,91.0,True
5,5,15737650592803764277,ECDSA-256,0.00015568092931061983,0.00016173406038433313,0.0003180920612066984,21.596650887979195,2.0368816288896263,2482165.0,70.0,91.0,True
5,5,11107010411352073235,ECDSA-256,0.00017599191050976515,0.0002479009563103318,0.00019007001537829638,21.515542758977972,2.000754493494003,2482165.0,71.0,91.0,True
5,5,13425050645364625424,ECDSA-256,0.0001374860294163227,0.00018619303591549397,0.0001886680256575346,10.62960079102777,2.0349884566407614,2482165.0,71.0,91.0,True
5,6,15737650592803764277,ECDSA-256,0.00022548798006027937,0.00017444405239075422,0.00017889600712805986,21.234894050983712,2.0301885578198173,2482165.0,70.0,91.0,True
5,6,15268770908522609937,ECDSA-256,0.00020152400247752666,0.00023489200975745916,0.00018238206394016743,21.30066512094345,2.031731460421992,2482165.0,71.0,91.0,True
5,6,15474330212979268115,ECDSA-256,0.0002054841024801135,0.00021613191347569227,0.00018063397146761417,21.32407158508431,2.0838068384712876,2482165.0,72.0,91.0,True
5,6,11107010411352073235,ECDSA-256,0.0001560010714456439,0.00018191500566899776,0.00017540808767080307,21.54161825403571,2.0121228317864026,2482165.0,71.0,91.0,True
5,6,13425050645364625424,ECDSA-256,0.00012479699216783047,0.00015287392307072878,0.00017929403111338615,10.322348937042989,2.047101595150396,2482165.0,70.0,91.0,True
5,7,11107010411352073235,ECDSA-256,0.00017518596723675728,0.0002532710786908865,0.0001786040375009179,20.973754329024814,2.029836875562089,2482165.0,71.0,91.0,True
5,7,15268770908522609937,ECDSA-256,0.00012794905342161655,0.00015812506899237633,0.00030512898229062557,21.525967422989197,2.0139956177233125,2482165.0,72.0,91.0,True
5,7,15737650592803764277,ECDSA-256,0.00030090403743088245,0.00024128402583301067,0.00017268292140215635,21.499379734043032,2.0867968199732965,2482165.0,71.0,91.0,True
5,7,15474330212979268115,ECDSA-256,0.00019058503676205873,0.0002385140396654606,0.00017539598047733307,21.340686742099933,1.9775788406975352,2482165.0,72.0,91.0,True
5,7,13425050645364625424,ECDSA-256,0.00012002000585198402,0.00016488507390022278,0.0001775861019268632,10.538551008910872,2.0987261141451024,2482165.0,70.0,91.0,True
5,8,11107010411352073235,ECDSA-256,0.0002790279686450958,0.0002306629903614521,0.00038557895459234715,21.514070837991312,2.055272471028776,2482165.0,71.0,91.0,True
5,8,15268770908522609937,ECDSA-256,0.00016920000780373812,0.00026670796796679497,0.00018040009308606386,21.62023404892534,2.051273494482802,2482165.0,71.0,91.0,True
5,8,15474330212979268115,ECDSA-256,0.00017783802468329668,0.0001868739491328597,0.00019663490820676088,21.686674412922002,2.055869223972479,2482165.0,71.0,91.0,True
5,8,15737650592803764277,ECDSA-256,0.00012100790627300739,0.0001822219928726554,0.0002719059120863676,21.7927380889887,1.9741626730361306,2482165.0,71.0,91.0,True
5,8,13425050645364625424,ECDSA-256,0.00011769297998398542,0.00014378095511347055,0.00018414296209812164,10.429270307067782,2.014386302746904,2482165.0,72.0,91.0,True
5,9,15737650592803764277,ECDSA-256,0.00018653296865522861,0.0003401460126042366,0.0001769849332049489,21.31334665894974,2.0330998840423438,2482165.0,72.0,91.0,True
5,9,15474330212979268115,ECDSA-256,0.00016691593918949366,0.00027954706456512213,0.0002453370252624154,21.55825078394264,1.9926907254484134,2482165.0,71.0,91.0,True
5,9,15268770908522609937,ECDSA-256,0.0002558470005169511,0.00017079501412808895,0.00018783495761454105,21.69012686109636,2.0392604247449686,2482165.0,71.0,91.0,True
5,9,11107010411352073235,ECDSA-256,0.0001210490008816123,0.00016055197920650244,0.0002640349557623267,21.76430755702313,1.9838103966210217,2482165.0,70.0,91.0,True
5,9,13425050645364625424,ECDSA-256,0.00012071407400071621,0.00014527805615216494,0.00018315203487873077,10.592094444087707,1.996300140127968,2482165.0,71.0,91.0,True
5,10,11107010411352073235,ECDSA-256,0.00020673195831477642,0.00025846902281045914,0.00017736002337187529,21.33023871097248,2.0398997658738693,2482165.0,71.0,91.0,True
5,10,15737650592803764277,ECDSA-256,0.00012127403169870377,0.0001637981040403247,0.00018124294001609087,21.46996554895304,1.9763859274288336,2482165.0,72.0,91.0,True
5,10,15268770908522609937,ECDSA-256,0.0001235039671882987,0.00023185997270047665,0.00021726603154093027,21.40235907700844,1.9409630172930585,2482165.0,71.0,91.0,True
5,10,15474330212979268115,ECDSA-256,0.00015459395945072174,0.00016126909758895636,0.00017293996643275023,21.519094455987215,2.0560826744896152,2482165.0,72.0,91.0,True
5,10,13425050645364625424,ECDSA-256,0.00012000708375126123,0.00015203200746327639,0.00017538596875965595,10.42555100505706,1.9895948392514604,2482165.0,71.0,91.0,True
5,11,11107010411352073235,ECDSA-256,0.00015306996647268534,0.00018094608094543219,0.00021655799355357885,21.119278447935358,2.0076430502790994,2482165.0,72.0,91.0,True
5,11,15474330212979268115,ECDSA-256,0.00016722292639315128,0.00023043702822178602,0.00019243697170168161,21.42056063504424,1.9760411436946248,2482165.0,71.0,91.0,True
5,11,15737650592803764277,ECDSA-256,0.00012317195069044828,0.00021237600594758987,0.0001883909571915865,21.417710223933682,2.0240025607922587,2482165.0,70.0,91.0,True
5,11,15268770908522609937,ECDSA-256,0.00012963800691068172,0.0001797929871827364,0.0001914260210469365,21.52211849298328,1.9697464540743599,2482165.0,71.0,91.0,True
5,11,13425050645364625424,ECDSA-256,0.00012194097507745028,0.00015279301442205906,0.00020663405302911997,10.691383818979375,1.9688114064950912,2482165.0,72.0,91.0,True
5,12,15737650592803764277,ECDSA-256,0.00021216704044491053,0.00018923298921436071,0.00019043509382754564,21.12098867201712,2.0173764213586387,2482165.0,71.0,91.0,True
5,12,15268770908522609937,ECDSA-256,0.0001750430092215538,0.00023450504522770643,0.00019503291696310043,21.100250142044388,1.9677460357403984,2482165.0,71.0,91.0,True
5,12,11107010411352073235,ECDSA-256,0.00017035205382853746,0.0001780040329322219,0.00018961203750222921,21.24749753193464,2.0239863913660994,2482165.0,72.0,91.0,True
5,12,15474330212979268115,ECDSA-256,0.00022228097077459097,0.00016094010788947344,0.00018365203868597746,21.26964086398948,2.0222121435232436,2482165.0,72.0,91.0,True
5,12,13425050645364625424,ECDSA-256,0.00012039707507938147,0.0001439190236851573,0.00018169393297284842,10.591272750985809,1.9716825946070515,2482165.0,71.0,91.0,True
5,13,15268770908522609937,ECDSA-256,0.00030415202490985394,0.00036822701804339886,0.00018640293274074793,21.489506100071594,2.01049980987756,2482165.0,71.0,91.0,True
5,13,15737650592803764277,ECDSA-256,0.00018646102398633957,0.00026735791470855474,0.0001852730056270957,21.560124336043373,2.148720552365239,2482165.0,71.0,91.0,True
5,13,15474330212979268115,ECDSA-256,0.0001252189977094531,0.00017647503409534693,0.00017690297681838274,21.590214140946046,2.0457773212426766,2482165.0,72.0,91.0,True
5,13,11107010411352073235,ECDSA-256,0.00012356496881693602,0.000161048024892807,0.00017393403686583042,21.711122140055522,2.00970875759856,2482165.0,70.0,91.0,True
5,13,13425050645364625424,ECDSA-256,0.00011635106056928635,0.00014633696991950274,0.00017633696552366018,10.55974206503015,1.9360111079657802,2482165.0,72.0,91.0,True
5,14,15474330212979268115,ECDSA-256,0.0002918459940701723,0.0006517020519822836,0.0001768880756571889,21.4658320909366,2.043751435538831,2482165.0,70.0,91.0,True
5,14,15268770908522609937,ECDSA-256,0.0001924079842865467,0.00017986097373068333,0.0001734130783006549,21.6330158530036,2.085642138228249,2482165.0,72.0,91.0,True
5,14,15737650592803764277,ECDSA-256,0.00014467304572463036,0.00015613099094480276,0.00018085294868797064,21.786852131946944,2.029280442399339,2482165.0,71.0,91.0,True
5,14,11107010411352073235,ECDSA-256,0.0001874410081654787,0.00023586605675518513,0.0001795860007405281,21.733708519954234,2.0232002396172226,2482165.0,72.0,91.0,True
5,14,13425050645364625424,ECDSA-256,0.0001477228943258524,0.00015291490126401186,0.0002297250321134925,10.467371631995775,2.049527316809462,2482165.0,71.0,91.0,True
5,15,15474330212979268115,ECDSA-256,0.00015603599604219198,0.00018050405196845531,0.0002163170138373971,21.54555124300532,2.013727169067334,2482165.0,71.0,91.0,True
5,15,11107010411352073235,ECDSA-256,0.0001988599542528391,0.0003471720265224576,0.00027667591348290443,21.49755728803575,2.0052463155204117,2482165.0,71.0,91.0,True
5,15,15268770908522609937,ECDSA-256,0.0002534630475565791,0.0003706609131768346,0.000313195982016623,21.595528525998816,2.0373061202204648,2482165.0,72.0,91.0,True
5,15,15737650592803764277,ECDSA-256,0.0001243039732798934,0.00015934999100863934,0.0002722369972616434,21.714094010996632,2.030726108688135,2482165.0,71.0,91.0,True
5,15,13425050645364625424,ECDSA-256,0.00012025691103190184,0.00014335394371300936,0.00023234204854816198,10.629726429004222,2.0191290957478287,2482165.0,72.0,91.0,True
5,16,15268770908522609937,ECDSA-256,0.000145267928019166,0.00027863006107509136,0.00017617503181099892,21.459116938058287,2.007902931862365,2482165.0,71.0,91.0,True
5,16,15737650592803764277,ECDSA-256,0.00021185795776546001,0.0008327880641445518,0.00018963892944157124,21.44302788306959,1.9917743247918809,2482165.0,72.0,91.0,True
5,16,15474330212979268115,ECDSA-256,0.00012295704800635576,0.00018734007608145475,0.0001825470244511962,21.67277159797959,1.9907532073438359,2482165.0,71.0,91.0,True
5,16,11107010411352073235,ECDSA-256,0.00011992501094937325,0.00014830497093498707,0.00018397800158709288,21.678451881045476,2.0629350598246905,2482165.0,72.0,91.0,True
5,16,13425050645364625424,ECDSA-256,0.00012583297211676836,0.00015250802971422672,0.0002336188917979598,10.673424346954562,2.0357549651362263,2482165.0,71.0,91.0,True
5,17,11107010411352073235,ECDSA-256,0.00017215299885720015,0.00027450500056147575,0.00022218888625502586,21.278916417970322,1.9779258882656645,2482165.0,71.0,91.0,True
5,17,15268770908522609937,ECDSA-256,0.00019236502703279257,0.00025811197701841593,0.0002207389334216714,21.461468046996742,2.0168242888709607,2482165.0,71.0,91.0,True
5,17,15737650592803764277,ECDSA-256,0.0002485029399394989,0.0002646329812705517,0.00019485701341181993,21.461359312059358,2.013598419606876,2482165.0,70.0,91.0,True
5,17,15474330212979268115,ECDSA-256,0.00013238098472356796,0.0002140379510819912,0.00023740902543067932,21.80355230998248,1.9853946042898745,2482165.0,72.0,91.0,True
5,17,13425050645364625424,ECDSA-256,0.0001224869629368186,0.00016044196672737598,0.0002108849585056305,10.552543935016729,2.0647435492981736,2482165.0,71.0,91.0,True
5,18,15737650592803764277,ECDSA-256,0.00018752203322947025,0.0002068070461973548,0.000197664019651711,21.256589184049517,2.0314104937897706,2482165.0,71.0,91.0,True
5,18,11107010411352073235,ECDSA-256,0.00019385397899895906,0.0002596199046820402,0.00018825801089406013,21.222981216968037,2.012732210250708,2482165.0,72.0,91.0,True
5,18,15268770908522609937,ECDSA-256,0.00018597906455397606,0.00020941998809576035,0.0001921559451147914,21.268628588994034,1.9565567722716652,2482165.0,71.0,91.0,True
5,18,15474330212979268115,ECDSA-256,0.00012772902846336365,0.00015883799642324448,0.00019200495444238186,21.5079371369211,1.9490675979528944,2482165.0,70.0,91.0,True
5,18,13425050645364625424,ECDSA-256,0.00012425694148987532,0.00015795999206602573,0.0001905109966173768,10.741546240984462,1.9785791426040114,2482165.0,71.0,91.0,True
5,19,15268770908522609937,ECDSA-256,0.00026470108423382044,0.00025242194533348083,0.0002459329552948475,21.109948194003664,2.0266595427601484,2482165.0,72.0,91.0,True
5,19,15737650592803764277,ECDSA-256,0.00018064200412482023,0.00017599191050976515,0.0001724510220810771,21.14521920203697,1.9835766115889382,2482165.0,70.0,91.0,True
5,19,15474330212979268115,ECDSA-256,0.0001381459878757596,0.0001667320029810071,0.0002683450002223253,21.413333539967425,1.996089954345752,2482165.0,72.0,91.0,True
5,19,11107010411352073235,ECDSA-256,0.00015473703388124704,0.00015653111040592194,0.00017475197091698647,21.359755333978683,2.088705507330239,2482165.0,70.0,91.0,True
5,19,13425050645364625424,ECDSA-256,0.0001215019728988409,0.00014635210391134024,0.00018565705977380276,10.678690640022978,1.9896637235586636,2482165.0,70.0,91.0,True
5,20,15268770908522609937,ECDSA-256,0.00016554805915802717,0.00037227803841233253,0.000179945956915617,21.56378105795011,2.0363326853456587,2482165.0,72.0,91.0,True
5,20,15737650592803764277,ECDSA-256,0.0002379219513386488,0.000185295008122921,0.00019030401017516851,21.550244132056832,2.057191732592476,2482165.0,72.0,91.0,True
5,20,11107010411352073235,ECDSA-256,0.00016695098020136356,0.00018502399325370789,0.00018558604642748833,21.798774419003166,2.0590432090119433,2482165.0,71.0,91.0,True
5,20,15474330212979268115,ECDSA-256,0.00012038403656333685,0.00020577001851052046,0.000179952010512352,21.798287329962477,1.971723006175349,2482165.0,71.0,91.0,True
5,20,13425050645364625424,ECDSA-256,0.00011972500942647457,0.0001458859769627452,0.0001924809766933322,10.578334299032576,2.020839665644466,2482165.0,70.0,91.0,True
5,21,15474330212979268115,ECDSA-256,0.00012220407370477915,0.00036188808735460043,0.00018882309086620808,21.15018844907172,2.0059261900929215,2482165.0,71.0,91.0,True
5,21,11107010411352073235,ECDSA-256,0.00012494006659835577,0.0003779130056500435,0.0001843100180849433,21.50654719490558,2.0110209342389824,2482165.0,71.0,91.0,True
5,21,15737650592803764277,ECDSA-256,0.00017633300740271807,0.00046640902291983366,0.00018110207747668028,21.49364046601113,2.01574339272496,2482165.0,71.0,91.0,True
5,21,15268770908522609937,ECDSA-256,0.00011981092393398285,0.00017090491019189358,0.00021726591512560844,21.69365273101721,2.009322358777348,2482165.0,71.0,91.0,True
5,21,13425050645364625424,ECDSA-256,0.00011675502173602581,0.00014986097812652588,0.0002039480023086071,10.575900836032815,2.0074471658030255,2482165.0,71.0,91.0,True
5,22,11107010411352073235,ECDSA-256,0.0001932809827849269,0.00022817507851868868,0.00017430400475859642,21.249672439065762,2.1066448136259575,2482165.0,71.0,91.0,True
5,22,15268770908522609937,ECDSA-256,0.0002919419202953577,0.00027773401234298944,0.00017595698591321707,21.556114395032637,2.0436112294181847,2482165.0,72.0,91.0,True
5,22,15474330212979268115,ECDSA-256,0.00012039497960358858,0.00028043193742632866,0.00017827400006353855,21.64986007893458,1.9777864050179625,2482165.0,70.0,91.0,True
5,22,15737650592803764277,ECDSA-256,0.00016535399481654167,0.00024838303215801716,0.00017721694894134998,21.63203254097607,2.0500807666930907,2482165.0,72.0,91.0,True
5,22,13425050645364625424,ECDSA-256,0.00014014297630637884,0.0001425100490450859,0.0001790249953046441,10.576241626986302,2.002474936814354,2482165.0,72.0,91.0,True
5,23,15474330212979268115,ECDSA-256,0.00021061801817268133,0.00028126698452979326,0.00017564091831445694,21.27329966193065,1.980754391073038,2482165.0,71.0,91.0,True
5,23,15268770908522609937,ECDSA-256,0.00022411800455302,0.0002434900961816311,0.00017969904001802206,21.503744931076653,1.990243018244783,2482165.0,71.0,91.0,True
5,23,11107010411352073235,ECDSA-256,0.0001268601045012474,0.00020468304865062237,0.00018711399752646685,21.643498259945773,2.0035900540245226,2482165.0,72.0,91.0,True
5,23,15737650592803764277,ECDSA-256,0.00011752697173506021,0.00016986997798085213,0.000255199964158237,21.7632278179517,1.988751272804821,2482165.0,71.0,91.0,True
5,23,13425050645364625424,ECDSA-256,0.0001232420327141881,0.00014572904910892248,0.00017480994574725628,10.598651209031232,1.9866035171210195,2482165.0,71.0,91.0,True
5,24,15737650592803764277,ECDSA-256,0.0001522680977359414,0.000341152073815465,0.00018159602768719196,20.9106359439902,2.0204184516169392,2482165.0,72.0,91.0,True
5,24,11107010411352073235,ECDSA-256,0.00015702995005995035,0.0003125290386378765,0.0002503260038793087,21.220275462954305,2.0364275424244305,2482165.0,72.0,91.0,True
5,24,15268770908522609937,ECDSA-256,0.00017778202891349792,0.0002357950434088707,0.00019093905575573444,21.392860288033262,2.1087145454967366,2482165.0,71.0,91.0,True
5,24,15474330212979268115,ECDSA-256,0.0001208009198307991,0.00016430695541203022,0.00019207398872822523,21.53287208394613,1.994297166221058,2482165.0,71.0,91.0,True
5,24,13425050645364625424,ECDSA-256,0.00015540397725999355,0.00015229592099785805,0.0001888560364022851,10.613287811051123,2.0101509326563094,2482165.0,72.0,91.0,True
5,25,15474330212979268115,ECDSA-256,0.0002056729281321168,0.0002287500537931919,0.00020008999854326248,20.93953795300331,1.9863354443742063,2482165.0,72.0,91.0,True
5,25,11107010411352073235,ECDSA-256,0.00017550098709762096,0.0002451710170134902,0.00017832498997449875,20.844867025036365,2.0736670703552784,2482165.0,70.0,91.0,True
5,25,15268770908522609937,ECDSA-256,0.0001461600186303258,0.00019525201059877872,0.00017441099043935537,21.13882732600905,2.1769666915503554,2482165.0,70.0,91.0,True
5,25,15737650592803764277,ECDSA-256,0.00012175703886896372,0.00016917299944907427,0.0001741789747029543,21.135243728989735,2.0299852103851856,2482165.0,71.0,91.0,True
5,25,13425050645364625424,ECDSA-256,0.00011724606156349182,0.00016306503675878048,0.0001913909800350666,10.458813389996067,2.008105994032595,2482165.0,70.0,91.0,True
5,26,15474330212979268115,ECDSA-256,0.00020248303189873695,0.00028991198632866144,0.00022151810117065907,21.318327433080412,2.02735120381791,2482165.0,71.0,91.0,True
5,26,15737650592803764277,ECDSA-256,0.00013447599485516548,0.00019643502309918404,0.0001834300346672535,21.535336536937393,2.066965297769053,2482165.0,72.0,91.0,True
5,26,15268770908522609937,ECDSA-256,0.00012701703235507011,0.00026112201157957315,0.00018603296484798193,21.794846792938188,2.049307804518995,2482165.0,72.0,91.0,True
5,26,11107010411352073235,ECDSA-256,0.00015971902757883072,0.00021662598010152578,0.0001842300407588482,21.831262937979773,2.0177600711298447,2482165.0,70.0,91.0,True
5,26,13425050645364625424,ECDSA-256,0.00011745002120733261,0.00014513195492327213,0.0001875170273706317,10.52003740996588,2.0849174878086907,2482165.0,71.0,91.0,True
5,27,15474330212979268115,ECDSA-256,0.00018212501890957355,0.00048025092110037804,0.00017833395395427942,21.162726048962213,2.00445866775208,2482165.0,71.0,91.0,True
5,27,15737650592803764277,ECDSA-256,0.0001825439976528287,0.00025677098892629147,0.00018919201102107763,21.306278437026776,2.00345267007907,2482165.0,70.0,91.0,True
5,27,11107010411352073235,ECDSA-256,0.00018231000285595655,0.00016167608555406332,0.00016888405662029982,21.73697298404295,2.0380221475808384,2482165.0,71.0,91.0,True
5,27,15268770908522609937,ECDSA-256,0.0001665089512243867,0.00017039093654602766,0.00026955094654113054,21.730244760983624,2.0028007350409753,2482165.0,70.0,91.0,True
5,27,13425050645364625424,ECDSA-256,0.00011936097871512175,0.00016527995467185974,0.00017994700465351343,10.425391233991832,2.0332350155796868,2482165.0,71.0,91.0,True
5,28,15737650592803764277,ECDSA-256,0.00018526602070778608,0.0002422860125079751,0.0001754220575094223,21.862690501031466,2.0329266725637662,2482165.0,70.0,91.0,True
5,28,15474330212979268115,ECDSA-256,0.0001783260377123952,0.00023890705779194832,0.0001752120442688465,21.902325095026754,2.2208022519041557,2482165.0,71.0,91.0,True
5,28,15268770908522609937,ECDSA-256,0.00016229297034442425,0.0001873199362307787,0.0001836220035329461,21.908693958073854,2.0269716734322496,2482165.0,71.0,91.0,True
5,28,11107010411352073235,ECDSA-256,0.0001191999763250351,0.0001604779390618205,0.000179991009645164,22.028215227997862,2.0495661938914096,2482165.0,70.0,91.0,True
5,28,13425050645364625424,ECDSA-256,0.00013005605433136225,0.00013963691890239716,0.00017360295169055462,10.75048860500101,1.9904454001984275,2482165.0,70.0,91.0,True
5,29,15737650592803764277,ECDSA-256,0.00018439500126987696,0.00025867403019219637,0.00019315409008413553,21.223445049021393,1.9991962551689757,2482165.0,71.0,91.0,True
5,29,15268770908522609937,ECDSA-256,0.00016368599608540535,0.0002385659608989954,0.00018016609828919172,21.409417561022565,2.0371535117633806,2482165.0,72.0,91.0,True
5,29,15474330212979268115,ECDSA-256,0.00012399698607623577,0.00019859604071825743,0.00024019402917474508,21.410191253991798,2.0729555348618725,2482165.0,71.0,91.0,True
5,29,11107010411352073235,ECDSA-256,0.00015873298980295658,0.00015229592099785805,0.00019103300292044878,21.480769861955196,2.018013503985664,2482165.0,71.0,91.0,True
5,29,13425050645364625424,ECDSA-256,0.0001267140032723546,0.0001454369630664587,0.0002289769472554326,10.617091541993432,2.0495648464074914,2482165.0,70.0,91.0,True
5,30,11107010411352073235,ECDSA-256,0.0003556259907782078,0.00016687694005668163,0.00019181903917342424,21.16657080303412,2.0177354119456234,2482165.0,72.0,91.0,True
5,30,15268770908522609937,ECDSA-256,0.0002060870174318552,0.0003147129900753498,0.00022391090169548988,21.266766671906225,2.0518072222749266,2482165.0,70.0,91.0,True
5,30,15737650592803764277,ECDSA-256,0.00016317993868142366,0.00045232195407152176,0.0001915189204737544,21.45177444803994,2.0339101541537445,2482165.0,70.0,91.0,True
5,30,15474330212979268115,ECDSA-256,0.00011891790200024843,0.0001738410210236907,0.00020446907728910446,21.62531241599936,2.0420412739244895,2482165.0,70.0,91.0,True
5,30,13425050645364625424,ECDSA-256,0.00011843291576951742,0.00016749498900026083,0.00027184910140931606,10.38194127602037,2.059542752683353,2482165.0,71.0,91.0,True
