run,round,node_id,scheme,keygen_time,sign_time,verify_time,train_time,train_loss,payload_size,sig_size,pubkey_size,verified
1,1,14982208121233620099,ML-DSA-87,0.00389838800765574,0.0005629619117826223,0.00014937692321836948,21.464609349961393,2.1668009929382763,2482165.0,4627.0,2592.0,True
1,1,7844953051173940781,ML-DSA-87,0.0014306410448625684,0.0003580650081858039,0.00010271405335515738,21.944320690003224,2.1498625065191104,2482164.0,4627.0,2592.0,True
1,1,11828195691536965053,ML-DSA-87,0.0011322048958390951,0.00048662698827683926,0.00018701504450291395,21.84002707200125,2.1824891643402293,2482165.0,4627.0,2592.0,True
1,1,757889552538968632,ML-DSA-87,0.0010345590999349952,0.00047467800322920084,0.00012034398969262838,22.14429060788825,2.158974506603643,2482163.0,4627.0,2592.0,True
1,1,14101910721475955524,ML-DSA-87,0.00023104401770979166,0.00024365202989429235,0.000106305000372231,10.693377727060579,2.2167640836855855,2482165.0,4627.0,2592.0,True
1,2,11828195691536965053,ML-DSA-87,0.0002448520390316844,0.0002988979686051607,0.0001272300723940134,21.992701507988386,2.188489937934632,2482165.0,4627.0,2592.0,True
1,2,14982208121233620099,ML-DSA-87,0.00035406392998993397,0.0001869660336524248,0.0002479699905961752,22.04027210501954,2.3100626773346726,2482165.0,4627.0,2592.0,True
1,2,7844953051173940781,ML-DSA-87,0.0001970459707081318,0.0003026400227099657,0.00010521197691559792,22.281200012075715,2.141638571842791,2482164.0,4627.0,2592.0,True
1,2,757889552538968632,ML-DSA-87,0.00021677801851183176,0.00022239505778998137,0.00011804001405835152,22.303067198954523,2.134672311548227,2482163.0,4627.0,2592.0,True
1,2,14101910721475955524,ML-DSA-87,0.00020195299293845892,0.00018727104179561138,0.00010669499170035124,10.652918940060772,2.3117278490584496,2482165.0,4627.0,2592.0,True
1,3,11828195691536965053,ML-DSA-87,0.00029427208937704563,0.0003026659833267331,0.00011912803165614605,21.89046815794427,2.0180226332082536,2482165.0,4627.0,2592.0,True
1,3,757889552538968632,ML-DSA-87,0.0003849039785563946,0.0005100220441818237,0.0001329879742115736,22.306649661040865,1.9620165554479287,2482163.0,4627.0,2592.0,True
1,3,7844953051173940781,ML-DSA-87,0.0002780139911919832,0.0002265630755573511,0.00010883493814617395,22.415020257001743,1.945654730065562,2482164.0,4627.0,2592.0,True
1,3,14982208121233620099,ML-DSA-87,0.0002619050210341811,0.0002281289780512452,0.00010335608385503292,22.619807451963425,1.9954242523485861,2482165.0,4627.0,2592.0,True
1,3,14101910721475955524,ML-DSA-87,0.0002507600001990795,0.00040476000867784023,0.00013036001473665237,10.594316176022403,1.9567882873760625,2482165.0,4627.0,2592.0,True
1,4,11828195691536965053,ML-DSA-87,0.00025661697145551443,0.0004195159999653697,0.00014398200437426567,21.3439111179905,1.8967866650023781,2482165.0,4627.0,2592.0,True
1,4,757889552538968632,ML-DSA-87,0.00024005700834095478,0.00018226599786430597,0.00013764400500804186,21.991326866904274,1.9096138667755616,2482163.0,4627.0,2592.0,True
1,4,7844953051173940781,ML-DSA-87,0.0002740439958870411,0.00025531603023409843,9.991996921598911e-05,21.91404376900755,1.8724976267677527,2482164.0,4627.0,2592.0,True
1,4,14982208121233620099,ML-DSA-87,0.00033975602127611637,0.00022983795497566462,0.00011083704885095358,21.869572827010415,1.8879076074868346,2482165.0,4627.0,2592.0,True
1,4,14101910721475955524,ML-DSA-87,0.00018680200446397066,0.0002199419541284442,0.00010162999387830496,10.7622252299916,1.8944887204672962,2482165.0,4627.0,2592.0,True
1,5,11828195691536965053,ML-DSA-87,0.000437626033090055,0.0002303669461980462,0.00012129906099289656,21.418151277001016,1.8943760859699676,2482165.0,4627.0,2592.0,True
1,5,14982208121233620099,ML-DSA-87,0.0004161689430475235,0.0003360759001225233,0.00011965306475758553,21.52518715604674,1.8469265010029363,2482165.0,4627.0,2592.0,True
1,5,7844953051173940781,ML-DSA-87,0.000278848921880126,0.00026540306862443686,0.00010021298658102751,21.56108731799759,1.8178998498490062,2482164.0,4627.0,2592.0,True
1,5,757889552538968632,ML-DSA-87,0.00020725408103317022,0.00023679807782173157,0.00020991498604416847,21.65590755001176,nan,2482163.0,4627.0,2592.0,True
1,5,14101910721475955524,ML-DSA-87,0.00025448796804994345,0.0004253620281815529,9.983498603105545e-05,10.78299114399124,1.8376317298450409,2482165.0,4627.0,2592.0,True
1,6,14982208121233620099,ML-DSA-87,0.00030648603569716215,0.0004848010139539838,0.00011750299017876387,21.75368595996406,nan,2482165.0,4627.0,2592.0,True
1,6,757889552538968632,ML-DSA-87,0.0003640520153567195,0.00031259702518582344,9.94600122794509e-05,21.70071295800153,nan,2482163.0,4627.0,2592.0,True
1,6,7844953051173940781,ML-DSA-87,0.0002150869695469737,0.00018547510262578726,0.0001443499932065606,21.996031231014058,nan,2482164.0,4627.0,2592.0,True
1,6,11828195691536965053,ML-DSA-87,0.00027489999774843454,0.0002671109978109598,0.00010235304944217205,21.951202532975003,nan,2482165.0,4627.0,2592.0,True
1,6,14101910721475955524,ML-DSA-87,0.00018716894555836916,0.00026851892471313477,9.88739775493741e-05,10.480638724984601,nan,2482165.0,4627.0,2592.0,True
1,7,7844953051173940781,ML-DSA-87,0.0003902800381183624,0.0003374149091541767,0.0002038329839706421,21.377428977983072,nan,2482164.0,4627.0,2592.0,True
1,7,11828195691536965053,ML-DSA-87,0.00040509901009500027,0.0004883159417659044,0.00015441502910107374,21.384301885031164,nan,2482165.0,4627.0,2592.0,True
1,7,14982208121233620099,ML-DSA-87,0.0003231579903513193,0.0004775050329044461,0.00015993602573871613,21.44459010392893,nan,2482165.0,4627.0,2592.0,True
1,7,757889552538968632,ML-DSA-87,0.00018574704881757498,0.00020934303756803274,0.00018142000772058964,21.560418192995712,nan,2482163.0,4627.0,2592.0,True
1,7,14101910721475955524,ML-DSA-87,0.00023996108211576939,0.00017275998834520578,0.00015057006385177374,10.608726645004936,nan,2482165.0,4627.0,2592.0,True
1,8,14982208121233620099,ML-DSA-87,0.00030555599369108677,0.00034930696710944176,0.00015145796351134777,21.03114934300538,nan,2482165.0,4627.0,2592.0,True
1,8,7844953051173940781,ML-DSA-87,0.0002027079463005066,0.00024364900309592485,0.00014937901869416237,21.159521529916674,nan,2482164.0,4627.0,2592.0,True
1,8,11828195691536965053,ML-DSA-87,0.000442962977103889,0.0006971060065552592,0.00010120205115526915,21.055733483983204,nan,2482165.0,4627.0,2592.0,True
1,8,757889552538968632,ML-DSA-87,0.00020555593073368073,0.00022220995742827654,9.884999599307775e-05,21.29959447903093,nan,2482163.0,4627.0,2592.0,True
1,8,14101910721475955524,ML-DSA-87,0.00018700503278523684,0.00025902700144797564,0.00011415197513997555,10.508892548969015,nan,2482165.0,4627.0,2592.0,True
1,9,14982208121233620099,ML-DSA-87,0.0004916579928249121,0.0005245909560471773,0.00012124702334403992,21.51792831905186,nan,2482165.0,4627.0,2592.0,True
1,9,7844953051173940781,ML-DSA-87,0.0002716029994189739,0.00028944306541234255,0.00010138005018234253,21.434776118025184,nan,2482164.0,4627.0,2592.0,True
1,9,11828195691536965053,ML-DSA-87,0.00018708291463553905,0.00018480699509382248,0.00010374397970736027,21.60471692797728,nan,2482165.0,4627.0,2592.0,True
1,9,757889552538968632,ML-DSA-87,0.00018319208174943924,0.00025524303782731295,0.00010327505879104137,21.801944729988463,nan,2482163.0,4627.0,2592.0,True
1,9,14101910721475955524,ML-DSA-87,0.0001871989807114005,0.00025151402223855257,9.746698196977377e-05,10.599883624934591,nan,2482165.0,4627.0,2592.0,True
1,10,7844953051173940781,ML-DSA-87,0.0008239399176090956,0.0003579530166462064,0.00011767190881073475,21.282625681022182,nan,2482164.0,4627.0,2592.0,True
1,10,757889552538968632,ML-DSA-87,0.0003323920536786318,0.00035865302197635174,0.00012899795547127724,21.384421002934687,nan,2482163.0,4627.0,2592.0,True
1,10,14982208121233620099,ML-DSA-87,0.0003229220164939761,0.00030511897057294846,9.826198220252991e-05,21.71699941495899,nan,2482165.0,4627.0,2592.0,True
1,10,11828195691536965053,ML-DSA-87,0.00026602193247526884,0.00026739202439785004,0.00010594702325761318,21.72174070694018,nan,2482165.0,4627.0,2592.0,True
1,10,14101910721475955524,ML-DSA-87,0.00018044200260192156,0.0002518158871680498,0.00010067899711430073,10.462711928994395,nan,2482165.0,4627.0,2592.0,True
1,11,757889552538968632,ML-DSA-87,0.000549559947103262,0.00047749304212629795,0.00011827400885522366,21.95491736801341,nan,2482163.0,4627.0,2592.0,True
1,11,14982208121233620099,ML-DSA-87,0.00047759502194821835,0.000562019064091146,0.00011995306704193354,21.94038788799662,nan,2482165.0,4627.0,2592.0,True
1,11,7844953051173940781,ML-DSA-87,0.0001800829777494073,0.0002500879345461726,0.00011951208580285311,22.053870692034252,nan,2482164.0,4627.0,2592.0,True
1,11,11828195691536965053,ML-DSA-87,0.00018222699873149395,0.00020716805011034012,0.0001040030037984252,22.104513059020974,nan,2482165.0,4627.0,2592.0,True
1,11,14101910721475955524,ML-DSA-87,0.0002472889609634876,0.00020296406000852585,0.00010265992023050785,10.587391956942156,nan,2482165.0,4627.0,2592.0,True
1,12,757889552538968632,ML-DSA-87,0.00028539705090224743,0.0006004760507494211,0.00013557798229157925,21.78463330399245,nan,2482163.0,4627.0,2592.0,True
1,12,14982208121233620099,ML-DSA-87,0.0003194499295204878,0.0003213180461898446,0.00010038900654762983,21.9358503309777,nan,2482165.0,4627.0,2592.0,True
1,12,7844953051173940781,ML-DSA-87,0.00018275098409503698,0.00019297003746032715,0.0001142019173130393,22.204799086088315,nan,2482164.0,4627.0,2592.0,True
1,12,11828195691536965053,ML-DSA-87,0.00027636601589620113,0.00026432995218783617,0.0001170700415968895,22.150692683062516,nan,2482165.0,4627.0,2592.0,True
1,12,14101910721475955524,ML-DSA-87,0.0002461340045556426,0.0002645709319040179,0.00025538005866110325,10.511065182974562,nan,2482165.0,4627.0,2592.0,True
1,13,14982208121233620099,ML-DSA-87,0.0004205929581075907,0.000457015004940331,0.00014630891382694244,21.939257577061653,nan,2482165.0,4627.0,2592.0,True
1,13,11828195691536965053,ML-DSA-87,0.0002819430083036423,0.00030911900103092194,9.94889996945858e-05,22.133318137959577,nan,2482165.0,4627.0,2592.0,True
1,13,7844953051173940781,ML-DSA-87,0.0003309160238131881,0.00028992502484470606,9.957700967788696e-05,22.23247009399347,nan,2482164.0,4627.0,2592.0,True
1,13,757889552538968632,ML-DSA-87,0.00018763402476906776,0.0003453339450061321,0.00010405993089079857,22.347159154014662,nan,2482163.0,4627.0,2592.0,True
1,13,14101910721475955524,ML-DSA-87,0.00021492899395525455,0.00015939597506076097,0.00012024096213281155,10.546357662999071,nan,2482165.0,4627.0,2592.0,True
1,14,757889552538968632,ML-DSA-87,0.00033951608929783106,0.00027935998514294624,0.00013353093527257442,21.849903351045214,nan,2482163.0,4627.0,2592.0,True
1,14,14982208121233620099,ML-DSA-87,0.0003795110387727618,0.0007937860209494829,0.00010020006448030472,21.91982008900959,nan,2482165.0,4627.0,2592.0,True
1,14,7844953051173940781,ML-DSA-87,0.00019706401508301497,0.00018928502686321735,9.812600910663605e-05,22.07756537105888,nan,2482164.0,4627.0,2592.0,True
1,14,11828195691536965053,ML-DSA-87,0.0003114030696451664,0.00021664693485945463,0.00010094291064888239,22.191596755059436,nan,2482165.0,4627.0,2592.0,True
1,14,14101910721475955524,ML-DSA-87,0.00018212595023214817,0.00024810200557112694,0.00012835406232625246,10.655961478012614,nan,2482165.0,4627.0,2592.0,True
1,15,757889552538968632,ML-DSA-87,0.00047105096746236086,0.0002795550972223282,0.00020399794448167086,22.13732590409927,nan,2482163.0,4627.0,2592.0,True
1,15,11828195691536965053,ML-DSA-87,0.00040956202428787947,0.0005897420924156904,0.0002555740065872669,22.32250730099622,nan,2482165.0,4627.0,2592.0,True
1,15,7844953051173940781,ML-DSA-87,0.00017824792303144932,0.0005089179612696171,0.00012512400280684233,22.54021416103933,nan,2482164.0,4627.0,2592.0,True
1,15,14982208121233620099,ML-DSA-87,0.00028218096122145653,0.00030331104062497616,0.0001133850309997797,22.834099527914077,nan,2482165.0,4627.0,2592.0,True
1,15,14101910721475955524,ML-DSA-87,0.00018051103688776493,0.00023572996724396944,0.00012378592509776354,10.54351884208154,nan,2482165.0,4627.0,2592.0,True
1,16,757889552538968632,ML-DSA-87,0.0003696669591590762,0.00022009608801454306,0.00011838111095130444,21.615089594968595,nan,2482163.0,4627.0,2592.0,True
1,16,14982208121233620099,ML-DSA-87,0.0005739110056310892,0.0003551769768819213,0.00011858902871608734,21.523077980033122,nan,2482165.0,4627.0,2592.0,True
1,16,7844953051173940781,ML-DSA-87,0.0002597490092739463,0.00027180195320397615,0.00015045306645333767,21.694365339004435,nan,2482164.0,4627.0,2592.0,True
1,16,11828195691536965053,ML-DSA-87,0.00019407691434025764,0.000207712990231812,9.931693784892559e-05,21.640535249956883,nan,2482165.0,4627.0,2592.0,True
1,16,14101910721475955524,ML-DSA-87,0.0002514770021662116,0.00027347798459231853,0.00014471809845417738,10.445560740074143,nan,2482165.0,4627.0,2592.0,True
1,17,7844953051173940781,ML-DSA-87,0.0002895559882745147,0.0012036589905619621,0.00019086094107478857,21.628204211010598,nan,2482164.0,4627.0,2592.0,True
1,17,757889552538968632,ML-DSA-87,0.0003585349768400192,0.00032622995786368847,0.00010701094288378954,21.654520142939873,nan,2482163.0,4627.0,2592.0,True
1,17,11828195691536965053,ML-DSA-87,0.000285211019217968,0.00028638308867812157,0.000220751971937716,21.741957865073346,nan,2482165.0,4627.0,2592.0,True
1,17,14982208121233620099,ML-DSA-87,0.00021168508101254702,0.00029647606424987316,0.0001873360015451908,21.987210450926796,nan,2482165.0,4627.0,2592.0,True
1,17,14101910721475955524,ML-DSA-87,0.0001944630639627576,0.00024830293841660023,9.892694652080536e-05,10.62087312003132,nan,2482165.0,4627.0,2592.0,True
1,18,11828195691536965053,ML-DSA-87,0.00038558593951165676,0.0003055660054087639,0.0001199239632114768,21.81384021800477,nan,2482165.0,4627.0,2592.0,True
1,18,757889552538968632,ML-DSA-87,0.0002893810160458088,0.0004064459353685379,0.00013146898709237576,22.119772091973573,nan,2482163.0,4627.0,2592.0,True
1,18,14982208121233620099,ML-DSA-87,0.00028073799330741167,0.00035264098551124334,0.00010215793736279011,22.256417195894755,nan,2482165.0,4627.0,2592.0,True
1,18,7844953051173940781,ML-DSA-87,0.0002967381151393056,0.0003410419449210167,0.00010054698213934898,22.240012250025757,nan,2482164.0,4627.0,2592.0,True
1,18,14101910721475955524,ML-DSA-87,0.00024888606276363134,0.00020286801736801863,0.00011625804472714663,10.551580521976575,nan,2482165.0,4627.0,2592.0,True
1,19,14982208121233620099,ML-DSA-87,0.00020431401208043098,0.00022428506053984165,0.00012015993706882,21.595067379064858,nan,2482165.0,4627.0,2592.0,True
1,19,7844953051173940781,ML-DSA-87,0.0003329929895699024,0.000294896075502038,9.844102896749973e-05,21.796105014975183,nan,2482164.0,4627.0,2592.0,True
1,19,757889552538968632,ML-DSA-87,0.00026917806826531887,0.0002869419986382127,9.806302841752768e-05,21.886455720989034,nan,2482163.0,4627.0,2592.0,True
1,19,11828195691536965053,ML-DSA-87,0.00018197298049926758,0.00020393996965140104,0.00011439097579568624,21.973036400973797,nan,2482165.0,4627.0,2592.0,True
1,19,14101910721475955524,ML-DSA-87,0.00018475705292075872,0.0002008909359574318,0.00010707997716963291,10.770753578981385,nan,2482165.0,4627.0,2592.0,True
1,20,7844953051173940781,ML-DSA-87,0.00023625907488167286,0.00029762100894004107,0.00011782499495893717,22.246780802030116,nan,2482164.0,4627.0,2592.0,True
1,20,757889552538968632,ML-DSA-87,0.0002716849558055401,0.0001998769585043192,0.00020212505478411913,22.33992975507863,nan,2482163.0,4627.0,2592.0,True
1,20,11828195691536965053,ML-DSA-87,0.0001849199179559946,0.00030811899341642857,9.944802150130272e-05,22.639982752967626,nan,2482165.0,4627.0,2592.0,True
1,20,14982208121233620099,ML-DSA-87,0.0003200910286977887,0.00025787996128201485,0.00015856605023145676,22.625664636027068,nan,2482165.0,4627.0,2592.0,True
1,20,14101910721475955524,ML-DSA-87,0.00018065900076180696,0.00014865805860608816,0.00010493502486497164,10.568979511968791,nan,2482165.0,4627.0,2592.0,True
1,21,757889552538968632,ML-DSA-87,0.00036401196848601103,0.0006284710252657533,0.0001128240255638957,21.555174175067805,nan,2482163.0,4627.0,2592.0,True
1,21,14982208121233620099,ML-DSA-87,0.00037128094118088484,0.00036074896343052387,0.00010038295295089483,21.725487685995176,nan,2482165.0,4627.0,2592.0,True
1,21,7844953051173940781,ML-DSA-87,0.00023991498164832592,0.000562913017347455,0.0001222020946443081,21.781216799048707,nan,2482164.0,4627.0,2592.0,True
1,21,11828195691536965053,ML-DSA-87,0.00024658290203660727,0.00023443496320396662,9.997398592531681e-05,21.947663867031224,nan,2482165.0,4627.0,2592.0,True
1,21,14101910721475955524,ML-DSA-87,0.00018467800691723824,0.0002168689388781786,9.95720038190484e-05,10.570049571921118,nan,2482165.0,4627.0,2592.0,True
1,22,7844953051173940781,ML-DSA-87,0.0003290160093456507,0.0004910919815301895,0.00012604508083313704,21.22151407902129,nan,2482164.0,4627.0,2592.0,True
1,22,11828195691536965053,ML-DSA-87,0.0002585420152172446,0.00021310104057192802,0.00014364707749336958,21.48478968499694,nan,2482165.0,4627.0,2592.0,True
1,22,757889552538968632,ML-DSA-87,0.00023964501451700926,0.00023249094374477863,0.00011010805610567331,21.438070565927774,nan,2482163.0,4627.0,2592.0,True
1,22,14982208121233620099,ML-DSA-87,0.00018289301078766584,0.00025643699336797,0.0001611521001905203,21.65344990999438,nan,2482165.0,4627.0,2592.0,True
1,22,14101910721475955524,ML-DSA-87,0.00030271592549979687,0.00033417390659451485,0.00014993303921073675,10.405019684927538,nan,2482165.0,4627.0,2592.0,True
1,23,7844953051173940781,ML-DSA-87,0.0003459510626271367,0.0003446020418778062,0.00017886096611618996,22.821218986064196,nan,2482164.0,4627.0,2592.0,True
1,23,757889552538968632,ML-DSA-87,0.00032731599640101194,0.0007885060040280223,0.0001657470129430294,23.02724516100716,nan,2482163.0,4627.0,2592.0,True
1,23,14982208121233620099,ML-DSA-87,0.00029376300517469645,0.0004055590834468603,0.00015520700253546238,23.190313725033775,nan,2482165.0,4627.0,2592.0,True
1,23,11828195691536965053,ML-DSA-87,0.000246949028223753,0.00031719496473670006,0.0001373010454699397,23.477161439950578,nan,2482165.0,4627.0,2592.0,True
1,23,14101910721475955524,ML-DSA-87,0.0002475780202075839,0.00024592201225459576,0.0002707099774852395,11.864701861981302,nan,2482165.0,4627.0,2592.0,True
1,24,14982208121233620099,ML-DSA-87,0.00020868307910859585,0.0002950900234282017,0.00013658904936164618,22.49101269210223,nan,2482165.0,4627.0,2592.0,True
1,24,757889552538968632,ML-DSA-87,0.0005378839559853077,0.00043483893387019634,0.00010909093543887138,22.522211945033632,nan,2482163.0,4627.0,2592.0,True
1,24,11828195691536965053,ML-DSA-87,0.0003015149850398302,0.00030936498660594225,0.00010219099931418896,22.83199997607153,nan,2482165.0,4627.0,2592.0,True
1,24,7844953051173940781,ML-DSA-87,0.00018961098976433277,0.00017344707157462835,9.802402928471565e-05,22.788061007973738,nan,2482164.0,4627.0,2592.0,True
1,24,14101910721475955524,ML-DSA-87,0.0001855400623753667,0.0002991770161315799,0.00010043696966022253,10.80998775199987,nan,2482165.0,4627.0,2592.0,True
1,25,757889552538968632,ML-DSA-87,0.00033922598231583834,0.0002737670438364148,0.00011742697097361088,22.855352744925767,nan,2482163.0,4627.0,2592.0,True
1,25,11828195691536965053,ML-DSA-87,0.000636777956970036,0.0009738020598888397,0.00011623895261436701,23.110047755995765,nan,2482165.0,4627.0,2592.0,True
1,25,7844953051173940781,ML-DSA-87,0.0002260979963466525,0.00023754697758704424,0.00010076502803713083,23.41747317300178,nan,2482164.0,4627.0,2592.0,True
1,25,14982208121233620099,ML-DSA-87,0.0002646369393914938,0.0003021459560841322,9.700190275907516e-05,23.453365918947384,nan,2482165.0,4627.0,2592.0,True
1,25,14101910721475955524,ML-DSA-87,0.0002603710163384676,0.00016325199976563454,9.884592145681381e-05,10.685641921008937,nan,2482165.0,4627.0,2592.0,True
1,26,7844953051173940781,ML-DSA-87,0.00041408196557313204,0.000605476088821888,0.00028015009593218565,21.85940206097439,nan,2482164.0,4627.0,2592.0,True
1,26,14982208121233620099,ML-DSA-87,0.00037721393164247274,0.00042462407145649195,0.000164592987857759,22.092777500045486,nan,2482165.0,4627.0,2592.0,True
1,26,757889552538968632,ML-DSA-87,0.0002454769564792514,0.0002918719546869397,0.00019632407929748297,22.177789625013247,nan,2482163.0,4627.0,2592.0,True
1,26,11828195691536965053,ML-DSA-87,0.00018897501286119223,0.00018997106235474348,0.00014804198872298002,22.291526450077072,nan,2482165.0,4627.0,2592.0,True
1,26,14101910721475955524,ML-DSA-87,0.00019085209351032972,0.0002397160278633237,0.000141468015499413,11.167714347946458,nan,2482165.0,4627.0,2592.0,True
1,27,11828195691536965053,ML-DSA-87,0.0002615769626572728,0.000519638997502625,0.00027073395904153585,23.344678313005716,nan,2482165.0,4627.0,2592.0,True
1,27,14982208121233620099,ML-DSA-87,0.0003710780292749405,0.0006670959992334247,0.0001006970414891839,23.555133226094767,nan,2482165.0,4627.0,2592.0,True
1,27,7844953051173940781,ML-DSA-87,0.00018463097512722015,0.0002708209212869406,0.00013742793817073107,23.94842792698182,nan,2482164.0,4627.0,2592.0,True
1,27,757889552538968632,ML-DSA-87,0.00019375199917703867,0.00040005892515182495,0.00013051601126790047,24.065279262023978,nan,2482163.0,4627.0,2592.0,True
1,27,14101910721475955524,ML-DSA-87,0.00024999596644192934,0.00023370899725705385,0.00010339496657252312,11.148566515999846,nan,2482165.0,4627.0,2592.0,True
1,28,757889552538968632,ML-DSA-87,0.00039942399598658085,0.0005555219249799848,0.0001178389647975564,25.545765120070428,nan,2482163.0,4627.0,2592.0,True
1,28,7844953051173940781,ML-DSA-87,0.00047648302279412746,0.0004199070390313864,0.0001255059614777565,26.045741876005195,nan,2482164.0,4627.0,2592.0,True
1,28,11828195691536965053,ML-DSA-87,0.00032538000959903,0.00043628993444144726,0.00014268397353589535,26.15028674399946,nan,2482165.0,4627.0,2592.0,True
1,28,14982208121233620099,ML-DSA-87,0.00023356499150395393,0.00020840100478380919,0.00010078505147248507,26.18664508103393,nan,2482165.0,4627.0,2592.0,True
1,28,14101910721475955524,ML-DSA-87,0.00018933205865323544,0.00026762194465845823,0.00011803093366324902,11.18444076902233,nan,2482165.0,4627.0,2592.0,True
1,29,757889552538968632,ML-DSA-87,0.0004910299321636558,0.0004634810611605644,0.00011922500561922789,24.327747217961587,nan,2482163.0,4627.0,2592.0,True
1,29,14982208121233620099,ML-DSA-87,0.0002967369509860873,0.0006742539117112756,0.0001659069675952196,24.85151752200909,nan,2482165.0,4627.0,2592.0,True
1,29,7844953051173940781,ML-DSA-87,0.00037706608418375254,0.0006983589846640825,9.847106412053108e-05,25.073793074931018,nan,2482164.0,4627.0,2592.0,True
1,29,11828195691536965053,ML-DSA-87,0.00020019093062728643,0.00033855892252177,0.00016777298878878355,25.098357185954228,nan,2482165.0,4627.0,2592.0,True
1,29,14101910721475955524,ML-DSA-87,0.00018990389071404934,0.00016199203673750162,0.00010023394133895636,11.38306067197118,nan,2482165.0,4627.0,2592.0,True
1,30,757889552538968632,ML-DSA-87,0.0004966050619259477,0.0003829860361292958,0.00011520599946379662,22.76539945101831,nan,2482163.0,4627.0,2592.0,True
1,30,14982208121233620099,ML-DSA-87,0.0003493849653750658,0.0002616120036691427,0.0001152439508587122,22.880506691988558,nan,2482165.0,4627.0,2592.0,True
1,30,11828195691536965053,ML-DSA-87,0.0002677890006452799,0.0006075400160625577,0.00018766894936561584,22.90901332302019,nan,2482165.0,4627.0,2592.0,True
1,30,7844953051173940781,ML-DSA-87,0.00019567599520087242,0.00034455605782568455,0.00010195898357778788,23.372102199937217,nan,2482164.0,4627.0,2592.0,True
1,30,14101910721475955524,ML-DSA-87,0.00018211803399026394,0.00021514599211513996,9.995303116738796e-05,11.005145448958501,nan,2482165.0,4627.0,2592.0,True
2,1,7628253869383163897,ML-DSA-87,0.0015387119492515922,0.0008838661015033722,0.00014960207045078278,27.13831859000493,2.211703546131,2482164.0,4627.0,2592.0,True
2,1,11172118702584051041,ML-DSA-87,0.0015011340146884322,0.0007240279810503125,0.00010636099614202976,27.2745136290323,2.0819172131748624,2482165.0,4627.0,2592.0,True
2,1,2639367834970693465,ML-DSA-87,0.0016507700784131885,0.00045918708201497793,0.00011801905930042267,27.63139323098585,2.14657701052035,2482164.0,4627.0,2592.0,True
2,1,831427710110643971,ML-DSA-87,0.0010095840552821755,0.000430900021456182,0.00012503890320658684,27.71371760207694,2.133795665475888,2482163.0,4627.0,2592.0,True
2,1,2838825847525739266,ML-DSA-87,0.000187393045052886,0.0001803829800337553,0.00011263100896030664,11.09028990007937,2.1287071758184952,2482164.0,4627.0,2592.0,True
2,2,11172118702584051041,ML-DSA-87,0.0002906880108639598,0.0006044830661267042,0.00013332196976989508,22.19697137293406,2.03939763273294,2482165.0,4627.0,2592.0,True
2,2,2639367834970693465,ML-DSA-87,0.00027876696549355984,0.00018354703206568956,0.00020249502267688513,22.166778548038565,2.040634119853425,2482164.0,4627.0,2592.0,True
2,2,831427710110643971,ML-DSA-87,0.00021984893828630447,0.0002098679542541504,0.00010685808956623077,22.256382502964698,2.05679863748459,2482163.0,4627.0,2592.0,True
2,2,7628253869383163897,ML-DSA-87,0.00018680398352444172,0.00026226602494716644,0.00012261094525456429,22.311947445035912,2.3102047557647998,2482164.0,4627.0,2592.0,True
2,2,2838825847525739266,ML-DSA-87,0.0002203179756179452,0.00021190301049500704,0.00011542404536157846,11.223737934953533,2.0500200960201957,2482164.0,4627.0,2592.0,True
2,3,11172118702584051041,ML-DSA-87,0.0008719140896573663,0.0008298540487885475,0.0002189349615946412,23.82314131502062,1.9550025101286916,2482165.0,4627.0,2592.0,True
2,3,831427710110643971,ML-DSA-87,0.000403776066377759,0.0004731470253318548,0.00016788404900580645,24.390287993941456,2.025231180861354,2482163.0,4627.0,2592.0,True
2,3,2639367834970693465,ML-DSA-87,0.00033189193345606327,0.0003805019659921527,0.00016116199549287558,24.421031562960707,1.9349763918989382,2482164.0,4627.0,2592.0,True
2,3,7628253869383163897,ML-DSA-87,0.00019864202477037907,0.000381958088837564,0.00018595601432025433,24.449042384978384,1.9633309056583685,2482164.0,4627.0,2592.0,True
2,3,2838825847525739266,ML-DSA-87,0.00019060296472162008,0.0002892500488087535,0.00019551103468984365,12.025364788016304,1.9673621269841544,2482164.0,4627.0,2592.0,True
2,4,11172118702584051041,ML-DSA-87,0.0002606930211186409,0.00023730401881039143,0.00011891499161720276,23.934789026970975,1.9131588513097062,2482165.0,4627.0,2592.0,True
2,4,2639367834970693465,ML-DSA-87,0.0004238329129293561,0.000409713014960289,0.00011402496602386236,24.173447154928,1.9275906908626375,2482164.0,4627.0,2592.0,True
2,4,7628253869383163897,ML-DSA-87,0.0004242369905114174,0.0004325360059738159,0.000117073068395257,24.122648128075525,1.9326768348011345,2482164.0,4627.0,2592.0,True
2,4,831427710110643971,ML-DSA-87,0.0002076299861073494,0.00020984408911317587,0.000159510993398726,24.538234782987274,1.9433687472114929,2482163.0,4627.0,2592.0,True
2,4,2838825847525739266,ML-DSA-87,0.0002594129182398319,0.00028040597680956125,0.00011319189798086882,11.048022625036538,1.9286277812129011,2482164.0,4627.0,2592.0,True
2,5,831427710110643971,ML-DSA-87,0.00041174294892698526,0.0006970909889787436,0.0001547519350424409,22.55988981295377,1.9040122473963534,2482163.0,4627.0,2592.0,True
2,5,11172118702584051041,ML-DSA-87,0.0003816050011664629,0.0004669369664043188,0.00016663398128002882,22.77101390704047,1.9188840092180637,2482165.0,4627.0,2592.0,True
2,5,2639367834970693465,ML-DSA-87,0.00039644900243729353,0.0008353190496563911,0.00010021706111729145,22.943129229010083,1.8943162809926481,2482164.0,4627.0,2592.0,True
2,5,7628253869383163897,ML-DSA-87,0.00018926896154880524,0.00024073792155832052,0.00010881898924708366,22.964271047036164,1.9294088191498582,2482164.0,4627.0,2592.0,True
2,5,2838825847525739266,ML-DSA-87,0.0001866440288722515,0.00017076393123716116,0.00011052901390939951,10.988452775054611,1.913038382514978,2482164.0,4627.0,2592.0,True
2,6,7628253869383163897,ML-DSA-87,0.0003365440061315894,0.0002503289142623544,0.00027217098977416754,23.535137013997883,1.9084773753016901,2482164.0,4627.0,2592.0,True
2,6,11172118702584051041,ML-DSA-87,0.0004629419418051839,0.00040636106859892607,0.00019085302483290434,23.876844126032665,1.8801923026672949,2482165.0,4627.0,2592.0,True
2,6,831427710110643971,ML-DSA-87,0.00038441806100308895,0.000679787015542388,0.00016286794561892748,23.895653559011407,1.8980525217878932,2482163.0,4627.0,2592.0,True
2,6,2639367834970693465,ML-DSA-87,0.00019382801838219166,0.00017183204181492329,0.0001513790339231491,24.396680493024178,1.9157239301516986,2482164.0,4627.0,2592.0,True
2,6,2838825847525739266,ML-DSA-87,0.00020093296188861132,0.0005553929368034005,0.00016847194638103247,12.575799362035468,1.8749612337484147,2482164.0,4627.0,2592.0,True
2,7,7628253869383163897,ML-DSA-87,0.00044152094051241875,0.0005053910426795483,0.00011474092025309801,22.74549354694318,1.8737651753349427,2482164.0,4627.0,2592.0,True
2,7,831427710110643971,ML-DSA-87,0.00031023204792290926,0.00043649296276271343,9.864498861134052e-05,22.974825112032704,1.8792018440965645,2482163.0,4627.0,2592.0,True
2,7,11172118702584051041,ML-DSA-87,0.0004153369227424264,0.00038786500226706266,9.74839786067605e-05,22.745051827980205,1.8807668731616327,2482165.0,4627.0,2592.0,True
2,7,2639367834970693465,ML-DSA-87,0.00027325807604938745,0.00022355804685503244,0.00011743500363081694,23.001279910909943,1.8647861134129973,2482164.0,4627.0,2592.0,True
2,7,2838825847525739266,ML-DSA-87,0.00019378098659217358,0.00015641795471310616,0.00010240799747407436,10.49222372600343,1.8641606314113726,2482164.0,4627.0,2592.0,True
2,8,831427710110643971,ML-DSA-87,0.0003574759466573596,0.001239471952430904,0.00012240000069141388,21.57860762497876,1.8680880260162842,2482163.0,4627.0,2592.0,True
2,8,7628253869383163897,ML-DSA-87,0.0004118069773539901,0.0003719619708135724,0.0001002890057861805,21.628211077069864,1.8944306198400431,2482164.0,4627.0,2592.0,True
2,8,2639367834970693465,ML-DSA-87,0.00043664698023349047,0.000534699996933341,9.943894110620022e-05,21.766174133052118,1.8735784943492269,2482164.0,4627.0,2592.0,True
2,8,11172118702584051041,ML-DSA-87,0.00018729607108980417,0.00021106598433107138,0.0001007990213111043,22.004848513985053,1.8603621820291392,2482165.0,4627.0,2592.0,True
2,8,2838825847525739266,ML-DSA-87,0.00018255796749144793,0.00015078997239470482,0.00012632599100470543,10.550088699907064,1.8494818709528864,2482164.0,4627.0,2592.0,True
2,9,11172118702584051041,ML-DSA-87,0.0002555560786277056,0.0008257729932665825,0.00011497701052576303,21.248070718953386,1.88071757612137,2482165.0,4627.0,2592.0,True
2,9,2639367834970693465,ML-DSA-87,0.0003559999167919159,0.0003426739713177085,0.00011225789785385132,21.345258613931946,1.8536302731059993,2482164.0,4627.0,2592.0,True
2,9,831427710110643971,ML-DSA-87,0.00020445394329726696,0.0002702570054680109,0.00010195095092058182,21.561084415996447,1.8568846006362965,2482163.0,4627.0,2592.0,True
2,9,7628253869383163897,ML-DSA-87,0.0002493980573490262,0.00022880302276462317,0.00014678097795695066,21.72951122408267,1.8618593444458593,2482164.0,4627.0,2592.0,True
2,9,2838825847525739266,ML-DSA-87,0.00027459999546408653,0.00020182901062071323,0.00011408200953155756,11.162937280954793,1.8437577954496438,2482164.0,4627.0,2592.0,True
2,10,11172118702584051041,ML-DSA-87,0.00032192596700042486,0.0002377949422225356,0.00023897492792457342,23.312784468987957,1.8373382339081443,2482165.0,4627.0,2592.0,True
2,10,831427710110643971,ML-DSA-87,0.00029870891012251377,0.0007306330371648073,0.0002348290290683508,23.339767322060652,1.8361826761842917,2482163.0,4627.0,2592.0,True
2,10,2639367834970693465,ML-DSA-87,0.0003673139726743102,0.0007213059579953551,0.0001511049922555685,23.4714779490605,1.8421915221138123,2482164.0,4627.0,2592.0,True
2,10,7628253869383163897,ML-DSA-87,0.00018204806838184595,0.00020161201246082783,0.00012904894538223743,23.6105991860386,1.8461647216504373,2482164.0,4627.0,2592.0,True
2,10,2838825847525739266,ML-DSA-87,0.0001864429796114564,0.0003225640393793583,0.00022009399253875017,12.609957709908485,1.8236562543021986,2482164.0,4627.0,2592.0,True
2,11,7628253869383163897,ML-DSA-87,0.00040372496005147696,0.0006019790889695287,0.0001614619977772236,24.97962328605354,1.8251623962633907,2482164.0,4627.0,2592.0,True
2,11,11172118702584051041,ML-DSA-87,0.0003612469881772995,0.0006224379176273942,0.0001174659701064229,24.82446886401158,1.8370283640230807,2482165.0,4627.0,2592.0,True
2,11,2639367834970693465,ML-DSA-87,0.0003657341003417969,0.0001898120390251279,0.00018835801165550947,25.122118012048304,1.809821120466287,2482164.0,4627.0,2592.0,True
2,11,831427710110643971,ML-DSA-87,0.0001846869708970189,0.0002751639112830162,0.00014393602032214403,25.14087467303034,1.8506067423774792,2482163.0,4627.0,2592.0,True
2,11,2838825847525739266,ML-DSA-87,0.00018296996131539345,0.00020646501798182726,0.0001220690319314599,11.742424419964664,1.8267853576154374,2482164.0,4627.0,2592.0,True
2,12,7628253869383163897,ML-DSA-87,0.0004346229834482074,0.00035286706406623125,0.00017573998775333166,23.560999892069958,1.8575628550288776,2482164.0,4627.0,2592.0,True
2,12,11172118702584051041,ML-DSA-87,0.0001886360114440322,0.0006269649602472782,0.00016129901632666588,23.641559891984798,1.8205239342424435,2482165.0,4627.0,2592.0,True
2,12,831427710110643971,ML-DSA-87,0.0004160030512139201,0.0003728029550984502,0.00016762095037847757,23.729032009025104,1.8215264611350843,2482163.0,4627.0,2592.0,True
2,12,2639367834970693465,ML-DSA-87,0.000238731037825346,0.0002232160186395049,0.000180921982973814,24.036255575949326,1.8101563876429305,2482164.0,4627.0,2592.0,True
2,12,2838825847525739266,ML-DSA-87,0.00018223002552986145,0.00016647903248667717,0.0001471679424867034,11.70737358299084,1.8090871656283785,2482164.0,4627.0,2592.0,True
2,13,7628253869383163897,ML-DSA-87,0.0005027540028095245,0.0005438660737127066,0.0001667839242145419,25.14232463494409,1.8535201088689006,2482164.0,4627.0,2592.0,True
2,13,831427710110643971,ML-DSA-87,0.00045169598888605833,0.0007414099527522922,0.00012651202268898487,25.28248110692948,1.810981214998629,2482163.0,4627.0,2592.0,True
2,13,11172118702584051041,ML-DSA-87,0.00026393390726298094,0.0002514420775696635,0.000134703004732728,25.476545152021572,1.8395758215992595,2482165.0,4627.0,2592.0,True
2,13,2639367834970693465,ML-DSA-87,0.00019063800573349,0.00016839499585330486,0.00013238994870334864,25.622933938051574,1.7966624886844866,2482164.0,4627.0,2592.0,True
2,13,2838825847525739266,ML-DSA-87,0.00018242700025439262,0.00023043400142341852,0.0001213359646499157,11.781354965060018,1.842116938993192,2482164.0,4627.0,2592.0,True
2,14,831427710110643971,ML-DSA-87,0.00036959198769181967,0.00030767894349992275,0.000128614017739892,24.937306836945936,1.824799636301522,2482163.0,4627.0,2592.0,True
2,14,2639367834970693465,ML-DSA-87,0.00035160104744136333,0.00032365007791668177,0.00010169309098273516,25.479328440967947,1.7855355990961337,2482164.0,4627.0,2592.0,True
2,14,7628253869383163897,ML-DSA-87,0.00031143694650381804,0.0005065900040790439,0.00010050507262349129,25.43659699195996,1.8210846878850042,2482164.0,4627.0,2592.0,True
2,14,11172118702584051041,ML-DSA-87,0.00020510598551481962,0.0002777990885078907,0.00010759104043245316,25.540883532026783,1.7975403706486615,2482165.0,4627.0,2592.0,True
2,14,2838825847525739266,ML-DSA-87,0.00018648605328053236,0.00029366405215114355,0.0001047239638864994,10.900808839011006,1.7805081803958638,2482164.0,4627.0,2592.0,True
2,15,11172118702584051041,ML-DSA-87,0.00046288897283375263,0.0006875389954075217,0.0001697189873084426,24.48315530293621,1.820817644603717,2482165.0,4627.0,2592.0,True
2,15,831427710110643971,ML-DSA-87,0.00039474095683544874,0.0003285100683569908,0.00014926004223525524,24.754337018937804,1.844869585463795,2482163.0,4627.0,2592.0,True
2,15,7628253869383163897,ML-DSA-87,0.0003445489564910531,0.00026558898389339447,0.00013402197510004044,25.078729734988883,1.802823099465416,2482164.0,4627.0,2592.0,True
2,15,2639367834970693465,ML-DSA-87,0.0001855120062828064,0.00017799006309360266,9.978993330150843e-05,25.03378141799476,1.7984824336755771,2482164.0,4627.0,2592.0,True
2,15,2838825847525739266,ML-DSA-87,0.00018487300258129835,0.00016438693273812532,0.00011462403926998377,11.076764323981479,1.770434484314233,2482164.0,4627.0,2592.0,True
2,16,7628253869383163897,ML-DSA-87,0.00019792304374277592,0.0006411289796233177,0.0001764209009706974,23.533392702927813,1.7960329821315437,2482164.0,4627.0,2592.0,True
2,16,2639367834970693465,ML-DSA-87,0.00026709691155701876,0.0003371109487488866,0.00010282103903591633,23.44980066095013,1.7678670117649407,2482164.0,4627.0,2592.0,True
2,16,11172118702584051041,ML-DSA-87,0.00046598794870078564,0.0002638109726831317,0.00014223100151866674,23.478358764084987,1.7752398191549528,2482165.0,4627.0,2592.0,True
2,16,831427710110643971,ML-DSA-87,0.00019378098659217358,0.00016570300795137882,0.00010975799523293972,23.885338061023504,1.848308602461038,2482163.0,4627.0,2592.0,True
2,16,2838825847525739266,ML-DSA-87,0.00018449302297085524,0.0002040020190179348,0.00010936602484434843,11.099271678016521,1.7893091497329858,2482164.0,4627.0,2592.0,True
2,17,7628253869383163897,ML-DSA-87,0.00027096900157630444,0.0008168340427801013,0.00011959101539105177,23.19883629505057,1.8113709318752107,2482164.0,4627.0,2592.0,True
2,17,2639367834970693465,ML-DSA-87,0.00032025494147092104,0.00027614401187747717,0.00013967405539005995,23.587295338045806,1.7862635607155748,2482164.0,4627.0,2592.0,True
2,17,11172118702584051041,ML-DSA-87,0.0004146419232711196,0.00038579502142965794,0.0001379060558974743,23.62823985295836,1.8199517681194952,2482165.0,4627.0,2592.0,True
2,17,831427710110643971,ML-DSA-87,0.00031380809377878904,0.0004491260042414069,0.00023298198357224464,23.722676269942895,1.8071529865264893,2482163.0,4627.0,2592.0,True
2,17,2838825847525739266,ML-DSA-87,0.0003037430578842759,0.0002947240136563778,0.00022569508291780949,11.544113502954133,1.7773301548089464,2482164.0,4627.0,2592.0,True
2,18,831427710110643971,ML-DSA-87,0.00019504409283399582,0.0005946450401097536,0.00013845192734152079,26.533490321948193,1.8048455425725578,2482163.0,4627.0,2592.0,True
2,18,11172118702584051041,ML-DSA-87,0.0003293099580332637,0.0003464169567450881,0.0001117050414904952,26.5649741680827,1.7718813289849522,2482165.0,4627.0,2592.0,True
2,18,7628253869383163897,ML-DSA-87,0.0002771499566733837,0.00029080803506076336,0.00022394803818315268,26.680964351980947,1.7907293932125592,2482164.0,4627.0,2592.0,True
2,18,2639367834970693465,ML-DSA-87,0.0005521080456674099,0.00035437510814517736,0.0001304509351029992,26.59315956197679,1.7644182512173638,2482164.0,4627.0,2592.0,True
2,18,2838825847525739266,ML-DSA-87,0.00018294400069862604,0.00018713308963924646,0.00013151997700333595,12.78028682502918,1.8034792982351284,2482164.0,4627.0,2592.0,True
2,19,831427710110643971,ML-DSA-87,0.0002667370717972517,0.0002641589380800724,0.00016759708523750305,23.963653823011555,1.7971409186006735,2482163.0,4627.0,2592.0,True
2,19,7628253869383163897,ML-DSA-87,0.0002494719810783863,0.0004794530104845762,0.00016862002667039633,23.92910094896797,1.7711334498926474,2482164.0,4627.0,2592.0,True
2,19,2639367834970693465,ML-DSA-87,0.0002534940140321851,0.00020794302690774202,0.0002332130679860711,24.035885988967493,1.7527326760581508,2482164.0,4627.0,2592.0,True
2,19,11172118702584051041,ML-DSA-87,0.0003713649930432439,0.000593203934840858,0.00013822398614138365,24.097714480943978,1.749653081162669,2482165.0,4627.0,2592.0,True
2,19,2838825847525739266,ML-DSA-87,0.000255754915997386,0.00026794697623699903,0.00014892301987856627,11.703036776045337,1.7648329014976185,2482164.0,4627.0,2592.0,True
2,20,11172118702584051041,ML-DSA-87,0.000352865899913013,0.00030497205443680286,0.00013447098899632692,23.966548248077743,1.766893659536831,2482165.0,4627.0,2592.0,True
2,20,831427710110643971,ML-DSA-87,0.0004318410065025091,0.0007429660763591528,0.00011605408508330584,24.003185268025845,1.7372139875119486,2482163.0,4627.0,2592.0,True
2,20,2639367834970693465,ML-DSA-87,0.00025743304286152124,0.00046697899233549833,0.00015769002493470907,24.0527109450195,1.7542139863053832,2482164.0,4627.0,2592.0,True
2,20,7628253869383163897,ML-DSA-87,0.00018960109446197748,0.00022769602946937084,0.000148124061524868,24.448744261986576,1.7660789885840857,2482164.0,4627.0,2592.0,True
2,20,2838825847525739266,ML-DSA-87,0.00018550199456512928,0.00017140700947493315,0.00011482008267194033,11.016678094980307,1.7488855169223139,2482164.0,4627.0,2592.0,True
2,21,11172118702584051041,ML-DSA-87,0.00037764699663966894,0.0005306779639795423,0.00013872201088815928,23.39625440200325,1.7243270561717952,2482165.0,4627.0,2592.0,True
2,21,7628253869383163897,ML-DSA-87,0.00029580306727439165,0.00029960903339087963,0.00011413299944251776,23.371904433937743,1.7402514714402513,2482164.0,4627.0,2592.0,True
2,21,2639367834970693465,ML-DSA-87,0.0001911100698634982,0.00023269199300557375,0.00018404400907456875,23.42067117395345,1.7175636996095553,2482164.0,4627.0,2592.0,True
2,21,831427710110643971,ML-DSA-87,0.0001999669475480914,0.00030842097476124763,0.00012137298472225666,23.606693282024935,1.7485241093955481,2482163.0,4627.0,2592.0,True
2,21,2838825847525739266,ML-DSA-87,0.00025873701088130474,0.00028967903926968575,0.00010345294140279293,11.379784121992998,1.73403685275739,2482164.0,4627.0,2592.0,True
2,22,831427710110643971,ML-DSA-87,0.00042571802623569965,0.0002376950578764081,0.00011875201016664505,22.68706820392981,1.75278995631221,2482163.0,4627.0,2592.0,True
2,22,7628253869383163897,ML-DSA-87,0.00028595596086233854,0.0016204089624807239,9.701203089207411e-05,22.783523013000377,1.7250100199026042,2482164.0,4627.0,2592.0,True
2,22,2639367834970693465,ML-DSA-87,0.00023216905537992716,0.00023975293152034283,9.804998990148306e-05,22.846992571023293,1.7646760544456994,2482164.0,4627.0,2592.0,True
2,22,11172118702584051041,ML-DSA-87,0.00019010703545063734,0.00033706496469676495,0.00014458608347922564,22.986060174996965,1.745990421063603,2482165.0,4627.0,2592.0,True
2,22,2838825847525739266,ML-DSA-87,0.00018518907018005848,0.0002673680428415537,9.945000056177378e-05,11.087941195000894,1.7438680927593486,2482164.0,4627.0,2592.0,True
2,23,11172118702584051041,ML-DSA-87,0.00043792196083813906,0.0004731949884444475,0.00012158998288214207,23.00348266598303,1.7082192250334036,2482165.0,4627.0,2592.0,True
2,23,7628253869383163897,ML-DSA-87,0.00041668699122965336,0.00037595396861433983,0.0002430509775876999,23.017751223989762,1.7270517212133438,2482164.0,4627.0,2592.0,True
2,23,2639367834970693465,ML-DSA-87,0.00045388902071863413,0.0005957200191915035,0.0001178419915959239,23.22465797397308,1.760059035624178,2482164.0,4627.0,2592.0,True
2,23,831427710110643971,ML-DSA-87,0.0002901910338550806,0.0002479220274835825,0.00014706002548336983,23.497624821029603,1.727144426431138,2482163.0,4627.0,2592.0,True
2,23,2838825847525739266,ML-DSA-87,0.00018523202743381262,0.000269851996563375,0.00011651904787868261,11.00470284302719,1.6924440422758888,2482164.0,4627.0,2592.0,True
2,24,11172118702584051041,ML-DSA-87,0.0003329180181026459,0.00036680593620985746,0.00012389605399221182,22.262380613945425,1.7444403487653397,2482165.0,4627.0,2592.0,True
2,24,2639367834970693465,ML-DSA-87,0.0002974410308524966,0.00028601998928934336,0.00010806892532855272,22.25993263395503,1.6878274115510643,2482164.0,4627.0,2592.0,True
2,24,831427710110643971,ML-DSA-87,0.00040484603960067034,0.00047610606998205185,0.0001075610052794218,22.38278617907781,1.7245649891539503,2482163.0,4627.0,2592.0,True
2,24,7628253869383163897,ML-DSA-87,0.00017898296937346458,0.00021762808319181204,0.00011186499614268541,22.565656661987305,1.755614057897379,2482164.0,4627.0,2592.0,True
2,24,2838825847525739266,ML-DSA-87,0.0001896560424938798,0.00026640098076313734,0.00020496291108429432,10.738504211069085,1.7175439584750336,2482164.0,4627.0,2592.0,True
2,25,2639367834970693465,ML-DSA-87,0.0022781050065532327,0.0002186059718951583,0.0001360130263492465,22.8861184559064,1.6986547057240153,2482164.0,4627.0,2592.0,True
2,25,11172118702584051041,ML-DSA-87,0.0003331260522827506,0.0008128649787977338,0.00012032396625727415,23.001119502005167,1.7229149314923027,2482165.0,4627.0,2592.0,True
2,25,7628253869383163897,ML-DSA-87,0.00021082302555441856,0.00020345102529972792,0.00010224292054772377,23.056295471964404,1.726075882348009,2482164.0,4627.0,2592.0,True
2,25,831427710110643971,ML-DSA-87,0.00027038203552365303,0.0002495510270819068,0.0001155659556388855,23.06253745907452,1.7077565901576521,2482163.0,4627.0,2592.0,True
2,25,2838825847525739266,ML-DSA-87,0.00019051996059715748,0.00043844792526215315,0.00012929795775562525,11.100932147004642,1.7067342269154022,2482164.0,4627.0,2592.0,True
2,26,7628253869383163897,ML-DSA-87,0.00037311401683837175,0.0016230749897658825,0.00012042897287756205,24.58115518197883,1.697934940981027,2482164.0,4627.0,2592.0,True
2,26,831427710110643971,ML-DSA-87,0.00026224798057228327,0.0005636860150843859,0.00015213608276098967,24.797406673897058,1.722890634125414,2482163.0,4627.0,2592.0,True
2,26,11172118702584051041,ML-DSA-87,0.0002676020376384258,0.0006423089653253555,0.00013101007789373398,25.249354023020715,1.7055561576788418,2482165.0,4627.0,2592.0,True
2,26,2639367834970693465,ML-DSA-87,0.0003652450395748019,0.0003262319369241595,0.0001022460637614131,25.902377554099075,1.6979761039867949,2482164.0,4627.0,2592.0,True
2,26,2838825847525739266,ML-DSA-87,0.00018289301078766584,0.00026701297610998154,0.00010325002949684858,11.322922587976791,1.7349267215393602,2482164.0,4627.0,2592.0,True
2,27,11172118702584051041,ML-DSA-87,0.0003456899430602789,0.0008321810746565461,0.00016320403665304184,22.84528814407531,1.7295840022662958,2482165.0,4627.0,2592.0,True
2,27,831427710110643971,ML-DSA-87,0.00027673901058733463,0.0004318150458857417,0.00017672101967036724,23.12617192498874,1.6752883241580316,2482163.0,4627.0,2592.0,True
2,27,2639367834970693465,ML-DSA-87,0.0001925670076161623,0.00026681297458708286,0.00010454992298036814,23.24809654103592,1.6847352109397182,2482164.0,4627.0,2592.0,True
2,27,7628253869383163897,ML-DSA-87,0.00018168904352933168,0.0002604250330477953,0.00044604495633393526,23.518803376005962,1.724762658341624,2482164.0,4627.0,2592.0,True
2,27,2838825847525739266,ML-DSA-87,0.0001838989555835724,0.00028004299383610487,0.00010352605022490025,12.126464088913053,1.678553372526321,2482164.0,4627.0,2592.0,True
2,28,831427710110643971,ML-DSA-87,0.00040944095235317945,0.0005060560069978237,0.0001632609637454152,25.02273149706889,1.6740557926531416,2482163.0,4627.0,2592.0,True
2,28,2639367834970693465,ML-DSA-87,0.0002708500251173973,0.00033957103732973337,0.00016141391824930906,24.858778554946184,1.6323598189094959,2482164.0,4627.0,2592.0,True
2,28,7628253869383163897,ML-DSA-87,0.0002574479440227151,0.0002204870106652379,0.0001988959265872836,25.049357546959072,1.6811154090558378,2482164.0,4627.0,2592.0,True
2,28,11172118702584051041,ML-DSA-87,0.00020217802375555038,0.00022184697445482016,0.00014619692228734493,25.20795355201699,1.741251758874034,2482165.0,4627.0,2592.0,True
2,28,2838825847525739266,ML-DSA-87,0.0002585799666121602,0.00024511211086064577,0.00024625693913549185,11.287899891962297,1.6856723612489792,2482164.0,4627.0,2592.0,True
2,29,831427710110643971,ML-DSA-87,0.0004770419327542186,0.0005173650570213795,0.00017257803119719028,27.924337663920596,1.7097171590731928,2482163.0,4627.0,2592.0,True
2,29,11172118702584051041,ML-DSA-87,0.00030441407579928637,0.0003647400299087167,0.00024746707640588284,28.33956475497689,1.7172579898620948,2482165.0,4627.0,2592.0,True
2,29,2639367834970693465,ML-DSA-87,0.0002709529362618923,0.00028599402867257595,0.00010719697456806898,28.49079901992809,1.6330966640966007,2482164.0,4627.0,2592.0,True
2,29,7628253869383163897,ML-DSA-87,0.00027106807101517916,0.0002326130634173751,9.78660536929965e-05,28.5874047660036,1.6441297512084911,2482164.0,4627.0,2592.0,True
2,29,2838825847525739266,ML-DSA-87,0.00018309603910893202,0.00015399197582155466,9.826302994042635e-05,10.825752167962492,1.6743802769115557,2482164.0,4627.0,2592.0,True
2,30,2639367834970693465,ML-DSA-87,0.00025964993983507156,0.0007436999585479498,0.00021465204190462828,26.947071389993653,1.6665204889096392,2482164.0,4627.0,2592.0,True
2,30,11172118702584051041,ML-DSA-87,0.0005514130461961031,0.0005728290416300297,0.00017575302626937628,27.101845582015812,1.6730633844582798,2482165.0,4627.0,2592.0,True
2,30,7628253869383163897,ML-DSA-87,0.0003583109937608242,0.00044134596828371286,0.00022339692804962397,27.021376683958806,1.6472339405419347,2482164.0,4627.0,2592.0,True
2,30,831427710110643971,ML-DSA-87,0.0002541129942983389,0.00027629698161035776,0.00014106405433267355,27.49386228492949,1.6974728156964238,2482163.0,4627.0,2592.0,True
2,30,2838825847525739266,ML-DSA-87,0.0001799879828467965,0.0002406699350103736,0.00019930093549191952,11.4960037979763,1.6667279622044426,2482164.0,4627.0,2592.0,True
3,1,505659806537459624,ML-DSA-87,0.0020205590408295393,0.0004993709735572338,0.00020948005840182304,23.537567596067674,2.1512280824466252,2482163.0,4627.0,2592.0,True
3,1,17634209929896859233,ML-DSA-87,0.0019338420825079083,0.0004588329466059804,0.000166384968906641,23.65446177800186,2.1689870506048963,2482165.0,4627.0,2592.0,True
3,1,17258885612581755119,ML-DSA-87,0.0009998870082199574,0.00028543605003505945,0.00016190495807677507,23.726823894074187,2.1986998125387074,2482165.0,4627.0,2592.0,True
3,1,9130494139596057616,ML-DSA-87,0.0015886028995737433,0.0006144220242276788,0.0001502570230513811,23.810081033036113,2.1412441589580937,2482164.0,4627.0,2592.0,True
3,1,9996955591181366650,ML-DSA-87,0.00019362103193998337,0.000307483016513288,0.00019894109573215246,11.082596365944482,2.121060987630972,2482164.0,4627.0,2592.0,True
3,2,17634209929896859233,ML-DSA-87,0.00019722303841263056,0.0003424769965931773,0.00014448503497987986,25.28169360209722,2.158052108539179,2482165.0,4627.0,2592.0,True
3,2,17258885612581755119,ML-DSA-87,0.0002351570874452591,0.00038080906961113214,0.00011180492583662271,25.717099813045934,2.1846257017824215,2482165.0,4627.0,2592.0,True
3,2,9130494139596057616,ML-DSA-87,0.0003521069884300232,0.00038923206739127636,0.00010667205788195133,25.83008394401986,2.0970020621729355,2482164.0,4627.0,2592.0,True
3,2,505659806537459624,ML-DSA-87,0.0001930099679157138,0.00030336796771734953,0.00012495496775954962,25.83625097409822,2.0618714547385806,2482163.0,4627.0,2592.0,True
3,2,9996955591181366650,ML-DSA-87,0.00023948901798576117,0.00020492495968937874,0.00018103898037225008,12.84416392003186,2.085079173310496,2482164.0,4627.0,2592.0,True
3,3,9130494139596057616,ML-DSA-87,0.00039950700011104345,0.0004143869737163186,0.00015007995534688234,22.281023851013742,1.9356359540464017,2482164.0,4627.0,2592.0,True
3,3,17634209929896859233,ML-DSA-87,0.0002559429267421365,0.0007172470213845372,0.00011918891686946154,22.49799228098709,1.8846047918636577,2482165.0,4627.0,2592.0,True
3,3,505659806537459624,ML-DSA-87,0.0005249179666861892,0.0004162060795351863,0.00010268297046422958,22.43330926494673,1.9379274928912569,2482163.0,4627.0,2592.0,True
3,3,17258885612581755119,ML-DSA-87,0.0002683920320123434,0.00024246599059551954,0.00011956202797591686,22.434207931975834,1.9410765319586563,2482165.0,4627.0,2592.0,True
3,3,9996955591181366650,ML-DSA-87,0.00019478390458971262,0.00015862495638430119,0.00011313799768686295,10.584652900928631,1.9705491054553192,2482164.0,4627.0,2592.0,True
3,4,505659806537459624,ML-DSA-87,0.00027035700622946024,0.00024246098473668098,0.00011575594544410706,21.891854653018527,1.8676427899839017,2482163.0,4627.0,2592.0,True
3,4,9130494139596057616,ML-DSA-87,0.0002866239519789815,0.0008285739459097385,0.00010262499563395977,22.23349643102847,1.840820294980424,2482164.0,4627.0,2592.0,True
3,4,17634209929896859233,ML-DSA-87,0.00025608495343476534,0.0003211080329492688,0.00010454095900058746,22.398066083085723,1.8521243196706803,2482165.0,4627.0,2592.0,True
3,4,17258885612581755119,ML-DSA-87,0.00025415001437067986,0.00024864007718861103,0.00010109203867614269,22.439724030089565,1.8625118705792167,2482165.0,4627.0,2592.0,True
3,4,9996955591181366650,ML-DSA-87,0.00025084707885980606,0.0001616829540580511,0.00010588706936687231,10.76623781491071,1.893284514689217,2482164.0,4627.0,2592.0,True
3,5,17634209929896859233,ML-DSA-87,0.00026871904265135527,0.00036995892878621817,0.00012865907046943903,22.15952909993939,1.8051917194939269,2482165.0,4627.0,2592.0,True
3,5,17258885612581755119,ML-DSA-87,0.00032487406861037016,0.00034760497510433197,0.0002150809159502387,22.176510952063836,1.8392603953425495,2482165.0,4627.0,2592.0,True
3,5,505659806537459624,ML-DSA-87,0.0002561629517003894,0.0002597309648990631,0.0001008789986371994,22.31754425202962,1.8353115651554193,2482163.0,4627.0,2592.0,True
3,5,9130494139596057616,ML-DSA-87,0.0004814189160242677,0.00043999694753438234,0.0001081950031220913,22.298471987014636,1.8489314553836664,2482164.0,4627.0,2592.0,True
3,5,9996955591181366650,ML-DSA-87,0.00018849608022719622,0.00021842203568667173,0.0001052970765158534,10.53166128299199,1.8278204709196244,2482164.0,4627.0,2592.0,True
3,6,505659806537459624,ML-DSA-87,0.0003189439885318279,0.000399855081923306,0.00013918208424001932,21.45401198603213,1.8284234772094141,2482163.0,4627.0,2592.0,True
3,6,17634209929896859233,ML-DSA-87,0.0003520209575071931,0.00044620002154260874,0.00012157799210399389,21.401843672036193,1.8048477271875254,2482165.0,4627.0,2592.0,True
3,6,17258885612581755119,ML-DSA-87,0.0003436729311943054,0.00022879207972437143,0.00023369595874100924,21.631524003110826,1.8437338968435415,2482165.0,4627.0,2592.0,True
3,6,9130494139596057616,ML-DSA-87,0.00041140697430819273,0.00041416799649596214,0.00011532299686223269,21.77379891392775,1.8366533159828795,2482164.0,4627.0,2592.0,True
3,6,9996955591181366650,ML-DSA-87,0.0001855629961937666,0.0002870560856536031,0.00011535699013620615,10.867203847039491,1.8011235109152504,2482164.0,4627.0,2592.0,True
3,7,9130494139596057616,ML-DSA-87,0.000480076065286994,0.00028943794313818216,0.0001644300064072013,22.16787241399288,1.7915361038031288,2482164.0,4627.0,2592.0,True
3,7,17258885612581755119,ML-DSA-87,0.0003258329816162586,0.0006670979782938957,0.00012074899859726429,22.2844543189276,1.827353873191931,2482165.0,4627.0,2592.0,True
3,7,505659806537459624,ML-DSA-87,0.0003186189569532871,0.00029311003163456917,0.00015060498844832182,22.227481609093957,1.807770849416812,2482163.0,4627.0,2592.0,True
3,7,17634209929896859233,ML-DSA-87,0.00024194398429244757,0.0003524839412420988,0.00017926201689988375,22.31892593007069,1.7667100875141521,2482165.0,4627.0,2592.0,True
3,7,9996955591181366650,ML-DSA-87,0.00018384400755167007,0.00027040799614042044,0.00015302607789635658,11.323764128959738,1.7968811063339916,2482164.0,4627.0,2592.0,True
3,8,17258885612581755119,ML-DSA-87,0.00038441899232566357,0.0003994288854300976,0.00014991196803748608,27.29917498899158,1.7888853321441065,2482165.0,4627.0,2592.0,True
3,8,17634209929896859233,ML-DSA-87,0.00030254595912992954,0.0007176949875429273,0.0001525480765849352,27.282181233051233,1.7879168880633272,2482165.0,4627.0,2592.0,True
3,8,505659806537459624,ML-DSA-87,0.0003520690370351076,0.0004882409702986479,0.00010389601811766624,27.543058363022283,1.7994970673570236,2482163.0,4627.0,2592.0,True
3,8,9130494139596057616,ML-DSA-87,0.00029705604538321495,0.0003289079759269953,0.00020556000526994467,27.752281573950313,1.7835662528729668,2482164.0,4627.0,2592.0,True
3,8,9996955591181366650,ML-DSA-87,0.0001834749709814787,0.0003851399524137378,0.00013640301767736673,11.467640431015752,1.7735910853638817,2482164.0,4627.0,2592.0,True
3,9,9130494139596057616,ML-DSA-87,0.0004466890823096037,0.0007265579188242555,0.0002712960122153163,25.896142669953406,1.7593933381973363,2482164.0,4627.0,2592.0,True
3,9,17258885612581755119,ML-DSA-87,0.0005178049905225635,0.00033997802529484034,0.00011965096928179264,26.19457271101419,1.775498172726494,2482165.0,4627.0,2592.0,True
3,9,17634209929896859233,ML-DSA-87,0.0004117219941690564,0.0003389370394870639,0.00012678001075983047,26.274541030987166,1.7608978317949338,2482165.0,4627.0,2592.0,True
3,9,505659806537459624,ML-DSA-87,0.00026469200383871794,0.00029058102518320084,0.0001575449714437127,26.597457741037942,1.805145445342262,2482163.0,4627.0,2592.0,True
3,9,9996955591181366650,ML-DSA-87,0.0001830250257626176,0.0001693490194156766,0.0001238129334524274,11.754618312930688,1.7537812912426056,2482164.0,4627.0,2592.0,True
3,10,9130494139596057616,ML-DSA-87,0.00029705394990742207,0.0012283769901841879,0.00019162497483193874,27.110335620003752,1.7751569930737772,2482164.0,4627.0,2592.0,True
3,10,17258885612581755119,ML-DSA-87,0.0003030289663001895,0.00033110391814261675,0.00011613708920776844,27.920593701070175,1.7801695494606091,2482165.0,4627.0,2592.0,True
3,10,505659806537459624,ML-DSA-87,0.0002630350645631552,0.00031737994868308306,0.0002068070461973548,28.13554012507666,1.7613905154097194,2482163.0,4627.0,2592.0,True
3,10,17634209929896859233,ML-DSA-87,0.00033002207055687904,0.000345068983733654,0.00010155304335057735,28.319014093955047,1.7323678278694519,2482165.0,4627.0,2592.0,True
3,10,9996955591181366650,ML-DSA-87,0.00024663901422172785,0.000286850961856544,0.00018124596681445837,12.08181402401533,1.7740447997285154,2482164.0,4627.0,2592.0,True
3,11,505659806537459624,ML-DSA-87,0.0003568449756130576,0.0004026100505143404,0.00019464106298983097,27.66781583696138,1.7588630983242974,2482163.0,4627.0,2592.0,True
3,11,9130494139596057616,ML-DSA-87,0.0002752239815890789,0.0008195200935006142,0.00010979699436575174,27.661873565986753,1.7169190561428618,2482164.0,4627.0,2592.0,True
3,11,17258885612581755119,ML-DSA-87,0.0002028039889410138,0.00021126307547092438,0.00011944503057748079,28.02479556191247,1.7571949593175333,2482165.0,4627.0,2592.0,True
3,11,17634209929896859233,ML-DSA-87,0.0001932879677042365,0.00023202504962682724,9.867292828857899e-05,28.269840443972498,1.7678831370112995,2482165.0,4627.0,2592.0,True
3,11,9996955591181366650,ML-DSA-87,0.0001874379813671112,0.0001667100004851818,0.00012419105041772127,11.37158505199477,1.7408340925606676,2482164.0,4627.0,2592.0,True
3,12,505659806537459624,ML-DSA-87,0.00034401891753077507,0.0004448340041562915,0.00015323201660066843,23.190703644999303,1.7382092921497723,2482163.0,4627.0,2592.0,True
3,12,17258885612581755119,ML-DSA-87,0.0005395399639382958,0.00023288093507289886,0.00010298693086951971,23.120904727024026,1.747077378982934,2482165.0,4627.0,2592.0,True
3,12,17634209929896859233,ML-DSA-87,0.0002448731102049351,0.00038521201349794865,0.00010087806731462479,23.41686638002284,1.6877948723662013,2482165.0,4627.0,2592.0,True
3,12,9130494139596057616,ML-DSA-87,0.00024252210278064013,0.00017319305334240198,0.0001499669160693884,23.406908242031932,1.7339449092602959,2482164.0,4627.0,2592.0,True
3,12,9996955591181366650,ML-DSA-87,0.00019374489784240723,0.0001787950750440359,0.00010216806549578905,10.696257930947468,1.7164477033736987,2482164.0,4627.0,2592.0,True
3,13,9130494139596057616,ML-DSA-87,0.0002826610580086708,0.00023213704116642475,0.00012237695045769215,22.587558684987016,1.7011908300387593,2482164.0,4627.0,2592.0,True
3,13,17258885612581755119,ML-DSA-87,0.0005030620377510786,0.0006417030235752463,0.00010394200216978788,23.176439704024233,1.7503726189128888,2482165.0,4627.0,2592.0,True
3,13,17634209929896859233,ML-DSA-87,0.0003931160317733884,0.0005036810180172324,0.00010915298480540514,23.43201341398526,1.7055520181076975,2482165.0,4627.0,2592.0,True
3,13,505659806537459624,ML-DSA-87,0.0002683419734239578,0.00034255802165716887,0.00010678695980459452,23.547709958045743,1.7171622659451664,2482163.0,4627.0,2592.0,True
3,13,9996955591181366650,ML-DSA-87,0.0002669669920578599,0.0002669660607352853,0.00011722208000719547,10.949551637051627,1.7092989462252242,2482164.0,4627.0,2592.0,True
3,14,17258885612581755119,ML-DSA-87,0.00025096198078244925,0.00040499097667634487,0.00011978403199464083,22.301628348999657,1.7033789649177282,2482165.0,4627.0,2592.0,True
3,14,17634209929896859233,ML-DSA-87,0.00023558991961181164,0.00019096292089670897,0.0001315659610554576,22.3074422639329,1.6910673593179868,2482165.0,4627.0,2592.0,True
3,14,505659806537459624,ML-DSA-87,0.00029074307531118393,0.0004849570104852319,0.00012145203072577715,22.343243116978556,1.6733707570420286,2482163.0,4627.0,2592.0,True
3,14,9130494139596057616,ML-DSA-87,0.00019086594693362713,0.00016146700363606215,0.00010396598372608423,22.653764971066266,1.690864413691024,2482164.0,4627.0,2592.0,True
3,14,9996955591181366650,ML-DSA-87,0.0001808510860428214,0.00015963392797857523,0.00011262600310146809,10.950336268986575,1.6807911822590202,2482164.0,4627.0,2592.0,True
3,15,505659806537459624,ML-DSA-87,0.000318175065331161,0.0005223019979894161,0.00014580297283828259,22.01293457497377,1.7174074962116277,2482163.0,4627.0,2592.0,True
3,15,17634209929896859233,ML-DSA-87,0.00033937394618988037,0.00041655299719423056,0.00011613802053034306,22.338097507948987,1.675407466416161,2482165.0,4627.0,2592.0,True
3,15,17258885612581755119,ML-DSA-87,0.00023981393314898014,0.00023583101574331522,0.0001000880729407072,22.51047620305326,1.6858984346206958,2482165.0,4627.0,2592.0,True
3,15,9130494139596057616,ML-DSA-87,0.0002509349724277854,0.00024609791580587626,0.00015373097267001867,22.50235453201458,1.6754649047272654,2482164.0,4627.0,2592.0,True
3,15,9996955591181366650,ML-DSA-87,0.00018105888739228249,0.00029582693241536617,9.993603453040123e-05,11.196826352039352,1.670326633194384,2482164.0,4627.0,2592.0,True
3,16,17634209929896859233,ML-DSA-87,0.0003370819613337517,0.0002917120000347495,0.00014734198339283466,22.402905411086977,1.6568580363124323,2482165.0,4627.0,2592.0,True
3,16,9130494139596057616,ML-DSA-87,0.00038337602745741606,0.0004231660859659314,0.00010768498759716749,22.559415524010547,1.6851218938827515,2482164.0,4627.0,2592.0,True
3,16,505659806537459624,ML-DSA-87,0.0002524079754948616,0.0003451199736446142,0.00011537701357156038,22.64893861406017,1.7181321649124828,2482163.0,4627.0,2592.0,True
3,16,17258885612581755119,ML-DSA-87,0.00020214100368320942,0.00026586803141981363,0.00011437502689659595,22.630358199006878,1.7019088538690879,2482165.0,4627.0,2592.0,True
3,16,9996955591181366650,ML-DSA-87,0.00018552306573837996,0.00021314702462404966,0.00010477297473698854,10.701093495008536,1.6579544567071591,2482164.0,4627.0,2592.0,True
3,17,17634209929896859233,ML-DSA-87,0.0003401560243219137,0.00039361196104437113,0.0003305790014564991,21.984240281046368,1.6726231293175549,2482165.0,4627.0,2592.0,True
3,17,505659806537459624,ML-DSA-87,0.0003891189116984606,0.0006019329885020852,0.0001546660205349326,21.99808008701075,1.7207839176677668,2482163.0,4627.0,2592.0,True
3,17,9130494139596057616,ML-DSA-87,0.00028616003692150116,0.0003627130063250661,0.00013342499732971191,22.155464275041595,1.6684799400000527,2482164.0,4627.0,2592.0,True
3,17,17258885612581755119,ML-DSA-87,0.00019011402036994696,0.00019567599520087242,0.0003219679929316044,22.610629245988093,1.6773534407630897,2482165.0,4627.0,2592.0,True
3,17,9996955591181366650,ML-DSA-87,0.00028781197033822536,0.0003309040330350399,0.00021208403632044792,12.18748671701178,1.6505065457508588,2482164.0,4627.0,2592.0,True
3,18,9130494139596057616,ML-DSA-87,0.0003930209204554558,0.0006506829522550106,0.0002689340617507696,27.253337467089295,1.6409186143844654,2482164.0,4627.0,2592.0,True
3,18,505659806537459624,ML-DSA-87,0.0002459529787302017,0.0005029860185459256,0.0002212650142610073,27.742184009985067,1.7082156217136322,2482163.0,4627.0,2592.0,True
3,18,17634209929896859233,ML-DSA-87,0.00024682399816811085,0.0002267519012093544,0.00022059399634599686,27.812686902005225,1.6482385393148793,2482165.0,4627.0,2592.0,True
3,18,17258885612581755119,ML-DSA-87,0.0002929170150309801,0.0004930431023240089,0.00022682000417262316,27.833784786053002,1.6651493927922112,2482165.0,4627.0,2592.0,True
3,18,9996955591181366650,ML-DSA-87,0.00024338706862181425,0.0002764409873634577,0.0003244649851694703,12.031502833939157,1.690760123843964,2482164.0,4627.0,2592.0,True
3,19,505659806537459624,ML-DSA-87,0.00034580600913614035,0.0008492750348523259,0.00011806690599769354,24.70089009194635,1.7040991390855929,2482163.0,4627.0,2592.0,True
3,19,17258885612581755119,ML-DSA-87,0.0003067270154133439,0.0004941889783367515,0.00014692905824631453,24.654413896030746,1.6548697788494464,2482165.0,4627.0,2592.0,True
3,19,9130494139596057616,ML-DSA-87,0.00022194604389369488,0.0002062399871647358,0.00010017596650868654,24.86279442894738,1.6410613570350427,2482164.0,4627.0,2592.0,True
3,19,17634209929896859233,ML-DSA-87,0.00041528395377099514,0.00027790002059191465,0.00014841998927295208,24.898344261106104,1.6389197693846096,2482165.0,4627.0,2592.0,True
3,19,9996955591181366650,ML-DSA-87,0.00020506000146269798,0.0002135980175808072,0.00010346900671720505,11.361282304045744,1.6317148223852578,2482164.0,4627.0,2592.0,True
3,20,9130494139596057616,ML-DSA-87,0.0006168209947645664,0.000473759020678699,0.00019395898561924696,24.58769936405588,1.641434412794753,2482164.0,4627.0,2592.0,True
3,20,17634209929896859233,ML-DSA-87,0.0002542029833421111,0.00023940391838550568,0.00019918393809348345,24.68240438401699,1.604103530938633,2482165.0,4627.0,2592.0,True
3,20,17258885612581755119,ML-DSA-87,0.00018407602328807116,0.00030298996716737747,0.0001530749723315239,24.73104202991817,1.641659661603812,2482165.0,4627.0,2592.0,True
3,20,505659806537459624,ML-DSA-87,0.0001882379874587059,0.0002886139554902911,0.00014867400750517845,24.92202960397117,1.677455755849235,2482163.0,4627.0,2592.0,True
3,20,9996955591181366650,ML-DSA-87,0.00018438801635056734,0.0002009830204769969,0.0001515640178695321,11.809884423040785,1.6087111360348834,2482164.0,4627.0,2592.0,True
3,21,505659806537459624,ML-DSA-87,0.00035488198045641184,0.0003145820228382945,0.0001864749938249588,24.798968971939757,1.6755184470274198,2482163.0,4627.0,2592.0,True
3,21,17634209929896859233,ML-DSA-87,0.0003162870416417718,0.00030432199127972126,0.00010602502152323723,24.996575956931338,1.6289803880853013,2482165.0,4627.0,2592.0,True
3,21,9130494139596057616,ML-DSA-87,0.00025698798708617687,0.00019209005404263735,0.0002075530355796218,24.912363577983342,1.6171677440119248,2482164.0,4627.0,2592.0,True
3,21,17258885612581755119,ML-DSA-87,0.00024774600751698017,0.00024955603294074535,0.00010117900092154741,25.174839216982946,1.6459975101696416,2482165.0,4627.0,2592.0,True
3,21,9996955591181366650,ML-DSA-87,0.0001840710174292326,0.00016878906171768904,0.00010158692020922899,11.44834222807549,1.6061068957986924,2482164.0,4627.0,2592.0,True
3,22,9130494139596057616,ML-DSA-87,0.0002691129921004176,0.00047980493400245905,0.00017815001774579287,24.078388366033323,1.7107253714491384,2482164.0,4627.0,2592.0,True
3,22,17634209929896859233,ML-DSA-87,0.0002819499932229519,0.0004355029668658972,0.00011257897131145,24.20969494106248,1.5951266810536004,2482165.0,4627.0,2592.0,True
3,22,17258885612581755119,ML-DSA-87,0.00030549499206244946,0.00018124503549188375,0.0001328920479863882,24.551310808048584,1.6319870034726665,2482165.0,4627.0,2592.0,True
3,22,505659806537459624,ML-DSA-87,0.0002593409735709429,0.0002858429215848446,0.0001779340673238039,24.802238358999602,1.6570669686832367,2482163.0,4627.0,2592.0,True
3,22,9996955591181366650,ML-DSA-87,0.00030743307434022427,0.00029755395371466875,0.00011536106467247009,11.177697001956403,1.6612935330921088,2482164.0,4627.0,2592.0,True
3,23,17634209929896859233,ML-DSA-87,0.000349142006598413,0.0004554149927571416,0.0001607510494068265,23.862986883032136,1.596110636052994,2482165.0,4627.0,2592.0,True
3,23,17258885612581755119,ML-DSA-87,0.0003752328921109438,0.00032085797283798456,0.00013662397395819426,24.47647237102501,1.6264992270606775,2482165.0,4627.0,2592.0,True
3,23,9130494139596057616,ML-DSA-87,0.0002857280196622014,0.00022493093274533749,0.00010207900777459145,24.608163160039112,1.6167720883799057,2482164.0,4627.0,2592.0,True
3,23,505659806537459624,ML-DSA-87,0.00029876199550926685,0.000532421050593257,0.00022558600176125765,24.277775528957136,1.655416118641631,2482163.0,4627.0,2592.0,True
3,23,9996955591181366650,ML-DSA-87,0.00025690102484077215,0.00024102197494357824,0.00011499598622322083,11.17672423098702,1.6610042047195923,2482164.0,4627.0,2592.0,True
3,24,17634209929896859233,ML-DSA-87,0.0003693850012496114,0.00037581799551844597,0.00012332899495959282,27.269947996013798,1.6229237378976595,2482165.0,4627.0,2592.0,True
3,24,9130494139596057616,ML-DSA-87,0.0002551659708842635,0.0006261949893087149,0.000137999071739614,27.977287190034986,1.6309162450674624,2482164.0,4627.0,2592.0,True
3,24,17258885612581755119,ML-DSA-87,0.000257980078458786,0.00031133205629885197,0.00010829302482306957,28.179025749093853,1.6707850835574702,2482165.0,4627.0,2592.0,True
3,24,505659806537459624,ML-DSA-87,0.00018890993669629097,0.0004024700028821826,0.0001495110336691141,28.19539948401507,1.6643366889831739,2482163.0,4627.0,2592.0,True
3,24,9996955591181366650,ML-DSA-87,0.0002540020504966378,0.00028715399093925953,0.0001222820719704032,11.261833918979391,1.6044099049065441,2482164.0,4627.0,2592.0,True
3,25,505659806537459624,ML-DSA-87,0.000374958966858685,0.0003103578928858042,0.00013224303256720304,23.694889085018076,1.7065502704142002,2482163.0,4627.0,2592.0,True
3,25,17634209929896859233,ML-DSA-87,0.00041463400702923536,0.00038086390122771263,0.00018738594371825457,24.11653753009159,1.6131713656952587,2482165.0,4627.0,2592.0,True
3,25,17258885612581755119,ML-DSA-87,0.000278293970040977,0.0003054350381717086,0.00010467995889484882,24.378520256024785,1.6532465400406346,2482165.0,4627.0,2592.0,True
3,25,9130494139596057616,ML-DSA-87,0.0001849479740485549,0.00026484602130949497,0.00014500191900879145,24.63475189707242,1.5987147982128131,2482164.0,4627.0,2592.0,True
3,25,9996955591181366650,ML-DSA-87,0.0003171890275552869,0.0002072789939120412,0.00010110798757523298,11.15714032202959,1.646897262848985,2482164.0,4627.0,2592.0,True
3,26,505659806537459624,ML-DSA-87,0.00029829691629856825,0.0003875639522448182,0.0001482649240642786,23.977422427968122,1.6129644419819402,2482163.0,4627.0,2592.0,True
3,26,17258885612581755119,ML-DSA-87,0.0002961340360343456,0.00034917599987238646,0.00015020801220089197,24.212476262939163,1.6278008925267302,2482165.0,4627.0,2592.0,True
3,26,9130494139596057616,ML-DSA-87,0.0002820939989760518,0.00042131904046982527,0.00013036292511969805,24.299554067081772,1.6281622808200482,2482164.0,4627.0,2592.0,True
3,26,17634209929896859233,ML-DSA-87,0.0001894430024549365,0.0002800780348479748,0.0001482130028307438,24.518899124930613,1.605416371228215,2482165.0,4627.0,2592.0,True
3,26,9996955591181366650,ML-DSA-87,0.00018321292009204626,0.00015719502698630095,0.00010091403964906931,11.31265275599435,1.6030020778552412,2482164.0,4627.0,2592.0,True
3,27,17258885612581755119,ML-DSA-87,0.0003409109776839614,0.0008639199659228325,0.00012194807641208172,25.26671936607454,1.6382343216825979,2482165.0,4627.0,2592.0,True
3,27,9130494139596057616,ML-DSA-87,0.0006243130192160606,0.0004524799296632409,0.00012936408165842295,25.388633635942824,1.623730461056621,2482164.0,4627.0,2592.0,True
3,27,17634209929896859233,ML-DSA-87,0.00018630095291882753,0.0007012840360403061,0.00012900703586637974,25.527217626105994,1.627295022955337,2482165.0,4627.0,2592.0,True
3,27,505659806537459624,ML-DSA-87,0.00024826498702168465,0.0002826809650287032,0.00011614710092544556,25.734134448925033,1.6646209349647498,2482163.0,4627.0,2592.0,True
3,27,9996955591181366650,ML-DSA-87,0.0002517950488254428,0.0004729139618575573,0.00014771998394280672,11.2448497840669,1.5878214207701027,2482164.0,4627.0,2592.0,True
3,28,505659806537459624,ML-DSA-87,0.00025415990967303514,0.0005604739999398589,0.00012241897638887167,24.476601616013795,1.6736399984588257,2482163.0,4627.0,2592.0,True
3,28,9130494139596057616,ML-DSA-87,0.00032477499917149544,0.00048560998402535915,0.00013546389527618885,25.09360496501904,1.5833936432680003,2482164.0,4627.0,2592.0,True
3,28,17634209929896859233,ML-DSA-87,0.00043973897118121386,0.0005481299012899399,0.00024764006957411766,25.109768606955186,1.587026095428406,2482165.0,4627.0,2592.0,True
3,28,17258885612581755119,ML-DSA-87,0.00021974206902086735,0.0002595731057226658,0.0001931859878823161,25.152431422029622,1.611941446321079,2482165.0,4627.0,2592.0,True
3,28,9996955591181366650,ML-DSA-87,0.00020208291243761778,0.00017967796884477139,0.0001206379383802414,11.237650100956671,1.6735728775350431,2482164.0,4627.0,2592.0,True
3,29,505659806537459624,ML-DSA-87,0.00027313106693327427,0.0008113699732348323,0.00023053691256791353,24.23687017301563,1.6446972950198018,2482163.0,4627.0,2592.0,True
3,29,17258885612581755119,ML-DSA-87,0.0003967129159718752,0.00036840804386883974,0.00010580802336335182,24.74911117996089,1.58761741958868,2482165.0,4627.0,2592.0,True
3,29,17634209929896859233,ML-DSA-87,0.00019719998817890882,0.0003159170737490058,0.0001603149576112628,25.09126399003435,1.5924229981800238,2482165.0,4627.0,2592.0,True
3,29,9130494139596057616,ML-DSA-87,0.00026862998493015766,0.0003579289186745882,0.00011550507042557001,24.908161559025757,1.6155681035008294,2482164.0,4627.0,2592.0,True
3,29,9996955591181366650,ML-DSA-87,0.00024409103207290173,0.00019563199020922184,9.943393524736166e-05,11.434083768981509,1.5783475401302496,2482164.0,4627.0,2592.0,True
3,30,505659806537459624,ML-DSA-87,0.000823533977381885,0.00044636393431574106,0.00013585807755589485,24.640625540050678,1.6554512787169922,2482163.0,4627.0,2592.0,True
3,30,17634209929896859233,ML-DSA-87,0.0004395080031827092,0.00046999508049339056,0.00015153700951486826,25.02903176099062,1.6333503791699395,2482165.0,4627.0,2592.0,True
3,30,9130494139596057616,ML-DSA-87,0.00046517804730683565,0.0004980670055374503,0.00014142203144729137,25.145338008995168,1.6265116850027261,2482164.0,4627.0,2592.0,True
3,30,17258885612581755119,ML-DSA-87,0.0002643460175022483,0.0003534370334818959,0.00010895100422203541,25.38287924299948,1.6262976769060373,2482165.0,4627.0,2592.0,True
3,30,9996955591181366650,ML-DSA-87,0.00027694704476743937,0.0002947399625554681,0.00015820597764104605,11.30195671506226,1.5968774484750181,2482164.0,4627.0,2592.0,True
4,1,14377416178614950109,ML-DSA-87,0.0015979279996827245,0.0006986720254644752,0.00015778199303895235,24.311713888077065,nan,2482165.0,4627.0,2592.0,True
4,1,1738409156996228171,ML-DSA-87,0.0009985669748857617,0.0007784169865772128,0.00012356496881693602,24.93057687394321,2.1149260559782816,2482164.0,4627.0,2592.0,True
4,1,17811665052236148778,ML-DSA-87,0.0012061119778081775,0.00044082000385969877,0.00013375002890825272,24.91361215605866,2.1443420774258746,2482165.0,4627.0,2592.0,True
4,1,13240893269774638846,ML-DSA-87,0.0010026190429925919,0.00028110097628086805,0.00012698001228272915,25.46164975303691,2.3382654228149513,2482165.0,4627.0,2592.0,True
4,1,2515328293644677819,ML-DSA-87,0.00018834590446203947,0.0003445070469751954,0.00016850698739290237,11.31059466500301,2.212356650410369,2482164.0,4627.0,2592.0,True
4,2,1738409156996228171,ML-DSA-87,0.0003497450379654765,0.00032562308479100466,0.0001867450773715973,25.873793304082938,nan,2482164.0,4627.0,2592.0,True
4,2,17811665052236148778,ML-DSA-87,0.0003108070231974125,0.00033163605257868767,0.00020977703388780355,25.825975146959536,nan,2482165.0,4627.0,2592.0,True
4,2,14377416178614950109,ML-DSA-87,0.00033149507362395525,0.00022588903084397316,0.00011809403076767921,25.858911504969,nan,2482165.0,4627.0,2592.0,True
4,2,13240893269774638846,ML-DSA-87,0.00019728299230337143,0.00017045100685209036,0.00013712001964449883,26.168048035004176,nan,2482165.0,4627.0,2592.0,True
4,2,2515328293644677819,ML-DSA-87,0.0002458620583638549,0.00021754205226898193,0.00014078698586672544,11.165908120921813,nan,2482164.0,4627.0,2592.0,True
4,3,14377416178614950109,ML-DSA-87,0.0003146929666399956,0.00043651298619806767,0.0001759519800543785,24.031678322935477,nan,2482165.0,4627.0,2592.0,True
4,3,1738409156996228171,ML-DSA-87,0.00044028705451637506,0.00020019407384097576,0.0001222030259668827,24.191926173050888,nan,2482164.0,4627.0,2592.0,True
4,3,17811665052236148778,ML-DSA-87,0.0002568830968812108,0.0004418150056153536,0.00012523005716502666,24.5124660639558,nan,2482165.0,4627.0,2592.0,True
4,3,13240893269774638846,ML-DSA-87,0.00020679610315710306,0.00026575103402137756,0.0001614149659872055,24.643629878992215,nan,2482165.0,4627.0,2592.0,True
4,3,2515328293644677819,ML-DSA-87,0.0003584419609978795,0.000240790075622499,0.00014045194257050753,11.29765760700684,nan,2482164.0,4627.0,2592.0,True
4,4,14377416178614950109,ML-DSA-87,0.00025685608852654696,0.00031053402926772833,0.00016081694047898054,26.842585170990787,nan,2482165.0,4627.0,2592.0,True
4,4,1738409156996228171,ML-DSA-87,0.00027608603704720736,0.00034455000422894955,0.00012290896847844124,26.872734016971663,nan,2482164.0,4627.0,2592.0,True
4,4,17811665052236148778,ML-DSA-87,0.0004074620082974434,0.00038851203862577677,0.00010982598178088665,26.86741455993615,nan,2482165.0,4627.0,2592.0,True
4,4,13240893269774638846,ML-DSA-87,0.0003282900433987379,0.0003374658990651369,0.00010994006879627705,27.176319823018275,nan,2482165.0,4627.0,2592.0,True
4,4,2515328293644677819,ML-DSA-87,0.00025616795755922794,0.00039950397331267595,0.00017659703735262156,11.499311335966922,nan,2482164.0,4627.0,2592.0,True
4,5,17811665052236148778,ML-DSA-87,0.0003488369984552264,0.0003719939850270748,0.0001922160154208541,24.978828813997097,nan,2482165.0,4627.0,2592.0,True
4,5,1738409156996228171,ML-DSA-87,0.0003731850301846862,0.00032354705035686493,0.00021257391199469566,24.839493882027455,nan,2482164.0,4627.0,2592.0,True
4,5,13240893269774638846,ML-DSA-87,0.00036562199238687754,0.00025345291942358017,0.00016871397383511066,25.261427800985985,nan,2482165.0,4627.0,2592.0,True
4,5,14377416178614950109,ML-DSA-87,0.00022903992794454098,0.0001702930312603712,0.00017440598458051682,25.549800441018306,nan,2482165.0,4627.0,2592.0,True
4,5,2515328293644677819,ML-DSA-87,0.0002590890508145094,0.0003768550232052803,0.0001972439931705594,11.245459093945101,nan,2482164.0,4627.0,2592.0,True
4,6,17811665052236148778,ML-DSA-87,0.00037235207855701447,0.0008943070424720645,0.00012641900684684515,24.691938993986696,nan,2482165.0,4627.0,2592.0,True
4,6,14377416178614950109,ML-DSA-87,0.0002892119809985161,0.0004710679640993476,0.00013926601968705654,24.816741550923325,nan,2482165.0,4627.0,2592.0,True
4,6,13240893269774638846,ML-DSA-87,0.0003277389332652092,0.0006233990425243974,0.00011658400762826204,24.840268159052357,nan,2482165.0,4627.0,2592.0,True
4,6,1738409156996228171,ML-DSA-87,0.00025328004267066717,0.00027431908529251814,0.00013487902469933033,25.24709029402584,nan,2482164.0,4627.0,2592.0,True
4,6,2515328293644677819,ML-DSA-87,0.00020825397223234177,0.000256245955824852,0.00012122397311031818,11.13739667495247,nan,2482164.0,4627.0,2592.0,True
4,7,1738409156996228171,ML-DSA-87,0.00043668795842677355,0.0006151669658720493,0.00017856108024716377,24.124440512037836,nan,2482164.0,4627.0,2592.0,True
4,7,13240893269774638846,ML-DSA-87,0.0003630060236901045,0.0006469509098678827,0.00010438298340886831,24.268564003054053,nan,2482165.0,4627.0,2592.0,True
4,7,14377416178614950109,ML-DSA-87,0.0003521869657561183,0.0004023649962618947,0.0001434950390830636,24.320219240966253,nan,2482165.0,4627.0,2592.0,True
4,7,17811665052236148778,ML-DSA-87,0.0002514859661459923,0.00037725595757365227,0.00011956098023802042,24.413392495014705,nan,2482165.0,4627.0,2592.0,True
4,7,2515328293644677819,ML-DSA-87,0.00019754201639443636,0.0001794230192899704,0.00014493498019874096,11.099449220928364,nan,2482164.0,4627.0,2592.0,True
4,8,1738409156996228171,ML-DSA-87,0.0002386830747127533,0.00028411298990249634,0.00023235101252794266,24.25154061196372,nan,2482164.0,4627.0,2592.0,True
4,8,14377416178614950109,ML-DSA-87,0.00026945804711431265,0.0004398229066282511,0.00010316097177565098,24.83496017404832,nan,2482165.0,4627.0,2592.0,True
4,8,17811665052236148778,ML-DSA-87,0.00023480807431042194,0.0002678988967090845,0.00016562500968575478,24.88767241802998,nan,2482165.0,4627.0,2592.0,True
4,8,13240893269774638846,ML-DSA-87,0.00018182501662522554,0.00018462503794580698,0.00010407203808426857,24.972170528024435,nan,2482165.0,4627.0,2592.0,True
4,8,2515328293644677819,ML-DSA-87,0.00018578895833343267,0.00016344792675226927,0.00016723002772778273,11.229191571939737,nan,2482164.0,4627.0,2592.0,True
4,9,13240893269774638846,ML-DSA-87,0.0002633269177749753,0.0002505549928173423,0.00023455300834029913,24.548495522001758,nan,2482165.0,4627.0,2592.0,True
4,9,14377416178614950109,ML-DSA-87,0.0015714509645476937,0.000382858095690608,0.00013701606076210737,24.823820894933306,nan,2482165.0,4627.0,2592.0,True
4,9,1738409156996228171,ML-DSA-87,0.0002048530150204897,0.00021742598619312048,0.0001036589965224266,24.969891582033597,nan,2482164.0,4627.0,2592.0,True
4,9,17811665052236148778,ML-DSA-87,0.0003315099747851491,0.0004507779376581311,0.00013746100012212992,24.879810326965526,nan,2482165.0,4627.0,2592.0,True
4,9,2515328293644677819,ML-DSA-87,0.0002505559241399169,0.0003318320959806442,0.00010358006693422794,11.172221892978996,nan,2482164.0,4627.0,2592.0,True
4,10,13240893269774638846,ML-DSA-87,0.00040209293365478516,0.0010330480290576816,0.0005841229576617479,23.985584903974086,nan,2482165.0,4627.0,2592.0,True
4,10,17811665052236148778,ML-DSA-87,0.0002903370186686516,0.000318467034958303,9.982904884964228e-05,24.45722477696836,nan,2482165.0,4627.0,2592.0,True
4,10,14377416178614950109,ML-DSA-87,0.00020249199587851763,0.0006092999828979373,0.000142181059345603,24.513621211983263,nan,2482165.0,4627.0,2592.0,True
4,10,1738409156996228171,ML-DSA-87,0.0002360698999837041,0.00026946805883198977,0.00010034802835434675,24.579992334009148,nan,2482164.0,4627.0,2592.0,True
4,10,2515328293644677819,ML-DSA-87,0.00018289301078766584,0.00020564498845487833,0.00013960408978164196,11.33408632595092,nan,2482164.0,4627.0,2592.0,True
4,11,14377416178614950109,ML-DSA-87,0.0003295299829915166,0.0006164700025692582,0.0001812620321288705,24.24626131192781,nan,2482165.0,4627.0,2592.0,True
4,11,1738409156996228171,ML-DSA-87,0.00020963302813470364,0.00027360301464796066,0.00018088798969984055,24.46606949798297,nan,2482164.0,4627.0,2592.0,True
4,11,13240893269774638846,ML-DSA-87,0.00027342408429831266,0.0003620089264586568,0.0005044080317020416,24.429572409018874,nan,2482165.0,4627.0,2592.0,True
4,11,17811665052236148778,ML-DSA-87,0.0002623769687488675,0.0002430130261927843,0.00019820791203528643,24.563288512988947,nan,2482165.0,4627.0,2592.0,True
4,11,2515328293644677819,ML-DSA-87,0.00024030008353292942,0.0003462800523266196,0.0007005279185250401,11.170012596994638,nan,2482164.0,4627.0,2592.0,True
4,12,17811665052236148778,ML-DSA-87,0.0002859130036085844,0.00035189406480640173,0.00011238805018365383,24.387272774009034,nan,2482165.0,4627.0,2592.0,True
4,12,14377416178614950109,ML-DSA-87,0.00025676796212792397,0.0004529670113697648,0.00029086600989103317,24.87983923498541,nan,2482165.0,4627.0,2592.0,True
4,12,13240893269774638846,ML-DSA-87,0.00037832395173609257,0.0003047940554097295,0.00011021108366549015,24.771243634051643,nan,2482165.0,4627.0,2592.0,True
4,12,1738409156996228171,ML-DSA-87,0.0002983030863106251,0.00024638697504997253,0.0001488660927861929,25.10780206497293,nan,2482164.0,4627.0,2592.0,True
4,12,2515328293644677819,ML-DSA-87,0.00018992892000824213,0.00015885301399976015,0.00010261498391628265,11.156365328002721,nan,2482164.0,4627.0,2592.0,True
4,13,1738409156996228171,ML-DSA-87,0.0001925090327858925,0.0006018889835104346,0.00010123895481228828,24.56564785609953,nan,2482164.0,4627.0,2592.0,True
4,13,17811665052236148778,ML-DSA-87,0.000463066971860826,0.0007902099750936031,0.00010226701851934195,24.89401495095808,nan,2482165.0,4627.0,2592.0,True
4,13,13240893269774638846,ML-DSA-87,0.0002772609004750848,0.00020126206800341606,0.00017152796499431133,25.145187934977002,nan,2482165.0,4627.0,2592.0,True
4,13,14377416178614950109,ML-DSA-87,0.0001989459851756692,0.00027104897890239954,0.00010237901005893946,25.178412038017996,nan,2482165.0,4627.0,2592.0,True
4,13,2515328293644677819,ML-DSA-87,0.00019276503007858992,0.00036898499820381403,0.00015525694470852613,11.211413617944345,nan,2482164.0,4627.0,2592.0,True
4,14,1738409156996228171,ML-DSA-87,0.00028588902205228806,0.00033804704435169697,0.00013933994341641665,24.118121600011364,nan,2482164.0,4627.0,2592.0,True
4,14,14377416178614950109,ML-DSA-87,0.0002804399700835347,0.00023880996741354465,0.00013521802611649036,24.417178100091405,nan,2482165.0,4627.0,2592.0,True
4,14,13240893269774638846,ML-DSA-87,0.0003234860487282276,0.0005039609968662262,0.00024200195912271738,24.593410952948034,nan,2482165.0,4627.0,2592.0,True
4,14,17811665052236148778,ML-DSA-87,0.0002529930789023638,0.0006595770828425884,0.00012425100430846214,24.674809727002867,nan,2482165.0,4627.0,2592.0,True
4,14,2515328293644677819,ML-DSA-87,0.0001825150102376938,0.0003869669744744897,0.00014961196575313807,11.31100643496029,nan,2482164.0,4627.0,2592.0,True
4,15,1738409156996228171,ML-DSA-87,0.0003868649946525693,0.0004978380165994167,0.00010572001338005066,25.161980096949264,nan,2482164.0,4627.0,2592.0,True
4,15,14377416178614950109,ML-DSA-87,0.0004598210798576474,0.0002953659277409315,0.00019059597980231047,25.63848554692231,nan,2482165.0,4627.0,2592.0,True
4,15,13240893269774638846,ML-DSA-87,0.00020572601351886988,0.0003426929470151663,0.00010036199819296598,25.816292558098212,nan,2482165.0,4627.0,2592.0,True
4,15,17811665052236148778,ML-DSA-87,0.00025320006534457207,0.00028088397812098265,0.00011230597738176584,25.97574894502759,nan,2482165.0,4627.0,2592.0,True
4,15,2515328293644677819,ML-DSA-87,0.00018854497466236353,0.00015799200627952814,0.00023975491058081388,11.23249806300737,nan,2482164.0,4627.0,2592.0,True
4,16,13240893269774638846,ML-DSA-87,0.0003098610322922468,0.00042495306115597486,0.00012077100109308958,24.203532680985518,nan,2482165.0,4627.0,2592.0,True
4,16,17811665052236148778,ML-DSA-87,0.0002790549769997597,0.0002450119936838746,0.00018147099763154984,24.24605722608976,nan,2482165.0,4627.0,2592.0,True
4,16,14377416178614950109,ML-DSA-87,0.0002550350036472082,0.00018683099187910557,0.00013165606651455164,24.47257153200917,nan,2482165.0,4627.0,2592.0,True
4,16,1738409156996228171,ML-DSA-87,0.00017979100812226534,0.0005835850024595857,0.00017159490380436182,24.618791215936653,nan,2482164.0,4627.0,2592.0,True
4,16,2515328293644677819,ML-DSA-87,0.0001841540215536952,0.00027459696866571903,0.00013461906928569078,11.335556006990373,nan,2482164.0,4627.0,2592.0,True
4,17,17811665052236148778,ML-DSA-87,0.00042820197995752096,0.0015208169352263212,0.00025093904696404934,24.239038926083595,nan,2482165.0,4627.0,2592.0,True
4,17,13240893269774638846,ML-DSA-87,0.00024060194846242666,0.001171028008684516,0.00017386896070092916,24.570305964909494,nan,2482165.0,4627.0,2592.0,True
4,17,1738409156996228171,ML-DSA-87,0.00026212900411337614,0.0002969070337712765,0.0001402279594913125,24.595685502979904,nan,2482164.0,4627.0,2592.0,True
4,17,14377416178614950109,ML-DSA-87,0.0003996939631178975,0.0004190660547465086,0.00022875203285366297,24.573647496057674,nan,2482165.0,4627.0,2592.0,True
4,17,2515328293644677819,ML-DSA-87,0.00018329708836972713,0.00021373701747506857,0.00015133596025407314,11.152682297979482,nan,2482164.0,4627.0,2592.0,True
4,18,14377416178614950109,ML-DSA-87,0.00035022699739784,0.0012105379719287157,0.00013274408411234617,24.097437757998705,nan,2482165.0,4627.0,2592.0,True
4,18,1738409156996228171,ML-DSA-87,0.00027501594740897417,0.0004977049538865685,0.00013982993550598621,24.085942463949323,nan,2482164.0,4627.0,2592.0,True
4,18,17811665052236148778,ML-DSA-87,0.0001883140066638589,0.00031767599284648895,0.00010704994201660156,24.1876819410827,nan,2482165.0,4627.0,2592.0,True
4,18,13240893269774638846,ML-DSA-87,0.0001858819741755724,0.00023313402198255062,0.00013319298159331083,24.507721822941676,nan,2482165.0,4627.0,2592.0,True
4,18,2515328293644677819,ML-DSA-87,0.00018557894509285688,0.00018335296772420406,0.00011667702347040176,11.390811756020412,nan,2482164.0,4627.0,2592.0,True
4,19,13240893269774638846,ML-DSA-87,0.0002894100034609437,0.0004070649156346917,0.0001845749793574214,24.511296211043373,nan,2482165.0,4627.0,2592.0,True
4,19,1738409156996228171,ML-DSA-87,0.00028145196847617626,0.00031572498846799135,0.00010070204734802246,24.73089740308933,nan,2482164.0,4627.0,2592.0,True
4,19,17811665052236148778,ML-DSA-87,0.00027628696989268064,0.00044602493289858103,0.00016264093574136496,24.862406236934476,nan,2482165.0,4627.0,2592.0,True
4,19,14377416178614950109,ML-DSA-87,0.0002679490717127919,0.00039411999750882387,0.00010271905921399593,24.948851717985235,nan,2482165.0,4627.0,2592.0,True
4,19,2515328293644677819,ML-DSA-87,0.0002535519888624549,0.00021223898511379957,0.00016043893992900848,11.25217746803537,nan,2482164.0,4627.0,2592.0,True
4,20,14377416178614950109,ML-DSA-87,0.0003235109616070986,0.00034767703618854284,0.00012248905841261148,24.898446924984455,nan,2482165.0,4627.0,2592.0,True
4,20,13240893269774638846,ML-DSA-87,0.00021979701705276966,0.00021712598390877247,0.00017214601393789053,25.117334478069097,nan,2482165.0,4627.0,2592.0,True
4,20,1738409156996228171,ML-DSA-87,0.0003253060858696699,0.00023015006445348263,0.00010873388964682817,25.058090251055546,nan,2482164.0,4627.0,2592.0,True
4,20,17811665052236148778,ML-DSA-87,0.00024019391275942326,0.0004917089827358723,0.00013150193262845278,25.119954466004856,nan,2482165.0,4627.0,2592.0,True
4,20,2515328293644677819,ML-DSA-87,0.00027639896143227816,0.0002461180556565523,0.0001942469971254468,12.235469061997719,nan,2482164.0,4627.0,2592.0,True
4,21,17811665052236148778,ML-DSA-87,0.0002817079657688737,0.0004727700725197792,0.00017491693142801523,24.618055036989972,nan,2482165.0,4627.0,2592.0,True
4,21,1738409156996228171,ML-DSA-87,0.00033148902002722025,0.0003721249522641301,0.00010753900278359652,24.714197998982854,nan,2482164.0,4627.0,2592.0,True
4,21,13240893269774638846,ML-DSA-87,0.00039053603541105986,0.00040370598435401917,0.00016689905896782875,24.889007968013175,nan,2482165.0,4627.0,2592.0,True
4,21,14377416178614950109,ML-DSA-87,0.00018247903790324926,0.0002596089616417885,0.00012168905232101679,24.94160861009732,nan,2482165.0,4627.0,2592.0,True
4,21,2515328293644677819,ML-DSA-87,0.00025083706714212894,0.0003488610964268446,0.0001258120173588395,11.23466223408468,nan,2482164.0,4627.0,2592.0,True
4,22,13240893269774638846,ML-DSA-87,0.00038128707092255354,0.0005514940712600946,0.0002521530259400606,24.13058420701418,nan,2482165.0,4627.0,2592.0,True
4,22,14377416178614950109,ML-DSA-87,0.00036176200956106186,0.0005128210177645087,0.00012549804523587227,24.498009531991556,nan,2482165.0,4627.0,2592.0,True
4,22,1738409156996228171,ML-DSA-87,0.00039531500078737736,0.0004930890863761306,0.00012017309200018644,24.467914726934396,nan,2482164.0,4627.0,2592.0,True
4,22,17811665052236148778,ML-DSA-87,0.00018478999845683575,0.0003201200161129236,0.00019279203843325377,24.607351981918328,nan,2482165.0,4627.0,2592.0,True
4,22,2515328293644677819,ML-DSA-87,0.00024776707869023085,0.0005333800800144672,0.00024821003898978233,11.37136130896397,nan,2482164.0,4627.0,2592.0,True
4,23,13240893269774638846,ML-DSA-87,0.0002334839664399624,0.00038743799086660147,0.00022483000066131353,23.967710362980142,nan,2482165.0,4627.0,2592.0,True
4,23,1738409156996228171,ML-DSA-87,0.00030137901194393635,0.00037231005262583494,0.00015405192971229553,24.009387398022227,nan,2482164.0,4627.0,2592.0,True
4,23,14377416178614950109,ML-DSA-87,0.00029710307717323303,0.0002787749981507659,0.00022379099391400814,24.132972546038218,nan,2482165.0,4627.0,2592.0,True
4,23,17811665052236148778,ML-DSA-87,0.00025851407554000616,0.00016916694585233927,0.0001419369364157319,24.275088218972087,nan,2482165.0,4627.0,2592.0,True
4,23,2515328293644677819,ML-DSA-87,0.0003376459935680032,0.0002229830715805292,0.00019720196723937988,11.387099049985409,nan,2482164.0,4627.0,2592.0,True
4,24,14377416178614950109,ML-DSA-87,0.0003035679692402482,0.0003585889935493469,0.00023626501206308603,25.105402325978503,nan,2482165.0,4627.0,2592.0,True
4,24,17811665052236148778,ML-DSA-87,0.00043038208968937397,0.000360834994353354,0.00012421899009495974,25.23302436096128,nan,2482165.0,4627.0,2592.0,True
4,24,13240893269774638846,ML-DSA-87,0.00026701902970671654,0.00034882710315287113,0.00014152401126921177,25.421001856098883,nan,2482165.0,4627.0,2592.0,True
4,24,1738409156996228171,ML-DSA-87,0.00021711993031203747,0.00020134600345045328,0.00011366407852619886,25.741541311028413,nan,2482164.0,4627.0,2592.0,True
4,24,2515328293644677819,ML-DSA-87,0.0002536159008741379,0.0003154480364173651,0.00017485395073890686,11.093913510907441,nan,2482164.0,4627.0,2592.0,True
4,25,13240893269774638846,ML-DSA-87,0.00027842901181429625,0.00026628002524375916,0.00017120898701250553,24.310938370996155,nan,2482165.0,4627.0,2592.0,True
4,25,1738409156996228171,ML-DSA-87,0.0001992139732465148,0.0002954800147563219,0.00011550704948604107,24.584144478896633,nan,2482164.0,4627.0,2592.0,True
4,25,17811665052236148778,ML-DSA-87,0.00036709406413137913,0.00038084189873188734,0.00013996800407767296,24.520561131997965,nan,2482165.0,4627.0,2592.0,True
4,25,14377416178614950109,ML-DSA-87,0.0002808300778269768,0.0002509790938347578,0.00010278599802404642,24.567104751011357,nan,2482165.0,4627.0,2592.0,True
4,25,2515328293644677819,ML-DSA-87,0.00018079590518027544,0.0001583349658176303,0.000137584051117301,11.234152202028781,nan,2482164.0,4627.0,2592.0,True
4,26,17811665052236148778,ML-DSA-87,0.0002703269710764289,0.00031072204001247883,0.00012248300481587648,24.251585457008332,nan,2482165.0,4627.0,2592.0,True
4,26,13240893269774638846,ML-DSA-87,0.00026942999102175236,0.0004473939770832658,0.00012499094009399414,24.48868604307063,nan,2482165.0,4627.0,2592.0,True
4,26,1738409156996228171,ML-DSA-87,0.00025815400294959545,0.00020254903938621283,0.00015637290198355913,24.521315914927982,nan,2482164.0,4627.0,2592.0,True
4,26,14377416178614950109,ML-DSA-87,0.0002529409248381853,0.00040702405385673046,0.00010972307063639164,24.6811814410612,nan,2482165.0,4627.0,2592.0,True
4,26,2515328293644677819,ML-DSA-87,0.000245374976657331,0.00036204501520842314,0.00022400799207389355,11.181194127071649,nan,2482164.0,4627.0,2592.0,True
4,27,14377416178614950109,ML-DSA-87,0.0003243950195610523,0.0004295679973438382,0.0001675860257819295,25.62748162902426,nan,2482165.0,4627.0,2592.0,True
4,27,13240893269774638846,ML-DSA-87,0.0002834229962900281,0.0005886049475520849,0.00012001791037619114,25.680264150956646,nan,2482165.0,4627.0,2592.0,True
4,27,1738409156996228171,ML-DSA-87,0.00027304200921207666,0.00030003604479134083,0.00013946904800832272,25.81886434799526,nan,2482164.0,4627.0,2592.0,True
4,27,17811665052236148778,ML-DSA-87,0.00025507190730422735,0.00046633300371468067,0.00011347199324518442,25.956499988096766,nan,2482165.0,4627.0,2592.0,True
4,27,2515328293644677819,ML-DSA-87,0.00025491102132946253,0.000254505081102252,0.00017302704509347677,11.259548751986586,nan,2482164.0,4627.0,2592.0,True
4,28,14377416178614950109,ML-DSA-87,0.0004527979763224721,0.0006358670070767403,0.00017668004147708416,23.945093306945637,nan,2482165.0,4627.0,2592.0,True
4,28,13240893269774638846,ML-DSA-87,0.0003110170364379883,0.00045325502287596464,0.00012384704314172268,24.34082434407901,nan,2482165.0,4627.0,2592.0,True
4,28,1738409156996228171,ML-DSA-87,0.0002565169706940651,0.00021319405641406775,0.00014258711598813534,24.423469637986273,nan,2482164.0,4627.0,2592.0,True
4,28,17811665052236148778,ML-DSA-87,0.00028118991758674383,0.0007072529988363385,0.00013641605619341135,24.703199538984336,nan,2482165.0,4627.0,2592.0,True
4,28,2515328293644677819,ML-DSA-87,0.00020774896256625652,0.00030661001801490784,0.00017286790534853935,11.214511209051125,nan,2482164.0,4627.0,2592.0,True
4,29,1738409156996228171,ML-DSA-87,0.000639874953776598,0.00033770804293453693,0.00014197500422596931,23.180541584966704,nan,2482164.0,4627.0,2592.0,True
4,29,14377416178614950109,ML-DSA-87,0.0004162669647485018,0.0005725689698010683,0.00012500397861003876,23.504659006022848,nan,2482165.0,4627.0,2592.0,True
4,29,13240893269774638846,ML-DSA-87,0.0003788759931921959,0.0005169620271772146,0.00012731098104268312,24.215395614039153,nan,2482165.0,4627.0,2592.0,True
4,29,17811665052236148778,ML-DSA-87,0.00037468597292900085,0.0002569579519331455,0.00010405306238681078,24.270334291970357,nan,2482165.0,4627.0,2592.0,True
4,29,2515328293644677819,ML-DSA-87,0.00018898502457886934,0.00015598000027239323,0.00011663604527711868,11.068907725973986,nan,2482164.0,4627.0,2592.0,True
4,30,17811665052236148778,ML-DSA-87,0.0002784429816529155,0.00034337700344622135,0.0001946300035342574,23.884427525918,nan,2482165.0,4627.0,2592.0,True
4,30,1738409156996228171,ML-DSA-87,0.0003344879951328039,0.00030572398100048304,0.00012788805179297924,23.89332217501942,nan,2482164.0,4627.0,2592.0,True
4,30,14377416178614950109,ML-DSA-87,0.0004149090964347124,0.000354006071574986,0.00014629308134317398,23.936027813935652,nan,2482165.0,4627.0,2592.0,True
4,30,13240893269774638846,ML-DSA-87,0.0002487889723852277,0.0003041949821636081,0.00014089792966842651,23.949327523936518,nan,2482165.0,4627.0,2592.0,True
4,30,2515328293644677819,ML-DSA-87,0.00028897204902023077,0.00022564304526895285,0.00014474301133304834,10.9886532810051,nan,2482164.0,4627.0,2592.0,True
5,1,9850806485506103880,ML-DSA-87,0.001108889002352953,0.000629081972874701,0.00023082306142896414,24.268464391934685,nan,2482164.0,4627.0,2592.0,True
5,1,138113120896967724,ML-DSA-87,0.0014943319838494062,0.0006672419840469956,0.00014058605302125216,24.40260277397465,2.1544192621883114,2482163.0,4627.0,2592.0,True
5,1,11150818090040324502,ML-DSA-87,0.0013961080694571137,0.00026987597811967134,0.0001407819800078869,24.545677932095714,2.213080084361969,2482165.0,4627.0,2592.0,True
5,1,5825464024328616518,ML-DSA-87,0.0010034169536083937,0.00037559797056019306,0.0001767679350450635,24.583934655995108,2.181359343254528,2482164.0,4627.0,2592.0,True
5,1,1910898172213223006,ML-DSA-87,0.00018504599574953318,0.00042630499228835106,0.00013334990944713354,11.427821065997705,2.0638528369105282,2482164.0,4627.0,2592.0,True
5,2,5825464024328616518,ML-DSA-87,0.00029859005007892847,0.0008486630395054817,0.0002779010683298111,24.060747348936275,nan,2482164.0,4627.0,2592.0,True
5,2,138113120896967724,ML-DSA-87,0.000275755999609828,0.00033506506588310003,0.00010180706158280373,24.04102312703617,nan,2482163.0,4627.0,2592.0,True
5,2,11150818090040324502,ML-DSA-87,0.0002130070934072137,0.0001875170273706317,0.00014635990373790264,24.31549762596842,nan,2482165.0,4627.0,2592.0,True
5,2,9850806485506103880,ML-DSA-87,0.000190644059330225,0.0004069909919053316,0.00011270702816545963,24.45974517497234,nan,2482164.0,4627.0,2592.0,True
5,2,1910898172213223006,ML-DSA-87,0.00018706906121224165,0.0005653060507029295,0.00013517693150788546,11.474815589026548,nan,2482164.0,4627.0,2592.0,True
5,3,5825464024328616518,ML-DSA-87,0.00032191805075854063,0.0006081259343773127,0.00011651997920125723,24.907753680017777,nan,2482164.0,4627.0,2592.0,True
5,3,11150818090040324502,ML-DSA-87,0.0007041519274935126,0.00027342792600393295,9.863101877272129e-05,25.03352585702669,nan,2482165.0,4627.0,2592.0,True
5,3,9850806485506103880,ML-DSA-87,0.00018644798547029495,0.00019420194439589977,0.00019352405797690153,25.380521751008928,nan,2482164.0,4627.0,2592.0,True
5,3,138113120896967724,ML-DSA-87,0.00039289495907723904,0.0004314009565860033,0.00010056502651423216,25.356948742992245,nan,2482163.0,4627.0,2592.0,True
5,3,1910898172213223006,ML-DSA-87,0.0002499660477042198,0.00025098409969359636,0.0001436290331184864,11.038852636003867,nan,2482164.0,4627.0,2592.0,True
5,4,5825464024328616518,ML-DSA-87,0.0002856029896065593,0.00023035798221826553,0.00011823803652077913,24.94935859995894,nan,2482164.0,4627.0,2592.0,True
5,4,138113120896967724,ML-DSA-87,0.0005108030745759606,0.00043049000669270754,0.00014267500955611467,24.968909768969752,nan,2482163.0,4627.0,2592.0,True
5,4,9850806485506103880,ML-DSA-87,0.0002500680275261402,0.0002163170138373971,9.924103505909443e-05,25.217345946934074,nan,2482164.0,4627.0,2592.0,True
5,4,11150818090040324502,ML-DSA-87,0.00020402506925165653,0.0002745739184319973,0.00013912504073232412,25.49739578005392,nan,2482165.0,4627.0,2592.0,True
5,4,1910898172213223006,ML-DSA-87,0.0001886200625449419,0.0002751910360530019,0.0001010129926726222,11.325497808982618,nan,2482164.0,4627.0,2592.0,True
5,5,5825464024328616518,ML-DSA-87,0.00030361092649400234,0.0004829780664294958,0.00014549598563462496,24.3946738159284,nan,2482164.0,4627.0,2592.0,True
5,5,138113120896967724,ML-DSA-87,0.00026917399372905493,0.0003509690286591649,0.00016301602590829134,24.479687612038106,nan,2482163.0,4627.0,2592.0,True
5,5,9850806485506103880,ML-DSA-87,0.00034478807356208563,0.00019405409693717957,9.990797843784094e-05,24.737653982941993,nan,2482164.0,4627.0,2592.0,True
5,5,11150818090040324502,ML-DSA-87,0.00024539604783058167,0.0003345039440318942,0.00011814001481980085,24.870521576027386,nan,2482165.0,4627.0,2592.0,True
5,5,1910898172213223006,ML-DSA-87,0.0002487989841029048,0.00019437202718108892,0.00010608404409140348,11.06511439406313,nan,2482164.0,4627.0,2592.0,True
5,6,9850806485506103880,ML-DSA-87,0.00039360905066132545,0.0007594190537929535,0.00023755105212330818,24.49524780898355,nan,2482164.0,4627.0,2592.0,True
5,6,11150818090040324502,ML-DSA-87,0.000697494950145483,0.0004583130357787013,0.00010286900214850903,24.704556978074834,nan,2482165.0,4627.0,2592.0,True
5,6,138113120896967724,ML-DSA-87,0.00028730102349072695,0.0005359859205782413,0.0001857350580394268,24.802906977012753,nan,2482163.0,4627.0,2592.0,True
5,6,5825464024328616518,ML-DSA-87,0.0002132859081029892,0.00022235896904021502,0.00011248397640883923,24.9871562179178,nan,2482164.0,4627.0,2592.0,True
5,6,1910898172213223006,ML-DSA-87,0.00020358897745609283,0.0003369420301169157,0.00017886701971292496,11.124349065008573,nan,2482164.0,4627.0,2592.0,True
5,7,5825464024328616518,ML-DSA-87,0.0002963850274682045,0.0005306829698383808,0.0001455990131944418,24.323311153100803,nan,2482164.0,4627.0,2592.0,True
5,7,9850806485506103880,ML-DSA-87,0.00026882998645305634,0.00035964802373200655,0.0001834910362958908,24.768777507939376,nan,2482164.0,4627.0,2592.0,True
5,7,11150818090040324502,ML-DSA-87,0.00019055698066949844,0.00027141207829117775,0.0001408879179507494,24.96476347092539,nan,2482165.0,4627.0,2592.0,True
5,7,138113120896967724,ML-DSA-87,0.0002533920342102647,0.00039303593803197145,0.00017640902660787106,25.058181960950606,nan,2482163.0,4627.0,2592.0,True
5,7,1910898172213223006,ML-DSA-87,0.00027359602972865105,0.00032141397241503,0.00011659401934593916,10.948042667936534,nan,2482164.0,4627.0,2592.0,True
5,8,9850806485506103880,ML-DSA-87,0.000425703008659184,0.0007317729759961367,0.00020809797570109367,23.83231438905932,nan,2482164.0,4627.0,2592.0,True
5,8,5825464024328616518,ML-DSA-87,0.00039488403126597404,0.000450556050054729,0.00014356093015521765,24.327624381054193,nan,2482164.0,4627.0,2592.0,True
5,8,11150818090040324502,ML-DSA-87,0.00032875395845621824,0.0005031429463997483,9.931402746587992e-05,24.15714881301392,nan,2482165.0,4627.0,2592.0,True
5,8,138113120896967724,ML-DSA-87,0.0003279719967395067,0.0003458179999142885,0.00030136294662952423,24.50038921192754,nan,2482163.0,4627.0,2592.0,True
5,8,1910898172213223006,ML-DSA-87,0.00018310104496777058,0.0005481860134750605,0.00012337695807218552,11.322573765995912,nan,2482164.0,4627.0,2592.0,True
5,9,5825464024328616518,ML-DSA-87,0.0003170749405398965,0.0003678309731185436,0.00021373003255575895,24.92490383097902,nan,2482164.0,4627.0,2592.0,True
5,9,138113120896967724,ML-DSA-87,0.00028309004846960306,0.000725568039342761,0.0001455999445170164,25.044824849930592,nan,2482163.0,4627.0,2592.0,True
5,9,9850806485506103880,ML-DSA-87,0.0002972169313579798,0.0003796839155256748,0.00016266305465251207,25.260815801098943,nan,2482164.0,4627.0,2592.0,True
5,9,11150818090040324502,ML-DSA-87,0.00018501002341508865,0.00023787200916558504,0.00016435794532299042,25.307256344007328,nan,2482165.0,4627.0,2592.0,True
5,9,1910898172213223006,ML-DSA-87,0.0001888240221887827,0.0001670250203460455,0.00015060906298458576,11.10191114502959,nan,2482164.0,4627.0,2592.0,True
5,10,138113120896967724,ML-DSA-87,0.0004940970102325082,0.0006812689825892448,0.00018491502851247787,24.919047040049918,nan,2482163.0,4627.0,2592.0,True
5,10,9850806485506103880,ML-DSA-87,0.0004954020259901881,0.00034082296770066023,0.00026026100385934114,25.08110496797599,nan,2482164.0,4627.0,2592.0,True
5,10,5825464024328616518,ML-DSA-87,0.0002501470735296607,0.0003780430415645242,0.00010187807492911816,25.14394038694445,nan,2482164.0,4627.0,2592.0,True
5,10,11150818090040324502,ML-DSA-87,0.00038363109342753887,0.00042693910654634237,0.00013300299178808928,25.264860408962704,nan,2482165.0,4627.0,2592.0,True
5,10,1910898172213223006,ML-DSA-87,0.00025859696324914694,0.00026531191542744637,0.00010315899271517992,11.956144044990651,nan,2482164.0,4627.0,2592.0,True
5,11,9850806485506103880,ML-DSA-87,0.00024926604237407446,0.00047966104466468096,0.0002287980169057846,24.631400319980457,nan,2482164.0,4627.0,2592.0,True
5,11,5825464024328616518,ML-DSA-87,0.0002811399754136801,0.0008110610069707036,0.00014029198791831732,25.21360527793877,nan,2482164.0,4627.0,2592.0,True
5,11,138113120896967724,ML-DSA-87,0.00034390902146697044,0.0005452000768855214,0.0001358570298179984,25.34118965198286,nan,2482163.0,4627.0,2592.0,True
5,11,11150818090040324502,ML-DSA-87,0.00018586707301437855,0.0001769870286807418,0.00017151597421616316,25.453738090000115,nan,2482165.0,4627.0,2592.0,True
5,11,1910898172213223006,ML-DSA-87,0.00019060703925788403,0.0001968169817700982,0.00010541197843849659,11.227379851043224,nan,2482164.0,4627.0,2592.0,True
5,12,5825464024328616518,ML-DSA-87,0.00034794292878359556,0.00044640502892434597,0.00016701605636626482,24.129643197986297,nan,2482164.0,4627.0,2592.0,True
5,12,9850806485506103880,ML-DSA-87,0.00030991004314273596,0.0005925910081714392,0.00011153705418109894,24.95026016095653,nan,2482164.0,4627.0,2592.0,True
5,12,11150818090040324502,ML-DSA-87,0.00047019298654049635,0.0004560790257528424,0.00013941596262156963,24.929752468015067,nan,2482165.0,4627.0,2592.0,True
5,12,138113120896967724,ML-DSA-87,0.00025195605121552944,0.00027679302729666233,0.00015908200293779373,25.114789243903942,nan,2482163.0,4627.0,2592.0,True
5,12,1910898172213223006,ML-DSA-87,0.00020874396432191133,0.000275310012511909,0.00014139199629426003,12.496321602026,nan,2482164.0,4627.0,2592.0,True
5,13,11150818090040324502,ML-DSA-87,0.00029274006374180317,0.0003157369792461395,0.00013444304931908846,25.466646249988116,nan,2482165.0,4627.0,2592.0,True
5,13,9850806485506103880,ML-DSA-87,0.00028007396031171083,0.00030461791902780533,0.0002590009244158864,25.47504351695534,nan,2482164.0,4627.0,2592.0,True
5,13,138113120896967724,ML-DSA-87,0.0002594620455056429,0.00030619092285633087,0.00021656102035194635,25.720098188030533,nan,2482163.0,4627.0,2592.0,True
5,13,5825464024328616518,ML-DSA-87,0.0002547190524637699,0.00023521098773926497,0.0001810459652915597,25.932430873042904,nan,2482164.0,4627.0,2592.0,True
5,13,1910898172213223006,ML-DSA-87,0.00018563400954008102,0.00021096307318657637,0.00013989896979182959,10.829899913980626,nan,2482164.0,4627.0,2592.0,True
5,14,11150818090040324502,ML-DSA-87,0.00046579400077462196,0.00046072492841631174,0.0001854069996625185,24.13906539196614,nan,2482165.0,4627.0,2592.0,True
5,14,9850806485506103880,ML-DSA-87,0.0004615860525518656,0.0009442439768463373,0.00011824502144008875,24.116159814060666,nan,2482164.0,4627.0,2592.0,True
5,14,138113120896967724,ML-DSA-87,0.0003185039386153221,0.0003129210090264678,0.00012475706171244383,24.14493315096479,nan,2482163.0,4627.0,2592.0,True
5,14,5825464024328616518,ML-DSA-87,0.00020543299615383148,0.00021873193327337503,0.00010976905468851328,24.272232654038817,nan,2482164.0,4627.0,2592.0,True
5,14,1910898172213223006,ML-DSA-87,0.00018015108071267605,0.00015977199655026197,0.0001170929754152894,11.232980152941309,nan,2482164.0,4627.0,2592.0,True
5,15,11150818090040324502,ML-DSA-87,0.00028068595565855503,0.0010527330450713634,0.00012807396706193686,23.041745082940906,nan,2482165.0,4627.0,2592.0,True
5,15,5825464024328616518,ML-DSA-87,0.0002647349610924721,0.00034918799065053463,0.0001468230038881302,23.06049866892863,nan,2482164.0,4627.0,2592.0,True
5,15,138113120896967724,ML-DSA-87,0.00032427802216261625,0.00023683602921664715,0.00011361506767570972,22.962135442066938,nan,2482163.0,4627.0,2592.0,True
5,15,9850806485506103880,ML-DSA-87,0.00022120692301541567,0.00023383391089737415,0.00020017591305077076,23.14664782397449,nan,2482164.0,4627.0,2592.0,True
5,15,1910898172213223006,ML-DSA-87,0.00025828799698501825,0.00043480691965669394,0.00015392806380987167,10.838296101079322,nan,2482164.0,4627.0,2592.0,True
5,16,138113120896967724,ML-DSA-87,0.00043469597585499287,0.0006524170748889446,0.00020066590514034033,23.03204643097706,nan,2482163.0,4627.0,2592.0,True
5,16,9850806485506103880,ML-DSA-87,0.00045393803156912327,0.0006628519622609019,0.00010427902452647686,23.010340985958464,nan,2482164.0,4627.0,2592.0,True
5,16,5825464024328616518,ML-DSA-87,0.00028546503745019436,0.0004025179659947753,0.0001145519781857729,23.36212252092082,nan,2482164.0,4627.0,2592.0,True
5,16,11150818090040324502,ML-DSA-87,0.00018381408881396055,0.0004613799974322319,0.00010773609392344952,23.55734233208932,nan,2482165.0,4627.0,2592.0,True
5,16,1910898172213223006,ML-DSA-87,0.00018455705139786005,0.0001978810178115964,9.849504567682743e-05,10.65602801903151,nan,2482164.0,4627.0,2592.0,True
5,17,138113120896967724,ML-DSA-87,0.0004837620072066784,0.0003087699878960848,0.00017351610586047173,23.36705839703791,nan,2482163.0,4627.0,2592.0,True
5,17,5825464024328616518,ML-DSA-87,0.00045193301048129797,0.00026243296451866627,0.0001122599933296442,23.63817717297934,nan,2482164.0,4627.0,2592.0,True
5,17,11150818090040324502,ML-DSA-87,0.0002612509997561574,0.00036935205571353436,0.00010762398596853018,23.85249370802194,nan,2482165.0,4627.0,2592.0,True
5,17,9850806485506103880,ML-DSA-87,0.0002389700384810567,0.00024267390836030245,0.00011622998863458633,23.89626244897954,nan,2482164.0,4627.0,2592.0,True
5,17,1910898172213223006,ML-DSA-87,0.00019356003031134605,0.00018127704970538616,0.00010053301230072975,11.347830584971234,nan,2482164.0,4627.0,2592.0,True
5,18,11150818090040324502,ML-DSA-87,0.0002901559928432107,0.0006496839923784137,0.00013191602192819118,21.570245764916763,nan,2482165.0,4627.0,2592.0,True
5,18,5825464024328616518,ML-DSA-87,0.000341854989528656,0.0003899929579347372,0.00011892698239535093,22.007809313945472,nan,2482164.0,4627.0,2592.0,True
5,18,9850806485506103880,ML-DSA-87,0.00033196096774190664,0.0003930759849026799,0.00010966300033032894,21.855954927043058,nan,2482164.0,4627.0,2592.0,True
5,18,138113120896967724,ML-DSA-87,0.0002700460609048605,0.0002501920098438859,0.00010395096614956856,21.85945442400407,nan,2482163.0,4627.0,2592.0,True
5,18,1910898172213223006,ML-DSA-87,0.0002482730196788907,0.000357207958586514,0.00012263399548828602,10.639642387977801,nan,2482164.0,4627.0,2592.0,True
5,19,11150818090040324502,ML-DSA-87,0.0002744749654084444,0.00036500394344329834,0.00011467700824141502,22.538214587024413,nan,2482165.0,4627.0,2592.0,True
5,19,138113120896967724,ML-DSA-87,0.00025483500212430954,0.00025080994237214327,0.00012886698823422194,22.591115282964893,nan,2482163.0,4627.0,2592.0,True
5,19,9850806485506103880,ML-DSA-87,0.0005346019752323627,0.0005796760087832808,9.923509787768126e-05,22.561661585001275,nan,2482164.0,4627.0,2592.0,True
5,19,5825464024328616518,ML-DSA-87,0.00021616998128592968,0.00016061507631093264,0.00014950893819332123,22.69709365302697,nan,2482164.0,4627.0,2592.0,True
5,19,1910898172213223006,ML-DSA-87,0.00018635299056768417,0.00023815303575247526,0.00010930700227618217,10.65312782896217,nan,2482164.0,4627.0,2592.0,True
5,20,11150818090040324502,ML-DSA-87,0.00046688306611031294,0.00048415607307106256,0.00016191694885492325,23.476498606964014,nan,2482165.0,4627.0,2592.0,True
5,20,5825464024328616518,ML-DSA-87,0.00023942801635712385,0.0003175049787387252,0.00012765394058078527,23.802476381068118,nan,2482164.0,4627.0,2592.0,True
5,20,138113120896967724,ML-DSA-87,0.00023045099806040525,0.00031968799885362387,0.0001266759354621172,23.865390939987265,nan,2482163.0,4627.0,2592.0,True
5,20,9850806485506103880,ML-DSA-87,0.00018267298582941294,0.00025573698803782463,0.00010205397848039865,24.026246827910654,nan,2482164.0,4627.0,2592.0,True
5,20,1910898172213223006,ML-DSA-87,0.00020865502301603556,0.00022344000171869993,0.0001417070161551237,11.912101355963387,nan,2482164.0,4627.0,2592.0,True
5,21,11150818090040324502,ML-DSA-87,0.0002825269475579262,0.0002687559463083744,0.00019768299534916878,22.3241358170053,nan,2482165.0,4627.0,2592.0,True
5,21,5825464024328616518,ML-DSA-87,0.0002564339665696025,0.00018170604016631842,0.00015605194494128227,22.634129245067015,nan,2482164.0,4627.0,2592.0,True
5,21,9850806485506103880,ML-DSA-87,0.0002446729922667146,0.00023527198936790228,0.00020202994346618652,22.90771597996354,nan,2482164.0,4627.0,2592.0,True
5,21,138113120896967724,ML-DSA-87,0.00033527694176882505,0.00024492607917636633,0.00015025201719254255,22.84830737102311,nan,2482163.0,4627.0,2592.0,True
5,21,1910898172213223006,ML-DSA-87,0.0002491819905117154,0.000626811059191823,0.0001506999833509326,10.687642180011608,nan,2482164.0,4627.0,2592.0,True
5,22,5825464024328616518,ML-DSA-87,0.0003315580543130636,0.0008834860054776073,0.00011884595733135939,22.515131779946387,nan,2482164.0,4627.0,2592.0,True
5,22,138113120896967724,ML-DSA-87,0.00019298098050057888,0.0003088120138272643,0.00010319007560610771,22.709557430935092,nan,2482163.0,4627.0,2592.0,True
5,22,9850806485506103880,ML-DSA-87,0.0004399380413815379,0.00040062295738607645,9.883393067866564e-05,22.857627041987143,nan,2482164.0,4627.0,2592.0,True
5,22,11150818090040324502,ML-DSA-87,0.00019575597252696753,0.00018379499670118093,0.00011978100519627333,22.972062212065794,nan,2482165.0,4627.0,2592.0,True
5,22,1910898172213223006,ML-DSA-87,0.00018216506578028202,0.00015998899471014738,0.00010359694715589285,10.600020564976148,nan,2482164.0,4627.0,2592.0,True
5,23,9850806485506103880,ML-DSA-87,0.00023826793767511845,0.00029416498728096485,0.00019435700960457325,22.412043101969175,nan,2482164.0,4627.0,2592.0,True
5,23,11150818090040324502,ML-DSA-87,0.0002762849908322096,0.00027562794275581837,0.00023086799774318933,22.54638105095364,nan,2482165.0,4627.0,2592.0,True
5,23,5825464024328616518,ML-DSA-87,0.00029401492793112993,0.0001879129558801651,0.00014987809117883444,22.698994458070956,nan,2482164.0,4627.0,2592.0,True
5,23,138113120896967724,ML-DSA-87,0.0001811060355976224,0.0001930169528350234,0.00012447196058928967,22.810583082027733,nan,2482163.0,4627.0,2592.0,True
5,23,1910898172213223006,ML-DSA-87,0.00025337201077491045,0.00029918993823230267,0.00014003494288772345,10.899877295014448,nan,2482164.0,4627.0,2592.0,True
5,24,11150818090040324502,ML-DSA-87,0.00027438998222351074,0.0002103080041706562,0.00013115396723151207,22.959312575054355,nan,2482165.0,4627.0,2592.0,True
5,24,138113120896967724,ML-DSA-87,0.0003594749141484499,0.000321828993037343,9.96290473267436e-05,22.979560051928274,nan,2482163.0,4627.0,2592.0,True
5,24,9850806485506103880,ML-DSA-87,0.00030768406577408314,0.00039790989831089973,0.00014748808462172747,22.972605618997477,nan,2482164.0,4627.0,2592.0,True
5,24,5825464024328616518,ML-DSA-87,0.00022754899691790342,0.00033054896630346775,9.961100295186043e-05,23.5537976679625,nan,2482164.0,4627.0,2592.0,True
5,24,1910898172213223006,ML-DSA-87,0.0001845590304583311,0.0004871200071647763,0.00010007794480770826,11.401396208093502,nan,2482164.0,4627.0,2592.0,True
5,25,138113120896967724,ML-DSA-87,0.00022713991347700357,0.0004627769812941551,0.0001254100352525711,22.89647848799359,nan,2482163.0,4627.0,2592.0,True
5,25,11150818090040324502,ML-DSA-87,0.0010387059301137924,0.0006806490710005164,0.00011711393017321825,22.554544618004,nan,2482165.0,4627.0,2592.0,True
5,25,9850806485506103880,ML-DSA-87,0.00021979899611324072,0.0003350579645484686,9.808200411498547e-05,23.277686688001268,nan,2482164.0,4627.0,2592.0,True
5,25,5825464024328616518,ML-DSA-87,0.0003135320730507374,0.00021243991795927286,0.00010038795880973339,23.003051198087633,nan,2482164.0,4627.0,2592.0,True
5,25,1910898172213223006,ML-DSA-87,0.00019940605852752924,0.00020044203847646713,0.00010251498315483332,12.0196456060512,nan,2482164.0,4627.0,2592.0,True
5,26,9850806485506103880,ML-DSA-87,0.00029965105932205915,0.0003608550177887082,0.00020851194858551025,22.935566919040866,nan,2482164.0,4627.0,2592.0,True
5,26,11150818090040324502,ML-DSA-87,0.00038260198198258877,0.000454618944786489,0.00025194697082042694,23.127080298028886,nan,2482165.0,4627.0,2592.0,True
5,26,5825464024328616518,ML-DSA-87,0.00024324096739292145,0.00030768197029829025,0.0001939539797604084,23.279843238997273,nan,2482164.0,4627.0,2592.0,True
5,26,138113120896967724,ML-DSA-87,0.00032691494561731815,0.00047441304195672274,0.00015213096048682928,23.315161012928,nan,2482163.0,4627.0,2592.0,True
5,26,1910898172213223006,ML-DSA-87,0.00025463500060141087,0.00029445195104926825,0.00017749692779034376,11.19884903903585,nan,2482164.0,4627.0,2592.0,True
5,27,138113120896967724,ML-DSA-87,0.0006297969957813621,0.001101262983866036,0.00013703899458050728,23.733552281046286,nan,2482163.0,4627.0,2592.0,True
5,27,9850806485506103880,ML-DSA-87,0.0004603790584951639,0.0003873499808833003,0.000275079975835979,23.587673709960654,nan,2482164.0,4627.0,2592.0,True
5,27,11150818090040324502,ML-DSA-87,0.00025495002046227455,0.00024682795628905296,0.0001044019591063261,23.646015706006438,nan,2482165.0,4627.0,2592.0,True
5,27,5825464024328616518,ML-DSA-87,0.00017951999325305223,0.00022024300415068865,0.00011723593343049288,23.765054280986078,nan,2482164.0,4627.0,2592.0,True
5,27,1910898172213223006,ML-DSA-87,0.0001815970754250884,0.0002780510112643242,0.00015525904018431902,10.882830104092136,nan,2482164.0,4627.0,2592.0,True
5,28,5825464024328616518,ML-DSA-87,0.00038877606857568026,0.00038944906555116177,0.00016245606821030378,24.721848935936578,nan,2482164.0,4627.0,2592.0,True
5,28,138113120896967724,ML-DSA-87,0.00018996500875800848,0.0004132899921387434,0.00011262507177889347,25.00949882599525,nan,2482163.0,4627.0,2592.0,True
5,28,11150818090040324502,ML-DSA-87,0.0001984459813684225,0.0004832819104194641,0.00011820194777101278,25.182907945942134,nan,2482165.0,4627.0,2592.0,True
5,28,9850806485506103880,ML-DSA-87,0.00024612003471702337,0.00022548995912075043,0.00010005105286836624,25.12396975304,nan,2482164.0,4627.0,2592.0,True
5,28,1910898172213223006,ML-DSA-87,0.0002434391062706709,0.0002806620905175805,0.00011836399789899588,12.106221937923692,nan,2482164.0,4627.0,2592.0,True
5,29,5825464024328616518,ML-DSA-87,0.0003288509324193001,0.0003266100538894534,0.00016704900190234184,22.500082100043073,nan,2482164.0,4627.0,2592.0,True
5,29,138113120896967724,ML-DSA-87,0.0005263889906927943,0.0006596039747819304,0.0001399120083078742,22.71333932399284,nan,2482163.0,4627.0,2592.0,True
5,29,9850806485506103880,ML-DSA-87,0.0005040459800511599,0.0007360409945249557,0.00015585403889417648,22.606299545033835,nan,2482164.0,4627.0,2592.0,True
5,29,11150818090040324502,ML-DSA-87,0.00018445798195898533,0.00033826299477368593,0.00013816403225064278,23.060430404962972,nan,2482165.0,4627.0,2592.0,True
5,29,1910898172213223006,ML-DSA-87,0.0002298919716849923,0.00016120309010148048,0.00014508492313325405,10.831895474926569,nan,2482164.0,4627.0,2592.0,True
5,30,5825464024328616518,ML-DSA-87,0.00040842697490006685,0.00022720301058143377,0.0001207978930324316,22.64876573102083,nan,2482164.0,4627.0,2592.0,True
5,30,138113120896967724,ML-DSA-87,0.0002581239677965641,0.0002500190166756511,0.00011466094292700291,22.69207146205008,nan,2482163.0,4627.0,2592.0,True
5,30,11150818090040324502,ML-DSA-87,0.00033364398404955864,0.00023436103947460651,0.00016690592747181654,22.941751808975823,nan,2482165.0,4627.0,2592.0,True
5,30,9850806485506103880,ML-DSA-87,0.0001860989723354578,0.00032629002816975117,9.896093979477882e-05,22.975391982938163,nan,2482164.0,4627.0,2592.0,True
5,30,1910898172213223006,ML-DSA-87,0.00024473899975419044,0.00021181907504796982,0.00010828801896423101,10.54136675200425,nan,2482164.0,4627.0,2592.0,True
