run,round,node_id,scheme,keygen_time,sign_time,verify_time,train_time,train_loss,payload_size,sig_size,pubkey_size,verified
1,1,16500742645882893227,RSA-2048,0.07292242301627994,0.006195615977048874,0.005372529965825379,40.71117304894142,2.336446346566319,2482165.0,256.0,294.0,True
1,1,12482006453588077449,RSA-2048,0.08504041994456202,0.003042884054593742,0.00013842398766428232,42.01960190793034,2.1252901816901306,2482165.0,256.0,294.0,True
1,1,5160811553171578770,RSA-2048,0.19605861091986299,0.00268957600928843,0.00013195094652473927,41.71911949699279,2.2025453221683686,2482164.0,256.0,294.0,True
1,1,4599860726584423768,RSA-2048,0.05016340594738722,0.0016582240350544453,0.00011616398114711046,41.73295169696212,2.1251017613151966,2482164.0,256.0,294.0,True
1,1,6098232660251136170,RSA-2048,0.019340044003911316,0.0011223569745197892,0.0001172100892290473,13.416442765970714,2.1473226707202557,2482164.0,256.0,294.0,True
1,2,12482006453588077449,RSA-2048,0.08798492804635316,0.0022216259967535734,0.00013866100925952196,28.1331150039332,2.309883925861444,2482165.0,256.0,294.0,True
1,2,16500742645882893227,RSA-2048,0.0954456509789452,0.001454744953662157,0.00012298498768359423,28.1483712089248,2.2688898274692866,2482165.0,256.0,294.0,True
1,2,4599860726584423768,RSA-2048,0.050668830052018166,0.0012214239686727524,0.00014269899111241102,28.222095464006998,2.3102437954741166,2482164.0,256.0,294.0,True
1,2,5160811553171578770,RSA-2048,0.040814826963469386,0.001116627943702042,0.00013694691006094217,28.718335820012726,2.1492192992767967,2482164.0,256.0,294.0,True
1,2,6098232660251136170,RSA-2048,0.07100755395367742,0.0011042780242860317,0.00014136708341538906,11.82967742497567,2.3115266961411547,2482164.0,256.0,294.0,True
1,3,4599860726584423768,RSA-2048,0.06908317503985018,0.0022097310284152627,0.0001293820096179843,25.493656413978897,2.053639400119599,2482164.0,256.0,294.0,True
1,3,5160811553171578770,RSA-2048,0.035608720034360886,0.002106283907778561,0.00011679902672767639,25.989480566000566,2.034325804192418,2482164.0,256.0,294.0,True
1,3,12482006453588077449,RSA-2048,0.056900092982687056,0.0013176349457353354,0.00011840893421322107,26.172114506014623,2.034563067241218,2482165.0,256.0,294.0,True
1,3,16500742645882893227,RSA-2048,0.027685540029779077,0.0017693469999358058,0.0001432780409231782,26.11295117600821,2.0116543396593283,2482165.0,256.0,294.0,True
1,3,6098232660251136170,RSA-2048,0.07022091699764132,0.001050274004228413,0.00011333206202834845,11.709073779988103,2.026501388595508,2482164.0,256.0,294.0,True
1,4,12482006453588077449,RSA-2048,0.06539791997056454,0.002029950963333249,0.0001384640345349908,26.263259434024803,1.9584204704997639,2482165.0,256.0,294.0,True
1,4,16500742645882893227,RSA-2048,0.0580357660073787,0.004173086024820805,0.00018753297626972198,26.437980593997054,1.9548327294401466,2482165.0,256.0,294.0,True
1,4,5160811553171578770,RSA-2048,0.02184463490266353,0.0015122590120881796,0.00015093700494617224,26.533583155018277,1.9788982468291212,2482164.0,256.0,294.0,True
1,4,4599860726584423768,RSA-2048,0.03633804293349385,0.0012462380109354854,0.0001734369434416294,26.59911683294922,1.9652659843524043,2482164.0,256.0,294.0,True
1,4,6098232660251136170,RSA-2048,0.05682565807364881,0.0017528519965708256,0.00012981798499822617,12.86619046505075,2.036938658156715,2482164.0,256.0,294.0,True
1,5,16500742645882893227,RSA-2048,0.05942137795500457,0.0011210839729756117,0.0001244599698111415,27.617050200002268,1.9225471450117069,2482165.0,256.0,294.0,True
1,5,5160811553171578770,RSA-2048,0.07763687090482563,0.0020857329946011305,0.0001277789706364274,27.789629598031752,1.993394583558884,2482164.0,256.0,294.0,True
1,5,12482006453588077449,RSA-2048,0.08065238397102803,0.0011085529113188386,0.0001733920071274042,27.6863277759403,1.9379035074489948,2482165.0,256.0,294.0,True
1,5,4599860726584423768,RSA-2048,0.1939070289954543,0.0011570289498195052,0.00013278191909193993,27.58495528693311,1.955196755762679,2482164.0,256.0,294.0,True
1,5,6098232660251136170,RSA-2048,0.16100771608762443,0.0010391210671514273,0.00012323807459324598,11.880226001958363,1.95740641648777,2482164.0,256.0,294.0,True
1,6,5160811553171578770,RSA-2048,0.09887356997933239,0.0019891910487785935,0.00012267101556062698,27.33194534899667,1.984268968097699,2482164.0,256.0,294.0,True
1,6,16500742645882893227,RSA-2048,0.06069922598544508,0.0025106200482696295,0.00012973893899470568,27.36865283397492,1.931251317929155,2482165.0,256.0,294.0,True
1,6,12482006453588077449,RSA-2048,0.033242988982237875,0.0018970370292663574,0.00011837505735456944,27.611500050057657,1.932676432612605,2482165.0,256.0,294.0,True
1,6,4599860726584423768,RSA-2048,0.07418478198815137,0.0011141399154439569,0.00013188703451305628,27.9974588699406,1.9469637745104658,2482164.0,256.0,294.0,True
1,6,6098232660251136170,RSA-2048,0.01730735693126917,0.0012506600469350815,0.00012697698548436165,12.102881252998486,1.9172486181076343,2482164.0,256.0,294.0,True
1,7,16500742645882893227,RSA-2048,0.04777865600772202,0.001259608892723918,0.00013768894132226706,25.62252102291677,1.903573446761305,2482165.0,256.0,294.0,True
1,7,4599860726584423768,RSA-2048,0.04092618799768388,0.0022485050139948726,0.00014331191778182983,25.925603474956006,1.8857648345989921,2482164.0,256.0,294.0,True
1,7,5160811553171578770,RSA-2048,0.08320530201308429,0.001330054015852511,0.00013705098535865545,25.983454182045534,1.9122211243778753,2482164.0,256.0,294.0,True
1,7,12482006453588077449,RSA-2048,0.015078368014656007,0.0017167810583487153,0.0001242880243808031,26.057454416994005,1.8832480568474474,2482165.0,256.0,294.0,True
1,7,6098232660251136170,RSA-2048,0.08865643001627177,0.0010696599492803216,0.00011662894394248724,11.753717827028595,1.8966064411230361,2482164.0,256.0,294.0,True
1,8,5160811553171578770,RSA-2048,0.13748133298940957,0.0022194479824975133,0.00018252292647957802,26.90670652699191,1.9152766039577156,2482164.0,256.0,294.0,True
1,8,16500742645882893227,RSA-2048,0.16234621405601501,0.0018592000706121325,0.0001472259173169732,26.855519040022045,1.874336813585446,2482165.0,256.0,294.0,True
1,8,4599860726584423768,RSA-2048,0.046466051950119436,0.0012138660531491041,0.00012441305443644524,26.94313175708521,1.8905443859557374,2482164.0,256.0,294.0,True
1,8,12482006453588077449,RSA-2048,0.04447154502850026,0.001216492964886129,0.00012069602962583303,27.369902631966397,1.9013896803505503,2482165.0,256.0,294.0,True
1,8,6098232660251136170,RSA-2048,0.040980976074934006,0.0010311580263078213,0.00019290100317448378,12.114335975958966,1.9258558887262314,2482164.0,256.0,294.0,True
1,9,12482006453588077449,RSA-2048,0.04249841603450477,0.0013205650029703975,0.00018603005446493626,27.17070939601399,1.8676800118467678,2482165.0,256.0,294.0,True
1,9,16500742645882893227,RSA-2048,0.2641943999333307,0.0022730360506102443,0.00013275397941470146,27.357265415019356,1.8596704855513648,2482165.0,256.0,294.0,True
1,9,5160811553171578770,RSA-2048,0.0435018390417099,0.0011848510475829244,0.0001840740442276001,27.51498477696441,1.880400091314468,2482164.0,256.0,294.0,True
1,9,4599860726584423768,RSA-2048,0.020082177012227476,0.00116830097977072,0.0001483889063820243,27.695200322079472,1.8798599285058701,2482164.0,256.0,294.0,True
1,9,6098232660251136170,RSA-2048,0.04285048507153988,0.001116137020289898,0.00014828797429800034,12.368056371924467,1.8545217891089834,2482164.0,256.0,294.0,True
1,10,16500742645882893227,RSA-2048,0.06127110798843205,0.0019179320661351085,0.00014795898459851742,27.761895183939487,1.8129819048860203,2482165.0,256.0,294.0,True
1,10,4599860726584423768,RSA-2048,0.07311070407740772,0.0018647999968379736,0.00016129098366945982,27.676324442960322,1.8557439615932136,2482164.0,256.0,294.0,True
1,10,5160811553171578770,RSA-2048,0.03853310691192746,0.0012148419627919793,0.00013151706662029028,27.88104820298031,1.8397119540376023,2482164.0,256.0,294.0,True
1,10,12482006453588077449,RSA-2048,0.042954346048645675,0.0011862029787153006,0.00012958701699972153,28.306774427066557,1.8804846266968944,2482165.0,256.0,294.0,True
1,10,6098232660251136170,RSA-2048,0.07808446895796806,0.001960081048309803,0.00015526602510362864,12.665607484988868,1.8273272548620694,2482164.0,256.0,294.0,True
1,11,12482006453588077449,RSA-2048,0.019787301891483366,0.0013090160209685564,0.0001236720709130168,26.798344191047363,1.81153019510519,2482165.0,256.0,294.0,True
1,11,5160811553171578770,RSA-2048,0.017543302034027874,0.0011792680015787482,0.00011320598423480988,27.078145287930965,1.840550745638034,2482164.0,256.0,294.0,True
1,11,4599860726584423768,RSA-2048,0.1704821230378002,0.0023451169254258275,0.00012268801219761372,27.114345957059413,1.827275677610891,2482164.0,256.0,294.0,True
1,11,16500742645882893227,RSA-2048,0.09325187094509602,0.001141209970228374,0.00011184706818312407,27.404289049911313,1.840353095874238,2482165.0,256.0,294.0,True
1,11,6098232660251136170,RSA-2048,0.16553363797720522,0.0010953759774565697,0.00016434397548437119,11.983557587955147,1.8482815602336067,2482164.0,256.0,294.0,True
1,12,5160811553171578770,RSA-2048,0.02485938696190715,0.0021627109963446856,0.0001465460518375039,26.556304411031306,1.7993027287931107,2482164.0,256.0,294.0,True
1,12,16500742645882893227,RSA-2048,0.08710989402607083,0.002365032909438014,0.00020588201005011797,26.99917369405739,1.7969129386420448,2482165.0,256.0,294.0,True
1,12,4599860726584423768,RSA-2048,0.11749871307983994,0.0020852930610999465,0.00017175497487187386,27.486012723995373,1.8134451129565985,2482164.0,256.0,294.0,True
1,12,12482006453588077449,RSA-2048,0.019307269947603345,0.001342149917036295,0.00016814598347991705,27.639242010074668,1.8269361303256342,2482165.0,256.0,294.0,True
1,12,6098232660251136170,RSA-2048,0.058975834981538355,0.0013258890248835087,0.0001798509620130062,12.741278633009642,1.8187849830133846,2482164.0,256.0,294.0,True
1,13,16500742645882893227,RSA-2048,0.022014028974808753,0.0023601650027558208,0.00017454696353524923,27.18091994698625,1.7824551011807621,2482165.0,256.0,294.0,True
1,13,5160811553171578770,RSA-2048,0.07818563200999051,0.002152599976398051,0.00011359399650245905,27.08558166504372,1.8085020422554625,2482164.0,256.0,294.0,True
1,13,12482006453588077449,RSA-2048,0.045731552061624825,0.0011719099711626768,0.0001443879446014762,27.314593884977512,1.7969277872445104,2482165.0,256.0,294.0,True
1,13,4599860726584423768,RSA-2048,0.08322318398859352,0.0015911220107227564,0.00012829899787902832,27.697099874028936,1.7683657815281195,2482164.0,256.0,294.0,True
1,13,6098232660251136170,RSA-2048,0.023759432951919734,0.001125863054767251,0.0001507030101493001,12.649680875940248,1.8086364619648114,2482164.0,256.0,294.0,True
1,14,16500742645882893227,RSA-2048,0.060897839022800326,0.0023458569776266813,0.0001337110297754407,27.452987189986743,1.768601472004534,2482165.0,256.0,294.0,True
1,14,5160811553171578770,RSA-2048,0.09205786103848368,0.0019453330896794796,0.0001366500509902835,27.90871285297908,1.77038502388488,2482164.0,256.0,294.0,True
1,14,12482006453588077449,RSA-2048,0.02548321196809411,0.0016543229576200247,0.00013508996926248074,28.076715331990272,1.7845465344742846,2482165.0,256.0,294.0,True
1,14,4599860726584423768,RSA-2048,0.09105185396037996,0.0015927909407764673,0.00013306608889251947,28.10770761501044,1.7959930870098808,2482164.0,256.0,294.0,True
1,14,6098232660251136170,RSA-2048,0.04015275801066309,0.0012669350253418088,0.0001254359958693385,12.117422378039919,1.7802840593143012,2482164.0,256.0,294.0,True
1,15,5160811553171578770,RSA-2048,0.02626842202153057,0.002352192997932434,0.00014527002349495888,26.640378983924165,1.7555429371782005,2482164.0,256.0,294.0,True
1,15,16500742645882893227,RSA-2048,0.10401802300475538,0.0022348739439621568,0.00016101507935672998,27.085507347946987,1.7780347133216006,2482165.0,256.0,294.0,True
1,15,12482006453588077449,RSA-2048,0.14678010100033134,0.0013253019424155354,0.00014901591930538416,27.586493515991606,1.7814835725120082,2482165.0,256.0,294.0,True
1,15,4599860726584423768,RSA-2048,0.07847356505226344,0.001767938956618309,0.00014276709407567978,28.279901511967182,1.7751765304480116,2482164.0,256.0,294.0,True
1,15,6098232660251136170,RSA-2048,0.05656934599392116,0.0010642140405252576,0.00016604701522737741,12.641839970019646,1.7727137826882993,2482164.0,256.0,294.0,True
1,16,16500742645882893227,RSA-2048,0.08891157701145858,0.0011685829376801848,0.00016691291239112616,26.742924634949304,1.7538716568352697,2482165.0,256.0,294.0,True
1,16,12482006453588077449,RSA-2048,0.11548096500337124,0.0016471750568598509,0.0001247910549864173,26.785128307994455,1.7770918223042838,2482165.0,256.0,294.0,True
1,16,5160811553171578770,RSA-2048,0.02238666091579944,0.001416409038938582,0.00011672498658299446,27.325553923030384,1.7465901580481484,2482164.0,256.0,294.0,True
1,16,4599860726584423768,RSA-2048,0.019088854896835983,0.0010739350691437721,0.00013883993960916996,27.506123761995696,1.7628379824062506,2482164.0,256.0,294.0,True
1,16,6098232660251136170,RSA-2048,0.051347827073186636,0.001059866975992918,0.0001314319670200348,12.195022755069658,1.734286387507527,2482164.0,256.0,294.0,True
1,17,5160811553171578770,RSA-2048,0.07216604799032211,0.002333355019800365,0.00011830998118966818,26.66240942000877,1.7291573800217992,2482164.0,256.0,294.0,True
1,17,4599860726584423768,RSA-2048,0.1165646119043231,0.002129868953488767,0.00013459392357617617,27.222089321003295,1.7555785323865116,2482164.0,256.0,294.0,True
1,17,16500742645882893227,RSA-2048,0.04339674906805158,0.002085696905851364,0.0001157569931820035,27.788363864063285,1.7360271980968147,2482165.0,256.0,294.0,True
1,17,12482006453588077449,RSA-2048,0.014260009047575295,0.0011933459900319576,0.0001917509362101555,28.05209539597854,1.7624516330968838,2482165.0,256.0,294.0,True
1,17,6098232660251136170,RSA-2048,0.05052508506923914,0.001047797966748476,0.00011670205276459455,11.574585683061741,1.7450701706706526,2482164.0,256.0,294.0,True
1,18,4599860726584423768,RSA-2048,0.062401862000115216,0.0023354910081252456,0.00011818297207355499,26.36666681896895,1.7558178608409893,2482164.0,256.0,294.0,True
1,18,16500742645882893227,RSA-2048,0.06695832498371601,0.00123331299982965,0.0001321049639955163,26.278885297011584,1.7515910509676218,2482165.0,256.0,294.0,True
1,18,5160811553171578770,RSA-2048,0.08557581203058362,0.001268578926101327,0.00017769401893019676,26.419425898930058,1.7405298460786716,2482164.0,256.0,294.0,True
1,18,12482006453588077449,RSA-2048,0.13130451296456158,0.001224242034368217,0.0001336069544777274,26.516365253017284,1.744921671696745,2482165.0,256.0,294.0,True
1,18,6098232660251136170,RSA-2048,0.04682425002101809,0.0012262070085853338,0.00012058299034833908,11.718128927983344,1.815911229806967,2482164.0,256.0,294.0,True
1,19,12482006453588077449,RSA-2048,0.021463347948156297,0.0012475469848141074,0.00017070688772946596,23.790374296950176,1.7714225015701197,2482165.0,256.0,294.0,True
1,19,4599860726584423768,RSA-2048,0.07129531900864094,0.0013682469725608826,0.00013267400208860636,24.33214760303963,1.7663982740987223,2482164.0,256.0,294.0,True
1,19,16500742645882893227,RSA-2048,0.15605756093282253,0.0016035239677876234,0.0001274120295420289,24.444297560025007,1.739667631566715,2482165.0,256.0,294.0,True
1,19,5160811553171578770,RSA-2048,0.0449324999935925,0.0011553129879757762,0.00018449302297085524,24.51959267805796,1.7508273341785223,2482164.0,256.0,294.0,True
1,19,6098232660251136170,RSA-2048,0.028832603944465518,0.0011647490318864584,0.00012477301061153412,11.42088893102482,1.7251646453961016,2482164.0,256.0,294.0,True
1,20,4599860726584423768,RSA-2048,0.050417665974237025,0.0011510630138218403,0.00013111799489706755,25.08760692505166,1.8020440560941118,2482164.0,256.0,294.0,True
1,20,16500742645882893227,RSA-2048,0.12094330100808293,0.002014558995142579,0.0001533749746158719,25.105313217965886,1.7540246305374292,2482165.0,256.0,294.0,True
1,20,12482006453588077449,RSA-2048,0.026714883977547288,0.0013315209653228521,0.00011748692486435175,25.27417025109753,1.7324678395122004,2482165.0,256.0,294.0,True
1,20,5160811553171578770,RSA-2048,0.04063202394172549,0.0010434730211272836,0.00013287505134940147,25.72980055597145,1.7118785815497937,2482164.0,256.0,294.0,True
1,20,6098232660251136170,RSA-2048,0.03153086290694773,0.0010454499861225486,0.00013182905968278646,11.265329106943682,1.7257499233983196,2482164.0,256.0,294.0,True
1,21,5160811553171578770,RSA-2048,0.035397200961597264,0.0021139009622856975,0.00011954607907682657,24.06656032591127,1.7263836228428557,2482164.0,256.0,294.0,True
1,21,12482006453588077449,RSA-2048,0.03367695398628712,0.0013007819652557373,0.00014422601088881493,24.283115933067165,1.7238741671315396,2482165.0,256.0,294.0,True
1,21,16500742645882893227,RSA-2048,0.08377565804403275,0.0012021580478176475,0.0001308749197050929,24.47313583898358,1.704875162615182,2482165.0,256.0,294.0,True
1,21,4599860726584423768,RSA-2048,0.07686911209020764,0.001220228965394199,0.00013143697287887335,24.621474663028494,1.7132461105291836,2482164.0,256.0,294.0,True
1,21,6098232660251136170,RSA-2048,0.02078813302796334,0.0010580639354884624,0.00013794703409075737,11.354811721015722,1.7222879953658619,2482164.0,256.0,294.0,True
1,22,16500742645882893227,RSA-2048,0.03773723007179797,0.002382195903919637,0.00015072396490722895,24.462238428066485,1.7436919962636197,2482165.0,256.0,294.0,True
1,22,12482006453588077449,RSA-2048,0.07991716300603002,0.0022506890818476677,0.00013026397209614515,24.84055464004632,1.6978400107770681,2482165.0,256.0,294.0,True
1,22,4599860726584423768,RSA-2048,0.021565094008110464,0.0011614789254963398,0.00013734004460275173,24.812191359931603,1.7209937663885733,2482164.0,256.0,294.0,True
1,22,5160811553171578770,RSA-2048,0.0569433260243386,0.001081204041838646,0.00012299197260290384,25.26676047395449,1.710966915368272,2482164.0,256.0,294.0,True
1,22,6098232660251136170,RSA-2048,0.026160823996178806,0.0011124570155516267,0.00012637395411729813,11.540400311932899,1.7055981486750107,2482164.0,256.0,294.0,True
1,23,16500742645882893227,RSA-2048,0.07789448008406907,0.0021031800424680114,0.00016257993411272764,24.546830761013553,1.6904934046748348,2482165.0,256.0,294.0,True
1,23,5160811553171578770,RSA-2048,0.055924938060343266,0.0012204480590298772,0.00013993296306580305,24.68433548696339,1.8778290283946564,2482164.0,256.0,294.0,True
1,23,4599860726584423768,RSA-2048,0.05998987890779972,0.0011400110088288784,0.00014696596190333366,24.81969593896065,1.730301091084465,2482164.0,256.0,294.0,True
1,23,12482006453588077449,RSA-2048,0.0128734209574759,0.0011384700192138553,0.00012475298717617989,24.76046075602062,1.701585776889667,2482165.0,256.0,294.0,True
1,23,6098232660251136170,RSA-2048,0.015105288941413164,0.0010496140457689762,0.0001538810320198536,11.739887216011994,1.713186913785843,2482164.0,256.0,294.0,True
1,24,4599860726584423768,RSA-2048,0.23209300998132676,0.0024139180313795805,0.0002389419823884964,25.429314306005836,1.7542019297901434,2482164.0,256.0,294.0,True
1,24,16500742645882893227,RSA-2048,0.12788764596916735,0.0023731680121272802,0.0001345680793747306,25.946832524961792,1.7196325463608813,2482165.0,256.0,294.0,True
1,24,12482006453588077449,RSA-2048,0.08613101299852133,0.0022264299914240837,0.00019343208987265825,26.088411475066096,1.7168484773879615,2482165.0,256.0,294.0,True
1,24,5160811553171578770,RSA-2048,0.024099573027342558,0.0011297400342300534,0.00014111795462667942,26.085530388983898,1.7546990843245778,2482164.0,256.0,294.0,True
1,24,6098232660251136170,RSA-2048,0.06794226192869246,0.0015502929454669356,0.00012495904229581356,11.206451792037115,1.7435087654918147,2482164.0,256.0,294.0,True
1,25,12482006453588077449,RSA-2048,0.059614916099235415,0.0011965869925916195,0.0002233629347756505,27.190293602994643,1.7354889887209517,2482165.0,256.0,294.0,True
1,25,5160811553171578770,RSA-2048,0.05635400989558548,0.00212447892408818,0.0003235150361433625,27.204281353973784,1.7026862816307873,2482164.0,256.0,294.0,True
1,25,4599860726584423768,RSA-2048,0.020727235008962452,0.0021187919192016125,0.00012136402074247599,27.3037704549497,1.7209157345774837,2482164.0,256.0,294.0,True
1,25,16500742645882893227,RSA-2048,0.06126533600036055,0.0010827799560502172,0.00017755397129803896,27.160322086070664,1.6857356888036759,2482165.0,256.0,294.0,True
1,25,6098232660251136170,RSA-2048,0.028475022059865296,0.0012860330753028393,0.00012919201981276274,11.977981254924089,1.700667567146472,2482164.0,256.0,294.0,True
1,26,5160811553171578770,RSA-2048,0.09673990693408996,0.002112342044711113,0.00011622894089668989,26.542023631976917,1.7179448433196582,2482164.0,256.0,294.0,True
1,26,4599860726584423768,RSA-2048,0.019659225014038384,0.0013983150711283088,0.00010755890980362892,26.6997732820455,1.6982520502596237,2482164.0,256.0,294.0,True
1,26,12482006453588077449,RSA-2048,0.09062785399146378,0.00149207201320678,0.0001341990428045392,26.722576461965218,1.6996877890425368,2482165.0,256.0,294.0,True
1,26,16500742645882893227,RSA-2048,0.12009789305739105,0.0012346539879217744,0.0001424429938197136,27.159187279990874,1.7020667939902114,2482165.0,256.0,294.0,True
1,26,6098232660251136170,RSA-2048,0.015578976017422974,0.0011003650724887848,0.0001198790268972516,12.204707118915394,1.7025341302061234,2482164.0,256.0,294.0,True
1,27,5160811553171578770,RSA-2048,0.062081197975203395,0.0021492179948836565,0.00013896706514060497,21.932124115992337,1.7168460615907615,2482164.0,256.0,294.0,True
1,27,12482006453588077449,RSA-2048,0.12301600398495793,0.0021348519949242473,0.00011860497761517763,21.886342532001436,1.69607496604371,2482165.0,256.0,294.0,True
1,27,4599860726584423768,RSA-2048,0.06693882204126567,0.0011510259937494993,0.00014226394705474377,22.29216918197926,1.7169309047083505,2482164.0,256.0,294.0,True
1,27,16500742645882893227,RSA-2048,0.044255687040276825,0.0019965439569205046,0.00013748707715421915,22.502895921003073,1.7133104492681095,2482165.0,256.0,294.0,True
1,27,6098232660251136170,RSA-2048,0.03271191695239395,0.0010595099302008748,0.00012665498070418835,10.455149429966696,1.7105393215490226,2482164.0,256.0,294.0,True
1,28,5160811553171578770,RSA-2048,0.06156867288518697,0.0020802250364795327,0.00011440704111009836,20.864669512957335,1.672964485689474,2482164.0,256.0,294.0,True
1,28,4599860726584423768,RSA-2048,0.03424083394929767,0.0011089961044490337,0.00010855100117623806,21.28814677905757,1.6628243031974037,2482164.0,256.0,294.0,True
1,28,12482006453588077449,RSA-2048,0.07934655610006303,0.0011559759732335806,0.00012525799684226513,21.38968428201042,1.6776050165438423,2482165.0,256.0,294.0,True
1,28,16500742645882893227,RSA-2048,0.045196963008493185,0.00107089604716748,0.0001378330634906888,21.416508630034514,1.6650354203324729,2482165.0,256.0,294.0,True
1,28,6098232660251136170,RSA-2048,0.04654994094744325,0.0010485230013728142,0.0001176371006295085,10.442509367945604,1.6561542795108148,2482164.0,256.0,294.0,True
1,29,5160811553171578770,RSA-2048,0.037161312997341156,0.0011938010575249791,0.00011264602653682232,20.90338414395228,1.6947911684505474,2482164.0,256.0,294.0,True
1,29,12482006453588077449,RSA-2048,0.05118536192458123,0.0012166129890829325,0.00012224097736179829,21.147483671084046,1.6640722690679777,2482165.0,256.0,294.0,True
1,29,16500742645882893227,RSA-2048,0.041137299966067076,0.0011777880135923624,0.00012189801782369614,21.16732658795081,1.6894094806890518,2482165.0,256.0,294.0,True
1,29,4599860726584423768,RSA-2048,0.02859997097402811,0.0010792670072987676,0.00011221307795494795,21.24880286504049,1.665758250239558,2482164.0,256.0,294.0,True
1,29,6098232660251136170,RSA-2048,0.05190215294715017,0.0010342650348320603,0.00012544193305075169,10.455688350950368,1.664455394013621,2482164.0,256.0,294.0,True
1,30,16500742645882893227,RSA-2048,0.10090009798295796,0.0021109780063852668,0.00011073495261371136,21.26059640501626,1.635928671580915,2482165.0,256.0,294.0,True
1,30,12482006453588077449,RSA-2048,0.02146161498967558,0.0011110790073871613,0.00010396691504865885,21.39728242799174,1.6609743266059949,2482165.0,256.0,294.0,True
1,30,5160811553171578770,RSA-2048,0.13296063896268606,0.0011034359922632575,0.00010349694639444351,21.298793534981087,1.6821420367914266,2482164.0,256.0,294.0,True
1,30,4599860726584423768,RSA-2048,0.07610176596790552,0.0010671139461919665,0.00013084802776575089,21.392224545008503,1.6698815373186104,2482164.0,256.0,294.0,True
1,30,6098232660251136170,RSA-2048,0.011747630080208182,0.0010244629811495543,0.00011087500024586916,10.514633629005402,1.6457972629382587,2482164.0,256.0,294.0,True
2,1,2419526246971076126,RSA-2048,0.09129609900992364,0.003385715070180595,0.0005060700932517648,21.098939979914576,2.2565080399711293,2482164.0,256.0,294.0,True
2,1,5982291549797179694,RSA-2048,0.03375112696085125,0.0015142690390348434,0.00010285293683409691,21.36940331500955,2.0922601660981344,2482164.0,256.0,294.0,True
2,1,894396993821770794,RSA-2048,0.0234641790157184,0.0016181260580196977,0.00013827101793140173,21.1283039979171,2.208902726919887,2482163.0,256.0,294.0,True
2,1,16609021305070188104,RSA-2048,0.062383946031332016,0.0014894769992679358,0.00015391595661640167,21.220346337999217,2.155640524416305,2482165.0,256.0,294.0,True
2,1,18247787699170960913,RSA-2048,0.12578413903247565,0.0010376899736002088,0.00010877801105380058,10.72424144600518,nan,2482165.0,256.0,294.0,True
2,2,5982291549797179694,RSA-2048,0.09383519005496055,0.0016540300566703081,0.00010620895773172379,21.38457778992597,nan,2482164.0,256.0,294.0,True
2,2,16609021305070188104,RSA-2048,0.08254243293777108,0.001737184007652104,0.00011275999713689089,21.44790567806922,nan,2482165.0,256.0,294.0,True
2,2,894396993821770794,RSA-2048,0.06674106395803392,0.001245422987267375,0.00015765195712447166,21.422953568049707,nan,2482163.0,256.0,294.0,True
2,2,2419526246971076126,RSA-2048,0.0694068040465936,0.0011087550083175302,0.0001442889915779233,21.61693004204426,nan,2482164.0,256.0,294.0,True
2,2,18247787699170960913,RSA-2048,0.025545169017277658,0.0011573670199140906,0.00010502897202968597,10.589486492914148,nan,2482165.0,256.0,294.0,True
2,3,16609021305070188104,RSA-2048,0.040048688068054616,0.0012394168879836798,0.00010364502668380737,21.251865352969617,nan,2482165.0,256.0,294.0,True
2,3,894396993821770794,RSA-2048,0.13724631210789084,0.0011869259178638458,0.00010041799396276474,21.33245295495726,nan,2482163.0,256.0,294.0,True
2,3,5982291549797179694,RSA-2048,0.013574848067946732,0.0011894049821421504,0.00013882701750844717,21.831572275958024,nan,2482164.0,256.0,294.0,True
2,3,2419526246971076126,RSA-2048,0.0491045790258795,0.0010521500371396542,0.00011679599992930889,21.637742041959427,nan,2482164.0,256.0,294.0,True
2,3,18247787699170960913,RSA-2048,0.06123246508650482,0.0010302839800715446,0.00011923303827643394,10.273834259947762,nan,2482165.0,256.0,294.0,True
2,4,16609021305070188104,RSA-2048,0.04845872102305293,0.0021982770413160324,0.00011940894182771444,21.016117444029078,nan,2482165.0,256.0,294.0,True
2,4,894396993821770794,RSA-2048,0.053660374018363655,0.0013514800230041146,0.00010698090773075819,21.06690564402379,nan,2482163.0,256.0,294.0,True
2,4,2419526246971076126,RSA-2048,0.022773423930630088,0.0010837770532816648,0.00011856993660330772,21.422693500993773,nan,2482164.0,256.0,294.0,True
2,4,5982291549797179694,RSA-2048,0.06206502008717507,0.0011055649956688285,0.00011432392057031393,21.413017142913304,nan,2482164.0,256.0,294.0,True
2,4,18247787699170960913,RSA-2048,0.08502884500194341,0.0010420599719509482,0.00014215498231351376,10.415902500972152,nan,2482165.0,256.0,294.0,True
2,5,16609021305070188104,RSA-2048,0.02361665398348123,0.002276781015098095,0.00010575808119028807,21.397569659980945,nan,2482165.0,256.0,294.0,True
2,5,894396993821770794,RSA-2048,0.06890549801755697,0.0013636869844049215,0.00012600107584148645,21.680251084035262,nan,2482163.0,256.0,294.0,True
2,5,2419526246971076126,RSA-2048,0.031513015972450376,0.0012122179614380002,0.00012626196257770061,21.820496452972293,nan,2482164.0,256.0,294.0,True
2,5,5982291549797179694,RSA-2048,0.0935776699334383,0.001078468980267644,0.00011644500773400068,22.00485507096164,nan,2482164.0,256.0,294.0,True
2,5,18247787699170960913,RSA-2048,0.08138716209214181,0.0010316231055185199,0.00011480099055916071,10.220829240977764,nan,2482165.0,256.0,294.0,True
2,6,894396993821770794,RSA-2048,0.042602092027664185,0.002244165982119739,0.0001530249137431383,21.454901163000613,nan,2482163.0,256.0,294.0,True
2,6,16609021305070188104,RSA-2048,0.06487738899886608,0.0021361010149121284,0.00012555590365082026,21.23838488396723,nan,2482165.0,256.0,294.0,True
2,6,2419526246971076126,RSA-2048,0.1000498590292409,0.00124214100651443,0.00014419597573578358,21.487121440004557,nan,2482164.0,256.0,294.0,True
2,6,5982291549797179694,RSA-2048,0.08089155098423362,0.0011001130333170295,0.00011619902215898037,21.383379199076444,nan,2482164.0,256.0,294.0,True
2,6,18247787699170960913,RSA-2048,0.03912279906217009,0.0010590329766273499,0.00012711796443909407,10.48779317503795,nan,2482165.0,256.0,294.0,True
2,7,2419526246971076126,RSA-2048,0.04141435900237411,0.001201673992909491,0.00010620709508657455,20.969724666094407,nan,2482164.0,256.0,294.0,True
2,7,894396993821770794,RSA-2048,0.03444610501173884,0.0011784319067373872,0.0001028809929266572,20.899120848975144,nan,2482163.0,256.0,294.0,True
2,7,5982291549797179694,RSA-2048,0.024481461034156382,0.0010521910153329372,0.00011024100240319967,21.0867659910582,nan,2482164.0,256.0,294.0,True
2,7,16609021305070188104,RSA-2048,0.10491985001135617,0.0010696719400584698,0.00011140597052872181,21.005306840059347,nan,2482165.0,256.0,294.0,True
2,7,18247787699170960913,RSA-2048,0.02658468799199909,0.001034541055560112,0.00012172898277640343,10.361789443995804,nan,2482165.0,256.0,294.0,True
2,8,2419526246971076126,RSA-2048,0.03150247095618397,0.0022924019722267985,0.00010433502029627562,20.940158732933924,nan,2482164.0,256.0,294.0,True
2,8,894396993821770794,RSA-2048,0.030815290054306388,0.0013652179623022676,0.00010345596820116043,20.897930802078918,nan,2482163.0,256.0,294.0,True
2,8,5982291549797179694,RSA-2048,0.05232912697829306,0.0010490079876035452,0.0001971099991351366,21.342907135025598,nan,2482164.0,256.0,294.0,True
2,8,16609021305070188104,RSA-2048,0.06905673199798912,0.0010887599783018231,0.00011336500756442547,21.102420183015056,nan,2482165.0,256.0,294.0,True
2,8,18247787699170960913,RSA-2048,0.03339440596755594,0.0010342729510739446,0.00011492997873574495,10.472761625074781,nan,2482165.0,256.0,294.0,True
2,9,894396993821770794,RSA-2048,0.04333354101981968,0.001712271012365818,0.00010799895972013474,21.141825703089125,nan,2482163.0,256.0,294.0,True
2,9,5982291549797179694,RSA-2048,0.016751738963648677,0.001226005028001964,0.0001273320522159338,21.12075816397555,nan,2482164.0,256.0,294.0,True
2,9,16609021305070188104,RSA-2048,0.07904628396499902,0.0012301199603825808,0.00011333497241139412,21.127957334043458,nan,2482165.0,256.0,294.0,True
2,9,2419526246971076126,RSA-2048,0.02008524804841727,0.001146409078501165,0.00012839597184211016,21.428420993033797,nan,2482164.0,256.0,294.0,True
2,9,18247787699170960913,RSA-2048,0.04215096798725426,0.0010401819599792361,0.00027266505640000105,10.455873689963482,nan,2482165.0,256.0,294.0,True
2,10,894396993821770794,RSA-2048,0.06970912497490644,0.002329918905161321,0.00011666398495435715,21.366275373031385,nan,2482163.0,256.0,294.0,True
2,10,2419526246971076126,RSA-2048,0.12436122202780098,0.001728945062495768,0.00010556704364717007,21.33485408499837,nan,2482164.0,256.0,294.0,True
2,10,5982291549797179694,RSA-2048,0.03503435291349888,0.001334102009423077,0.00010105897672474384,21.583894944982603,nan,2482164.0,256.0,294.0,True
2,10,16609021305070188104,RSA-2048,0.02357719501014799,0.001101486966945231,0.00013866100925952196,21.63113189197611,nan,2482165.0,256.0,294.0,True
2,10,18247787699170960913,RSA-2048,0.05332382896449417,0.0010418819729238749,0.0002051279880106449,10.457799198920839,nan,2482165.0,256.0,294.0,True
2,11,5982291549797179694,RSA-2048,0.08233985200058669,0.002374051953665912,0.00010621605906635523,21.063171547022648,nan,2482164.0,256.0,294.0,True
2,11,16609021305070188104,RSA-2048,0.10457547602709383,0.0019633889896795154,0.00010304094757884741,21.17418953694869,nan,2482165.0,256.0,294.0,True
2,11,2419526246971076126,RSA-2048,0.02976799802854657,0.0011841279920190573,0.00011622102465480566,21.27976193500217,nan,2482164.0,256.0,294.0,True
2,11,894396993821770794,RSA-2048,0.09371365897823125,0.0010886579984799027,0.0001382259652018547,21.390187934041023,nan,2482163.0,256.0,294.0,True
2,11,18247787699170960913,RSA-2048,0.10679450898896903,0.0010597059736028314,0.00011366803664714098,10.28195743903052,nan,2482165.0,256.0,294.0,True
2,12,5982291549797179694,RSA-2048,0.07227923697791994,0.0012046080082654953,0.00010345806367695332,21.28278775990475,nan,2482164.0,256.0,294.0,True
2,12,16609021305070188104,RSA-2048,0.1382774260127917,0.0010999420192092657,0.00010326399933546782,21.385187350097112,nan,2482165.0,256.0,294.0,True
2,12,2419526246971076126,RSA-2048,0.04832272604107857,0.0011158839333802462,0.00015230500139296055,21.424686579965055,nan,2482164.0,256.0,294.0,True
2,12,894396993821770794,RSA-2048,0.08252188400365412,0.0010958180064335465,0.00013274000957608223,21.46453223505523,nan,2482163.0,256.0,294.0,True
2,12,18247787699170960913,RSA-2048,0.023325917893089354,0.001082511036656797,0.00011115497909486294,10.570574998040684,nan,2482165.0,256.0,294.0,True
2,13,2419526246971076126,RSA-2048,0.06145176803693175,0.0021351310424506664,0.000122710014693439,21.35711530793924,nan,2482164.0,256.0,294.0,True
2,13,16609021305070188104,RSA-2048,0.05004702799487859,0.002134032896719873,0.00012056401465088129,21.370389102958143,nan,2482165.0,256.0,294.0,True
2,13,894396993821770794,RSA-2048,0.06653827999252826,0.0011354649905115366,0.0001367590157315135,21.558809214970097,nan,2482163.0,256.0,294.0,True
2,13,5982291549797179694,RSA-2048,0.034477549022994936,0.0010900800116360188,0.00013122602831572294,21.51472392794676,nan,2482164.0,256.0,294.0,True
2,13,18247787699170960913,RSA-2048,0.04990328103303909,0.0010578850051388144,0.00012956198770552874,10.429804560961202,nan,2482165.0,256.0,294.0,True
2,14,16609021305070188104,RSA-2048,0.045875607058405876,0.0012219659984111786,0.00010128098074346781,21.192026996985078,nan,2482165.0,256.0,294.0,True
2,14,894396993821770794,RSA-2048,0.07222225295845419,0.001156870974227786,0.0001123680267482996,21.411931477021426,nan,2482163.0,256.0,294.0,True
2,14,5982291549797179694,RSA-2048,0.12231875897850841,0.001199773047119379,0.00010500708594918251,21.300287285936065,nan,2482164.0,256.0,294.0,True
2,14,2419526246971076126,RSA-2048,0.03159445500932634,0.0010667219758033752,0.00010033207945525646,21.589545152965,nan,2482164.0,256.0,294.0,True
2,14,18247787699170960913,RSA-2048,0.07671935705002397,0.001065472955815494,0.00010784598998725414,10.152194350026548,nan,2482165.0,256.0,294.0,True
2,15,5982291549797179694,RSA-2048,0.09565288492012769,0.001300244010053575,0.00010611908510327339,21.093314288998954,nan,2482164.0,256.0,294.0,True
2,15,16609021305070188104,RSA-2048,0.025140010053291917,0.0011471299221739173,0.00010304199531674385,21.312542852014303,nan,2482165.0,256.0,294.0,True
2,15,2419526246971076126,RSA-2048,0.07200661406386644,0.002150384010747075,0.00011209200602024794,21.163703768048435,nan,2482164.0,256.0,294.0,True
2,15,894396993821770794,RSA-2048,0.053273229976184666,0.0011072279885411263,0.0001019439660012722,21.38515451992862,nan,2482163.0,256.0,294.0,True
2,15,18247787699170960913,RSA-2048,0.027170027024112642,0.0010339830769225955,9.987095836549997e-05,10.244312413968146,nan,2482165.0,256.0,294.0,True
2,16,5982291549797179694,RSA-2048,0.04189350304659456,0.00144364801235497,0.00010245305020362139,21.03369567601476,nan,2482164.0,256.0,294.0,True
2,16,894396993821770794,RSA-2048,0.058453014004044235,0.0010780890006572008,9.972893167287111e-05,21.373914484051056,nan,2482163.0,256.0,294.0,True
2,16,2419526246971076126,RSA-2048,0.057920472929254174,0.0010944599052891135,0.00010909396223723888,21.417777586961165,nan,2482164.0,256.0,294.0,True
2,16,16609021305070188104,RSA-2048,0.036910456023178995,0.001108428929001093,0.00013042904902249575,21.420545780914836,nan,2482165.0,256.0,294.0,True
2,16,18247787699170960913,RSA-2048,0.024095179978758097,0.001035201014019549,0.00010311300866305828,10.306819983990863,nan,2482165.0,256.0,294.0,True
2,17,5982291549797179694,RSA-2048,0.04424617998301983,0.002030730014666915,0.00010485097300261259,21.329034286085516,nan,2482164.0,256.0,294.0,True
2,17,894396993821770794,RSA-2048,0.10071784991305321,0.0011909119784832,9.930494707077742e-05,21.442931758007035,nan,2482163.0,256.0,294.0,True
2,17,16609021305070188104,RSA-2048,0.07529902295209467,0.0011627250351011753,0.00010790606029331684,21.50244756299071,nan,2482165.0,256.0,294.0,True
2,17,2419526246971076126,RSA-2048,0.06066691200248897,0.001082847942598164,0.00011001399252563715,21.658731061965227,nan,2482164.0,256.0,294.0,True
2,17,18247787699170960913,RSA-2048,0.05688683700282127,0.0010493859881535172,0.00011178804561495781,10.204366082907654,nan,2482165.0,256.0,294.0,True
2,18,2419526246971076126,RSA-2048,0.0665396120166406,0.0023477510549128056,0.00010668998584151268,21.253502025967464,nan,2482164.0,256.0,294.0,True
2,18,5982291549797179694,RSA-2048,0.11666410695761442,0.0022996680345386267,0.00010717904660850763,21.123845114954747,nan,2482164.0,256.0,294.0,True
2,18,894396993821770794,RSA-2048,0.042012942023575306,0.0011942980345338583,0.00010557705536484718,21.423791168024763,nan,2482163.0,256.0,294.0,True
2,18,16609021305070188104,RSA-2048,0.058868033927865326,0.001089800032787025,0.00011273205745965242,21.496858068043366,nan,2482165.0,256.0,294.0,True
2,18,18247787699170960913,RSA-2048,0.08345437503885478,0.0010324119357392192,0.0001331949606537819,10.23909086198546,nan,2482165.0,256.0,294.0,True
2,19,2419526246971076126,RSA-2048,0.01753834099508822,0.001273183966986835,0.00010563596151769161,21.116747046005912,nan,2482164.0,256.0,294.0,True
2,19,894396993821770794,RSA-2048,0.1483246359275654,0.00109245500061661,0.00013795401901006699,21.09702411701437,nan,2482163.0,256.0,294.0,True
2,19,16609021305070188104,RSA-2048,0.03933702001813799,0.0010759419528767467,0.00012080196756869555,21.188990831025876,nan,2482165.0,256.0,294.0,True
2,19,5982291549797179694,RSA-2048,0.12465223798062652,0.0011016579810529947,0.0001392399426549673,21.14959797402844,nan,2482164.0,256.0,294.0,True
2,19,18247787699170960913,RSA-2048,0.043185301939956844,0.0011042319238185883,0.00012383703142404556,10.411340489983559,nan,2482165.0,256.0,294.0,True
2,20,5982291549797179694,RSA-2048,0.07005034701433033,0.0012321219546720386,0.00010886602103710175,21.068807296920568,nan,2482164.0,256.0,294.0,True
2,20,2419526246971076126,RSA-2048,0.024842008017003536,0.0012692189775407314,0.00011636491399258375,21.15633270901162,nan,2482164.0,256.0,294.0,True
2,20,894396993821770794,RSA-2048,0.027014425955712795,0.001187519053928554,0.00010960199870169163,21.15800093510188,nan,2482163.0,256.0,294.0,True
2,20,16609021305070188104,RSA-2048,0.09103898296598345,0.0018777289660647511,0.00010083499364554882,21.23647029499989,nan,2482165.0,256.0,294.0,True
2,20,18247787699170960913,RSA-2048,0.057800195063464344,0.0010320839937776327,0.0001168729504570365,10.212645262945443,nan,2482165.0,256.0,294.0,True
2,21,894396993821770794,RSA-2048,0.08004944899585098,0.001272030989639461,0.00010182603728026152,20.80620456498582,nan,2482163.0,256.0,294.0,True
2,21,5982291549797179694,RSA-2048,0.06805307103786618,0.0022531410213559866,0.000107229920104146,20.898358096950687,nan,2482164.0,256.0,294.0,True
2,21,16609021305070188104,RSA-2048,0.04260398703627288,0.001922221970744431,0.00011564500164240599,20.66775561904069,nan,2482165.0,256.0,294.0,True
2,21,2419526246971076126,RSA-2048,0.04445432301145047,0.001034432090818882,0.00010880501940846443,21.040616687037982,nan,2482164.0,256.0,294.0,True
2,21,18247787699170960913,RSA-2048,0.07083951006643474,0.0010308289201930165,0.00010790000669658184,10.37985752010718,nan,2482165.0,256.0,294.0,True
2,22,16609021305070188104,RSA-2048,0.06629681796766818,0.002066320041194558,0.00010659103281795979,20.97979606501758,nan,2482165.0,256.0,294.0,True
2,22,2419526246971076126,RSA-2048,0.06326274899765849,0.0023590149357914925,0.00010679394472390413,21.048310233047232,nan,2482164.0,256.0,294.0,True
2,22,894396993821770794,RSA-2048,0.07568762206938118,0.0011740700574591756,0.00010919210035353899,21.20318159996532,nan,2482163.0,256.0,294.0,True
2,22,5982291549797179694,RSA-2048,0.01650769601110369,0.0011035481002181768,0.0001026960089802742,21.340835885959677,nan,2482164.0,256.0,294.0,True
2,22,18247787699170960913,RSA-2048,0.013520831009373069,0.0010580939706414938,0.00010628299787640572,10.400514859938994,nan,2482165.0,256.0,294.0,True
2,23,5982291549797179694,RSA-2048,0.033059102948755026,0.0021181509364396334,0.00010292697697877884,20.96024425595533,nan,2482164.0,256.0,294.0,True
2,23,894396993821770794,RSA-2048,0.05646732298191637,0.002218979992903769,0.00010094104800373316,21.091782432980835,nan,2482163.0,256.0,294.0,True
2,23,2419526246971076126,RSA-2048,0.04081979300826788,0.0011910940520465374,0.0001128979492932558,21.316422248026356,nan,2482164.0,256.0,294.0,True
2,23,16609021305070188104,RSA-2048,0.025888034026138484,0.0010588050354272127,0.00010059808846563101,21.42093580693472,nan,2482165.0,256.0,294.0,True
2,23,18247787699170960913,RSA-2048,0.023221484036184847,0.0010459719924256206,0.00011040701065212488,10.402525092009455,nan,2482165.0,256.0,294.0,True
2,24,16609021305070188104,RSA-2048,0.030156765948049724,0.0022627110593020916,0.00013126700650900602,21.003572145011276,nan,2482165.0,256.0,294.0,True
2,24,894396993821770794,RSA-2048,0.08301144803408533,0.0012607240350916982,0.00010913703590631485,21.026609232998453,nan,2482163.0,256.0,294.0,True
2,24,2419526246971076126,RSA-2048,0.059790619066916406,0.0011710909893736243,0.00010594201739877462,21.074510778998956,nan,2482164.0,256.0,294.0,True
2,24,5982291549797179694,RSA-2048,0.053914149990305305,0.0010484929662197828,0.00010181893594563007,21.246710126055405,nan,2482164.0,256.0,294.0,True
2,24,18247787699170960913,RSA-2048,0.0636204220354557,0.0010325598996132612,0.0001106729032471776,10.318110055988654,nan,2482165.0,256.0,294.0,True
2,25,2419526246971076126,RSA-2048,0.10506734205409884,0.002305116970092058,0.00012442993465811014,21.123022018931806,nan,2482164.0,256.0,294.0,True
2,25,894396993821770794,RSA-2048,0.1975440599489957,0.0010496709728613496,0.0001320590963587165,21.24025647295639,nan,2482163.0,256.0,294.0,True
2,25,5982291549797179694,RSA-2048,0.11734196997713298,0.0011513729114085436,0.0001517079072073102,21.27738349500578,nan,2482164.0,256.0,294.0,True
2,25,16609021305070188104,RSA-2048,0.05507084506098181,0.001100695924833417,0.00011030503083020449,21.303720516036265,nan,2482165.0,256.0,294.0,True
2,25,18247787699170960913,RSA-2048,0.05324202298652381,0.0010227869497612119,0.00010252394713461399,10.235997299896553,nan,2482165.0,256.0,294.0,True
2,26,2419526246971076126,RSA-2048,0.023962632985785604,0.0011832800228148699,0.00010289403144270182,20.823397331056185,nan,2482164.0,256.0,294.0,True
2,26,16609021305070188104,RSA-2048,0.05282220302615315,0.0022214920027181506,0.00011724501382559538,20.79357635101769,nan,2482165.0,256.0,294.0,True
2,26,5982291549797179694,RSA-2048,0.04358297598082572,0.0011620529694482684,0.00010661093983799219,20.865468343021348,nan,2482164.0,256.0,294.0,True
2,26,894396993821770794,RSA-2048,0.09862867009360343,0.0010933360317721963,0.00010178203228861094,20.98218316095881,nan,2482163.0,256.0,294.0,True
2,26,18247787699170960913,RSA-2048,0.021744076977483928,0.0010693930089473724,0.00011802103836089373,10.346563388011418,nan,2482165.0,256.0,294.0,True
2,27,2419526246971076126,RSA-2048,0.02952744602225721,0.0014068320160731673,0.00011162308510392904,20.572458515991457,nan,2482164.0,256.0,294.0,True
2,27,16609021305070188104,RSA-2048,0.02177410793956369,0.0011413730680942535,0.00010671303607523441,20.878498277044855,nan,2482165.0,256.0,294.0,True
2,27,5982291549797179694,RSA-2048,0.08526625402737409,0.0011895491043105721,0.00010879500769078732,20.866150103975087,nan,2482164.0,256.0,294.0,True
2,27,894396993821770794,RSA-2048,0.04474692395888269,0.001267130021005869,0.0001329680671915412,20.896531792008318,nan,2482163.0,256.0,294.0,True
2,27,18247787699170960913,RSA-2048,0.027358032995834947,0.0010679110419005156,0.00011771998833864927,10.47848311602138,nan,2482165.0,256.0,294.0,True
2,28,894396993821770794,RSA-2048,0.06026956997811794,0.0012992830015718937,0.0001085520489141345,21.472637769998983,nan,2482163.0,256.0,294.0,True
2,28,2419526246971076126,RSA-2048,0.07204100990202278,0.0020415750332176685,0.00010287598706781864,21.453233965905383,nan,2482164.0,256.0,294.0,True
2,28,5982291549797179694,RSA-2048,0.03348659700714052,0.0010820480529218912,0.00010886997915804386,21.56081252603326,nan,2482164.0,256.0,294.0,True
2,28,16609021305070188104,RSA-2048,0.0783072659978643,0.0011322729988023639,0.00010241696145385504,21.616837049950846,nan,2482165.0,256.0,294.0,True
2,28,18247787699170960913,RSA-2048,0.051096815965138376,0.0010269969934597611,0.00010797090362757444,10.395274773007259,nan,2482165.0,256.0,294.0,True
2,29,894396993821770794,RSA-2048,0.041276179952546954,0.0013727019540965557,0.0001666209427639842,20.98850102198776,nan,2482163.0,256.0,294.0,True
2,29,5982291549797179694,RSA-2048,0.019364704028703272,0.0013375290436670184,0.00010143895633518696,21.03363869700115,nan,2482164.0,256.0,294.0,True
2,29,2419526246971076126,RSA-2048,0.032216310035437346,0.0010993309551849961,0.00011077697854489088,21.05320537497755,nan,2482164.0,256.0,294.0,True
2,29,16609021305070188104,RSA-2048,0.04953642503824085,0.001091034966520965,0.00012144702486693859,21.064255257020704,nan,2482165.0,256.0,294.0,True
2,29,18247787699170960913,RSA-2048,0.020416727988049388,0.001026830985210836,0.0001106439158320427,10.381960479076952,nan,2482165.0,256.0,294.0,True
2,30,2419526246971076126,RSA-2048,0.18977439508307725,0.0011137889232486486,0.00010378193110227585,21.097781146061607,nan,2482164.0,256.0,294.0,True
2,30,5982291549797179694,RSA-2048,0.08701140596531332,0.0010656090453267097,0.00010862399358302355,21.18821148702409,nan,2482164.0,256.0,294.0,True
2,30,894396993821770794,RSA-2048,0.03666853497270495,0.0011388720013201237,0.00010592397302389145,21.19794315798208,nan,2482163.0,256.0,294.0,True
2,30,16609021305070188104,RSA-2048,0.04063057596795261,0.001112057943828404,0.00010187597945332527,21.202042392920703,nan,2482165.0,256.0,294.0,True
2,30,18247787699170960913,RSA-2048,0.028017568052746356,0.0010816430440172553,0.00010166200809180737,10.238913472974673,nan,2482165.0,256.0,294.0,True
3,1,4411992831590641228,RSA-2048,0.0693224819842726,0.002861908986233175,0.0005467849550768733,21.43508845102042,2.156417645966283,2482164.0,256.0,294.0,True
3,1,7808795511184520778,RSA-2048,0.08732544898521155,0.0017567710019648075,0.00010640802793204784,21.45784679602366,2.1497032470977344,2482164.0,256.0,294.0,True
3,1,7873735521973115649,RSA-2048,0.045285836909897625,0.0015100979944691062,0.00010984798427671194,21.63469743600581,2.1856146251050808,2482164.0,256.0,294.0,True
3,1,11780491559846817596,RSA-2048,0.10373448801692575,0.0014646189520135522,0.0001102489186450839,21.49873530305922,2.3102720438862763,2482165.0,256.0,294.0,True
3,1,9518755039688205648,RSA-2048,0.037912331987172365,0.0010561530943959951,0.00010728801134973764,10.65022628591396,2.1636675390572595,2482164.0,256.0,294.0,True
3,2,7808795511184520778,RSA-2048,0.07438888598699123,0.0019469729159027338,0.00010517705231904984,21.359999099047855,2.3092775261059355,2482164.0,256.0,294.0,True
3,2,4411992831590641228,RSA-2048,0.07244204601738602,0.002287214039824903,0.00010648602619767189,21.324139581993222,2.3098718045999447,2482164.0,256.0,294.0,True
3,2,7873735521973115649,RSA-2048,0.05170639604330063,0.0013644020073115826,0.00011158897541463375,21.39661875506863,2.1648859661608078,2482164.0,256.0,294.0,True
3,2,11780491559846817596,RSA-2048,0.06499800097662956,0.0010755810653790832,0.00010802503675222397,21.525834004976787,2.148509783485827,2482165.0,256.0,294.0,True
3,2,9518755039688205648,RSA-2048,0.10674171010032296,0.0010653260396793485,0.00010783004108816385,10.601282351999544,2.1682955011392173,2482164.0,256.0,294.0,True
3,3,7808795511184520778,RSA-2048,0.04582483205012977,0.0013843609485775232,0.00011004600673913956,21.1824876149185,1.9508709164854057,2482164.0,256.0,294.0,True
3,3,4411992831590641228,RSA-2048,0.03747356298845261,0.0013023089850321412,0.00011107895988970995,21.302877656999044,1.9638064475105212,2482164.0,256.0,294.0,True
3,3,7873735521973115649,RSA-2048,0.021497944951988757,0.0011045349529013038,0.00011290598195046186,21.427634958992712,1.932718855885271,2482164.0,256.0,294.0,True
3,3,11780491559846817596,RSA-2048,0.0759550629882142,0.0010951600270345807,0.00010104198008775711,21.58086926897522,1.9826196157894196,2482165.0,256.0,294.0,True
3,3,9518755039688205648,RSA-2048,0.08687549002934247,0.0010968950809910893,0.00010980607476085424,10.655214984086342,1.960880546524121,2482164.0,256.0,294.0,True
3,4,7808795511184520778,RSA-2048,0.027688694070093334,0.002313864999450743,0.00010762200690805912,21.489083277992904,1.9313516540649218,2482164.0,256.0,294.0,True
3,4,4411992831590641228,RSA-2048,0.047765834024176,0.002092901966534555,0.00010792596731334925,21.592661031987518,1.8805888537019968,2482164.0,256.0,294.0,True
3,4,7873735521973115649,RSA-2048,0.05484460201114416,0.001214409014210105,0.00010536494664847851,21.721046952996403,1.866863000507172,2482164.0,256.0,294.0,True
3,4,11780491559846817596,RSA-2048,0.05189722601789981,0.001054567052051425,0.0001527681015431881,21.80392981506884,1.902031500118609,2482165.0,256.0,294.0,True
3,4,9518755039688205648,RSA-2048,0.021422981983050704,0.0011121580610051751,0.00010377704165875912,10.538476145011373,1.907042525446834,2482164.0,256.0,294.0,True
3,5,11780491559846817596,RSA-2048,0.02554748405236751,0.0011760409688577056,0.00010238098911941051,21.425906350952573,1.8923653459396605,2482165.0,256.0,294.0,True
3,5,7873735521973115649,RSA-2048,0.032482909969985485,0.0022444329224526882,0.00010719697456806898,21.392610840965062,1.8687136047564374,2482164.0,256.0,294.0,True
3,5,7808795511184520778,RSA-2048,0.02526264393236488,0.0011202259920537472,0.00010668893810361624,21.619820300955325,1.8833779492698157,2482164.0,256.0,294.0,True
3,5,4411992831590641228,RSA-2048,0.12272356008179486,0.001096821972168982,0.00010146701242774725,21.522720612003468,1.8467713880081909,2482164.0,256.0,294.0,True
3,5,9518755039688205648,RSA-2048,0.03808428603224456,0.0010671709896996617,0.00011205999180674553,10.679706896073185,1.8799991760010155,2482164.0,256.0,294.0,True
3,6,4411992831590641228,RSA-2048,0.10079056001268327,0.002019503968767822,0.00011487898882478476,21.179090358898975,1.8787049915843879,2482164.0,256.0,294.0,True
3,6,7873735521973115649,RSA-2048,0.031102269887924194,0.0022302279248833656,0.00016903993673622608,21.3301285529742,1.8737980751945569,2482164.0,256.0,294.0,True
3,6,7808795511184520778,RSA-2048,0.05447050300426781,0.001148996059782803,0.00011474103666841984,21.349099736078642,1.8736799799215298,2482164.0,256.0,294.0,True
3,6,11780491559846817596,RSA-2048,0.08168727706652135,0.001109830103814602,0.00010439101606607437,21.301237812964246,1.858959461553409,2482165.0,256.0,294.0,True
3,6,9518755039688205648,RSA-2048,0.07813480403274298,0.0010459600016474724,0.00011761195491999388,10.513581778970547,1.851095835240885,2482164.0,256.0,294.0,True
3,7,4411992831590641228,RSA-2048,0.03740450693294406,0.0022363390307873487,0.0001123079564422369,20.73592259606812,1.889466791107251,2482164.0,256.0,294.0,True
3,7,7808795511184520778,RSA-2048,0.048075738013722,0.0011895409552380443,0.00011099607218056917,20.801388701074757,1.8857010675314516,2482164.0,256.0,294.0,True
3,7,7873735521973115649,RSA-2048,0.03997069306205958,0.0012449939968064427,0.00011277396697551012,21.05967826093547,1.8156948394287888,2482164.0,256.0,294.0,True
3,7,11780491559846817596,RSA-2048,0.03991235001012683,0.00112234300468117,0.00010307796765118837,21.112304889014922,1.8603210331152042,2482165.0,256.0,294.0,True
3,7,9518755039688205648,RSA-2048,0.05283167399466038,0.001083211973309517,0.00010264106094837189,10.35549093899317,1.827611350403807,2482164.0,256.0,294.0,True
3,8,11780491559846817596,RSA-2048,0.029501637909561396,0.0011698890011757612,0.00010121800005435944,21.295372765976936,1.8859480390914332,2482165.0,256.0,294.0,True
3,8,4411992831590641228,RSA-2048,0.03136246802750975,0.0012392650824040174,0.00010396505240350962,21.44487297302112,1.8406712030069516,2482164.0,256.0,294.0,True
3,8,7873735521973115649,RSA-2048,0.030100668082013726,0.001126787974499166,0.00010964309331029654,21.456731920014136,1.8406854395668346,2482164.0,256.0,294.0,True
3,8,7808795511184520778,RSA-2048,0.06417375092860311,0.0010782340541481972,0.00010051799472421408,21.51530042104423,1.839167843992337,2482164.0,256.0,294.0,True
3,8,9518755039688205648,RSA-2048,0.10003466194029897,0.00107893708627671,0.00011058500967919827,10.647032240987755,1.8564206643607288,2482164.0,256.0,294.0,True
3,9,7873735521973115649,RSA-2048,0.1111692349659279,0.0022172470344230533,0.00016583094839006662,20.84808475896716,1.8271998429831606,2482164.0,256.0,294.0,True
3,9,11780491559846817596,RSA-2048,0.028571218950673938,0.0021701569203287363,0.00010117702186107635,21.15879446803592,1.8427275004097448,2482165.0,256.0,294.0,True
3,9,4411992831590641228,RSA-2048,0.15994868997950107,0.0011765919625759125,0.00010721804574131966,21.198489255970344,1.8248709409762496,2482164.0,256.0,294.0,True
3,9,7808795511184520778,RSA-2048,0.06394449295476079,0.0010441750055179,0.00010357494466006756,21.46891846496146,1.8264977075040532,2482164.0,256.0,294.0,True
3,9,9518755039688205648,RSA-2048,0.04079719493165612,0.0010525149991735816,9.981798939406872e-05,10.529058456071652,1.8323249508397648,2482164.0,256.0,294.0,True
3,10,11780491559846817596,RSA-2048,0.07203927705995739,0.00225207197945565,0.00011083297431468964,21.212093946989626,1.820022152635617,2482165.0,256.0,294.0,True
3,10,4411992831590641228,RSA-2048,0.07018259505275637,0.0011759030167013407,0.00010772689711302519,21.408901993068866,1.834662445056172,2482164.0,256.0,294.0,True
3,10,7808795511184520778,RSA-2048,0.010898882988840342,0.0011313839349895716,0.00010608998127281666,21.541160102933645,1.8147650987576371,2482164.0,256.0,294.0,True
3,10,7873735521973115649,RSA-2048,0.04813502903562039,0.0010650859912857413,0.00010342698078602552,21.651131024002098,1.8108646149833363,2482164.0,256.0,294.0,True
3,10,9518755039688205648,RSA-2048,0.0286451909923926,0.0010438940953463316,0.00010061997454613447,10.467988919001073,1.83508664236282,2482164.0,256.0,294.0,True
3,11,4411992831590641228,RSA-2048,0.025999504956416786,0.0012013389496132731,0.00011422298848628998,21.274145000963472,1.7964168851748823,2482164.0,256.0,294.0,True
3,11,11780491559846817596,RSA-2048,0.08763610909227282,0.0021704620448872447,0.00010665901936590672,21.22665312793106,1.817044357522227,2482165.0,256.0,294.0,True
3,11,7808795511184520778,RSA-2048,0.029865430085919797,0.00120028096716851,0.00011847296264022589,21.4037002309924,1.8229259427743978,2482164.0,256.0,294.0,True
3,11,7873735521973115649,RSA-2048,0.09117861092090607,0.0010533139575272799,0.00010173406917601824,21.517226469004527,1.884096206948399,2482164.0,256.0,294.0,True
3,11,9518755039688205648,RSA-2048,0.06286127702333033,0.0010507889091968536,0.00010577496141195297,10.52335063193459,1.8334693207908361,2482164.0,256.0,294.0,True
3,12,7808795511184520778,RSA-2048,0.10242988506797701,0.0023792600259184837,0.00012169498950242996,21.159008896909654,1.8355688485093773,2482164.0,256.0,294.0,True
3,12,11780491559846817596,RSA-2048,0.055583429988473654,0.0011624450562521815,0.00011074694339185953,21.378236509044655,1.8027935782179665,2482165.0,256.0,294.0,True
3,12,4411992831590641228,RSA-2048,0.01586431497707963,0.0015724569093436003,0.00012484693434089422,21.43472705001477,1.8089973640898926,2482164.0,256.0,294.0,True
3,12,7873735521973115649,RSA-2048,0.028963885037228465,0.001114760059863329,9.965291246771812e-05,21.422950500971638,1.7902913661048816,2482164.0,256.0,294.0,True
3,12,9518755039688205648,RSA-2048,0.04913491604384035,0.0010527139529585838,0.00011169398203492165,10.687747410032898,1.9038044648429455,2482164.0,256.0,294.0,True
3,13,4411992831590641228,RSA-2048,0.07886358397081494,0.0023695339914411306,0.000117552001029253,20.775087987887673,1.8171343296861495,2482164.0,256.0,294.0,True
3,13,11780491559846817596,RSA-2048,0.04654466197825968,0.002126784063875675,0.00011479691602289677,20.969197558937594,1.8144234270333481,2482165.0,256.0,294.0,True
3,13,7873735521973115649,RSA-2048,0.06504803500138223,0.0010730409994721413,0.00013535399921238422,21.345971353002824,1.8281391607686734,2482164.0,256.0,294.0,True
3,13,7808795511184520778,RSA-2048,0.02317537704948336,0.0010682049905881286,0.00011352798901498318,21.36750735901296,1.8373211584152125,2482164.0,256.0,294.0,True
3,13,9518755039688205648,RSA-2048,0.04796388291288167,0.0010418479796499014,0.000118489027954638,10.410344743984751,1.8726083028811615,2482164.0,256.0,294.0,True
3,14,4411992831590641228,RSA-2048,0.05336906504817307,0.0020002550445497036,0.00010943494271486998,20.859830414992757,1.8035023661848075,2482164.0,256.0,294.0,True
3,14,11780491559846817596,RSA-2048,0.10382093407679349,0.0011853530304506421,0.00011038698721677065,20.874957002000883,1.8263442790546356,2482165.0,256.0,294.0,True
3,14,7808795511184520778,RSA-2048,0.05905422801151872,0.0010924789821729064,0.00010436796583235264,21.182947483030148,1.806077691312796,2482164.0,256.0,294.0,True
3,14,7873735521973115649,RSA-2048,0.05244144902098924,0.001110097044147551,0.00011214800179004669,21.134606885025278,1.8164458198669238,2482164.0,256.0,294.0,True
3,14,9518755039688205648,RSA-2048,0.03965610091108829,0.001036818022839725,0.00010740698780864477,10.484375628991984,1.861852951324024,2482164.0,256.0,294.0,True
3,15,4411992831590641228,RSA-2048,0.0805726780090481,0.001967182965017855,0.00010245502926409245,20.896976346964948,1.8231634811852306,2482164.0,256.0,294.0,True
3,15,7808795511184520778,RSA-2048,0.02228332997765392,0.001144327106885612,0.00014221505261957645,21.275941453990526,1.8083756023321669,2482164.0,256.0,294.0,True
3,15,11780491559846817596,RSA-2048,0.049256180063821375,0.0011078559327870607,0.00010520895011723042,21.295792780001648,1.7828789001074843,2482165.0,256.0,294.0,True
3,15,7873735521973115649,RSA-2048,0.21480270300526172,0.0014162019360810518,0.00010150601156055927,21.127221302012913,1.7668689401766744,2482164.0,256.0,294.0,True
3,15,9518755039688205648,RSA-2048,0.02178650803398341,0.001075632986612618,0.00010711897630244493,10.476213942049071,1.8314765627010943,2482164.0,256.0,294.0,True
3,16,11780491559846817596,RSA-2048,0.0628844229504466,0.002277408028021455,0.0001293120440095663,21.380675547989085,1.7704900853550092,2482165.0,256.0,294.0,True
3,16,4411992831590641228,RSA-2048,0.03694403893314302,0.0011850680457428098,0.00011379097122699022,21.430131159955636,1.8095653872139537,2482164.0,256.0,294.0,True
3,16,7873735521973115649,RSA-2048,0.05797306005842984,0.0011185550829395652,0.0001030690036714077,21.534147824975662,1.7796313149479632,2482164.0,256.0,294.0,True
3,16,7808795511184520778,RSA-2048,0.1733764309901744,0.0010591590544208884,0.00011204404290765524,21.392668713931926,1.7994740980501753,2482164.0,256.0,294.0,True
3,16,9518755039688205648,RSA-2048,0.07138171698898077,0.0010750381043180823,0.00014198001008480787,10.400256327004172,1.7744851470374452,2482164.0,256.0,294.0,True
3,17,7873735521973115649,RSA-2048,0.04697994189336896,0.001220614998601377,0.00010512897279113531,21.27319279697258,1.7335671114083677,2482164.0,256.0,294.0,True
3,17,11780491559846817596,RSA-2048,0.023354688077233732,0.0011611049994826317,0.00012651807628571987,21.13244242197834,1.7605929309948565,2482165.0,256.0,294.0,True
3,17,7808795511184520778,RSA-2048,0.05667562200687826,0.0011004810221493244,0.00010970409493893385,21.435511260991916,1.7650579423569261,2482164.0,256.0,294.0,True
3,17,4411992831590641228,RSA-2048,0.01222382194828242,0.00103949592448771,0.000101599027402699,21.444229432963766,1.770372192318828,2482164.0,256.0,294.0,True
3,17,9518755039688205648,RSA-2048,0.018174903001636267,0.0010390769457444549,0.00010706705506891012,10.435340596013702,1.7414033226311778,2482164.0,256.0,294.0,True
3,18,11780491559846817596,RSA-2048,0.08978426898829639,0.002268498996272683,0.0001080450601875782,21.094232850009575,1.756385025124961,2482165.0,256.0,294.0,True
3,18,7808795511184520778,RSA-2048,0.07597690599504858,0.0011588140623643994,0.00011120503768324852,21.315037798020057,1.7750493508939165,2482164.0,256.0,294.0,True
3,18,4411992831590641228,RSA-2048,0.014323687995783985,0.001143176923505962,0.00010614399798214436,21.365619460004382,1.7700517600336776,2482164.0,256.0,294.0,True
3,18,7873735521973115649,RSA-2048,0.12726374494377524,0.001078700996004045,0.000102830003015697,21.33660645899363,1.7329790337017168,2482164.0,256.0,294.0,True
3,18,9518755039688205648,RSA-2048,0.05464739608578384,0.0010147819994017482,0.00010933401063084602,10.430728468927555,1.7452534604758119,2482164.0,256.0,294.0,True
3,19,11780491559846817596,RSA-2048,0.07967693405225873,0.0022941610077396035,0.0001221169950440526,20.948529085959308,1.7350974501893162,2482165.0,256.0,294.0,True
3,19,7808795511184520778,RSA-2048,0.07044007000513375,0.0010972860036417842,0.00011673197150230408,21.232037926092744,1.7519641665224068,2482164.0,256.0,294.0,True
3,19,4411992831590641228,RSA-2048,0.046254205983132124,0.0022163059329614043,0.00012410199269652367,21.216261366964318,1.7676803334452473,2482164.0,256.0,294.0,True
3,19,7873735521973115649,RSA-2048,0.018887144047766924,0.0010903780348598957,0.00010861107148230076,21.436515432898887,1.7301431719106608,2482164.0,256.0,294.0,True
3,19,9518755039688205648,RSA-2048,0.03161067608743906,0.0010536839254200459,0.00010909908451139927,10.402424082974903,1.7684507929859832,2482164.0,256.0,294.0,True
3,20,7873735521973115649,RSA-2048,0.09190317196771502,0.001184525084681809,0.00011092994827777147,20.833613783936016,1.7355793706906109,2482164.0,256.0,294.0,True
3,20,4411992831590641228,RSA-2048,0.0772245490225032,0.0010972870513796806,0.00010574294719845057,20.969677526969463,1.7458634982093835,2482164.0,256.0,294.0,True
3,20,7808795511184520778,RSA-2048,0.0774915999500081,0.00114756403490901,0.00010209402535110712,20.912004556972533,1.7737110857003795,2482164.0,256.0,294.0,True
3,20,11780491559846817596,RSA-2048,0.0896457729395479,0.0011206690687686205,0.0001076089683920145,20.998796550906263,1.735983441051203,2482165.0,256.0,294.0,True
3,20,9518755039688205648,RSA-2048,0.0790034900419414,0.0010672890348359942,0.00010891805868595839,10.362440790981054,1.742966048252849,2482164.0,256.0,294.0,True
3,21,4411992831590641228,RSA-2048,0.0959410200593993,0.0011798288905993104,0.00010750803630799055,20.9595741040539,1.7353742644428827,2482164.0,256.0,294.0,True
3,21,7873735521973115649,RSA-2048,0.1436132179806009,0.0013607150176540017,0.00010329298675060272,21.38501101708971,1.7035585196254353,2482164.0,256.0,294.0,True
3,21,11780491559846817596,RSA-2048,0.02573368395678699,0.0012182890204712749,0.0001076690386980772,21.620898312074132,1.7090319779734262,2482165.0,256.0,294.0,True
3,21,7808795511184520778,RSA-2048,0.014542976045049727,0.00106342404615134,0.00011345499660819769,21.61178400099743,1.7238156429875773,2482164.0,256.0,294.0,True
3,21,9518755039688205648,RSA-2048,0.02641194500029087,0.001026917016133666,0.0001847379608079791,10.487986546009779,1.7401297240973281,2482164.0,256.0,294.0,True
3,22,7808795511184520778,RSA-2048,0.07577852997928858,0.002159027964808047,0.00010691105853766203,21.152216720976867,1.7376188828160588,2482164.0,256.0,294.0,True
3,22,11780491559846817596,RSA-2048,0.031866349978372455,0.001146928989328444,0.00010797195136547089,21.186319784959778,1.6989974339549152,2482165.0,256.0,294.0,True
3,22,4411992831590641228,RSA-2048,0.05804958799853921,0.0020860059885308146,0.00011659902520477772,21.21317130094394,1.724192017945238,2482164.0,256.0,294.0,True
3,22,7873735521973115649,RSA-2048,0.06277115002740175,0.0010926449904218316,0.00010473397560417652,21.37354471103754,1.7118234927661884,2482164.0,256.0,294.0,True
3,22,9518755039688205648,RSA-2048,0.125974899972789,0.0011344279628247023,0.00011001597158610821,10.453474793001078,1.7269680637140243,2482164.0,256.0,294.0,True
3,23,7873735521973115649,RSA-2048,0.0428282170323655,0.0012218250194564462,0.00010972702875733376,20.994533963035792,1.7473252562288277,2482164.0,256.0,294.0,True
3,23,11780491559846817596,RSA-2048,0.06266545504331589,0.001193076022900641,0.00010328204371035099,21.25015031499788,1.7003145080785782,2482165.0,256.0,294.0,True
3,23,4411992831590641228,RSA-2048,0.05726803792640567,0.0011509580072015524,0.00010925694368779659,21.315169472945854,1.7323832279577043,2482164.0,256.0,294.0,True
3,23,7808795511184520778,RSA-2048,0.045999848982319236,0.0010388890514150262,0.00010848208330571651,21.433515693061054,1.7395094804489575,2482164.0,256.0,294.0,True
3,23,9518755039688205648,RSA-2048,0.0708816678961739,0.001393946004100144,0.00010293303057551384,10.755264517036267,1.6966454758049963,2482164.0,256.0,294.0,True
3,24,11780491559846817596,RSA-2048,0.045708229998126626,0.0012705180561169982,0.00010006292723119259,21.00310153607279,1.7038919042093685,2482165.0,256.0,294.0,True
3,24,4411992831590641228,RSA-2048,0.08045837306417525,0.0012156720040366054,0.00012717500794678926,21.292218600050546,1.715768564623385,2482164.0,256.0,294.0,True
3,24,7873735521973115649,RSA-2048,0.059409272973425686,0.0011733840219676495,0.00010050693526864052,21.27375877997838,1.6808350070977744,2482164.0,256.0,294.0,True
3,24,7808795511184520778,RSA-2048,0.056640309980139136,0.0010621600085869431,0.00015451700892299414,21.43498846294824,1.753660624019635,2482164.0,256.0,294.0,True
3,24,9518755039688205648,RSA-2048,0.04680766293313354,0.0010657570092007518,0.00010587996803224087,10.523509179940447,1.7173261886206679,2482164.0,256.0,294.0,True
3,25,4411992831590641228,RSA-2048,0.02905655698850751,0.0020964680006727576,0.0001379670575261116,20.948290279018693,1.688742203072618,2482164.0,256.0,294.0,True
3,25,11780491559846817596,RSA-2048,0.08431189507246017,0.0012347169686108828,0.00010955601464956999,21.1223333789967,1.700020145303525,2482165.0,256.0,294.0,True
3,25,7873735521973115649,RSA-2048,0.03732819203287363,0.001159260980784893,0.00010738300625234842,21.382361344993114,1.693338341987171,2482164.0,256.0,294.0,True
3,25,7808795511184520778,RSA-2048,0.05745123408269137,0.0010524359531700611,0.0001072869636118412,21.56288644298911,1.6903656679220473,2482164.0,256.0,294.0,True
3,25,9518755039688205648,RSA-2048,0.09417721803765744,0.0010762909660115838,0.00010916194878518581,10.43026893795468,1.7042082925193227,2482164.0,256.0,294.0,True
3,26,4411992831590641228,RSA-2048,0.06258795701432973,0.00225208792835474,0.00012173596769571304,21.27300861105323,1.6823698232729976,2482164.0,256.0,294.0,True
3,26,7808795511184520778,RSA-2048,0.06501083890907466,0.0021561989560723305,0.0001180779654532671,21.287773168995045,1.7109121918297423,2482164.0,256.0,294.0,True
3,26,11780491559846817596,RSA-2048,0.09976523905061185,0.0011240530293434858,0.0001298579154536128,21.330238185008056,1.6437502535768211,2482165.0,256.0,294.0,True
3,26,7873735521973115649,RSA-2048,0.031221985933370888,0.0010840999893844128,0.00011280307080596685,21.403588282992132,1.6457871819456544,2482164.0,256.0,294.0,True
3,26,9518755039688205648,RSA-2048,0.10083929903339595,0.0018486699555069208,0.00012178404722362757,10.339087617932819,1.71592044525634,2482164.0,256.0,294.0,True
3,27,7808795511184520778,RSA-2048,0.1005232350435108,0.0022367839701473713,0.00011133798398077488,20.8990795139689,1.6899356244090267,2482164.0,256.0,294.0,True
3,27,7873735521973115649,RSA-2048,0.03358928591478616,0.002060148981399834,0.00010170601308345795,20.95909515803214,1.6529101757957532,2482164.0,256.0,294.0,True
3,27,4411992831590641228,RSA-2048,0.04607306804973632,0.00116546091157943,0.0001093969913199544,20.99163646402303,1.7062617666043414,2482164.0,256.0,294.0,True
3,27,11780491559846817596,RSA-2048,0.0672774959821254,0.0010659350082278252,0.00010989909060299397,21.051151696941815,1.6462832795926177,2482165.0,256.0,294.0,True
3,27,9518755039688205648,RSA-2048,0.04021386697422713,0.0010820809984579682,0.00010266795288771391,10.664709920063615,1.6825408160496063,2482164.0,256.0,294.0,True
3,28,7808795511184520778,RSA-2048,0.05288647999987006,0.002267652889713645,0.00010500894859433174,21.080939252045937,1.6904906659080579,2482164.0,256.0,294.0,True
3,28,11780491559846817596,RSA-2048,0.054623225005343556,0.002280325978063047,0.00011469901073724031,21.285342387040146,1.6464454053689876,2482165.0,256.0,294.0,True
3,28,7873735521973115649,RSA-2048,0.12941629998385906,0.0010544389951974154,0.00013978395145386457,21.43565125798341,1.6775316986413047,2482164.0,256.0,294.0,True
3,28,4411992831590641228,RSA-2048,0.05373654596041888,0.0010561519302427769,0.00010801199823617935,21.42537768103648,1.6559480318246178,2482164.0,256.0,294.0,True
3,28,9518755039688205648,RSA-2048,0.05361082102172077,0.0011152130318805575,0.00010269100312143564,10.43221806990914,1.6686369858610743,2482164.0,256.0,294.0,True
3,29,11780491559846817596,RSA-2048,0.054385993047617376,0.0021033489610999823,0.00010505307000130415,21.4923588919919,1.6576059961471314,2482165.0,256.0,294.0,True
3,29,4411992831590641228,RSA-2048,0.14395049994345754,0.0011838400969281793,0.00012118404265493155,21.404521962045692,1.662188475886092,2482164.0,256.0,294.0,True
3,29,7808795511184520778,RSA-2048,0.02546244498807937,0.0012024170719087124,0.00010376004502177238,21.699426929000765,1.671827689908183,2482164.0,256.0,294.0,True
3,29,7873735521973115649,RSA-2048,0.051073740934953094,0.0010503020603209734,0.00010156305506825447,21.740111610968597,1.6254191128209756,2482164.0,256.0,294.0,True
3,29,9518755039688205648,RSA-2048,0.011789973941631615,0.0010510990396142006,0.00011089595500379801,10.519385400926694,1.667991513261399,2482164.0,256.0,294.0,True
3,30,11780491559846817596,RSA-2048,0.023944916087202728,0.002283497015014291,0.000128046958707273,21.083018622011878,1.6294007183263859,2482165.0,256.0,294.0,True
3,30,7873735521973115649,RSA-2048,0.06357949296943843,0.002136318013072014,0.0001071050064638257,21.059338474064134,1.6969685697327026,2482164.0,256.0,294.0,True
3,30,7808795511184520778,RSA-2048,0.11296399892307818,0.0012134959688410163,0.00010666798334568739,21.006269408972003,1.689656471292051,2482164.0,256.0,294.0,True
3,30,4411992831590641228,RSA-2048,0.02538061502855271,0.001140470034442842,0.00010738905984908342,21.257620566990227,1.6901576069597237,2482164.0,256.0,294.0,True
3,30,9518755039688205648,RSA-2048,0.028979595052078366,0.0010776479030027986,0.00010639394167810678,10.44148958788719,1.6462790423307936,2482164.0,256.0,294.0,True
4,1,9923718498400787647,RSA-2048,0.06006701500155032,0.003075479995459318,0.0005740999476984143,21.042676607961766,2.1911232642853222,2482164.0,256.0,294.0,True
4,1,12167109193317760372,RSA-2048,0.03469987807329744,0.0017179419519379735,0.0001355790300294757,21.4260943060508,2.1730340734457436,2482165.0,256.0,294.0,True
4,1,4050715556666853012,RSA-2048,0.058736318023875356,0.0015288739232346416,0.00011797796469181776,21.334818752948195,2.1216387177427736,2482164.0,256.0,294.0,True
4,1,1548492974410552504,RSA-2048,0.03771977999713272,0.0014995889505371451,0.00010492606088519096,21.448731050943024,2.085961361281788,2482164.0,256.0,294.0,True
4,1,14484377308014358116,RSA-2048,0.04639243509154767,0.0010496031027287245,0.00010682397987693548,10.7160866309423,2.169745109332636,2482165.0,256.0,294.0,True
4,2,9923718498400787647,RSA-2048,0.03645003493875265,0.0014146029716357589,0.00010267493780702353,21.627766357036307,2.055293333797028,2482164.0,256.0,294.0,True
4,2,4050715556666853012,RSA-2048,0.016781842103227973,0.0010968679562211037,0.00012218405026942492,21.697070908965543,2.0238384815831534,2482164.0,256.0,294.0,True
4,2,12167109193317760372,RSA-2048,0.047482357011176646,0.0011578649282455444,0.00013816705904901028,21.73379817500245,2.0313487643251023,2482165.0,256.0,294.0,True
4,2,1548492974410552504,RSA-2048,0.017642949940636754,0.00108998897485435,0.00011555396486073732,21.712544745067134,2.040784559691676,2482164.0,256.0,294.0,True
4,2,14484377308014358116,RSA-2048,0.04380324902012944,0.0010446570813655853,0.0001080420333892107,10.43858699395787,2.040490822670178,2482165.0,256.0,294.0,True
4,3,12167109193317760372,RSA-2048,0.1516072480008006,0.0022943379590287805,0.00010342302266508341,21.46369434799999,1.9390661343218039,2482165.0,256.0,294.0,True
4,3,9923718498400787647,RSA-2048,0.04984442004933953,0.00113029801286757,0.00010615598876029253,21.75199173798319,1.9579249197682633,2482164.0,256.0,294.0,True
4,3,1548492974410552504,RSA-2048,0.03709691995754838,0.0021054339595139027,0.00010644702706485987,21.77943580900319,1.94123141453289,2482164.0,256.0,294.0,True
4,3,4050715556666853012,RSA-2048,0.053848790004849434,0.001174443052150309,0.00010173197370022535,21.801801464054734,1.9152878602853598,2482164.0,256.0,294.0,True
4,3,14484377308014358116,RSA-2048,0.059334477060474455,0.0010360879823565483,0.00010577996727079153,10.650888346950524,1.9357536002850761,2482165.0,256.0,294.0,True
4,4,1548492974410552504,RSA-2048,0.020150026073679328,0.0011827230919152498,0.00010536098852753639,21.3360640630126,1.8779367772154152,2482164.0,256.0,294.0,True
4,4,9923718498400787647,RSA-2048,0.047975084045901895,0.0010474850423634052,0.0001029859995469451,21.41419224801939,1.909623370383875,2482164.0,256.0,294.0,True
4,4,12167109193317760372,RSA-2048,0.17878696706611663,0.00211438094265759,0.0001279950374737382,21.259700797032565,1.9037013632801776,2482165.0,256.0,294.0,True
4,4,4050715556666853012,RSA-2048,0.12657129496801645,0.0021536940475925803,0.00011321599595248699,21.286955746007152,1.877214226859827,2482164.0,256.0,294.0,True
4,4,14484377308014358116,RSA-2048,0.012970351031981409,0.0010664580622687936,0.00010458601173013449,10.655869325972162,1.8733704954671402,2482165.0,256.0,294.0,True
4,5,9923718498400787647,RSA-2048,0.07316628808621317,0.002014962024986744,0.00011458899825811386,21.870050127035938,1.8725085639344237,2482164.0,256.0,294.0,True
4,5,4050715556666853012,RSA-2048,0.08462128206156194,0.0020516429794952273,0.00010754598770290613,21.89381224603858,1.8557697119423375,2482164.0,256.0,294.0,True
4,5,12167109193317760372,RSA-2048,0.03755430201999843,0.001083032926544547,0.00010964996181428432,21.944004586082883,1.8681875139760513,2482165.0,256.0,294.0,True
4,5,1548492974410552504,RSA-2048,0.10670276894234121,0.0010567490244284272,0.0001108470605686307,21.956043862039223,1.8843838406827884,2482164.0,256.0,294.0,True
4,5,14484377308014358116,RSA-2048,0.1265389759792015,0.0010595970088616014,0.00010222697164863348,10.548603351926431,1.8549476043103983,2482165.0,256.0,294.0,True
4,6,1548492974410552504,RSA-2048,0.027237640926614404,0.0012109419330954552,0.00013657205272465944,21.22165747010149,1.8752593636131896,2482164.0,256.0,294.0,True
4,6,12167109193317760372,RSA-2048,0.03881964099127799,0.002231715014204383,0.0001283369492739439,21.207826570025645,1.834106550810817,2482165.0,256.0,294.0,True
4,6,9923718498400787647,RSA-2048,0.010305436910130084,0.0011007479624822736,0.00012185110244899988,21.36657396296505,1.8531101130829832,2482164.0,256.0,294.0,True
4,6,4050715556666853012,RSA-2048,0.1816927099134773,0.0010827579535543919,0.00011717400047928095,21.370583995012566,1.8593209502034294,2482164.0,256.0,294.0,True
4,6,14484377308014358116,RSA-2048,0.06850136292632669,0.0010844480711966753,0.00011785700917243958,10.453903759014793,1.8511000426051716,2482165.0,256.0,294.0,True
4,7,4050715556666853012,RSA-2048,0.0630714138969779,0.002103267004713416,0.00011336302850395441,21.09664324298501,1.806222198489375,2482164.0,256.0,294.0,True
4,7,1548492974410552504,RSA-2048,0.0543604550184682,0.0012111590476706624,0.00010115595068782568,21.234609847073443,1.841172912631172,2482164.0,256.0,294.0,True
4,7,9923718498400787647,RSA-2048,0.019996552960947156,0.0012365489965304732,0.00013108993880450726,21.369200804037973,1.823883723527098,2482164.0,256.0,294.0,True
4,7,12167109193317760372,RSA-2048,0.02933326701167971,0.0010369570227339864,0.00010392197873443365,21.403938804985955,1.8198683977888797,2482165.0,256.0,294.0,True
4,7,14484377308014358116,RSA-2048,0.074276497005485,0.0010344019392505288,0.00010425702203065157,10.348822425003164,1.8150130220876335,2482165.0,256.0,294.0,True
4,8,1548492974410552504,RSA-2048,0.022890585009008646,0.0011652229586616158,0.00010634004138410091,21.08511461794842,1.818300991774367,2482164.0,256.0,294.0,True
4,8,4050715556666853012,RSA-2048,0.030077953008003533,0.0011791660217568278,0.00010808103252202272,21.38472825207282,1.7853046697549546,2482164.0,256.0,294.0,True
4,8,9923718498400787647,RSA-2048,0.021511835977435112,0.00108968501444906,0.00010127702262252569,21.426637217984535,1.7683093582098477,2482164.0,256.0,294.0,True
4,8,12167109193317760372,RSA-2048,0.11275812005624175,0.0011220119195058942,0.00010824901983141899,21.559874573955312,1.8100490783350156,2482165.0,256.0,294.0,True
4,8,14484377308014358116,RSA-2048,0.023153432994149625,0.0010340979788452387,0.00011665700003504753,10.651586652034894,1.8187185392593042,2482165.0,256.0,294.0,True
4,9,4050715556666853012,RSA-2048,0.11038115504197776,0.002151399035938084,0.0001008020481094718,21.394936515018344,1.7659692798559659,2482164.0,256.0,294.0,True
4,9,9923718498400787647,RSA-2048,0.06238083099015057,0.0022566759726032615,0.00011436908971518278,21.502534849918447,1.8089247454469577,2482164.0,256.0,294.0,True
4,9,1548492974410552504,RSA-2048,0.06618396705016494,0.0011614549439400434,0.0001418349565938115,21.511262141983025,1.8170433806154294,2482164.0,256.0,294.0,True
4,9,12167109193317760372,RSA-2048,0.03508432407397777,0.001047839061357081,0.00010807497892528772,21.64495922799688,1.7670453512630524,2482165.0,256.0,294.0,True
4,9,14484377308014358116,RSA-2048,0.053513020975515246,0.0010811749380081892,0.00010471197310835123,10.563801857992075,1.7958626263438704,2482165.0,256.0,294.0,True
4,10,4050715556666853012,RSA-2048,0.033299611997790635,0.002154347952455282,0.00010663294233381748,21.220607490977272,1.7718131241326134,2482164.0,256.0,294.0,True
4,10,12167109193317760372,RSA-2048,0.05568312096875161,0.002196158980950713,0.00010288390330970287,21.6244366109604,1.7792808621074445,2482165.0,256.0,294.0,True
4,10,9923718498400787647,RSA-2048,0.09842072997707874,0.0020039030350744724,0.00010400393512099981,21.59176231198944,1.780710761158611,2482164.0,256.0,294.0,True
4,10,1548492974410552504,RSA-2048,0.045636898023076355,0.001120912958867848,0.00010174605995416641,21.712186898919754,1.762258161751988,2482164.0,256.0,294.0,True
4,10,14484377308014358116,RSA-2048,0.020680800080299377,0.0010578689398244023,0.00012942100875079632,10.471688941936009,1.7661196134341792,2482165.0,256.0,294.0,True
4,11,9923718498400787647,RSA-2048,0.02232812298461795,0.00225237593986094,0.00010298704728484154,21.51341187802609,1.7671973244450725,2482164.0,256.0,294.0,True
4,11,1548492974410552504,RSA-2048,0.06058433500584215,0.002107144915498793,0.00010628800373524427,21.55374100897461,1.7701165938910586,2482164.0,256.0,294.0,True
4,11,12167109193317760372,RSA-2048,0.03369823901448399,0.0011021760292351246,0.00010804901830852032,21.591521252063103,1.7597344420588434,2482165.0,256.0,294.0,True
4,11,4050715556666853012,RSA-2048,0.10514318698551506,0.0013075979659333825,0.0001013920409604907,21.6063236159971,1.7682682702335686,2482164.0,256.0,294.0,True
4,11,14484377308014358116,RSA-2048,0.12227434199303389,0.0010617600055411458,0.00010629300959408283,10.537993076024577,1.741024213857925,2482165.0,256.0,294.0,True
4,12,1548492974410552504,RSA-2048,0.13710145803634077,0.00228812696877867,0.0001022720243781805,21.12298288999591,1.7404825485552462,2482164.0,256.0,294.0,True
4,12,12167109193317760372,RSA-2048,0.06278748996555805,0.0010919009801000357,0.00011243904009461403,21.446843039011583,1.747538151451574,2482165.0,256.0,294.0,True
4,12,9923718498400787647,RSA-2048,0.0732549560489133,0.0011141709983348846,0.00010041799396276474,21.443805687013082,1.7694672170919352,2482164.0,256.0,294.0,True
4,12,4050715556666853012,RSA-2048,0.08822492696344852,0.0011008509900420904,0.00010380696039646864,21.405162074021064,1.7298909513333354,2482164.0,256.0,294.0,True
4,12,14484377308014358116,RSA-2048,0.05091199104208499,0.0010283810552209616,0.00010370602831244469,10.560943922959268,1.7291573312716744,2482165.0,256.0,294.0,True
4,13,9923718498400787647,RSA-2048,0.06103888794314116,0.00112334790173918,0.00016347598284482956,21.795316685922444,1.748124894242698,2482164.0,256.0,294.0,True
4,13,4050715556666853012,RSA-2048,0.052778857992962,0.0011846059933304787,0.00010407797526568174,21.777715141070075,1.7505726338194583,2482164.0,256.0,294.0,True
4,13,1548492974410552504,RSA-2048,0.07681132399011403,0.0010585150448605418,0.00010627100709825754,21.85933395905886,1.75051526787182,2482164.0,256.0,294.0,True
4,13,12167109193317760372,RSA-2048,0.158027836936526,0.0010486629325896502,0.00010328809730708599,21.829640951938927,1.7106136830089191,2482165.0,256.0,294.0,True
4,13,14484377308014358116,RSA-2048,0.03702370298560709,0.0010386949870735407,0.00010478997137397528,10.793061692034826,1.721200050637364,2482165.0,256.0,294.0,True
4,14,1548492974410552504,RSA-2048,0.03844349295832217,0.0011935869697481394,0.0001410309923812747,21.687813349999487,1.741435297381002,2482164.0,256.0,294.0,True
4,14,4050715556666853012,RSA-2048,0.12360845599323511,0.002127626910805702,0.00013137608766555786,21.689152812003158,1.726738484522786,2482164.0,256.0,294.0,True
4,14,12167109193317760372,RSA-2048,0.03825034399051219,0.0011898688971996307,0.0001528420252725482,21.869825155008584,1.7148733005736962,2482165.0,256.0,294.0,True
4,14,9923718498400787647,RSA-2048,0.03033518500160426,0.0011203180765733123,0.00013588194269686937,21.977166453027166,1.7170149194546782,2482164.0,256.0,294.0,True
4,14,14484377308014358116,RSA-2048,0.012603319017216563,0.0010228200117126107,0.00010854401625692844,10.506032824050635,1.7124463472122582,2482165.0,256.0,294.0,True
4,15,9923718498400787647,RSA-2048,0.04705453000497073,0.0010872110724449158,0.00011443905532360077,20.990730352932587,1.7180783203996408,2482164.0,256.0,294.0,True
4,15,12167109193317760372,RSA-2048,0.03131692099850625,0.002119351993314922,0.0001573789631947875,21.034832494915463,1.727264995011278,2482165.0,256.0,294.0,True
4,15,1548492974410552504,RSA-2048,0.03725221299100667,0.0011457920772954822,0.00014451693277806044,21.035981597960927,1.7261120427530794,2482164.0,256.0,294.0,True
4,15,4050715556666853012,RSA-2048,0.23307245306205004,0.0011483689304441214,0.00011222099419683218,20.950481612002477,1.695129345400265,2482164.0,256.0,294.0,True
4,15,14484377308014358116,RSA-2048,0.0925414840457961,0.0010939949424937367,0.00013339996803551912,10.393390428973362,1.6941435100933233,2482165.0,256.0,294.0,True
4,16,1548492974410552504,RSA-2048,0.0444779540412128,0.0011672299588099122,0.00010234897490590811,21.34154745610431,1.7110971939830353,2482164.0,256.0,294.0,True
4,16,9923718498400787647,RSA-2048,0.19106401200406253,0.002096921904012561,9.921693708747625e-05,21.21200974599924,1.7266775963786312,2482164.0,256.0,294.0,True
4,16,12167109193317760372,RSA-2048,0.12191491900011897,0.002047532005235553,0.00010550499428063631,21.110389376059175,1.7014548001578822,2482165.0,256.0,294.0,True
4,16,4050715556666853012,RSA-2048,0.05510485603008419,0.0010903190122917295,0.00010904110968112946,21.299870099057443,1.6887691298993632,2482164.0,256.0,294.0,True
4,16,14484377308014358116,RSA-2048,0.02926417696289718,0.0010145610431209207,0.00013769103679805994,10.553182800998911,1.7258377212305038,2482165.0,256.0,294.0,True
4,17,12167109193317760372,RSA-2048,0.08200229005888104,0.002224078052677214,0.00010129506699740887,21.568846291978844,1.7040564876775772,2482165.0,256.0,294.0,True
4,17,4050715556666853012,RSA-2048,0.12695260799955577,0.001402852009050548,0.00010217493399977684,21.546105479006656,1.6798942957442409,2482164.0,256.0,294.0,True
4,17,1548492974410552504,RSA-2048,0.12917344400193542,0.001188368070870638,0.00010581105016171932,21.61331506096758,1.6871244347514436,2482164.0,256.0,294.0,True
4,17,9923718498400787647,RSA-2048,0.023685450083576143,0.0011019340017810464,0.00010654295329004526,21.796679798979312,1.7228974294357788,2482164.0,256.0,294.0,True
4,17,14484377308014358116,RSA-2048,0.04343863402027637,0.0010671640047803521,9.983801282942295e-05,10.428594380966388,1.7337541772534673,2482165.0,256.0,294.0,True
4,18,4050715556666853012,RSA-2048,0.017299873055890203,0.0023186049656942487,0.0001178220845758915,21.187967202975415,1.6734004332996404,2482164.0,256.0,294.0,True
4,18,12167109193317760372,RSA-2048,0.03930588404182345,0.0022823900217190385,0.00010201206896454096,21.39178370893933,1.7024633035111352,2482165.0,256.0,294.0,True
4,18,9923718498400787647,RSA-2048,0.06984734593424946,0.0012123800115659833,0.00010008295066654682,21.453177568968385,1.7065834633458536,2482164.0,256.0,294.0,True
4,18,1548492974410552504,RSA-2048,0.10174437204841524,0.0010598290245980024,0.00010185199789702892,21.63691701600328,1.6945728730088987,2482164.0,256.0,294.0,True
4,18,14484377308014358116,RSA-2048,0.02214976795949042,0.0010613090125843883,0.00010759092401713133,10.575612960965373,1.67692889382664,2482165.0,256.0,294.0,True
4,19,12167109193317760372,RSA-2048,0.029278757981956005,0.001178358099423349,0.00014052796177566051,21.70842935203109,1.6914001071034148,2482165.0,256.0,294.0,True
4,19,9923718498400787647,RSA-2048,0.08117283403407782,0.0022515810560435057,0.00010618893429636955,21.5896347820526,1.6775094434476128,2482164.0,256.0,294.0,True
4,19,4050715556666853012,RSA-2048,0.04628404893446714,0.0013504360103979707,0.00010517903137952089,21.765958019997925,1.6603855077451029,2482164.0,256.0,294.0,True
4,19,1548492974410552504,RSA-2048,0.08454723004251719,0.0011025900021195412,0.00011206103954464197,21.881138931028545,1.6996253987851615,2482164.0,256.0,294.0,True
4,19,14484377308014358116,RSA-2048,0.031140414997935295,0.0010663809953257442,0.00010055908933281898,10.423664810950868,1.6796170278859976,2482165.0,256.0,294.0,True
4,20,4050715556666853012,RSA-2048,0.08685248403344303,0.002074521966278553,0.00014428107533603907,20.74922666302882,1.6462914082950677,2482164.0,256.0,294.0,True
4,20,1548492974410552504,RSA-2048,0.09327759698498994,0.0023004189133644104,0.00010400800965726376,20.966216093976982,1.6803394015223836,2482164.0,256.0,294.0,True
4,20,9923718498400787647,RSA-2048,0.04074828198645264,0.0011189900105819106,0.00014512601774185896,21.24885012791492,1.6885538253540429,2482164.0,256.0,294.0,True
4,20,12167109193317760372,RSA-2048,0.09133430093061179,0.0010824550408869982,0.00010514201130717993,21.17945445503574,1.7036711632634123,2482165.0,256.0,294.0,True
4,20,14484377308014358116,RSA-2048,0.04045331303495914,0.0010365420021116734,0.00010357506107538939,10.623509036959149,1.6463959917854578,2482165.0,256.0,294.0,True
4,21,1548492974410552504,RSA-2048,0.049068319029174745,0.0020197649719193578,0.00010691501665860415,21.441027299966663,1.6765988246320536,2482164.0,256.0,294.0,True
4,21,9923718498400787647,RSA-2048,0.12714128394145519,0.00122233503498137,0.0001102610258385539,21.533555636997335,1.6584449069568525,2482164.0,256.0,294.0,True
4,21,12167109193317760372,RSA-2048,0.04586910700891167,0.0012310669990256429,0.00011252693366259336,21.643268332933076,1.6444269117836754,2482165.0,256.0,294.0,True
4,21,4050715556666853012,RSA-2048,0.04657431598752737,0.001044892007485032,0.00010941002983599901,21.99415407201741,1.64045485463767,2482164.0,256.0,294.0,True
4,21,14484377308014358116,RSA-2048,0.034087971900589764,0.0010413050185889006,0.00013068492989987135,10.480059547931887,1.6682243590918593,2482165.0,256.0,294.0,True
4,22,12167109193317760372,RSA-2048,0.01457629504147917,0.002316224970854819,0.00010893098078668118,21.180759930051863,1.6537285315723846,2482165.0,256.0,294.0,True
4,22,9923718498400787647,RSA-2048,0.06706600694451481,0.0011820889776572585,0.00011626898776739836,21.334015287924558,1.6942450977362002,2482164.0,256.0,294.0,True
4,22,4050715556666853012,RSA-2048,0.10080251796171069,0.001149166957475245,0.00011783093214035034,21.242570561007597,1.6400836420516236,2482164.0,256.0,294.0,True
4,22,1548492974410552504,RSA-2048,0.033644190058112144,0.0010927380062639713,0.00010817591100931168,21.507853142917156,1.6687471150590207,2482164.0,256.0,294.0,True
4,22,14484377308014358116,RSA-2048,0.02592670393642038,0.0010497210314497352,0.00011060002725571394,10.739023996982723,1.650318213164235,2482165.0,256.0,294.0,True
4,23,12167109193317760372,RSA-2048,0.07987974199932069,0.0011934229405596852,0.00010403001215308905,20.97428387706168,1.6074451417587816,2482165.0,256.0,294.0,True
4,23,4050715556666853012,RSA-2048,0.043599763070233166,0.0013235409278422594,0.00010706705506891012,20.899193176068366,1.6186844651310588,2482164.0,256.0,294.0,True
4,23,1548492974410552504,RSA-2048,0.07256562996190041,0.0023337809834629297,0.0001065470278263092,21.02813061303459,1.6756184264874687,2482164.0,256.0,294.0,True
4,23,9923718498400787647,RSA-2048,0.0712578339735046,0.0011256019352003932,0.00010640302207320929,21.1119289950002,1.6570590071784803,2482164.0,256.0,294.0,True
4,23,14484377308014358116,RSA-2048,0.018355906009674072,0.0010709870839491487,0.00011291098780930042,10.43543250206858,1.6458916858362314,2482165.0,256.0,294.0,True
4,24,12167109193317760372,RSA-2048,0.15630851592868567,0.0023181060096248984,0.0001154700294137001,20.94672183005605,1.610250071595652,2482165.0,256.0,294.0,True
4,24,4050715556666853012,RSA-2048,0.036600784049369395,0.0020344930235296488,0.00010131392627954483,21.044610179960728,1.6157435445358959,2482164.0,256.0,294.0,True
4,24,1548492974410552504,RSA-2048,0.10497396800201386,0.001244278042577207,9.983498603105545e-05,21.226015749038197,1.6790306301543507,2482164.0,256.0,294.0,True
4,24,9923718498400787647,RSA-2048,0.01591158506926149,0.001059983973391354,0.00010890897829085588,21.373981999931857,1.6444708626872053,2482164.0,256.0,294.0,True
4,24,14484377308014358116,RSA-2048,0.01856084493920207,0.001045888988301158,0.00010383001063019037,10.541242462932132,1.6417930362323603,2482165.0,256.0,294.0,True
4,25,9923718498400787647,RSA-2048,0.21370039007160813,0.0012856319081038237,0.00010250310879200697,21.35226513806265,1.6678026510884587,2482164.0,256.0,294.0,True
4,25,1548492974410552504,RSA-2048,0.02852160600014031,0.0012327689910307527,9.942194446921349e-05,21.411327120033093,1.6374495909236872,2482164.0,256.0,294.0,True
4,25,4050715556666853012,RSA-2048,0.04602338606491685,0.001240856945514679,0.00010102090891450644,21.719488045899197,1.6433143093943976,2482164.0,256.0,294.0,True
4,25,12167109193317760372,RSA-2048,0.0659053809940815,0.001093983999453485,0.0001384589122608304,21.74267233395949,1.6196259553440082,2482165.0,256.0,294.0,True
4,25,14484377308014358116,RSA-2048,0.04791671200655401,0.0010678989347070456,0.0001072899904102087,10.593995122006163,1.6008148060058252,2482165.0,256.0,294.0,True
4,26,9923718498400787647,RSA-2048,0.012121589970774949,0.00117686006706208,0.00011342798825353384,21.466631434042938,1.6484924259658058,2482164.0,256.0,294.0,True
4,26,12167109193317760372,RSA-2048,0.16945651394780725,0.0020502799889072776,0.00010650197509676218,21.397080797003582,1.6294302856579375,2482165.0,256.0,294.0,True
4,26,4050715556666853012,RSA-2048,0.03972329699900001,0.0011045660357922316,0.0001048060366883874,21.542898977990262,1.6713886596143437,2482164.0,256.0,294.0,True
4,26,1548492974410552504,RSA-2048,0.12756226200144738,0.0010718749836087227,0.00010748591739684343,21.669628205010667,1.6408142432237205,2482164.0,256.0,294.0,True
4,26,14484377308014358116,RSA-2048,0.010593648999929428,0.0010567059507593513,0.00010783202014863491,10.575437003048137,1.613075185317201,2482165.0,256.0,294.0,True
4,27,1548492974410552504,RSA-2048,0.10798839305061847,0.0012450540671125054,0.00012062699533998966,21.251288753002882,1.6533582081048253,2482164.0,256.0,294.0,True
4,27,9923718498400787647,RSA-2048,0.11086000897921622,0.001727870898321271,0.00010666402522474527,21.446759068989195,1.6303407944048556,2482164.0,256.0,294.0,True
4,27,12167109193317760372,RSA-2048,0.13477203401271254,0.0020025220001116395,0.00010728207416832447,21.475902377977036,1.620913998387492,2482165.0,256.0,294.0,True
4,27,4050715556666853012,RSA-2048,0.03407072590198368,0.0010893550934270024,0.00010698405094444752,21.842881517019123,1.604961867530506,2482164.0,256.0,294.0,True
4,27,14484377308014358116,RSA-2048,0.053489872021600604,0.0010417120065540075,0.00012874999083578587,10.538154095062055,1.6683035567164801,2482165.0,256.0,294.0,True
4,28,9923718498400787647,RSA-2048,0.06209456699434668,0.002102233935147524,0.0001666200114414096,21.365397564019077,1.6348877120703553,2482164.0,256.0,294.0,True
4,28,1548492974410552504,RSA-2048,0.15962522907648236,0.0011868259171023965,0.00011368095874786377,21.458600942976773,1.678297774288982,2482164.0,256.0,294.0,True
4,28,12167109193317760372,RSA-2048,0.05561337398830801,0.0011610209476202726,0.0001083069946616888,21.458874928066507,1.6171267449665374,2482165.0,256.0,294.0,True
4,28,4050715556666853012,RSA-2048,0.03620600595604628,0.0010883630020543933,0.00010970397852361202,21.629772585001774,1.5818128349682012,2482164.0,256.0,294.0,True
4,28,14484377308014358116,RSA-2048,0.09879945602733642,0.0011807599803432822,0.00010292499791830778,10.460666542989202,1.6747700810051573,2482165.0,256.0,294.0,True
4,29,9923718498400787647,RSA-2048,0.0491935049649328,0.0023496670182794333,0.00011116708628833294,21.670145859010518,1.609132051087035,2482164.0,256.0,294.0,True
4,29,12167109193317760372,RSA-2048,0.14064202108420432,0.002039416925981641,0.00011702300980687141,21.603502109996043,1.6065832803043694,2482165.0,256.0,294.0,True
4,29,1548492974410552504,RSA-2048,0.09333576599601656,0.0011424679541960359,0.00010651303455233574,21.691316580050625,1.6451608780473947,2482164.0,256.0,294.0,True
4,29,4050715556666853012,RSA-2048,0.04522415902465582,0.0011275659780949354,0.00011394394095987082,21.956594175077043,1.680164641846483,2482164.0,256.0,294.0,True
4,29,14484377308014358116,RSA-2048,0.02541648002807051,0.0010458220494911075,0.00010053196456283331,10.76538487104699,1.6366665176690196,2482165.0,256.0,294.0,True
4,30,9923718498400787647,RSA-2048,0.10688100103288889,0.002129657077603042,0.00012474902905523777,21.245145088993013,1.6328177970057478,2482164.0,256.0,294.0,True
4,30,1548492974410552504,RSA-2048,0.08794209698680788,0.0023059980012476444,0.0001397590385749936,21.337864169036038,1.640972164873117,2482164.0,256.0,294.0,True
4,30,4050715556666853012,RSA-2048,0.026902845944277942,0.001147588947787881,0.00011709507089108229,21.562662382959388,1.5857655977288756,2482164.0,256.0,294.0,True
4,30,12167109193317760372,RSA-2048,0.03291891992557794,0.0011138800764456391,0.0001209949841722846,21.641494611045346,1.6149856602421964,2482165.0,256.0,294.0,True
4,30,14484377308014358116,RSA-2048,0.05302230699453503,0.0010653830831870437,0.00012217299081385136,10.524969220976345,1.6478844290724197,2482165.0,256.0,294.0,True
5,1,10762258221194148184,RSA-2048,0.16011439904104918,0.0016566020203754306,0.0005415310151875019,21.116130582988262,nan,2482165.0,256.0,294.0,True
5,1,2347495212146573507,RSA-2048,0.06763359007891268,0.002785802003927529,0.00011233892291784286,21.369962902041152,2.145258676129789,2482164.0,256.0,294.0,True
5,1,13564449561327597448,RSA-2048,0.019937218981795013,0.0015662689693272114,0.00011092808563262224,21.678403170080855,2.173291815355563,2482165.0,256.0,294.0,True
5,1,16136726311681828694,RSA-2048,0.1068900260142982,0.0014395510079339147,0.0001260510180145502,21.849803547025658,2.1340161162062574,2482165.0,256.0,294.0,True
5,1,15947577601313997634,RSA-2048,0.09001632791478187,0.001083476934581995,0.00010990595910698175,10.632480633095838,2.169993897596487,2482165.0,256.0,294.0,True
5,2,13564449561327597448,RSA-2048,0.11727961001452059,0.002338181948289275,0.00010359799489378929,20.964611798990518,nan,2482165.0,256.0,294.0,True
5,2,16136726311681828694,RSA-2048,0.0416852809721604,0.001263880985789001,0.00010062498040497303,21.212221857975237,nan,2482165.0,256.0,294.0,True
5,2,10762258221194148184,RSA-2048,0.06045825302135199,0.0021801869152113795,0.00010206608567386866,21.213592111016624,nan,2482165.0,256.0,294.0,True
5,2,2347495212146573507,RSA-2048,0.04536420409567654,0.001075949054211378,0.00010770198423415422,21.288109699031338,nan,2482164.0,256.0,294.0,True
5,2,15947577601313997634,RSA-2048,0.028754358063451946,0.00102617300581187,0.0001115619670599699,10.31891052192077,nan,2482165.0,256.0,294.0,True
5,3,16136726311681828694,RSA-2048,0.06473669200204313,0.001254064030945301,0.00011673907283693552,21.37269377009943,nan,2482165.0,256.0,294.0,True
5,3,2347495212146573507,RSA-2048,0.1801771979080513,0.002275296952575445,0.00011134904343634844,21.341458951006643,nan,2482164.0,256.0,294.0,True
5,3,10762258221194148184,RSA-2048,0.01327988295815885,0.0011680771131068468,0.00010348495561629534,21.57962024502922,nan,2482165.0,256.0,294.0,True
5,3,13564449561327597448,RSA-2048,0.030273893964476883,0.0010808910010382533,0.0001072930172085762,21.82220352697186,nan,2482165.0,256.0,294.0,True
5,3,15947577601313997634,RSA-2048,0.01578400400467217,0.001087374985218048,0.00010410894174128771,10.429009898914956,nan,2482165.0,256.0,294.0,True
5,4,2347495212146573507,RSA-2048,0.022944787051528692,0.0011802520602941513,0.00010460498742759228,21.654826117912307,nan,2482164.0,256.0,294.0,True
5,4,13564449561327597448,RSA-2048,0.06984098406974226,0.001267892075702548,0.00010783097241073847,21.69001139199827,nan,2482165.0,256.0,294.0,True
5,4,16136726311681828694,RSA-2048,0.07803693995811045,0.001215631957165897,0.00010879500769078732,21.724408218986355,nan,2482165.0,256.0,294.0,True
5,4,10762258221194148184,RSA-2048,0.015684331068769097,0.0010769159998744726,0.00011110096238553524,21.882403849973343,nan,2482165.0,256.0,294.0,True
5,4,15947577601313997634,RSA-2048,0.04504495405126363,0.0010891030542552471,0.0001048229169100523,10.250601054984145,nan,2482165.0,256.0,294.0,True
5,5,10762258221194148184,RSA-2048,0.06766737601719797,0.0022358091082423925,0.00011264800559729338,21.503797986079007,nan,2482165.0,256.0,294.0,True
5,5,16136726311681828694,RSA-2048,0.013941688928753138,0.0010854550637304783,0.00011095195077359676,21.670510048046708,nan,2482165.0,256.0,294.0,True
5,5,13564449561327597448,RSA-2048,0.10438709403388202,0.002229716978035867,0.00010730908252298832,21.6189484129427,nan,2482165.0,256.0,294.0,True
5,5,2347495212146573507,RSA-2048,0.02751826902385801,0.0014096200466156006,0.0001510790316388011,21.69870616600383,nan,2482164.0,256.0,294.0,True
5,5,15947577601313997634,RSA-2048,0.04536119499243796,0.00104193901643157,0.00011671008542180061,10.250130678061396,nan,2482165.0,256.0,294.0,True
5,6,2347495212146573507,RSA-2048,0.0587882170220837,0.0025588810676708817,0.00011551205534487963,20.82709309202619,nan,2482164.0,256.0,294.0,True
5,6,13564449561327597448,RSA-2048,0.0310066279489547,0.0022903369972482324,0.00010309694334864616,21.158757776021957,nan,2482165.0,256.0,294.0,True
5,6,10762258221194148184,RSA-2048,0.025226957048289478,0.0010561109520494938,0.00011130794882774353,21.30418312503025,nan,2482165.0,256.0,294.0,True
5,6,16136726311681828694,RSA-2048,0.06393349100835621,0.0012847199104726315,0.000109856016933918,21.26355283195153,nan,2482165.0,256.0,294.0,True
5,6,15947577601313997634,RSA-2048,0.07097633893135935,0.0010725969914346933,0.00010124396067112684,10.387595784966834,nan,2482165.0,256.0,294.0,True
5,7,10762258221194148184,RSA-2048,0.2412381760077551,0.002530486905016005,0.00010544003453105688,21.209595346008427,nan,2482165.0,256.0,294.0,True
5,7,16136726311681828694,RSA-2048,0.11316823703236878,0.002293035970069468,0.00011048605665564537,21.420671515050344,nan,2482165.0,256.0,294.0,True
5,7,2347495212146573507,RSA-2048,0.07009294000454247,0.0010492430301383138,0.00012114609126001596,21.671479590935633,nan,2482164.0,256.0,294.0,True
5,7,13564449561327597448,RSA-2048,0.0925440569408238,0.0010701969731599092,0.0001076400512829423,21.631047300994396,nan,2482165.0,256.0,294.0,True
5,7,15947577601313997634,RSA-2048,0.030889910995028913,0.0010306700132787228,0.00010865996591746807,10.272888573003002,nan,2482165.0,256.0,294.0,True
5,8,2347495212146573507,RSA-2048,0.08284783503040671,0.0022883989149704576,0.0001530810259282589,21.307748456019908,nan,2482164.0,256.0,294.0,True
5,8,16136726311681828694,RSA-2048,0.050581834046170115,0.0011100949486717582,0.0001287099439650774,21.4216090249829,nan,2482165.0,256.0,294.0,True
5,8,10762258221194148184,RSA-2048,0.03961948805954307,0.0011290849652141333,0.00011331401765346527,21.424587505985983,nan,2482165.0,256.0,294.0,True
5,8,13564449561327597448,RSA-2048,0.08865857194177806,0.0010617900406941772,0.00011592498049139977,21.408975654980168,nan,2482165.0,256.0,294.0,True
5,8,15947577601313997634,RSA-2048,0.042233506916090846,0.0010289059719070792,0.00010789197403937578,10.444732778938487,nan,2482165.0,256.0,294.0,True
5,9,2347495212146573507,RSA-2048,0.028871527058072388,0.00231699098367244,0.00010433595161885023,21.402856578002684,nan,2482164.0,256.0,294.0,True
5,9,16136726311681828694,RSA-2048,0.12281719397287816,0.001230717054568231,0.0001179249957203865,21.384982755989768,nan,2482165.0,256.0,294.0,True
5,9,13564449561327597448,RSA-2048,0.047209993936121464,0.002052229014225304,0.00010432093404233456,21.5441239210777,nan,2482165.0,256.0,294.0,True
5,9,10762258221194148184,RSA-2048,0.08801891305483878,0.001044183038175106,0.00010674900840967894,21.598852342925966,nan,2482165.0,256.0,294.0,True
5,9,15947577601313997634,RSA-2048,0.07689234602730721,0.0010439340258017182,0.0001084660179913044,10.36983475391753,nan,2482165.0,256.0,294.0,True
5,10,2347495212146573507,RSA-2048,0.02081128302961588,0.0012390370247885585,0.00010692502837628126,21.229556740028784,nan,2482164.0,256.0,294.0,True
5,10,16136726311681828694,RSA-2048,0.08445748209487647,0.0011927620507776737,0.00010573503095656633,21.11058153200429,nan,2482165.0,256.0,294.0,True
5,10,10762258221194148184,RSA-2048,0.054183606058359146,0.0012331820325925946,0.00010648102033883333,21.258317004074343,nan,2482165.0,256.0,294.0,True
5,10,13564449561327597448,RSA-2048,0.06959018402267247,0.0010541239753365517,0.00013228890020400286,21.344917409936897,nan,2482165.0,256.0,294.0,True
5,10,15947577601313997634,RSA-2048,0.03357293305452913,0.0010613530175760388,0.00010282197035849094,10.490790533949621,nan,2482165.0,256.0,294.0,True
5,11,13564449561327597448,RSA-2048,0.08846789097879082,0.0022714229999110103,0.00010468496475368738,21.36839171196334,nan,2482165.0,256.0,294.0,True
5,11,16136726311681828694,RSA-2048,0.026910352054983377,0.003032956039533019,0.00010273396037518978,21.70216059393715,nan,2482165.0,256.0,294.0,True
5,11,2347495212146573507,RSA-2048,0.1187901389785111,0.0022513580042868853,0.0001262070145457983,21.492048911983147,nan,2482164.0,256.0,294.0,True
5,11,10762258221194148184,RSA-2048,0.10058581095654517,0.001049489015713334,0.000129436026327312,21.698286722996272,nan,2482165.0,256.0,294.0,True
5,11,15947577601313997634,RSA-2048,0.08582586701959372,0.0010848570382222533,0.00014052004553377628,10.444716057972983,nan,2482165.0,256.0,294.0,True
5,12,2347495212146573507,RSA-2048,0.11006803391501307,0.0022574879694730043,0.0001021090429276228,20.707944777910598,nan,2482164.0,256.0,294.0,True
5,12,16136726311681828694,RSA-2048,0.028273763018660247,0.0012432229705154896,0.00010717404074966908,20.965588968945667,nan,2482165.0,256.0,294.0,True
5,12,13564449561327597448,RSA-2048,0.02681468497030437,0.001066106022335589,0.00010899698827415705,21.046396226040088,nan,2482165.0,256.0,294.0,True
5,12,10762258221194148184,RSA-2048,0.05212272808421403,0.0010646639857441187,0.00010323093738406897,21.074588145012967,nan,2482165.0,256.0,294.0,True
5,12,15947577601313997634,RSA-2048,0.05966696806717664,0.0010607329895719886,0.00010006909724324942,10.350999381043948,nan,2482165.0,256.0,294.0,True
5,13,13564449561327597448,RSA-2048,0.06288193201180547,0.0012002740986645222,0.00010668300092220306,21.03847129899077,nan,2482165.0,256.0,294.0,True
5,13,10762258221194148184,RSA-2048,0.08795041695702821,0.0011089399922639132,0.00011060701217502356,21.348966964054853,nan,2482165.0,256.0,294.0,True
5,13,16136726311681828694,RSA-2048,0.05000821710564196,0.0020801880164071918,0.00010689499322324991,21.147244530031458,nan,2482165.0,256.0,294.0,True
5,13,2347495212146573507,RSA-2048,0.030980063951574266,0.0010528810089454055,0.00010291591752320528,21.214136866037734,nan,2482164.0,256.0,294.0,True
5,13,15947577601313997634,RSA-2048,0.03125071700196713,0.0010223040590062737,0.00012152991257607937,10.586436338024214,nan,2482165.0,256.0,294.0,True
5,14,2347495212146573507,RSA-2048,0.0370664430083707,0.001184564083814621,0.00010484398808330297,21.265103176003322,nan,2482164.0,256.0,294.0,True
5,14,13564449561327597448,RSA-2048,0.0413142069010064,0.0018640479538589716,0.00010801898315548897,21.282002494088374,nan,2482165.0,256.0,294.0,True
5,14,16136726311681828694,RSA-2048,0.04995112703181803,0.001076197950169444,0.00010897801257669926,21.34981839801185,nan,2482165.0,256.0,294.0,True
5,14,10762258221194148184,RSA-2048,0.1527691410155967,0.0010733680101111531,0.00010945892427116632,21.262014243984595,nan,2482165.0,256.0,294.0,True
5,14,15947577601313997634,RSA-2048,0.07229544804431498,0.0010694980155676603,0.00011365395039319992,10.409517784952186,nan,2482165.0,256.0,294.0,True
5,15,10762258221194148184,RSA-2048,0.040186946047469974,0.0011558129917830229,0.00010993692558258772,21.414806405082345,nan,2482165.0,256.0,294.0,True
5,15,16136726311681828694,RSA-2048,0.01685772102791816,0.0012081899913027883,0.00010979105718433857,21.55854417104274,nan,2482165.0,256.0,294.0,True
5,15,13564449561327597448,RSA-2048,0.02226732298731804,0.002011731965467334,0.0001082870876416564,21.55643301992677,nan,2482165.0,256.0,294.0,True
5,15,2347495212146573507,RSA-2048,0.061460419092327356,0.001075156033039093,0.00012524693738669157,21.620487637002952,nan,2482164.0,256.0,294.0,True
5,15,15947577601313997634,RSA-2048,0.0460129251005128,0.001040218980051577,0.0001080899965018034,10.26813855196815,nan,2482165.0,256.0,294.0,True
5,16,16136726311681828694,RSA-2048,0.04061882197856903,0.0011606919579207897,0.00010279403068125248,21.116297672037035,nan,2482165.0,256.0,294.0,True
5,16,2347495212146573507,RSA-2048,0.022479170933365822,0.001139389001764357,0.0001142109977081418,21.264850897016004,nan,2482164.0,256.0,294.0,True
5,16,10762258221194148184,RSA-2048,0.2237885909853503,0.0022580840159207582,0.00010726903565227985,21.099411090952344,nan,2482165.0,256.0,294.0,True
5,16,13564449561327597448,RSA-2048,0.024024627986364067,0.0010562778916209936,0.00010088703129440546,21.50140669301618,nan,2482165.0,256.0,294.0,True
5,16,15947577601313997634,RSA-2048,0.18595325597561896,0.001032773987390101,0.00011316593736410141,10.391003591939807,nan,2482165.0,256.0,294.0,True
5,17,16136726311681828694,RSA-2048,0.013686222955584526,0.0011702330084517598,0.00012945698108524084,21.194253557012416,nan,2482165.0,256.0,294.0,True
5,17,10762258221194148184,RSA-2048,0.04667151893954724,0.0020919759990647435,0.00013124209363013506,21.126588035956956,nan,2482165.0,256.0,294.0,True
5,17,13564449561327597448,RSA-2048,0.019037759979255497,0.0010760469594970345,0.0001096170162782073,21.22069033398293,nan,2482165.0,256.0,294.0,True
5,17,2347495212146573507,RSA-2048,0.02889775892253965,0.0011327581014484167,0.00010941200889647007,21.286424973979592,nan,2482164.0,256.0,294.0,True
5,17,15947577601313997634,RSA-2048,0.04579727002419531,0.0010254239896312356,0.00010237807873636484,10.390068761073053,nan,2482165.0,256.0,294.0,True
5,18,10762258221194148184,RSA-2048,0.020687426906079054,0.0012343809939920902,0.00010264699812978506,21.085822977940552,nan,2482165.0,256.0,294.0,True
5,18,13564449561327597448,RSA-2048,0.028710695100016892,0.001954626990482211,0.00010741199366748333,21.236860646051355,nan,2482165.0,256.0,294.0,True
5,18,2347495212146573507,RSA-2048,0.10482303507160395,0.0012623589718714356,0.00010871398262679577,21.229226464987732,nan,2482164.0,256.0,294.0,True
5,18,16136726311681828694,RSA-2048,0.17741272307466716,0.001071830978617072,0.00010020495392382145,21.384630195912905,nan,2482165.0,256.0,294.0,True
5,18,15947577601313997634,RSA-2048,0.07323636999353766,0.0010741910664364696,0.0001380279427394271,10.239540442009456,nan,2482165.0,256.0,294.0,True
5,19,10762258221194148184,RSA-2048,0.07285221596248448,0.002232384984381497,0.00010708894114941359,21.290860894951038,nan,2482165.0,256.0,294.0,True
5,19,2347495212146573507,RSA-2048,0.07067051401827484,0.0012028859928250313,0.00011053495109081268,21.38993057690095,nan,2482164.0,256.0,294.0,True
5,19,16136726311681828694,RSA-2048,0.0692272970918566,0.0012457170523703098,0.00011282390914857388,21.556585051002912,nan,2482165.0,256.0,294.0,True
5,19,13564449561327597448,RSA-2048,0.06648789695464075,0.0010630629258230329,0.00010379205923527479,21.643209734000266,nan,2482165.0,256.0,294.0,True
5,19,15947577601313997634,RSA-2048,0.05038818495813757,0.0010447599925100803,0.00010631408076733351,10.38758064294234,nan,2482165.0,256.0,294.0,True
5,20,13564449561327597448,RSA-2048,0.05703005602117628,0.006137586897239089,0.00010203802958130836,21.692485976964235,nan,2482165.0,256.0,294.0,True
5,20,16136726311681828694,RSA-2048,0.041362830088473856,0.001243902021087706,0.00010067201219499111,21.847224298049696,nan,2482165.0,256.0,294.0,True
5,20,2347495212146573507,RSA-2048,0.1349567100405693,0.001063189934939146,0.00013116700574755669,21.883322081994265,nan,2482164.0,256.0,294.0,True
5,20,10762258221194148184,RSA-2048,0.06434682593680918,0.0010746580082923174,0.00010806100908666849,22.034896942903288,nan,2482165.0,256.0,294.0,True
5,20,15947577601313997634,RSA-2048,0.03887687507085502,0.00107974698767066,0.00010139297228306532,10.596285414067097,nan,2482165.0,256.0,294.0,True
5,21,13564449561327597448,RSA-2048,0.09262682602275163,0.001385840936563909,0.00010182894766330719,21.203139172983356,nan,2482165.0,256.0,294.0,True
5,21,10762258221194148184,RSA-2048,0.07233323494438082,0.0010838600574061275,0.00010945508256554604,21.66713743796572,nan,2482165.0,256.0,294.0,True
5,21,2347495212146573507,RSA-2048,0.058074877015314996,0.00110201898496598,0.00010712305083870888,21.694075171020813,nan,2482164.0,256.0,294.0,True
5,21,16136726311681828694,RSA-2048,0.07945664203725755,0.0011123960139229894,0.00010505598038434982,21.720205567078665,nan,2482165.0,256.0,294.0,True
5,21,15947577601313997634,RSA-2048,0.07426218199543655,0.0010652790078893304,0.00011378002818673849,10.52750611200463,nan,2482165.0,256.0,294.0,True
5,22,10762258221194148184,RSA-2048,0.0649701920337975,0.0018554970156401396,0.0001353180268779397,21.49336195795331,nan,2482165.0,256.0,294.0,True
5,22,13564449561327597448,RSA-2048,0.05970059905666858,0.0011543669970706105,0.00012722297105938196,21.64822650293354,nan,2482165.0,256.0,294.0,True
5,22,2347495212146573507,RSA-2048,0.12545041693374515,0.002283653011545539,0.00010735506657510996,21.634508762974292,nan,2482164.0,256.0,294.0,True
5,22,16136726311681828694,RSA-2048,0.022548482986167073,0.0010619080858305097,9.954196866601706e-05,21.90225774201099,nan,2482165.0,256.0,294.0,True
5,22,15947577601313997634,RSA-2048,0.04010654496960342,0.0010496220784261823,0.00011178397107869387,10.660315728979185,nan,2482165.0,256.0,294.0,True
5,23,13564449561327597448,RSA-2048,0.0930210059741512,0.002173344953916967,0.00010724400635808706,21.52084304089658,nan,2482165.0,256.0,294.0,True
5,23,16136726311681828694,RSA-2048,0.051412682980298996,0.0011973419459536672,0.0001063529634848237,21.625932685099542,nan,2482165.0,256.0,294.0,True
5,23,10762258221194148184,RSA-2048,0.02100202499423176,0.0014197679702192545,9.874894749373198e-05,21.90456177899614,nan,2482165.0,256.0,294.0,True
5,23,2347495212146573507,RSA-2048,0.05635700304992497,0.0012092409888282418,9.96290473267436e-05,21.75275730190333,nan,2482164.0,256.0,294.0,True
5,23,15947577601313997634,RSA-2048,0.03830288304015994,0.0011776820756495,0.00010762002784758806,10.314922071993351,nan,2482165.0,256.0,294.0,True
5,24,16136726311681828694,RSA-2048,0.05592324596364051,0.0012420419370755553,0.00011195603292435408,21.51319011603482,nan,2482165.0,256.0,294.0,True
5,24,13564449561327597448,RSA-2048,0.07276107091456652,0.0020912049803882837,0.00010804692283272743,21.62146070296876,nan,2482165.0,256.0,294.0,True
5,24,2347495212146573507,RSA-2048,0.042266051983460784,0.0011783549562096596,0.00010532594751566648,21.764374061953276,nan,2482164.0,256.0,294.0,True
5,24,10762258221194148184,RSA-2048,0.10704292892478406,0.0010369830997660756,0.00010208203457295895,21.85405116993934,nan,2482165.0,256.0,294.0,True
5,24,15947577601313997634,RSA-2048,0.05199638300109655,0.0010272880317643285,0.00011089595500379801,10.446821002988145,nan,2482165.0,256.0,294.0,True
5,25,13564449561327597448,RSA-2048,0.06150115199852735,0.0024579649325460196,0.00011874793563038111,21.232532897032797,nan,2482165.0,256.0,294.0,True
5,25,16136726311681828694,RSA-2048,0.037791234091855586,0.001124208909459412,0.00010466994717717171,21.498657090007327,nan,2482165.0,256.0,294.0,True
5,25,10762258221194148184,RSA-2048,0.14300878101494163,0.0019428939558565617,0.00011761998757719994,21.446169407921843,nan,2482165.0,256.0,294.0,True
5,25,2347495212146573507,RSA-2048,0.09636263095308095,0.0018562809564173222,0.00010791700333356857,21.497706235968508,nan,2482164.0,256.0,294.0,True
5,25,15947577601313997634,RSA-2048,0.019287597970105708,0.001035626046359539,0.00010641210246831179,10.564286493929103,nan,2482165.0,256.0,294.0,True
5,26,13564449561327597448,RSA-2048,0.04802861297503114,0.0016270949272438884,0.00010652304627001286,20.929037829046138,nan,2482165.0,256.0,294.0,True
5,26,2347495212146573507,RSA-2048,0.12231744197197258,0.0024062080774456263,0.00011351192370057106,21.029332729056478,nan,2482164.0,256.0,294.0,True
5,26,16136726311681828694,RSA-2048,0.02179127698764205,0.0011611529625952244,0.00011586700566112995,21.254089273978025,nan,2482165.0,256.0,294.0,True
5,26,10762258221194148184,RSA-2048,0.06443643302191049,0.0011371240252628922,0.00010945100802928209,21.329982650931925,nan,2482165.0,256.0,294.0,True
5,26,15947577601313997634,RSA-2048,0.029682193067856133,0.00106625200714916,0.0001256719697266817,10.313215826987289,nan,2482165.0,256.0,294.0,True
5,27,16136726311681828694,RSA-2048,0.026733945007435977,0.0012578460155054927,0.00011058105155825615,21.294541031005792,nan,2482165.0,256.0,294.0,True
5,27,13564449561327597448,RSA-2048,0.04181440395768732,0.002081468002870679,0.00011252495460212231,21.291246309992857,nan,2482165.0,256.0,294.0,True
5,27,10762258221194148184,RSA-2048,0.04506796202622354,0.00117959501221776,0.0001087849959731102,21.45022975304164,nan,2482165.0,256.0,294.0,True
5,27,2347495212146573507,RSA-2048,0.06648985401261598,0.0011527339229360223,0.00010771898087114096,21.390529042924754,nan,2482164.0,256.0,294.0,True
5,27,15947577601313997634,RSA-2048,0.031059580971486866,0.0010413270210847259,0.00011533801443874836,10.29640204505995,nan,2482165.0,256.0,294.0,True
5,28,13564449561327597448,RSA-2048,0.04949450399726629,0.0022403670009225607,0.00011110398918390274,21.341140298056416,nan,2482165.0,256.0,294.0,True
5,28,2347495212146573507,RSA-2048,0.030624400009401143,0.0022326670587062836,0.00010543700773268938,21.570737552945502,nan,2482164.0,256.0,294.0,True
5,28,16136726311681828694,RSA-2048,0.03698235808406025,0.0011813490418717265,0.00010845600627362728,21.651046270970255,nan,2482165.0,256.0,294.0,True
5,28,10762258221194148184,RSA-2048,0.031463798019103706,0.0010641160188242793,0.00014218594878911972,21.789211992989294,nan,2482165.0,256.0,294.0,True
5,28,15947577601313997634,RSA-2048,0.03702970303129405,0.0010424020001664758,0.0001106850104406476,10.61359528300818,nan,2482165.0,256.0,294.0,True
5,29,16136726311681828694,RSA-2048,0.02194977190811187,0.002205111086368561,0.00011193391401320696,21.360343343927525,nan,2482165.0,256.0,294.0,True
5,29,2347495212146573507,RSA-2048,0.07951697998214513,0.001142732915468514,0.00010101997759193182,21.5188294230029,nan,2482164.0,256.0,294.0,True
5,29,10762258221194148184,RSA-2048,0.09435153298545629,0.002190107014030218,0.00010379194281995296,21.504609796917066,nan,2482165.0,256.0,294.0,True
5,29,13564449561327597448,RSA-2048,0.06207923707552254,0.0011381770018488169,0.00010689906775951385,21.600244377972558,nan,2482165.0,256.0,294.0,True
5,29,15947577601313997634,RSA-2048,0.02696495794225484,0.0011157579720020294,0.00010087306145578623,10.27274344698526,nan,2482165.0,256.0,294.0,True
5,30,13564449561327597448,RSA-2048,0.035489354049786925,0.0011891239555552602,0.00012748606968671083,21.043384554912336,nan,2482165.0,256.0,294.0,True
5,30,16136726311681828694,RSA-2048,0.019351260038092732,0.0011000540107488632,0.00010843295603990555,21.48850446101278,nan,2482165.0,256.0,294.0,True
5,30,10762258221194148184,RSA-2048,0.0784503179602325,0.0010858180467039347,0.00010433304123580456,21.453762487042695,nan,2482165.0,256.0,294.0,True
5,30,2347495212146573507,RSA-2048,0.06964853405952454,0.0010433290153741837,0.00010821700561791658,21.483591380063444,nan,2482164.0,256.0,294.0,True
5,30,15947577601313997634,RSA-2048,0.05417477595619857,0.001036479021422565,0.00010352209210395813,10.415916922967881,nan,2482165.0,256.0,294.0,True
