2026-07-25T17:12:24  CPU governor (cpu0): performance
2026-07-25T17:12:24  run 1: scheme order = ['ML-DSA-65', 'SPHINCS+-SHA2-128s-simple', 'Falcon-padded-512', 'ML-DSA-87', 'ECDSA-256', 'ML-DSA-44', 'RSA-2048', 'no_signature']
2026-07-25T17:12:24  [1/40] starting ML-DSA-65 run 1

============================================================
  ML-DSA-65  —  run 1/5
============================================================
  [11s] still running...
  [24s] still running...
  [36s] still running...
  [47s] still running...
  [60s] still running...
  [72s] still running...
  [84s] still running...
  [96s] still running...
  [109s] still running...
  [120s] still running...
  [132s] still running...
  [144s] still running...
  [156s] still running...
  [168s] still running...
  [180s] still running...
  [192s] still running...
  [204s] still running...
  [216s] still running...
  [229s] still running...
  [240s] still running...
  [252s] still running...
  [264s] still running...
  [276s] still running...
  [288s] still running...
  [300s] still running...
  [313s] still running...
  [324s] still running...
  [336s] still running...
  [349s] still running...
  [360s] still running...
  [373s] still running...
  [385s] still running...
  [397s] still running...
  [408s] still running...
  [421s] still running...
  [433s] still running...
  [445s] still running...
  [457s] still running...
  [470s] still running...
  [481s] still running...
  [494s] still running...
  [506s] still running...
  [518s] still running...
  [529s] still running...
  [542s] still running...
  [554s] still running...
  [566s] still running...
  [578s] still running...
  [591s] still running...
  [602s] still running...
  [614s] still running...
  [627s] still running...
  [638s] still running...
  [650s] still running...
  [662s] still running...
  [674s] still running...
  [686s] still running...
  [698s] still running...
  [711s] still running...
  [722s] still running...
  [734s] still running...
  [747s] still running...
  [758s] still running...
  [770s] still running...
  [782s] still running...
  [794s] still running...
  [806s] still running...
  [818s] still running...
  [830s] still running...
  [842s] still running...
  [854s] still running...
  [867s] still running...
  [878s] still running...
  [890s] still running...
  [902s] still running...
  [914s] still running...
  [925s] still running...
  [938s] still running...
  [950s] still running...
  [962s] still running...
  [974s] still running...
  [987s] still running...
  [998s] still running...
  [1010s] still running...
  [1022s] still running...
  [1034s] still running...
  [1045s] still running...
  [1058s] still running...
  [1070s] still running...
  [1081s] still running...
  [1094s] still running...
  [1106s] still running...
  [1118s] still running...
  [1129s] still running...
  [1142s] still running...
  [1154s] still running...
  [1165s] still running...
  [1177s] still running...
  [1190s] still running...
  [1201s] still running...
2026-07-25T17:32:44  ML-DSA-65 run 1: run_id=8810255975968561900 -> completed
  CSV rows: 150  (expected ≤ 150)
2026-07-25T17:32:59  [2/40] starting SPHINCS+-SHA2-128s-simple run 1

============================================================
  SPHINCS+-SHA2-128s-simple  —  run 1/5
============================================================
  [11s] still running...
  [23s] still running...
  [36s] still running...
  [47s] still running...
  [59s] still running...
  [72s] still running...
  [83s] still running...
  [95s] still running...
  [108s] still running...
  [119s] still running...
  [131s] still running...
  [143s] still running...
  [155s] still running...
  [167s] still running...
  [179s] still running...
  [191s] still running...
  [203s] still running...
  [215s] still running...
  [227s] still running...
  [239s] still running...
  [250s] still running...
  [263s] still running...
  [275s] still running...
  [286s] still running...
  [299s] still running...
  [311s] still running...
  [322s] still running...
  [335s] still running...
  [347s] still running...
  [359s] still running...
  [370s] still running...
  [383s] still running...
  [394s] still running...
  [406s] still running...
  [418s] still running...
  [431s] still running...
  [442s] still running...
  [454s] still running...
  [467s] still running...
  [478s] still running...
  [489s] still running...
  [502s] still running...
  [514s] still running...
  [525s] still running...
  [538s] still running...
  [550s] still running...
  [561s] still running...
  [574s] still running...
  [586s] still running...
  [598s] still running...
  [609s] still running...
  [622s] still running...
  [633s] still running...
  [645s] still running...
  [657s] still running...
  [669s] still running...
  [681s] still running...
  [693s] still running...
  [706s] still running...
  [717s] still running...
  [729s] still running...
  [742s] still running...
  [753s] still running...
  [765s] still running...
  [777s] still running...
  [789s] still running...
  [801s] still running...
  [813s] still running...
  [826s] still running...
  [837s] still running...
  [849s] still running...
  [862s] still running...
  [873s] still running...
  [885s] still running...
  [897s] still running...
  [909s] still running...
  [921s] still running...
  [933s] still running...
  [946s] still running...
  [957s] still running...
  [969s] still running...
  [982s] still running...
  [993s] still running...
  [1005s] still running...
  [1017s] still running...
  [1030s] still running...
  [1041s] still running...
  [1054s] still running...
  [1066s] still running...
  [1077s] still running...
  [1090s] still running...
  [1102s] still running...
  [1114s] still running...
  [1125s] still running...
  [1137s] still running...
  [1150s] still running...
  [1161s] still running...
  [1174s] still running...
  [1186s] still running...
  [1198s] still running...
  [1209s] still running...
2026-07-25T17:53:26  SPHINCS+-SHA2-128s-simple run 1: run_id=10576417491382071088 -> completed
  CSV rows: 150  (expected ≤ 150)
2026-07-25T17:53:41  [3/40] starting Falcon-padded-512 run 1

============================================================
  Falcon-padded-512  —  run 1/5
============================================================
  [11s] still running...
  [23s] still running...
  [36s] still running...
  [47s] still running...
  [60s] still running...
  [72s] still running...
  [83s] still running...
  [96s] still running...
  [108s] still running...
  [119s] still running...
  [131s] still running...
  [143s] still running...
  [155s] still running...
  [166s] still running...
  [179s] still running...
  [191s] still running...
  [203s] still running...
  [215s] still running...
  [227s] still running...
  [239s] still running...
  [251s] still running...
  [263s] still running...
  [275s] still running...
  [287s] still running...
  [299s] still running...
  [311s] still running...
  [322s] still running...
  [334s] still running...
  [347s] still running...
  [358s] still running...
  [371s] still running...
  [383s] still running...
  [394s] still running...
  [407s] still running...
  [419s] still running...
  [431s] still running...
  [442s] still running...
  [455s] still running...
  [466s] still running...
  [478s] still running...
  [490s] still running...
  [502s] still running...
  [514s] still running...
  [526s] still running...
  [539s] still running...
  [550s] still running...
  [563s] still running...
  [575s] still running...
  [587s] still running...
  [598s] still running...
  [611s] still running...
  [623s] still running...
  [634s] still running...
  [646s] still running...
  [659s] still running...
  [670s] still running...
  [683s] still running...
  [695s] still running...
  [707s] still running...
  [718s] still running...
  [731s] still running...
  [742s] still running...
  [753s] still running...
  [766s] still running...
  [778s] still running...
  [790s] still running...
  [802s] still running...
  [814s] still running...
  [826s] still running...
  [838s] still running...
  [851s] still running...
  [862s] still running...
  [874s] still running...
  [886s] still running...
  [898s] still running...
  [909s] still running...
  [922s] still running...
  [934s] still running...
  [945s] still running...
  [958s] still running...
  [970s] still running...
  [982s] still running...
  [994s] still running...
  [1006s] still running...
  [1018s] still running...
  [1029s] still running...
  [1041s] still running...
  [1054s] still running...
  [1065s] still running...
  [1077s] still running...
  [1090s] still running...
  [1101s] still running...
  [1113s] still running...
  [1126s] still running...
  [1137s] still running...
  [1149s] still running...
  [1161s] still running...
  [1173s] still running...
  [1184s] still running...
2026-07-25T18:13:44  Falcon-padded-512 run 1: run_id=1598583342098911408 -> completed
  CSV rows: 150  (expected ≤ 150)
2026-07-25T18:13:59  [4/40] starting ML-DSA-87 run 1

============================================================
  ML-DSA-87  —  run 1/5
============================================================
  [11s] still running...
  [23s] still running...
  [36s] still running...
  [47s] still running...
  [59s] still running...
  [72s] still running...
  [83s] still running...
  [96s] still running...
  [108s] still running...
  [119s] still running...
  [131s] still running...
  [143s] still running...
  [155s] still running...
  [166s] still running...
  [179s] still running...
  [191s] still running...
  [202s] still running...
  [215s] still running...
  [227s] still running...
  [239s] still running...
  [251s] still running...
  [263s] still running...
  [275s] still running...
  [287s] still running...
  [299s] still running...
  [310s] still running...
  [322s] still running...
  [334s] still running...
  [347s] still running...
  [358s] still running...
  [370s] still running...
  [383s] still running...
  [394s] still running...
  [407s] still running...
  [419s] still running...
  [430s] still running...
  [442s] still running...
  [454s] still running...
  [466s] still running...
  [477s] still running...
  [489s] still running...
  [502s] still running...
  [513s] still running...
  [526s] still running...
  [538s] still running...
  [549s] still running...
  [562s] still running...
  [574s] still running...
  [585s] still running...
  [597s] still running...
  [609s] still running...
  [621s] still running...
  [633s] still running...
  [645s] still running...
  [658s] still running...
  [669s] still running...
  [681s] still running...
  [694s] still running...
  [705s] still running...
  [718s] still running...
  [730s] still running...
  [741s] still running...
  [753s] still running...
  [765s] still running...
  [777s] still running...
  [789s] still running...
  [801s] still running...
  [814s] still running...
  [825s] still running...
  [838s] still running...
  [850s] still running...
  [861s] still running...
  [874s] still running...
  [886s] still running...
  [897s] still running...
  [909s] still running...
  [921s] still running...
  [934s] still running...
  [945s] still running...
  [957s] still running...
  [970s] still running...
  [981s] still running...
  [994s] still running...
  [1006s] still running...
  [1017s] still running...
  [1029s] still running...
  [1041s] still running...
  [1053s] still running...
  [1064s] still running...
  [1077s] still running...
  [1089s] still running...
  [1100s] still running...
  [1113s] still running...
  [1125s] still running...
  [1137s] still running...
  [1149s] still running...
  [1161s] still running...
  [1173s] still running...
  [1184s] still running...
2026-07-25T18:34:02  ML-DSA-87 run 1: run_id=13192400724555979590 -> completed
  CSV rows: 150  (expected ≤ 150)
2026-07-25T18:34:17  [5/40] starting ECDSA-256 run 1

============================================================
  ECDSA-256  —  run 1/5
============================================================
  [11s] still running...
  [24s] still running...
  [36s] still running...
  [47s] still running...
  [59s] still running...
  [72s] still running...
  [83s] still running...
  [96s] still running...
  [108s] still running...
  [119s] still running...
  [132s] still running...
  [144s] still running...
  [156s] still running...
  [167s] still running...
  [179s] still running...
  [191s] still running...
  [203s] still running...
  [215s] still running...
  [227s] still running...
  [239s] still running...
  [251s] still running...
  [263s] still running...
  [275s] still running...
  [287s] still running...
  [299s] still running...
  [310s] still running...
  [322s] still running...
  [334s] still running...
  [347s] still running...
  [358s] still running...
  [370s] still running...
  [383s] still running...
  [394s] still running...
  [407s] still running...
  [419s] still running...
  [431s] still running...
  [442s] still running...
  [455s] still running...
  [466s] still running...
  [478s] still running...
  [490s] still running...
  [503s] still running...
  [514s] still running...
  [526s] still running...
  [539s] still running...
  [550s] still running...
  [562s] still running...
  [575s] still running...
  [586s] still running...
  [598s] still running...
  [610s] still running...
  [622s] still running...
  [634s] still running...
  [646s] still running...
  [658s] still running...
  [670s] still running...
  [682s] still running...
  [694s] still running...
  [706s] still running...
  [718s] still running...
  [731s] still running...
  [742s] still running...
  [753s] still running...
  [766s] still running...
  [778s] still running...
  [790s] still running...
  [802s] still running...
  [814s] still running...
  [826s] still running...
  [838s] still running...
  [850s] still running...
  [862s] still running...
  [874s] still running...
  [887s] still running...
  [898s] still running...
  [910s] still running...
  [922s] still running...
  [934s] still running...
  [946s] still running...
  [958s] still running...
  [970s] still running...
  [982s] still running...
  [994s] still running...
  [1007s] still running...
  [1018s] still running...
  [1030s] still running...
  [1043s] still running...
  [1054s] still running...
  [1066s] still running...
  [1078s] still running...
  [1091s] still running...
  [1102s] still running...
  [1114s] still running...
  [1127s] still running...
  [1138s] still running...
  [1151s] still running...
  [1163s] still running...
  [1174s] still running...
  [1186s] still running...
2026-07-25T18:54:21  ECDSA-256 run 1: run_id=6110444312950753807 -> completed
  CSV rows: 150  (expected ≤ 150)
2026-07-25T18:54:36  [6/40] starting ML-DSA-44 run 1

============================================================
  ML-DSA-44  —  run 1/5
============================================================
  [11s] still running...
  [23s] still running...
  [36s] still running...
  [47s] still running...
  [60s] still running...
  [72s] still running...
  [83s] still running...
  [96s] still running...
  [108s] still running...
  [120s] still running...
  [131s] still running...
  [144s] still running...
  [156s] still running...
  [167s] still running...
  [179s] still running...
  [192s] still running...
  [203s] still running...
  [216s] still running...
  [228s] still running...
  [239s] still running...
  [251s] still running...
  [264s] still running...
  [275s] still running...
  [287s] still running...
  [299s] still running...
  [311s] still running...
  [323s] still running...
  [335s] still running...
  [348s] still running...
  [359s] still running...
  [371s] still running...
  [384s] still running...
  [395s] still running...
  [407s] still running...
  [419s] still running...
  [431s] still running...
  [442s] still running...
  [455s] still running...
  [467s] still running...
  [479s] still running...
  [491s] still running...
  [503s] still running...
  [515s] still running...
  [526s] still running...
  [539s] still running...
  [550s] still running...
  [562s] still running...
  [574s] still running...
  [586s] still running...
  [598s] still running...
  [610s] still running...
  [623s] still running...
  [634s] still running...
  [646s] still running...
  [659s] still running...
  [670s] still running...
  [682s] still running...
  [694s] still running...
  [706s] still running...
  [718s] still running...
  [730s] still running...
  [742s] still running...
  [754s] still running...
  [766s] still running...
  [779s] still running...
  [790s] still running...
  [802s] still running...
  [814s] still running...
  [825s] still running...
  [837s] still running...
  [849s] still running...
  [862s] still running...
  [873s] still running...
  [885s] still running...
  [898s] still running...
  [909s] still running...
  [921s] still running...
  [934s] still running...
  [945s] still running...
  [957s] still running...
  [969s] still running...
  [981s] still running...
  [993s] still running...
  [1005s] still running...
  [1017s] still running...
  [1029s] still running...
  [1041s] still running...
  [1054s] still running...
  [1065s] still running...
  [1077s] still running...
  [1090s] still running...
  [1101s] still running...
  [1113s] still running...
  [1125s] still running...
  [1137s] still running...
  [1149s] still running...
  [1161s] still running...
  [1174s] still running...
  [1185s] still running...
  [1196s] still running...
2026-07-25T19:14:51  ML-DSA-44 run 1: run_id=3335836898265656940 -> completed
  CSV rows: 150  (expected ≤ 150)
2026-07-25T19:15:06  [7/40] starting RSA-2048 run 1

============================================================
  RSA-2048  —  run 1/5
============================================================
  [11s] still running...
  [23s] still running...
  [36s] still running...
  [47s] still running...
  [60s] still running...
  [73s] still running...
  [84s] still running...
  [96s] still running...
  [109s] still running...
  [120s] still running...
  [132s] still running...
  [144s] still running...
  [157s] still running...
  [168s] still running...
  [180s] still running...
  [193s] still running...
  [204s] still running...
  [216s] still running...
  [229s] still running...
  [240s] still running...
  [252s] still running...
  [264s] still running...
  [276s] still running...
  [287s] still running...
  [300s] still running...
  [312s] still running...
  [323s] still running...
  [336s] still running...
  [348s] still running...
  [360s] still running...
  [371s] still running...
  [384s] still running...
  [396s] still running...
  [407s] still running...
  [420s] still running...
  [432s] still running...
  [443s] still running...
  [456s] still running...
  [468s] still running...
  [480s] still running...
  [491s] still running...
  [503s] still running...
  [515s] still running...
  [527s] still running...
  [539s] still running...
  [551s] still running...
  [563s] still running...
  [575s] still running...
  [588s] still running...
  [599s] still running...
  [611s] still running...
  [624s] still running...
  [635s] still running...
  [647s] still running...
  [659s] still running...
  [671s] still running...
  [683s] still running...
  [695s] still running...
  [708s] still running...
  [719s] still running...
  [732s] still running...
  [744s] still running...
  [755s] still running...
  [767s] still running...
  [779s] still running...
  [791s] still running...
  [803s] still running...
  [815s] still running...
  [828s] still running...
  [839s] still running...
  [852s] still running...
  [864s] still running...
  [875s] still running...
  [887s] still running...
  [899s] still running...
  [911s] still running...
  [923s] still running...
  [935s] still running...
  [948s] still running...
  [959s] still running...
  [972s] still running...
  [984s] still running...
  [995s] still running...
  [1007s] still running...
  [1019s] still running...
  [1031s] still running...
  [1043s] still running...
  [1055s] still running...
  [1068s] still running...
  [1079s] still running...
  [1091s] still running...
  [1104s] still running...
  [1115s] still running...
  [1127s] still running...
  [1139s] still running...
  [1151s] still running...
  [1162s] still running...
  [1174s] still running...
  [1187s] still running...
  [1198s] still running...
2026-07-25T19:35:22  RSA-2048 run 1: run_id=11071119163393792969 -> completed
  CSV rows: 150  (expected ≤ 150)
2026-07-25T19:35:37  [8/40] starting no_signature run 1

============================================================
  no_signature  —  run 1/5
============================================================
  [11s] still running...
  [23s] still running...
  [35s] still running...
  [47s] still running...
  [59s] still running...
  [72s] still running...
  [83s] still running...
  [95s] still running...
  [108s] still running...
  [119s] still running...
  [131s] still running...
  [143s] still running...
  [155s] still running...
  [166s] still running...
  [178s] still running...
  [191s] still running...
  [202s] still running...
  [215s] still running...
  [227s] still running...
  [238s] still running...
  [251s] still running...
  [263s] still running...
  [275s] still running...
  [287s] still running...
  [299s] still running...
  [311s] still running...
  [322s] still running...
  [335s] still running...
  [347s] still running...
  [359s] still running...
  [371s] still running...
  [383s] still running...
  [395s] still running...
  [406s] still running...
  [419s] still running...
  [431s] still running...
  [442s] still running...
  [454s] still running...
  [467s] still running...
  [478s] still running...
  [490s] still running...
  [503s] still running...
  [514s] still running...
  [526s] still running...
  [539s] still running...
  [550s] still running...
  [561s] still running...
  [574s] still running...
  [586s] still running...
  [598s] still running...
  [610s] still running...
  [622s] still running...
  [634s] still running...
  [646s] still running...
  [659s] still running...
  [670s] still running...
  [682s] still running...
  [694s] still running...
  [706s] still running...
  [718s] still running...
  [730s] still running...
  [743s] still running...
  [754s] still running...
  [767s] still running...
  [779s] still running...
  [790s] still running...
  [802s] still running...
  [814s] still running...
  [826s] still running...
  [837s] still running...
  [850s] still running...
  [862s] still running...
  [874s] still running...
  [886s] still running...
  [898s] still running...
  [910s] still running...
  [922s] still running...
  [934s] still running...
  [946s] still running...
  [957s] still running...
  [970s] still running...
  [982s] still running...
  [993s] still running...
  [1006s] still running...
  [1018s] still running...
  [1030s] still running...
  [1042s] still running...
  [1054s] still running...
  [1066s] still running...
  [1077s] still running...
  [1090s] still running...
  [1102s] still running...
  [1113s] still running...
  [1125s] still running...
  [1138s] still running...
  [1149s] still running...
  [1162s] still running...
  [1174s] still running...
  [1185s] still running...
  [1197s] still running...
2026-07-25T19:55:53  no_signature run 1: run_id=1096715741520291446 -> completed
  CSV rows: 150  (expected ≤ 150)
2026-07-25T19:56:08  run 2: scheme order = ['ML-DSA-87', 'no_signature', 'Falcon-padded-512', 'ML-DSA-65', 'SPHINCS+-SHA2-128s-simple', 'ECDSA-256', 'ML-DSA-44', 'RSA-2048']
2026-07-25T19:56:08  [9/40] starting ML-DSA-87 run 2

============================================================
  ML-DSA-87  —  run 2/5
============================================================
  [11s] still running...
  [23s] still running...
  [36s] still running...
  [47s] still running...
  [60s] still running...
  [72s] still running...
  [84s] still running...
  [96s] still running...
  [108s] still running...
  [120s] still running...
  [132s] still running...
  [144s] still running...
  [156s] still running...
  [167s] still running...
  [180s] still running...
  [192s] still running...
  [204s] still running...
  [216s] still running...
  [229s] still running...
  [240s] still running...
  [252s] still running...
  [265s] still running...
  [276s] still running...
  [288s] still running...
  [300s] still running...
  [312s] still running...
  [324s] still running...
  [336s] still running...
  [349s] still running...
  [360s] still running...
  [372s] still running...
  [385s] still running...
  [396s] still running...
  [409s] still running...
  [421s] still running...
  [432s] still running...
  [444s] still running...
  [456s] still running...
  [469s] still running...
  [480s] still running...
  [493s] still running...
  [505s] still running...
  [517s] still running...
  [529s] still running...
  [541s] still running...
  [553s] still running...
  [564s] still running...
  [577s] still running...
  [589s] still running...
  [601s] still running...
  [613s] still running...
  [625s] still running...
  [637s] still running...
  [649s] still running...
  [662s] still running...
  [673s] still running...
  [685s] still running...
  [698s] still running...
  [709s] still running...
  [721s] still running...
  [733s] still running...
  [745s] still running...
  [757s] still running...
  [769s] still running...
  [781s] still running...
  [793s] still running...
  [805s] still running...
  [818s] still running...
  [829s] still running...
  [841s] still running...
  [853s] still running...
  [865s] still running...
  [876s] still running...
  [889s] still running...
  [901s] still running...
  [913s] still running...
  [925s] still running...
  [938s] still running...
  [949s] still running...
  [961s] still running...
  [974s] still running...
  [985s] still running...
  [997s] still running...
  [1010s] still running...
  [1022s] still running...
  [1033s] still running...
  [1046s] still running...
  [1058s] still running...
  [1069s] still running...
  [1082s] still running...
  [1094s] still running...
  [1106s] still running...
  [1117s] still running...
  [1130s] still running...
  [1142s] still running...
  [1153s] still running...
  [1165s] still running...
  [1178s] still running...
  [1189s] still running...
2026-07-25T20:16:16  ML-DSA-87 run 2: run_id=6232879040994205957 -> completed
  CSV rows: 300  (expected ≤ 300)
2026-07-25T20:16:31  [10/40] starting no_signature run 2

============================================================
  no_signature  —  run 2/5
============================================================
  [11s] still running...
  [24s] still running...
  [36s] still running...
  [47s] still running...
  [60s] still running...
  [72s] still running...
  [84s] still running...
  [96s] still running...
  [109s] still running...
  [120s] still running...
  [132s] still running...
  [145s] still running...
  [156s] still running...
  [168s] still running...
  [180s] still running...
  [193s] still running...
  [204s] still running...
  [216s] still running...
  [229s] still running...
  [240s] still running...
  [252s] still running...
  [265s] still running...
  [276s] still running...
  [288s] still running...
  [300s] still running...
  [312s] still running...
  [324s] still running...
  [336s] still running...
  [348s] still running...
  [360s] still running...
  [372s] still running...
  [384s] still running...
  [396s] still running...
  [407s] still running...
  [420s] still running...
  [431s] still running...
  [443s] still running...
  [455s] still running...
  [468s] still running...
  [479s] still running...
  [491s] still running...
  [504s] still running...
  [515s] still running...
  [527s] still running...
  [539s] still running...
  [551s] still running...
  [562s] still running...
  [575s] still running...
  [587s] still running...
  [598s] still running...
  [611s] still running...
  [623s] still running...
  [635s] still running...
  [647s] still running...
  [659s] still running...
  [671s] still running...
  [682s] still running...
  [695s] still running...
  [707s] still running...
  [719s] still running...
  [731s] still running...
  [743s] still running...
  [755s] still running...
  [767s] still running...
  [780s] still running...
  [791s] still running...
  [803s] still running...
  [815s] still running...
  [827s] still running...
  [838s] still running...
  [851s] still running...
  [863s] still running...
  [875s] still running...
  [887s] still running...
  [899s] still running...
  [911s] still running...
  [923s] still running...
  [935s] still running...
  [947s] still running...
  [958s] still running...
  [971s] still running...
  [983s] still running...
  [995s] still running...
  [1007s] still running...
  [1020s] still running...
  [1031s] still running...
  [1043s] still running...
  [1056s] still running...
  [1067s] still running...
  [1079s] still running...
  [1091s] still running...
  [1103s] still running...
  [1115s] still running...
  [1127s] still running...
  [1140s] still running...
  [1151s] still running...
  [1163s] still running...
  [1176s] still running...
  [1187s] still running...
  [1199s] still running...
2026-07-25T20:36:48  no_signature run 2: run_id=10097446496286390652 -> completed
  CSV rows: 300  (expected ≤ 300)
2026-07-25T20:37:03  [11/40] starting Falcon-padded-512 run 2

============================================================
  Falcon-padded-512  —  run 2/5
============================================================
  [11s] still running...
  [23s] still running...
  [36s] still running...
  [47s] still running...
  [60s] still running...
  [72s] still running...
  [84s] still running...
  [96s] still running...
  [108s] still running...
  [120s] still running...
  [131s] still running...
  [144s] still running...
  [155s] still running...
  [167s] still running...
  [179s] still running...
  [192s] still running...
  [203s] still running...
  [215s] still running...
  [228s] still running...
  [239s] still running...
  [252s] still running...
  [264s] still running...
  [275s] still running...
  [287s] still running...
  [299s] still running...
  [311s] still running...
  [323s] still running...
  [335s] still running...
  [347s] still running...
  [359s] still running...
  [371s] still running...
  [384s] still running...
  [395s] still running...
  [407s] still running...
  [420s] still running...
  [431s] still running...
  [443s] still running...
  [455s] still running...
  [467s] still running...
  [479s] still running...
  [491s] still running...
  [504s] still running...
  [515s] still running...
  [528s] still running...
  [540s] still running...
  [551s] still running...
  [563s] still running...
  [576s] still running...
  [587s] still running...
  [599s] still running...
  [611s] still running...
  [623s] still running...
  [635s] still running...
  [647s] still running...
  [659s] still running...
  [671s] still running...
  [683s] still running...
  [696s] still running...
  [707s] still running...
  [719s] still running...
  [731s] still running...
  [743s] still running...
  [754s] still running...
  [767s] still running...
  [779s] still running...
  [790s] still running...
  [803s] still running...
  [815s] still running...
  [827s] still running...
  [839s] still running...
  [851s] still running...
  [863s] still running...
  [874s] still running...
  [887s] still running...
  [899s] still running...
  [911s] still running...
  [923s] still running...
  [935s] still running...
  [947s] still running...
  [959s] still running...
  [972s] still running...
  [983s] still running...
  [995s] still running...
  [1007s] still running...
  [1019s] still running...
  [1030s] still running...
  [1042s] still running...
  [1055s] still running...
  [1066s] still running...
  [1079s] still running...
  [1091s] still running...
  [1102s] still running...
  [1115s] still running...
  [1127s] still running...
  [1139s] still running...
  [1150s] still running...
  [1162s] still running...
  [1175s] still running...
  [1186s] still running...
2026-07-25T20:57:08  Falcon-padded-512 run 2: run_id=12080720558237603292 -> completed
  CSV rows: 300  (expected ≤ 300)
2026-07-25T20:57:23  [12/40] starting ML-DSA-65 run 2

============================================================
  ML-DSA-65  —  run 2/5
============================================================
  [11s] still running...
  [23s] still running...
  [36s] still running...
  [47s] still running...
  [59s] still running...
  [72s] still running...
  [83s] still running...
  [96s] still running...
  [108s] still running...
  [119s] still running...
  [132s] still running...
  [144s] still running...
  [156s] still running...
  [167s] still running...
  [179s] still running...
  [191s] still running...
  [203s] still running...
  [215s] still running...
  [228s] still running...
  [239s] still running...
  [252s] still running...
  [264s] still running...
  [276s] still running...
  [287s] still running...
  [300s] still running...
  [311s] still running...
  [323s] still running...
  [335s] still running...
  [347s] still running...
  [359s] still running...
  [371s] still running...
  [384s] still running...
  [395s] still running...
  [407s] still running...
  [420s] still running...
  [431s] still running...
  [443s] still running...
  [455s] still running...
  [467s] still running...
  [478s] still running...
  [490s] still running...
  [503s] still running...
  [514s] still running...
  [526s] still running...
  [539s] still running...
  [550s] still running...
  [563s] still running...
  [575s] still running...
  [586s] still running...
  [598s] still running...
  [610s] still running...
  [622s] still running...
  [634s] still running...
  [646s] still running...
  [658s] still running...
  [670s] still running...
  [682s] still running...
  [694s] still running...
  [706s] still running...
  [718s] still running...
  [731s] still running...
  [742s] still running...
  [754s] still running...
  [766s] still running...
  [778s] still running...
  [790s] still running...
  [802s] still running...
  [815s] still running...
  [826s] still running...
  [838s] still running...
  [851s] still running...
  [862s] still running...
  [874s] still running...
  [886s] still running...
  [897s] still running...
  [909s] still running...
  [921s] still running...
  [934s] still running...
  [945s] still running...
  [957s] still running...
  [970s] still running...
  [981s] still running...
  [994s] still running...
  [1006s] still running...
  [1017s] still running...
  [1029s] still running...
  [1041s] still running...
  [1053s] still running...
  [1065s] still running...
  [1077s] still running...
  [1089s] still running...
  [1101s] still running...
  [1113s] still running...
  [1125s] still running...
  [1137s] still running...
  [1149s] still running...
  [1161s] still running...
  [1173s] still running...
  [1184s] still running...
2026-07-25T21:17:26  ML-DSA-65 run 2: run_id=10451034301863184448 -> completed
  CSV rows: 300  (expected ≤ 300)
2026-07-25T21:17:41  [13/40] starting SPHINCS+-SHA2-128s-simple run 2

============================================================
  SPHINCS+-SHA2-128s-simple  —  run 2/5
============================================================
  [11s] still running...
  [24s] still running...
  [36s] still running...
  [47s] still running...
  [59s] still running...
  [72s] still running...
  [83s] still running...
  [95s] still running...
  [108s] still running...
  [119s] still running...
  [131s] still running...
  [143s] still running...
  [155s] still running...
  [166s] still running...
  [179s] still running...
  [191s] still running...
  [202s] still running...
  [215s] still running...
  [227s] still running...
  [239s] still running...
  [250s] still running...
  [263s] still running...
  [275s] still running...
  [286s] still running...
  [298s] still running...
  [311s] still running...
  [322s] still running...
  [334s] still running...
  [347s] still running...
  [358s] still running...
  [370s] still running...
  [382s] still running...
  [394s] still running...
  [405s] still running...
  [418s] still running...
  [430s] still running...
  [441s] still running...
  [454s] still running...
  [466s] still running...
  [477s] still running...
  [489s] still running...
  [502s] still running...
  [513s] still running...
  [525s] still running...
  [537s] still running...
  [550s] still running...
  [561s] still running...
  [574s] still running...
  [586s] still running...
  [597s] still running...
  [609s] still running...
  [621s] still running...
  [633s] still running...
  [645s] still running...
  [657s] still running...
  [669s] still running...
  [681s] still running...
  [693s] still running...
  [705s] still running...
  [717s] still running...
  [728s] still running...
  [741s] still running...
  [753s] still running...
  [764s] still running...
  [776s] still running...
  [789s] still running...
  [800s] still running...
  [813s] still running...
  [825s] still running...
  [836s] still running...
  [848s] still running...
  [860s] still running...
  [872s] still running...
  [884s] still running...
  [896s] still running...
  [909s] still running...
  [920s] still running...
  [932s] still running...
  [945s] still running...
  [956s] still running...
  [968s] still running...
  [980s] still running...
  [992s] still running...
  [1003s] still running...
  [1016s] still running...
  [1028s] still running...
  [1039s] still running...
  [1052s] still running...
  [1064s] still running...
  [1076s] still running...
  [1087s] still running...
  [1099s] still running...
  [1111s] still running...
  [1123s] still running...
  [1135s] still running...
  [1148s] still running...
  [1159s] still running...
  [1172s] still running...
  [1184s] still running...
  [1195s] still running...
  [1207s] still running...
2026-07-25T21:38:06  SPHINCS+-SHA2-128s-simple run 2: run_id=2952781740787052681 -> completed
  CSV rows: 300  (expected ≤ 300)
2026-07-25T21:38:21  [14/40] starting ECDSA-256 run 2

============================================================
  ECDSA-256  —  run 2/5
============================================================
  [11s] still running...
  [24s] still running...
  [36s] still running...
  [47s] still running...
  [60s] still running...
  [72s] still running...
  [84s] still running...
  [96s] still running...
  [108s] still running...
  [120s] still running...
  [132s] still running...
  [144s] still running...
  [156s] still running...
  [167s] still running...
  [180s] still running...
  [192s] still running...
  [203s] still running...
  [216s] still running...
  [228s] still running...
  [240s] still running...
  [252s] still running...
  [264s] still running...
  [276s] still running...
  [288s] still running...
  [300s] still running...
  [311s] still running...
  [323s] still running...
  [335s] still running...
  [348s] still running...
  [359s] still running...
  [371s] still running...
  [384s] still running...
  [395s] still running...
  [408s] still running...
  [420s] still running...
  [431s] still running...
  [443s] still running...
  [455s] still running...
  [467s] still running...
  [478s] still running...
  [491s] still running...
  [503s] still running...
  [514s] still running...
  [527s] still running...
  [539s] still running...
  [551s] still running...
  [563s] still running...
  [576s] still running...
  [587s] still running...
  [598s] still running...
  [611s] still running...
  [623s] still running...
  [635s] still running...
  [647s] still running...
  [659s] still running...
  [671s] still running...
  [683s] still running...
  [696s] still running...
  [707s] still running...
  [719s] still running...
  [731s] still running...
  [743s] still running...
  [754s] still running...
  [767s] still running...
  [779s] still running...
  [790s] still running...
  [803s] still running...
  [815s] still running...
  [827s] still running...
  [839s] still running...
  [851s] still running...
  [863s] still running...
  [874s] still running...
  [887s] still running...
  [899s] still running...
  [911s] still running...
  [923s] still running...
  [935s] still running...
  [947s] still running...
  [959s] still running...
  [971s] still running...
  [983s] still running...
  [995s] still running...
  [1007s] still running...
  [1019s] still running...
  [1030s] still running...
  [1042s] still running...
  [1055s] still running...
  [1066s] still running...
  [1079s] still running...
  [1091s] still running...
  [1103s] still running...
  [1115s] still running...
  [1127s] still running...
  [1139s] still running...
  [1150s] still running...
  [1163s] still running...
  [1175s] still running...
  [1186s] still running...
2026-07-25T21:58:26  ECDSA-256 run 2: run_id=12629944810719577457 -> completed
  CSV rows: 300  (expected ≤ 300)
2026-07-25T21:58:41  [15/40] starting ML-DSA-44 run 2

============================================================
  ML-DSA-44  —  run 2/5
============================================================
  [11s] still running...
  [23s] still running...
  [36s] still running...
  [47s] still running...
  [60s] still running...
  [72s] still running...
  [83s] still running...
  [96s] still running...
  [108s] still running...
  [120s] still running...
  [132s] still running...
  [144s] still running...
  [155s] still running...
  [167s] still running...
  [179s] still running...
  [192s] still running...
  [203s] still running...
  [215s] still running...
  [228s] still running...
  [239s] still running...
  [252s] still running...
  [264s] still running...
  [275s] still running...
  [287s] still running...
  [299s] still running...
  [311s] still running...
  [323s] still running...
  [335s] still running...
  [347s] still running...
  [359s] still running...
  [371s] still running...
  [384s] still running...
  [395s] still running...
  [407s] still running...
  [419s] still running...
  [430s] still running...
  [442s] still running...
  [454s] still running...
  [467s] still running...
  [478s] still running...
  [491s] still running...
  [503s] still running...
  [514s] still running...
  [526s] still running...
  [539s] still running...
  [550s] still running...
  [562s] still running...
  [574s] still running...
  [587s] still running...
  [598s] still running...
  [610s] still running...
  [623s] still running...
  [634s] still running...
  [646s] still running...
  [659s] still running...
  [670s] still running...
  [682s] still running...
  [694s] still running...
  [706s] still running...
  [718s] still running...
  [730s] still running...
  [742s] still running...
  [754s] still running...
  [766s] still running...
  [779s] still running...
  [790s] still running...
  [802s] still running...
  [814s] still running...
  [825s] still running...
  [837s] still running...
  [849s] still running...
  [862s] still running...
  [873s] still running...
  [886s] still running...
  [898s] still running...
  [910s] still running...
  [921s] still running...
  [934s] still running...
  [945s] still running...
  [957s] still running...
  [969s] still running...
  [981s] still running...
  [993s] still running...
  [1005s] still running...
  [1017s] still running...
  [1029s] still running...
  [1041s] still running...
  [1053s] still running...
  [1065s] still running...
  [1076s] still running...
  [1088s] still running...
  [1101s] still running...
  [1112s] still running...
  [1125s] still running...
  [1137s] still running...
  [1149s] still running...
  [1161s] still running...
  [1173s] still running...
  [1185s] still running...
  [1196s] still running...
2026-07-25T22:18:55  ML-DSA-44 run 2: run_id=4932194838278897151 -> completed
  CSV rows: 300  (expected ≤ 300)
2026-07-25T22:19:10  [16/40] starting RSA-2048 run 2

============================================================
  RSA-2048  —  run 2/5
============================================================
  [11s] still running...
  [23s] still running...
  [36s] still running...
  [47s] still running...
  [59s] still running...
  [72s] still running...
  [83s] still running...
  [96s] still running...
  [108s] still running...
  [120s] still running...
  [131s] still running...
  [144s] still running...
  [155s] still running...
  [167s] still running...
  [179s] still running...
  [192s] still running...
  [203s] still running...
  [216s] still running...
  [228s] still running...
  [240s] still running...
  [251s] still running...
  [264s] still running...
  [275s] still running...
  [287s] still running...
  [299s] still running...
  [312s] still running...
  [323s] still running...
  [335s] still running...
  [348s] still running...
  [359s] still running...
  [372s] still running...
  [384s] still running...
  [395s] still running...
  [407s] still running...
  [419s] still running...
  [432s] still running...
  [443s] still running...
  [455s] still running...
  [468s] still running...
  [479s] still running...
  [492s] still running...
  [504s] still running...
  [516s] still running...
  [527s] still running...
  [540s] still running...
  [552s] still running...
  [563s] still running...
  [575s] still running...
  [588s] still running...
  [599s] still running...
  [612s] still running...
  [624s] still running...
  [635s] still running...
  [647s] still running...
  [660s] still running...
  [671s] still running...
  [682s] still running...
  [695s] still running...
  [707s] still running...
  [719s] still running...
  [731s] still running...
  [744s] still running...
  [755s] still running...
  [767s] still running...
  [779s] still running...
  [791s] still running...
  [802s] still running...
  [815s] still running...
  [827s] still running...
  [838s] still running...
  [851s] still running...
  [863s] still running...
  [875s] still running...
  [887s] still running...
  [899s] still running...
  [911s] still running...
  [922s] still running...
  [935s] still running...
  [947s] still running...
  [959s] still running...
  [971s] still running...
  [983s] still running...
  [995s] still running...
  [1007s] still running...
  [1020s] still running...
  [1031s] still running...
  [1043s] still running...
  [1055s] still running...
  [1067s] still running...
  [1079s] still running...
  [1091s] still running...
  [1104s] still running...
  [1115s] still running...
  [1128s] still running...
  [1140s] still running...
  [1152s] still running...
  [1163s] still running...
  [1175s] still running...
  [1188s] still running...
  [1199s] still running...
2026-07-25T22:39:28  RSA-2048 run 2: run_id=13620511067027604915 -> completed
  CSV rows: 300  (expected ≤ 300)
2026-07-25T22:39:43  run 3: scheme order = ['no_signature', 'SPHINCS+-SHA2-128s-simple', 'RSA-2048', 'ML-DSA-87', 'ML-DSA-44', 'ML-DSA-65', 'Falcon-padded-512', 'ECDSA-256']
2026-07-25T22:39:43  [17/40] starting no_signature run 3

============================================================
  no_signature  —  run 3/5
============================================================
  [11s] still running...
  [24s] still running...
  [36s] still running...
  [47s] still running...
  [60s] still running...
  [72s] still running...
  [84s] still running...
  [96s] still running...
  [109s] still running...
  [120s] still running...
  [132s] still running...
  [144s] still running...
  [156s] still running...
  [167s] still running...
  [179s] still running...
  [192s] still running...
  [203s] still running...
  [216s] still running...
  [228s] still running...
  [239s] still running...
  [252s] still running...
  [264s] still running...
  [276s] still running...
  [287s] still running...
  [300s] still running...
  [312s] still running...
  [323s] still running...
  [336s] still running...
  [348s] still running...
  [360s] still running...
  [372s] still running...
  [385s] still running...
  [396s] still running...
  [408s] still running...
  [420s] still running...
  [432s] still running...
  [443s] still running...
  [456s] still running...
  [468s] still running...
  [480s] still running...
  [492s] still running...
  [504s] still running...
  [516s] still running...
  [528s] still running...
  [541s] still running...
  [552s] still running...
  [564s] still running...
  [576s] still running...
  [588s] still running...
  [600s] still running...
  [612s] still running...
  [625s] still running...
  [636s] still running...
  [648s] still running...
  [661s] still running...
  [672s] still running...
  [684s] still running...
  [696s] still running...
  [708s] still running...
  [719s] still running...
  [731s] still running...
  [744s] still running...
  [755s] still running...
  [767s] still running...
  [780s] still running...
  [791s] still running...
  [804s] still running...
  [816s] still running...
  [827s] still running...
  [839s] still running...
  [851s] still running...
  [864s] still running...
  [875s] still running...
  [888s] still running...
  [900s] still running...
  [911s] still running...
  [924s] still running...
  [936s] still running...
  [947s] still running...
  [959s] still running...
  [971s] still running...
  [983s] still running...
  [995s] still running...
  [1007s] still running...
  [1020s] still running...
  [1031s] still running...
  [1043s] still running...
  [1056s] still running...
  [1067s] still running...
  [1079s] still running...
  [1092s] still running...
  [1103s] still running...
  [1114s] still running...
  [1127s] still running...
  [1139s] still running...
  [1151s] still running...
  [1163s] still running...
  [1175s] still running...
  [1187s] still running...
  [1198s] still running...
2026-07-25T23:00:00  no_signature run 3: run_id=2614370391730441866 -> completed
  CSV rows: 450  (expected ≤ 450)
2026-07-25T23:00:15  [18/40] starting SPHINCS+-SHA2-128s-simple run 3

============================================================
  SPHINCS+-SHA2-128s-simple  —  run 3/5
============================================================
  [11s] still running...
  [23s] still running...
  [36s] still running...
  [47s] still running...
  [60s] still running...
  [72s] still running...
  [83s] still running...
  [95s] still running...
  [108s] still running...
  [119s] still running...
  [131s] still running...
  [143s] still running...
  [155s] still running...
  [167s] still running...
  [179s] still running...
  [192s] still running...
  [203s] still running...
  [215s] still running...
  [228s] still running...
  [239s] still running...
  [251s] still running...
  [263s] still running...
  [275s] still running...
  [286s] still running...
  [298s] still running...
  [311s] still running...
  [322s] still running...
  [335s] still running...
  [347s] still running...
  [358s] still running...
  [370s] still running...
  [383s] still running...
  [394s] still running...
  [405s] still running...
  [418s] still running...
  [430s] still running...
  [441s] still running...
  [454s] still running...
  [466s] still running...
  [478s] still running...
  [490s] still running...
  [502s] still running...
  [514s] still running...
  [525s] still running...
  [537s] still running...
  [550s] still running...
  [561s] still running...
  [574s] still running...
  [586s] still running...
  [598s] still running...
  [610s] still running...
  [622s] still running...
  [633s] still running...
  [645s] still running...
  [657s] still running...
  [669s] still running...
  [681s] still running...
  [693s] still running...
  [706s] still running...
  [717s] still running...
  [729s] still running...
  [741s] still running...
  [752s] still running...
  [764s] still running...
  [776s] still running...
  [789s] still running...
  [800s] still running...
  [812s] still running...
  [825s] still running...
  [836s] still running...
  [848s] still running...
  [861s] still running...
  [872s] still running...
  [884s] still running...
  [896s] still running...
  [908s] still running...
  [920s] still running...
  [932s] still running...
  [944s] still running...
  [956s] still running...
  [968s] still running...
  [981s] still running...
  [992s] still running...
  [1004s] still running...
  [1016s] still running...
  [1028s] still running...
  [1040s] still running...
  [1052s] still running...
  [1064s] still running...
  [1076s] still running...
  [1088s] still running...
  [1101s] still running...
  [1112s] still running...
  [1123s] still running...
  [1136s] still running...
  [1148s] still running...
  [1160s] still running...
  [1172s] still running...
  [1184s] still running...
  [1196s] still running...
  [1207s] still running...
2026-07-25T23:20:40  SPHINCS+-SHA2-128s-simple run 3: run_id=8127923963251676992 -> completed
  CSV rows: 450  (expected ≤ 450)
2026-07-25T23:20:55  [19/40] starting RSA-2048 run 3

============================================================
  RSA-2048  —  run 3/5
============================================================
  [11s] still running...
  [24s] still running...
  [36s] still running...
  [47s] still running...
  [60s] still running...
  [72s] still running...
  [84s] still running...
  [96s] still running...
  [109s] still running...
  [120s] still running...
  [132s] still running...
  [144s] still running...
  [156s] still running...
  [168s] still running...
  [180s] still running...
  [193s] still running...
  [204s] still running...
  [217s] still running...
  [229s] still running...
  [241s] still running...
  [252s] still running...
  [264s] still running...
  [276s] still running...
  [288s] still running...
  [300s] still running...
  [313s] still running...
  [324s] still running...
  [336s] still running...
  [349s] still running...
  [360s] still running...
  [372s] still running...
  [384s] still running...
  [396s] still running...
  [407s] still running...
  [419s] still running...
  [432s] still running...
  [443s] still running...
  [456s] still running...
  [468s] still running...
  [479s] still running...
  [491s] still running...
  [503s] still running...
  [515s] still running...
  [526s] still running...
  [539s] still running...
  [551s] still running...
  [563s] still running...
  [575s] still running...
  [587s] still running...
  [599s] still running...
  [610s] still running...
  [623s] still running...
  [634s] still running...
  [646s] still running...
  [658s] still running...
  [671s] still running...
  [682s] still running...
  [695s] still running...
  [707s] still running...
  [719s] still running...
  [730s] still running...
  [743s] still running...
  [754s] still running...
  [766s] still running...
  [778s] still running...
  [791s] still running...
  [802s] still running...
  [815s] still running...
  [827s] still running...
  [839s] still running...
  [850s] still running...
  [863s] still running...
  [874s] still running...
  [886s] still running...
  [898s] still running...
  [910s] still running...
  [922s] still running...
  [934s] still running...
  [947s] still running...
  [958s] still running...
  [970s] still running...
  [982s] still running...
  [994s] still running...
  [1005s] still running...
  [1018s] still running...
  [1030s] still running...
  [1042s] still running...
  [1054s] still running...
  [1067s] still running...
  [1078s] still running...
  [1090s] still running...
  [1102s] still running...
  [1114s] still running...
  [1126s] still running...
  [1138s] still running...
  [1151s] still running...
  [1162s] still running...
  [1175s] still running...
  [1187s] still running...
  [1199s] still running...
  [1210s] still running...
2026-07-25T23:41:24  RSA-2048 run 3: run_id=3777191667288766253 -> completed
  CSV rows: 450  (expected ≤ 450)
2026-07-25T23:41:39  [20/40] starting ML-DSA-87 run 3

============================================================
  ML-DSA-87  —  run 3/5
============================================================
  [11s] still running...
  [24s] still running...
  [36s] still running...
  [47s] still running...
  [60s] still running...
  [72s] still running...
  [84s] still running...
  [96s] still running...
  [108s] still running...
  [120s] still running...
  [131s] still running...
  [144s] still running...
  [155s] still running...
  [167s] still running...
  [179s] still running...
  [192s] still running...
  [203s] still running...
  [215s] still running...
  [228s] still running...
  [239s] still running...
  [252s] still running...
  [264s] still running...
  [275s] still running...
  [287s] still running...
  [299s] still running...
  [312s] still running...
  [323s] still running...
  [335s] still running...
  [348s] still running...
  [359s] still running...
  [372s] still running...
  [384s] still running...
  [395s] still running...
  [407s] still running...
  [420s] still running...
  [431s] still running...
  [443s] still running...
  [455s] still running...
  [467s] still running...
  [479s] still running...
  [491s] still running...
  [503s] still running...
  [515s] still running...
  [527s] still running...
  [540s] still running...
  [551s] still running...
  [563s] still running...
  [575s] still running...
  [586s] still running...
  [598s] still running...
  [610s] still running...
  [623s] still running...
  [634s] still running...
  [647s] still running...
  [659s] still running...
  [670s] still running...
  [683s] still running...
  [695s] still running...
  [706s] still running...
  [718s] still running...
  [730s] still running...
  [742s] still running...
  [754s] still running...
  [766s] still running...
  [779s] still running...
  [790s] still running...
  [802s] still running...
  [815s] still running...
  [826s] still running...
  [838s] still running...
  [851s] still running...
  [862s] still running...
  [874s] still running...
  [886s] still running...
  [898s] still running...
  [910s] still running...
  [922s] still running...
  [934s] still running...
  [946s] still running...
  [958s] still running...
  [971s] still running...
  [982s] still running...
  [994s] still running...
  [1006s] still running...
  [1018s] still running...
  [1029s] still running...
  [1041s] still running...
  [1054s] still running...
  [1065s] still running...
  [1078s] still running...
  [1090s] still running...
  [1101s] still running...
  [1113s] still running...
  [1126s] still running...
  [1137s] still running...
  [1149s] still running...
  [1161s] still running...
  [1173s] still running...
  [1185s] still running...
2026-07-26T00:01:42  ML-DSA-87 run 3: run_id=7510606505982262499 -> completed
  CSV rows: 450  (expected ≤ 450)
2026-07-26T00:01:57  [21/40] starting ML-DSA-44 run 3

============================================================
  ML-DSA-44  —  run 3/5
============================================================
  [11s] still running...
  [23s] still running...
  [36s] still running...
  [47s] still running...
  [59s] still running...
  [72s] still running...
  [83s] still running...
  [95s] still running...
  [108s] still running...
  [119s] still running...
  [132s] still running...
  [144s] still running...
  [155s] still running...
  [167s] still running...
  [179s] still running...
  [191s] still running...
  [203s] still running...
  [215s] still running...
  [228s] still running...
  [239s] still running...
  [252s] still running...
  [264s] still running...
  [275s] still running...
  [288s] still running...
  [300s] still running...
  [312s] still running...
  [323s] still running...
  [335s] still running...
  [348s] still running...
  [359s] still running...
  [371s] still running...
  [384s] still running...
  [395s] still running...
  [408s] still running...
  [420s] still running...
  [432s] still running...
  [444s] still running...
  [456s] still running...
  [468s] still running...
  [479s] still running...
  [492s] still running...
  [505s] still running...
  [516s] still running...
  [528s] still running...
  [541s] still running...
  [552s] still running...
  [565s] still running...
  [577s] still running...
  [588s] still running...
  [600s] still running...
  [613s] still running...
  [624s] still running...
  [636s] still running...
  [648s] still running...
  [660s] still running...
  [672s] still running...
  [684s] still running...
  [696s] still running...
  [708s] still running...
  [720s] still running...
  [732s] still running...
  [744s] still running...
  [755s] still running...
  [768s] still running...
  [779s] still running...
  [791s] still running...
  [803s] still running...
  [816s] still running...
  [827s] still running...
  [839s] still running...
  [852s] still running...
  [863s] still running...
  [876s] still running...
  [888s] still running...
  [899s] still running...
  [911s] still running...
  [923s] still running...
  [935s] still running...
  [946s] still running...
  [959s] still running...
  [971s] still running...
  [982s] still running...
  [995s] still running...
  [1007s] still running...
  [1019s] still running...
  [1031s] still running...
  [1043s] still running...
  [1055s] still running...
  [1066s] still running...
  [1079s] still running...
  [1091s] still running...
  [1102s] still running...
  [1115s] still running...
  [1127s] still running...
  [1139s] still running...
  [1151s] still running...
  [1163s] still running...
  [1175s] still running...
  [1186s] still running...
2026-07-26T00:22:01  ML-DSA-44 run 3: run_id=7968107430040277188 -> completed
  CSV rows: 450  (expected ≤ 450)
2026-07-26T00:22:16  [22/40] starting ML-DSA-65 run 3

============================================================
  ML-DSA-65  —  run 3/5
============================================================
  [11s] still running...
  [24s] still running...
  [36s] still running...
  [47s] still running...
  [60s] still running...
  [72s] still running...
  [83s] still running...
  [96s] still running...
  [108s] still running...
  [120s] still running...
  [132s] still running...
  [144s] still running...
  [156s] still running...
  [167s] still running...
  [180s] still running...
  [192s] still running...
  [204s] still running...
  [216s] still running...
  [228s] still running...
  [240s] still running...
  [252s] still running...
  [264s] still running...
  [276s] still running...
  [288s] still running...
  [300s] still running...
  [311s] still running...
  [323s] still running...
  [335s] still running...
  [348s] still running...
  [359s] still running...
  [371s] still running...
  [384s] still running...
  [395s] still running...
  [408s] still running...
  [420s] still running...
  [431s] still running...
  [443s] still running...
  [455s] still running...
  [467s] still running...
  [478s] still running...
  [491s] still running...
  [503s] still running...
  [514s] still running...
  [527s] still running...
  [539s] still running...
  [551s] still running...
  [563s] still running...
  [575s] still running...
  [587s] still running...
  [598s] still running...
  [611s] still running...
  [623s] still running...
  [634s] still running...
  [647s] still running...
  [659s] still running...
  [670s] still running...
  [683s] still running...
  [695s] still running...
  [707s] still running...
  [719s] still running...
  [731s] still running...
  [743s] still running...
  [754s] still running...
  [767s] still running...
  [779s] still running...
  [790s] still running...
  [803s] still running...
  [815s] still running...
  [827s] still running...
  [839s] still running...
  [851s] still running...
  [863s] still running...
  [875s] still running...
  [887s] still running...
  [899s] still running...
  [910s] still running...
  [923s] still running...
  [935s] still running...
  [946s] still running...
  [959s] still running...
  [971s] still running...
  [983s] still running...
  [995s] still running...
  [1007s] still running...
  [1019s] still running...
  [1031s] still running...
  [1043s] still running...
  [1055s] still running...
  [1066s] still running...
  [1079s] still running...
  [1091s] still running...
  [1102s] still running...
  [1115s] still running...
  [1127s] still running...
  [1139s] still running...
  [1151s] still running...
  [1163s] still running...
  [1175s] still running...
  [1186s] still running...
2026-07-26T00:42:21  ML-DSA-65 run 3: run_id=13145253059486055625 -> completed
  CSV rows: 450  (expected ≤ 450)
2026-07-26T00:42:36  [23/40] starting Falcon-padded-512 run 3

============================================================
  Falcon-padded-512  —  run 3/5
============================================================
  [11s] still running...
  [24s] still running...
  [36s] still running...
  [47s] still running...
  [60s] still running...
  [72s] still running...
  [83s] still running...
  [96s] still running...
  [108s] still running...
  [120s] still running...
  [131s] still running...
  [144s] still running...
  [155s] still running...
  [166s] still running...
  [179s] still running...
  [191s] still running...
  [203s] still running...
  [215s] still running...
  [227s] still running...
  [239s] still running...
  [251s] still running...
  [263s] still running...
  [275s] still running...
  [286s] still running...
  [299s] still running...
  [310s] still running...
  [322s] still running...
  [334s] still running...
  [347s] still running...
  [358s] still running...
  [371s] still running...
  [383s] still running...
  [395s] still running...
  [407s] still running...
  [419s] still running...
  [431s] still running...
  [442s] still running...
  [454s] still running...
  [466s] still running...
  [478s] still running...
  [490s] still running...
  [502s] still running...
  [514s] still running...
  [526s] still running...
  [539s] still running...
  [550s] still running...
  [563s] still running...
  [575s] still running...
  [587s] still running...
  [598s] still running...
  [610s] still running...
  [623s] still running...
  [634s] still running...
  [647s] still running...
  [659s] still running...
  [670s] still running...
  [683s] still running...
  [695s] still running...
  [707s] still running...
  [719s] still running...
  [731s] still running...
  [742s] still running...
  [754s] still running...
  [766s] still running...
  [779s] still running...
  [790s] still running...
  [802s] still running...
  [815s] still running...
  [826s] still running...
  [838s] still running...
  [851s] still running...
  [862s] still running...
  [874s] still running...
  [886s] still running...
  [898s] still running...
  [909s] still running...
  [922s] still running...
  [934s] still running...
  [946s] still running...
  [958s] still running...
  [971s] still running...
  [982s] still running...
  [994s] still running...
  [1007s] still running...
  [1018s] still running...
  [1030s] still running...
  [1042s] still running...
  [1054s] still running...
  [1066s] still running...
  [1078s] still running...
  [1091s] still running...
  [1102s] still running...
  [1114s] still running...
  [1127s] still running...
  [1138s] still running...
  [1150s] still running...
  [1162s] still running...
  [1174s] still running...
  [1185s] still running...
2026-07-26T01:02:39  Falcon-padded-512 run 3: run_id=4539383550872939779 -> completed
  CSV rows: 450  (expected ≤ 450)
2026-07-26T01:02:54  [24/40] starting ECDSA-256 run 3

============================================================
  ECDSA-256  —  run 3/5
============================================================
  [11s] still running...
  [24s] still running...
  [36s] still running...
  [48s] still running...
  [60s] still running...
  [72s] still running...
  [84s] still running...
  [96s] still running...
  [108s] still running...
  [120s] still running...
  [131s] still running...
  [144s] still running...
  [155s] still running...
  [167s] still running...
  [179s] still running...
  [191s] still running...
  [203s] still running...
  [215s] still running...
  [228s] still running...
  [239s] still running...
  [252s] still running...
  [264s] still running...
  [275s] still running...
  [287s] still running...
  [299s] still running...
  [312s] still running...
  [323s] still running...
  [335s] still running...
  [348s] still running...
  [359s] still running...
  [372s] still running...
  [384s] still running...
  [395s] still running...
  [407s] still running...
  [419s] still running...
  [431s] still running...
  [443s] still running...
  [455s] still running...
  [467s] still running...
  [479s] still running...
  [491s] still running...
  [503s] still running...
  [515s] still running...
  [526s] still running...
  [539s] still running...
  [550s] still running...
  [562s] still running...
  [574s] still running...
  [587s] still running...
  [598s] still running...
  [610s] still running...
  [623s] still running...
  [634s] still running...
  [646s] still running...
  [658s] still running...
  [670s] still running...
  [681s] still running...
  [693s] still running...
  [706s] still running...
  [717s] still running...
  [730s] still running...
  [742s] still running...
  [754s] still running...
  [766s] still running...
  [779s] still running...
  [790s] still running...
  [802s] still running...
  [814s] still running...
  [826s] still running...
  [838s] still running...
  [850s] still running...
  [863s] still running...
  [874s] still running...
  [887s] still running...
  [899s] still running...
  [910s] still running...
  [922s] still running...
  [934s] still running...
  [946s] still running...
  [958s] still running...
  [970s] still running...
  [983s] still running...
  [994s] still running...
  [1006s] still running...
  [1019s] still running...
  [1030s] still running...
  [1042s] still running...
  [1054s] still running...
  [1066s] still running...
  [1077s] still running...
  [1090s] still running...
  [1102s] still running...
  [1113s] still running...
  [1126s] still running...
  [1138s] still running...
  [1150s] still running...
  [1161s] still running...
  [1174s] still running...
  [1185s] still running...
  [1196s] still running...
2026-07-26T01:23:09  ECDSA-256 run 3: run_id=8114414148421415837 -> completed
  CSV rows: 450  (expected ≤ 450)
2026-07-26T01:23:24  run 4: scheme order = ['ML-DSA-65', 'ML-DSA-87', 'ECDSA-256', 'ML-DSA-44', 'Falcon-padded-512', 'SPHINCS+-SHA2-128s-simple', 'no_signature', 'RSA-2048']
2026-07-26T01:23:24  [25/40] starting ML-DSA-65 run 4

============================================================
  ML-DSA-65  —  run 4/5
============================================================
  [11s] still running...
  [24s] still running...
  [36s] still running...
  [47s] still running...
  [59s] still running...
  [72s] still running...
  [83s] still running...
  [96s] still running...
  [108s] still running...
  [119s] still running...
  [131s] still running...
  [144s] still running...
  [155s] still running...
  [167s] still running...
  [179s] still running...
  [192s] still running...
  [203s] still running...
  [215s] still running...
  [228s] still running...
  [239s] still running...
  [251s] still running...
  [264s] still running...
  [275s] still running...
  [287s] still running...
  [299s] still running...
  [311s] still running...
  [323s] still running...
  [335s] still running...
  [347s] still running...
  [359s] still running...
  [371s] still running...
  [384s] still running...
  [395s] still running...
  [407s] still running...
  [419s] still running...
  [430s] still running...
  [442s] still running...
  [454s] still running...
  [466s] still running...
  [478s] still running...
  [490s] still running...
  [502s] still running...
  [514s] still running...
  [526s] still running...
  [539s] still running...
  [550s] still running...
  [562s] still running...
  [574s] still running...
  [586s] still running...
  [598s] still running...
  [610s] still running...
  [623s] still running...
  [634s] still running...
  [646s] still running...
  [659s] still running...
  [670s] still running...
  [682s] still running...
  [694s] still running...
  [706s] still running...
  [717s] still running...
  [730s] still running...
  [742s] still running...
  [753s] still running...
  [766s] still running...
  [778s] still running...
  [790s] still running...
  [802s] still running...
  [814s] still running...
  [826s] still running...
  [837s] still running...
  [850s] still running...
  [862s] still running...
  [874s] still running...
  [886s] still running...
  [899s] still running...
  [910s] still running...
  [922s] still running...
  [935s] still running...
  [946s] still running...
  [958s] still running...
  [970s] still running...
  [982s] still running...
  [993s] still running...
  [1005s] still running...
  [1018s] still running...
  [1029s] still running...
  [1042s] still running...
  [1054s] still running...
  [1065s] still running...
  [1077s] still running...
  [1090s] still running...
  [1101s] still running...
  [1113s] still running...
  [1125s] still running...
  [1137s] still running...
  [1149s] still running...
  [1161s] still running...
  [1174s] still running...
  [1185s] still running...
  [1196s] still running...
2026-07-26T01:43:39  ML-DSA-65 run 4: run_id=7755839807270631167 -> completed
  CSV rows: 600  (expected ≤ 600)
2026-07-26T01:43:54  [26/40] starting ML-DSA-87 run 4

============================================================
  ML-DSA-87  —  run 4/5
============================================================
  [11s] still running...
  [23s] still running...
  [36s] still running...
  [47s] still running...
  [60s] still running...
  [72s] still running...
  [84s] still running...
  [96s] still running...
  [108s] still running...
  [120s] still running...
  [132s] still running...
  [144s] still running...
  [155s] still running...
  [167s] still running...
  [179s] still running...
  [192s] still running...
  [203s] still running...
  [215s] still running...
  [228s] still running...
  [240s] still running...
  [252s] still running...
  [264s] still running...
  [276s] still running...
  [287s] still running...
  [299s] still running...
  [312s] still running...
  [323s] still running...
  [336s] still running...
  [348s] still running...
  [360s] still running...
  [372s] still running...
  [384s] still running...
  [396s] still running...
  [408s] still running...
  [420s] still running...
  [431s] still running...
  [443s] still running...
  [455s] still running...
  [468s] still running...
  [479s] still running...
  [491s] still running...
  [504s] still running...
  [515s] still running...
  [528s] still running...
  [540s] still running...
  [552s] still running...
  [563s] still running...
  [576s] still running...
  [588s] still running...
  [600s] still running...
  [612s] still running...
  [624s] still running...
  [636s] still running...
  [648s] still running...
  [661s] still running...
  [672s] still running...
  [684s] still running...
  [696s] still running...
  [708s] still running...
  [720s] still running...
  [732s] still running...
  [745s] still running...
  [756s] still running...
  [769s] still running...
  [781s] still running...
  [793s] still running...
  [804s] still running...
  [817s] still running...
  [829s] still running...
  [840s] still running...
  [853s] still running...
  [865s] still running...
  [877s] still running...
  [889s] still running...
  [902s] still running...
  [913s] still running...
  [925s] still running...
  [937s] still running...
  [949s] still running...
  [960s] still running...
  [973s] still running...
  [985s] still running...
  [997s] still running...
  [1009s] still running...
  [1022s] still running...
  [1033s] still running...
  [1045s] still running...
  [1057s] still running...
  [1069s] still running...
  [1080s] still running...
  [1093s] still running...
  [1105s] still running...
  [1116s] still running...
  [1129s] still running...
  [1141s] still running...
  [1153s] still running...
  [1165s] still running...
  [1177s] still running...
  [1189s] still running...
  [1200s] still running...
2026-07-26T02:04:13  ML-DSA-87 run 4: run_id=14008925183213210754 -> completed
  CSV rows: 600  (expected ≤ 600)
2026-07-26T02:04:28  [27/40] starting ECDSA-256 run 4

============================================================
  ECDSA-256  —  run 4/5
============================================================
  [11s] still running...
  [24s] still running...
  [36s] still running...
  [47s] still running...
  [60s] still running...
  [72s] still running...
  [84s] still running...
  [96s] still running...
  [109s] still running...
  [120s] still running...
  [132s] still running...
  [144s] still running...
  [156s] still running...
  [167s] still running...
  [180s] still running...
  [192s] still running...
  [204s] still running...
  [216s] still running...
  [228s] still running...
  [240s] still running...
  [252s] still running...
  [265s] still running...
  [276s] still running...
  [288s] still running...
  [300s] still running...
  [312s] still running...
  [323s] still running...
  [336s] still running...
  [348s] still running...
  [360s] still running...
  [372s] still running...
  [384s] still running...
  [396s] still running...
  [408s] still running...
  [421s] still running...
  [432s] still running...
  [444s] still running...
  [456s] still running...
  [468s] still running...
  [479s] still running...
  [492s] still running...
  [504s] still running...
  [516s] still running...
  [528s] still running...
  [540s] still running...
  [552s] still running...
  [564s] still running...
  [576s] still running...
  [588s] still running...
  [599s] still running...
  [611s] still running...
  [624s] still running...
  [635s] still running...
  [648s] still running...
  [660s] still running...
  [672s] still running...
  [684s] still running...
  [697s] still running...
  [708s] still running...
  [720s] still running...
  [732s] still running...
  [744s] still running...
  [756s] still running...
  [768s] still running...
  [781s] still running...
  [792s] still running...
  [804s] still running...
  [817s] still running...
  [829s] still running...
  [841s] still running...
  [853s] still running...
  [865s] still running...
  [876s] still running...
  [889s] still running...
  [901s] still running...
  [913s] still running...
  [925s] still running...
  [937s] still running...
  [949s] still running...
  [961s] still running...
  [974s] still running...
  [985s] still running...
  [997s] still running...
  [1010s] still running...
  [1021s] still running...
  [1033s] still running...
  [1045s] still running...
  [1057s] still running...
  [1069s] still running...
  [1081s] still running...
  [1094s] still running...
  [1105s] still running...
  [1118s] still running...
  [1130s] still running...
  [1141s] still running...
  [1153s] still running...
  [1165s] still running...
  [1177s] still running...
  [1189s] still running...
2026-07-26T02:24:35  ECDSA-256 run 4: run_id=14600120340646319822 -> completed
  CSV rows: 600  (expected ≤ 600)
2026-07-26T02:24:50  [28/40] starting ML-DSA-44 run 4

============================================================
  ML-DSA-44  —  run 4/5
============================================================
  [11s] still running...
  [24s] still running...
  [36s] still running...
  [48s] still running...
  [60s] still running...
  [72s] still running...
  [84s] still running...
  [96s] still running...
  [108s] still running...
  [120s] still running...
  [132s] still running...
  [144s] still running...
  [156s] still running...
  [167s] still running...
  [180s] still running...
  [192s] still running...
  [203s] still running...
  [216s] still running...
  [228s] still running...
  [240s] still running...
  [252s] still running...
  [264s] still running...
  [276s] still running...
  [288s] still running...
  [300s] still running...
  [312s] still running...
  [323s] still running...
  [336s] still running...
  [348s] still running...
  [359s] still running...
  [372s] still running...
  [384s] still running...
  [396s] still running...
  [408s] still running...
  [420s] still running...
  [432s] still running...
  [444s] still running...
  [456s] still running...
  [468s] still running...
  [479s] still running...
  [491s] still running...
  [504s] still running...
  [515s] still running...
  [527s] still running...
  [540s] still running...
  [551s] still running...
  [564s] still running...
  [576s] still running...
  [587s] still running...
  [599s] still running...
  [611s] still running...
  [623s] still running...
  [634s] still running...
  [647s] still running...
  [659s] still running...
  [670s] still running...
  [683s] still running...
  [695s] still running...
  [707s] still running...
  [719s] still running...
  [731s] still running...
  [743s] still running...
  [754s] still running...
  [767s] still running...
  [779s] still running...
  [790s] still running...
  [803s] still running...
  [815s] still running...
  [827s] still running...
  [839s] still running...
  [851s] still running...
  [863s] still running...
  [875s] still running...
  [887s] still running...
  [899s] still running...
  [910s] still running...
  [922s] still running...
  [935s] still running...
  [946s] still running...
  [959s] still running...
  [971s] still running...
  [982s] still running...
  [995s] still running...
  [1007s] still running...
  [1018s] still running...
  [1030s] still running...
  [1042s] still running...
  [1054s] still running...
  [1066s] still running...
  [1078s] still running...
  [1091s] still running...
  [1102s] still running...
  [1114s] still running...
  [1127s] still running...
  [1138s] still running...
  [1150s] still running...
  [1163s] still running...
  [1174s] still running...
  [1185s] still running...
2026-07-26T02:44:54  ML-DSA-44 run 4: run_id=4286566722453879007 -> completed
  CSV rows: 600  (expected ≤ 600)
2026-07-26T02:45:09  [29/40] starting Falcon-padded-512 run 4

============================================================
  Falcon-padded-512  —  run 4/5
============================================================
  [11s] still running...
  [24s] still running...
  [36s] still running...
  [47s] still running...
  [60s] still running...
  [72s] still running...
  [84s] still running...
  [96s] still running...
  [108s] still running...
  [120s] still running...
  [131s] still running...
  [144s] still running...
  [155s] still running...
  [167s] still running...
  [179s] still running...
  [191s] still running...
  [203s] still running...
  [215s] still running...
  [228s] still running...
  [239s] still running...
  [251s] still running...
  [264s] still running...
  [275s] still running...
  [287s] still running...
  [299s] still running...
  [312s] still running...
  [323s] still running...
  [335s] still running...
  [348s] still running...
  [359s] still running...
  [372s] still running...
  [384s] still running...
  [395s] still running...
  [407s] still running...
  [419s] still running...
  [431s] still running...
  [443s] still running...
  [455s] still running...
  [468s] still running...
  [479s] still running...
  [492s] still running...
  [504s] still running...
  [515s] still running...
  [527s] still running...
  [539s] still running...
  [551s] still running...
  [562s] still running...
  [574s] still running...
  [587s] still running...
  [598s] still running...
  [611s] still running...
  [623s] still running...
  [634s] still running...
  [647s] still running...
  [659s] still running...
  [671s] still running...
  [682s] still running...
  [694s] still running...
  [706s] still running...
  [718s] still running...
  [730s] still running...
  [742s] still running...
  [754s] still running...
  [766s] still running...
  [779s] still running...
  [790s] still running...
  [802s] still running...
  [814s] still running...
  [826s] still running...
  [837s] still running...
  [850s] still running...
  [862s] still running...
  [874s] still running...
  [886s] still running...
  [898s] still running...
  [910s] still running...
  [922s] still running...
  [935s] still running...
  [946s] still running...
  [958s] still running...
  [970s] still running...
  [982s] still running...
  [994s] still running...
  [1006s] still running...
  [1019s] still running...
  [1030s] still running...
  [1043s] still running...
  [1055s] still running...
  [1066s] still running...
  [1078s] still running...
  [1091s] still running...
  [1102s] still running...
  [1114s] still running...
  [1126s] still running...
  [1138s] still running...
  [1150s] still running...
  [1162s] still running...
  [1175s] still running...
  [1186s] still running...
2026-07-26T03:05:13  Falcon-padded-512 run 4: run_id=15141906437484171634 -> completed
  CSV rows: 600  (expected ≤ 600)
2026-07-26T03:05:28  [30/40] starting SPHINCS+-SHA2-128s-simple run 4

============================================================
  SPHINCS+-SHA2-128s-simple  —  run 4/5
============================================================
  [11s] still running...
  [23s] still running...
  [36s] still running...
  [47s] still running...
  [60s] still running...
  [72s] still running...
  [84s] still running...
  [96s] still running...
  [108s] still running...
  [120s] still running...
  [132s] still running...
  [144s] still running...
  [156s] still running...
  [168s] still running...
  [180s] still running...
  [192s] still running...
  [204s] still running...
  [216s] still running...
  [229s] still running...
  [240s] still running...
  [252s] still running...
  [264s] still running...
  [276s] still running...
  [288s] still running...
  [300s] still running...
  [313s] still running...
  [324s] still running...
  [336s] still running...
  [349s] still running...
  [360s] still running...
  [372s] still running...
  [384s] still running...
  [397s] still running...
  [408s] still running...
  [420s] still running...
  [433s] still running...
  [444s] still running...
  [457s] still running...
  [469s] still running...
  [480s] still running...
  [492s] still running...
  [504s] still running...
  [516s] still running...
  [528s] still running...
  [540s] still running...
  [552s] still running...
  [564s] still running...
  [576s] still running...
  [588s] still running...
  [600s] still running...
  [611s] still running...
  [624s] still running...
  [636s] still running...
  [648s] still running...
  [660s] still running...
  [673s] still running...
  [684s] still running...
  [696s] still running...
  [709s] still running...
  [720s] still running...
  [732s] still running...
  [745s] still running...
  [757s] still running...
  [768s] still running...
  [781s] still running...
  [793s] still running...
  [805s] still running...
  [817s] still running...
  [829s] still running...
  [841s] still running...
  [852s] still running...
  [865s] still running...
  [877s] still running...
  [888s] still running...
  [901s] still running...
  [913s] still running...
  [925s] still running...
  [937s] still running...
  [950s] still running...
  [961s] still running...
  [973s] still running...
  [985s] still running...
  [997s] still running...
  [1009s] still running...
  [1021s] still running...
  [1034s] still running...
  [1045s] still running...
  [1057s] still running...
  [1070s] still running...
  [1081s] still running...
  [1093s] still running...
  [1105s] still running...
  [1118s] still running...
  [1129s] still running...
  [1141s] still running...
  [1154s] still running...
  [1165s] still running...
  [1178s] still running...
  [1190s] still running...
  [1202s] still running...
  [1213s] still running...
2026-07-26T03:26:00  SPHINCS+-SHA2-128s-simple run 4: run_id=140236023835468786 -> completed
  CSV rows: 600  (expected ≤ 600)
2026-07-26T03:26:15  [31/40] starting no_signature run 4

============================================================
  no_signature  —  run 4/5
============================================================
  [11s] still running...
  [23s] still running...
  [36s] still running...
  [47s] still running...
  [60s] still running...
  [72s] still running...
  [84s] still running...
  [96s] still running...
  [108s] still running...
  [120s] still running...
  [132s] still running...
  [145s] still running...
  [156s] still running...
  [168s] still running...
  [180s] still running...
  [192s] still running...
  [204s] still running...
  [216s] still running...
  [229s] still running...
  [240s] still running...
  [252s] still running...
  [265s] still running...
  [276s] still running...
  [288s] still running...
  [300s] still running...
  [312s] still running...
  [323s] still running...
  [335s] still running...
  [348s] still running...
  [359s] still running...
  [372s] still running...
  [384s] still running...
  [396s] still running...
  [407s] still running...
  [420s] still running...
  [431s] still running...
  [443s] still running...
  [455s] still running...
  [467s] still running...
  [479s] still running...
  [491s] still running...
  [503s] still running...
  [515s] still running...
  [527s] still running...
  [540s] still running...
  [551s] still running...
  [563s] still running...
  [575s] still running...
  [587s] still running...
  [599s] still running...
  [611s] still running...
  [623s] still running...
  [635s] still running...
  [647s] still running...
  [660s] still running...
  [671s] still running...
  [683s] still running...
  [695s] still running...
  [707s] still running...
  [719s] still running...
  [731s] still running...
  [744s] still running...
  [755s] still running...
  [767s] still running...
  [780s] still running...
  [791s] still running...
  [802s] still running...
  [815s] still running...
  [827s] still running...
  [838s] still running...
  [851s] still running...
  [863s] still running...
  [874s] still running...
  [887s] still running...
  [899s] still running...
  [911s] still running...
  [923s] still running...
  [935s] still running...
  [947s] still running...
  [958s] still running...
  [971s] still running...
  [983s] still running...
  [995s] still running...
  [1007s] still running...
  [1020s] still running...
  [1031s] still running...
  [1043s] still running...
  [1056s] still running...
  [1067s] still running...
  [1079s] still running...
  [1091s] still running...
  [1103s] still running...
  [1115s] still running...
  [1127s] still running...
  [1139s] still running...
  [1151s] still running...
  [1163s] still running...
  [1176s] still running...
  [1187s] still running...
  [1199s] still running...
2026-07-26T03:46:32  no_signature run 4: run_id=1584706330672645683 -> completed
  CSV rows: 600  (expected ≤ 600)
2026-07-26T03:46:47  [32/40] starting RSA-2048 run 4

============================================================
  RSA-2048  —  run 4/5
============================================================
  [11s] still running...
  [23s] still running...
  [36s] still running...
  [47s] still running...
  [59s] still running...
  [72s] still running...
  [83s] still running...
  [96s] still running...
  [108s] still running...
  [119s] still running...
  [131s] still running...
  [143s] still running...
  [155s] still running...
  [167s] still running...
  [179s] still running...
  [191s] still running...
  [203s] still running...
  [215s] still running...
  [227s] still running...
  [239s] still running...
  [250s] still running...
  [263s] still running...
  [275s] still running...
  [286s] still running...
  [299s] still running...
  [311s] still running...
  [322s] still running...
  [335s] still running...
  [347s] still running...
  [359s] still running...
  [370s] still running...
  [383s] still running...
  [395s] still running...
  [406s] still running...
  [418s] still running...
  [431s] still running...
  [442s] still running...
  [455s] still running...
  [467s] still running...
  [478s] still running...
  [490s] still running...
  [502s] still running...
  [514s] still running...
  [526s] still running...
  [538s] still running...
  [550s] still running...
  [562s] still running...
  [574s] still running...
  [586s] still running...
  [598s] still running...
  [610s] still running...
  [622s] still running...
  [634s] still running...
  [645s] still running...
  [658s] still running...
  [670s] still running...
  [682s] still running...
  [694s] still running...
  [706s] still running...
  [718s] still running...
  [730s] still running...
  [743s] still running...
  [754s] still running...
  [766s] still running...
  [778s] still running...
  [790s] still running...
  [802s] still running...
  [814s] still running...
  [826s] still running...
  [838s] still running...
  [850s] still running...
  [863s] still running...
  [874s] still running...
  [886s] still running...
  [898s] still running...
  [910s] still running...
  [922s] still running...
  [934s] still running...
  [946s] still running...
  [958s] still running...
  [970s] still running...
  [982s] still running...
  [994s] still running...
  [1005s] still running...
  [1018s] still running...
  [1030s] still running...
  [1041s] still running...
  [1053s] still running...
  [1066s] still running...
  [1077s] still running...
  [1090s] still running...
  [1102s] still running...
  [1113s] still running...
  [1125s] still running...
  [1137s] still running...
  [1149s] still running...
  [1160s] still running...
  [1172s] still running...
  [1185s] still running...
  [1196s] still running...
2026-07-26T04:07:02  RSA-2048 run 4: run_id=14820124902989799118 -> completed
  CSV rows: 600  (expected ≤ 600)
2026-07-26T04:07:17  run 5: scheme order = ['no_signature', 'ML-DSA-44', 'ML-DSA-65', 'SPHINCS+-SHA2-128s-simple', 'Falcon-padded-512', 'ML-DSA-87', 'RSA-2048', 'ECDSA-256']
2026-07-26T04:07:17  [33/40] starting no_signature run 5

============================================================
  no_signature  —  run 5/5
============================================================
  [11s] still running...
  [24s] still running...
  [36s] still running...
  [47s] still running...
  [60s] still running...
  [72s] still running...
  [83s] still running...
  [96s] still running...
  [108s] still running...
  [120s] still running...
  [131s] still running...
  [144s] still running...
  [155s] still running...
  [167s] still running...
  [179s] still running...
  [191s] still running...
  [203s] still running...
  [215s] still running...
  [227s] still running...
  [239s] still running...
  [251s] still running...
  [263s] still running...
  [275s] still running...
  [287s] still running...
  [299s] still running...
  [311s] still running...
  [323s] still running...
  [335s] still running...
  [348s] still running...
  [359s] still running...
  [371s] still running...
  [384s] still running...
  [395s] still running...
  [407s] still running...
  [419s] still running...
  [431s] still running...
  [442s] still running...
  [455s] still running...
  [467s] still running...
  [479s] still running...
  [491s] still running...
  [503s] still running...
  [515s] still running...
  [527s] still running...
  [539s] still running...
  [551s] still running...
  [562s] still running...
  [574s] still running...
  [586s] still running...
  [598s] still running...
  [610s] still running...
  [622s] still running...
  [634s] still running...
  [646s] still running...
  [659s] still running...
  [670s] still running...
  [683s] still running...
  [695s] still running...
  [707s] still running...
  [718s] still running...
  [731s] still running...
  [743s] still running...
  [754s] still running...
  [767s] still running...
  [779s] still running...
  [791s] still running...
  [803s] still running...
  [815s] still running...
  [827s] still running...
  [839s] still running...
  [852s] still running...
  [863s] still running...
  [874s] still running...
  [887s] still running...
  [899s] still running...
  [911s] still running...
  [923s] still running...
  [935s] still running...
  [947s] still running...
  [959s] still running...
  [971s] still running...
  [983s] still running...
  [994s] still running...
  [1007s] still running...
  [1019s] still running...
  [1030s] still running...
  [1042s] still running...
  [1055s] still running...
  [1066s] still running...
  [1079s] still running...
  [1091s] still running...
  [1102s] still running...
  [1115s] still running...
  [1127s] still running...
  [1139s] still running...
  [1150s] still running...
  [1162s] still running...
  [1174s] still running...
  [1186s] still running...
2026-07-26T04:27:21  no_signature run 5: run_id=12728386769574009221 -> completed
  CSV rows: 750  (expected ≤ 750)
2026-07-26T04:27:36  [34/40] starting ML-DSA-44 run 5

============================================================
  ML-DSA-44  —  run 5/5
============================================================
  [11s] still running...
  [24s] still running...
  [36s] still running...
  [47s] still running...
  [60s] still running...
  [72s] still running...
  [84s] still running...
  [96s] still running...
  [109s] still running...
  [120s] still running...
  [131s] still running...
  [144s] still running...
  [155s] still running...
  [167s] still running...
  [179s] still running...
  [191s] still running...
  [203s] still running...
  [215s] still running...
  [228s] still running...
  [239s] still running...
  [251s] still running...
  [264s] still running...
  [275s] still running...
  [287s] still running...
  [299s] still running...
  [312s] still running...
  [323s] still running...
  [335s] still running...
  [348s] still running...
  [359s] still running...
  [372s] still running...
  [384s] still running...
  [396s] still running...
  [407s] still running...
  [420s] still running...
  [431s] still running...
  [442s] still running...
  [455s] still running...
  [467s] still running...
  [479s] still running...
  [491s] still running...
  [504s] still running...
  [515s] still running...
  [527s] still running...
  [539s] still running...
  [550s] still running...
  [562s] still running...
  [574s] still running...
  [587s] still running...
  [598s] still running...
  [611s] still running...
  [623s] still running...
  [634s] still running...
  [647s] still running...
  [659s] still running...
  [671s] still running...
  [682s] still running...
  [695s] still running...
  [707s] still running...
  [718s] still running...
  [730s] still running...
  [743s] still running...
  [754s] still running...
  [767s] still running...
  [779s] still running...
  [791s] still running...
  [803s] still running...
  [815s] still running...
  [827s] still running...
  [838s] still running...
  [851s] still running...
  [863s] still running...
  [875s] still running...
  [887s] still running...
  [899s] still running...
  [911s] still running...
  [923s] still running...
  [936s] still running...
  [947s] still running...
  [959s] still running...
  [971s] still running...
  [983s] still running...
  [994s] still running...
  [1007s] still running...
  [1019s] still running...
  [1030s] still running...
  [1043s] still running...
  [1055s] still running...
  [1067s] still running...
  [1078s] still running...
  [1091s] still running...
  [1102s] still running...
  [1114s] still running...
  [1126s] still running...
  [1138s] still running...
  [1150s] still running...
  [1162s] still running...
  [1175s] still running...
  [1186s] still running...
  [1198s] still running...
2026-07-26T04:47:52  ML-DSA-44 run 5: run_id=15043302866641031382 -> completed
  CSV rows: 750  (expected ≤ 750)
2026-07-26T04:48:07  [35/40] starting ML-DSA-65 run 5

============================================================
  ML-DSA-65  —  run 5/5
============================================================
  [11s] still running...
  [24s] still running...
  [36s] still running...
  [47s] still running...
  [60s] still running...
  [72s] still running...
  [84s] still running...
  [96s] still running...
  [108s] still running...
  [120s] still running...
  [131s] still running...
  [143s] still running...
  [155s] still running...
  [167s] still running...
  [179s] still running...
  [191s] still running...
  [203s] still running...
  [215s] still running...
  [227s] still running...
  [239s] still running...
  [251s] still running...
  [263s] still running...
  [275s] still running...
  [286s] still running...
  [298s] still running...
  [311s] still running...
  [322s] still running...
  [335s] still running...
  [347s] still running...
  [358s] still running...
  [371s] still running...
  [383s] still running...
  [395s] still running...
  [406s] still running...
  [418s] still running...
  [431s] still running...
  [442s] still running...
  [455s] still running...
  [467s] still running...
  [479s] still running...
  [491s] still running...
  [504s] still running...
  [515s] still running...
  [527s] still running...
  [539s] still running...
  [551s] still running...
  [562s] still running...
  [575s] still running...
  [587s] still running...
  [599s] still running...
  [611s] still running...
  [624s] still running...
  [635s] still running...
  [647s] still running...
  [660s] still running...
  [671s] still running...
  [683s] still running...
  [695s] still running...
  [707s] still running...
  [719s] still running...
  [731s] still running...
  [744s] still running...
  [755s] still running...
  [768s] still running...
  [780s] still running...
  [792s] still running...
  [803s] still running...
  [815s] still running...
  [827s] still running...
  [838s] still running...
  [851s] still running...
  [863s] still running...
  [875s] still running...
  [887s] still running...
  [900s] still running...
  [911s] still running...
  [923s] still running...
  [936s] still running...
  [947s] still running...
  [959s] still running...
  [971s] still running...
  [984s] still running...
  [995s] still running...
  [1007s] still running...
  [1020s] still running...
  [1031s] still running...
  [1044s] still running...
  [1056s] still running...
  [1068s] still running...
  [1079s] still running...
  [1092s] still running...
  [1103s] still running...
  [1115s] still running...
  [1127s] still running...
  [1140s] still running...
  [1151s] still running...
  [1164s] still running...
  [1176s] still running...
  [1188s] still running...
  [1199s] still running...
2026-07-26T05:08:25  ML-DSA-65 run 5: run_id=3427052989349863689 -> completed
  CSV rows: 750  (expected ≤ 750)
2026-07-26T05:08:40  [36/40] starting SPHINCS+-SHA2-128s-simple run 5

============================================================
  SPHINCS+-SHA2-128s-simple  —  run 5/5
============================================================
  [11s] still running...
  [23s] still running...
  [36s] still running...
  [47s] still running...
  [59s] still running...
  [72s] still running...
  [83s] still running...
  [96s] still running...
  [108s] still running...
  [120s] still running...
  [131s] still running...
  [144s] still running...
  [156s] still running...
  [167s] still running...
  [179s] still running...
  [192s] still running...
  [203s] still running...
  [216s] still running...
  [228s] still running...
  [240s] still running...
  [251s] still running...
  [264s] still running...
  [276s] still running...
  [287s] still running...
  [299s] still running...
  [312s] still running...
  [323s] still running...
  [336s] still running...
  [348s] still running...
  [359s] still running...
  [371s] still running...
  [384s] still running...
  [395s] still running...
  [406s] still running...
  [419s] still running...
  [431s] still running...
  [442s] still running...
  [455s] still running...
  [467s] still running...
  [478s] still running...
  [490s] still running...
  [502s] still running...
  [514s] still running...
  [525s] still running...
  [538s] still running...
  [550s] still running...
  [562s] still running...
  [574s] still running...
  [587s] still running...
  [598s] still running...
  [610s] still running...
  [622s] still running...
  [634s] still running...
  [645s] still running...
  [657s] still running...
  [670s] still running...
  [681s] still running...
  [693s] still running...
  [706s] still running...
  [717s] still running...
  [729s] still running...
  [742s] still running...
  [753s] still running...
  [765s] still running...
  [777s] still running...
  [789s] still running...
  [801s] still running...
  [813s] still running...
  [825s] still running...
  [837s] still running...
  [849s] still running...
  [861s] still running...
  [873s] still running...
  [884s] still running...
  [896s] still running...
  [909s] still running...
  [920s] still running...
  [932s] still running...
  [945s] still running...
  [956s] still running...
  [968s] still running...
  [980s] still running...
  [992s] still running...
  [1003s] still running...
  [1016s] still running...
  [1028s] still running...
  [1039s] still running...
  [1052s] still running...
  [1064s] still running...
  [1076s] still running...
  [1087s] still running...
  [1100s] still running...
  [1111s] still running...
  [1122s] still running...
  [1135s] still running...
  [1147s] still running...
  [1159s] still running...
  [1171s] still running...
  [1183s] still running...
  [1195s] still running...
  [1206s] still running...
2026-07-26T05:29:05  SPHINCS+-SHA2-128s-simple run 5: run_id=9535371820740592018 -> completed
  CSV rows: 750  (expected ≤ 750)
2026-07-26T05:29:20  [37/40] starting Falcon-padded-512 run 5

============================================================
  Falcon-padded-512  —  run 5/5
============================================================
  [11s] still running...
  [24s] still running...
  [36s] still running...
  [48s] still running...
  [60s] still running...
  [72s] still running...
  [84s] still running...
  [96s] still running...
  [109s] still running...
  [120s] still running...
  [132s] still running...
  [145s] still running...
  [156s] still running...
  [168s] still running...
  [180s] still running...
  [192s] still running...
  [204s] still running...
  [216s] still running...
  [229s] still running...
  [240s] still running...
  [252s] still running...
  [265s] still running...
  [276s] still running...
  [288s] still running...
  [300s] still running...
  [312s] still running...
  [324s] still running...
  [336s] still running...
  [348s] still running...
  [360s] still running...
  [372s] still running...
  [385s] still running...
  [396s] still running...
  [408s] still running...
  [421s] still running...
  [432s] still running...
  [444s] still running...
  [456s] still running...
  [468s] still running...
  [480s] still running...
  [492s] still running...
  [505s] still running...
  [516s] still running...
  [528s] still running...
  [540s] still running...
  [552s] still running...
  [564s] still running...
  [576s] still running...
  [588s] still running...
  [600s] still running...
  [612s] still running...
  [624s] still running...
  [636s] still running...
  [648s] still running...
  [661s] still running...
  [672s] still running...
  [684s] still running...
  [696s] still running...
  [707s] still running...
  [719s] still running...
  [731s] still running...
  [743s] still running...
  [755s] still running...
  [767s] still running...
  [779s] still running...
  [791s] still running...
  [803s] still running...
  [816s] still running...
  [827s] still running...
  [839s] still running...
  [851s] still running...
  [863s] still running...
  [875s] still running...
  [887s] still running...
  [899s] still running...
  [911s] still running...
  [923s] still running...
  [935s] still running...
  [947s] still running...
  [958s] still running...
  [971s] still running...
  [982s] still running...
  [994s] still running...
  [1006s] still running...
  [1019s] still running...
  [1030s] still running...
  [1042s] still running...
  [1055s] still running...
  [1066s] still running...
  [1079s] still running...
  [1091s] still running...
  [1102s] still running...
  [1114s] still running...
  [1126s] still running...
  [1139s] still running...
  [1150s] still running...
  [1162s] still running...
  [1175s] still running...
  [1186s] still running...
2026-07-26T05:49:24  Falcon-padded-512 run 5: run_id=408256375643063047 -> completed
  CSV rows: 750  (expected ≤ 750)
2026-07-26T05:49:39  [38/40] starting ML-DSA-87 run 5

============================================================
  ML-DSA-87  —  run 5/5
============================================================
  [11s] still running...
  [23s] still running...
  [36s] still running...
  [47s] still running...
  [59s] still running...
  [72s] still running...
  [83s] still running...
  [96s] still running...
  [108s] still running...
  [119s] still running...
  [131s] still running...
  [143s] still running...
  [155s] still running...
  [167s] still running...
  [179s] still running...
  [192s] still running...
  [203s] still running...
  [215s] still running...
  [228s] still running...
  [239s] still running...
  [251s] still running...
  [263s] still running...
  [275s] still running...
  [286s] still running...
  [299s] still running...
  [311s] still running...
  [323s] still running...
  [335s] still running...
  [347s] still running...
  [359s] still running...
  [371s] still running...
  [384s] still running...
  [395s] still running...
  [407s] still running...
  [419s] still running...
  [431s] still running...
  [443s] still running...
  [455s] still running...
  [467s] still running...
  [479s] still running...
  [491s] still running...
  [504s] still running...
  [515s] still running...
  [527s] still running...
  [539s] still running...
  [551s] still running...
  [562s] still running...
  [575s] still running...
  [587s] still running...
  [599s] still running...
  [611s] still running...
  [624s] still running...
  [635s] still running...
  [648s] still running...
  [660s] still running...
  [671s] still running...
  [683s] still running...
  [695s] still running...
  [708s] still running...
  [719s] still running...
  [731s] still running...
  [744s] still running...
  [755s] still running...
  [768s] still running...
  [780s] still running...
  [791s] still running...
  [803s] still running...
  [816s] still running...
  [827s] still running...
  [839s] still running...
  [851s] still running...
  [864s] still running...
  [875s] still running...
  [887s] still running...
  [900s] still running...
  [911s] still running...
  [924s] still running...
  [936s] still running...
  [947s] still running...
  [959s] still running...
  [972s] still running...
  [983s] still running...
  [995s] still running...
  [1007s] still running...
  [1019s] still running...
  [1031s] still running...
  [1043s] still running...
  [1056s] still running...
  [1067s] still running...
  [1079s] still running...
  [1092s] still running...
  [1103s] still running...
  [1115s] still running...
  [1127s] still running...
  [1140s] still running...
  [1151s] still running...
  [1163s] still running...
  [1176s] still running...
  [1187s] still running...
  [1199s] still running...
2026-07-26T06:09:56  ML-DSA-87 run 5: run_id=13257380286747274641 -> completed
  CSV rows: 750  (expected ≤ 750)
2026-07-26T06:10:11  [39/40] starting RSA-2048 run 5

============================================================
  RSA-2048  —  run 5/5
============================================================
  [11s] still running...
  [24s] still running...
  [36s] still running...
  [47s] still running...
  [60s] still running...
  [72s] still running...
  [83s] still running...
  [96s] still running...
  [108s] still running...
  [120s] still running...
  [131s] still running...
  [143s] still running...
  [155s] still running...
  [166s] still running...
  [179s] still running...
  [191s] still running...
  [202s] still running...
  [215s] still running...
  [227s] still running...
  [239s] still running...
  [250s] still running...
  [263s] still running...
  [274s] still running...
  [286s] still running...
  [298s] still running...
  [310s] still running...
  [322s] still running...
  [334s] still running...
  [347s] still running...
  [358s] still running...
  [370s] still running...
  [382s] still running...
  [394s] still running...
  [405s] still running...
  [418s] still running...
  [430s] still running...
  [442s] still running...
  [454s] still running...
  [466s] still running...
  [478s] still running...
  [490s] still running...
  [503s] still running...
  [514s] still running...
  [526s] still running...
  [538s] still running...
  [551s] still running...
  [562s] still running...
  [575s] still running...
  [587s] still running...
  [599s] still running...
  [611s] still running...
  [623s] still running...
  [635s] still running...
  [646s] still running...
  [659s] still running...
  [671s] still running...
  [683s] still running...
  [695s] still running...
  [707s] still running...
  [719s] still running...
  [731s] still running...
  [743s] still running...
  [755s] still running...
  [766s] still running...
  [779s] still running...
  [791s] still running...
  [802s] still running...
  [815s] still running...
  [827s] still running...
  [838s] still running...
  [851s] still running...
  [863s] still running...
  [875s] still running...
  [886s] still running...
  [899s] still running...
  [911s] still running...
  [922s] still running...
  [934s] still running...
  [947s] still running...
  [958s] still running...
  [970s] still running...
  [983s] still running...
  [994s] still running...
  [1006s] still running...
  [1019s] still running...
  [1030s] still running...
  [1042s] still running...
  [1054s] still running...
  [1066s] still running...
  [1078s] still running...
  [1090s] still running...
  [1103s] still running...
  [1114s] still running...
  [1126s] still running...
  [1139s] still running...
  [1150s] still running...
  [1162s] still running...
  [1174s] still running...
  [1187s] still running...
  [1198s] still running...
2026-07-26T06:30:28  RSA-2048 run 5: run_id=12455957932112630950 -> completed
  CSV rows: 750  (expected ≤ 750)
2026-07-26T06:30:43  [40/40] starting ECDSA-256 run 5

============================================================
  ECDSA-256  —  run 5/5
============================================================
  [11s] still running...
  [23s] still running...
  [36s] still running...
  [47s] still running...
  [60s] still running...
  [72s] still running...
  [84s] still running...
  [96s] still running...
  [108s] still running...
  [120s] still running...
  [132s] still running...
  [144s] still running...
  [155s] still running...
  [167s] still running...
  [179s] still running...
  [191s] still running...
  [203s] still running...
  [215s] still running...
  [228s] still running...
  [239s] still running...
  [252s] still running...
  [264s] still running...
  [275s] still running...
  [287s] still running...
  [299s] still running...
  [312s] still running...
  [323s] still running...
  [336s] still running...
  [348s] still running...
  [360s] still running...
  [372s] still running...
  [384s] still running...
  [396s] still running...
  [407s] still running...
  [420s] still running...
  [431s] still running...
  [443s] still running...
  [455s] still running...
  [468s] still running...
  [479s] still running...
  [492s] still running...
  [504s] still running...
  [516s] still running...
  [528s] still running...
  [540s] still running...
  [552s] still running...
  [563s] still running...
  [576s] still running...
  [588s] still running...
  [600s] still running...
  [612s] still running...
  [625s] still running...
  [636s] still running...
  [648s] still running...
  [661s] still running...
  [672s] still running...
  [684s] still running...
  [696s] still running...
  [708s] still running...
  [719s] still running...
  [732s] still running...
  [744s] still running...
  [755s] still running...
  [768s] still running...
  [780s] still running...
  [792s] still running...
  [804s] still running...
  [816s] still running...
  [828s] still running...
  [839s] still running...
  [852s] still running...
  [864s] still running...
  [875s] still running...
  [888s] still running...
  [900s] still running...
  [911s] still running...
  [924s] still running...
  [936s] still running...
  [948s] still running...
  [960s] still running...
  [972s] still running...
  [984s] still running...
  [995s] still running...
  [1008s] still running...
  [1020s] still running...
  [1031s] still running...
  [1044s] still running...
  [1056s] still running...
  [1067s] still running...
  [1080s] still running...
  [1092s] still running...
  [1104s] still running...
  [1115s] still running...
  [1128s] still running...
  [1139s] still running...
  [1151s] still running...
  [1163s] still running...
  [1175s] still running...
  [1187s] still running...
2026-07-26T06:50:48  ECDSA-256 run 5: run_id=17628772498760327322 -> completed
  CSV rows: 750  (expected ≤ 750)

============================================================
All schemes done! Results:
  ECDSA-256.csv: 750 rows  (expected 750)
  ECDSA-256_eval.csv: 155 rows  (expected 750)
  Falcon-padded-512.csv: 750 rows  (expected 750)
  Falcon-padded-512_eval.csv: 155 rows  (expected 750)
  ML-DSA-44.csv: 750 rows  (expected 750)
  ML-DSA-44_eval.csv: 155 rows  (expected 750)
  ML-DSA-65.csv: 750 rows  (expected 750)
  ML-DSA-65_eval.csv: 155 rows  (expected 750)
  ML-DSA-87.csv: 750 rows  (expected 750)
  ML-DSA-87_eval.csv: 155 rows  (expected 750)
  RSA-2048.csv: 750 rows  (expected 750)
  RSA-2048_eval.csv: 155 rows  (expected 750)
  SPHINCS+-SHA2-128s-simple.csv: 750 rows  (expected 750)
  SPHINCS+-SHA2-128s-simple_eval.csv: 155 rows  (expected 750)
  no_signature.csv: 750 rows  (expected 750)
  no_signature_eval.csv: 155 rows  (expected 750)
