2026-07-26T13:10:30  CPU governor (cpu0): performance
2026-07-26T13:10:30  run 1: scheme order = ['ML-DSA-44', 'ML-DSA-87', 'RSA-2048', 'Falcon-padded-512', 'SPHINCS+-SHA2-128s-simple', 'ECDSA-256', 'ML-DSA-65', 'no_signature']
2026-07-26T13:10:30  [1/40] starting ML-DSA-44 run 1

============================================================
  ML-DSA-44  —  run 1/5
============================================================
  [11s] still running...
  [23s] still running...
  [36s] still running...
  [47s] still running...
  [59s] still running...
  [72s] still running...
  [83s] still running...
  [96s] still running...
  [108s] still running...
  [119s] still running...
  [132s] still running...
  [144s] still running...
  [156s] still running...
  [168s] still running...
  [180s] still running...
  [192s] still running...
  [204s] still running...
  [216s] still running...
  [228s] still running...
  [240s] still running...
  [253s] still running...
  [264s] still running...
  [277s] still running...
  [289s] still running...
  [300s] still running...
  [313s] still running...
  [325s] still running...
  [337s] still running...
  [349s] still running...
  [362s] still running...
  [373s] still running...
  [385s] still running...
  [398s] still running...
  [409s] still running...
  [422s] still running...
  [434s] still running...
  [445s] still running...
  [457s] still running...
  [470s] still running...
  [481s] still running...
  [494s] still running...
  [506s] still running...
  [518s] still running...
  [530s] still running...
  [542s] still running...
  [553s] still running...
  [566s] still running...
  [578s] still running...
  [589s] still running...
  [602s] still running...
  [614s] still running...
  [625s] still running...
  [637s] still running...
  [650s] still running...
  [661s] still running...
  [673s] still running...
  [686s] still running...
  [697s] still running...
  [709s] still running...
  [722s] still running...
  [733s] still running...
  [745s] still running...
  [758s] still running...
  [769s] still running...
  [781s] still running...
  [793s] still running...
  [805s] still running...
  [817s] still running...
  [829s] still running...
  [841s] still running...
  [853s] still running...
  [865s] still running...
  [877s] still running...
  [889s] still running...
  [901s] still running...
  [913s] still running...
  [925s] still running...
  [937s] still running...
  [949s] still running...
  [961s] still running...
  [973s] still running...
  [985s] still running...
  [997s] still running...
  [1009s] still running...
  [1021s] still running...
  [1033s] still running...
  [1045s] still running...
  [1057s] still running...
  [1069s] still running...
  [1081s] still running...
  [1093s] still running...
2026-07-26T13:29:01  ML-DSA-44 run 1: run_id=4030163176401911658 -> completed
  CSV rows: 300  (expected ≤ 300)
2026-07-26T13:29:16  [2/40] starting ML-DSA-87 run 1

============================================================
  ML-DSA-87  —  run 1/5
============================================================
  [11s] still running...
  [24s] still running...
  [36s] still running...
  [47s] still running...
  [60s] still running...
  [72s] still running...
  [84s] still running...
  [96s] still running...
  [108s] still running...
  [120s] still running...
  [132s] still running...
  [145s] still running...
  [156s] still running...
  [168s] still running...
  [181s] still running...
  [192s] still running...
  [205s] still running...
  [217s] still running...
  [229s] still running...
  [241s] still running...
  [253s] still running...
  [265s] still running...
  [277s] still running...
  [290s] still running...
  [301s] still running...
  [314s] still running...
  [326s] still running...
  [337s] still running...
  [350s] still running...
  [362s] still running...
  [374s] still running...
  [386s] still running...
  [398s] still running...
  [410s] still running...
  [422s] still running...
  [435s] still running...
  [446s] still running...
  [459s] still running...
  [471s] still running...
  [482s] still running...
  [495s] still running...
  [507s] still running...
  [519s] still running...
  [531s] still running...
  [543s] still running...
  [555s] still running...
  [568s] still running...
  [580s] still running...
  [591s] still running...
  [604s] still running...
  [616s] still running...
  [628s] still running...
  [640s] still running...
  [652s] still running...
  [664s] still running...
  [676s] still running...
  [688s] still running...
  [700s] still running...
  [712s] still running...
  [725s] still running...
  [736s] still running...
  [749s] still running...
  [761s] still running...
  [772s] still running...
  [785s] still running...
  [797s] still running...
  [809s] still running...
  [821s] still running...
  [834s] still running...
  [846s] still running...
  [858s] still running...
  [870s] still running...
  [882s] still running...
  [895s] still running...
  [907s] still running...
  [919s] still running...
  [931s] still running...
  [943s] still running...
  [956s] still running...
  [968s] still running...
  [980s] still running...
  [992s] still running...
  [1005s] still running...
  [1017s] still running...
  [1029s] still running...
  [1041s] still running...
  [1054s] still running...
  [1065s] still running...
  [1078s] still running...
  [1090s] still running...
  [1102s] still running...
2026-07-26T13:47:57  ML-DSA-87 run 1: run_id=10816730975077461000 -> completed
  CSV rows: 300  (expected ≤ 300)
2026-07-26T13:48:12  [3/40] starting RSA-2048 run 1

============================================================
  RSA-2048  —  run 1/5
============================================================
  [11s] still running...
  [23s] still running...
  [36s] still running...
  [47s] still running...
  [60s] still running...
  [72s] still running...
  [84s] still running...
  [96s] still running...
  [108s] still running...
  [120s] still running...
  [132s] still running...
  [145s] still running...
  [156s] still running...
  [168s] still running...
  [181s] still running...
  [193s] still running...
  [205s] still running...
  [218s] still running...
  [229s] still running...
  [242s] still running...
  [254s] still running...
  [266s] still running...
  [279s] still running...
  [291s] still running...
  [303s] still running...
  [315s] still running...
  [328s] still running...
  [340s] still running...
  [352s] still running...
  [364s] still running...
  [376s] still running...
  [388s] still running...
  [401s] still running...
  [413s] still running...
  [425s] still running...
  [438s] still running...
  [450s] still running...
  [462s] still running...
  [475s] still running...
  [486s] still running...
  [499s] still running...
  [511s] still running...
  [523s] still running...
  [535s] still running...
  [547s] still running...
  [559s] still running...
  [571s] still running...
  [584s] still running...
  [596s] still running...
  [608s] still running...
  [620s] still running...
  [633s] still running...
  [645s] still running...
  [657s] still running...
  [669s] still running...
  [681s] still running...
  [694s] still running...
  [705s] still running...
  [718s] still running...
  [730s] still running...
  [742s] still running...
  [755s] still running...
  [767s] still running...
  [779s] still running...
  [792s] still running...
  [804s] still running...
  [816s] still running...
  [828s] still running...
  [841s] still running...
  [852s] still running...
  [864s] still running...
  [877s] still running...
  [889s] still running...
  [901s] still running...
  [913s] still running...
  [925s] still running...
  [936s] still running...
  [949s] still running...
  [961s] still running...
  [972s] still running...
  [985s] still running...
  [997s] still running...
  [1008s] still running...
  [1021s] still running...
  [1033s] still running...
  [1045s] still running...
  [1057s] still running...
  [1069s] still running...
  [1081s] still running...
  [1093s] still running...
  [1106s] still running...
  [1117s] still running...
2026-07-26T14:07:07  RSA-2048 run 1: run_id=6581022424381653985 -> completed
  CSV rows: 300  (expected ≤ 300)
2026-07-26T14:07:22  [4/40] starting Falcon-padded-512 run 1

============================================================
  Falcon-padded-512  —  run 1/5
============================================================
  [11s] still running...
  [23s] still running...
  [36s] still running...
  [48s] still running...
  [60s] still running...
  [72s] still running...
  [84s] still running...
  [97s] still running...
  [109s] still running...
  [121s] still running...
  [133s] still running...
  [146s] still running...
  [157s] still running...
  [169s] still running...
  [182s] still running...
  [193s] still running...
  [206s] still running...
  [218s] still running...
  [230s] still running...
  [242s] still running...
  [254s] still running...
  [266s] still running...
  [278s] still running...
  [290s] still running...
  [302s] still running...
  [314s] still running...
  [327s] still running...
  [338s] still running...
  [351s] still running...
  [363s] still running...
  [375s] still running...
  [387s] still running...
  [400s] still running...
  [411s] still running...
  [424s] still running...
  [436s] still running...
  [448s] still running...
  [460s] still running...
  [473s] still running...
  [484s] still running...
  [497s] still running...
  [509s] still running...
  [521s] still running...
  [533s] still running...
  [545s] still running...
  [557s] still running...
  [570s] still running...
  [582s] still running...
  [594s] still running...
  [606s] still running...
  [618s] still running...
  [630s] still running...
  [643s] still running...
  [655s] still running...
  [667s] still running...
  [679s] still running...
  [692s] still running...
  [703s] still running...
  [716s] still running...
  [728s] still running...
  [740s] still running...
  [753s] still running...
  [765s] still running...
  [777s] still running...
  [790s] still running...
  [802s] still running...
  [813s] still running...
  [826s] still running...
  [838s] still running...
  [850s] still running...
  [863s] still running...
  [875s] still running...
  [887s] still running...
  [899s] still running...
  [912s] still running...
  [923s] still running...
  [936s] still running...
  [948s] still running...
  [960s] still running...
  [972s] still running...
  [985s] still running...
  [997s] still running...
  [1009s] still running...
  [1021s] still running...
  [1033s] still running...
  [1046s] still running...
  [1058s] still running...
  [1070s] still running...
  [1082s] still running...
  [1095s] still running...
  [1107s] still running...
2026-07-26T14:26:07  Falcon-padded-512 run 1: run_id=18176850452143939138 -> completed
  CSV rows: 300  (expected ≤ 300)
2026-07-26T14:26:22  [5/40] starting SPHINCS+-SHA2-128s-simple run 1

============================================================
  SPHINCS+-SHA2-128s-simple  —  run 1/5
============================================================
  [11s] still running...
  [23s] still running...
  [36s] still running...
  [47s] still running...
  [60s] still running...
  [72s] still running...
  [83s] still running...
  [96s] still running...
  [108s] still running...
  [120s] still running...
  [132s] still running...
  [145s] still running...
  [156s] still running...
  [168s] still running...
  [181s] still running...
  [193s] still running...
  [205s] still running...
  [218s] still running...
  [229s] still running...
  [242s] still running...
  [254s] still running...
  [266s] still running...
  [278s] still running...
  [291s] still running...
  [303s] still running...
  [315s] still running...
  [327s] still running...
  [339s] still running...
  [352s] still running...
  [364s] still running...
  [376s] still running...
  [388s] still running...
  [399s] still running...
  [411s] still running...
  [423s] still running...
  [435s] still running...
  [447s] still running...
  [459s] still running...
  [471s] still running...
  [483s] still running...
  [495s] still running...
  [508s] still running...
  [520s] still running...
  [532s] still running...
  [544s] still running...
  [556s] still running...
  [568s] still running...
  [580s] still running...
  [593s] still running...
  [604s] still running...
  [617s] still running...
  [629s] still running...
  [640s] still running...
  [653s] still running...
  [665s] still running...
  [677s] still running...
  [689s] still running...
  [702s] still running...
  [714s] still running...
  [727s] still running...
  [739s] still running...
  [751s] still running...
  [763s] still running...
  [775s] still running...
  [787s] still running...
  [800s] still running...
  [812s] still running...
  [824s] still running...
  [836s] still running...
  [849s] still running...
  [860s] still running...
  [873s] still running...
  [885s] still running...
  [897s] still running...
  [909s] still running...
  [921s] still running...
  [933s] still running...
  [944s] still running...
  [957s] still running...
  [969s] still running...
  [980s] still running...
  [993s] still running...
  [1005s] still running...
  [1017s] still running...
  [1029s] still running...
  [1041s] still running...
  [1053s] still running...
  [1065s] still running...
  [1078s] still running...
  [1089s] still running...
  [1101s] still running...
  [1114s] still running...
  [1125s] still running...
2026-07-26T14:45:26  SPHINCS+-SHA2-128s-simple run 1: run_id=6968381299710568111 -> completed
  CSV rows: 300  (expected ≤ 300)
2026-07-26T14:45:41  [6/40] starting ECDSA-256 run 1

============================================================
  ECDSA-256  —  run 1/5
============================================================
  [11s] still running...
  [23s] still running...
  [36s] still running...
  [47s] still running...
  [60s] still running...
  [72s] still running...
  [84s] still running...
  [96s] still running...
  [108s] still running...
  [120s] still running...
  [132s] still running...
  [145s] still running...
  [156s] still running...
  [169s] still running...
  [181s] still running...
  [193s] still running...
  [205s] still running...
  [218s] still running...
  [229s] still running...
  [242s] still running...
  [254s] still running...
  [266s] still running...
  [279s] still running...
  [291s] still running...
  [302s] still running...
  [315s] still running...
  [327s] still running...
  [338s] still running...
  [351s] still running...
  [363s] still running...
  [375s] still running...
  [387s] still running...
  [399s] still running...
  [411s] still running...
  [424s] still running...
  [436s] still running...
  [448s] still running...
  [460s] still running...
  [472s] still running...
  [484s] still running...
  [496s] still running...
  [509s] still running...
  [520s] still running...
  [533s] still running...
  [545s] still running...
  [557s] still running...
  [570s] still running...
  [582s] still running...
  [594s] still running...
  [606s] still running...
  [618s] still running...
  [630s] still running...
  [643s] still running...
  [655s] still running...
  [666s] still running...
  [679s] still running...
  [691s] still running...
  [703s] still running...
  [715s] still running...
  [728s] still running...
  [739s] still running...
  [752s] still running...
  [764s] still running...
  [776s] still running...
  [788s] still running...
  [800s] still running...
  [812s] still running...
  [824s] still running...
  [836s] still running...
  [848s] still running...
  [861s] still running...
  [873s] still running...
  [885s] still running...
  [897s] still running...
  [909s] still running...
  [921s] still running...
  [934s] still running...
  [946s] still running...
  [958s] still running...
  [970s] still running...
  [982s] still running...
  [994s] still running...
  [1006s] still running...
  [1018s] still running...
  [1030s] still running...
  [1042s] still running...
  [1055s] still running...
  [1066s] still running...
  [1078s] still running...
  [1091s] still running...
  [1102s] still running...
2026-07-26T15:04:22  ECDSA-256 run 1: run_id=1756370278650823844 -> completed
  CSV rows: 300  (expected ≤ 300)
2026-07-26T15:04:37  [7/40] starting ML-DSA-65 run 1

============================================================
  ML-DSA-65  —  run 1/5
============================================================
  [11s] still running...
  [23s] still running...
  [36s] still running...
  [47s] still running...
  [59s] still running...
  [72s] still running...
  [83s] still running...
  [96s] still running...
  [108s] still running...
  [119s] still running...
  [132s] still running...
  [144s] still running...
  [156s] still running...
  [168s] still running...
  [181s] still running...
  [192s] still running...
  [204s] still running...
  [217s] still running...
  [228s] still running...
  [241s] still running...
  [253s] still running...
  [264s] still running...
  [277s] still running...
  [289s] still running...
  [300s] still running...
  [313s] still running...
  [325s] still running...
  [336s] still running...
  [349s] still running...
  [361s] still running...
  [373s] still running...
  [385s] still running...
  [398s] still running...
  [409s] still running...
  [421s] still running...
  [434s] still running...
  [445s] still running...
  [458s] still running...
  [470s] still running...
  [482s] still running...
  [494s] still running...
  [506s] still running...
  [518s] still running...
  [530s] still running...
  [543s] still running...
  [554s] still running...
  [567s] still running...
  [579s] still running...
  [591s] still running...
  [603s] still running...
  [615s] still running...
  [627s] still running...
  [639s] still running...
  [652s] still running...
  [663s] still running...
  [676s] still running...
  [688s] still running...
  [699s] still running...
  [712s] still running...
  [724s] still running...
  [736s] still running...
  [749s] still running...
  [761s] still running...
  [773s] still running...
  [785s] still running...
  [797s] still running...
  [809s] still running...
  [821s] still running...
  [833s] still running...
  [845s] still running...
  [857s] still running...
  [870s] still running...
  [881s] still running...
  [894s] still running...
  [906s] still running...
  [918s] still running...
  [930s] still running...
  [943s] still running...
  [954s] still running...
  [966s] still running...
  [979s] still running...
  [991s] still running...
  [1003s] still running...
  [1016s] still running...
  [1027s] still running...
  [1040s] still running...
  [1052s] still running...
  [1063s] still running...
  [1076s] still running...
  [1088s] still running...
  [1100s] still running...
2026-07-26T15:23:15  ML-DSA-65 run 1: run_id=3270069296299550835 -> completed
  CSV rows: 300  (expected ≤ 300)
2026-07-26T15:23:30  [8/40] starting no_signature run 1

============================================================
  no_signature  —  run 1/5
============================================================
  [11s] still running...
  [23s] still running...
  [36s] still running...
  [47s] still running...
  [59s] still running...
  [72s] still running...
  [83s] still running...
  [96s] still running...
  [108s] still running...
  [120s] still running...
  [132s] still running...
  [145s] still running...
  [156s] still running...
  [169s] still running...
  [181s] still running...
  [193s] still running...
  [205s] still running...
  [217s] still running...
  [229s] still running...
  [241s] still running...
  [254s] still running...
  [265s] still running...
  [278s] still running...
  [290s] still running...
  [301s] still running...
  [314s] still running...
  [326s] still running...
  [338s] still running...
  [350s] still running...
  [363s] still running...
  [374s] still running...
  [386s] still running...
  [399s] still running...
  [410s] still running...
  [423s] still running...
  [435s] still running...
  [446s] still running...
  [459s] still running...
  [471s] still running...
  [483s] still running...
  [495s] still running...
  [507s] still running...
  [518s] still running...
  [531s] still running...
  [543s] still running...
  [554s] still running...
  [567s] still running...
  [579s] still running...
  [591s] still running...
  [603s] still running...
  [615s] still running...
  [627s] still running...
  [639s] still running...
  [651s] still running...
  [662s] still running...
  [675s] still running...
  [687s] still running...
  [698s] still running...
  [711s] still running...
  [723s] still running...
  [734s] still running...
  [747s] still running...
  [759s] still running...
  [770s] still running...
  [783s] still running...
  [795s] still running...
  [806s] still running...
  [819s] still running...
  [830s] still running...
  [842s] still running...
  [855s] still running...
  [867s] still running...
  [878s] still running...
  [891s] still running...
  [902s] still running...
  [914s] still running...
  [926s] still running...
  [938s] still running...
  [950s] still running...
  [962s] still running...
  [974s] still running...
  [986s] still running...
  [997s] still running...
  [1009s] still running...
  [1021s] still running...
  [1033s] still running...
  [1045s] still running...
  [1057s] still running...
  [1069s] still running...
  [1081s] still running...
  [1092s] still running...
2026-07-26T15:42:01  no_signature run 1: run_id=9420787750000995318 -> completed
  CSV rows: 300  (expected ≤ 300)
2026-07-26T15:42:16  run 2: scheme order = ['ML-DSA-87', 'SPHINCS+-SHA2-128s-simple', 'ML-DSA-44', 'ECDSA-256', 'RSA-2048', 'ML-DSA-65', 'Falcon-padded-512', 'no_signature']
2026-07-26T15:42:16  [9/40] starting ML-DSA-87 run 2

============================================================
  ML-DSA-87  —  run 2/5
============================================================
  [11s] still running...
  [23s] still running...
  [36s] still running...
  [47s] still running...
  [60s] still running...
  [72s] still running...
  [84s] still running...
  [96s] still running...
  [108s] still running...
  [120s] still running...
  [132s] still running...
  [144s] still running...
  [156s] still running...
  [168s] still running...
  [181s] still running...
  [192s] still running...
  [204s] still running...
  [217s] still running...
  [228s] still running...
  [241s] still running...
  [253s] still running...
  [265s] still running...
  [277s] still running...
  [289s] still running...
  [301s] still running...
  [313s] still running...
  [326s] still running...
  [337s] still running...
  [350s] still running...
  [362s] still running...
  [374s] still running...
  [386s] still running...
  [399s] still running...
  [410s] still running...
  [423s] still running...
  [435s] still running...
  [447s] still running...
  [459s] still running...
  [471s] still running...
  [483s] still running...
  [495s] still running...
  [508s] still running...
  [519s] still running...
  [532s] still running...
  [544s] still running...
  [555s] still running...
  [568s] still running...
  [580s] still running...
  [592s] still running...
  [604s] still running...
  [616s] still running...
  [628s] still running...
  [640s] still running...
  [653s] still running...
  [664s] still running...
  [677s] still running...
  [690s] still running...
  [701s] still running...
  [714s] still running...
  [726s] still running...
  [738s] still running...
  [750s] still running...
  [763s] still running...
  [775s] still running...
  [787s] still running...
  [799s] still running...
  [811s] still running...
  [823s] still running...
  [836s] still running...
  [847s] still running...
  [860s] still running...
  [872s] still running...
  [884s] still running...
  [896s] still running...
  [909s] still running...
  [921s] still running...
  [933s] still running...
  [945s] still running...
  [957s] still running...
  [969s] still running...
  [982s] still running...
  [993s] still running...
  [1006s] still running...
  [1018s] still running...
  [1030s] still running...
  [1042s] still running...
  [1055s] still running...
  [1066s] still running...
  [1079s] still running...
  [1091s] still running...
  [1103s] still running...
2026-07-26T16:00:57  ML-DSA-87 run 2: run_id=12330844848691543311 -> completed
  CSV rows: 600  (expected ≤ 600)
2026-07-26T16:01:12  [10/40] starting SPHINCS+-SHA2-128s-simple run 2

============================================================
  SPHINCS+-SHA2-128s-simple  —  run 2/5
============================================================
  [11s] still running...
  [23s] still running...
  [36s] still running...
  [47s] still running...
  [60s] still running...
  [72s] still running...
  [83s] still running...
  [96s] still running...
  [108s] still running...
  [119s] still running...
  [132s] still running...
  [144s] still running...
  [156s] still running...
  [168s] still running...
  [181s] still running...
  [192s] still running...
  [205s] still running...
  [217s] still running...
  [229s] still running...
  [242s] still running...
  [254s] still running...
  [266s] still running...
  [278s] still running...
  [291s] still running...
  [303s] still running...
  [315s] still running...
  [327s] still running...
  [339s] still running...
  [351s] still running...
  [364s] still running...
  [376s] still running...
  [388s] still running...
  [401s] still running...
  [413s] still running...
  [425s] still running...
  [438s] still running...
  [450s] still running...
  [462s] still running...
  [475s] still running...
  [486s] still running...
  [499s] still running...
  [511s] still running...
  [523s] still running...
  [535s] still running...
  [548s] still running...
  [560s] still running...
  [572s] still running...
  [584s] still running...
  [596s] still running...
  [608s] still running...
  [620s] still running...
  [632s] still running...
  [645s] still running...
  [657s] still running...
  [669s] still running...
  [681s] still running...
  [693s] still running...
  [704s] still running...
  [716s] still running...
  [728s] still running...
  [741s] still running...
  [752s] still running...
  [765s] still running...
  [777s] still running...
  [789s] still running...
  [801s] still running...
  [814s] still running...
  [825s] still running...
  [837s] still running...
  [850s] still running...
  [861s] still running...
  [874s] still running...
  [886s] still running...
  [897s] still running...
  [910s] still running...
  [922s] still running...
  [934s] still running...
  [946s] still running...
  [958s] still running...
  [970s] still running...
  [982s] still running...
  [995s] still running...
  [1006s] still running...
  [1019s] still running...
  [1031s] still running...
  [1043s] still running...
  [1055s] still running...
  [1068s] still running...
  [1079s] still running...
  [1092s] still running...
  [1104s] still running...
  [1116s] still running...
  [1128s] still running...
2026-07-26T16:20:18  SPHINCS+-SHA2-128s-simple run 2: run_id=4265768311548392916 -> completed
  CSV rows: 600  (expected ≤ 600)
2026-07-26T16:20:33  [11/40] starting ML-DSA-44 run 2

============================================================
  ML-DSA-44  —  run 2/5
============================================================
  [11s] still running...
  [23s] still running...
  [36s] still running...
  [47s] still running...
  [59s] still running...
  [72s] still running...
  [83s] still running...
  [96s] still running...
  [108s] still running...
  [119s] still running...
  [132s] still running...
  [144s] still running...
  [156s] still running...
  [168s] still running...
  [180s] still running...
  [192s] still running...
  [204s] still running...
  [216s] still running...
  [228s] still running...
  [240s] still running...
  [253s] still running...
  [264s] still running...
  [276s] still running...
  [289s] still running...
  [300s] still running...
  [313s] still running...
  [325s] still running...
  [337s] still running...
  [349s] still running...
  [362s] still running...
  [373s] still running...
  [385s] still running...
  [398s] still running...
  [409s] still running...
  [422s] still running...
  [434s] still running...
  [446s] still running...
  [458s] still running...
  [470s] still running...
  [482s] still running...
  [494s] still running...
  [507s] still running...
  [518s] still running...
  [530s] still running...
  [543s] still running...
  [554s] still running...
  [567s] still running...
  [579s] still running...
  [590s] still running...
  [602s] still running...
  [614s] still running...
  [626s] still running...
  [638s] still running...
  [651s] still running...
  [662s] still running...
  [675s] still running...
  [686s] still running...
  [698s] still running...
  [710s] still running...
  [722s] still running...
  [734s] still running...
  [746s] still running...
  [758s] still running...
  [770s] still running...
  [782s] still running...
  [795s] still running...
  [806s] still running...
  [818s] still running...
  [831s] still running...
  [842s] still running...
  [855s] still running...
  [867s] still running...
  [878s] still running...
  [891s] still running...
  [903s] still running...
  [914s] still running...
  [927s] still running...
  [939s] still running...
  [951s] still running...
  [963s] still running...
  [976s] still running...
  [987s] still running...
  [1000s] still running...
  [1012s] still running...
  [1023s] still running...
  [1036s] still running...
  [1048s] still running...
  [1060s] still running...
  [1072s] still running...
  [1084s] still running...
  [1096s] still running...
2026-07-26T16:39:07  ML-DSA-44 run 2: run_id=12438056704388745487 -> completed
  CSV rows: 600  (expected ≤ 600)
2026-07-26T16:39:22  [12/40] starting ECDSA-256 run 2

============================================================
  ECDSA-256  —  run 2/5
============================================================
  [11s] still running...
  [24s] still running...
  [36s] still running...
  [47s] still running...
  [60s] still running...
  [72s] still running...
  [84s] still running...
  [96s] still running...
  [108s] still running...
  [120s] still running...
  [132s] still running...
  [144s] still running...
  [156s] still running...
  [168s] still running...
  [180s] still running...
  [192s] still running...
  [204s] still running...
  [217s] still running...
  [228s] still running...
  [240s] still running...
  [253s] still running...
  [264s] still running...
  [276s] still running...
  [289s] still running...
  [300s] still running...
  [313s] still running...
  [325s] still running...
  [337s] still running...
  [349s] still running...
  [361s] still running...
  [373s] still running...
  [385s] still running...
  [397s] still running...
  [409s] still running...
  [421s] still running...
  [433s] still running...
  [445s] still running...
  [457s] still running...
  [469s] still running...
  [481s] still running...
  [493s] still running...
  [505s] still running...
  [517s] still running...
  [529s] still running...
  [542s] still running...
  [553s] still running...
  [566s] still running...
  [578s] still running...
  [589s] still running...
  [601s] still running...
  [614s] still running...
  [625s] still running...
  [638s] still running...
  [650s] still running...
  [661s] still running...
  [673s] still running...
  [686s] still running...
  [697s] still running...
  [710s] still running...
  [722s] still running...
  [734s] still running...
  [746s] still running...
  [758s] still running...
  [770s] still running...
  [782s] still running...
  [795s] still running...
  [806s] still running...
  [818s] still running...
  [831s] still running...
  [842s] still running...
  [855s] still running...
  [867s] still running...
  [878s] still running...
  [891s] still running...
  [903s] still running...
  [915s] still running...
  [927s] still running...
  [939s] still running...
  [951s] still running...
  [963s] still running...
  [975s] still running...
  [987s] still running...
  [999s] still running...
  [1011s] still running...
  [1023s] still running...
  [1035s] still running...
  [1047s] still running...
  [1059s] still running...
  [1071s] still running...
  [1083s] still running...
  [1094s] still running...
2026-07-26T16:57:55  ECDSA-256 run 2: run_id=3791147933591499594 -> completed
  CSV rows: 600  (expected ≤ 600)
2026-07-26T16:58:10  [13/40] starting RSA-2048 run 2

============================================================
  RSA-2048  —  run 2/5
============================================================
  [11s] still running...
  [23s] still running...
  [36s] still running...
  [47s] still running...
  [59s] still running...
  [72s] still running...
  [83s] still running...
  [96s] still running...
  [108s] still running...
  [120s] still running...
  [132s] still running...
  [144s] still running...
  [156s] still running...
  [168s] still running...
  [181s] still running...
  [192s] still running...
  [205s] still running...
  [217s] still running...
  [228s] still running...
  [241s] still running...
  [253s] still running...
  [265s] still running...
  [277s] still running...
  [289s] still running...
  [301s] still running...
  [313s] still running...
  [326s] still running...
  [337s] still running...
  [350s] still running...
  [362s] still running...
  [374s] still running...
  [386s] still running...
  [399s] still running...
  [411s] still running...
  [423s] still running...
  [435s] still running...
  [447s] still running...
  [459s] still running...
  [472s] still running...
  [483s] still running...
  [495s] still running...
  [508s] still running...
  [520s] still running...
  [532s] still running...
  [545s] still running...
  [556s] still running...
  [569s] still running...
  [581s] still running...
  [593s] still running...
  [605s] still running...
  [618s] still running...
  [630s] still running...
  [642s] still running...
  [654s] still running...
  [666s] still running...
  [679s] still running...
  [691s] still running...
  [703s] still running...
  [715s] still running...
  [728s] still running...
  [739s] still running...
  [752s] still running...
  [764s] still running...
  [776s] still running...
  [788s] still running...
  [801s] still running...
  [813s] still running...
  [825s] still running...
  [838s] still running...
  [850s] still running...
  [862s] still running...
  [874s] still running...
  [886s] still running...
  [898s] still running...
  [910s] still running...
  [922s] still running...
  [933s] still running...
  [946s] still running...
  [958s] still running...
  [970s] still running...
  [982s] still running...
  [994s] still running...
  [1006s] still running...
  [1018s] still running...
  [1031s] still running...
  [1042s] still running...
  [1054s] still running...
  [1067s] still running...
  [1078s] still running...
  [1090s] still running...
  [1103s] still running...
  [1114s] still running...
2026-07-26T17:17:02  RSA-2048 run 2: run_id=5418947325898572259 -> completed
  CSV rows: 600  (expected ≤ 600)
2026-07-26T17:17:17  [14/40] starting ML-DSA-65 run 2

============================================================
  ML-DSA-65  —  run 2/5
============================================================
  [11s] still running...
  [24s] still running...
  [36s] still running...
  [47s] still running...
  [60s] still running...
  [72s] still running...
  [84s] still running...
  [96s] still running...
  [109s] still running...
  [120s] still running...
  [132s] still running...
  [145s] still running...
  [157s] still running...
  [169s] still running...
  [181s] still running...
  [193s] still running...
  [205s] still running...
  [217s] still running...
  [229s] still running...
  [241s] still running...
  [254s] still running...
  [265s] still running...
  [278s] still running...
  [290s] still running...
  [302s] still running...
  [314s] still running...
  [327s] still running...
  [339s] still running...
  [351s] still running...
  [363s] still running...
  [375s] still running...
  [388s] still running...
  [400s] still running...
  [411s] still running...
  [424s] still running...
  [436s] still running...
  [448s] still running...
  [460s] still running...
  [473s] still running...
  [484s] still running...
  [497s] still running...
  [509s] still running...
  [521s] still running...
  [533s] still running...
  [545s] still running...
  [557s] still running...
  [569s] still running...
  [582s] still running...
  [593s] still running...
  [605s] still running...
  [618s] still running...
  [630s] still running...
  [642s] still running...
  [654s] still running...
  [666s] still running...
  [678s] still running...
  [691s] still running...
  [702s] still running...
  [715s] still running...
  [727s] still running...
  [739s] still running...
  [751s] still running...
  [763s] still running...
  [775s] still running...
  [787s] still running...
  [800s] still running...
  [811s] still running...
  [824s] still running...
  [836s] still running...
  [848s] still running...
  [860s] still running...
  [872s] still running...
  [884s] still running...
  [896s] still running...
  [909s] still running...
  [920s] still running...
  [932s] still running...
  [945s] still running...
  [956s] still running...
  [969s] still running...
  [981s] still running...
  [992s] still running...
  [1005s] still running...
  [1017s] still running...
  [1029s] still running...
  [1041s] still running...
  [1053s] still running...
  [1065s] still running...
  [1077s] still running...
  [1090s] still running...
  [1101s] still running...
2026-07-26T17:35:57  ML-DSA-65 run 2: run_id=15413211867436862253 -> completed
  CSV rows: 600  (expected ≤ 600)
2026-07-26T17:36:12  [15/40] starting Falcon-padded-512 run 2

============================================================
  Falcon-padded-512  —  run 2/5
============================================================
  [11s] still running...
  [24s] still running...
  [36s] still running...
  [48s] still running...
  [60s] still running...
  [72s] still running...
  [84s] still running...
  [96s] still running...
  [109s] still running...
  [120s] still running...
  [133s] still running...
  [145s] still running...
  [157s] still running...
  [169s] still running...
  [182s] still running...
  [193s] still running...
  [206s] still running...
  [218s] still running...
  [230s] still running...
  [242s] still running...
  [254s] still running...
  [266s] still running...
  [278s] still running...
  [291s] still running...
  [302s] still running...
  [315s] still running...
  [327s] still running...
  [339s] still running...
  [351s] still running...
  [363s] still running...
  [375s] still running...
  [387s] still running...
  [400s] still running...
  [411s] still running...
  [424s] still running...
  [436s] still running...
  [447s] still running...
  [460s] still running...
  [472s] still running...
  [484s] still running...
  [496s] still running...
  [508s] still running...
  [520s] still running...
  [532s] still running...
  [545s] still running...
  [556s] still running...
  [569s] still running...
  [581s] still running...
  [593s] still running...
  [605s] still running...
  [617s] still running...
  [629s] still running...
  [642s] still running...
  [654s] still running...
  [666s] still running...
  [678s] still running...
  [690s] still running...
  [702s] still running...
  [714s] still running...
  [727s] still running...
  [738s] still running...
  [750s] still running...
  [763s] still running...
  [774s] still running...
  [786s] still running...
  [799s] still running...
  [811s] still running...
  [823s] still running...
  [835s] still running...
  [847s] still running...
  [859s] still running...
  [872s] still running...
  [883s] still running...
  [896s] still running...
  [908s] still running...
  [920s] still running...
  [932s] still running...
  [944s] still running...
  [956s] still running...
  [968s] still running...
  [981s] still running...
  [992s] still running...
  [1005s] still running...
  [1017s] still running...
  [1028s] still running...
  [1041s] still running...
  [1053s] still running...
  [1065s] still running...
  [1077s] still running...
  [1089s] still running...
  [1101s] still running...
2026-07-26T17:54:51  Falcon-padded-512 run 2: run_id=11283958146009447132 -> completed
  CSV rows: 600  (expected ≤ 600)
2026-07-26T17:55:06  [16/40] starting no_signature run 2

============================================================
  no_signature  —  run 2/5
============================================================
  [11s] still running...
  [24s] still running...
  [36s] still running...
  [48s] still running...
  [60s] still running...
  [73s] still running...
  [84s] still running...
  [97s] still running...
  [109s] still running...
  [120s] still running...
  [133s] still running...
  [145s] still running...
  [157s] still running...
  [169s] still running...
  [181s] still running...
  [193s] still running...
  [205s] still running...
  [217s] still running...
  [229s] still running...
  [241s] still running...
  [253s] still running...
  [265s] still running...
  [277s] still running...
  [289s] still running...
  [301s] still running...
  [314s] still running...
  [325s] still running...
  [337s] still running...
  [350s] still running...
  [361s] still running...
  [374s] still running...
  [386s] still running...
  [398s] still running...
  [410s] still running...
  [422s] still running...
  [434s] still running...
  [447s] still running...
  [459s] still running...
  [471s] still running...
  [483s] still running...
  [495s] still running...
  [507s] still running...
  [520s] still running...
  [532s] still running...
  [544s] still running...
  [556s] still running...
  [569s] still running...
  [581s] still running...
  [593s] still running...
  [605s] still running...
  [617s] still running...
  [629s] still running...
  [642s] still running...
  [654s] still running...
  [666s] still running...
  [678s] still running...
  [690s] still running...
  [703s] still running...
  [715s] still running...
  [727s] still running...
  [739s] still running...
  [752s] still running...
  [764s] still running...
  [776s] still running...
  [788s] still running...
  [800s] still running...
  [813s] still running...
  [825s] still running...
  [837s] still running...
  [850s] still running...
  [862s] still running...
  [874s] still running...
  [886s] still running...
  [898s] still running...
  [910s] still running...
  [923s] still running...
  [935s] still running...
  [947s] still running...
  [959s] still running...
  [972s] still running...
  [983s] still running...
  [996s] still running...
  [1008s] still running...
  [1020s] still running...
  [1032s] still running...
  [1045s] still running...
  [1056s] still running...
  [1068s] still running...
  [1081s] still running...
  [1092s] still running...
2026-07-26T18:13:37  no_signature run 2: run_id=3648060478265129055 -> completed
  CSV rows: 600  (expected ≤ 600)
2026-07-26T18:13:52  run 3: scheme order = ['no_signature', 'ML-DSA-87', 'RSA-2048', 'ML-DSA-65', 'ECDSA-256', 'Falcon-padded-512', 'SPHINCS+-SHA2-128s-simple', 'ML-DSA-44']
2026-07-26T18:13:52  [17/40] starting no_signature run 3

============================================================
  no_signature  —  run 3/5
============================================================
  [11s] still running...
  [23s] still running...
  [36s] still running...
  [47s] still running...
  [60s] still running...
  [72s] still running...
  [84s] still running...
  [96s] still running...
  [109s] still running...
  [121s] still running...
  [133s] still running...
  [146s] still running...
  [157s] still running...
  [170s] still running...
  [182s] still running...
  [193s] still running...
  [206s] still running...
  [218s] still running...
  [230s] still running...
  [242s] still running...
  [254s] still running...
  [266s] still running...
  [278s] still running...
  [291s] still running...
  [302s] still running...
  [315s] still running...
  [327s] still running...
  [339s] still running...
  [351s] still running...
  [363s] still running...
  [375s] still running...
  [387s] still running...
  [400s] still running...
  [412s] still running...
  [424s] still running...
  [436s] still running...
  [448s] still running...
  [460s] still running...
  [473s] still running...
  [484s] still running...
  [497s] still running...
  [509s] still running...
  [521s] still running...
  [533s] still running...
  [545s] still running...
  [556s] still running...
  [569s] still running...
  [581s] still running...
  [593s] still running...
  [605s] still running...
  [617s] still running...
  [629s] still running...
  [641s] still running...
  [654s] still running...
  [665s] still running...
  [678s] still running...
  [690s] still running...
  [702s] still running...
  [714s] still running...
  [726s] still running...
  [738s] still running...
  [750s] still running...
  [762s] still running...
  [774s] still running...
  [786s] still running...
  [798s] still running...
  [810s] still running...
  [822s] still running...
  [835s] still running...
  [846s] still running...
  [858s] still running...
  [871s] still running...
  [882s] still running...
  [895s] still running...
  [907s] still running...
  [918s] still running...
  [931s] still running...
  [943s] still running...
  [955s] still running...
  [967s] still running...
  [980s] still running...
  [991s] still running...
  [1004s] still running...
  [1016s] still running...
  [1027s] still running...
  [1040s] still running...
  [1052s] still running...
  [1064s] still running...
  [1076s] still running...
  [1088s] still running...
  [1100s] still running...
2026-07-26T18:32:31  no_signature run 3: run_id=1727712474723456250 -> completed
  CSV rows: 900  (expected ≤ 900)
2026-07-26T18:32:46  [18/40] starting ML-DSA-87 run 3

============================================================
  ML-DSA-87  —  run 3/5
============================================================
  [11s] still running...
  [23s] still running...
  [36s] still running...
  [47s] still running...
  [60s] still running...
  [73s] still running...
  [84s] still running...
  [96s] still running...
  [109s] still running...
  [120s] still running...
  [133s] still running...
  [145s] still running...
  [157s] still running...
  [169s] still running...
  [182s] still running...
  [193s] still running...
  [206s] still running...
  [218s] still running...
  [230s] still running...
  [242s] still running...
  [254s] still running...
  [266s] still running...
  [278s] still running...
  [291s] still running...
  [302s] still running...
  [314s] still running...
  [327s] still running...
  [339s] still running...
  [351s] still running...
  [364s] still running...
  [375s] still running...
  [388s] still running...
  [400s] still running...
  [412s] still running...
  [424s] still running...
  [437s] still running...
  [448s] still running...
  [461s] still running...
  [473s] still running...
  [484s] still running...
  [497s] still running...
  [510s] still running...
  [521s] still running...
  [533s] still running...
  [546s] still running...
  [557s] still running...
  [570s] still running...
  [582s] still running...
  [593s] still running...
  [606s] still running...
  [618s] still running...
  [630s] still running...
  [642s] still running...
  [654s] still running...
  [666s] still running...
  [678s] still running...
  [691s] still running...
  [702s] still running...
  [715s] still running...
  [727s] still running...
  [738s] still running...
  [751s] still running...
  [763s] still running...
  [775s] still running...
  [787s] still running...
  [799s] still running...
  [811s] still running...
  [824s] still running...
  [836s] still running...
  [848s] still running...
  [860s] still running...
  [873s] still running...
  [884s] still running...
  [896s] still running...
  [909s] still running...
  [921s] still running...
  [933s] still running...
  [945s] still running...
  [957s] still running...
  [969s] still running...
  [982s] still running...
  [993s] still running...
  [1006s] still running...
  [1018s] still running...
  [1030s] still running...
  [1042s] still running...
  [1055s] still running...
  [1066s] still running...
  [1079s] still running...
  [1091s] still running...
  [1103s] still running...
2026-07-26T18:51:27  ML-DSA-87 run 3: run_id=8717969721371225069 -> completed
  CSV rows: 900  (expected ≤ 900)
2026-07-26T18:51:42  [19/40] starting RSA-2048 run 3

============================================================
  RSA-2048  —  run 3/5
============================================================
  [11s] still running...
  [23s] still running...
  [36s] still running...
  [47s] still running...
  [60s] still running...
  [72s] still running...
  [83s] still running...
  [96s] still running...
  [108s] still running...
  [120s] still running...
  [132s] still running...
  [145s] still running...
  [156s] still running...
  [169s] still running...
  [181s] still running...
  [193s] still running...
  [205s] still running...
  [217s] still running...
  [229s] still running...
  [241s] still running...
  [254s] still running...
  [266s] still running...
  [278s] still running...
  [290s] still running...
  [302s] still running...
  [314s] still running...
  [327s] still running...
  [339s] still running...
  [351s] still running...
  [364s] still running...
  [375s] still running...
  [388s] still running...
  [400s] still running...
  [412s] still running...
  [424s] still running...
  [436s] still running...
  [448s] still running...
  [461s] still running...
  [473s] still running...
  [485s] still running...
  [497s] still running...
  [509s] still running...
  [521s] still running...
  [534s] still running...
  [546s] still running...
  [558s] still running...
  [570s] still running...
  [583s] still running...
  [594s] still running...
  [607s] still running...
  [619s] still running...
  [631s] still running...
  [643s] still running...
  [656s] still running...
  [668s] still running...
  [680s] still running...
  [693s] still running...
  [704s] still running...
  [717s] still running...
  [729s] still running...
  [741s] still running...
  [752s] still running...
  [764s] still running...
  [776s] still running...
  [788s] still running...
  [800s] still running...
  [812s] still running...
  [824s] still running...
  [836s] still running...
  [848s] still running...
  [860s] still running...
  [872s] still running...
  [884s] still running...
  [896s] still running...
  [909s] still running...
  [921s] still running...
  [933s] still running...
  [945s] still running...
  [958s] still running...
  [969s] still running...
  [981s] still running...
  [994s] still running...
  [1005s] still running...
  [1018s] still running...
  [1030s] still running...
  [1041s] still running...
  [1054s] still running...
  [1066s] still running...
  [1078s] still running...
  [1090s] still running...
  [1102s] still running...
  [1114s] still running...
2026-07-26T19:10:34  RSA-2048 run 3: run_id=17252838596909866720 -> completed
  CSV rows: 900  (expected ≤ 900)
2026-07-26T19:10:49  [20/40] starting ML-DSA-65 run 3

============================================================
  ML-DSA-65  —  run 3/5
============================================================
  [11s] still running...
  [23s] still running...
  [35s] still running...
  [47s] still running...
  [59s] still running...
  [72s] still running...
  [83s] still running...
  [95s] still running...
  [108s] still running...
  [119s] still running...
  [131s] still running...
  [144s] still running...
  [155s] still running...
  [168s] still running...
  [180s] still running...
  [191s] still running...
  [204s] still running...
  [216s] still running...
  [228s] still running...
  [240s] still running...
  [253s] still running...
  [264s] still running...
  [276s] still running...
  [289s] still running...
  [300s] still running...
  [313s] still running...
  [325s] still running...
  [337s] still running...
  [349s] still running...
  [361s] still running...
  [373s] still running...
  [385s] still running...
  [397s] still running...
  [409s] still running...
  [421s] still running...
  [433s] still running...
  [445s] still running...
  [457s] still running...
  [470s] still running...
  [481s] still running...
  [494s] still running...
  [506s] still running...
  [517s] still running...
  [530s] still running...
  [542s] still running...
  [553s] still running...
  [566s] still running...
  [578s] still running...
  [590s] still running...
  [602s] still running...
  [614s] still running...
  [626s] still running...
  [638s] still running...
  [650s] still running...
  [662s] still running...
  [674s] still running...
  [686s] still running...
  [697s] still running...
  [710s] still running...
  [722s] still running...
  [733s] still running...
  [746s] still running...
  [758s] still running...
  [769s] still running...
  [782s] still running...
  [794s] still running...
  [805s] still running...
  [817s] still running...
  [829s] still running...
  [841s] still running...
  [854s] still running...
  [866s] still running...
  [878s] still running...
  [891s] still running...
  [903s] still running...
  [915s] still running...
  [927s] still running...
  [940s] still running...
  [952s] still running...
  [965s] still running...
  [976s] still running...
  [989s] still running...
  [1001s] still running...
  [1013s] still running...
  [1025s] still running...
  [1038s] still running...
  [1050s] still running...
  [1062s] still running...
  [1075s] still running...
  [1087s] still running...
2026-07-26T19:29:14  ML-DSA-65 run 3: run_id=15985876984921243705 -> completed
  CSV rows: 900  (expected ≤ 900)
2026-07-26T19:29:29  [21/40] starting ECDSA-256 run 3

============================================================
  ECDSA-256  —  run 3/5
============================================================
  [11s] still running...
  [24s] still running...
  [36s] still running...
  [48s] still running...
  [60s] still running...
  [73s] still running...
  [85s] still running...
  [97s] still running...
  [109s] still running...
  [121s] still running...
  [133s] still running...
  [146s] still running...
  [157s] still running...
  [170s] still running...
  [182s] still running...
  [193s] still running...
  [206s] still running...
  [218s] still running...
  [230s] still running...
  [242s] still running...
  [254s] still running...
  [266s] still running...
  [278s] still running...
  [291s] still running...
  [302s] still running...
  [314s] still running...
  [327s] still running...
  [339s] still running...
  [351s] still running...
  [363s] still running...
  [375s] still running...
  [387s] still running...
  [400s] still running...
  [411s] still running...
  [424s] still running...
  [436s] still running...
  [448s] still running...
  [460s] still running...
  [473s] still running...
  [484s] still running...
  [497s] still running...
  [509s] still running...
  [520s] still running...
  [533s] still running...
  [545s] still running...
  [557s] still running...
  [569s] still running...
  [582s] still running...
  [594s] still running...
  [606s] still running...
  [618s] still running...
  [630s] still running...
  [643s] still running...
  [655s] still running...
  [667s] still running...
  [679s] still running...
  [691s] still running...
  [703s] still running...
  [715s] still running...
  [728s] still running...
  [739s] still running...
  [751s] still running...
  [764s] still running...
  [775s] still running...
  [788s] still running...
  [800s] still running...
  [812s] still running...
  [824s] still running...
  [837s] still running...
  [848s] still running...
  [860s] still running...
  [873s] still running...
  [884s] still running...
  [897s] still running...
  [909s] still running...
  [921s] still running...
  [933s] still running...
  [945s] still running...
  [957s] still running...
  [970s] still running...
  [982s] still running...
  [994s] still running...
  [1006s] still running...
  [1019s] still running...
  [1030s] still running...
  [1042s] still running...
  [1055s] still running...
  [1066s] still running...
  [1079s] still running...
  [1091s] still running...
  [1103s] still running...
2026-07-26T19:48:11  ECDSA-256 run 3: run_id=2090209865181767634 -> completed
  CSV rows: 900  (expected ≤ 900)
2026-07-26T19:48:26  [22/40] starting Falcon-padded-512 run 3

============================================================
  Falcon-padded-512  —  run 3/5
============================================================
  [11s] still running...
  [23s] still running...
  [36s] still running...
  [47s] still running...
  [60s] still running...
  [72s] still running...
  [84s] still running...
  [96s] still running...
  [109s] still running...
  [120s] still running...
  [132s] still running...
  [145s] still running...
  [157s] still running...
  [169s] still running...
  [182s] still running...
  [193s] still running...
  [206s] still running...
  [218s] still running...
  [230s] still running...
  [242s] still running...
  [254s] still running...
  [266s] still running...
  [279s] still running...
  [292s] still running...
  [303s] still running...
  [316s] still running...
  [328s] still running...
  [340s] still running...
  [352s] still running...
  [365s] still running...
  [376s] still running...
  [388s] still running...
  [401s] still running...
  [412s] still running...
  [425s] still running...
  [437s] still running...
  [449s] still running...
  [461s] still running...
  [473s] still running...
  [485s] still running...
  [498s] still running...
  [510s] still running...
  [522s] still running...
  [534s] still running...
  [547s] still running...
  [558s] still running...
  [571s] still running...
  [583s] still running...
  [595s] still running...
  [607s] still running...
  [619s] still running...
  [631s] still running...
  [643s] still running...
  [656s] still running...
  [667s] still running...
  [680s] still running...
  [692s] still running...
  [704s] still running...
  [716s] still running...
  [728s] still running...
  [740s] still running...
  [752s] still running...
  [765s] still running...
  [776s] still running...
  [788s] still running...
  [801s] still running...
  [812s] still running...
  [825s] still running...
  [837s] still running...
  [849s] still running...
  [861s] still running...
  [874s] still running...
  [885s] still running...
  [898s] still running...
  [910s] still running...
  [922s] still running...
  [934s] still running...
  [946s] still running...
  [958s] still running...
  [971s] still running...
  [983s] still running...
  [994s] still running...
  [1007s] still running...
  [1019s] still running...
  [1031s] still running...
  [1043s] still running...
  [1056s] still running...
  [1067s] still running...
  [1080s] still running...
  [1092s] still running...
  [1104s] still running...
2026-07-26T20:07:08  Falcon-padded-512 run 3: run_id=4774813706935696767 -> completed
  CSV rows: 900  (expected ≤ 900)
2026-07-26T20:07:23  [23/40] starting SPHINCS+-SHA2-128s-simple run 3

============================================================
  SPHINCS+-SHA2-128s-simple  —  run 3/5
============================================================
  [11s] still running...
  [23s] still running...
  [36s] still running...
  [47s] still running...
  [60s] still running...
  [72s] still running...
  [84s] still running...
  [96s] still running...
  [108s] still running...
  [120s] still running...
  [132s] still running...
  [145s] still running...
  [156s] still running...
  [169s] still running...
  [181s] still running...
  [193s] still running...
  [205s] still running...
  [218s] still running...
  [230s] still running...
  [242s] still running...
  [255s] still running...
  [267s] still running...
  [279s] still running...
  [292s] still running...
  [304s] still running...
  [316s] still running...
  [329s] still running...
  [341s] still running...
  [353s] still running...
  [365s] still running...
  [377s] still running...
  [390s] still running...
  [402s] still running...
  [414s] still running...
  [426s] still running...
  [439s] still running...
  [450s] still running...
  [462s] still running...
  [474s] still running...
  [486s] still running...
  [498s] still running...
  [511s] still running...
  [523s] still running...
  [534s] still running...
  [546s] still running...
  [559s] still running...
  [570s] still running...
  [582s] still running...
  [595s] still running...
  [606s] still running...
  [619s] still running...
  [631s] still running...
  [643s] still running...
  [655s] still running...
  [667s] still running...
  [679s] still running...
  [692s] still running...
  [704s] still running...
  [716s] still running...
  [728s] still running...
  [740s] still running...
  [752s] still running...
  [765s] still running...
  [777s] still running...
  [789s] still running...
  [801s] still running...
  [813s] still running...
  [825s] still running...
  [838s] still running...
  [850s] still running...
  [862s] still running...
  [874s] still running...
  [887s] still running...
  [898s] still running...
  [911s] still running...
  [923s] still running...
  [935s] still running...
  [948s] still running...
  [960s] still running...
  [972s] still running...
  [985s] still running...
  [997s] still running...
  [1009s] still running...
  [1021s] still running...
  [1034s] still running...
  [1046s] still running...
  [1058s] still running...
  [1071s] still running...
  [1083s] still running...
  [1095s] still running...
  [1108s] still running...
  [1120s] still running...
  [1131s] still running...
2026-07-26T20:26:33  SPHINCS+-SHA2-128s-simple run 3: run_id=13082936415509198206 -> completed
  CSV rows: 900  (expected ≤ 900)
2026-07-26T20:26:48  [24/40] starting ML-DSA-44 run 3

============================================================
  ML-DSA-44  —  run 3/5
============================================================
  [11s] still running...
  [23s] still running...
  [36s] still running...
  [47s] still running...
  [60s] still running...
  [72s] still running...
  [83s] still running...
  [96s] still running...
  [108s] still running...
  [120s] still running...
  [132s] still running...
  [144s] still running...
  [156s] still running...
  [169s] still running...
  [181s] still running...
  [193s] still running...
  [205s] still running...
  [217s] still running...
  [229s] still running...
  [241s] still running...
  [254s] still running...
  [265s] still running...
  [277s] still running...
  [290s] still running...
  [301s] still running...
  [314s] still running...
  [326s] still running...
  [338s] still running...
  [350s] still running...
  [363s] still running...
  [374s] still running...
  [387s] still running...
  [399s] still running...
  [411s] still running...
  [423s] still running...
  [435s] still running...
  [447s] still running...
  [459s] still running...
  [471s] still running...
  [483s] still running...
  [495s] still running...
  [508s] still running...
  [519s] still running...
  [532s] still running...
  [544s] still running...
  [555s] still running...
  [568s] still running...
  [580s] still running...
  [592s] still running...
  [604s] still running...
  [617s] still running...
  [628s] still running...
  [641s] still running...
  [653s] still running...
  [664s] still running...
  [677s] still running...
  [689s] still running...
  [701s] still running...
  [713s] still running...
  [726s] still running...
  [738s] still running...
  [750s] still running...
  [762s] still running...
  [774s] still running...
  [787s] still running...
  [799s] still running...
  [811s] still running...
  [823s] still running...
  [835s] still running...
  [847s] still running...
  [859s] still running...
  [872s] still running...
  [883s] still running...
  [896s] still running...
  [909s] still running...
  [920s] still running...
  [933s] still running...
  [945s] still running...
  [957s] still running...
  [969s] still running...
  [981s] still running...
  [993s] still running...
  [1006s] still running...
  [1018s] still running...
  [1030s] still running...
  [1042s] still running...
  [1055s] still running...
  [1066s] still running...
  [1079s] still running...
  [1091s] still running...
  [1102s] still running...
2026-07-26T20:45:29  ML-DSA-44 run 3: run_id=16320455271500044018 -> completed
  CSV rows: 900  (expected ≤ 900)
2026-07-26T20:45:44  run 4: scheme order = ['SPHINCS+-SHA2-128s-simple', 'ML-DSA-87', 'ECDSA-256', 'ML-DSA-65', 'ML-DSA-44', 'Falcon-padded-512', 'RSA-2048', 'no_signature']
2026-07-26T20:45:44  [25/40] starting SPHINCS+-SHA2-128s-simple run 4

============================================================
  SPHINCS+-SHA2-128s-simple  —  run 4/5
============================================================
  [11s] still running...
  [23s] still running...
  [36s] still running...
  [47s] still running...
  [60s] still running...
  [72s] still running...
  [84s] still running...
  [96s] still running...
  [109s] still running...
  [120s] still running...
  [132s] still running...
  [145s] still running...
  [156s] still running...
  [169s] still running...
  [181s] still running...
  [193s] still running...
  [205s] still running...
  [218s] still running...
  [230s] still running...
  [242s] still running...
  [255s] still running...
  [267s] still running...
  [279s] still running...
  [292s] still running...
  [304s] still running...
  [316s] still running...
  [329s] still running...
  [340s] still running...
  [353s] still running...
  [365s] still running...
  [377s] still running...
  [389s] still running...
  [402s] still running...
  [413s] still running...
  [426s] still running...
  [439s] still running...
  [450s] still running...
  [463s] still running...
  [475s] still running...
  [488s] still running...
  [500s] still running...
  [513s] still running...
  [524s] still running...
  [537s] still running...
  [549s] still running...
  [561s] still running...
  [573s] still running...
  [585s] still running...
  [597s] still running...
  [608s] still running...
  [621s] still running...
  [633s] still running...
  [645s] still running...
  [657s] still running...
  [669s] still running...
  [681s] still running...
  [693s] still running...
  [706s] still running...
  [717s] still running...
  [730s] still running...
  [742s] still running...
  [754s] still running...
  [766s] still running...
  [779s] still running...
  [790s] still running...
  [803s] still running...
  [815s] still running...
  [827s] still running...
  [839s] still running...
  [852s] still running...
  [864s] still running...
  [876s] still running...
  [888s] still running...
  [900s] still running...
  [913s] still running...
  [925s] still running...
  [937s] still running...
  [949s] still running...
  [962s] still running...
  [974s] still running...
  [986s] still running...
  [998s] still running...
  [1011s] still running...
  [1023s] still running...
  [1035s] still running...
  [1047s] still running...
  [1059s] still running...
  [1071s] still running...
  [1083s] still running...
  [1094s] still running...
  [1106s] still running...
  [1119s] still running...
  [1130s] still running...
2026-07-26T21:04:53  SPHINCS+-SHA2-128s-simple run 4: run_id=5007385444073545918 -> completed
  CSV rows: 1200  (expected ≤ 1200)
2026-07-26T21:05:08  [26/40] starting ML-DSA-87 run 4

============================================================
  ML-DSA-87  —  run 4/5
============================================================
  [11s] still running...
  [23s] still running...
  [36s] still running...
  [48s] still running...
  [60s] still running...
  [73s] still running...
  [84s] still running...
  [96s] still running...
  [109s] still running...
  [121s] still running...
  [133s] still running...
  [145s] still running...
  [157s] still running...
  [170s] still running...
  [182s] still running...
  [194s] still running...
  [206s] still running...
  [218s] still running...
  [229s] still running...
  [242s] still running...
  [254s] still running...
  [266s] still running...
  [278s] still running...
  [290s] still running...
  [301s] still running...
  [314s] still running...
  [325s] still running...
  [337s] still running...
  [350s] still running...
  [362s] still running...
  [374s] still running...
  [385s] still running...
  [397s] still running...
  [409s] still running...
  [421s] still running...
  [433s] still running...
  [445s] still running...
  [457s] still running...
  [469s] still running...
  [480s] still running...
  [493s] still running...
  [504s] still running...
  [517s] still running...
  [529s] still running...
  [541s] still running...
  [553s] still running...
  [565s] still running...
  [577s] still running...
  [588s] still running...
  [601s] still running...
  [613s] still running...
  [625s] still running...
  [637s] still running...
  [649s] still running...
  [660s] still running...
  [673s] still running...
  [685s] still running...
  [696s] still running...
  [708s] still running...
  [721s] still running...
  [733s] still running...
  [745s] still running...
  [757s] still running...
  [769s] still running...
  [781s] still running...
  [793s] still running...
  [805s] still running...
  [817s] still running...
  [829s] still running...
  [840s] still running...
  [853s] still running...
  [865s] still running...
  [876s] still running...
  [889s] still running...
  [901s] still running...
  [912s] still running...
  [924s] still running...
  [936s] still running...
  [948s] still running...
  [961s] still running...
  [973s] still running...
  [984s] still running...
  [996s] still running...
  [1008s] still running...
  [1020s] still running...
  [1032s] still running...
  [1045s] still running...
  [1056s] still running...
  [1069s] still running...
  [1081s] still running...
  [1092s] still running...
2026-07-26T21:23:38  ML-DSA-87 run 4: run_id=17768956887738871564 -> completed
  CSV rows: 1200  (expected ≤ 1200)
2026-07-26T21:23:53  [27/40] starting ECDSA-256 run 4

============================================================
  ECDSA-256  —  run 4/5
============================================================
  [11s] still running...
  [23s] still running...
  [36s] still running...
  [47s] still running...
  [60s] still running...
  [72s] still running...
  [84s] still running...
  [96s] still running...
  [109s] still running...
  [120s] still running...
  [133s] still running...
  [145s] still running...
  [157s] still running...
  [169s] still running...
  [182s] still running...
  [193s] still running...
  [206s] still running...
  [218s] still running...
  [229s] still running...
  [242s] still running...
  [254s] still running...
  [266s] still running...
  [278s] still running...
  [291s] still running...
  [302s] still running...
  [315s] still running...
  [327s] still running...
  [339s] still running...
  [351s] still running...
  [363s] still running...
  [374s] still running...
  [387s] still running...
  [399s] still running...
  [411s] still running...
  [423s] still running...
  [435s] still running...
  [447s] still running...
  [460s] still running...
  [472s] still running...
  [483s] still running...
  [495s] still running...
  [507s] still running...
  [519s] still running...
  [531s] still running...
  [543s] still running...
  [555s] still running...
  [567s] still running...
  [579s] still running...
  [592s] still running...
  [604s] still running...
  [616s] still running...
  [628s] still running...
  [640s] still running...
  [652s] still running...
  [665s] still running...
  [677s] still running...
  [689s] still running...
  [701s] still running...
  [714s] still running...
  [726s] still running...
  [738s] still running...
  [750s] still running...
  [762s] still running...
  [774s] still running...
  [787s] still running...
  [799s] still running...
  [811s] still running...
  [824s] still running...
  [835s] still running...
  [848s] still running...
  [860s] still running...
  [872s] still running...
  [885s] still running...
  [897s] still running...
  [909s] still running...
  [921s] still running...
  [933s] still running...
  [945s] still running...
  [958s] still running...
  [970s] still running...
  [982s] still running...
  [995s] still running...
  [1007s] still running...
  [1018s] still running...
  [1031s] still running...
  [1043s] still running...
  [1055s] still running...
  [1067s] still running...
  [1079s] still running...
  [1091s] still running...
2026-07-26T21:42:23  ECDSA-256 run 4: run_id=18408104370656061920 -> completed
  CSV rows: 1200  (expected ≤ 1200)
2026-07-26T21:42:38  [28/40] starting ML-DSA-65 run 4

============================================================
  ML-DSA-65  —  run 4/5
============================================================
  [11s] still running...
  [23s] still running...
  [36s] still running...
  [48s] still running...
  [60s] still running...
  [73s] still running...
  [84s] still running...
  [97s] still running...
  [109s] still running...
  [121s] still running...
  [133s] still running...
  [146s] still running...
  [157s] still running...
  [170s] still running...
  [182s] still running...
  [194s] still running...
  [207s] still running...
  [219s] still running...
  [231s] still running...
  [243s] still running...
  [256s] still running...
  [267s] still running...
  [280s] still running...
  [292s] still running...
  [304s] still running...
  [317s] still running...
  [329s] still running...
  [341s] still running...
  [353s] still running...
  [366s] still running...
  [377s] still running...
  [390s] still running...
  [402s] still running...
  [414s] still running...
  [426s] still running...
  [439s] still running...
  [450s] still running...
  [463s] still running...
  [475s] still running...
  [487s] still running...
  [500s] still running...
  [512s] still running...
  [525s] still running...
  [537s] still running...
  [550s] still running...
  [562s] still running...
  [574s] still running...
  [587s] still running...
  [598s] still running...
  [611s] still running...
  [624s] still running...
  [635s] still running...
  [648s] still running...
  [660s] still running...
  [672s] still running...
  [685s] still running...
  [697s] still running...
  [709s] still running...
  [721s] still running...
  [734s] still running...
  [746s] still running...
  [758s] still running...
  [771s] still running...
  [783s] still running...
  [795s] still running...
  [808s] still running...
  [819s] still running...
  [832s] still running...
  [844s] still running...
  [856s] still running...
  [869s] still running...
  [881s] still running...
  [893s] still running...
  [906s] still running...
  [918s] still running...
  [930s] still running...
  [943s] still running...
  [955s] still running...
  [967s] still running...
  [979s] still running...
  [992s] still running...
  [1004s] still running...
  [1016s] still running...
  [1029s] still running...
  [1041s] still running...
  [1053s] still running...
  [1066s] still running...
  [1078s] still running...
  [1090s] still running...
  [1103s] still running...
  [1115s] still running...
2026-07-26T22:01:31  ML-DSA-65 run 4: run_id=15744095923279057257 -> completed
  CSV rows: 1200  (expected ≤ 1200)
2026-07-26T22:01:46  [29/40] starting ML-DSA-44 run 4

============================================================
  ML-DSA-44  —  run 4/5
============================================================
  [11s] still running...
  [23s] still running...
  [36s] still running...
  [47s] still running...
  [60s] still running...
  [72s] still running...
  [84s] still running...
  [96s] still running...
  [108s] still running...
  [120s] still running...
  [132s] still running...
  [145s] still running...
  [157s] still running...
  [169s] still running...
  [181s] still running...
  [193s] still running...
  [205s] still running...
  [218s] still running...
  [229s] still running...
  [242s] still running...
  [254s] still running...
  [266s] still running...
  [278s] still running...
  [291s] still running...
  [302s] still running...
  [315s] still running...
  [327s] still running...
  [339s] still running...
  [351s] still running...
  [363s] still running...
  [375s] still running...
  [388s] still running...
  [400s] still running...
  [412s] still running...
  [424s] still running...
  [436s] still running...
  [448s] still running...
  [460s] still running...
  [472s] still running...
  [484s] still running...
  [496s] still running...
  [509s] still running...
  [520s] still running...
  [533s] still running...
  [546s] still running...
  [557s] still running...
  [570s] still running...
  [582s] still running...
  [594s] still running...
  [606s] still running...
  [619s] still running...
  [630s] still running...
  [643s] still running...
  [655s] still running...
  [667s] still running...
  [679s] still running...
  [691s] still running...
  [703s] still running...
  [715s] still running...
  [728s] still running...
  [739s] still running...
  [751s] still running...
  [764s] still running...
  [775s] still running...
  [787s] still running...
  [800s] still running...
  [811s] still running...
  [824s] still running...
  [836s] still running...
  [848s] still running...
  [860s] still running...
  [873s] still running...
  [884s] still running...
  [897s] still running...
  [909s] still running...
  [921s] still running...
  [933s] still running...
  [945s] still running...
  [957s] still running...
  [969s] still running...
  [982s] still running...
  [993s] still running...
  [1005s] still running...
  [1018s] still running...
  [1030s] still running...
  [1042s] still running...
  [1054s] still running...
  [1066s] still running...
  [1078s] still running...
  [1091s] still running...
  [1103s] still running...
2026-07-26T22:20:27  ML-DSA-44 run 4: run_id=13742886183266221310 -> completed
  CSV rows: 1200  (expected ≤ 1200)
2026-07-26T22:20:42  [30/40] starting Falcon-padded-512 run 4

============================================================
  Falcon-padded-512  —  run 4/5
============================================================
  [11s] still running...
  [23s] still running...
  [36s] still running...
  [48s] still running...
  [60s] still running...
  [73s] still running...
  [84s] still running...
  [97s] still running...
  [109s] still running...
  [121s] still running...
  [133s] still running...
  [146s] still running...
  [158s] still running...
  [170s] still running...
  [183s] still running...
  [194s] still running...
  [207s] still running...
  [219s] still running...
  [230s] still running...
  [243s] still running...
  [255s] still running...
  [267s] still running...
  [279s] still running...
  [292s] still running...
  [303s] still running...
  [316s] still running...
  [329s] still running...
  [340s] still running...
  [353s] still running...
  [365s] still running...
  [377s] still running...
  [389s] still running...
  [402s] still running...
  [414s] still running...
  [426s] still running...
  [438s] still running...
  [450s] still running...
  [462s] still running...
  [475s] still running...
  [487s] still running...
  [499s] still running...
  [511s] still running...
  [523s] still running...
  [535s] still running...
  [548s] still running...
  [560s] still running...
  [572s] still running...
  [585s] still running...
  [596s] still running...
  [609s] still running...
  [621s] still running...
  [633s] still running...
  [646s] still running...
  [658s] still running...
  [670s] still running...
  [682s] still running...
  [694s] still running...
  [706s] still running...
  [718s] still running...
  [731s] still running...
  [742s] still running...
  [755s] still running...
  [767s] still running...
  [779s] still running...
  [791s] still running...
  [804s] still running...
  [815s] still running...
  [828s] still running...
  [840s] still running...
  [852s] still running...
  [864s] still running...
  [877s] still running...
  [888s] still running...
  [901s] still running...
  [913s] still running...
  [925s] still running...
  [937s] still running...
  [950s] still running...
  [961s] still running...
  [974s] still running...
  [986s] still running...
  [998s] still running...
  [1010s] still running...
  [1023s] still running...
  [1034s] still running...
  [1047s] still running...
  [1059s] still running...
  [1071s] still running...
  [1083s] still running...
  [1096s] still running...
  [1107s] still running...
2026-07-26T22:39:28  Falcon-padded-512 run 4: run_id=1993336523160298423 -> completed
  CSV rows: 1200  (expected ≤ 1200)
2026-07-26T22:39:43  [31/40] starting RSA-2048 run 4

============================================================
  RSA-2048  —  run 4/5
============================================================
  [11s] still running...
  [24s] still running...
  [36s] still running...
  [48s] still running...
  [60s] still running...
  [72s] still running...
  [84s] still running...
  [96s] still running...
  [108s] still running...
  [120s] still running...
  [132s] still running...
  [145s] still running...
  [156s] still running...
  [169s] still running...
  [181s] still running...
  [193s] still running...
  [205s] still running...
  [218s] still running...
  [229s] still running...
  [242s] still running...
  [254s] still running...
  [266s] still running...
  [278s] still running...
  [291s] still running...
  [303s] still running...
  [315s] still running...
  [327s] still running...
  [340s] still running...
  [352s] still running...
  [364s] still running...
  [376s] still running...
  [388s] still running...
  [401s] still running...
  [413s] still running...
  [425s] still running...
  [438s] still running...
  [450s] still running...
  [462s] still running...
  [475s] still running...
  [487s] still running...
  [500s] still running...
  [512s] still running...
  [524s] still running...
  [537s] still running...
  [549s] still running...
  [561s] still running...
  [574s] still running...
  [586s] still running...
  [598s] still running...
  [611s] still running...
  [623s] still running...
  [635s] still running...
  [647s] still running...
  [659s] still running...
  [671s] still running...
  [684s] still running...
  [696s] still running...
  [708s] still running...
  [720s] still running...
  [733s] still running...
  [745s] still running...
  [757s] still running...
  [770s] still running...
  [782s] still running...
  [794s] still running...
  [806s] still running...
  [818s] still running...
  [831s] still running...
  [843s] still running...
  [855s] still running...
  [868s] still running...
  [880s] still running...
  [892s] still running...
  [905s] still running...
  [917s] still running...
  [929s] still running...
  [941s] still running...
  [954s] still running...
  [966s] still running...
  [978s] still running...
  [990s] still running...
  [1002s] still running...
  [1015s] still running...
  [1027s] still running...
  [1039s] still running...
  [1051s] still running...
  [1064s] still running...
  [1076s] still running...
  [1089s] still running...
  [1101s] still running...
  [1113s] still running...
  [1124s] still running...
2026-07-26T22:58:46  RSA-2048 run 4: run_id=9018144307531085230 -> completed
  CSV rows: 1200  (expected ≤ 1200)
2026-07-26T22:59:01  [32/40] starting no_signature run 4

============================================================
  no_signature  —  run 4/5
============================================================
  [11s] still running...
  [24s] still running...
  [36s] still running...
  [48s] still running...
  [60s] still running...
  [72s] still running...
  [84s] still running...
  [96s] still running...
  [109s] still running...
  [120s] still running...
  [133s] still running...
  [145s] still running...
  [157s] still running...
  [169s] still running...
  [181s] still running...
  [193s] still running...
  [205s] still running...
  [217s] still running...
  [229s] still running...
  [241s] still running...
  [252s] still running...
  [264s] still running...
  [277s] still running...
  [288s] still running...
  [300s] still running...
  [313s] still running...
  [325s] still running...
  [337s] still running...
  [350s] still running...
  [362s] still running...
  [374s] still running...
  [386s] still running...
  [398s] still running...
  [411s] still running...
  [423s] still running...
  [435s] still running...
  [448s] still running...
  [460s] still running...
  [472s] still running...
  [485s] still running...
  [497s] still running...
  [509s] still running...
  [521s] still running...
  [534s] still running...
  [545s] still running...
  [558s] still running...
  [570s] still running...
  [582s] still running...
  [594s] still running...
  [607s] still running...
  [618s] still running...
  [631s] still running...
  [643s] still running...
  [655s] still running...
  [667s] still running...
  [679s] still running...
  [691s] still running...
  [703s] still running...
  [716s] still running...
  [728s] still running...
  [740s] still running...
  [752s] still running...
  [764s] still running...
  [776s] still running...
  [789s] still running...
  [801s] still running...
  [813s] still running...
  [826s] still running...
  [837s] still running...
  [849s] still running...
  [862s] still running...
  [873s] still running...
  [886s] still running...
  [898s] still running...
  [910s] still running...
  [922s] still running...
  [935s] still running...
  [946s] still running...
  [959s] still running...
  [971s] still running...
  [983s] still running...
  [995s] still running...
  [1007s] still running...
  [1019s] still running...
  [1031s] still running...
  [1044s] still running...
  [1056s] still running...
  [1068s] still running...
  [1080s] still running...
  [1092s] still running...
2026-07-26T23:17:31  no_signature run 4: run_id=16155624542247049102 -> completed
  CSV rows: 1200  (expected ≤ 1200)
2026-07-26T23:17:46  run 5: scheme order = ['SPHINCS+-SHA2-128s-simple', 'ML-DSA-65', 'Falcon-padded-512', 'ML-DSA-44', 'ML-DSA-87', 'RSA-2048', 'no_signature', 'ECDSA-256']
2026-07-26T23:17:46  [33/40] starting SPHINCS+-SHA2-128s-simple run 5

============================================================
  SPHINCS+-SHA2-128s-simple  —  run 5/5
============================================================
  [11s] still running...
  [23s] still running...
  [36s] still running...
  [47s] still running...
  [60s] still running...
  [72s] still running...
  [84s] still running...
  [97s] still running...
  [109s] still running...
  [121s] still running...
  [133s] still running...
  [145s] still running...
  [157s] still running...
  [169s] still running...
  [182s] still running...
  [193s] still running...
  [205s] still running...
  [218s] still running...
  [229s] still running...
  [242s] still running...
  [254s] still running...
  [266s] still running...
  [278s] still running...
  [291s] still running...
  [303s] still running...
  [315s] still running...
  [328s] still running...
  [339s] still running...
  [352s] still running...
  [364s] still running...
  [377s] still running...
  [389s] still running...
  [402s] still running...
  [413s] still running...
  [426s] still running...
  [438s] still running...
  [450s] still running...
  [463s] still running...
  [475s] still running...
  [487s] still running...
  [499s] still running...
  [512s] still running...
  [524s] still running...
  [536s] still running...
  [549s] still running...
  [560s] still running...
  [573s] still running...
  [585s] still running...
  [597s] still running...
  [610s] still running...
  [622s] still running...
  [634s] still running...
  [647s] still running...
  [659s] still running...
  [670s] still running...
  [683s] still running...
  [696s] still running...
  [708s] still running...
  [720s] still running...
  [733s] still running...
  [745s] still running...
  [758s] still running...
  [770s] still running...
  [782s] still running...
  [794s] still running...
  [807s] still running...
  [819s] still running...
  [831s] still running...
  [843s] still running...
  [855s] still running...
  [867s] still running...
  [878s] still running...
  [890s] still running...
  [902s] still running...
  [915s] still running...
  [927s] still running...
  [939s] still running...
  [951s] still running...
  [964s] still running...
  [975s] still running...
  [988s] still running...
  [1000s] still running...
  [1012s] still running...
  [1024s] still running...
  [1037s] still running...
  [1048s] still running...
  [1061s] still running...
  [1073s] still running...
  [1085s] still running...
  [1098s] still running...
  [1110s] still running...
  [1122s] still running...
2026-07-26T23:36:46  SPHINCS+-SHA2-128s-simple run 5: run_id=14739320347249121094 -> completed
  CSV rows: 1500  (expected ≤ 1500)
2026-07-26T23:37:01  [34/40] starting ML-DSA-65 run 5

============================================================
  ML-DSA-65  —  run 5/5
============================================================
  [11s] still running...
  [24s] still running...
  [36s] still running...
  [48s] still running...
  [60s] still running...
  [73s] still running...
  [84s] still running...
  [97s] still running...
  [109s] still running...
  [121s] still running...
  [133s] still running...
  [145s] still running...
  [157s] still running...
  [170s] still running...
  [182s] still running...
  [193s] still running...
  [205s] still running...
  [218s] still running...
  [229s] still running...
  [242s] still running...
  [254s] still running...
  [266s] still running...
  [278s] still running...
  [290s] still running...
  [302s] still running...
  [314s] still running...
  [326s] still running...
  [338s] still running...
  [350s] still running...
  [362s] still running...
  [374s] still running...
  [386s] still running...
  [398s] still running...
  [409s] still running...
  [422s] still running...
  [434s] still running...
  [446s] still running...
  [458s] still running...
  [470s] still running...
  [482s] still running...
  [494s] still running...
  [506s] still running...
  [518s] still running...
  [530s] still running...
  [542s] still running...
  [554s] still running...
  [567s] still running...
  [578s] still running...
  [590s] still running...
  [603s] still running...
  [614s] still running...
  [626s] still running...
  [638s] still running...
  [650s] still running...
  [663s] still running...
  [675s] still running...
  [687s] still running...
  [699s] still running...
  [711s] still running...
  [723s] still running...
  [736s] still running...
  [748s] still running...
  [760s] still running...
  [772s] still running...
  [785s] still running...
  [797s] still running...
  [810s] still running...
  [822s] still running...
  [834s] still running...
  [846s] still running...
  [859s] still running...
  [870s] still running...
  [883s] still running...
  [895s] still running...
  [907s] still running...
  [920s] still running...
  [933s] still running...
  [945s] still running...
  [957s] still running...
  [969s] still running...
  [982s] still running...
  [994s] still running...
  [1006s] still running...
  [1018s] still running...
  [1031s] still running...
  [1043s] still running...
  [1055s] still running...
  [1067s] still running...
  [1080s] still running...
  [1092s] still running...
2026-07-26T23:55:32  ML-DSA-65 run 5: run_id=12645600930904720231 -> completed
  CSV rows: 1500  (expected ≤ 1500)
2026-07-26T23:55:47  [35/40] starting Falcon-padded-512 run 5

============================================================
  Falcon-padded-512  —  run 5/5
============================================================
  [11s] still running...
  [24s] still running...
  [36s] still running...
  [48s] still running...
  [60s] still running...
  [73s] still running...
  [84s] still running...
  [97s] still running...
  [109s] still running...
  [121s] still running...
  [134s] still running...
  [146s] still running...
  [158s] still running...
  [170s] still running...
  [183s] still running...
  [194s] still running...
  [207s] still running...
  [219s] still running...
  [231s] still running...
  [243s] still running...
  [256s] still running...
  [268s] still running...
  [280s] still running...
  [292s] still running...
  [304s] still running...
  [316s] still running...
  [329s] still running...
  [340s] still running...
  [352s] still running...
  [365s] still running...
  [376s] still running...
  [389s] still running...
  [401s] still running...
  [413s] still running...
  [425s] still running...
  [437s] still running...
  [449s] still running...
  [462s] still running...
  [474s] still running...
  [486s] still running...
  [498s] still running...
  [510s] still running...
  [522s] still running...
  [535s] still running...
  [547s] still running...
  [559s] still running...
  [571s] still running...
  [584s] still running...
  [595s] still running...
  [608s] still running...
  [620s] still running...
  [631s] still running...
  [644s] still running...
  [656s] still running...
  [668s] still running...
  [680s] still running...
  [692s] still running...
  [704s] still running...
  [716s] still running...
  [729s] still running...
  [740s] still running...
  [753s] still running...
  [765s] still running...
  [776s] still running...
  [789s] still running...
  [801s] still running...
  [813s] still running...
  [825s] still running...
  [837s] still running...
  [849s] still running...
  [862s] still running...
  [874s] still running...
  [886s] still running...
  [898s] still running...
  [910s] still running...
  [922s] still running...
  [934s] still running...
  [947s] still running...
  [958s] still running...
  [970s] still running...
  [983s] still running...
  [994s] still running...
  [1006s] still running...
  [1019s] still running...
  [1030s] still running...
  [1043s] still running...
  [1055s] still running...
  [1067s] still running...
  [1079s] still running...
  [1091s] still running...
  [1103s] still running...
2026-07-27T00:14:28  Falcon-padded-512 run 5: run_id=15690272397727716778 -> completed
  CSV rows: 1500  (expected ≤ 1500)
2026-07-27T00:14:43  [36/40] starting ML-DSA-44 run 5

============================================================
  ML-DSA-44  —  run 5/5
============================================================
  [11s] still running...
  [23s] still running...
  [36s] still running...
  [48s] still running...
  [60s] still running...
  [73s] still running...
  [84s] still running...
  [96s] still running...
  [109s] still running...
  [120s] still running...
  [133s] still running...
  [146s] still running...
  [157s] still running...
  [170s] still running...
  [182s] still running...
  [194s] still running...
  [206s] still running...
  [219s] still running...
  [230s] still running...
  [242s] still running...
  [255s] still running...
  [266s] still running...
  [279s] still running...
  [291s] still running...
  [303s] still running...
  [315s] still running...
  [327s] still running...
  [339s] still running...
  [351s] still running...
  [363s] still running...
  [375s] still running...
  [387s] still running...
  [400s] still running...
  [411s] still running...
  [424s] still running...
  [436s] still running...
  [447s] still running...
  [459s] still running...
  [472s] still running...
  [483s] still running...
  [495s] still running...
  [508s] still running...
  [519s] still running...
  [532s] still running...
  [544s] still running...
  [556s] still running...
  [568s] still running...
  [580s] still running...
  [591s] still running...
  [604s] still running...
  [616s] still running...
  [627s] still running...
  [640s] still running...
  [652s] still running...
  [664s] still running...
  [676s] still running...
  [688s] still running...
  [700s] still running...
  [713s] still running...
  [725s] still running...
  [736s] still running...
  [749s] still running...
  [761s] still running...
  [772s] still running...
  [785s] still running...
  [797s] still running...
  [809s] still running...
  [821s] still running...
  [833s] still running...
  [845s] still running...
  [857s] still running...
  [869s] still running...
  [881s] still running...
  [893s] still running...
  [905s] still running...
  [917s] still running...
  [929s] still running...
  [941s] still running...
  [953s] still running...
  [965s] still running...
  [977s] still running...
  [989s] still running...
  [1001s] still running...
  [1014s] still running...
  [1025s] still running...
  [1038s] still running...
  [1050s] still running...
  [1062s] still running...
  [1074s] still running...
  [1086s] still running...
  [1098s] still running...
2026-07-27T00:33:19  ML-DSA-44 run 5: run_id=12387766476527995255 -> completed
  CSV rows: 1500  (expected ≤ 1500)
2026-07-27T00:33:34  [37/40] starting ML-DSA-87 run 5

============================================================
  ML-DSA-87  —  run 5/5
============================================================
  [11s] still running...
  [24s] still running...
  [37s] still running...
  [48s] still running...
  [61s] still running...
  [73s] still running...
  [85s] still running...
  [97s] still running...
  [110s] still running...
  [121s] still running...
  [134s] still running...
  [146s] still running...
  [157s] still running...
  [170s] still running...
  [183s] still running...
  [194s] still running...
  [207s] still running...
  [219s] still running...
  [231s] still running...
  [243s] still running...
  [256s] still running...
  [267s] still running...
  [280s] still running...
  [293s] still running...
  [304s] still running...
  [317s] still running...
  [330s] still running...
  [341s] still running...
  [354s] still running...
  [366s] still running...
  [378s] still running...
  [390s] still running...
  [403s] still running...
  [414s] still running...
  [427s] still running...
  [439s] still running...
  [451s] still running...
  [464s] still running...
  [476s] still running...
  [488s] still running...
  [500s] still running...
  [513s] still running...
  [524s] still running...
  [537s] still running...
  [549s] still running...
  [561s] still running...
  [573s] still running...
  [586s] still running...
  [598s] still running...
  [610s] still running...
  [623s] still running...
  [634s] still running...
  [647s] still running...
  [659s] still running...
  [671s] still running...
  [683s] still running...
  [696s] still running...
  [707s] still running...
  [720s] still running...
  [732s] still running...
  [743s] still running...
  [756s] still running...
  [769s] still running...
  [780s] still running...
  [793s] still running...
  [805s] still running...
  [817s] still running...
  [830s] still running...
  [842s] still running...
  [854s] still running...
  [866s] still running...
  [879s] still running...
  [890s] still running...
  [903s] still running...
  [915s] still running...
  [927s] still running...
  [940s] still running...
  [952s] still running...
  [964s] still running...
  [976s] still running...
  [989s] still running...
  [1000s] still running...
  [1013s] still running...
  [1025s] still running...
  [1037s] still running...
  [1049s] still running...
  [1062s] still running...
  [1073s] still running...
  [1086s] still running...
  [1098s] still running...
  [1110s] still running...
2026-07-27T00:52:22  ML-DSA-87 run 5: run_id=15571340000694235695 -> completed
  CSV rows: 1500  (expected ≤ 1500)
2026-07-27T00:52:37  [38/40] starting RSA-2048 run 5

============================================================
  RSA-2048  —  run 5/5
============================================================
  [11s] still running...
  [24s] still running...
  [36s] still running...
  [48s] still running...
  [60s] still running...
  [73s] still running...
  [84s] still running...
  [97s] still running...
  [109s] still running...
  [120s] still running...
  [133s] still running...
  [145s] still running...
  [157s] still running...
  [170s] still running...
  [182s] still running...
  [194s] still running...
  [206s] still running...
  [219s] still running...
  [231s] still running...
  [243s] still running...
  [256s] still running...
  [268s] still running...
  [280s] still running...
  [293s] still running...
  [304s] still running...
  [317s] still running...
  [330s] still running...
  [341s] still running...
  [354s] still running...
  [366s] still running...
  [379s] still running...
  [391s] still running...
  [404s] still running...
  [415s] still running...
  [428s] still running...
  [440s] still running...
  [452s] still running...
  [465s] still running...
  [477s] still running...
  [490s] still running...
  [502s] still running...
  [515s] still running...
  [527s] still running...
  [539s] still running...
  [551s] still running...
  [563s] still running...
  [576s] still running...
  [589s] still running...
  [600s] still running...
  [613s] still running...
  [625s] still running...
  [638s] still running...
  [650s] still running...
  [662s] still running...
  [674s] still running...
  [687s] still running...
  [700s] still running...
  [712s] still running...
  [724s] still running...
  [737s] still running...
  [749s] still running...
  [761s] still running...
  [774s] still running...
  [786s] still running...
  [798s] still running...
  [811s] still running...
  [823s] still running...
  [835s] still running...
  [848s] still running...
  [859s] still running...
  [872s] still running...
  [885s] still running...
  [896s] still running...
  [909s] still running...
  [921s] still running...
  [933s] still running...
  [946s] still running...
  [958s] still running...
  [970s] still running...
  [982s] still running...
  [995s] still running...
  [1007s] still running...
  [1019s] still running...
  [1032s] still running...
  [1044s] still running...
  [1056s] still running...
  [1069s] still running...
  [1080s] still running...
  [1093s] still running...
  [1106s] still running...
  [1117s] still running...
  [1128s] still running...
2026-07-27T01:11:44  RSA-2048 run 5: run_id=9768014623277812740 -> completed
  CSV rows: 1500  (expected ≤ 1500)
2026-07-27T01:11:59  [39/40] starting no_signature run 5

============================================================
  no_signature  —  run 5/5
============================================================
  [11s] still running...
  [24s] still running...
  [36s] still running...
  [48s] still running...
  [60s] still running...
  [73s] still running...
  [84s] still running...
  [97s] still running...
  [109s] still running...
  [121s] still running...
  [134s] still running...
  [146s] still running...
  [158s] still running...
  [171s] still running...
  [183s] still running...
  [195s] still running...
  [207s] still running...
  [220s] still running...
  [231s] still running...
  [244s] still running...
  [256s] still running...
  [268s] still running...
  [280s] still running...
  [293s] still running...
  [304s] still running...
  [316s] still running...
  [329s] still running...
  [340s] still running...
  [353s] still running...
  [365s] still running...
  [377s] still running...
  [389s] still running...
  [401s] still running...
  [413s] still running...
  [425s] still running...
  [437s] still running...
  [449s] still running...
  [461s] still running...
  [474s] still running...
  [485s] still running...
  [498s] still running...
  [510s] still running...
  [522s] still running...
  [534s] still running...
  [547s] still running...
  [558s] still running...
  [571s] still running...
  [583s] still running...
  [594s] still running...
  [607s] still running...
  [619s] still running...
  [630s] still running...
  [643s] still running...
  [655s] still running...
  [667s] still running...
  [679s] still running...
  [691s] still running...
  [703s] still running...
  [715s] still running...
  [728s] still running...
  [739s] still running...
  [752s] still running...
  [764s] still running...
  [775s] still running...
  [788s] still running...
  [800s] still running...
  [811s] still running...
  [824s] still running...
  [836s] still running...
  [848s] still running...
  [860s] still running...
  [872s] still running...
  [884s] still running...
  [896s] still running...
  [909s] still running...
  [921s] still running...
  [933s] still running...
  [945s] still running...
  [956s] still running...
  [969s] still running...
  [981s] still running...
  [993s] still running...
  [1005s] still running...
  [1017s] still running...
  [1029s] still running...
  [1041s] still running...
  [1053s] still running...
  [1065s] still running...
  [1077s] still running...
  [1089s] still running...
  [1100s] still running...
2026-07-27T01:30:38  no_signature run 5: run_id=1843573231773854624 -> completed
  CSV rows: 1500  (expected ≤ 1500)
2026-07-27T01:30:53  [40/40] starting ECDSA-256 run 5

============================================================
  ECDSA-256  —  run 5/5
============================================================
  [11s] still running...
  [23s] still running...
  [36s] still running...
  [47s] still running...
  [60s] still running...
  [73s] still running...
  [84s] still running...
  [97s] still running...
  [109s] still running...
  [121s] still running...
  [133s] still running...
  [145s] still running...
  [157s] still running...
  [169s] still running...
  [181s] still running...
  [193s] still running...
  [205s] still running...
  [217s] still running...
  [229s] still running...
  [241s] still running...
  [253s] still running...
  [265s] still running...
  [277s] still running...
  [289s] still running...
  [301s] still running...
  [313s] still running...
  [325s] still running...
  [337s] still running...
  [349s] still running...
  [361s] still running...
  [373s] still running...
  [385s] still running...
  [398s] still running...
  [409s] still running...
  [422s] still running...
  [434s] still running...
  [446s] still running...
  [458s] still running...
  [471s] still running...
  [482s] still running...
  [495s] still running...
  [507s] still running...
  [519s] still running...
  [531s] still running...
  [544s] still running...
  [555s] still running...
  [568s] still running...
  [580s] still running...
  [592s] still running...
  [604s] still running...
  [616s] still running...
  [628s] still running...
  [641s] still running...
  [653s] still running...
  [665s] still running...
  [677s] still running...
  [689s] still running...
  [701s] still running...
  [713s] still running...
  [726s] still running...
  [737s] still running...
  [750s] still running...
  [762s] still running...
  [774s] still running...
  [786s] still running...
  [799s] still running...
  [810s] still running...
  [823s] still running...
  [835s] still running...
  [847s] still running...
  [859s] still running...
  [871s] still running...
  [883s] still running...
  [895s] still running...
  [908s] still running...
  [919s] still running...
  [932s] still running...
  [944s] still running...
  [955s] still running...
  [968s] still running...
  [980s] still running...
  [992s] still running...
  [1004s] still running...
  [1016s] still running...
  [1028s] still running...
  [1040s] still running...
  [1052s] still running...
  [1064s] still running...
  [1077s] still running...
  [1089s] still running...
  [1100s] still running...
2026-07-27T01:49:31  ECDSA-256 run 5: run_id=11475105308190114146 -> completed
  CSV rows: 1500  (expected ≤ 1500)

============================================================
All schemes done! Results:
  ECDSA-256.csv: 1500 rows  (expected 1500)
  ECDSA-256_eval.csv: 155 rows  (expected 1500)
  Falcon-padded-512.csv: 1500 rows  (expected 1500)
  Falcon-padded-512_eval.csv: 155 rows  (expected 1500)
  ML-DSA-44.csv: 1500 rows  (expected 1500)
  ML-DSA-44_eval.csv: 155 rows  (expected 1500)
  ML-DSA-65.csv: 1500 rows  (expected 1500)
  ML-DSA-65_eval.csv: 155 rows  (expected 1500)
  ML-DSA-87.csv: 1500 rows  (expected 1500)
  ML-DSA-87_eval.csv: 155 rows  (expected 1500)
  RSA-2048.csv: 1500 rows  (expected 1500)
  RSA-2048_eval.csv: 155 rows  (expected 1500)
  SPHINCS+-SHA2-128s-simple.csv: 1500 rows  (expected 1500)
  SPHINCS+-SHA2-128s-simple_eval.csv: 155 rows  (expected 1500)
  no_signature.csv: 1500 rows  (expected 1500)
  no_signature_eval.csv: 155 rows  (expected 1500)
